date,AAPL,MSFT,GOOGL,AMZN,META,NVDA,TSLA,PLTR,AVGO,MU,GEV,VRT,BE
2013-01-02,0.0,0.0,0.0,0.0,0.0,0.0,0.0,0.0,0.0,0.0,0.0,0.0,0.0
2013-01-03,0.0,0.0,0.0,0.0,0.0,0.0,0.0,0.0,0.0,0.0,0.0,0.0,0.0
2013-01-04,0.0,0.0,0.0,0.0,0.0,0.0,0.0,0.0,0.0,0.0,0.0,0.0,0.0
2013-01-07,0.0,0.0,0.0,0.0,0.0,0.0,0.0,0.0,0.0,0.0,0.0,0.0,0.0
2013-01-08,0.0,0.0,0.0,0.0,0.0,0.0,0.0,0.0,0.0,0.0,0.0,0.0,0.0
2013-01-09,0.0,0.0,0.0,0.0,0.0,0.0,0.0,0.0,0.0,0.0,0.0,0.0,0.0
2013-01-10,0.0,0.0,0.0,0.0,0.0,0.0,0.0,0.0,0.0,0.0,0.0,0.0,0.0
2013-01-11,0.0,0.0,0.0,0.0,0.0,0.0,0.0,0.0,0.0,0.0,0.0,0.0,0.0
2013-01-14,0.0,0.0,0.0,0.0,0.0,0.0,0.0,0.0,0.0,0.0,0.0,0.0,0.0
2013-01-15,0.0,0.0,0.0,0.0,0.0,0.0,0.0,0.0,0.0,0.0,0.0,0.0,0.0
2013-01-16,0.0,0.0,0.0,0.0,0.0,0.0,0.0,0.0,0.0,0.0,0.0,0.0,0.0
2013-01-17,0.0,0.0,0.0,0.0,0.0,0.0,0.0,0.0,0.0,0.0,0.0,0.0,0.0
2013-01-18,0.0,0.0,0.0,0.0,0.0,0.0,0.0,0.0,0.0,0.0,0.0,0.0,0.0
2013-01-22,0.0,0.0,0.0,0.0,0.0,0.0,0.0,0.0,0.0,0.0,0.0,0.0,0.0
2013-01-23,0.0,0.0,0.0,0.0,0.0,0.0,0.0,0.0,0.0,0.0,0.0,0.0,0.0
2013-01-24,0.0,0.0,0.0,0.0,0.0,0.0,0.0,0.0,0.0,0.0,0.0,0.0,0.0
2013-01-25,0.0,0.0,0.0,0.0,0.0,0.0,0.0,0.0,0.0,0.0,0.0,0.0,0.0
2013-01-28,0.0,0.0,0.0,0.0,0.0,0.0,0.0,0.0,0.0,0.0,0.0,0.0,0.0
2013-01-29,0.0,0.0,0.0,0.0,0.0,0.0,0.0,0.0,0.0,0.0,0.0,0.0,0.0
2013-01-30,0.0,0.0,0.0,0.0,0.0,0.0,0.0,0.0,0.0,0.0,0.0,0.0,0.0
2013-01-31,0.0,0.0,0.0,0.0,0.0,0.0,0.0,0.0,0.0,0.0,0.0,0.0,0.0
2013-02-01,0.0,0.0,0.0,0.0,0.0,0.0,0.0,0.0,0.0,0.0,0.0,0.0,0.0
2013-02-04,-2.2092593372535387,-0.449742509089372,0.11489357480907603,0.5489843989455622,1.207341415442855,-0.7472090322953296,-0.22503356031201752,-0.20935582664497787,0.596229591961016,2.00121876437166,-0.20935582664497787,-0.20935582664497787,-0.20935582664497787
2013-02-05,-2.320464045101131,-0.33876774188716036,0.1442969411470571,0.5178249987846729,1.3066672936500496,-0.8215271288484934,-0.015186193020953987,-0.22265553688792897,0.6138786756170946,1.80389934721058,-0.22265553688792897,-0.22265553688792897,-0.22265553688792897
2013-02-06,-2.2714264433432527,-0.16414815806176491,0.05869153022485162,0.5267375354039885,1.157663142491412,-1.1050075663062644,0.1927721586655483,-0.2275440011780654,0.7259664832253789,1.788927322412364,-0.2275440011780654,-0.2275440011780654,-0.2275440011780654
2013-02-07,-2.3307037665212476,-0.05094874931643049,0.06914839579340366,0.3505142275284835,1.0006372318750154,-1.1349233569194326,0.3977166221162916,-0.2294052007956533,0.8853776406184911,1.7308025580080386,-0.2294052007956533,-0.2294052007956533,-0.2294052007956533
2013-02-08,-2.392780099776582,0.025337704268524112,0.0789751243211476,0.22890147123952254,0.8994282418664922,-1.0701577680512835,0.6366210629382775,-0.25370490043558686,0.990999087488268,1.617494777447981,-0.25370490043558686,-0.25370490043558686,-0.25370490043558686
2013-02-11,-2.4505189799268146,0.08147885585551114,0.10045015643939317,0.15883126463088598,0.6382945842041372,-0.950227862012907,0.8778007703526839,-0.2700492690496482,1.0498542663556187,1.5742340203000837,-0.2700492690496482,-0.2700492690496482,-0.2700492690496482
2013-02-12,-2.511376839359352,0.1896543101035566,0.12498486661154713,0.11138769121448257,0.32843156124081,-0.8253060797845301,1.09283202630079,-0.2650269855951234,1.0351917000588846,1.5143087059943048,-0.2650269855951234,-0.2650269855951234,-0.2650269855951234
2013-02-13,-2.536810256625234,0.25141617758812357,0.17647012941281068,0.05436400104337641,0.0031654614942986828,-0.700998636787411,1.3383112251880607,-0.24193958144913413,0.9520896701004488,1.429750554382062,-0.24193958144913413,-0.24193958144913413,-0.24193958144913413
2013-02-14,-2.497643062181685,0.2914405153794062,0.28869924765278343,-0.03363549694624975,-0.19945476238187737,-0.6256907291230288,1.537109554453649,-0.2429680804027308,0.8627400920031468,1.3483069627547786,-0.2429680804027308,-0.2429680804027308,-0.2429680804027308
2013-02-15,-2.4361850152284306,0.27538027248855246,0.3742408760972666,-0.12505015817285528,-0.30691751839506765,-0.5099864251027341,1.663548375881078,-0.27198859681556825,0.8547135202318557,1.2982104594626076,-0.27198859681556825,-0.27198859681556825,-0.27198859681556825
2013-02-19,-2.454218623298875,0.29124198217274505,0.508106516519211,-0.16956545835319464,-0.36690302970272887,-0.40344220483230187,1.7161571043131854,-0.276219583281466,0.7794346190052552,1.2040674273025678,-0.276219583281466,-0.276219583281466,-0.276219583281466
2013-02-20,-2.437958187265116,0.2942197785261619,0.6570444444810432,-0.20555409193806068,-0.42690155733016294,-0.35342022109059634,1.7860322074388295,-0.27750475916430173,0.7021541552090899,1.0944025086260176,-0.27750475916430173,-0.27750475916430173,-0.27750475916430173
2013-02-21,-2.4330137923948243,0.2988693755202964,0.802421360505714,-0.25754523127734474,-0.450980410770394,-0.3013555573449569,1.8310353525536796,-0.27343896313376814,0.6472139927282446,0.9571107630146585,-0.27343896313376814,-0.27343896313376814,-0.27343896313376814
2013-02-22,-2.449969713930486,0.32329910358716407,0.9670609201804655,-0.26733077581331116,-0.5771342848965794,-0.23050531867418436,1.7789176946413439,-0.2491098209682313,0.5972753483521619,0.8548263104263513,-0.2491098209682313,-0.2491098209682313,-0.2491098209682313
2013-02-25,-2.4860220695255064,0.3260479816726412,1.0152139002243064,-0.2507354176271471,-0.6955748865630559,-0.14454624890777978,1.7074533103719798,-0.21750528073191633,0.5705418750009963,0.8276426782812313,-0.21750528073191633,-0.21750528073191633,-0.21750528073191633
2013-02-26,-2.421514120010494,0.33977330007873746,1.0907888016821887,-0.31630067033356557,-0.8757912463647686,-0.09767585117638376,1.6567138337830705,-0.2005119204244852,0.5863955875639466,0.8396580464752105,-0.2005119204244852,-0.2005119204244852,-0.2005119204244852
2013-02-27,-2.290971597077238,0.3448076237760812,1.183219324075269,-0.4644497377513104,-1.0876099920034674,-0.06839358372368173,1.6161344158673892,-0.17301561544398592,0.6015656261119571,0.8577603825009451,-0.17301561544398592,-0.17301561544398592,-0.17301561544398592
2013-02-28,-2.157184096077253,0.3599227960482272,1.2742445702606853,-0.5165222726418853,-1.360496422044266,-0.04877046828320887,1.4900106697000801,-0.13648730509580498,0.6000338697794042,0.9047105736414363,-0.13648730509580498,-0.13648730509580498,-0.13648730509580498
2013-03-01,-2.0981123456087363,0.3390600060287115,1.3280936128886884,-0.4618207661680842,-1.5165977686736603,-0.0036411673686319763,1.3310785330822146,-0.12822338446582346,0.577771621646351,1.0170618120364407,-0.12822338446582346,-0.12822338446582346,-0.12822338446582346
2013-03-04,-2.022861407612153,0.34514630013419445,1.3818119607361579,-0.4843114928079853,-1.6500787958284175,0.06033048259302368,1.1902778564586642,-0.10675410973263842,0.5157294944485031,1.0909720408085661,-0.10675410973263842,-0.10675410973263842,-0.10675410973263842
2013-03-05,-1.9642678933088233,0.37283188235528053,1.4219199237218412,-0.42846187582545253,-1.7550318529374678,0.11394847452300881,1.0570725450579994,-0.09762854553776842,0.3911688291318254,1.181334149432862,-0.09762854553776842,-0.09762854553776842,-0.09762854553776842
2013-03-06,-1.9207826036349143,0.37910459800359736,1.459625236427334,-0.37099447145141373,-1.8135961641120424,0.16053734035298972,0.9360612717209376,-0.09207954738526372,0.27399351095415003,1.2643694712804159,-0.09207954738526372,-0.09207954738526372,-0.09207954738526372
2013-03-07,-1.8893285150694512,0.38233038991198465,1.5091731136602409,-0.3174225498815969,-1.8068267340086193,0.2090508886487401,0.8519770316771065,-0.11865086399653715,0.20378219651159152,1.3318676345361524,-0.11865086399653715,-0.11865086399653715,-0.11865086399653715
2013-03-08,-1.883291826771224,0.39223384114709203,1.5410733984247869,-0.29919575253466635,-1.7663933924624986,0.22084487870004849,0.7701455234698407,-0.1313539155350441,0.14150397741734216,1.4084950147494548,-0.1313539155350441,-0.1313539155350441,-0.1313539155350441
2013-03-11,-1.861440779653793,0.4070223440040016,1.5534058330777905,-0.2434712026411255,-1.7628316366982615,0.25307793720975824,0.6450445751615443,-0.14063136814848157,0.08050159447897268,1.4912168076550387,-0.14063136814848157,-0.14063136814848157,-0.14063136814848157
2013-03-12,-1.8635277652868198,0.4071996991204983,1.5337106664668592,-0.19299420857151026,-1.7135198005117662,0.2705240722334902,0.5163285909865856,-0.1549918376395853,0.050614244517351546,1.611631851603653,-0.1549918376395853,-0.1549918376395853,-0.1549918376395853
2013-03-13,-1.89189050118028,0.39835107181532786,1.4830077620057842,-0.13790965962882998,-1.6550318819262775,0.28554282188726965,0.41800561513675155,-0.15912039242022075,0.019819106086879826,1.7165872354842575,-0.15912039242022075,-0.15912039242022075,-0.15912039242022075
2013-03-14,-1.9265988102582667,0.3696334151630715,1.43259651254439,-0.05590056074814711,-1.6027865432077155,0.27932132374830904,0.3604144675844371,-0.1628861457045224,0.0023375735324315913,1.7925272044595795,-0.1628861457045224,-0.1628861457045224,-0.1628861457045224
2013-03-15,-1.9357601534623268,0.34583141264551176,1.3923493320406155,-0.02775733709417315,-1.531271072743155,0.27972123597148335,0.27670225273802457,-0.17472783597873282,0.009115630545627034,1.8899800432733245,-0.17472783597873282,-0.17472783597873282,-0.17472783597873282
2013-03-18,-1.9133361626355347,0.3318468982937881,1.3678544548958171,-0.05730796113315795,-1.4961470693199075,0.29870479175997233,0.1582107162470194,-0.16945356565698608,0.01647351828904313,1.9715150762309042,-0.16945356565698608,-0.16945356565698608,-0.16945356565698608
2013-03-19,-1.8697883795546704,0.3352354135323313,1.3514789643725618,-0.08497320680710337,-1.4970427397747537,0.2836404354831469,0.06211507371822674,-0.15337768871787077,-0.001422430465549623,2.0342676243672937,-0.15337768871787077,-0.15337768871787077,-0.15337768871787077
2013-03-20,-1.8161418839062173,0.3307077901195647,1.3155603960236055,-0.1053172500924883,-1.4945163691616261,0.2522039471599134,0.0061080201581885565,-0.1485452607339623,-0.007461318938467997,2.1130377115733765,-0.1485452607339623,-0.1485452607339623,-0.1485452607339623
2013-03-21,-1.7531497973811494,0.33001993373307537,1.2718542610942847,-0.1331999156659597,-1.5264297676028071,0.26410626419225247,-0.0978800027325327,-0.13085029220661068,-0.000880095218478264,2.168960288407757,-0.13085029220661068,-0.13085029220661068,-0.13085029220661068
2013-03-22,-1.6729455561950681,0.31982245687618926,1.2393388616603376,-0.16755221098399725,-1.5516622987936066,0.2684811876060681,-0.17984141602058318,-0.12635863096936165,0.023034729928175762,2.2267587697999307,-0.12635863096936165,-0.12635863096936165,-0.12635863096936165
2013-03-25,-1.5848381523700308,0.2964733684197866,1.1565198243435357,-0.2142683509661332,-1.5365741912696458,0.25057181915948756,-0.1557152601333946,-0.15178852653269173,0.05540822401116027,2.339576824936001,-0.15178852653269173,-0.15178852653269173,-0.15178852653269173
2013-03-26,-1.5139427317226857,0.2763237746389304,1.0963363247387543,-0.2497253354562069,-1.5348135506283613,0.22262957162383587,-0.13434021497928256,-0.163844331733343,0.07825871582358276,2.4146507728948055,-0.163844331733343,-0.163844331733343,-0.163844331733343
2013-03-27,-1.4416852372434186,0.25508600170675755,1.0334003967572964,-0.2634575506767805,-1.5482890372046865,0.20298064514601905,-0.0691375963298356,-0.19188902068629557,0.12626274182864197,2.472395718761188,-0.19188902068629557,-0.19188902068629557,-0.19188902068629557
2013-03-28,-1.4003519902809671,0.24105432266980512,0.9658285072629376,-0.2597850462686941,-1.5400372573024628,0.18062245121506285,-0.0034635685562645893,-0.21702385533047744,0.16200690424285513,2.522221098339638,-0.21702385533047744,-0.21702385533047744,-0.21702385533047744
2013-04-01,-1.366645843623355,0.22746836398322803,0.8975350319352238,-0.2618431425274406,-1.527631787552242,0.15998196769837159,0.042034174977855075,-0.23291471340011746,0.19347416184253716,2.5672859268662918,-0.23291471340011746,-0.23291471340011746,-0.23291471340011746
2013-04-02,-1.3578038317575352,0.22102564725536242,0.8486442762403732,-0.2794806265946531,-1.542670903418109,0.11737916695222785,0.2110295748623264,-0.2466064842203676,0.20176892171384572,2.566533711627632,-0.2466064842203676,-0.2466064842203676,-0.2466064842203676
2013-04-03,-1.3181973560535873,0.2112357554158376,0.7990379901760977,-0.2978746707717146,-1.5727061829314257,0.06284070675563172,0.3826802008253144,-0.25994789761800113,0.21329045850166775,2.559484688554183,-0.25994789761800113,-0.25994789761800113,-0.25994789761800113
2013-04-04,-1.260870319807632,0.20402134870825545,0.7491448440340325,-0.34702093663902295,-1.589916723386302,0.019791811927769368,0.4816508171227859,-0.2643538202483517,0.2329441658458198,2.567670273187701,-0.2643538202483517,-0.2643538202483517,-0.2643538202483517
2013-04-05,-1.199256473967307,0.20968084906043394,0.6798405011521572,-0.4120343716838919,-1.6168620456519973,-0.007014214273412073,0.5848138324156459,-0.2611407368896844,0.23615017931284918,2.56924469119426,-0.2611407368896844,-0.2611407368896844,-0.2611407368896844
2013-04-08,-1.12974776506907,0.223495144889455,0.606392662858684,-0.47808113566011534,-1.630755249991173,-0.02068311635143603,0.6426009647587038,-0.25613974828048075,0.22446590781753878,2.5868715798693356,-0.25613974828048075,-0.25613974828048075,-0.25613974828048075
2013-04-09,-1.0659468124213956,0.2331769692312833,0.5348714941357008,-0.5278693928701332,-1.6793719944672987,-0.014449266494737179,0.6972573435185165,-0.24318256327577958,0.21531929600974867,2.5797426164614334,-0.24318256327577958,-0.24318256327577958,-0.24318256327577958
2013-04-10,-1.0108009988241495,0.2743732673896817,0.4652170872020266,-0.5664851288500704,-1.7156111576105568,-0.014208985015387351,0.7230560929098917,-0.2325581228411921,0.19706408599900513,2.5776282281643277,-0.2325581228411921,-0.2325581228411921,-0.2325581228411921
2013-04-11,-0.9570480055573822,0.3276633848580652,0.38854802068493005,-0.5931413083143059,-1.7391777757454217,-0.00817375851800365,0.7384508168967477,-0.22935470901006214,0.1793659608565087,2.58093150087911,-0.22935470901006214,-0.22935470901006214,-0.22935470901006214
2013-04-12,-0.8960035119688579,0.3442244126631669,0.3195333001487147,-0.6263378626622318,-1.7334239966579805,-0.02279466322454291,0.7864817658802099,-0.23194142188230765,0.16411114003433755,2.5919751033164142,-0.23194142188230765,-0.23194142188230765,-0.23194142188230765
2013-04-15,-0.8395488927759686,0.3556578818239351,0.253578943943238,-0.6620161458378605,-1.715304836791879,-0.018346939898322822,0.8471768551916931,-0.23641321446637117,0.1230979598233181,2.601358032387331,-0.23641321446637117,-0.23641321446637117,-0.23641321446637117
2013-04-16,-0.8073840875253072,0.3695840121439903,0.18881059876620496,-0.6653435454833806,-1.7148114222035578,-0.025057794032533814,0.9733748700371085,-0.23511715632747862,0.04814537874202339,2.5731506148653667,-0.23511715632747862,-0.23511715632747862,-0.23511715632747862
2013-04-17,-0.8095381112928609,0.36556665967784274,0.10864518312752303,-0.6348634717138008,-1.6737415023931819,-0.03453445299859935,1.1570980393377606,-0.24989525138040453,-0.009819516600984362,2.5307681783779192,-0.24989525138040453,-0.24989525138040453,-0.24989525138040453
2013-04-18,-0.8803525211630387,0.36740625587209846,0.038790619705955605,-0.5846862539421674,-1.617524368154351,-0.04141421509295374,1.3487555261231383,-0.25054516919480135,-0.08856123485649164,2.459766868287016,-0.25054516919480135,-0.25054516919480135,-0.25054516919480135
2013-04-19,-0.932090485609307,0.365547452523458,-0.0497098744396502,-0.5432631946433253,-1.56989314570773,-0.04473425728263051,1.5620311704915264,-0.24113987122073977,-0.1749782912521208,2.351650110802739,-0.24113987122073977,-0.24113987122073977,-0.24113987122073977
2013-04-22,-0.9835064011048603,0.38220938495197687,-0.11322532518240903,-0.5046581909370471,-1.4890846350438167,-0.05941381641827225,1.750527725837856,-0.23566590198255294,-0.2832810104075234,2.2430958762343076,-0.23566590198255294,-0.23566590198255294,-0.23566590198255294
2013-04-23,-1.0205650405285924,0.41432476078103975,-0.1834571834505074,-0.4454797332460679,-1.3961966608844951,-0.06962757166403259,1.9286438408969961,-0.24043357241096133,-0.38715152344250564,2.1212434011820105,-0.24043357241096133,-0.24043357241096133,-0.24043357241096133
2013-04-24,-1.0702153426369079,0.44531314806591893,-0.23744589483874554,-0.39421117122382854,-1.3063736245188653,-0.06055313128390192,2.1349714811485825,-0.24106328777638614,-0.47537681434245604,1.928144500735749,-0.24106328777638614,-0.24106328777638614,-0.24106328777638614
2013-04-25,-1.1241789588265307,0.5028659611306834,-0.2752373738236442,-0.3499645863897531,-1.198335041930278,-0.029911714355511158,2.289302709508288,-0.25115125468667626,-0.555375348742546,1.7454393721759967,-0.25115125468667626,-0.25115125468667626,-0.25115125468667626
2013-04-26,-1.193585200492264,0.5539082884361326,-0.3076615013725461,-0.29565837332096706,-1.073493587662349,0.0008210016185490346,2.4220440918126624,-0.25577729831591367,-0.6338540342043063,1.5505885084487432,-0.25577729831591367,-0.25577729831591367,-0.25577729831591367
2013-04-29,-1.2252517239777547,0.5999141788543502,-0.3253472284153231,-0.2949580966082528,-0.9597703379212493,0.026652022146919443,2.5304042503680333,-0.25347302527857224,-0.7044704313277899,1.366719467995355,-0.25347302527857224,-0.25347302527857224,-0.25347302527857224
2013-04-30,-1.203255679353318,0.6332969460445715,-0.32565052341109346,-0.32860160850477044,-0.8218062373058014,0.03782640424094862,2.6562175325962256,-0.2596684919093151,-0.7687257226787041,1.1593728560092018,-0.2596684919093151,-0.2596684919093151,-0.2596684919093151
2013-05-01,-1.1654508187291377,0.6940717152314826,-0.3395731920495358,-0.3625968289674938,-0.7158525239757042,0.08309396834732381,2.693223224509596,-0.27433500261934596,-0.8479990884230827,1.058423554533935,-0.27433500261934596,-0.27433500261934596,-0.27433500261934596
2013-05-02,-1.1348054455833052,0.7435270248123323,-0.36624105553784053,-0.39646080708829745,-0.6081497378675107,0.13602196229576446,2.717189896543549,-0.2843837149848494,-0.9180561612700886,0.9645091836347942,-0.2843837149848494,-0.2843837149848494,-0.2843837149848494
2013-05-03,-1.0955615602395403,0.7715320382075719,-0.3851920490704129,-0.4208052549811592,-0.5046499838484312,0.18410996127992288,2.752196309172069,-0.30461357871412154,-0.9474749318396912,0.8642997861761572,-0.30461357871412154,-0.30461357871412154,-0.30461357871412154
2013-05-06,-1.0438387215501244,0.8068161767073057,-0.3711543909544969,-0.4315594375263935,-0.4614128037691594,0.2258915216315947,2.7722473190509827,-0.32331181531709535,-0.981441463957849,0.777699061636521,-0.32331181531709535,-0.32331181531709535,-0.32331181531709535
2013-05-07,-0.9682970127066157,0.8188968582150055,-0.33881830125338147,-0.4378756596404736,-0.46050410279013426,0.235622969489622,2.811844329433682,-0.33984829460931687,-0.9885308365334702,0.6870549342230331,-0.33984829460931687,-0.33984829460931687,-0.33984829460931687
2013-05-08,-0.905277341521719,0.838173971336174,-0.30190348688274554,-0.44478055776103764,-0.45364468268705316,0.25115862899505315,2.8282361003986556,-0.3555688393416523,-1.0132333335797186,0.6235460590689993,-0.3555688393416523,-0.3555688393416523,-0.3555688393416523
2013-05-09,-0.8400552592531201,0.8148131166584675,-0.2592300053998121,-0.4608094493518734,-0.43147105493782606,0.25746045610690904,2.862291378321504,-0.37094624322940356,-1.0201236456950085,0.560909436468375,-0.37094624322940356,-0.37094624322940356,-0.37094624322940356
2013-05-10,-0.7662213275540497,0.7472263236824744,-0.22332218694966383,-0.46916922902234803,-0.4287823958755547,0.2444605889642612,2.9252732820080922,-0.37224172859722887,-1.0062522289093567,0.46575408804506163,-0.37224172859722887,-0.37224172859722887,-0.37224172859722887
2013-05-13,-0.6972519297267219,0.705033263438644,-0.18853958443229896,-0.4828961695983562,-0.4460343516998124,0.24907727198367183,2.966603964130209,-0.3754609018258111,-0.9876126375199339,0.38346378072784276,-0.3754609018258111,-0.3754609018258111,-0.3754609018258111
2013-05-14,-0.6211139844508188,0.6594511478765964,-0.163666990082726,-0.5009456766156932,-0.4440463715212568,0.2190587342629966,3.0,-0.3771723704575289,-0.9510899369580545,0.29512891584259304,-0.3771723704575289,-0.3771723704575289,-0.3771723704575289
2013-05-15,-0.5705520427781966,0.6330963798979837,-0.1402910667848442,-0.5093365827791905,-0.4367310165082172,0.20701544097999425,3.0,-0.38848375480586866,-0.9171943988489258,0.24560721011358264,-0.38848375480586866,-0.38848375480586866,-0.38848375480586866
2013-05-16,-0.5436988237723759,0.6167087218446002,-0.10958805336454705,-0.5175153078463796,-0.4371198887628676,0.20239555560103034,3.0,-0.3941649403521833,-0.8923732070684878,0.1993095592097841,-0.3941649403521833,-0.3941649403521833,-0.3941649403521833
2013-05-17,-0.4974634358761331,0.5897587720455747,-0.09222101902930924,-0.5277372513174367,-0.4439430383071747,0.19379783581343302,3.0,-0.40931875554299524,-0.8421618274673904,0.17968598541360098,-0.40931875554299524,-0.40931875554299524,-0.40931875554299524
2013-05-20,-0.4586581459341256,0.5745632585120535,-0.0707594457259486,-0.5287549198769724,-0.4431271671929961,0.1972660482570857,3.0,-0.4327310204964737,-0.7975046854556203,0.17161401232253423,-0.4327310204964737,-0.4327310204964737,-0.4327310204964737
2013-05-21,-0.4133537424178239,0.5546833684532855,-0.06501294780437143,-0.5298980288902387,-0.44348691876406454,0.20041540898769156,3.0,-0.4522276084972205,-0.7534153981692395,0.1626126651175018,-0.4522276084972205,-0.4522276084972205,-0.4522276084972205
2013-05-22,-0.3826534240919339,0.5301419471612268,-0.056469305166272625,-0.5348834783361034,-0.44853056618904125,0.21327893605679496,3.0,-0.4674047146513514,-0.7151612368303027,0.16144868762805295,-0.4674047146513514,-0.4674047146513514,-0.4674047146513514
2013-05-23,-0.3526988652646306,0.5187435154293341,-0.04825763194400116,-0.5475945775591401,-0.4572415108452953,0.21301720243983402,3.0,-0.4737805957321961,-0.6911255617788831,0.15371941293814115,-0.4737805957321961,-0.4737805957321961,-0.4737805957321961
2013-05-24,-0.31983723465650254,0.48441176612269066,-0.04523826884253471,-0.5573565742469003,-0.4664947704762831,0.20365354021321513,3.0,-0.47683172974674154,-0.6703658433055294,0.16314354085134045,-0.47683172974674154,-0.47683172974674154,-0.47683172974674154
2013-05-28,-0.28903814714742854,0.4526816350391692,-0.04135221085631665,-0.575082294170667,-0.47904813584680367,0.1908040636931801,3.0,-0.47624744001164254,-0.6511275133033675,0.17439964119235776,-0.47624744001164254,-0.47624744001164254,-0.47624744001164254
2013-05-29,-0.27286108608466314,0.4176134133032493,-0.03922390628484609,-0.5573291362287278,-0.5041888401218487,0.17165662301955018,3.0,-0.47739564657897443,-0.6234993831147524,0.18352602284883332,-0.47739564657897443,-0.47739564657897443,-0.47739564657897443
2013-05-30,-0.2652267497229326,0.387880138535041,-0.041507271659454656,-0.5340850243638723,-0.5391909345679545,0.15888717092293625,3.0,-0.4780307750174871,-0.6020854486161444,0.20795163384434723,-0.4780307750174871,-0.4780307750174871,-0.4780307750174871
2013-05-31,-0.2674112754357616,0.3539738184064445,-0.04659329535243845,-0.5178252984136852,-0.5717669671689333,0.1440186201480176,3.0,-0.48026919462662176,-0.5512814172544415,0.23066718400880368,-0.48026919462662176,-0.48026919462662176,-0.48026919462662176
2013-06-03,-0.2726919171395512,0.3279284387032395,-0.04933895785617868,-0.49559783735669527,-0.6017102921437724,0.13149858631208733,3.0,-0.4857615958319108,-0.5026427564671148,0.2545021080035531,-0.4857615958319108,-0.4857615958319108,-0.4857615958319108
2013-06-04,-0.27991885180877674,0.3108260315235416,-0.048666856709906336,-0.4742495861824337,-0.6516298780890228,0.12081505300045729,3.0,-0.486476240913076,-0.46310495686828773,0.2826185983307826,-0.486476240913076,-0.486476240913076,-0.486476240913076
2013-06-05,-0.2869151394786616,0.28773706820217754,-0.053575867559443734,-0.4593532542486388,-0.693408021776449,0.11138403077719758,3.0,-0.4856841373492976,-0.4155619451219083,0.3028549390307753,-0.4856841373492976,-0.4856841373492976,-0.4856841373492976
2013-06-06,-0.3028196778633266,0.2665061516005829,-0.061390931262919037,-0.43959174726057026,-0.7299255989552329,0.10336441942017231,3.0,-0.4833021671554049,-0.380629803994724,0.32987628992059403,-0.4833021671554049,-0.4833021671554049,-0.4833021671554049
2013-06-07,-0.3211096127041858,0.24568475538653353,-0.06989367294126313,-0.42383756532746486,-0.7509216177946824,0.09598074807087417,3.0,-0.48208879960217543,-0.34696806037201594,0.35222801911652113,-0.48208879960217543,-0.48208879960217543,-0.48208879960217543
2013-06-10,-0.3402719650153816,0.2318264142152571,-0.08128516921198893,-0.4016869785197975,-0.772283288143297,0.08543053449798627,3.0,-0.4801476174439742,-0.319128907523053,0.37215398572600156,-0.4801476174439742,-0.4801476174439742,-0.4801476174439742
2013-06-11,-0.3573191578952317,0.23054689843449552,-0.08442788812513505,-0.3824355572296712,-0.7933192981860657,0.08120289731472168,3.0,-0.48267292191592553,-0.2994661856040256,0.39738313442361545,-0.48267292191592553,-0.48267292191592553,-0.48267292191592553
2013-06-12,-0.3717044613079947,0.23606627830021287,-0.0879312210455636,-0.3686458269659788,-0.8169837822944239,0.06672973816265074,3.0,-0.48392300811034167,-0.28033984177263815,0.4294765289963597,-0.48392300811034167,-0.48392300811034167,-0.48392300811034167
2013-06-13,-0.3908367484247443,0.24650753860200597,-0.08948108396582334,-0.3576520179432531,-0.8542202915583573,0.06260473645041852,3.0,-0.4865687892033444,-0.25521659148711856,0.4731477294657291,-0.4865687892033444,-0.4865687892033444,-0.4865687892033444
2013-06-14,-0.39916427124498394,0.24409465379183695,-0.09630995274044288,-0.352069821388281,-0.8941225930730632,0.05518802630813882,3.0,-0.48877210115099007,-0.21961394666862613,0.5240439625002106,-0.48877210115099007,-0.48877210115099007,-0.48877210115099007
2013-06-17,-0.39379114433668294,0.2388044890835553,-0.11455186675865692,-0.3451576673122593,-0.930944993900727,0.04273026041994695,3.0,-0.48923245513193303,-0.18423832743653698,0.5658215866579184,-0.48923245513193303,-0.48923245513193303,-0.48923245513193303
2013-06-18,-0.3916110883131785,0.23772496668270202,-0.12699001422654455,-0.3353945667076139,-0.9679723415117767,0.03364658486582704,3.0,-0.4937120246509872,-0.1479269295092944,0.6160933877799598,-0.4937120246509872,-0.4937120246509872,-0.4937120246509872
2013-06-19,-0.38704027739530733,0.22705414562344176,-0.13708940640287318,-0.3290978772924078,-1.0032616125510145,0.01519927239694701,3.0,-0.49650236769984574,-0.10620912250857242,0.6703193723167116,-0.49650236769984574,-0.49650236769984574,-0.49650236769984574
2013-06-20,-0.3960938208030833,0.2080555272003695,-0.14774901003770502,-0.3220320101938931,-1.031228107591002,0.004483288588720413,3.0,-0.49829858469158095,-0.0662350567215244,0.7308350936319284,-0.49829858469158095,-0.49829858469158095,-0.49829858469158095
2013-06-21,-0.4007548486152643,0.18623722036849155,-0.15850369149803617,-0.31778204276305716,-1.057587151730978,-0.01568242267730257,2.9943331112989924,-0.49466186801224893,-0.03509345731317241,0.7834807549793226,-0.49466186801224893,-0.49466186801224893,-0.49466186801224893
2013-06-24,-0.412959376192547,0.15777420040378698,-0.1697223258214137,-0.3089952234567752,-1.075806477498502,-0.028431933799387334,2.964553533023822,-0.4972185519496004,-0.0004618067851400879,0.8629236179245577,-0.4972185519496004,-0.4972185519496004,-0.4972185519496004
2013-06-25,-0.4295436455408171,0.14365902899801997,-0.17718891165039563,-0.2977940536185313,-1.1029916845231365,-0.04971656689882253,2.934269430877824,-0.49696767323890473,0.04191309824777809,0.925263997063699,-0.49696767323890473,-0.49696767323890473,-0.49696767323890473
2013-06-26,-0.4538204787982784,0.1270133260667409,-0.18262041474409368,-0.28417762537725577,-1.1219484235438535,-0.06736505309359297,2.898745113503146,-0.4999663187274526,0.08906106860223083,0.9949777622947676,-0.4999663187274526,-0.4999663187274526,-0.4999663187274526
2013-06-27,-0.4841708541696458,0.11289395583336437,-0.18944988380318903,-0.26892598295350084,-1.1464226576454868,-0.0819064870907156,2.8436119554708257,-0.5054332310720736,0.1428291795047159,1.0932736991419265,-0.5054332310720736,-0.5054332310720736,-0.5054332310720736
2013-06-28,-0.5276618471360699,0.09556937011639381,-0.19407773524694477,-0.25144899823049427,-1.1472487067714172,-0.10073235835177743,2.7937189684764276,-0.5112595280886816,0.1950756492204031,1.181843770278205,-0.5112595280886816,-0.5112595280886816,-0.5112595280886816
2013-07-01,-0.5748377211707161,0.08131448388784758,-0.18941713127145618,-0.22922516291213627,-1.1555148676840032,-0.12375186533186242,2.747493754675435,-0.5075757903723552,0.20889338751433678,1.2653482837819754,-0.5075757903723552,-0.5075757903723552,-0.5075757903723552
2013-07-02,-0.6101247076294533,0.05679942197531102,-0.1850704716466714,-0.20854392269012978,-1.1478702158049479,-0.14924836486014453,2.7199739456879786,-0.5027459565090082,0.21102281196257305,1.324045329041517,-0.5027459565090082,-0.5027459565090082,-0.5027459565090082
2013-07-03,-0.6390566730648111,0.013255324113222545,-0.18378075144001185,-0.1855185243940343,-1.1274359498919069,-0.17840265954875142,2.702735117442021,-0.4978993278909295,0.22036930565131493,1.3694321226966752,-0.4978993278909295,-0.4978993278909295,-0.4978993278909295
2013-07-05,-0.670984089316053,-0.02183471079002362,-0.17982522694908157,-0.16110029419685862,-1.1002049684193405,-0.2082125377651582,2.6793543681650425,-0.4962744219972056,0.22590532560897766,1.4219998216513177,-0.4962744219972056,-0.4962744219972056,-0.4962744219972056
2013-07-08,-0.7061206610960401,-0.055735245813999766,-0.1793576080490021,-0.14245235266363176,-1.0620390103132604,-0.22559048465610562,2.6618106752941726,-0.49767821645964283,0.2394838879932107,1.4607136651432284,-0.49767821645964283,-0.49767821645964283,-0.49767821645964283
2013-07-09,-0.7355102612175108,-0.09076552902527847,-0.1774662291850041,-0.11472332004444269,-1.0243002903822438,-0.24754981844764168,2.6512076961313333,-0.4987503758670713,0.24730422594471912,1.486805029694354,-0.4987503758670713,-0.4987503758670713,-0.4987503758670713
2013-07-10,-0.7639317347354044,-0.12643687994275923,-0.17871854174038068,-0.09493196019336676,-0.9848576351117324,-0.26875708920823715,2.6474542483507966,-0.4975679548551841,0.2603907971446866,1.500060614857134,-0.4975679548551841,-0.4975679548551841,-0.4975679548551841
2013-07-11,-0.7880137855826265,-0.15424824359475117,-0.18457889386215662,-0.08014770143696852,-0.9535624919529813,-0.2842934463230008,2.6524169734958285,-0.49676081597590455,0.2901583889008891,1.4893124642593858,-0.49676081597590455,-0.49676081597590455,-0.49676081597590455
2013-07-12,-0.8093240406761688,-0.18011488893729197,-0.18816553501054847,-0.05006474817991036,-0.9121543610132862,-0.29440728110335634,2.6686123670710686,-0.5023672896349769,0.31768084218049064,1.4574068042089106,-0.5023672896349769,-0.5023672896349769,-0.5023672896349769
2013-07-15,-0.830309541736433,-0.2142368037984029,-0.1897963943924222,-0.004271231585621341,-0.8700110243540512,-0.2995058864668534,2.674862485230264,-0.5119027220160015,0.3458331942015457,1.43504609096598,-0.5119027220160015,-0.5119027220160015,-0.5119027220160015
2013-07-16,-0.8563561376920965,-0.2326937269250933,-0.18892951658803686,0.03692683430147952,-0.8224302278504753,-0.3155087175493644,2.6884164657340137,-0.516282474666819,0.3465854624421332,1.4091194627947148,-0.516282474666819,-0.516282474666819,-0.516282474666819
2013-07-17,-0.8829400183249074,-0.2469662139596272,-0.18883416253181834,0.08879864628834437,-0.7783968911673533,-0.33188324100704286,2.6681591308810058,-0.5283622541338097,0.3588706432321954,1.4266411231244418,-0.5283622541338097,-0.5283622541338097,-0.5283622541338097
2013-07-18,-0.9124421550454205,-0.271825169174563,-0.19188280147708323,0.1395020155273715,-0.7264722424662605,-0.3513549488342705,2.6693667582827696,-0.5314574754277369,0.35506853460587107,1.4158699102925338,-0.5314574754277369,-0.5314574754277369,-0.5314574754277369
2013-07-19,-0.9397768684424264,-0.29222606514685456,-0.20349157287709652,0.18226438430214498,-0.68334931093276,-0.36432772691925713,2.6831548979523894,-0.5262758188526995,0.32954784475443233,1.3933076927202253,-0.5262758188526995,-0.5262758188526995,-0.5262758188526995
2013-07-22,-0.9578524834638538,-0.34641969099540443,-0.21002202386742247,0.2420345788737563,-0.6395793619540693,-0.4024411506139917,2.6949265628768724,-0.5160223941341571,0.3201540541398432,1.363289091540898,-0.5160223941341571,-0.5160223941341571,-0.5160223941341571
2013-07-23,-0.9671375254641872,-0.37979970053623746,-0.21166343537588214,0.2970944407355625,-0.5867066891656262,-0.4355765076464247,2.7081278547685748,-0.515428676291907,0.31062555698112715,1.3267507108707208,-0.515428676291907,-0.515428676291907,-0.515428676291907
2013-07-24,-0.972691861465478,-0.41206645401808556,-0.21010967454830912,0.35628505959139983,-0.5443233160767472,-0.4621195083791532,2.7319828800715453,-0.5125682288336001,0.29868222027160224,1.2646335698876268,-0.5125682288336001,-0.5125682288336001,-0.5125682288336001
2013-07-25,-0.9527650677482384,-0.4556549099197791,-0.2075580013940647,0.41707892948109615,-0.4870077016042883,-0.4792877079668672,2.751776967277675,-0.520699658344183,0.28736485769192904,1.2088512675592695,-0.520699658344183,-0.520699658344183,-0.520699658344183
2013-07-26,-0.9429366959905889,-0.5175700139710173,-0.2210962177542307,0.48087004453631593,-0.29967057679902015,-0.5088454672085537,2.7744397065938804,-0.5393841423669333,0.258236901171525,1.134108888889422,-0.5393841423669333,-0.5393841423669333,-0.5393841423669333
2013-07-29,-0.9120894781813123,-0.5899915946748254,-0.2387670350963004,0.5374034413677342,-0.09337716902999445,-0.5335343009440022,2.8077263388072087,-0.5534633469047114,0.22597053383032753,1.0105126515400094,-0.5534633469047114,-0.5534633469047114,-0.5534633469047114
2013-07-30,-0.8536753700432392,-0.6666887026384289,-0.2574084658029936,0.5775961230373511,0.1364403325801329,-0.5498813195348702,2.837004478427431,-0.56720011357404,0.18804278675844116,0.8573705915123357,-0.56720011357404,-0.56720011357404,-0.56720011357404
2013-07-31,-0.7826249528470692,-0.7379874371311691,-0.2772499798056833,0.606075387542344,0.41218394466696157,-0.5581767017858205,2.8386825210937374,-0.5831445807358812,0.13922432387858458,0.6924512173316387,-0.5831445807358812,-0.5831445807358812,-0.5831445807358812
2013-08-01,-0.7274432284246255,-0.8042435919659335,-0.29879643626625113,0.6279927430121566,0.6915946689528956,-0.5635382791993495,2.796872079227862,-0.592031322371538,0.08669543039729964,0.5589919037520965,-0.592031322371538,-0.592031322371538,-0.592031322371538
2013-08-02,-0.6757353976642394,-0.8586853863926661,-0.3068202645452862,0.6420992911644845,1.0039073200591035,-0.5577960924467793,2.7131356915630693,-0.6004381375594595,0.020937226209964226,0.42071016229018743,-0.6004381375594595,-0.6004381375594595,-0.6004381375594595
2013-08-05,-0.6107567137065593,-0.8983692068272116,-0.3115571349573189,0.641956228814031,1.2915596898061934,-0.5433625256334293,2.6095324343937185,-0.60281515917512,-0.05296902984513024,0.2852268946561874,-0.60281515917512,-0.60281515917512,-0.60281515917512
2013-08-06,-0.5215263894069287,-0.9335123042125355,-0.31715514763656144,0.6174653474057834,1.5655522042085717,-0.5289956960405876,2.4817744609536034,-0.5998954641494431,-0.131298629333206,0.16727801065963402,-0.5998954641494431,-0.5998954641494431,-0.5998954641494431
2013-08-07,-0.4336394695809958,-0.9713688027006974,-0.33431610244051224,0.5877722704838281,1.8025087063012402,-0.5183880901402061,2.33444512363203,-0.5931413131003493,-0.1737772633577888,0.07932888020450116,-0.5931413131003493,-0.5931413131003493,-0.5931413131003493
2013-08-08,-0.3585695209316751,-1.005457545678202,-0.34926625448583687,0.5544268700169199,2.022189149497679,-0.5081367832506537,2.158697501789441,-0.587107435985064,-0.20765096587234386,0.04219729285492795,-0.587107435985064,-0.587107435985064,-0.587107435985064
2013-08-09,-0.28952062000222295,-1.0211306632928905,-0.3652191963367837,0.49647425618483826,2.1523236013244844,-0.5021656384934472,2.0514403280849574,-0.577224833999391,-0.25668558530751395,0.04338285383614298,-0.577224833999391,-0.577224833999391,-0.577224833999391
2013-08-12,-0.23685338017278493,-1.0470584952605617,-0.38112773374247055,0.43632596817234454,2.2648971023232582,-0.49374104987014467,1.9483274031437545,-0.5585990287074476,-0.3034242162414099,0.047050516477805525,-0.5585990287074476,-0.5585990287074476,-0.5585990287074476
2013-08-13,-0.16998826899462682,-1.065717757309717,-0.3985164865521819,0.366974362830351,2.371188645396175,-0.4925355066250376,1.8421778430979712,-0.5393878583548446,-0.3423655291554797,0.046334130731924716,-0.5393878583548446,-0.5393878583548446,-0.5393878583548446
2013-08-14,-0.09505137404921214,-1.0981433773593927,-0.4184919939392754,0.3029949873461556,2.449396761489798,-0.4884421185719907,1.7450090542215633,-0.5246677839697489,-0.3605368757544071,0.061936072495756896,-0.5246677839697489,-0.5246677839697489,-0.5246677839697489
2013-08-15,-0.031513415385101336,-1.1187913039952577,-0.43136168413975956,0.23105503479816794,2.4801482916866355,-0.4657732531328802,1.7149669792685673,-0.5091897051362687,-0.39802400580023833,0.056052177244941194,-0.5091897051362687,-0.5091897051362687,-0.5091897051362687
2013-08-16,0.03693767074040596,-1.1348940534081569,-0.4452122824028852,0.1621875496043966,2.522459138960875,-0.43513739643612176,1.6658333961055025,-0.49077264686321737,-0.44105911780961327,0.031975682098467455,-0.49077264686321737,-0.49077264686321737,-0.49077264686321737
2013-08-19,0.0954043285017333,-1.1420823114182044,-0.4574896169930321,0.10231451782761435,2.560845863696085,-0.40379567080249346,1.6184986204486835,-0.4778123239417509,-0.461564173265727,-0.0008822622276559602,-0.4778123239417509,-0.4778123239417509,-0.4778123239417509
2013-08-20,0.16021483750683407,-1.0961194355079058,-0.4651775719275379,0.03673060469353897,2.605713800878071,-0.37747869451480376,1.5740258990822193,-0.4743791597593744,-0.4928704130828702,-0.04752238809004767,-0.4743791597593744,-0.4743791597593744,-0.4743791597593744
2013-08-21,0.21298861225566393,-1.0586965449502914,-0.4797026418641288,-0.017665565750824144,2.6457440222851276,-0.3470954730670552,1.52692715781673,-0.46938455802478246,-0.5112280916454418,-0.09373324298064994,-0.46938455802478246,-0.46938455802478246,-0.46938455802478246
2013-08-22,0.27396886910129764,-1.0221912893303116,-0.49078682732955037,-0.06998718096955929,2.6795068347283073,-0.3253020120016661,1.4788499899145824,-0.464286200368915,-0.529781745917904,-0.13713183671953616,-0.464286200368915,-0.464286200368915,-0.464286200368915
2013-08-23,0.30142408183230934,-0.9868983133679947,-0.5042642326263167,-0.11485717606300612,2.6938860409249075,-0.3044811623703768,1.4630127261171835,-0.4635163061122118,-0.5437602723927185,-0.14999646760514018,-0.4635163061122118,-0.4635163061122118,-0.4635163061122118
2013-08-26,0.34541448189649243,-0.9409912269546131,-0.5196351665889861,-0.16237902855384487,2.668405229537511,-0.289344919017791,1.5056847677811205,-0.46950662068061244,-0.5646684050203329,-0.1644592503571075,-0.46950662068061244,-0.46950662068061244,-0.46950662068061244
2013-08-27,0.38208530388923917,-0.90037997522397,-0.534048944001979,-0.2275478563874049,2.6427046069926723,-0.2729726758556389,1.5445488244793775,-0.47618248191627677,-0.5759069317981056,-0.15375242442908293,-0.47618248191627677,-0.47618248191627677,-0.47618248191627677
2013-08-28,0.4155287464348209,-0.8697384439990716,-0.5524358156270491,-0.2827878025381462,2.610914462715536,-0.2550267041402757,1.5860754913232513,-0.4791822393890116,-0.5904136338401984,-0.14538734277282075,-0.4791822393890116,-0.4791822393890116,-0.4791822393890116
2013-08-29,0.44822789156554926,-0.8477613500459369,-0.5781066329839435,-0.3317873278321654,2.5663011374465112,-0.24420340834770043,1.6426973011770625,-0.4838656551549917,-0.5795835472331292,-0.14032144312628073,-0.4838656551549917,-0.4838656551549917,-0.4838656551549917
2013-08-30,0.4817089873006937,-0.8193209086639025,-0.5989399545515238,-0.37470433259075125,2.53931022736439,-0.23645297334622892,1.6744266730773503,-0.4880625958773917,-0.5597023002542274,-0.15407503482623228,-0.4880625958773917,-0.4880625958773917,-0.4880625958773917
2013-09-03,0.5155593607880119,-0.7805317775543053,-0.6283330163206621,-0.42519313221044747,2.5087851687038145,-0.2302979468207625,1.7096986129892455,-0.4864773302704898,-0.5499043533355881,-0.1738735951573476,-0.4864773302704898,-0.4864773302704898,-0.4864773302704898
2013-09-04,0.5453900307033153,-0.7630155210008349,-0.6551933537770404,-0.46435008421963003,2.4760169594198778,-0.22664604464307495,1.7417496224546192,-0.48390993009453404,-0.5395392458429215,-0.17877264271617516,-0.48390993009453404,-0.48390993009453404,-0.48390993009453404
2013-09-05,0.581031912082819,-0.7545377646515254,-0.6803515386727207,-0.4931619136158611,2.44243790318569,-0.22550885789088052,1.7694559167960895,-0.48292248152938977,-0.5217625947956893,-0.18591313632036208,-0.48292248152938977,-0.48292248152938977,-0.48292248152938977
2013-09-06,0.6083134326186425,-0.7439720616378237,-0.6988996059142083,-0.524525699731326,2.4107464447179208,-0.21836462809633284,1.7951070750254843,-0.4850309154994136,-0.5072295826909468,-0.18105171229375436,-0.4850309154994136,-0.4850309154994136,-0.4850309154994136
2013-09-09,0.6296596750271879,-0.7391693708766415,-0.7123667688612824,-0.5437927859846229,2.366178712572764,-0.21440773817895153,1.836221855976065,-0.48999869482978653,-0.5011094520596583,-0.16121934829571472,-0.48999869482978653,-0.48999869482978653,-0.48999869482978653
2013-09-10,0.6703659398434387,-0.7474224316050327,-0.725276444384419,-0.5551532083173756,2.369742665048038,-0.20553668655718746,1.8034744532075515,-0.4959938669562049,-0.4963958104293125,-0.12982300898088156,-0.4959938669562049,-0.4959938669562049,-0.4959938669562049
2013-09-11,0.7080682991784294,-0.7514678033232118,-0.7429806047246125,-0.5769270445750524,2.366257220756462,-0.1866122092832259,1.7754186703348314,-0.5059035960605968,-0.4813210176973985,-0.08682112642383531,-0.5059035960605968,-0.5059035960605968,-0.5059035960605968
2013-09-12,0.701426647020882,-0.7497920656519212,-0.7527610378905591,-0.5985926030902082,2.3683691897401116,-0.15642106092285832,1.7598420079437336,-0.5137936485443123,-0.48276891838391833,-0.03412756458801371,-0.5137936485443123,-0.5137936485443123,-0.5137936485443123
2013-09-13,0.670645962547532,-0.7380377398084438,-0.755329400216234,-0.6092981084007906,2.3818169087086494,-0.12098896880430604,1.7524496523883655,-0.5179251871981205,-0.48081776667015985,-0.028739790952130514,-0.5179251871981205,-0.5179251871981205,-0.5179251871981205
2013-09-16,0.6146456560405671,-0.7248738994484841,-0.7514386108075434,-0.6167195964155041,2.3878625381415963,-0.10819070339027621,1.7701341849515522,-0.521837224927874,-0.46382259214793586,-0.02024807721247634,-0.521837224927874,-0.521837224927874,-0.521837224927874
2013-09-17,0.5438153167872404,-0.7097481716007664,-0.7481716381486452,-0.6229357052279269,2.3855284187856265,-0.10343011151964132,1.7956269090447712,-0.5342443417530077,-0.42970807645649123,0.026000425347864183,-0.5342443417530077,-0.5342443417530077,-0.5342443417530077
2013-09-18,0.4636552701081744,-0.6965506829003584,-0.7440480664402341,-0.6158173209636386,2.393344993709427,-0.10578611464259467,1.8040803962565424,-0.550974748149502,-0.38749626368342954,0.09251678115411827,-0.550974748149502,-0.550974748149502,-0.550974748149502
2013-09-19,0.37646960021486503,-0.678355369206752,-0.7436063773590662,-0.6069354198781949,2.396141171538805,-0.09160957354373726,1.8053199354481053,-0.5732717634526298,-0.34641580101595654,0.18207888761245042,-0.5732717634526298,-0.5732717634526298,-0.5732717634526298
2013-09-20,0.30231401074907116,-0.6614882639798207,-0.7435762427625109,-0.5993775602501706,2.390110750602468,-0.08451462854461636,1.8087238670413486,-0.5912264423139773,-0.31374087755337193,0.2664547139535125,-0.5912264423139773,-0.5912264423139773,-0.5912264423139773
2013-09-23,0.21188355420527044,-0.6551522535930149,-0.7429253758880204,-0.5796607618729805,2.3802429426687555,-0.08250007740585333,1.8115914895664529,-0.6088189186578876,-0.26783313373596135,0.35962929068690147,-0.6088189186578876,-0.6088189186578876,-0.6088189186578876
2013-09-24,0.14609854105993456,-0.655438932340697,-0.7503215384601654,-0.5733256652621488,2.38074220992166,-0.0835922628161622,1.7894129391518923,-0.6202192770878301,-0.2149290853068123,0.4422309024038189,-0.6202192770878301,-0.6202192770878301,-0.6202192770878301
2013-09-25,0.0860765781428295,-0.702528542263314,-0.7527723214956551,-0.558928813342034,2.3719468708156586,-0.07669536266532007,1.7602890676145975,-0.6282794928987857,-0.1506537865203915,0.5363842813087731,-0.6282794928987857,-0.6282794928987857,-0.6282794928987857
2013-09-26,0.01242957041791331,-0.7338364917444611,-0.7554707222678677,-0.5343607865706336,2.357382040020097,-0.07215751964826612,1.7326349354839474,-0.6366817003319907,-0.09958204169672902,0.6396878173339631,-0.6366817003319907,-0.6366817003319907,-0.6366817003319907
2013-09-27,-0.05399490235671071,-0.7496234571922658,-0.7518055231327609,-0.4992330075542122,2.3476755343376654,-0.0767628862727362,1.6754021438163824,-0.6532530772464668,-0.04498544036926441,0.7663398477097677,-0.6532530772464668,-0.6532530772464668,-0.6532530772464668
2013-09-30,-0.1233000952928849,-0.7514653600463693,-0.7440087041220514,-0.46608402039645724,2.3301643591082084,-0.0814425836175654,1.6231857675552783,-0.6669597710765248,-0.012951668623201929,0.8937413897411443,-0.6669597710765248,-0.6669597710765248,-0.6669597710765248
2013-10-01,-0.18903605206417418,-0.760988448388725,-0.7357951703572498,-0.4363114408595896,2.2914471598402213,-0.08098086070367239,1.5993914060511796,-0.676783386157573,0.016590599381380692,1.0028163517309223,-0.676783386157573,-0.676783386157573,-0.676783386157573
2013-10-02,-0.23853278729707608,-0.7722975518311961,-0.7232498297467324,-0.39254762787734143,2.2510711134774937,-0.0849264198269938,1.5609290685176804,-0.6924699946340854,0.057178049049803586,1.1122559640707048,-0.6924699946340854,-0.6924699946340854,-0.6924699946340854
2013-10-03,-0.2852540132999584,-0.7502027697327897,-0.7205618152606984,-0.3650704845434664,2.222409972979431,-0.08561248070308657,1.503052696202972,-0.7095379821140247,0.10581613414551999,1.2135746886681749,-0.7095379821140247,-0.7095379821140247,-0.7095379821140247
2013-10-04,-0.3471493968568775,-0.7077362104442944,-0.724715570508734,-0.3478988704255772,2.1997214381952457,-0.08756866459455467,1.4390596626994323,-0.7212275611206147,0.15319581358990658,1.3080020428279118,-0.7212275611206147,-0.7212275611206147,-0.7212275611206147
2013-10-07,-0.4071517828728235,-0.6630925209459586,-0.7326517172077496,-0.3222622859730518,2.170987088329514,-0.08815998049894498,1.3917785762960828,-0.731924639318833,0.1943120121350093,1.3839391680132525,-0.731924639318833,-0.731924639318833,-0.731924639318833
2013-10-08,-0.4618284193848415,-0.6219156773890078,-0.7422765593593198,-0.31041303171466655,2.1265158500003953,-0.08225728561661108,1.370920099333636,-0.7410231091910077,0.239478987870379,1.4458684730240683,-0.7410231091910077,-0.7410231091910077,-0.7410231091910077
2013-10-09,-0.5281212596295113,-0.5845377926874916,-0.7582696641579564,-0.3071399190003434,2.074216980939765,-0.07719056624083963,1.3738446634585972,-0.7439240935225585,0.2950978855700258,1.4877960458379884,-0.7439240935225585,-0.7439240935225585,-0.7439240935225585
2013-10-10,-0.5686175655826536,-0.5516900787045099,-0.7697693668157952,-0.3035359011287179,2.043600015677252,-0.08629353887818693,1.3547914536767083,-0.7461262351481465,0.3411514022608432,1.5248685200876462,-0.7461262351481465,-0.7461262351481465,-0.7461262351481465
2013-10-11,-0.5749394058894673,-0.5227307391197326,-0.7875054911932131,-0.28900141867942836,1.9993436125589672,-0.11157966988172681,1.355764567974591,-0.7555496648087959,0.4044267557280102,1.548420447737182,-0.7555496648087959,-0.7555496648087959,-0.7555496648087959
2013-10-14,-0.5863934358887731,-0.48302667940776856,-0.8021126655107866,-0.26430446788558387,1.965541624507813,-0.14203465749307875,1.363932403158476,-0.766518409210194,0.4657113197781956,1.5487601955822805,-0.766518409210194,-0.766518409210194,-0.766518409210194
2013-10-15,-0.5838272295796083,-0.4462421264162158,-0.8153897240763345,-0.23898796411197623,1.9399488746169533,-0.1728245099239897,1.336398155872525,-0.780325022751093,0.544404613751254,1.5578200008717629,-0.780325022751093,-0.780325022751093,-0.780325022751093
2013-10-16,-0.5564906358977512,-0.4086763635435469,-0.8250941340492897,-0.21726999588253812,1.9321931500971057,-0.21333967462905254,1.3226844782406737,-0.7949677592491189,0.6056659919575982,1.5401982207032763,-0.7949677592491189,-0.7949677592491189,-0.7949677592491189
2013-10-17,-0.5309656693593088,-0.3692632945450352,-0.8263822367103347,-0.20779779854716016,1.9139720052739833,-0.2476693179053679,1.32386003668339,-0.8096887696724373,0.6594895913820051,1.523511762417577,-0.8096887696724373,-0.8096887696724373,-0.8096887696724373
2013-10-18,-0.508722020236088,-0.35568623734926924,-0.8403072820794126,-0.2070233092379533,1.904651636524277,-0.28493115923608864,1.3281905538881127,-0.812625664457134,0.7200807194067789,1.4942497561481793,-0.812625664457134,-0.812625664457134,-0.812625664457134
2013-10-21,-0.5037271502298861,-0.35339509972586924,-0.7846112398994342,-0.18451785569509518,1.9148822931177492,-0.32304757427209385,1.2854728556957449,-0.8291867952071745,0.7928056839153352,1.4728852679222473,-0.8291867952071745,-0.8291867952071745,-0.8291867952071745
2013-10-22,-0.4785578159827077,-0.32690431086057437,-0.7397630967731089,-0.17369352494001125,1.928824876496429,-0.35174970127497013,1.2039870660451082,-0.8503992705672944,0.8835609597895607,1.4558926297694514,-0.8503992705672944,-0.8503992705672944,-0.8503992705672944
2013-10-23,-0.4822629075976211,-0.3028597052066687,-0.6719269180728449,-0.13864141290025725,1.9364949576499537,-0.37703668211299274,1.1207561096171539,-0.872854848614888,0.9661178131363031,1.4407781399465258,-0.872854848614888,-0.872854848614888,-0.872854848614888
2013-10-24,-0.47328356154479445,-0.2845621011492093,-0.5818597919238181,-0.11085360491191812,1.974660075900324,-0.41304440935472847,1.007070083315244,-0.8918133086430897,1.024982254894948,1.4241442893463119,-0.8918133086430897,-0.8918133086430897,-0.8918133086430897
2013-10-25,-0.44193464022349804,-0.2690682969716704,-0.4827082950471758,-0.05969081841970456,1.9915103291000065,-0.46450229301132057,0.9043303313926846,-0.9160755138300295,1.0878575122226217,1.3985082262781767,-0.9160755138300295,-0.9160755138300295,-0.9160755138300295
2013-10-28,-0.42048949156036725,-0.21913543638933683,-0.38408159047204304,0.04165205709551157,2.0086629929263915,-0.5241700102728516,0.777177615257508,-0.9449798801960746,1.1643553661123092,1.3359480180871774,-0.9449798801960746,-0.9449798801960746,-0.9449798801960746
2013-10-29,-0.37471540904632156,-0.1747290922202789,-0.2644100144669178,0.15105464898514814,2.015437012766187,-0.5757891245358249,0.5954652366939353,-0.9744822775853808,1.2486821750393746,1.2769336771262194,-0.9744822775853808,-0.9744822775853808,-0.9744822775853808
2013-10-30,-0.33249940796501215,-0.1316664403684558,-0.11856899298296548,0.2844087796143382,1.991718827183921,-0.6283016691087621,0.3758283742915977,-0.9998878249623144,1.309367724760467,1.249264104424128,-0.9998878249623144,-0.9998878249623144,-0.9998878249623144
2013-10-31,-0.28720297005427636,-0.08811443697044499,0.0370097816289161,0.40625257949609966,1.9605408804273365,-0.6688447801437095,0.12496370846942671,-1.0144182508942994,1.3577098494363233,1.215358391287529,-1.0144182508942994,-1.0144182508942994,-1.0144182508942994
2013-11-01,-0.24732388731046628,-0.06377996280614535,0.19180966390605989,0.5260970915508842,1.9130692974052512,-0.7097983428949514,-0.059428191376118066,-1.0236366558876528,1.3880761256455683,1.1558248294305302,-1.0236366558876528,-1.0236366558876528,-1.0236366558876528
2013-11-04,-0.19796853297609246,-0.046332039365696756,0.35359156037680584,0.641696640764851,1.872048653699822,-0.7399464254398134,-0.17890967529475427,-1.0369067803155256,1.3827289481654426,1.0607179913315368,-1.0369067803155256,-1.0369067803155256,-1.0369067803155256
2013-11-05,-0.12685999984665913,-0.008272550865175454,0.5375552918141925,0.7601512050355599,1.7683807528666597,-0.8121192669965883,-0.2929875991394741,-1.0455487519060807,1.396826120454366,0.9595210543014389,-1.0455487519060807,-1.0455487519060807,-1.0455487519060807
2013-11-06,-0.07218826634895882,0.07088482151266157,0.7122801759087928,0.892491615013815,1.6708063057447926,-0.8786336180164039,-0.4397850614018268,-1.039992476195051,1.3965749644142633,0.8075389679530662,-1.039992476195051,-1.039992476195051,-1.039992476195051
2013-11-07,-0.02117252367524957,0.18773391998177064,0.8657587625787194,0.9990162676899963,1.5841577332070431,-0.92128155896257,-0.6069926311677917,-1.0259196699257658,1.359571731739012,0.6568869783121368,-1.0259196699257658,-1.0259196699257658,-1.0259196699257658
2013-11-08,0.005692463063702086,0.2897847961494261,1.0054847205611661,1.1002639308445075,1.4923110518817981,-0.9545670166275266,-0.7683132398001595,-0.9987740114162507,1.306826355170187,0.5176129844219013,-0.9987740114162507,-0.9987740114162507,-0.9987740114162507
2013-11-11,0.05751360737837939,0.38177405258867697,1.1399002860078222,1.1988745138679275,1.3545696753871976,-0.941964668428826,-0.9692655336418307,-0.9658223843400142,1.253082040490507,0.3888055637102002,-0.9658223843400142,-0.9658223843400142,-0.9658223843400142
2013-11-12,0.1083744849331077,0.4376065524334908,1.2416439517260474,1.2617224813715253,1.171779958836854,-0.9118053694369767,-1.1755358499744992,-0.9337435527799676,1.1926276204176565,0.4085603808126633,-0.9337435527799676,-0.9337435527799676,-0.9337435527799676
2013-11-13,0.1657412060950009,0.4809674217610208,1.3262747400850916,1.3047842424128007,0.9921765489669114,-0.8671599364686424,-1.4036922604679964,-0.8862564363269325,1.1166553042868645,0.42927847863667534,-0.8862564363269325,-0.8862564363269325,-0.8862564363269325
2013-11-14,0.2044177980193472,0.5158628887457002,1.3806806335750448,1.3405994531008183,0.8363802767356545,-0.7893586138378194,-1.6211654304108454,-0.8343893679323227,1.0286154875936817,0.4415249782077083,-0.8343893679323227,-0.8343893679323227,-0.8343893679323227
2013-11-15,0.2551562064534224,0.5470834962977429,1.4186568335659973,1.3869127878853562,0.6736836681189022,-0.7194972608559854,-1.8089380373821429,-0.7794431198871851,0.899553523239535,0.46516126222591203,-0.7794431198871851,-0.7794431198871851,-0.7794431198871851
2013-11-18,0.2938579416456432,0.5568396297096374,1.4548794801080231,1.4220344343237914,0.5065831593386003,-0.6572650850976783,-1.9609447243251694,-0.7209832443794617,0.7883748509123322,0.47957329090266654,-0.7209832443794617,-0.7209832443794617,-0.7209832443794617
2013-11-19,0.3421658210484951,0.5919434563589295,1.4061347519833194,1.44132020609786,0.3129472863422553,-0.6027091510692106,-2.140992492128407,-0.6448674137381004,0.6999017696386477,0.5287580066805118,-0.6448674137381004,-0.6448674137381004,-0.6448674137381004
2013-11-20,0.36542916417235244,0.6214319820864292,1.3719791462627497,1.4671598949919784,0.14622812359029125,-0.5717347439798999,-2.250705356637046,-0.5801219369690821,0.5817132917254867,0.5889862456639884,-0.5801219369690821,-0.5801219369690821,-0.5801219369690821
2013-11-21,0.38259091677297596,0.669334899419705,1.3301252405512822,1.4686455596327372,0.014260884088466541,-0.5442404959378843,-2.3443678620515835,-0.5181222995754886,0.46921603523015265,0.6269240205961032,-0.5181222995754886,-0.5181222995754886,-0.5181222995754886
2013-11-22,0.37658998020984313,0.7411329684816284,1.2532667844256355,1.4749281646961387,-0.0963679194070322,-0.5159266076679655,-2.3982349759013175,-0.47726110235493424,0.3813740145145116,0.6922820000682944,-0.47726110235493424,-0.47726110235493424,-0.47726110235493424
2013-11-25,0.361304813722887,0.8039539202185917,1.1783889361731272,1.4592160768726112,-0.20126623563546986,-0.4769097652861617,-2.460852049328442,-0.42874241538382946,0.30907274418692904,0.7420612206112454,-0.42874241538382946,-0.42874241538382946,-0.42874241538382946
2013-11-26,0.36554216922351773,0.827261143225814,1.1436009958998898,1.396264313662845,-0.3095190689867724,-0.42290653055407285,-2.5241871386804537,-0.3809434188233171,0.2507837096116755,0.7969340818908247,-0.3809434188233171,-0.3809434188233171,-0.3809434188233171
2013-11-27,0.3640046154323097,0.8365135862909895,1.1074789278800556,1.3480010927123784,-0.3777238854464411,-0.377489698807995,-2.568470047677719,-0.3472147193353402,0.21082782896223146,0.8457164579955513,-0.3472147193353402,-0.3472147193353402,-0.3472147193353402
2013-11-29,0.39159988547701857,0.8510721611132849,1.0583341690579768,1.2999090398940247,-0.4236952805815212,-0.3392371317618686,-2.607352985994228,-0.32037993260661574,0.16708485424659159,0.8838050189751848,-0.32037993260661574,-0.32037993260661574,-0.32037993260661574
2013-12-02,0.40941560001960076,0.8684325403773566,1.0106394081950818,1.264654127210687,-0.46240577814048095,-0.3121200414744385,-2.630396841307094,-0.30099152178323585,0.13573094555846554,0.920016126693765,-0.30099152178323585,-0.30099152178323585,-0.30099152178323585
2013-12-03,0.4269074140041372,0.8801921994483684,0.9654655203090615,1.2272205126188862,-0.5092229431019665,-0.27580682609945534,-2.6536586199201957,-0.2785336925976999,0.10062655275199,0.9524109603799733,-0.2785336925976999,-0.2785336925976999,-0.2785336925976999
2013-12-04,0.4603722612788156,0.8798730266127499,0.9259263640562767,1.1963925427044775,-0.5646033072471663,-0.254008137257616,-2.65072706375711,-0.2687835961671586,0.07122389806644225,1.0106848002117648,-0.2687835961671586,-0.2687835961671586,-0.2687835961671586
2013-12-05,0.4756155326067659,0.8690971282839911,0.8821750687302876,1.1546370073462162,-0.5628516476773494,-0.20119036130205878,-2.6831162555386334,-0.25364897179299367,0.03521412366362299,1.0450152910591337,-0.25364897179299367,-0.25364897179299367,-0.25364897179299367
2013-12-06,0.49553291030137525,0.8325607756463592,0.8430835717518459,1.112976971237429,-0.5812406035013301,-0.15717212540565997,-2.711410646061751,-0.23741832531813573,0.03325421291843099,1.082088234385843,-0.23741832531813573,-0.23741832531813573,-0.23741832531813573
2013-12-09,0.513998492553933,0.7832042121500159,0.8192863914928957,1.0957740679900951,-0.6065216341671222,-0.133203673523427,-2.704494309691562,-0.2339496591285907,0.013882464589149686,1.1538726251203841,-0.2339496591285907,-0.2339496591285907,-0.2339496591285907
2013-12-10,0.5301506035736803,0.7460470003910029,0.7995506737166649,1.0934119694733446,-0.6265546137706639,-0.11607467515394819,-2.673130752681933,-0.25009340022591003,0.01185241110692626,1.2351209842485662,-0.25009340022591003,-0.25009340022591003,-0.25009340022591003
2013-12-11,0.5314978235692598,0.709064258051761,0.7892627580004473,1.0925755270551551,-0.6239351467581455,-0.12268340812365432,-2.6432001666191836,-0.2613159532448475,-0.004157290315531323,1.3168394581192815,-0.2613159532448475,-0.2613159532448475,-0.2613159532448475
2013-12-12,0.5378849861630495,0.6733302595085348,0.7822653859347083,1.079069312245838,-0.6042006405855568,-0.1325466805892814,-2.6316816797537594,-0.2653658210928025,-0.017653357243221982,1.3749956986909002,-0.2653658210928025,-0.2653658210928025,-0.2653658210928025
2013-12-13,0.5435245455965162,0.6458084978389442,0.7781758402755251,1.0848168818332802,-0.5794343667909122,-0.1545944608757994,-2.6032057399128723,-0.2750896380038206,-0.05121554594916961,1.4364828999997699,-0.2750896380038206,-0.2750896380038206,-0.2750896380038206
2013-12-16,0.5454157291156869,0.6039658734314364,0.7646522129162358,1.0893905468356022,-0.5695258039684601,-0.18999128970754617,-2.5696881408395194,-0.27679500389484,-0.08019336434729292,1.513154252143217,-0.27679500389484,-0.27679500389484,-0.27679500389484
2013-12-17,0.5377626375241122,0.5625468958452233,0.7500376207452509,1.081110871370753,-0.5557912026241174,-0.23522326387831044,-2.54542721185128,-0.28612293723034204,-0.028897570885456532,1.5783729726751945,-0.28612293723034204,-0.28612293723034204,-0.28612293723034204
2013-12-18,0.5335619561789067,0.5187366388854694,0.7371970163738438,1.0725584912003128,-0.5385718493051481,-0.2815694561786624,-2.511641470652821,-0.30186735177594887,0.031224711157415833,1.6459733694444794,-0.30186735177594887,-0.30186735177594887,-0.30186735177594887
2013-12-19,0.5319831008350543,0.4824259404322533,0.7280196797495865,1.082757298501663,-0.4858688347092741,-0.32502601854645513,-2.4632210263198218,-0.33670691337307385,0.0895297593430197,1.7062277542062692,-0.33670691337307385,-0.33670691337307385,-0.33670691337307385
2013-12-20,0.5176154280986708,0.4345781431530879,0.7198135699142774,1.0896753609867826,-0.4291066220529146,-0.3537139142296182,-2.4216833472196333,-0.36804245563274696,0.15485021765113308,1.7601409862292028,-0.36804245563274696,-0.36804245563274696,-0.36804245563274696
2013-12-23,0.5160528312154727,0.37544590933495947,0.7067152506807945,1.0981701820963319,-0.3802133924286558,-0.37366791700031005,-2.3545250151284205,-0.4093673000375376,0.22200227887064597,1.8274890725093333,-0.4093673000375376,-0.4093673000375376,-0.4093673000375376
2013-12-24,0.5335200886920487,0.3088064355614484,0.7016240998535126,1.1105541451894967,-0.2985222533907837,-0.39618339079909487,-2.3021629649639235,-0.4530162414600396,0.3004646742542563,1.853964131443198,-0.4530162414600396,-0.4530162414600396,-0.4530162414600396
2013-12-26,0.5480314237319908,0.23915350848753442,0.6948426839211773,1.1136914493594174,-0.20121855737959699,-0.4169377115364317,-2.22612854906163,-0.5065573700309202,0.3838627045480944,1.8909325280531242,-0.5065573700309202,-0.5065573700309202,-0.5065573700309202
2013-12-27,0.5520670446062709,0.16643907447788114,0.674680881674081,1.1140709957333161,-0.07163682293019594,-0.4653661178695066,-2.114607775005848,-0.5660675294233642,0.46422822723620705,1.9443946097712514,-0.5660675294233642,-0.5660675294233642,-0.5660675294233642
2013-12-30,0.5457708664547581,0.10770612414631157,0.6538075007342,1.1034802783149418,0.039721919645895436,-0.5133010404258297,-1.99387582743841,-0.6203354784558418,0.5462657086206844,1.9917663837708144,-0.6203354784558418,-0.6203354784558418,-0.6203354784558418
2013-12-31,0.5227291394080316,0.05131008298234735,0.6377712567110569,1.0855641444302697,0.13730985008483262,-0.5495567721239466,-1.8816635697051385,-0.6684551468167532,0.6552280562265835,2.0151283992529767,-0.6684551468167532,-0.6684551468167532,-0.6684551468167532
2014-01-02,0.4867376036110113,-0.02228274562813684,0.6260394797496048,1.0522636272971466,0.24387093656724873,-0.5777640409843909,-1.7511375446581656,-0.7165639986577944,0.7694941975912918,2.0390344810855683,-0.7165639986577944,-0.7165639986577944,-0.7165639986577944
2014-01-03,0.4498205277277835,-0.10834769021739761,0.6147772639735771,1.0169948892932121,0.3607463821409392,-0.6186789497399822,-1.6012606426995122,-0.7615146862624813,0.8834211056841956,2.0485858588871095,-0.7615146862624813,-0.7615146862624813,-0.7615146862624813
2014-01-06,0.3730525369560313,-0.17939705786681215,0.6028920719979982,0.9937124239301744,0.4946558175151825,-0.6426513012875789,-1.5499452029009397,-0.7756053996506755,1.0146038284351369,1.9954984818235106,-0.7756053996506755,-0.7756053996506755,-0.7756053996506755
2014-01-07,0.2963969285885443,-0.28882309829969277,0.5893114104282705,0.9617014811965451,0.6413148786735905,-0.6698640390091778,-1.451191456629574,-0.7919580932101201,1.1502187460901758,1.938767521801799,-0.7919580932101201,-0.7919580932101201,-0.7919580932101201
2014-01-08,0.20334422225495932,-0.3783754072681002,0.5812385389695365,0.9230653092721591,0.7980840128972144,-0.6698221827507088,-1.340222871760813,-0.8100673634395684,1.2132485066929333,1.9097093254510917,-0.8100673634395684,-0.8100673634395684,-0.8100673634395684
2014-01-09,0.1190146522099156,-0.4967494257260417,0.5492821549558733,0.8660148783156905,0.9361284878325848,-0.6439356711734472,-1.2048243349694976,-0.8250994362972615,1.2878670083607142,1.8875999953832554,-0.8250994362972615,-0.8250994362972615,-0.8250994362972615
2014-01-10,0.033753198262906854,-0.6144331048481314,0.5219747754537186,0.8286378733616033,1.0618843151050457,-0.6156736688895932,-1.113659260555051,-0.8236565932069859,1.3649670485605447,1.8271751963769003,-0.8236565932069859,-0.8236565932069859,-0.8236565932069859
2014-01-13,-0.05766220487193225,-0.6961475164602106,0.4831861072716368,0.7712754916887532,1.171978787071176,-0.6070570504252332,-1.0161367143740676,-0.8176016546280478,1.4556949722158836,1.7652747463961862,-0.8176016546280478,-0.8176016546280478,-0.8176016546280478
2014-01-14,-0.13429361015408314,-0.7783146111932604,0.44732045940862086,0.7216068318967598,1.2694353523951516,-0.606331625101437,-0.913061762628225,-0.8089321663231994,1.541536712554949,1.6878309181143225,-0.8089321663231994,-0.8089321663231994,-0.8089321663231994
2014-01-15,-0.21003061087262348,-0.8443567081593649,0.4186604182419825,0.6661013048453364,1.3178200405488727,-0.5720816319239841,-0.7712281178834289,-0.8154540514473372,1.6567399606738213,1.6001915503187372,-0.8154540514473372,-0.8154540514473372,-0.8154540514473372
2014-01-16,-0.2607860717759624,-0.8829754240351319,0.4010720655203266,0.5958204692642908,1.3375470892768941,-0.5325201812460745,-0.6139418087973653,-0.8306667814036434,1.8017063273410032,1.4767446600665934,-0.8306667814036434,-0.8306667814036434,-0.8306667814036434
2014-01-17,-0.31739373376974456,-0.9285774739835907,0.3944152149566546,0.5302043867915942,1.3798199564294191,-0.4863968130905556,-0.4224543131118395,-0.8499429086640727,1.8596073553183472,1.3905470551160062,-0.8499429086640727,-0.8499429086640727,-0.8499429086640727
2014-01-21,-0.3775466876898664,-0.968474595779543,0.40070979108597277,0.49286890459587995,1.4237974896271706,-0.4376892565754509,-0.25511662450010875,-0.865283787212678,1.8853001492220312,1.297285978864626,-0.865283787212678,-0.865283787212678,-0.865283787212678
2014-01-22,-0.4279735248929498,-1.01616208454056,0.4187111159082734,0.4332479839009387,1.4519865828714256,-0.40693950570146153,-0.025333990292953176,-0.8837869076375268,1.8650798709625844,1.2425311823348093,-0.8837869076375268,-0.8837869076375268,-0.8837869076375268
2014-01-23,-0.4558558914075753,-1.0520986042255638,0.4155768213027593,0.3513139197577562,1.4405318471883803,-0.3846555791046205,0.230974600628504,-0.8984146305201881,1.8698849287108437,1.1779864792302692,-0.8984146305201881,-0.8984146305201881,-0.8984146305201881
2014-01-24,-0.4746788190261165,-1.0939680343388591,0.408718163488969,0.2610605451842402,1.4206638830143998,-0.377198860373713,0.48828374529608537,-0.9005242622230606,1.8665938604137298,1.102622565233506,-0.9005242622230606,-0.9005242622230606,-0.9005242622230606
2014-01-27,-0.5296428695427432,-1.111951223402699,0.4012401979449167,0.16800063958527933,1.349400783244,-0.38310732893017146,0.7197305798757404,-0.8892708588978279,1.8673763381168893,1.0760363187001005,-0.8892708588978279,-0.8892708588978279,-0.8892708588978279
2014-01-28,-0.5596282922439968,-1.152688439959047,0.38935865010968135,0.09863687537133208,1.2759313010889293,-0.39045171732844963,0.9016304531558798,-0.8691739556992307,1.8669077612826217,1.0469992313199725,-0.8691739556992307,-0.8691739556992307,-0.8691739556992307
2014-01-29,-0.6463333540703171,-1.1721753529228016,0.3759055319000213,0.058080199473962646,1.2111606327456628,-0.3830402414540211,1.0748343705265364,-0.8445766769484694,1.8494608173680194,1.0104141042268147,-0.8445766769484694,-0.8445766769484694,-0.8445766769484694
2014-01-30,-0.726964073199273,-1.1762086843501556,0.3506213140557687,0.012385673650266195,1.159231650855765,-0.38813030776528973,1.2439627114687684,-0.8169359450931115,1.816857604752037,0.9759878909045603,-0.8169359450931115,-0.8169359450931115,-0.8169359450931115
2014-01-31,-0.8088744139163814,-1.169593062915431,0.3276585567679285,-0.0030135351784509657,1.186190966306361,-0.40989938994077074,1.3781888315701036,-0.7931749135800825,1.7294194164190013,0.9426222852079681,-0.7931749135800825,-0.7931749135800825,-0.7931749135800825
2014-02-03,-0.8842996212954967,-1.1404989181493512,0.3344282991801226,-0.10494402182748111,1.2234620817678536,-0.42548780002416325,1.5135273818097656,-0.762606563315338,1.646789040731702,0.8874498110684018,-0.762606563315338,-0.762606563315338,-0.762606563315338
2014-02-04,-0.9346127314092688,-1.1269731530200882,0.32381989883641193,-0.2132643381600881,1.2569117437573911,-0.433587700361985,1.6307860654888027,-0.7277949509174579,1.565011309817447,0.843088708721208,-0.7277949509174579,-0.7277949509174579,-0.7277949509174579
2014-02-05,-0.956099227108835,-1.1119040651646621,0.3109076435708039,-0.3214753963541041,1.2851684485504837,-0.43098632923488206,1.7362568765701232,-0.7007599276293993,1.4684996493279807,0.8226721103606884,-0.7007599276293993,-0.7007599276293993,-0.7007599276293993
2014-02-06,-0.9695397412256743,-1.0792832947233373,0.2906608331701978,-0.41646942057429903,1.243064046364247,-0.4547412108698762,1.861842914844017,-0.6727665240140625,1.3852572398906524,0.8302747291803234,-0.6727665240140625,-0.6727665240140625,-0.6727665240140625
2014-02-07,-0.9699315463004966,-1.0413384483028387,0.26248856358753114,-0.5005502901920199,1.203147973991829,-0.482877776748671,1.9831296584858509,-0.6443952548958365,1.3129759590356909,0.8105369260264705,-0.6443952548958365,-0.6443952548958365,-0.6443952548958365
2014-02-10,-0.9740896241828569,-0.9765791765590657,0.2518727143603819,-0.581392421675716,1.1956848860753133,-0.5115101926171824,2.0831586595899805,-0.6195014973255836,1.2676786300599285,0.7231825142515517,-0.6195014973255836,-0.6195014973255836,-0.6195014973255836
2014-02-11,-0.961920271259716,-0.9122987617784226,0.23364777166771827,-0.6703254361309032,1.1699689755449991,-0.5132963712549238,2.1858358426123305,-0.5998917879377872,1.2024964794872652,0.6654589228628018,-0.5998917879377872,-0.5998917879377872,-0.5998917879377872
2014-02-12,-0.9376032513447973,-0.8605634286603405,0.22089124277862499,-0.7450347123249013,1.138828644826659,-0.48833362010016856,2.2769361365378624,-0.5868143554744479,1.1554082312366623,0.5867281789481914,-0.5868143554744479,-0.5868143554744479,-0.5868143554744479
2014-02-13,-0.9217003187773244,-0.7880355858857495,0.19567513388229346,-0.8192066576607085,1.1028422679080487,-0.42990270734602853,2.363885212678224,-0.5805104311657543,1.1036349044139182,0.5148494754503435,-0.5805104311657543,-0.5805104311657543,-0.5805104311657543
2014-02-14,-0.9185721064741519,-0.7389125398673673,0.17962293840801885,-0.8976638770853085,1.1121297163074433,-0.37491569241600997,2.396574175231241,-0.5717020842762972,1.0605898719749312,0.4679558510263914,-0.5717020842762972,-0.5717020842762972,-0.5717020842762972
2014-02-18,-0.9325343653087743,-0.7070390418917856,0.17341008896297694,-0.9656961998001555,1.1362403422744631,-0.30363307719663724,2.4171160659379334,-0.5628843028694293,0.9880242209494002,0.44564917755029715,-0.5628843028694293,-0.5628843028694293,-0.5628843028694293
2014-02-19,-0.9389782940604448,-0.6814930855788743,0.16450133957164362,-1.0324219501716732,1.1676416640831146,-0.2387331471372642,2.416654040478099,-0.557005452192151,0.93006513385875,0.4407861077252532,-0.557005452192151,-0.557005452192151,-0.557005452192151
2014-02-20,-0.9399270943448538,-0.6494312437880321,0.15401761519174498,-1.117617298098336,1.2184399326048563,-0.16771305290720828,2.390096057707771,-0.5546745610300516,0.8660275008380475,0.4648058269162171,-0.5546745610300516,-0.5546745610300516,-0.5546745610300516
2014-02-21,-0.9565073539169249,-0.6087114056095615,0.14216394429773668,-1.20985572058247,1.2430051275067688,-0.08062454966605861,2.3641589765783486,-0.5462997420933808,0.821771938792465,0.4697980109732195,-0.5462997420933808,-0.5462997420933808,-0.5462997420933808
2014-02-24,-0.9769345490129181,-0.5571381465199642,0.13278626643215913,-1.2959157152723233,1.2790935060644182,0.0014334969021494236,2.3423494168135344,-0.533424554685374,0.7583739656592837,0.4496499776751566,-0.533424554685374,-0.533424554685374,-0.533424554685374
2014-02-25,-1.0026549615622524,-0.5127810502782086,0.1246418372727544,-1.3630758332653152,1.3325827153628615,0.08377813553670463,2.303218513215667,-0.5227080229065615,0.71217925624938,0.4129434790946537,-0.5227080229065615,-0.5227080229065615,-0.5227080229065615
2014-02-26,-1.0118097493794973,-0.49326154223220137,0.12331468830210304,-1.378308451638748,1.3521590310399543,0.15731915293980103,2.3065159497540635,-0.520123824318364,0.6499621848207553,0.37460403366722583,-0.520123824318364,-0.520123824318364,-0.520123824318364
2014-02-27,-1.0290133253034726,-0.46313342061688906,0.12792121800207842,-1.3815086409602135,1.355679162051145,0.21749382377782808,2.3141764081723752,-0.5201605343829158,0.6073055982478356,0.3317213141609761,-0.5201605343829158,-0.5201605343829158,-0.5201605343829158
2014-02-28,-0.9917128170007371,-0.43782843247756514,0.12713897470392416,-1.413972429015955,1.3551662125019477,0.2726167140805298,2.31992673724644,-0.5245807180689982,0.5747392424980614,0.2922486697393461,-0.5245807180689982,-0.5245807180689982,-0.5245807180689982
2014-03-03,-0.9541263038222232,-0.42405907202506504,0.13059648820095696,-1.4298505396009888,1.368396805700645,0.322895812580728,2.3126678864242796,-0.5356955409639251,0.5531558580755094,0.2631052283218577,-0.5356955409639251,-0.5356955409639251,-0.5356955409639251
2014-03-04,-0.9051571270267685,-0.4088364801638994,0.1287230557807552,-1.4756512644856423,1.3171801511715036,0.37560922900831645,2.3322072779945646,-0.5369943297767327,0.5394083675854485,0.24449410924265297,-0.5369943297767327,-0.5369943297767327,-0.5369943297767327
2014-03-05,-0.866115362223067,-0.41191670124941715,0.09693797172794921,-1.4547893169647959,1.2624020736031958,0.424517781829127,2.3709272515897855,-0.5503319358924461,0.5380471000647405,0.24131694519226723,-0.5503319358924461,-0.5503319358924461,-0.5503319358924461
2014-03-06,-0.8391701741715628,-0.40336129825390044,0.08140145825707536,-1.4121818163079267,1.2259069380818055,0.47416545818553063,2.3971194878290607,-0.5732546104141798,0.5396119900637292,0.22952639797290847,-0.5732546104141798,-0.5732546104141798,-0.5732546104141798
2014-03-07,-0.8117845133726371,-0.3897232482382943,0.06557799954819284,-1.3706712403540184,1.1682812442725619,0.5122024693174965,2.4383669939624215,-0.591427693515959,0.5351869639765169,0.21827410495159563,-0.591427693515959,-0.591427693515959,-0.591427693515959
2014-03-10,-0.789968653103147,-0.3662372743984253,0.04779102228394903,-1.3276181175302875,1.1211295444095966,0.5580268391712331,2.4726806167897686,-0.6085832411195602,0.5248768404259301,0.19365214642962422,-0.6085832411195602,-0.6085832411195602,-0.6085832411195602
2014-03-11,-0.7660357799188597,-0.3496965714489188,0.027102115216247034,-1.2980492604982592,1.0983296266193212,0.5931956204708304,2.4918827532496475,-0.6202364046711134,0.5219655767237378,0.16225153827070704,-0.6202364046711134,-0.6202364046711134,-0.6202364046711134
2014-03-12,-0.7468011591036374,-0.3280672102959295,0.007295777264023427,-1.2831713450640314,1.063885262580568,0.6381360811720804,2.508466043232457,-0.6274307094110508,0.5129961064289071,0.1369832814297658,-0.6274307094110508,-0.6274307094110508,-0.6274307094110508
2014-03-13,-0.7366093395611346,-0.3068094944689043,-0.006945308616111153,-1.268532357876341,1.0453552620499411,0.6778242726049667,2.51114690475963,-0.6358376719657787,0.5160488144252026,0.1118719345458653,-0.6358376719657787,-0.6358376719657787,-0.6358376719657787
2014-03-14,-0.7329163975030697,-0.2910829276679026,-0.026089670508154347,-1.2488449660007324,1.0201554940610449,0.708712524827219,2.5270979636456348,-0.6375782197216211,0.5047029645669191,0.08857789346552522,-0.6375782197216211,-0.6375782197216211,-0.6375782197216211
2014-03-17,-0.7347375541133987,-0.2817217291202049,-0.045718131287816446,-1.2113623863589624,0.9999925077149711,0.7277167568019068,2.5513368865866504,-0.6381888670477663,0.489896487555437,0.05735263041248317,-0.6381888670477663,-0.6381888670477663,-0.6381888670477663
2014-03-18,-0.740793853942076,-0.2685176184659582,-0.06307493704748238,-1.1806662892142759,0.9704552853274723,0.7271866985056644,2.5822774820491143,-0.6343804332978769,0.48148239341445154,0.029172572564596776,-0.6343804332978769,-0.6343804332978769,-0.6343804332978769
2014-03-19,-0.7474003728077966,-0.2456334490312009,-0.08203125708200464,-1.1444857978468013,0.9429041855242898,0.7068146136486939,2.6153721302488595,-0.6331837413807792,0.48159682517812147,0.005598087690955966,-0.6331837413807792,-0.6331837413807792,-0.6331837413807792
2014-03-20,-0.7561515389673222,-0.2242619691421275,-0.10535492692003315,-1.1076694533462443,0.9157425301060246,0.7003813151065992,2.6372996054136437,-0.6321794045734617,0.5054605647169106,-0.03672850867360575,-0.6321794045734617,-0.6321794045734617,-0.6321794045734617
2014-03-21,-0.7574347231082625,-0.19816198945041363,-0.13031790655156175,-1.0622042486231638,0.8638163847885112,0.6751839791920619,2.6713485187074157,-0.6317851844328054,0.5478342729116876,-0.08292355013505497,-0.6317851844328054,-0.6317851844328054,-0.6317851844328054
2014-03-24,-0.7508873261853896,-0.16855574305742524,-0.14907926358523424,-1.0318423887834545,0.8272924973685756,0.6518196703306437,2.6938397776922436,-0.6305314569270092,0.5877136400635501,-0.13817503613547338,-0.6305314569270092,-0.6305314569270092,-0.6305314569270092
2014-03-25,-0.735354724247268,-0.1375999686740697,-0.17545599098361564,-1.0085619433906876,0.7853883135429409,0.6388713277458152,2.711026271917252,-0.6299360226481352,0.6287440214652914,-0.1873132167831183,-0.6299360226481352,-0.6299360226481352,-0.6299360226481352
2014-03-26,-0.7175257995954687,-0.09646731149256926,-0.2043893272060962,-0.9896740642319742,0.7302359952702377,0.625247316981271,2.7262786604571367,-0.6313143118613658,0.6739200274840881,-0.22236825022116313,-0.6313143118613658,-0.6313143118613658,-0.6313143118613658
2014-03-27,-0.6907503275235364,-0.0448969634495886,-0.24030677884465124,-1.0088624035280187,0.6925872460022838,0.6353808916628624,2.703047272645415,-0.6357973882365566,0.7559368857986839,-0.25894626981722396,-0.6357973882365566,-0.6357973882365566,-0.6357973882365566
2014-03-28,-0.6531289969150162,0.018454311826597673,-0.28524149893913586,-1.0411753811082527,0.6706883205841759,0.6498994038982672,2.6729317911498724,-0.6373298941837223,0.8208382888010777,-0.3039466625626968,-0.6373298941837223,-0.6373298941837223,-0.6373298941837223
2014-03-31,-0.6256258739248574,0.09567039070009739,-0.3322078570170276,-1.068322427489383,0.6308812877127629,0.6687149893330657,2.6333439954488482,-0.6359283612492926,0.9046534821269367,-0.36339454189327075,-0.6359283612492926,-0.6359283612492926,-0.6359283612492926
2014-04-01,-0.593955728085832,0.17780430495072996,-0.38744450614494313,-1.1092084670084352,0.5749499935535333,0.690647686038944,2.5861395318741134,-0.6341343318877607,0.9888729677191703,-0.39126845534623983,-0.6341343318877607,-0.6341343318877607,-0.6341343318877607
2014-04-02,-0.565254083443386,0.28053479105461443,-0.439168450225278,-1.146402274779731,0.528394083241166,0.7378020454239408,2.51045065616897,-0.6390312032607791,1.0746251497455521,-0.42485710414273187,-0.6390312032607791,-0.6390312032607791,-0.6390312032607791
2014-04-03,-0.5238896883400985,0.3861473537635888,-0.49557101748517135,-1.1845161343505022,0.46535542591527235,0.7811818546671878,2.4407649703648735,-0.6341470347252618,1.143661075249253,-0.4765457008833543,-0.6341470347252618,-0.6341470347252618,-0.6341470347252618
2014-04-04,-0.4755945407069973,0.5153838582334415,-0.5468125830454813,-1.2530453489356181,0.3199959285459779,0.8327985318001704,2.3597306010067953,-0.6138962423989417,1.2233767757209844,-0.5202482530235066,-0.6138962423989417,-0.6138962423989417,-0.6138962423989417
2014-04-07,-0.41524773173504453,0.6571209860174198,-0.6235295110923261,-1.334924949297666,0.1555538722932665,0.9015425478744324,2.2436057071138213,-0.5700438700314537,1.2999093856730157,-0.6038548267211038,-0.5700438700314537,-0.5700438700314537,-0.5700438700314537
2014-04-08,-0.35181334223818606,0.8020509367843367,-0.6989257396509341,-1.4221133883643262,0.005429773748390701,0.9716042301172297,2.092609682421716,-0.5127252874784466,1.3591894796734207,-0.7071304825778626,-0.5127252874784466,-0.5127252874784466,-0.5127252874784466
2014-04-09,-0.2940730558099831,0.9320783377036953,-0.7444808278002104,-1.4674516343030648,-0.19845994557133295,1.0675538993149005,1.9475874454771933,-0.4534668979878137,1.376271204543393,-0.8051578316033359,-0.4534668979878137,-0.4534668979878137,-0.4534668979878137
2014-04-10,-0.25172193869444076,1.036689593795528,-0.7801884096440607,-1.5017375485170292,-0.33594804297743286,1.1262107866416664,1.7911793282621056,-0.40916631847945895,1.4132682696778887,-0.8610867646263891,-0.40916631847945895,-0.40916631847945895,-0.40916631847945895
2014-04-11,-0.18958319804262708,1.1551128273457247,-0.8301973067536061,-1.556423152197754,-0.5160905728970198,1.1903792924214123,1.56993858706782,-0.3271550888096467,1.4310313309373792,-0.9455474526427428,-0.3271550888096467,-0.3271550888096467,-0.3271550888096467
2014-04-14,-0.12487591935602206,1.2669568771926416,-0.8708991538343515,-1.6189022725524984,-0.6654635298856318,1.260210782840074,1.3225518269169965,-0.24489311335666525,1.4082969848435973,-0.9983031427381444,-0.24489311335666525,-0.24489311335666525,-0.24489311335666525
2014-04-15,-0.042363180885834475,1.3599384223601823,-0.8851620686709807,-1.68610325667,-0.8061315735781482,1.3110951727343119,1.0622365559048361,-0.16534281429989875,1.3687726148641597,-1.0209114288589314,-0.16534281429989875,-0.16534281429989875,-0.16534281429989875
2014-04-16,0.034277303804501606,1.4382182639788113,-0.8971631657828354,-1.7287446984963482,-0.9452885230006568,1.3571789277276392,0.7938829642964439,-0.08715213117820121,1.309346113506294,-1.013098661321045,-0.08715213117820121,-0.08715213117820121,-0.08715213117820121
2014-04-17,0.11498022993538413,1.4855986868191156,-0.8954971984394158,-1.75018069104828,-1.0709035091303134,1.3739128054453946,0.5220173225352452,-0.003321983117018386,1.2525681092493066,-1.0192078228983639,-0.003321983117018386,-0.003321983117018386,-0.003321983117018386
2014-04-21,0.19219384574977377,1.5251939132821626,-0.9191968858916078,-1.7574809136831249,-1.1969513130401328,1.3616460311424892,0.2862590546716204,0.06909243273184122,1.1856717920347866,-0.9537052551933324,0.06909243273184122,0.06909243273184122,0.06909243273184122
2014-04-22,0.26653409598766875,1.5240753333559642,-0.96688559895499,-1.7549977469728397,-1.2873956804650404,1.3582795434388184,0.07891908438420729,0.1319034850101962,1.1221456038341595,-0.8682885746487337,0.1319034850101962,0.1319034850101962,0.1319034850101962
2014-04-23,0.3117708797141935,1.5051314338088821,-1.0137857993165365,-1.748747882994477,-1.3734281374761188,1.3439209814623476,-0.04016699417445917,0.16783456512883962,1.0900318679542222,-0.7460646094934126,0.16783456512883962,0.16783456512883962,0.16783456512883962
2014-04-24,0.32289348633999515,1.4602106451667582,-1.0566776709698789,-1.739862252497053,-1.437895384954135,1.3426623732518446,-0.15438376977188387,0.19526363277807696,1.0945340156688272,-0.6125359733467823,0.19526363277807696,0.19526363277807696,0.19526363277807696
2014-04-25,0.3908264626379025,1.4111396651409376,-1.1018872306227132,-1.7029483608838194,-1.523333319435963,1.3339958078965548,-0.26622332244425573,0.2178390963763913,1.070918291382538,-0.4838443791767467,0.2178390963763913,0.2178390963763913,0.2178390963763913
2014-04-28,0.46802472072367646,1.3821615952821709,-1.135075012929026,-1.7087596681844464,-1.5571194477846184,1.3106684201775078,-0.3723969120161124,0.24025506704095262,1.0106010163583692,-0.3591249797913313,0.24025506704095262,0.24025506704095262,0.24025506704095262
2014-04-29,0.57822922784004,1.360576411434039,-1.1467102275039862,-1.7011087206635456,-1.615770761030428,1.2799054757252808,-0.4553321595136501,0.25456790734010776,0.9144794777005917,-0.23254035334877246,0.25456790734010776,0.25456790734010776,0.25456790734010776
2014-04-30,0.6531904607064064,1.3230115134759233,-1.161783719583386,-1.709677311656297,-1.6487568201289113,1.2666506575908052,-0.5271105970131192,0.26856113182057695,0.8092311253300991,-0.07899983600382794,0.26856113182057695,0.26856113182057695,0.26856113182057695
2014-05-01,0.723951547760446,1.2708112505481617,-1.1765104723478148,-1.7123215493443535,-1.6722287744996722,1.2447877223012653,-0.5734307109634234,0.286648788846942,0.7356710205907928,0.01267481056683054,0.286648788846942,0.286648788846942,0.286648788846942
2014-05-02,0.7979289672791238,1.2154799419713738,-1.1962952104644757,-1.7097282882690688,-1.678211748613253,1.1981067275818071,-0.6507843071572482,0.3160981121974302,0.6697737800711063,0.08933768881091421,0.3160981121974302,0.3160981121974302,0.3160981121974302
2014-05-05,0.8658963692895827,1.1560934158545857,-1.1831886062638886,-1.722454867500487,-1.6552256463946828,1.1424451699641416,-0.7802302071698586,0.34707282051301236,0.6184287403288308,0.1699443498397267,0.34707282051301236,0.34707282051301236,0.34707282051301236
2014-05-06,0.9517760909428036,1.086932112873178,-1.214799991786638,-1.74060572333354,-1.5908900818440521,1.0771093566883,-0.8817276703945369,0.36909021446721485,0.5670621041406124,0.26878294484501375,0.36909021446721485,0.36909021446721485,0.36909021446721485
2014-05-07,1.0178200914380633,1.0153761636380336,-1.2281423897911354,-1.770232212780812,-1.5227249874495072,1.0068564347239235,-0.9622050161763385,0.36241385408802057,0.579610451170245,0.41398604887544577,0.36241385408802057,0.36241385408802057,0.36241385408802057
2014-05-08,1.0858277328710613,0.9346202036625487,-1.228588666086365,-1.7805083311626138,-1.4680875377999743,0.9171802674126113,-1.0395944911789805,0.3473099350923756,0.6028567595316368,0.5870543223805724,0.3473099350923756,0.3473099350923756,0.3473099350923756
2014-05-09,1.1352811750322898,0.8558525163001166,-1.205344747623483,-1.759021623308067,-1.3910950332790886,0.7946430398849255,-1.1897343971871421,0.3391206082944549,0.64930294604261,0.75363369096002,0.3391206082944549,0.3391206082944549,0.3391206082944549
2014-05-12,1.1731712550154154,0.7742025600775927,-1.1726938033257341,-1.7211418563671204,-1.361419410237467,0.6783333901961133,-1.291421713397916,0.34110062401868874,0.6588653001974295,0.8977017817669317,0.34110062401868874,0.34110062401868874,0.34110062401868874
2014-05-13,1.2107535146656092,0.7082677008434755,-1.146418980681692,-1.679357814744962,-1.3108604255449319,0.5878252945856209,-1.3552091066361478,0.30496312540519604,0.6987997048106556,1.066347611081588,0.30496312540519604,0.30496312540519604,0.30496312540519604
2014-05-14,1.2427762896242174,0.6520661599611254,-1.1078396172111658,-1.629269987135193,-1.2576719479339622,0.49809854978991525,-1.4056549245544465,0.2565678187073877,0.748901536006067,1.2323226666238913,0.2565678187073877,0.2565678187073877,0.2565678187073877
2014-05-15,1.2731357178519358,0.606555986897079,-1.0824069267448622,-1.6072514515234877,-1.2092958767779125,0.41470844875015617,-1.4124153262933459,0.2194776810558441,0.7988000151015378,1.3402586885155239,0.2194776810558441,0.2194776810558441,0.2194776810558441
2014-05-16,1.3172956587809972,0.5467919482724211,-1.0678534940668516,-1.5876822486481506,-1.1681578357571372,0.34174399041293657,-1.4017163862387487,0.1900347628588465,0.845529283127155,1.4139100326819924,0.1900347628588465,0.1900347628588465,0.1900347628588465
2014-05-19,1.360955201635913,0.4803263013708966,-1.0652636629043721,-1.5667372253785559,-1.123453592281155,0.2830687661865838,-1.3898217463944469,0.16692127340534416,0.8821438940333195,1.4710969701104406,0.16692127340534416,0.16692127340534416,0.16692127340534416
2014-05-20,1.4116248132772258,0.4275428598223603,-1.0317790968743288,-1.5785424331590217,-1.07441685295456,0.2423990812677918,-1.3743259579695695,0.14247220970612304,0.8982113594417089,1.509397388323901,0.14247220970612304,0.14247220970612304,0.14247220970612304
2014-05-21,1.4615707330974888,0.39444632727024986,-0.9800704641006136,-1.5902045268160632,-1.0503802636105037,0.20852729330624528,-1.3883230881771842,0.13465145325657787,0.9044324752841911,1.5013957007198795,0.13465145325657787,0.13465145325657787,0.13465145325657787
2014-05-22,1.510145778051992,0.37639830192577967,-0.9285198940572825,-1.5878268128689381,-1.0259481489901132,0.1813990886745076,-1.4275169540273271,0.12957828729320425,0.9060064598580868,1.4775490322604778,0.12957828729320425,0.12957828729320425,0.12957828729320425
2014-05-23,1.5756765681440215,0.3609706462711011,-0.8770604673555451,-1.600311549892064,-1.001318100302498,0.13972863449445327,-1.429734825076023,0.1191974394386531,0.8948290866542005,1.460430249307741,0.1191974394386531,0.1191974394386531,0.1191974394386531
2014-05-27,1.5949527990538444,0.3440670403080297,-0.817516353760573,-1.6430545583232574,-0.9608057983810013,0.1022268274658713,-1.4271905567223837,0.11072496294847013,0.903796679564097,1.460624069001492,0.11072496294847013,0.11072496294847013,0.11072496294847013
2014-05-28,1.6176267660987533,0.3018458480546752,-0.7711666121406966,-1.6563329382284955,-0.9062985378259371,0.07103576546912714,-1.3984727880623928,0.07366972529238063,0.9441954627084742,1.5028881327569692,0.07366972529238063,0.07366972529238063,0.07366972529238063
2014-05-29,1.5990608853115502,0.2285308255955574,-0.7332750156322687,-1.6574999740730263,-0.8345169980827601,0.04340121598541018,-1.3668355659604239,0.0310033389188099,1.0131893795938098,1.583931891586912,0.0310033389188099,0.0310033389188099,0.0310033389188099
2014-05-30,1.5902589140123997,0.17314554356843675,-0.7023975564636318,-1.6378708510697455,-0.7733790065818275,0.01361511926526676,-1.3501579773325454,-0.007451898458166443,1.081055892421017,1.6355375160132959,-0.007451898458166443,-0.007451898458166443,-0.007451898458166443
2014-06-02,1.5919164396855372,0.1410967761504838,-0.6599327473819045,-1.6220915873721258,-0.7352975069177996,0.0027006683314337683,-1.3480086175463533,-0.03822135158455851,1.1225482510585931,1.6599537303303695,-0.03822135158455851,-0.03822135158455851,-0.03822135158455851
2014-06-03,1.5823176213808572,0.11572844997503726,-0.6251606689810674,-1.6103174668912892,-0.7147577690715511,-0.011782126907127856,-1.3321816234078163,-0.06405193730608925,1.172398171147485,1.67996316197983,-0.06405193730608925,-0.06405193730608925,-0.06405193730608925
2014-06-04,1.5764877689483145,0.09186236579053432,-0.5908324510552709,-1.5969602962799212,-0.6792672528682457,-0.021105405810483036,-1.3228317661974562,-0.09250253926858727,1.212262744683169,1.7003944498637082,-0.09250253926858727,-0.09250253926858727,-0.09250253926858727
2014-06-05,1.56661762328406,0.07567007604447734,-0.5541613247566112,-1.5767764678687561,-0.6316990243897832,-0.0340405760112832,-1.339915518996709,-0.11741886653650138,1.25467013672919,1.7093105421114212,-0.11741886653650138,-0.11741886653650138,-0.11741886653650138
2014-06-06,1.5846551849192527,0.06790945307359675,-0.5080794065597817,-1.5312364568023111,-0.5747266906500597,-0.0463787029406191,-1.347967131736785,-0.16222909101609215,1.2652575848157386,1.7394825299453376,-0.16222909101609215,-0.16222909101609215,-0.16222909101609215
2014-06-09,1.6022574199509987,0.0468488847469011,-0.45843380630383407,-1.4647069983229355,-0.5162628866424458,-0.06470923628183804,-1.342485992431413,-0.21581781383684326,1.2738494302681245,1.786914440363816,-0.21581781383684326,-0.21581781383684326,-0.21581781383684326
2014-06-10,1.6524462195471346,0.009253398599501283,-0.4162250358501577,-1.4112751323225623,-0.4383148735355549,-0.10800286393373437,-1.2675656031413824,-0.2817481237195087,1.2788924984432168,1.8277838870715728,-0.2817481237195087,-0.2817481237195087,-0.2817481237195087
2014-06-11,1.696955780005421,-0.031512900875898586,-0.3870793332758929,-1.3415895124638348,-0.3361746114944003,-0.12107315505923073,-1.2097032242748604,-0.35099923996039,1.271895257553447,1.8622786597268104,-0.35099923996039,-0.35099923996039,-0.35099923996039
2014-06-12,1.7288076370071277,-0.07755240434474432,-0.3651798166419025,-1.2771596203432665,-0.25689023514403336,-0.14421495977674234,-1.1229310200628022,-0.41121536742193227,1.2454636076977907,1.9145182812963017,-0.41121536742193227,-0.41121536742193227,-0.41121536742193227
2014-06-13,1.7470325043359307,-0.14167432830439095,-0.35021035442817017,-1.2166331091506322,-0.18965982172656562,-0.14277754940814352,-1.051993083548017,-0.4587144530243731,1.2287373095646301,1.9520362447628505,-0.4587144530243731,-0.4587144530243731,-0.4587144530243731
2014-06-16,1.7372682931726782,-0.19964017650389454,-0.3304178390010439,-1.126976263330738,-0.11951196542079273,-0.13485119021200964,-0.985020313424204,-0.5140453178986379,1.1990628273248363,2.0162678989897196,-0.5140453178986379,-0.5140453178986379,-0.5140453178986379
2014-06-17,1.7098462196449686,-0.2498418694109287,-0.31998974785817175,-1.029245155429907,-0.03832974598285452,-0.1417238337152992,-0.8398717073958591,-0.585858007258701,1.1452823571130848,2.107305512069771,-0.585858007258701,-0.585858007258701,-0.585858007258701
2014-06-18,1.6539819237905855,-0.2918195192565387,-0.30523845597585253,-0.9377842856461641,0.04415024016738652,-0.13523113371367823,-0.6709364001355146,-0.6594794340600886,1.0859965153993718,2.1947988516107593,-0.6594794340600886,-0.6594794340600886,-0.6594794340600886
2014-06-19,1.6023025198402554,-0.3243914831098186,-0.29188206667685884,-0.8175921763205243,0.12597574749418172,-0.1480988553142478,-0.5416803945869221,-0.7244132796012154,1.04591200571256,2.2471078213662365,-0.7244132796012154,-0.7244132796012154,-0.7244132796012154
2014-06-20,1.5311943663446652,-0.34290654880588195,-0.2721680308845801,-0.7268521049301907,0.19662723630391205,-0.16332252657007876,-0.39970293888459607,-0.7813914024492027,1.0133122308991058,2.2893839263244553,-0.7813914024492027,-0.7813914024492027,-0.7813914024492027
2014-06-23,1.466835355985658,-0.36454777226244656,-0.26040150739022216,-0.6524256850160067,0.2486384493748819,-0.17300818412114352,-0.2718256617770607,-0.8232428738626447,0.9784957348171814,2.321210765839739,-0.8232428738626447,-0.8232428738626447,-0.8232428738626447
2014-06-24,1.4153776276279473,-0.3642324597141686,-0.2536113701503721,-0.5765112573698828,0.2969619019733352,-0.19303741014338532,-0.15804969317705692,-0.8612140090642312,0.9398146601511314,2.3381440370593762,-0.8612140090642312,-0.8612140090642312,-0.8612140090642312
2014-06-25,1.351798655845448,-0.35788728398973,-0.25456166675189185,-0.5174420115570703,0.3476219118458,-0.2240171051965092,-0.06416260268330816,-0.8829810618829242,0.8719185113281632,2.3786558386907957,-0.8829810618829242,-0.8829810618829242,-0.8829810618829242
2014-06-26,1.292163846048783,-0.34296953654127976,-0.2583820730207653,-0.45019635847455175,0.3667359798335305,-0.26486840366214637,0.020884820496306557,-0.9000989617621253,0.825332409310684,2.41169516305794,-0.9000989617621253,-0.9000989617621253,-0.9000989617621253
2014-06-27,1.2505598013289658,-0.3286320947727076,-0.256257129371746,-0.3861142978719818,0.3933272305015995,-0.3277351926093178,0.10459062843350916,-0.9159795920593587,0.795072419821477,2.4191070027776367,-0.9159795920593587,-0.9159795920593587,-0.9159795920593587
2014-06-30,1.1998995708221385,-0.30357247279063454,-0.25027448075153236,-0.33716566082334587,0.41623320193372976,-0.3868484385082853,0.21508226283520274,-0.9340009791018525,0.7641179230723734,2.4185320106177643,-0.9340009791018525,-0.9340009791018525,-0.9340009791018525
2014-07-01,1.1319432103077223,-0.3016518913283878,-0.25280316987233814,-0.2859436329798295,0.43186364634674534,-0.4425050780501418,0.3247174711079353,-0.9415888384806093,0.7280767456932428,2.4326580526974877,-0.9415888384806093,-0.9415888384806093,-0.9415888384806093
2014-07-02,1.0520823893306863,-0.30302339671756306,-0.238194773879217,-0.20978497479288535,0.4537733315275918,-0.48215806440166814,0.4425057739478783,-0.957224833027072,0.6754652191967134,2.438233827896752,-0.957224833027072,-0.957224833027072,-0.957224833027072
2014-07-03,0.9606875097291545,-0.28991684088209374,-0.2039977407878535,-0.1295815841355216,0.46149206946162424,-0.521471009653027,0.5459544636289736,-0.973831197182991,0.630766280159731,2.441391641210976,-0.973831197182991,-0.973831197182991,-0.973831197182991
2014-07-07,0.867695833096227,-0.2803454721376845,-0.16016149960990234,-0.04546223327149397,0.4426449506271672,-0.5479354575657064,0.6484111328991599,-0.9900006454032921,0.5962476526688363,2.438907674906564,-0.9900006454032921,-0.9900006454032921,-0.9900006454032921
2014-07-08,0.8187530753554252,-0.2804390028539639,-0.1375644900247418,-0.020704326481743876,0.4277701827685267,-0.5766128293363924,0.7177733666412718,-0.9899283743450659,0.5702555421921739,2.440481979119707,-0.9899283743450659,-0.9899283743450659,-0.9899283743450659
2014-07-09,0.7832139359405822,-0.28005941684786084,-0.12350530571214555,-0.03373769905181784,0.41444850131803745,-0.604313096666481,0.7788267488900971,-0.9821661429243679,0.5460472622096504,2.4477436416174077,-0.9821661429243679,-0.9821661429243679,-0.9821661429243679
2014-07-10,0.7096165210390792,-0.2866186241502209,-0.11230275982441236,-0.024684187320171292,0.4133442924524343,-0.6054641893574085,0.8683747357808025,-0.9806845688500933,0.5105996359085178,2.449872850871755,-0.9806845688500933,-0.9806845688500933,-0.9806845688500933
2014-07-11,0.6362742110425958,-0.27852565517510713,-0.08968418377853943,-0.028872633996571452,0.3895523337270091,-0.6154718037299189,0.9718810778812833,-0.9778457436725432,0.481419036421518,2.444810592297902,-0.9778457436725432,-0.9778457436725432,-0.9778457436725432
2014-07-14,0.5856971566236707,-0.2598429241133919,-0.06110719726146499,-0.007045139253074341,0.3789137388952633,-0.6493215960527126,1.0619958657158217,-0.98061117017904,0.45710683101093935,2.4160479451511074,-0.98061117017904,-0.98061117017904,-0.98061117017904
2014-07-15,0.5413585258723645,-0.24586225367388032,-0.025405447704943945,0.05087120363168888,0.3921891523973404,-0.6961452624864203,1.1629299661084913,-0.9883002999461659,0.41196283378280396,2.361302481857219,-0.9883002999461659,-0.9883002999461659,-0.9883002999461659
2014-07-16,0.5066658643430217,-0.24189001510747113,0.01709706349859449,0.11607393482147678,0.39928948409887804,-0.7343742622375427,1.2161845753954814,-0.9938327983224291,0.3715714430306206,2.3247131054466577,-0.9938327983224291,-0.9938327983224291,-0.9938327983224291
2014-07-17,0.46327220445937545,-0.2042512501036568,0.08484054419520756,0.18989548729869396,0.4326280081708151,-0.7726706179825582,1.1672171282757233,-1.0079344134610484,0.35471721682158536,2.316088932709009,-1.0079344134610484,-1.0079344134610484,-1.0079344134610484
2014-07-18,0.42117796823912773,-0.14449560541771,0.17112062342824721,0.29262213595599307,0.4686139580063111,-0.8232681703973026,1.1026781701005335,-1.025178002998402,0.3167799300459331,2.295483002032473,-1.025178002998402,-1.025178002998402,-1.025178002998402
2014-07-21,0.37828111230929057,-0.08530244736227197,0.24956697238303102,0.37140289949644206,0.4877131057441905,-0.9073511733000688,1.0527468465363374,-1.0320459720412924,0.31886523325939364,2.2622613390988238,-1.0320459720412924,-1.0320459720412924,-1.0320459720412924
2014-07-22,0.3196809807998035,-0.031122615409730995,0.2883066762242768,0.4776449788955721,0.5461163860953793,-0.9580186402074999,0.9868497845452756,-1.0431603327969217,0.3205322498347559,2.2226515304098537,-1.0431603327969217,-1.0431603327969217,-1.0431603327969217
2014-07-23,0.27179511790418764,0.010552479974906107,0.32613261488454814,0.585195764801653,0.6000847176238798,-0.9930761289525261,0.9190416102121297,-1.0524759026344792,0.3083533710781061,2.1818240630110295,-1.0524759026344792,-1.0524759026344792,-1.0524759026344792
2014-07-24,0.2508642959851365,0.0458555602344389,0.34693357347300524,0.6712883797451717,0.6568781001179035,-1.0184512419608016,0.7940902888377276,-1.0542385523864353,0.2940608779537777,2.175434375159383,-1.0542385523864353,-1.0542385523864353,-1.0542385523864353
2014-07-25,0.2606311242881344,0.07175042867903193,0.3571307410116512,0.7835730474676098,0.7465083071818027,-1.0283235629346963,0.6954045722605117,-1.0675679689933486,0.2732374075409419,2.110359810478409,-1.0675679689933486,-1.0675679689933486,-1.0675679689933486
2014-07-28,0.3196624666183687,0.12841478667595252,0.35783214947123365,0.7827710009257366,0.826666376293788,-1.0650137454409583,0.5942240010128716,-1.0643725272971802,0.21746911540018024,2.09546395823155,-1.0643725272971802,-1.0643725272971802,-1.0643725272971802
2014-07-29,0.4057812820183173,0.1982703057679833,0.3642788828741267,0.7710837819747063,0.9047367823017317,-1.0967021223597573,0.5017659122262559,-1.0676419229508873,0.1701854632783098,2.051167403721875,-1.0676419229508873,-1.0676419229508873,-1.0676419229508873
2014-07-30,0.4686961399900872,0.2461037624072857,0.3712822330054586,0.7651545805558264,0.9692358484671671,-1.1175601007827185,0.40013184153818043,-1.061904074034869,0.11368673709225333,2.0308852538659368,-1.061904074034869,-1.061904074034869,-1.061904074034869
2014-07-31,0.5127328894541111,0.30634907667705047,0.38143630946458323,0.7708966272865645,1.0714747376570415,-1.144262055324505,0.306345424913846,-1.057630950855111,0.05714007023629608,1.968410723055457,-1.057630950855111,-1.057630950855111,-1.057630950855111
2014-08-01,0.5686777935218987,0.3907761567858514,0.39146580051122715,0.7680589227925069,1.20117401382134,-1.2124723175851324,0.22318775536018443,-1.041815705496485,-0.027933212370200522,1.8643279091482645,-1.041815705496485,-1.041815705496485,-1.041815705496485
2014-08-04,0.6157589535122377,0.4494829209071877,0.36887006291446334,0.7186177048051675,1.342540367558565,-1.272759978619758,0.25504746422377517,-1.0264382746526117,-0.11840825390139349,1.7466038572102025,-1.0264382746526117,-1.0264382746526117,-1.0264382746526117
2014-08-05,0.6382092509287179,0.5099841374839277,0.3422757364972539,0.6480318558530673,1.492208753530488,-1.3357459938091312,0.32056724632381656,-1.0016558561012718,-0.22668276058389222,1.6177751981808408,-1.0016558561012718,-1.0016558561012718,-1.0016558561012718
2014-08-06,0.6137698274181943,0.552819663874855,0.29195827318900086,0.5680441218615983,1.632183468091557,-1.3915137920851992,0.4172584167834914,-0.9697652164825786,-0.31379566330166464,1.5083365500984822,-0.9697652164825786,-0.9697652164825786,-0.9697652164825786
2014-08-07,0.5713816498526669,0.5768012389149098,0.25526158560351764,0.5108966415876367,1.7883564832543664,-1.4333414720382576,0.5605872333535962,-0.941176605817419,-0.3892281077244224,1.3239911704656626,-0.941176605817419,-0.941176605817419,-0.941176605817419
2014-08-08,0.5474620620409855,0.6425633676408254,0.22084275470637882,0.4237721242617058,1.9117150912042735,-1.5105552677005205,0.6471446571827637,-0.8907170830343771,-0.4660033517541406,1.145926894555237,-0.8907170830343771,-0.8907170830343771,-0.8907170830343771
2014-08-11,0.5132545379673229,0.688004042214619,0.19728162187382736,0.3554768222749856,2.0243036867394215,-1.5147681352871762,0.7330652501748497,-0.8593152237425797,-0.5271575804691888,0.9678006494816582,-0.8593152237425797,-0.8593152237425797,-0.8593152237425797
2014-08-12,0.48926442133911485,0.712277950656102,0.15855740012192301,0.2062481229911451,2.1063892177673393,-1.5041364019703145,0.8833062687391003,-0.824511588237108,-0.5684865875235603,0.8146259608275811,-0.824511588237108,-0.824511588237108,-0.824511588237108
2014-08-13,0.4661132606935244,0.7778868298651389,0.11150916451792493,0.03720666633300558,2.1667567246235957,-1.5109343144353995,1.007163107045254,-0.772461693221454,-0.6091485102594267,0.6432938445021985,-0.772461693221454,-0.772461693221454,-0.772461693221454
2014-08-14,0.4585493605744236,0.8144808357037885,0.07134988314408741,-0.12569178767145361,2.2012572741029035,-1.5080563430277367,1.1545497223410564,-0.7197130724443056,-0.6244389890129624,0.4368523336231127,-0.7197130724443056,-0.7197130724443056,-0.7197130724443056
2014-08-15,0.4667405123695559,0.786522820999926,0.04272097730121162,-0.2616290089142778,2.221462586946448,-1.5079091941339131,1.3186883326583039,-0.6594988636837668,-0.6105523386308427,0.18195076613865568,-0.6594988636837668,-0.6594988636837668,-0.6594988636837668
2014-08-18,0.48752164098228645,0.7254356017102355,0.016436919360140637,-0.38812359056276924,2.210595679094235,-1.495875089239586,1.4565541656476095,-0.6185220735334329,-0.5555709312607133,0.017113898402291654,-0.6185220735334329,-0.6185220735334329,-0.6185220735334329
2014-08-19,0.5133159692284596,0.6809599278240601,-0.04508497909478732,-0.5370620077670828,2.206604210983517,-1.392843572163618,1.5759127603288385,-0.5825002221304203,-0.567018687486419,-0.1047827333312855,-0.5825002221304203,-0.5825002221304203,-0.5825002221304203
2014-08-20,0.5594577940851608,0.6421305831737464,-0.07757222492880089,-0.6760470623378333,2.180208929575344,-1.2991988869081477,1.6660156517131552,-0.5481849752629528,-0.5894726258242464,-0.21278225749656673,-0.5481849752629528,-0.5481849752629528,-0.5481849752629528
2014-08-21,0.5861171060939978,0.5980616627660951,-0.11871360502857896,-0.8035062445506139,2.1501872552582197,-1.2042345999864483,1.7497079621568206,-0.5145657422071144,-0.5921158014707575,-0.3072407664102785,-0.5145657422071144,-0.5145657422071144,-0.5145657422071144
2014-08-22,0.5832589143188519,0.5681840473812237,-0.16089401288572774,-0.9289345522036562,2.1032186782546836,-1.101285377603041,1.8417607737145945,-0.4856580012227222,-0.5616527293958722,-0.401023736690168,-0.4856580012227222,-0.4856580012227222,-0.4856580012227222
2014-08-25,0.599215996964738,0.5571499402647058,-0.19163095917579362,-1.0553721641873177,1.99784897471718,-1.007678265059989,1.953160772962305,-0.4624556751271242,-0.5023195566761421,-0.5005520393011894,-0.4624556751271242,-0.4624556751271242,-0.4624556751271242
2014-08-26,0.5937017623440415,0.5212335151952063,-0.23170934600927504,-1.0526967873190618,1.9000979387766976,-0.9134100107189678,2.0851119713012274,-0.4698845131701487,-0.42371537487157557,-0.5990756160176974,-0.4698845131701487,-0.4698845131701487,-0.4698845131701487
2014-08-27,0.5538320246547515,0.492768312081192,-0.29106053442123525,-1.022665620823927,1.822650974981319,-0.8011820756634148,2.204420455407664,-0.4869168901053097,-0.3696074391925234,-0.6414885366025866,-0.4869168901053097,-0.4869168901053097,-0.4869168901053097
2014-08-28,0.5367606000649366,0.45939450645371943,-0.34913795182005597,-0.9785957249001817,1.7369304118604494,-0.7056494829564663,2.30712004542332,-0.5054376018783562,-0.2968648530106982,-0.6882071436015992,-0.5054376018783562,-0.5054376018783562,-0.5054376018783562
2014-08-29,0.533382328261333,0.4548528007360076,-0.4058029717501995,-0.9499792427452055,1.628463713284057,-0.6160910044163195,2.3942095871415785,-0.5153326630955182,-0.2266026331534256,-0.7511019249757535,-0.5153326630955182,-0.5153326630955182,-0.5153326630955182
2014-09-02,0.5258448901088686,0.43326459308811444,-0.45689283533031394,-0.9145225498891956,1.5217155300225358,-0.5103316717196755,2.4688857285247403,-0.5570524792371977,-0.08417610727293023,-0.7555776605833536,-0.5570524792371977,-0.5570524792371977,-0.5570524792371977
2014-09-03,0.5189564120009272,0.40364620853877414,-0.48694638992657296,-0.84025366380946,1.4335537439080661,-0.41960907765450944,2.5128570039402525,-0.594395752797245,0.06845968376811117,-0.8130809095766076,-0.594395752797245,-0.594395752797245,-0.594395752797245
2014-09-04,0.5016800809800832,0.37374444665407114,-0.5242742935426984,-0.7976349848612011,1.3418133704501018,-0.3054506797419983,2.5410131968243013,-0.6187556906815863,0.22002552621638422,-0.8758939002526983,-0.6187556906815863,-0.6187556906815863,-0.6187556906815863
2014-09-05,0.4640359013399692,0.3498817934754483,-0.5395623633096986,-0.721783861027537,1.2441469932313696,-0.19351050130453626,2.560598432498033,-0.6583824434028327,0.3804912754404866,-0.9107678967322038,-0.6583824434028327,-0.6583824434028327,-0.6583824434028327
2014-09-08,0.4408229638104276,0.3573792984588547,-0.5605384647394885,-0.6581833995508841,1.1815376735786902,-0.08902086551894978,2.5231397320682856,-0.7101922270024233,0.5576887460577943,-0.9120567761550348,-0.7101922270024233,-0.7101922270024233,-0.7101922270024233
2014-09-09,0.4148888242114171,0.3538170173305211,-0.5691780265412947,-0.6033395853867879,1.1112879518098948,0.015488001423158648,2.4714983008160774,-0.7661443750744529,0.7458749943622693,-0.8757599777274464,-0.7661443750744529,-0.7661443750744529,-0.7661443750744529
2014-09-10,0.39879633008892457,0.3702844869943589,-0.5833910795851562,-0.5733214439194545,1.0543418001183207,0.013104210797211392,2.413766512170869,-0.7923148888643962,0.9274505093583216,-0.8517717705658107,-0.7923148888643962,-0.7923148888643962,-0.7923148888643962
2014-09-11,0.39590772430733734,0.3893439219327024,-0.5953925490758618,-0.543393872111412,1.009201520719952,0.030121838067607525,2.323064906533599,-0.8204815118614536,1.110145452200063,-0.8370728951281714,-0.8204815118614536,-0.8204815118614536,-0.8204815118614536
2014-09-12,0.3919894678124055,0.40045893296985213,-0.5998608358089372,-0.5281754128400629,0.9734505696057097,0.04366616536445994,2.223197058610631,-0.8423701931847601,1.283259902209091,-0.8185050751841069,-0.8423701931847601,-0.8423701931847601,-0.8423701931847601
2014-09-15,0.3829335356392637,0.41016492983930164,-0.624133533559386,-0.5216365992568525,0.9308504149595649,0.05219770704942933,2.137539599941975,-0.8451939190621189,1.4333697138403059,-0.820510092205126,-0.8451939190621189,-0.8451939190621189,-0.8451939190621189
2014-09-16,0.398574840096515,0.431848999892564,-0.6496552131174977,-0.5501833177782847,0.8726331188118245,0.08146095906662519,2.0438410173028982,-0.8411142306220013,1.5687568607958267,-0.8328203425824666,-0.8411142306220013,-0.8411142306220013,-0.8411142306220013
2014-09-17,0.3894318783123708,0.43923617234012713,-0.6654679759494434,-0.575580633820142,0.8334506701205983,0.10132101195190812,1.9630038347522538,-0.8378294403435331,1.6860056640999976,-0.8200828604335384,-0.8378294403435331,-0.8378294403435331,-0.8378294403435331
2014-09-18,0.3763749487243873,0.43690732842074853,-0.6809260909992254,-0.5963430515465338,0.7941761397669892,0.10846610211089223,1.8921953623057683,-0.8283611292779672,1.794717518470231,-0.8121237401413892,-0.8283611292779672,-0.8283611292779672,-0.8283611292779672
2014-09-19,0.3449947495818978,0.420578867797658,-0.689962042277696,-0.6202134039817967,0.7386338294977981,0.10855567108665645,1.8397293704536521,-0.8113474895705102,1.904290575349023,-0.8012176592251514,-0.8113474895705102,-0.8113474895705102,-0.8113474895705102
2014-09-22,0.3035347872820174,0.43506852670885404,-0.677813084933358,-0.6293506246890548,0.7054852482675701,0.09715774248307095,1.7799746105865921,-0.7905653752922264,1.99333601566694,-0.8451317202037254,-0.7905653752922264,-0.7905653752922264,-0.7905653752922264
2014-09-23,0.2705700319774676,0.4425287356994267,-0.6606115582390116,-0.6356422922361225,0.6778228983001753,0.09122375393108459,1.7223020959292608,-0.7655821393600627,2.068030814795865,-0.9138959227178943,-0.7655821393600627,-0.7655821393600627,-0.7655821393600627
2014-09-24,0.24071436514770772,0.44109051101597113,-0.6553654115628544,-0.6440237332789869,0.6717746850894966,0.07499725324533346,1.6498193416047238,-0.7426683991607937,2.1463421863356857,-0.9546756009539021,-0.7426683991607937,-0.7426683991607937,-0.7426683991607937
2014-09-25,0.1949859610576312,0.44462508959760383,-0.631962080813477,-0.6515114971480498,0.6641069282010491,0.059738802475021904,1.5553171183175059,-0.7260243763907351,2.2411746963922856,-0.97237751251663,-0.7260243763907351,-0.7260243763907351,-0.7260243763907351
2014-09-26,0.14753325858655533,0.45103084425530354,-0.6087930545992819,-0.6917990151312298,0.6456980248679179,0.016476921119029653,1.4744405810384993,-0.6958011069585651,2.330882813331458,-0.9822659456339919,-0.6958011069585651,-0.6958011069585651,-0.6958011069585651
2014-09-29,0.10219089660339636,0.46072935733556086,-0.5811150000598924,-0.7447717170284219,0.6577080024531166,-0.02082704000937936,1.3782768549810676,-0.6761352779407067,2.4097647471137904,-0.9574149896264108,-0.6761352779407067,-0.6761352779407067,-0.6761352779407067
2014-09-30,0.05158938983407153,0.4626344078087966,-0.5539759499582921,-0.7936318577949183,0.6807564615646085,-0.06922993589629155,1.2774478511407272,-0.6618217946154045,2.488138301667428,-0.8964414899045123,-0.6618217946154045,-0.6618217946154045,-0.6618217946154045
2014-10-01,0.015247925845493062,0.46819599628064695,-0.5287779736149867,-0.8370339088601554,0.716227302332234,-0.11308474903583707,1.1742009406696956,-0.6532784731140872,2.5491460678965074,-0.8310077090572476,-0.6532784731140872,-0.6532784731140872,-0.6532784731140872
2014-10-02,-0.02365590397187187,0.5093931791496125,-0.5178755370354252,-0.9036571839786004,0.7217412161102206,-0.151285804970308,1.0121995571574731,-0.6355355622119895,2.6321519416827805,-0.7368692152959246,-0.6355355622119895,-0.6355355622119895,-0.6355355622119895
2014-10-03,-0.006654896117366984,0.5426670078468917,-0.5133213569277296,-0.960953225234103,0.7369391068685549,-0.2158731551223768,0.8804780951718194,-0.6249691096767824,2.679232604945022,-0.6426377427235813,-0.6249691096767824,-0.6249691096767824,-0.6249691096767824
2014-10-06,0.038041680874364485,0.5845200831205114,-0.5009719478907362,-1.0345139811859854,0.7551959187249698,-0.3038157297476927,0.7190229395372896,-0.6038940471199786,2.7174371920819573,-0.5593399670347629,-0.6038940471199786,-0.6038940471199786,-0.6038940471199786
2014-10-07,0.08421457073914906,0.6204512351502315,-0.49354271383856657,-1.1183748746096367,0.7481799009436828,-0.39010255796432763,0.6241827617303145,-0.5681422255569821,2.727624282720021,-0.5300637026429409,-0.5681422255569821,-0.5681422255569821,-0.5681422255569821
2014-10-08,0.14497308150392446,0.6394479690693158,-0.5072724322469953,-1.1934763807483117,0.7401124632104087,-0.4571643657796276,0.5102931844528767,-0.5224799465767412,2.739073730990462,-0.5260674641450868,-0.5224799465767412,-0.5224799465767412,-0.5224799465767412
2014-10-09,0.21136518856508513,0.6544208893372236,-0.5094083666653737,-1.2293469291427501,0.7494613486491031,-0.5209802513182041,0.3752754980526625,-0.49985945278109273,2.7482486320506863,-0.4795981984040623,-0.49985945278109273,-0.49985945278109273,-0.49985945278109273
2014-10-10,0.2612124882403559,0.6778761485181921,-0.515805821653034,-1.2589723140849904,0.7587214620778915,-0.5995088024006575,0.22080808887324807,-0.4562515697052118,2.753402684221711,-0.4727276549718705,-0.4562515697052118,-0.4562515697052118,-0.4562515697052118
2014-10-13,0.35633519860671564,0.7027963153760866,-0.5194219865670944,-1.2851185552632767,0.7769094952754838,-0.713902211463482,0.013677007899808946,-0.3830553985947307,2.733772547446103,-0.5328262169314228,-0.3830553985947307,-0.3830553985947307,-0.3830553985947307
2014-10-14,0.4484940410593628,0.7402302302756211,-0.51597493386468,-1.3233409454436882,0.805122982118376,-0.8073947090285853,-0.3001752781853943,-0.2855075452489106,2.6788715205925744,-0.5838027265279445,-0.2855075452489106,-0.2855075452489106,-0.2855075452489106
2014-10-15,0.4766236610629238,0.7685479912899013,-0.5396240850705202,-1.3424135571172267,0.8707475890971703,-0.9001188175134952,-0.49443145385998344,-0.22067141911563598,2.601801512650276,-0.558447164076502,-0.22067141911563598,-0.22067141911563598,-0.22067141911563598
2014-10-16,0.526997838556375,0.7938473437113396,-0.5879238991921619,-1.361633600212849,0.9077331391732734,-0.9771490527085867,-0.7313095286478389,-0.10683524636146272,2.4790822848818244,-0.6223035401155251,-0.10683524636146272,-0.10683524636146272,-0.10683524636146272
2014-10-17,0.5368732554883301,0.7929530832943994,-0.6235164466732847,-1.316587548164891,0.9166599099162193,-1.0745377053120593,-0.9916302716126089,0.02197103942899956,2.349726094504638,-0.677824529156741,0.02197103942899956,0.02197103942899956,0.02197103942899956
2014-10-20,0.5496493495134923,0.7985857836484883,-0.7059360360737034,-1.226447479892252,0.9678824763252057,-1.1801952370595519,-1.2514447544415783,0.1630559610037484,2.1263967291240147,-0.7307146751591092,0.1630559610037484,0.1630559610037484,0.1630559610037484
2014-10-21,0.6015020041834677,0.7477493876824958,-0.8088343095934297,-1.1788971979167495,0.9841181887410613,-1.24385694033103,-1.4704614407201977,0.28699387314725044,1.8914860943958198,-0.6707812790304394,0.28699387314725044,0.28699387314725044,0.28699387314725044
2014-10-22,0.6497616144587455,0.6821978429745162,-0.9265418035764917,-1.1005547341692974,1.0295579203266403,-1.2955015594198833,-1.6222252866632771,0.345091172723914,1.7134286726303893,-0.5104873574569984,0.345091172723914,0.345091172723914,0.345091172723914
2014-10-23,0.6765227124405664,0.6269275377438434,-0.9863023601196385,-1.0012667827472959,1.0682989428847294,-1.3503327825068647,-1.7776210866565785,0.41723301030391224,1.4795932245974286,-0.40475144685183967,0.41723301030391224,0.41723301030391224,0.41723301030391224
2014-10-24,0.7603282012558386,0.5685244786619658,-1.0193672249517873,-0.9919721096595533,1.1280545465006986,-1.3569217877404756,-1.8707382328286837,0.4922360816392935,1.1689279165737316,-0.3557801143689094,0.4922360816392935,0.4922360816392935,0.4922360816392935
2014-10-27,0.9002936303689882,0.5534254519823604,-1.0172919813284451,-1.0866254206617476,1.1778242452397398,-1.2966499862359715,-1.894784927711761,0.5188402486963946,0.910201460295011,-0.3217534667337529,0.5188402486963946,0.5188402486963946,0.5188402486963946
2014-10-28,0.9784210407855566,0.5377368099395525,-0.9918678471424189,-1.131242594174716,1.1764753364321194,-1.2019060237284944,-1.9524832811885247,0.5694653214376636,0.6559304217626326,-0.348925148436361,0.5694653214376636,0.5694653214376636,0.5694653214376636
2014-10-29,1.0788038830187772,0.5177916451525213,-0.9910540387501147,-1.1831224164080925,1.182938778212069,-1.1154262541039635,-1.922918403238531,0.5990872702020367,0.47035800735199007,-0.4337202820428023,0.5990872702020367,0.5990872702020367,0.5990872702020367
2014-10-30,1.1659391093309637,0.5190721477434211,-0.9877372511777621,-1.2377671319344352,1.0903246993376734,-1.0317144276607826,-1.8855968563175505,0.6455145607999501,0.319888371026103,-0.5344669035474304,0.6455145607999501,0.6455145607999501,0.6455145607999501
2014-10-31,1.2691949444745196,0.5033514242656123,-0.9809581866958308,-1.2751213386033653,1.0247408258528452,-0.9598635231290392,-1.8320272378265599,0.6744422829144965,0.16400056822769316,-0.6110866082238595,0.6744422829144965,0.6744422829144965,0.6744422829144965
2014-11-03,1.335626445615771,0.5053763954055832,-0.9708071170199659,-1.2949842180027393,0.9475974928229408,-0.8391895215297444,-1.8602567574013753,0.6765697581284638,0.12713837237971637,-0.6567801247840411,0.6765697581284638,0.6765697581284638,0.6765697581284638
2014-11-04,1.4127722377336114,0.5058251899065135,-0.9808822805161342,-1.3196312969247128,0.8363222999160239,-0.6877463413613677,-1.8831856597673187,0.6795856302630364,0.08470951813132764,-0.6865261881700897,0.6795856302630364,0.6795856302630364,0.6795856302630364
2014-11-05,1.4605965377683332,0.4973701255166468,-0.9934965587762993,-1.3471050756378606,0.7505719550061897,-0.5202788330157377,-1.9363261267600325,0.6737194590065462,0.039538607055687805,-0.6457484671831123,0.6737194590065462,0.6737194590065462,0.6737194590065462
2014-11-06,1.4967867643522061,0.5085974282796025,-0.9876063238094339,-1.3744314985706796,0.6726502181652066,-0.36259366421734174,-2.0078655890909505,0.6484128143552044,0.04181721387493647,-0.5810058064043613,0.6484128143552044,0.6484128143552044,0.6484128143552044
2014-11-07,1.5149871305917626,0.5039443345863505,-1.008354802695691,-1.4165004997360324,0.5912181882437793,-0.18783983005121865,-2.028472313742447,0.6382169932167808,0.024233484699251292,-0.5460836647628775,0.6382169932167808,0.6382169932167808,0.6382169932167808
2014-11-10,1.5314574174583595,0.5150500152689541,-1.0266882383145157,-1.4441646238416346,0.5414694280017393,-0.04962836321473258,-2.0629882189068174,0.6107896945181573,0.005982305846518125,-0.45364850037050025,0.6107896945181573,0.6107896945181573,0.6107896945181573
2014-11-11,1.5284430134710965,0.5531076141535662,-1.0857752067463933,-1.5374239672673027,0.4970370798998351,0.13058236055912834,-2.0752318419993743,0.5352103051758147,0.13323173409358663,-0.284812006867401,0.5352103051758147,0.5352103051758147,0.5352103051758147
2014-11-12,1.558702434896317,0.5928756305569016,-1.1496101646648766,-1.6308690127552588,0.4289690723324211,0.27969985419390386,-2.0294305833535833,0.43658515043957413,0.2935942052397679,-0.09027203820388928,0.43658515043957413,0.43658515043957413,0.43658515043957413
2014-11-13,1.6083670820326434,0.6300667852452825,-1.1999421860096628,-1.6834890484015022,0.3535282688902526,0.3864342856799159,-1.9555483572208787,0.3378245086459753,0.42420702318082004,0.08507811201922706,0.3378245086459753,0.3378245086459753,0.3378245086459753
2014-11-14,1.672860420023317,0.6991588815862836,-1.2251523927898025,-1.6927264788723209,0.2620298838116555,0.45649877305092146,-1.8727700780299494,0.2268582269726769,0.5413427222109454,0.2513253611182424,0.2268582269726769,0.2268582269726769,0.2268582269726769
2014-11-17,1.772748606884174,0.7780921090631837,-1.2482528136855329,-1.6573034784571765,0.1901888169117209,0.5360531698250189,-1.7559326047974757,0.10473517200300778,0.6059832979151464,0.35948220832890954,0.10473517200300778,0.10473517200300778,0.10473517200300778
2014-11-18,1.8598731377902962,0.8380714088269459,-1.2166492284122765,-1.6164930129627422,0.05427980288672354,0.6313896007039597,-1.6505957844534231,0.0011083752506469329,0.6450147755996145,0.4506757990183146,0.0011083752506469329,0.0011083752506469329,0.0011083752506469329
2014-11-19,1.9146368782820875,0.8634162918095116,-1.2010233702239603,-1.5595777501197294,-0.09591564899879025,0.7368205559841926,-1.5302013230515257,-0.09224648070594157,0.7111070635013186,0.5297232256406613,-0.09224648070594157,-0.09224648070594157,-0.09224648070594157
2014-11-20,1.9613570266343467,0.8945100220470026,-1.1586967077606645,-1.5116929604970393,-0.2532062710572274,0.8058015357079642,-1.4552145600028117,-0.13870723170796792,0.6997981358556309,0.5721727059046702,-0.13870723170796792,-0.13870723170796792,-0.13870723170796792
2014-11-21,1.9785169070275157,0.9246194332360052,-1.1428927416184231,-1.44232978118945,-0.407890641403159,0.9018829439152167,-1.347050267946119,-0.19941406480744342,0.7015879272878359,0.6312124799203516,-0.19941406480744342,-0.19941406480744342,-0.19941406480744342
2014-11-24,1.9747392412802958,0.924284818420645,-1.1394319695733577,-1.3484510794947602,-0.5694915431147166,0.9760433630193318,-1.267560164538738,-0.24282478270415306,0.7044848446345273,0.7166816201833848,-0.24282478270415306,-0.24282478270415306,-0.24282478270415306
2014-11-25,2.000491168490642,0.8775566543029505,-1.150073334963767,-1.1367904873236558,-0.7468235991486729,1.0503916078734992,-1.2057218250266537,-0.2991430965582563,0.7099141539553575,0.7976280480733248,-0.2991430965582563,-0.2991430965582563,-0.2991430965582563
2014-11-26,2.029746447803261,0.8361422494204196,-1.1729422034514514,-0.9526232101458232,-0.9050994836933888,1.1169111075037244,-1.059670259647358,-0.35861057026500487,0.7216893672815478,0.8202882659890874,-0.35861057026500487,-0.35861057026500487,-0.35861057026500487
2014-11-28,2.027850593793348,0.7853731857229769,-1.1859325080670182,-0.777095598944699,-1.0119087213685356,1.1649909037119845,-1.0085966572483835,-0.39215465421291273,0.721828205560578,0.8521092136913997,-0.39215465421291273,-0.39215465421291273,-0.39215465421291273
2014-12-01,2.0134087057862393,0.7289939928423166,-1.215173635481303,-0.6085702827971069,-1.0309817872162672,1.2157871612026734,-0.9574635053118336,-0.4419443134413004,0.7283917118459057,0.8933848928945773,-0.4419443134413004,-0.4419443134413004,-0.4419443134413004
2014-12-02,1.9697225923816346,0.7087697347742905,-1.2460621278878274,-0.49446319893526314,-1.0256277298098386,1.2543095824211175,-0.9231205724007105,-0.48063051893448,0.7695523999643933,0.9094413952301246,-0.48063051893448,-0.48063051893448,-0.48063051893448
2014-12-03,1.9354664345756105,0.6890787306843775,-1.2872246540174652,-0.39964000951726103,-1.0261319371950177,1.2725065505738629,-0.900895885458866,-0.4996650472501678,0.7924999713969862,0.9230009879584434,-0.4996650472501678,-0.4996650472501678,-0.4996650472501678
2014-12-04,1.888487321937287,0.649029708325031,-1.3175915489632433,-0.3282330250188965,-1.01331334231069,1.29837817799899,-0.8841070523230126,-0.5192435082261301,0.847465262136463,0.936858531122592,-0.5192435082261301,-0.5192435082261301,-0.5192435082261301
2014-12-05,1.823691975756792,0.6110770036099632,-1.330858199878246,-0.25122906016478036,-1.022206887077301,1.2697809448914639,-0.8676431958590866,-0.5426228544639856,0.9905283005345715,0.9473505360425659,-0.5426228544639856,-0.5426228544639856,-0.5426228544639856
2014-12-08,1.758027517095032,0.5637254150793911,-1.355452662437772,-0.1731939886553669,-1.0062665863877174,1.246933029775357,-0.8243366766010376,-0.5716690221941753,1.1182267732341185,0.9590132676746959,-0.5716690221941753,-0.5716690221941753,-0.5716690221941753
2014-12-09,1.6963976926275923,0.5071291458819494,-1.3554910335108574,-0.11138609840511406,-0.9854223856537888,1.2267576881281443,-0.8602990340119936,-0.5799801242764829,1.2210333530853217,0.981201168964679,-0.5799801242764829,-0.5799801242764829,-0.5799801242764829
2014-12-10,1.627673349707498,0.43424739628854214,-1.3411646084649866,-0.057256163679551886,-0.9627249202293783,1.2082008957108334,-0.8768810482262436,-0.5924502561739279,1.3534806013570122,0.9842255222319862,-0.5924502561739279,-0.5924502561739279,-0.5924502561739279
2014-12-11,1.5768925957112625,0.36882288278686554,-1.3455652035611863,-0.02771974162841989,-0.9227549382515944,1.1756260571348447,-0.914940475150471,-0.5893446418023227,1.4602791166802878,0.9867382734877014,-0.5893446418023227,-0.5893446418023227,-0.5893446418023227
2014-12-12,1.5141181826339507,0.3117663327002458,-1.344157507833518,-0.017009769431857,-0.8543819431176103,1.152602844349497,-0.9955638783386559,-0.5789385139893127,1.5621055844785185,0.9862742105166799,-0.5789385139893127,-0.5789385139893127,-0.5789385139893127
2014-12-15,1.4459526116227064,0.2690269214708513,-1.3456853335992023,0.0011227826507621903,-0.7937968261511706,1.1289359397002876,-1.1019085347696016,-0.5562469531736604,1.6525824371382243,0.968757814631784,-0.5562469531736604,-0.5562469531736604,-0.5562469531736604
2014-12-16,1.3551443972487196,0.21205946287625102,-1.3420747735014344,0.007122804995258766,-0.7239385429975519,1.1222954042781077,-1.2125198706273903,-0.5291534702614892,1.7381895007378045,0.9603354980361931,-0.5291534702614892,-0.5291534702614892,-0.5291534702614892
2014-12-17,1.259927648222812,0.15089176819246608,-1.3309756899690428,-0.0408727457127789,-0.6640285478239469,1.1084708506267682,-1.3475275906402115,-0.47940730418575117,1.8048772032494271,0.9768663205975107,-0.47940730418575117,-0.47940730418575117,-0.47940730418575117
2014-12-18,1.1600647966181463,0.08334800686300686,-1.301264038191137,-0.08050011481880077,-0.5974701792352982,1.1080470854888445,-1.437276955592702,-0.45068735550753475,1.8654170741950444,1.0023837467030339,-0.45068735550753475,-0.45068735550753475,-0.45068735550753475
2014-12-19,1.0756609410976832,0.06171411627439527,-1.2670066071400186,-0.124181451246066,-0.5168490504608865,1.0820948385748748,-1.5243675158072316,-0.43054918623316885,1.919047097209426,1.0160843764305,-0.43054918623316885,-0.43054918623316885,-0.43054918623316885
2014-12-22,0.9946687212524964,0.04718326295529842,-1.2443609819346844,-0.18022323908908697,-0.42091628616396526,1.06248569208516,-1.580571049690181,-0.4165991351290645,1.976020048741244,1.0121103723599774,-0.4165991351290645,-0.4165991351290645,-0.4165991351290645
2014-12-23,0.9121433508176866,0.020719502161199155,-1.2068215834237277,-0.23673256569544437,-0.3124437990687656,1.035630802100269,-1.633236827367546,-0.40581980559666736,2.0346996317611663,1.0093207111018319,-0.40581980559666736,-0.40581980559666736,-0.40581980559666736
2014-12-24,0.8274443367631704,0.02189661481538725,-1.1676909891067346,-0.29678378379080633,-0.21815069983307198,1.0041511151385132,-1.668840987650051,-0.39828333082815687,2.09797679885459,0.9931309181216305,-0.39828333082815687,-0.39828333082815687,-0.39828333082815687
2014-12-26,0.7212779758333379,0.03266627892781009,-1.1323009807556952,-0.3683459179240637,-0.12108912958882709,0.9710689742763216,-1.7158805005970281,-0.3783960618151617,2.154602327546777,0.9715852195420155,-0.3783960618151617,-0.3783960618151617,-0.3783960618151617
2014-12-29,0.6405636996428271,0.038535141603082176,-1.0940034848735234,-0.4257718184928672,-0.04675390792412973,0.9297272419076501,-1.7495723396640916,-0.3632722039170815,2.1968943520016695,0.9634699314677089,-0.3632722039170815,-0.3632722039170815,-0.3632722039170815
2014-12-30,0.5579253315170014,0.041275960015237596,-1.0552353807764796,-0.46498242090659897,0.001741071300189751,0.8828489143740368,-1.7922457933888536,-0.34095827044509674,2.2305473892211123,0.9619580104247407,-0.34095827044509674,-0.34095827044509674,-0.34095827044509674
2014-12-31,0.47615108236035736,0.04105629012395238,-1.0162297910228881,-0.5184695987232814,0.04676110334542079,0.8312230873489154,-1.8255195178492303,-0.31349610344276346,2.2691585550902653,0.9498532030975424,-0.31349610344276346,-0.31349610344276346,-0.31349610344276346
2015-01-02,0.4045745126050284,0.00020262755291632528,-0.9846288755706775,-0.5466726572896133,0.0937123766084763,0.7783306544898219,-1.8198469986463588,-0.29803819494786826,2.3229122703286684,0.9435688697132112,-0.29803819494786826,-0.29803819494786826,-0.29803819494786826
2015-01-05,0.33902621815506384,-0.030529125294643005,-0.9555364104427262,-0.5798594408028198,0.14548268993917637,0.7333422625327801,-1.8168666067994663,-0.2817609623761678,2.366667123088694,0.9253171391286121,-0.2817609623761678,-0.2817609623761678,-0.2817609623761678
2015-01-06,0.2546751769136155,-0.04621702082954696,-0.9328212766669207,-0.5854378197136906,0.20938458049025888,0.6679486130170312,-1.8383098443406152,-0.25727808403068564,2.40536749911103,0.8945224281415805,-0.25727808403068564,-0.25727808403068564,-0.25727808403068564
2015-01-07,0.19465113881506454,-0.07441617175140845,-0.9417634541033134,-0.6064165554717644,0.2852892599670726,0.6200669293718889,-1.871356513367583,-0.21981756495754465,2.40596346911283,0.8672521572573912,-0.21981756495754465,-0.21981756495754465,-0.21981756495754465
2015-01-08,0.14277380012751906,-0.09109201294829726,-0.9399280066116968,-0.6170672999972505,0.34601007518397053,0.5588124143401738,-1.9020426293437322,-0.1813123038719302,2.425227673796018,0.8025552009410162,-0.1813123038719302,-0.1813123038719302,-0.1813123038719302
2015-01-09,0.11636734378869472,-0.08891623841361974,-0.9501618849363264,-0.6150819366465484,0.39634855105567923,0.5011357358393432,-1.8860171922900093,-0.16988992801616512,2.462543842182292,0.7433414914851555,-0.16988992801616512,-0.16988992801616512,-0.16988992801616512
2015-01-12,0.08543946198128835,-0.08376265655010903,-0.9742893023308572,-0.6382223053219441,0.4447481478416782,0.453707703940011,-1.8793556884902447,-0.14234473040665782,2.4794782451759785,0.68163531538083,-0.14234473040665782,-0.14234473040665782,-0.14234473040665782
2015-01-13,0.06345352027497095,-0.07925373263619258,-0.9947493902344688,-0.6509130543091494,0.48828638516050776,0.4084932335030624,-1.8839517056595352,-0.10596715082134207,2.4998022536172395,0.5727010935689332,-0.10596715082134207,-0.10596715082134207,-0.10596715082134207
2015-01-14,0.059174668933429236,-0.07970321726765645,-1.0219864976476831,-0.6612872137913581,0.5193394592733049,0.37101605131444043,-1.8970180855122598,-0.05662598808619708,2.5117067418310155,0.4252620452115556,-0.05662598808619708,-0.05662598808619708,-0.05662598808619708
2015-01-15,0.057442809063486804,-0.0911220425994608,-1.0085303158661603,-0.6744214113526582,0.5317053515140144,0.3697970238241536,-1.9218789124795372,-0.014865058722834359,2.5145538731328245,0.2819138596546744,-0.014865058722834359,-0.014865058722834359,-0.014865058722834359
2015-01-16,0.045648049522965625,-0.10821220912525566,-0.9893894738257049,-0.7047867480131944,0.5321860675430273,0.37363000685622344,-1.9287357222512214,0.029960146549614628,2.518782596800047,0.14103684629465485,0.029960146549614628,0.029960146549614628,0.029960146549614628
2015-01-20,0.01077300298459375,-0.09854030686062339,-0.9396898030998185,-0.7054678383393936,0.5547605262827154,0.3812632785168214,-1.9207666809783668,0.04793466154275844,2.5411774719345224,-0.01524829661148469,0.04793466154275844,0.04793466154275844,0.04793466154275844
2015-01-21,-0.015387456766207822,-0.07828198151050031,-0.8978450079059523,-0.7039928945578643,0.5941371038774825,0.34403629405563435,-1.9289366329266067,0.08076694426499777,2.5383051564416665,-0.17510235776764332,0.08076694426499777,0.08076694426499777,0.08076694426499777
2015-01-22,-0.05733992823513541,-0.10656809873363196,-0.8373258492301666,-0.6562205680315722,0.6131940005098756,0.3277314219847498,-1.9761558597490316,0.12482989931442898,2.510410508774961,-0.3170452245477641,0.12482989931442898,0.12482989931442898,0.12482989931442898
2015-01-23,-0.07149822340341089,-0.12625680235626402,-0.7716167583551614,-0.579984125133012,0.6045626556925476,0.3107856417596564,-2.0120241423847673,0.14888753169003174,2.4993406927620803,-0.448859065341796,0.14888753169003174,0.14888753169003174,0.14888753169003174
2015-01-26,-0.0784785271681497,-0.144459112791629,-0.7062550692346781,-0.5131401668792968,0.5763958017944828,0.2726064805985218,-2.050840423558451,0.18653597446307355,2.4751090061332763,-0.5770818867463703,0.18653597446307355,0.18653597446307355,0.18653597446307355
2015-01-27,-0.07563695280410279,-0.1785110330523856,-0.6625843096742055,-0.4577464916467208,0.565623795745895,0.2442785157695931,-2.0501689656203625,0.21932792662679085,2.45448340699441,-0.7170496722192842,0.21932792662679085,0.21932792662679085,0.21932792662679085
2015-01-28,-0.07704290439673775,-0.258634481244531,-0.6215174583333198,-0.4126342446574398,0.5518508409720693,0.19891726577867913,-2.0261751853341594,0.27148437062765746,2.424430036868325,-0.8651313521635151,0.27148437062765746,0.27148437062765746,0.27148437062765746
2015-01-29,-0.037646760065293654,-0.34174504453119325,-0.5826749594701021,-0.379740086863032,0.5415405354319057,0.1472537364815413,-2.0353043019406596,0.3278599081344949,2.356192058032057,-0.9793148096132029,0.3278599081344949,0.3278599081344949,0.3278599081344949
2015-01-30,0.015539649224690423,-0.4102007363596166,-0.551132465441589,-0.3534694884179024,0.5516713833136072,0.11156019941629886,-2.001610555815089,0.36242013848929344,2.304032593101633,-1.1160711329792068,0.36242013848929344,0.36242013848929344,0.36242013848929344
2015-02-02,0.06565478586301983,-0.5030749285901839,-0.4844176916326675,-0.20563630539372282,0.5196273430143714,0.056182025650299346,-1.9837934591293702,0.3920008824689877,2.2407717043527224,-1.2733170040104196,0.3920008824689877,0.3920008824689877,0.3920008824689877
2015-02-03,0.13887537067875677,-0.5772451710536287,-0.4271655603176966,-0.038768526852959076,0.4779877273530595,0.028802534581617738,-1.9489361774805412,0.40998681731009257,2.157959619442074,-1.4514570855910538,0.40998681731009257,0.40998681731009257,0.40998681731009257
2015-02-04,0.2104940957587242,-0.6610492136231259,-0.37735812334408286,0.12057528032968033,0.4245888457292431,0.020795451784580362,-1.8796474767987592,0.4121130577825434,2.096850005988786,-1.6037010969552195,0.4121130577825434,0.4121130577825434,0.4121130577825434
2015-02-05,0.3059782357695217,-0.7461225600031534,-0.34238742988988236,0.28288934680603334,0.36850605621231436,0.021414243852988086,-1.7818142917533955,0.3925108681888888,2.0546006654073796,-1.7331077391573604,0.3925108681888888,0.3925108681888888,0.3925108681888888
2015-02-06,0.37850644501196823,-0.8157893195090987,-0.290856368405071,0.4653392869999389,0.317855130625368,0.05744584205847915,-1.701672335717342,0.3495967407147809,2.016718682237449,-1.8259343261608154,0.3495967407147809,0.3495967407147809,0.3495967407147809
2015-02-09,0.4350650753597259,-0.889063402572509,-0.22818284219649457,0.6306087140736146,0.2608455462752453,0.1014249210856784,-1.6429689482172323,0.31775882926460586,1.9524812169669055,-1.8912455978333582,0.31775882926460586,0.31775882926460586,0.31775882926460586
2015-02-10,0.47448960316275024,-0.9646104699169747,-0.1574105449883563,0.7947382404302611,0.19843147073744327,0.1243013507590511,-1.538876762031246,0.31037920229971955,1.8326680548999026,-2.00524775225171,0.31037920229971955,0.31037920229971955,0.31037920229971955
2015-02-11,0.5148168807877217,-1.0445349803069044,-0.07444746180807249,0.9642436104461305,0.13900926525041366,0.14051904017763614,-1.4451926235987502,0.2882363195166597,1.7221450323903704,-2.0695040414051844,0.2882363195166597,0.2882363195166597,0.2882363195166597
2015-02-12,0.5822940582555046,-1.128176838544334,-0.0033724292386001133,1.1401815162856597,0.0878448924309378,0.15021716398155113,-1.3572363673290728,0.24637609413052147,1.6245321542882802,-2.0817885266520118,0.24637609413052147,0.24637609413052147,0.24637609413052147
2015-02-13,0.6405481703551128,-1.19848624408187,0.05999012789943445,1.2994153361899672,0.027570146006770838,0.20551444951139136,-1.3105031298264047,0.19555190036247255,1.5384806842521213,-2.044737141756414,0.19555190036247255,0.19555190036247255,0.19555190036247255
2015-02-17,0.7050851179076726,-1.2599340456314285,0.10917528409912851,1.4670275104404147,-0.042279066708843994,0.24354382156258905,-1.2184572863779466,0.13768540764428006,1.4511035798577752,-2.0060065457264815,0.13768540764428006,0.13768540764428006,0.13768540764428006
2015-02-18,0.7910367431061756,-1.3100003162597935,0.13641515898955092,1.622826138863034,-0.09461071151038761,0.2737450752843375,-1.1256510638057753,0.0661979832326727,1.376242926749842,-1.934795884347674,0.0661979832326727,0.0661979832326727,0.0661979832326727
2015-02-19,0.8948049171271065,-1.3676929061449294,0.1497104102689733,1.7678171405208225,-0.14213401187649685,0.2816935349389111,-1.0187928821678103,0.002129395219266091,1.2749191811391516,-1.8488429646827935,0.002129395219266091,0.002129395219266091,0.002129395219266091
2015-02-20,0.9596948290169255,-1.4132595089113575,0.16437354082107197,1.9040004372471675,-0.1757504873448426,0.28649686639819544,-0.8800940821053347,-0.056409861555711635,1.1626877762223014,-1.7825099251212806,-0.056409861555711635,-0.056409861555711635,-0.056409861555711635
2015-02-23,1.021695216669224,-1.4333469928028253,0.15076089724366926,2.010759367051645,-0.20644233409071758,0.29106739673375764,-0.7401080987146252,-0.1091001705951098,1.0668212076647712,-1.724805977374459,-0.1091001705951098,-0.1091001705951098,-0.1091001705951098
2015-02-24,1.0871263511778515,-1.4501756214254935,0.11771404682258119,2.072731124786733,-0.23961976802388094,0.28954170728252443,-0.6551979724428181,-0.13689942456611898,0.9916639968113802,-1.666186166724402,-0.13689942456611898,-0.13689942456611898,-0.13689942456611898
2015-02-25,1.144038916995411,-1.4585219692154854,0.08358870639616679,2.1241972946674648,-0.2713452728262792,0.3009095261932229,-0.578038388634252,-0.15922562207628585,0.9098392721864534,-1.6177655974575587,-0.15922562207628585,-0.15922562207628585,-0.15922562207628585
2015-02-26,1.1709075418785164,-1.4616455044363295,0.0724001838655641,2.1824964507561915,-0.2856041548273987,0.3102533195182402,-0.5370270226166898,-0.17956363407925408,0.8290227386897563,-1.5625490165108344,-0.17956363407925408,-0.17956363407925408,-0.17956363407925408
2015-02-27,1.2084862223989477,-1.4124316678044222,0.07018110930547256,2.2132777006851057,-0.30456765383146744,0.33341097734674996,-0.5151183444455113,-0.23276121860351034,0.8384847688127716,-1.5006782380536046,-0.23276121860351034,-0.23276121860351034,-0.23276121860351034
2015-03-02,1.1949018052495506,-1.3561956333950613,0.08821562396809696,2.264255526607902,-0.3366922290179526,0.3678324465883224,-0.4810797430273078,-0.28578000936990455,0.8438878877266341,-1.4420056472205665,-0.28578000936990455,-0.28578000936990455,-0.28578000936990455
2015-03-03,1.1669930186969502,-1.3094967484356408,0.12297259999928446,2.303731548431195,-0.36749423187239716,0.4066128549979563,-0.4825696093567134,-0.3298194124919202,0.8565588350865672,-1.3780306175795218,-0.3298194124919202,-0.3298194124919202,-0.3298194124919202
2015-03-04,1.1800411692713677,-1.2605903904751712,0.12747682776675817,2.277401445279985,-0.37693163773790644,0.4695450325089299,-0.48095273298746016,-0.37442703451063963,0.9133153276486831,-1.3515969032326283,-0.37442703451063963,-0.37442703451063963,-0.37442703451063963
2015-03-05,1.1851120916851021,-1.2271058702637436,0.14497154465774406,2.2345794432626387,-0.3696290531021689,0.5278666091340747,-0.5143083409733693,-0.4125443642780074,0.987584950920513,-1.3188939182087611,-0.4125443642780074,-0.4125443642780074,-0.4125443642780074
2015-03-06,1.1762704140899642,-1.188636416902999,0.1668870704711334,2.1951320319548766,-0.35684400458628107,0.578818460921638,-0.5767440462706642,-0.4438240068424951,1.0628197869811282,-1.2824072692888153,-0.4438240068424951,-0.4438240068424951,-0.4438240068424951
2015-03-09,1.1745989684499778,-1.159032706028697,0.1991818830107255,2.1404542177918136,-0.349473274377074,0.6355512804682556,-0.6530600904930463,-0.4662753134178395,1.1271306212479553,-1.2502496463985533,-0.4662753134178395,-0.4662753134178395,-0.4662753134178395
2015-03-10,1.1747978817552516,-1.1255685895081018,0.23543513903984836,2.0681688754723635,-0.3396067202180852,0.6831299819378708,-0.744366471374449,-0.4834265534229531,1.2051768517758745,-1.2234607351887605,-0.4834265534229531,-0.4834265534229531,-0.4834265534229531
2015-03-11,1.1721833155809034,-1.1022463981248662,0.24440323391626942,1.9803949552837001,-0.32395469499584156,0.7496531992932516,-0.8256692137246139,-0.4977141287949678,1.2900588518132086,-1.193966733862141,-0.4977141287949678,-0.4977141287949678,-0.4977141287949678
2015-03-12,1.1471866769809396,-1.0829301394077528,0.258715764926388,1.8937211765647202,-0.3067288996482114,0.8104885313174682,-0.9104074520835751,-0.5114967580699886,1.3836612875707837,-1.1477199139408054,-0.5114967580699886,-0.5114967580699886,-0.5114967580699886
2015-03-13,1.1232760882780768,-1.0625759175085958,0.27332111087535504,1.817693338278883,-0.2734192739925609,0.8454218906122138,-0.9759057618874667,-0.5102827658333968,1.4512687824614212,-1.1579491937837392,-0.5102827658333968,-0.5102827658333968,-0.5102827658333968
2015-03-16,1.0845603585033707,-1.038398807859284,0.28746458309146655,1.746000187763286,-0.258873805632687,0.8932305331545722,-1.0428342734094147,-0.5056316150311789,1.5131375307930583,-1.1617598462796515,-0.5056316150311789,-0.5056316150311789,-0.5056316150311789
2015-03-17,1.044610108194424,-1.0262149049973812,0.3021233925152731,1.6823938858042844,-0.23495772487415087,0.8905243284676833,-1.052291756294375,-0.5015655646078465,1.5950439647625085,-1.1949690351468798,-0.5015655646078465,-0.5015655646078465,-0.5015655646078465
2015-03-18,1.0095753769957359,-1.0212281949654909,0.303888399024137,1.6084700610615106,-0.1891633807040587,0.8904488722939462,-1.0633247966724122,-0.49072288545387927,1.669124187824156,-1.2448989830420067,-0.49072288545387927,-0.49072288545387927,-0.49072288545387927
2015-03-19,0.9665167243599754,-1.0081177509407744,0.3177196336881989,1.5483355508533339,-0.13613545251689327,0.871480605100691,-1.0640909574509239,-0.48160039119799214,1.735289094459537,-1.3045958827611754,-0.48160039119799214,-0.48160039119799214,-0.48160039119799214
2015-03-20,0.9077970273674079,-0.9974625879885765,0.3246525299293236,1.4764572922935864,-0.08678708762841486,0.8679469617766188,-1.0787221488764578,-0.46638750942586643,1.806825943505109,-1.3551578926751313,-0.46638750942586643,-0.46638750942586643,-0.46638750942586643
2015-03-23,0.8489619261165449,-0.9772688204551705,0.32884669201433253,1.4011268629528888,-0.05748169675711254,0.8777968095215564,-1.1079357861329877,-0.4537625229527806,1.8787611397424002,-1.3777570351913286,-0.4537625229527806,-0.4537625229527806,-0.4537625229527806
2015-03-24,0.799305039745375,-0.9512801071613135,0.34679439684320185,1.3106608726114755,-0.019064877716863285,0.8639820466897362,-1.1359989721917434,-0.4393535935221867,1.953946356168783,-1.4109303808999039,-0.4393535935221867,-0.4393535935221867,-0.4393535935221867
2015-03-25,0.7207454297179299,-0.9420842026975804,0.3874470618447025,1.2340835115777826,0.036386839600096095,0.852686468765462,-1.1301964944554972,-0.43383400477995326,2.0195051058357616,-1.4432377010688446,-0.43383400477995326,-0.43383400477995326,-0.43383400477995326
2015-03-26,0.6492800525294488,-0.9441882674123913,0.4300497084225334,1.1789376510058587,0.0947906316181318,0.8160068005809227,-1.124170521187056,-0.4211002512273985,2.0658040533395785,-1.4821091039874315,-0.4211002512273985,-0.4211002512273985,-0.4211002512273985
2015-03-27,0.6054011013599625,-0.9432974624980903,0.4604087581023916,1.1017195398862836,0.14018648362779448,0.782902250676277,-1.128343251854063,-0.4069575103960248,2.116105385564167,-1.507252763280624,-0.4069575103960248,-0.4069575103960248,-0.4069575103960248
2015-03-30,0.5669571389180286,-0.9491731839314405,0.4866788792824427,1.0587971635501217,0.19686168275270735,0.7833500048789174,-1.1644539152984097,-0.38418724448877456,2.1044403114838923,-1.5467091036811604,-0.38418724448877456,-0.38418724448877456,-0.38418724448877456
2015-03-31,0.5469789015335547,-0.9590954954181705,0.5004333065405192,1.0209928588073136,0.2583557391425809,0.7763816657248124,-1.1659373482426467,-0.36997150684350755,2.0928651919154673,-1.5910887926294013,-0.36997150684350755,-0.36997150684350755,-0.36997150684350755
2015-04-01,0.5281645676362792,-0.9769760780083198,0.5003396996553063,0.9877509048491621,0.3161319244003653,0.7493010364755026,-1.150879041590855,-0.3485309610809568,2.0872060640305174,-1.6469152331241308,-0.3485309610809568,-0.3485309610809568,-0.3485309610809568
2015-04-02,0.5020853143864069,-0.9921952304229272,0.48687033070824537,0.9537504840325272,0.3708338312129019,0.740152596934806,-1.162113471754804,-0.32980069775505305,2.088436413242486,-1.6686174773194304,-0.32980069775505305,-0.32980069775505305,-0.32980069775505305
2015-04-06,0.4859690017065743,-1.0119771005024412,0.46608820950567115,0.9329685332135066,0.41211474190323055,0.7210714098743142,-1.1747464786507482,-0.3062895338860586,2.0848914589071423,-1.6912216404130138,-0.3062895338860586,-0.3062895338860586,-0.3062895338860586
2015-04-07,0.4915625971096585,-1.0278938263259143,0.4369111757627686,0.9036785481733737,0.4582470285907228,0.6987386596931499,-1.1596422779192723,-0.29059742342124567,2.0841279316976795,-1.7233401430971829,-0.29059742342124567,-0.29059742342124567,-0.29059742342124567
2015-04-08,0.4714605839583189,-1.0351430305664442,0.4085139422773564,0.8751136254219283,0.5102284013138014,0.6823747487912165,-1.126905012525793,-0.2796617790159116,2.091251843876478,-1.7582479864832157,-0.2796617790159116,-0.2796617790159116,-0.2796617790159116
2015-04-09,0.44107843793475665,-1.0613282683417682,0.37019598943343013,0.8532837484816773,0.5679156707127353,0.6543942776886695,-1.0539704678030997,-0.2675560835210133,2.101420919264315,-1.8027659732866632,-0.2675560835210133,-0.2675560835210133,-0.2675560835210133
2015-04-10,0.4240399196426114,-1.0788403714850583,0.33675829474946634,0.8470209299968111,0.6373079372615036,0.5997056084710203,-0.9794077618276136,-0.27304858489133066,2.1220019889676944,-1.816392206211112,-0.27304858489133066,-0.27304858489133066,-0.27304858489133066
2015-04-13,0.43194812514027014,-1.0826299004782978,0.29886475290011627,0.8350321080407441,0.7065773902744114,0.5550296483663236,-0.9199964146939074,-0.2877424618527211,2.140022211825973,-1.8138780739647489,-0.2877424618527211,-0.2877424618527211,-0.2877424618527211
2015-04-14,0.42624080671711423,-1.0627123248350165,0.24897470762497426,0.8023938381873194,0.7797544503249051,0.5230619147793198,-0.8515789648352114,-0.2993579868735337,2.161018358291858,-1.8297208387611281,-0.2993579868735337,-0.2993579868735337,-0.2993579868735337
2015-04-15,0.4155865760038698,-1.0394970557620478,0.20006024707927214,0.7754193124550478,0.8688217286660437,0.47274967354055153,-0.7637333864116123,-0.30195795622495614,2.1566770764377607,-1.8782523471090609,-0.30195795622495614,-0.30195795622495614,-0.30195795622495614
2015-04-16,0.4086133346722759,-1.0082394148186014,0.1422910327124746,0.7516054667515099,0.9701561081742641,0.4246198822718173,-0.7067627227072723,-0.29797208577365497,2.133742437179336,-1.9241377811411846,-0.29797208577365497,-0.29797208577365497,-0.29797208577365497
2015-04-17,0.3751241075067685,-0.9817548318606509,0.10207483638236642,0.7416755410478417,1.0575851290528953,0.35386734521224045,-0.6664265560777916,-0.2896706708223059,2.1249184583926124,-1.9483813463670578,-0.2896706708223059,-0.2896706708223059,-0.2896706708223059
2015-04-20,0.3282689410018986,-0.9763561951736728,0.041953076321555205,0.7140545972943326,1.1268944484164793,0.31752982772231536,-0.6431159678668267,-0.25277866260726395,2.0981655966354813,-1.996279673922506,-0.25277866260726395,-0.25277866260726395,-0.25277866260726395
2015-04-21,0.2945545241714467,-0.9364929686824843,-0.004339136706969086,0.7238929922775218,1.192211459844376,0.23937342264379602,-0.5978675444429749,-0.22731185384153657,2.056793620165705,-2.058878953904272,-0.22731185384153657,-0.22731185384153657,-0.22731185384153657
2015-04-22,0.2906449530498488,-0.9111515873930982,-0.05840251642491466,0.7175611645241848,1.2608304145424718,0.13610757230622095,-0.5385271492539926,-0.1914126527513527,1.9974957020386417,-2.1289079423839516,-0.1914126527513527,-0.1914126527513527,-0.1914126527513527
2015-04-23,0.26392433137410903,-0.9125506744135318,-0.12316997978873834,0.7170536876798677,1.3296716363422911,0.08015891641645653,-0.4406677640297523,-0.1787847566217346,1.9560716910940006,-2.1553528181877644,-0.1787847566217346,-0.1787847566217346,-0.1787847566217346
2015-04-24,0.2659065575952448,-0.8976516303438833,-0.20887935333007673,0.7491807390959072,1.3654915945854427,0.04451694297494683,-0.34333350698684356,-0.16988879832408785,1.898503163608364,-2.19417931390275,-0.16988879832408785,-0.16988879832408785,-0.16988879832408785
2015-04-27,0.2501257261566565,-0.7191198558934574,-0.3021467010586229,0.9364129479368895,1.362433966979404,0.04501625133078438,-0.23043467801052975,-0.24358372269933645,1.8452799162568883,-2.213232682900667,-0.24358372269933645,-0.24358372269933645,-0.24358372269933645
2015-04-28,0.22791311499271252,-0.4951161777394875,-0.4401977891538288,1.1213517469264302,1.329130532626135,0.047446649656691355,0.06426120099521443,-0.34375596180757084,1.7464434170291137,-2.2262088481026976,-0.34375596180757084,-0.34375596180757084,-0.34375596180757084
2015-04-29,0.1945441988369541,-0.22141065966660126,-0.5704402034923463,1.289851662387692,1.2542697961665918,-0.0012117659159630923,0.504107878164208,-0.42856639780188477,1.5153035051932344,-2.250748820466231,-0.42856639780188477,-0.42856639780188477,-0.42856639780188477
2015-04-30,0.1267079525726731,0.09567480705214013,-0.7181073953745392,1.4364476334681697,1.161730577984452,-0.06813715900037312,0.9372607664952917,-0.48404641457645103,1.1689861144389069,-2.204377639330918,-0.48404641457645103,-0.48404641457645103,-0.48404641457645103
2015-05-01,0.052917298563258115,0.43409158394741565,-0.8497469925016602,1.4879886951591859,0.9920245025694977,-0.05079207282919938,1.3190198343376924,-0.5237522542842982,0.8066699747329259,-2.0971638068419227,-0.5237522542842982,-0.5237522542842982,-0.5237522542842982
2015-05-04,-0.001355439209453769,0.6737066247185125,-0.8939904952867264,1.5711665773043546,0.7596838357934457,-0.0482630375553322,1.6102493974853938,-0.5671584961100955,0.4894564684196882,-1.8920199472295036,-0.5671584961100955,-0.5671584961100955,-0.5671584961100955
2015-05-05,-0.06861268999924011,0.8892834014706781,-0.875732566663877,1.6040048347099405,0.5152717639227214,-0.04900309502285528,1.8430017501184135,-0.5926764210435568,0.17514918101402835,-1.6626568953755827,-0.5926764210435568,-0.5926764210435568,-0.5926764210435568
2015-05-06,-0.1535233855048555,1.0300809478006665,-0.8452404784157449,1.629811961969436,0.3007754485044791,-0.09105206051858705,1.9882998771989744,-0.5640129734578755,-0.11775764034711063,-1.4853427768557559,-0.5640129734578755,-0.5640129734578755,-0.5640129734578755
2015-05-07,-0.20586527162503104,1.1059840870285838,-0.8476317566039958,1.6516382044464133,0.12930169021819646,-0.13968273285035362,2.0834279793179413,-0.5352706190002937,-0.3561603182762617,-1.2799294056543167,-0.5352706190002937,-0.5352706190002937,-0.5352706190002937
2015-05-08,-0.23604610231702208,1.1738106069737606,-0.8378401468985054,1.6447827904165304,-0.020636653843389117,-0.16773791757428705,2.1307660934600596,-0.5106327652010154,-0.509910840874999,-1.1346567685380853,-0.5106327652010154,-0.5106327652010154,-0.5106327652010154
2015-05-11,-0.24126452697041198,1.2593466423980304,-0.7848007140104029,1.6471716961059506,-0.13816930599950666,-0.31391618342397853,2.129008516817917,-0.4710422375841873,-0.6255289201273742,-1.0476782544534746,-0.4710422375841873,-0.4710422375841873,-0.4710422375841873
2015-05-12,-0.25272771019532353,1.3098503328634508,-0.7413581607560294,1.640936873674845,-0.23379714428371384,-0.4566501635597119,2.1297316335797896,-0.42802816815275113,-0.7222678174173291,-0.9616051712949734,-0.42802816815275113,-0.42802816815275113,-0.42802816815275113
2015-05-13,-0.26168590784214246,1.339483412501355,-0.7146067856644961,1.6202051936153758,-0.3439980534815205,-0.5468841255809715,2.1441394021449525,-0.3992646018266881,-0.7695881193769357,-0.870006609008865,-0.3992646018266881,-0.3992646018266881,-0.3992646018266881
2015-05-14,-0.25938086066793686,1.3706357501402513,-0.6795198492734352,1.5847997696576563,-0.4366085619718688,-0.6193783335465426,2.1591398423679844,-0.38380596450239146,-0.7996232297322842,-0.7848406689642586,-0.38380596450239146,-0.38380596450239146,-0.38380596450239146
2015-05-15,-0.24509370182398704,1.4037707057144353,-0.64000721812434,1.5701753319658267,-0.48176874411002574,-0.6655161905255781,2.1469043733324886,-0.3801965291231089,-0.8230840368364112,-0.7445944030999735,-0.3801965291231089,-0.3801965291231089,-0.3801965291231089
2015-05-18,-0.2266546538143872,1.4294242112310571,-0.6113510013376171,1.534180077736129,-0.528499787957346,-0.6974247364526734,2.1549410235858195,-0.3778669520321312,-0.829218539065603,-0.713928785796854,-0.3778669520321312,-0.3778669520321312,-0.3778669520321312
2015-05-19,-0.200692325824745,1.4525832129189749,-0.5833049841351495,1.5168304849352008,-0.5594191052724952,-0.7272111564927144,2.154602118933773,-0.3919501473764944,-0.8003441087717742,-0.6852435467850919,-0.3919501473764944,-0.3919501473764944,-0.3919501473764944
2015-05-20,-0.18620580893036257,1.45862416327469,-0.5672302928499509,1.4730931693924514,-0.6041014154536313,-0.7444889182535859,2.181701606277543,-0.390251630093102,-0.7798281390178197,-0.6705578440669262,-0.390251630093102,-0.390251630093102,-0.390251630093102
2015-05-21,-0.16864534908328363,1.4727424523009296,-0.5440654765484242,1.4402803672138424,-0.6421476171056955,-0.759639159510944,2.1922709107192264,-0.389942416270335,-0.7633564905060448,-0.6676699723982654,-0.389942416270335,-0.389942416270335,-0.389942416270335
2015-05-22,-0.14685609355468215,1.4858117826701787,-0.5223091151566142,1.4401332759185865,-0.6788482723173239,-0.7780271269680743,2.1726544756973425,-0.37980608329501486,-0.7731212995618285,-0.6802132935475237,-0.37980608329501486,-0.37980608329501486,-0.37980608329501486
2015-05-26,-0.12291794964503137,1.4936119609470024,-0.5311879779963113,1.4383955175417587,-0.6961456100673779,-0.8030293751032161,2.1620202462143836,-0.37580285486116477,-0.7399876989094023,-0.6975476935371462,-0.37580285486116477,-0.37580285486116477,-0.37580285486116477
2015-05-27,-0.10486160498675567,1.4604052702034025,-0.5722401434128435,1.356339876880782,-0.7143750937770037,-0.8233701998875225,2.2379190923663117,-0.36227181154828436,-0.6791884150945067,-0.711541536098727,-0.36227181154828436,-0.36227181154828436,-0.36227181154828436
2015-05-28,-0.11059339711965221,1.4493186323412979,-0.5996244179251814,1.317589241106581,-0.7386752221612239,-0.8365765936702405,2.270890450555759,-0.3602802519201671,-0.5836017754233669,-0.7276059100233039,-0.3602802519201671,-0.3602802519201671,-0.3602802519201671
2015-05-29,-0.10798106937900771,1.399924649052475,-0.6298801255415598,1.2844115652973331,-0.7605717400508851,-0.8576833078675247,2.3211909914392734,-0.3707237900157091,-0.4252273604325428,-0.7412884424547241,-0.3707237900157091,-0.3707237900157091,-0.3707237900157091
2015-06-01,-0.10256993789118425,1.3433584655179243,-0.665049435390705,1.2530989819073277,-0.7957324278331309,-0.8747066625735451,2.3582612971689434,-0.3814247851154863,-0.23120799760538555,-0.7597531428382995,-0.3814247851154863,-0.3814247851154863,-0.3814247851154863
2015-06-02,-0.08114591284459406,1.2799111620761459,-0.6788790967890814,1.2286644725236355,-0.8108250323360022,-0.8928096394913537,2.388208658139007,-0.4090051917262138,-0.05226128782849527,-0.744842556544407,-0.4090051917262138,-0.4090051917262138,-0.4090051917262138
2015-06-03,-0.07566093539950526,1.21015159356676,-0.6638760652187512,1.20574905698972,-0.8021016695389387,-0.9336538401479173,2.413485181211067,-0.41479601112588127,0.08008872109317569,-0.7749979980520858,-0.41479601112588127,-0.41479601112588127,-0.41479601112588127
2015-06-04,-0.07160182360584115,1.1454800305669546,-0.6529662176902306,1.1886235588018803,-0.7691646228406539,-0.9741131947888285,2.4222366679365046,-0.4228909909293077,0.2222585534473238,-0.819188988109878,-0.4228909909293077,-0.4228909909293077,-0.4228909909293077
2015-06-05,-0.06366199178722773,1.0881316115582944,-0.6407044513125348,1.1710874943953404,-0.7374907955103824,-0.9839878703563664,2.4160315206271887,-0.4450014918823521,0.38914405245495554,-0.858543602539859,-0.4450014918823521,-0.4450014918823521,-0.4450014918823521
2015-06-08,-0.05231724615763247,1.0428458720488116,-0.6157641276341187,1.1338741231426157,-0.7117232449982401,-0.9888577296111644,2.398683249658595,-0.46427280922983444,0.5612132392409416,-0.9108628987704702,-0.46427280922983444,-0.46427280922983444,-0.46427280922983444
2015-06-09,-0.034519396424546794,1.0050737691152616,-0.5979075781573499,1.0879451339379844,-0.6926800068645602,-1.0179387109519538,2.3921623557317457,-0.468887023586664,0.671105695981631,-0.9376931680215553,-0.468887023586664,-0.468887023586664,-0.468887023586664
2015-06-10,-0.04302354590832838,0.9434868945206861,-0.604971060153718,1.0295472380659865,-0.6832950044965244,-0.9526699316218962,2.4078889177215057,-0.4719719332930754,0.7889766592303332,-0.9980524341857427,-0.4719719332930754,-0.4719719332930754,-0.4719719332930754
2015-06-11,-0.042299819166923484,0.9001502741893502,-0.5970600075200857,0.9728817567146393,-0.6552561746882715,-0.8936832241416779,2.390361480980053,-0.47872172746475355,0.9232833516222942,-1.0834907281303636,-0.47872172746475355,-0.47872172746475355,-0.47872172746475355
2015-06-12,-0.03538096297114301,0.84720804558296,-0.5804845162150127,0.9358773817057069,-0.6222658738347596,-0.8478976207551628,2.3549778709515627,-0.49196593156873164,1.0634525216096238,-1.1476231197988491,-0.49196593156873164,-0.49196593156873164,-0.49196593156873164
2015-06-15,-0.03359441099288471,0.7835491578575405,-0.5642882034570744,0.9032023397037418,-0.599473936038622,-0.8164900767887879,2.3161392815206843,-0.49582745303971354,1.1964668909790634,-1.2022012306248062,-0.49582745303971354,-0.49582745303971354,-0.49582745303971354
2015-06-16,-0.043181828924171696,0.6911031828907505,-0.552641044846786,0.8533668587507341,-0.6114336983902326,-0.7813920939685146,2.2865634769958474,-0.4833310358630457,1.3368829711697627,-1.2459436802252064,-0.4833310358630457,-0.4833310358630457,-0.4833310358630457
2015-06-17,-0.0454828966642397,0.6124843067373456,-0.5416981124304838,0.8242131336364057,-0.6060575485408791,-0.7382521100905449,2.2392205078777048,-0.4772223055386182,1.4604746632740857,-1.2960127216449207,-0.4772223055386182,-0.4772223055386182,-0.4772223055386182
2015-06-18,-0.062304293412962446,0.5422834690148293,-0.5212983726392421,0.7916037581036173,-0.5912330095226419,-0.6880307543027051,2.208962901825106,-0.47097089803358605,1.5499065219647723,-1.3460066288964296,-0.47097089803358605,-0.47097089803358605,-0.47097089803358605
2015-06-19,-0.08955615736830849,0.47232305799759644,-0.5041403710670893,0.7756023067765772,-0.5613643234350842,-0.6183602381127888,2.1621614856982125,-0.4750820821160498,1.648927470743112,-1.3852649027680282,-0.4750820821160498,-0.4750820821160498,-0.4750820821160498
2015-06-22,-0.12957964022081087,0.3937835228386504,-0.48765116275590953,0.7446311829407927,-0.5248817041984597,-0.5419642141469734,2.1233637537494117,-0.47576750938744167,1.743761883089058,-1.4183935837459938,-0.47576750938744167,-0.47576750938744167,-0.47576750938744167
2015-06-23,-0.1683556503372689,0.32518242869162295,-0.4740358108610588,0.6918290369182786,-0.45799995849229563,-0.47206109619351755,2.0729389247606327,-0.4730137360039864,1.8407263708788368,-1.4661693013492851,-0.4730137360039864,-0.4730137360039864,-0.4730137360039864
2015-06-24,-0.22303021851319094,0.26503928848017805,-0.43934925311786766,0.6671492004308206,-0.3551390544139962,-0.4268525521677144,2.0355999098302706,-0.46896224402749487,1.8862005721608226,-1.533768916579344,-0.46896224402749487,-0.46896224402749487,-0.46896224402749487
2015-06-25,-0.24648998448410794,0.20279462815457577,-0.3980628450577395,0.6434950731336886,-0.23198151368142284,-0.4027376575174823,1.9872102917972048,-0.45933856677151136,1.9130753983868396,-1.629949123645511,-0.45933856677151136,-0.45933856677151136,-0.45933856677151136
2015-06-26,-0.2714220737387364,0.1364573543764778,-0.354193081169677,0.6245946211915869,-0.11369394574411143,-0.41518191510136565,1.9781721403602301,-0.4279457286655769,1.8736422931498184,-1.7465924786619154,-0.4279457286655769,-0.4279457286655769,-0.4279457286655769
2015-06-29,-0.2789021192557229,0.08158842216547262,-0.2988846890713012,0.6251759401163804,0.028976790352766343,-0.427553600461894,1.913217695376651,-0.37203322281048556,1.7965055399903278,-1.9519910879707378,-0.37203322281048556,-0.37203322281048556,-0.37203322281048556
2015-06-30,-0.2675827944545852,0.03766011292830482,-0.23237862048430438,0.6154504621437692,0.1666763242420431,-0.4511670877990975,1.8569447740448273,-0.30964022707451083,1.6686127650172662,-2.1556550273401807,-0.30964022707451083,-0.30964022707451083,-0.30964022707451083
2015-07-01,-0.2507477117086039,-0.01520705559669551,-0.17539018606991744,0.601969507522399,0.2784805207452363,-0.48519869202223487,1.8021330941488578,-0.24108279201017835,1.532516633418217,-2.324224942396545,-0.24108279201017835,-0.24108279201017835,-0.24108279201017835
2015-07-02,-0.2315946462637147,-0.06019813387605671,-0.13923964993045448,0.5811597930035972,0.37710082339472534,-0.48912907146117096,1.7385913164097624,-0.1851899431185973,1.41951967044812,-2.4554503292504184,-0.1851899431185973,-0.1851899431185973,-0.1851899431185973
2015-07-06,-0.21670979499326118,-0.1078770854466741,-0.11231252836481047,0.544330489032453,0.4395219364335924,-0.48270506519893996,1.7039190156899482,-0.13730297671805333,1.3250290917293222,-2.5439841520094166,-0.13730297671805333,-0.13730297671805333,-0.13730297671805333
2015-07-07,-0.19678156482603873,-0.1351415532199114,-0.08536611313754106,0.5155561419148583,0.4975830107478654,-0.4935012233983422,1.6797992146345935,-0.09701740694670895,1.2196890483304164,-2.6137673332590645,-0.09701740694670895,-0.09701740694670895,-0.09701740694670895
2015-07-08,-0.17435288830945958,-0.1524480603964021,-0.0468127962984265,0.5052711552734419,0.5544131343969252,-0.5176614473929767,1.6301652942007916,-0.05585837943951577,1.1102005025082864,-2.685341376224117,-0.05585837943951577,-0.05585837943951577,-0.05585837943951577
2015-07-09,-0.1647138477964641,-0.16262044039229132,-0.00842461924822583,0.5011362979155646,0.6148375046023602,-0.5231816403925128,1.5405783595967746,-0.018190589034973545,1.0324650032892644,-2.7573142614345754,-0.018190589034973545,-0.018190589034973545,-0.018190589034973545
2015-07-10,-0.1636490007510385,-0.1674244918498396,0.03173416374057714,0.5017050424537983,0.6731539980984508,-0.534929123663267,1.470751313582304,0.016348004276319963,0.9361921899622677,-2.8129261086785333,0.016348004276319963,0.016348004276319963,0.016348004276319963
2015-07-13,-0.16036053179093201,-0.19107733264556367,0.061371888548322165,0.49854557025521545,0.7210978834152804,-0.5210758885867264,1.4222882758719908,0.044909989411528434,0.8443893591599869,-2.8548191818736877,0.044909989411528434,0.044909989411528434,0.044909989411528434
2015-07-14,-0.150814024778853,-0.20361786867696935,0.1029920181386565,0.4994544796920257,0.7791230406877331,-0.5206848910105961,1.3697934766299527,0.06560835402864255,0.7495966767634864,-2.888276323560006,0.06560835402864255,0.06560835402864255,0.06560835402864255
2015-07-15,-0.1456273545271797,-0.2185031227929028,0.14402088180329647,0.5132888840571094,0.8299720742274579,-0.5137739901748799,1.325755743113589,0.07490405496873437,0.6738401647225452,-2.908589500303973,0.07490405496873437,0.07490405496873437,0.07490405496873437
2015-07-16,-0.13630416454287136,-0.22241125361144934,0.18759982392081365,0.5304800027655439,0.8839152151945141,-0.5106974464575431,1.2816639373829921,0.08118099050487508,0.5867637084549135,-2.925733785126414,0.08118099050487508,0.08118099050487508,0.08118099050487508
2015-07-17,-0.13080144324118664,-0.2274255930665581,0.2399117558027236,0.5546722888259715,0.9333790370001194,-0.5133316424643659,1.233062958910628,0.08238394386322886,0.516456567502997,-2.935459704723244,0.08238394386322886,0.08238394386322886,0.08238394386322886
2015-07-20,-0.12699516673851852,-0.24251502070218822,0.36593645747292175,0.5716795365380147,0.9848207361609814,-0.5347509282372777,1.1705602514425588,0.07784885869376366,0.4364573897293126,-2.9365886904408596,0.07784885869376366,0.07784885869376366,0.07784885869376366
2015-07-21,-0.10713292222275128,-0.2529256844590347,0.46982356848052553,0.5789641152806682,1.0404307784562643,-0.5688862210302924,1.1115568800295554,0.07609274055143828,0.3528385693155323,-2.9290400460562203,0.07609274055143828,0.07609274055143828,0.07609274055143828
2015-07-22,-0.08810044607177721,-0.2510480217894733,0.565247688841142,0.59334262610328,1.0991357842562914,-0.5973167966270175,1.0298245652701432,0.07396047092409146,0.27454053366939485,-2.9214678173483497,0.07396047092409146,0.07396047092409146,0.07396047092409146
2015-07-23,-0.08636686167446894,-0.25958236014971126,0.6558433000645275,0.6064664230379173,1.1303741921602217,-0.6173757135255904,0.9732441815572422,0.07756257909498793,0.19555138161312952,-2.9084048594632192,0.07756257909498793,0.07756257909498793,0.07756257909498793
2015-07-24,-0.07825201659596909,-0.2558495578507396,0.7337943731894814,0.6074919513868395,1.1354562095215248,-0.6186744519651789,0.9114189669810264,0.08468342177243264,0.13636745518023025,-2.910486616936945,0.08468342177243264,0.08468342177243264,0.08468342177243264
2015-07-27,-0.08364928090476224,-0.2347849258245107,0.7943442089322821,0.6815822155303675,1.125817575727556,-0.6240333650221013,0.8456127984998844,0.08441394313925764,0.06228134927296192,-2.904826348768708,0.08441394313925764,0.08441394313925764,0.08441394313925764
2015-07-28,-0.08404852363895263,-0.2161032830852706,0.8540776301277214,0.7534186326874204,1.113068314103515,-0.6305292175046333,0.7684942510946545,0.08755673408302542,-0.01183574851247334,-2.8967689916040835,0.08755673408302542,0.08755673408302542,0.08755673408302542
2015-07-29,-0.1028472431952253,-0.2127236375941672,0.9287491480429465,0.8236070721670767,1.1220668705843337,-0.6533263022040062,0.7240882511899954,0.0756402359747082,-0.07479620950043073,-2.8573788933893565,0.0756402359747082,0.0756402359747082,0.0756402359747082
2015-07-30,-0.12747101101229175,-0.20083412737750417,1.006579935823779,0.8980095638342634,1.1451817573496563,-0.6669104763451138,0.6811556156457578,0.05151198282658732,-0.135585406812118,-2.806173782412778,0.05151198282658732,0.05151198282658732,0.05151198282658732
2015-07-31,-0.16069812982276227,-0.1776724500828162,1.0865148014404433,0.9730814903715521,1.1582273552842657,-0.6738781506995867,0.6245963063062892,0.031145901266147934,-0.2006011254841715,-2.7541537023778053,0.031145901266147934,0.031145901266147934,0.031145901266147934
2015-08-03,-0.19096053980158753,-0.15345331931612094,1.1597157748714773,1.044776581188271,1.1580102153406686,-0.677241071479426,0.567609130558727,0.016345138422357387,-0.2706248569458255,-2.7032124681056136,0.016345138422357387,0.016345138422357387,0.016345138422357387
2015-08-04,-0.22671168748771087,-0.125294370960643,1.237649328147748,1.1183271960919565,1.158697241690084,-0.6710027744100784,0.4806242932317963,0.005530164292614465,-0.3475788686206041,-2.646831014853006,0.005530164292614465,0.005530164292614465,0.005530164292614465
2015-08-05,-0.2799040482293175,-0.09412239957966789,1.3124160894387449,1.1914653669194257,1.154896111158995,-0.663269010975507,0.4069534586162439,-0.006285459872977445,-0.4242884223200764,-2.579005305536931,-0.006285459872977445,-0.006285459872977445,-0.006285459872977445
2015-08-06,-0.3356819265639018,-0.0732323990338552,1.3765083321385958,1.2565693408842031,1.156480263263905,-0.6422229716262359,0.3600179440150596,-0.024302955051110887,-0.49496445591485977,-2.506262306958468,-0.024302955051110887,-0.024302955051110887,-0.024302955051110887
2015-08-07,-0.3785816823501441,-0.06424361021587768,1.4430529293425547,1.3214503308129693,1.1576488541621823,-0.6206269492731289,0.305530219387003,-0.0479461952065459,-0.5432678247137102,-2.4291774863256648,-0.0479461952065459,-0.0479461952065459,-0.0479461952065459
2015-08-10,-0.4097916763322464,-0.0577317839033425,1.508891260897045,1.3800315974938624,1.1557032970499794,-0.5615865260199695,0.2346390551878525,-0.07619660417488659,-0.5836989270024504,-2.3616698806711836,-0.07619660417488659,-0.07619660417488659,-0.07619660417488659
2015-08-11,-0.4424298766585346,-0.04447740603684214,1.5685052850081045,1.4347798266678682,1.1433742576474188,-0.4950003796524766,0.16489196317157717,-0.10073837608472784,-0.6325004490912333,-2.29418971671697,-0.10073837608472784,-0.10073837608472784,-0.10073837608472784
2015-08-12,-0.49752734088503425,-0.04194798451693946,1.6298446902010841,1.4780701890625663,1.115615677672308,-0.4191646921178424,0.09511329649786765,-0.11388902314213982,-0.6742500257575137,-2.230197717587937,-0.11388902314213982,-0.11388902314213982,-0.11388902314213982
2015-08-13,-0.5357929751184,-0.029682320912815804,1.6707760649898156,1.4972798930255191,1.0938762428990216,-0.332327036561937,0.021894491180813103,-0.1199933793680667,-0.714425443054855,-2.1916253989748937,-0.1199933793680667,-0.1199933793680667,-0.1199933793680667
2015-08-14,-0.5778188451823958,-0.017967126260645734,1.7046458207706245,1.5218135094737248,1.0703845658873394,-0.24612576682182974,-0.03956214536727839,-0.1293428605490549,-0.75254882091572,-2.1454497493875997,-0.1293428605490549,-0.1293428605490549,-0.1293428605490549
2015-08-17,-0.6118486861008535,-0.007498338260190344,1.7223999557128893,1.5282923992644064,1.047722499056543,-0.1629976902991839,-0.09257083722702451,-0.1269819973195138,-0.7961173473889287,-2.1194539654796025,-0.1269819973195138,-0.1269819973195138,-0.1269819973195138
2015-08-18,-0.6461218454188418,0.01469816006938074,1.6763833871202536,1.5636518781266942,1.0218986117471816,-0.07346567892409601,-0.13754699899771783,-0.11718981586355891,-0.8234155262449245,-2.1273227240236947,-0.11718981586355891,-0.11718981586355891,-0.11718981586355891
2015-08-19,-0.6934228594045484,0.0383265244939639,1.6400154637949285,1.5949851708652134,0.9836367033553979,0.026200803080144112,-0.19062025187968576,-0.10386805236255302,-0.8652196627210823,-2.1184296821341198,-0.10386805236255302,-0.10386805236255302,-0.10386805236255302
2015-08-20,-0.7381314907827725,0.05055733273883879,1.6013035193892868,1.621556488904066,0.9393191614815654,0.12178314573653463,-0.21597646433079018,-0.0902508843198788,-0.9079581592310292,-2.1114499966261846,-0.0902508843198788,-0.0902508843198788,-0.0902508843198788
2015-08-21,-0.7620756786191571,0.07962254858172962,1.5621699821830757,1.6446976891060934,0.8868184917964139,0.21330892176149568,-0.26540435275772667,-0.07547206500798319,-0.9502920400592905,-2.1069573019607004,-0.07547206500798319,-0.07547206500798319,-0.07547206500798319
2015-08-24,-0.79249294442692,0.08550475360859962,1.5236895297932083,1.6590307132932518,0.8319738694553314,0.2947319468834011,-0.3174947597809452,-0.047426290244117236,-0.9946565756078718,-2.1005813722415865,-0.047426290244117236,-0.047426290244117236,-0.047426290244117236
2015-08-25,-0.8348148538541862,0.09250061683495209,1.5213374871565988,1.6142851013552262,0.7668205286181677,0.38462216228536156,-0.37981794460607093,-0.007063181558385291,-1.0324518463271952,-2.1042285252293125,-0.007063181558385291,-0.007063181558385291,-0.007063181558385291
2015-08-26,-0.8751500146768936,0.09177548560152385,1.5082617284298743,1.5656180396285992,0.7210044128979298,0.4757920045460638,-0.4204405062020251,0.024889700797336628,-1.0535425523645399,-2.1128774010498788,0.024889700797336628,0.024889700797336628,0.024889700797336628
2015-08-27,-0.8865361950732563,0.10454139815278192,1.4910565535571247,1.515605634497432,0.6648715647988205,0.5757855257713003,-0.47986627194902015,0.05051934536487823,-1.051292271875322,-2.136243319339374,0.05051934536487823,0.05051934536487823,0.05051934536487823
2015-08-28,-0.9016700526550153,0.10262154030229097,1.4736084438985428,1.478579190637303,0.5997560540573297,0.6797172720551022,-0.5174343861763893,0.06658917729669805,-1.0204770193729864,-2.16105775193297,0.06658917729669805,0.06658917729669805,0.06658917729669805
2015-08-31,-0.9157109851222601,0.09192424118755214,1.4492567576734674,1.4315716442403008,0.5567931763196003,0.7881618787216995,-0.5579451669254651,0.08100805561048668,-0.9856550514991494,-2.1824287170376926,0.08100805561048668,0.08100805561048668,0.08100805561048668
2015-09-01,-0.9400135898942373,0.07461208256840665,1.4358993474750006,1.3894954889472826,0.5159055143941538,0.8948650362315101,-0.6071117850569413,0.09260415635236194,-0.9598767629144535,-2.1741919571601693,0.09260415635236194,0.09260415635236194,0.09260415635236194
2015-09-02,-0.9509048455918342,0.04916769539973068,1.4068080747256606,1.3417418440248308,0.47724116993369486,0.9788881583622239,-0.6439427037932992,0.11739397427009457,-0.9461363865638668,-2.182438903577519,0.11739397427009457,0.11739397427009457,0.11739397427009457
2015-09-03,-0.9324019498271104,0.01428408128922447,1.3812713884936156,1.2981405372825285,0.4409362724910193,1.0719005375119546,-0.6961781815658263,0.1321110202778165,-0.9149900618002397,-2.191406704986432,0.1321110202778165,0.1321110202778165,0.1321110202778165
2015-09-04,-0.9234061934395069,-0.014969423252647312,1.3447978191197867,1.248569560833523,0.3826485613234135,1.1746162314667064,-0.7577697670080432,0.15491824883744673,-0.8820593894810492,-2.19210039491197,0.15491824883744673,0.15491824883744673,0.15491824883744673
2015-09-08,-0.9297968546462548,-0.04610713995572516,1.302497913085189,1.2018675829700716,0.3269055628822485,1.2673108956880044,-0.7576374504613282,0.1749399378976069,-0.8666334550180123,-2.19816680613462,0.1749399378976069,0.1749399378976069,0.1749399378976069
2015-09-09,-0.9442121768373664,-0.07544023966121695,1.2825609439429524,1.1892937335713736,0.2779259286395069,1.2990885379439963,-0.7495516925697657,0.1895184648850392,-0.8263773553696776,-2.211361539199959,0.1895184648850392,0.1895184648850392,0.1895184648850392
2015-09-10,-0.9766161931492785,-0.1098239359191827,1.2690082503452744,1.1783142260238633,0.24653846936012194,1.28634422835253,-0.7232210798004763,0.21470645518960138,-0.7991761086066151,-2.2301936773646425,0.21470645518960138,0.21470645518960138,0.21470645518960138
2015-09-11,-0.9844936801122629,-0.14211939880366695,1.2316099064856876,1.1752728063957651,0.21830233958466055,1.2987952601708124,-0.7071317626705346,0.2327595857164237,-0.7699855241508443,-2.251288289765311,0.2327595857164237,0.2327595857164237,0.2327595857164237
2015-09-14,-0.990972109748336,-0.17977672929677727,1.18813966800512,1.1778374297876082,0.18381093659477887,1.2984316197230221,-0.6809272616057306,0.25446288800248423,-0.7322748839864566,-2.2821202214831655,0.25446288800248423,0.25446288800248423,0.25446288800248423
2015-09-15,-0.9952502681001388,-0.23142230350970214,1.145549789005359,1.161484177213811,0.15276835550254794,1.309468045978373,-0.6638394660228815,0.2776226083150427,-0.6761618282664016,-2.313086935061138,0.2776226083150427,0.2776226083150427,0.2776226083150427
2015-09-16,-1.011762670241189,-0.28627424412243024,1.1074396062956113,1.1429052630480319,0.10723805938812069,1.3322667317439871,-0.6539339024964583,0.29724783690222883,-0.5942531309684252,-2.3326170602561636,0.29724783690222883,0.29724783690222883,0.29724783690222883
2015-09-17,-1.0289840962146268,-0.3421064134701992,1.0556067345087106,1.1180046466926046,0.07277815844342185,1.3678459549615227,-0.6488153332427803,0.3205350498817901,-0.5397238976036163,-2.3367459536021977,0.3205350498817901,0.3205350498817901,0.3205350498817901
2015-09-18,-1.0621191681910607,-0.4122680176130569,1.0111572483260642,1.106741561379075,0.023670290505504597,1.4204244641840718,-0.6728208691662667,0.3374329754298587,-0.4583956430162846,-2.3061217681274817,0.3374329754298587,0.3374329754298587,0.3374329754298587
2015-09-21,-1.0891226671499854,-0.48975113824058336,0.9410887199458291,1.0973922409109935,-0.032237945387152335,1.4800237313676827,-0.6770699646198782,0.35625862713623335,-0.37874193326432937,-2.2766155521075095,0.35625862713623335,0.35625862713623335,0.35625862713623335
2015-09-22,-1.1330700652642682,-0.5846935702481292,0.8700990650659883,1.1145835661162085,-0.0535063008051171,1.5764561736655234,-0.661804331374119,0.34069807013140696,-0.2752814510485958,-2.215575366633119,0.34069807013140696,0.34069807013140696,0.34069807013140696
2015-09-23,-1.1510217938118796,-0.6531274877840526,0.8177572421223909,1.152800926619103,-0.05227419543244537,1.6629717586549706,-0.6133928130224595,0.2955022918319929,-0.17137653708444794,-2.1743462675891516,0.2955022918319929,0.2955022918319929,0.2955022918319929
2015-09-24,-1.1375744458441703,-0.7084513878319334,0.7671472289042496,1.2210301886409387,-0.0056760050759685435,1.7493371092590062,-0.5176865663714496,0.21079644392181707,-0.06313765575411298,-2.1481742416138276,0.21079644392181707,0.21079644392181707,0.21079644392181707
2015-09-25,-1.1323195400086061,-0.7380276271891503,0.7126641256154609,1.2682376785041711,0.02165030050120801,1.8798554883778922,-0.4119093911784261,0.10611954852727369,0.05028803602385054,-2.074917264755495,0.10611954852727369,0.10611954852727369,0.10611954852727369
2015-09-28,-1.127554594040285,-0.7726575360520838,0.5800365342131414,1.2563548406220506,0.03518242090019696,1.9672515459825566,-0.2778345536447657,0.05902054403590058,0.15955613639032062,-2.056416970514734,0.05902054403590058,0.05902054403590058,0.05902054403590058
2015-09-29,-1.0941515306261633,-0.7832218645957381,0.44849365916102196,1.1928567484631922,0.03136584058316881,2.00966228764508,-0.2036430861340488,0.08332191801970448,0.16954372431564724,-2.104193450890978,0.08332191801970448,0.08332191801970448,0.08332191801970448
2015-09-30,-1.072759005325703,-0.779035098290181,0.33310472472093244,1.11581139191554,-0.014383986751320538,2.058927169532574,-0.14328593177664825,0.11709833786823505,0.16496782359340167,-2.1317404390915353,0.11709833786823505,0.11709833786823505,0.11709833786823505
2015-10-01,-1.037799704241735,-0.7534143695872305,0.23688508070000325,1.0392480777241009,-0.0205440940350422,2.111936987751555,-0.1029725274303717,0.12007780701635107,0.20254610434740764,-2.156196783294092,0.12007780701635107,0.12007780701635107,0.12007780701635107
2015-10-02,-0.9822709101649332,-0.7004705671660885,0.1545239039140643,0.9922440936172212,-0.014736562919806602,2.1709951712382853,-0.0506043970880937,0.08376539365015762,0.26786912448327144,-2.17261143051455,0.08376539365015762,0.08376539365015762,0.08376539365015762
2015-10-05,-0.9634637274864261,-0.6591803648781456,0.07740738607290795,0.9443566484902297,-0.02023430289760689,2.226864597706171,-0.0026250790958260474,0.06704036154259592,0.2913939502927647,-2.162680554374453,0.06704036154259592,0.06704036154259592,0.06704036154259592
2015-10-06,-0.9428578134590152,-0.6229219746260896,0.028283368483805606,0.9282425360406997,0.00585190057687429,2.301296977917328,0.01057368182085635,0.032258772964612076,0.27959422822825036,-2.1170979968411574,0.032258772964612076,0.032258772964612076,0.032258772964612076
2015-10-07,-0.9105247149773187,-0.5500195996600992,-0.01145986073309618,0.8995989615958516,0.004811187827549615,2.4055006168447988,-0.002377449104461361,-0.005935693892322358,0.24108669848888134,-2.0528730647128164,-0.005935693892322358,-0.005935693892322358,-0.005935693892322358
2015-10-08,-0.8968953430785354,-0.47910731088644876,-0.049938580259050576,0.865087342311283,0.01676395902057525,2.4857126087279373,-0.050412600907424165,-0.00609896424067122,0.13685661344584915,-2.003670831411501,-0.00609896424067122,-0.00609896424067122,-0.00609896424067122
2015-10-09,-0.8685761170857629,-0.3782251088490921,-0.09868596106044648,0.8109885411648249,0.010352508942259031,2.6061074449354016,-0.13935387225780585,-0.02180075796619862,0.04712943198992279,-1.9025338359145065,-0.02180075796619862,-0.02180075796619862,-0.02180075796619862
2015-10-12,-0.8215633508390814,-0.26947660967403353,-0.1365869266935906,0.7690781420640096,0.007738310861173874,2.687091197294404,-0.23535872389572157,-0.028084714294966995,-0.05551774317320524,-1.8330654387640868,-0.028084714294966995,-0.028084714294966995,-0.028084714294966995
2015-10-13,-0.8092277093100717,-0.17395743442248182,-0.17037408555377204,0.7358914967311135,0.009579100581001877,2.781729011492306,-0.36265657121291317,-0.03826065218031524,-0.17303753405864317,-1.684903665525279,-0.03826065218031524,-0.03826065218031524,-0.03826065218031524
2015-10-14,-0.7970357941502558,-0.061051028131899734,-0.18342240505974208,0.7165027964016565,0.007266318808962545,2.8511037163039465,-0.494432847807683,-0.046488705680768856,-0.3284608215239994,-1.5245151121179097,-0.046488705680768856,-0.046488705680768856,-0.046488705680768856
2015-10-15,-0.8019221277898345,0.019215788011939197,-0.218462281852871,0.6912607898533272,-0.0030048748006258528,2.926130060442233,-0.6287098288258665,-0.05763454646503051,-0.4757546779763456,-1.2782146612018341,-0.05763454646503051,-0.05763454646503051,-0.05763454646503051
2015-10-16,-0.8003597032460932,0.07803962602980274,-0.1713368600736046,0.6765888388971837,0.007180838474167776,2.9610804869889673,-0.7916662791619841,-0.083162178602733,-0.5680919259100996,-1.0587863075874078,-0.083162178602733,-0.083162178602733,-0.083162178602733
2015-10-19,-0.7661184443412548,0.14613380902096612,-0.1464745525672558,0.6441562205965554,0.03100057351497594,2.980322697766816,-0.9136835139135243,-0.11259984076272839,-0.6534241095513442,-0.8715133174750207,-0.11259984076272839,-0.11259984076272839,-0.11259984076272839
2015-10-20,-0.742286738713369,0.22824992131961488,-0.10495957323555823,0.5978994693968667,0.04995669492883437,2.9848142117795144,-1.0656447432019083,-0.15680277245240187,-0.73311767534957,-0.587700477114817,-0.15680277245240187,-0.15680277245240187,-0.15680277245240187
2015-10-21,-0.6993533537216786,0.30284043115289333,-0.07030011903392308,0.535961119193658,0.06287635997125349,2.9510324025762134,-1.2369755282444987,-0.1601171821552812,-0.7686994773642836,-0.43691310590850924,-0.1601171821552812,-0.1601171821552812,-0.1601171821552812
2015-10-22,-0.6438690559880298,0.3581683427419254,-0.04644276917687235,0.47411675444601836,0.09427179351658437,2.9130485973664846,-1.393611209754543,-0.17403298772064807,-0.7651891281989326,-0.2943613740700428,-0.17403298772064807,-0.17403298772064807,-0.17403298772064807
2015-10-23,-0.5996204475652177,0.40589890058520867,-0.03937008066155655,0.4582029252339913,0.12496270230193322,2.8553377260238384,-1.5344154037459488,-0.19890774553318677,-0.753761960185272,-0.12160337985422955,-0.19890774553318677,-0.19890774553318677,-0.19890774553318677
2015-10-26,-0.5539502179317858,0.5147755137881995,0.0023595125100197025,0.48980803147586943,0.14320390271996317,2.746315340398764,-1.7014382409579039,-0.23173595068396668,-0.7181629268226648,0.0040328875554052415,-0.23173595068396668,-0.23173595068396668,-0.23173595068396668
2015-10-27,-0.5460106892948738,0.6209954367644622,0.06845589180556717,0.5358742921396874,0.1860527695406554,2.6261440962744067,-1.7922537762933264,-0.2730377676025219,-0.7499163140321823,0.14280936350569104,-0.2730377676025219,-0.2730377676025219,-0.2730377676025219
2015-10-28,-0.5413747209708424,0.7017055589336927,0.13300781953105864,0.5971309280305985,0.24870365968127342,2.4927146054413223,-1.8610351578521775,-0.3308873329182921,-0.7543818213708994,0.30707846024914254,-0.3308873329182921,-0.3308873329182921,-0.3308873329182921
2015-10-29,-0.49167840565136095,0.7674380267147684,0.18639771685564246,0.6689582476652832,0.3179049493326874,2.3548899839414346,-1.9204785088630065,-0.3960463461503195,-0.7327394133650021,0.43349278797083246,-0.3960463461503195,-0.3960463461503195,-0.3960463461503195
2015-10-30,-0.42840064131269145,0.8325868048437665,0.24489046660595604,0.7485454692644014,0.3766954589477751,2.209497446868956,-1.9735354218648509,-0.4295106135150077,-0.7800512134775932,0.4878140841843102,-0.4295106135150077,-0.4295106135150077,-0.4295106135150077
2015-11-02,-0.38019066752664404,0.8676029111604135,0.28438717981787137,0.7959834649631602,0.39445678910232146,2.1045774389106042,-2.003763882469823,-0.46190263848605334,-0.7828948306201391,0.5674521506064492,-0.46190263848605334,-0.46190263848605334,-0.46190263848605334
2015-11-03,-0.3354170823461906,0.9054832825422432,0.3178651975271308,0.8315210947830489,0.41885622112507315,2.009548635201616,-2.0328694533844627,-0.48341771623452323,-0.7898139482831589,0.6084969177727935,-0.48341771623452323,-0.48341771623452323,-0.48341771623452323
2015-11-04,-0.280096448348598,0.9499505869709027,0.34891944852804846,0.8631352432555366,0.44039012495548285,1.9246585055651197,-2.072706795732099,-0.4972701884679478,-0.7824294441379922,0.5972595328153887,-0.4972701884679478,-0.4972701884679478,-0.4972701884679478
2015-11-05,-0.2407067683588825,0.9964818448621562,0.3844897843313723,0.9243737384357084,0.47954825277161994,1.8430641378940191,-2.092277046071903,-0.5204082166199835,-0.7532978447822085,0.5399567673980511,-0.5204082166199835,-0.5204082166199835,-0.5204082166199835
2015-11-06,-0.2004659112653575,1.040636164256197,0.4226306705102895,0.986984036634116,0.5473642052340593,1.7809260925390618,-2.0799060464113013,-0.5429509818744425,-0.7524113384776087,0.4260460544783153,-0.5429509818744425,-0.5429509818744425,-0.5429509818744425
2015-11-09,-0.1543111497878047,1.056245475608016,0.44383345155616183,1.0405487955379478,0.5809249723204141,1.7782980289589982,-2.0459424718883854,-0.5752100302302838,-0.6954306318728087,0.29667365048859706,-0.5752100302302838,-0.5752100302302838,-0.5752100302302838
2015-11-10,-0.1395627064866695,1.068954924029845,0.47242109268390975,1.0855175189054809,0.6079575393119867,1.7798567824948859,-2.0031948379328077,-0.5972749070370366,-0.6552573759455915,0.17240669108710652,-0.5972749070370366,-0.5972749070370366,-0.5972749070370366
2015-11-11,-0.12928604350934447,1.0846673627832215,0.5031410786732338,1.122412141570107,0.6410743236690706,1.7676068862073129,-1.9600840672508484,-0.6123646504078933,-0.6423699601185406,0.06229687960736354,-0.6123646504078933,-0.6123646504078933,-0.6123646504078933
2015-11-12,-0.12467654872561768,1.1009869458218047,0.5264062970439011,1.171553092560179,0.6758870131175228,1.7432114621910253,-1.9196103919437055,-0.6268974019043199,-0.6053324230420287,-0.06083583940580225,-0.6268974019043199,-0.6268974019043199,-0.6268974019043199
2015-11-13,-0.1008656523396373,1.1261767097906072,0.5546398435520983,1.2257947977278874,0.7151977695400696,1.6959565502096319,-1.8778236286933159,-0.6322834697774578,-0.5923517054416096,-0.21759080523590152,-0.6322834697774578,-0.6322834697774578,-0.6322834697774578
2015-11-16,-0.08660785395707016,1.161631089931372,0.574932326759835,1.2549639370606789,0.7333191752960453,1.6578899347359872,-1.8460030622674939,-0.6249648822569667,-0.5970348205710999,-0.35323119796038926,-0.6249648822569667,-0.6249648822569667,-0.6249648822569667
2015-11-17,-0.06135353096850972,1.1985142112029263,0.5969226120704914,1.2761330000786577,0.7421072481449874,1.6173615078975,-1.813279112924635,-0.618579756669891,-0.5878683098619302,-0.494218598959924,-0.618579756669891,-0.618579756669891,-0.618579756669891
2015-11-18,-0.042400953039916076,1.2260106136649014,0.6152225341064785,1.290219362254416,0.7520280142710977,1.5800472454827026,-1.7832830279569512,-0.6068441757255297,-0.5600291310965759,-0.6504379547840338,-0.6068441757255297,-0.6068441757255297,-0.6068441757255297
2015-11-19,-0.04234067173336152,1.2440646503149302,0.6460727832945249,1.3188710543117113,0.7610443667312071,1.5419856122560875,-1.7278648362594196,-0.6133110293757998,-0.5536793306371136,-0.7349095107753666,-0.6133110293757998,-0.6133110293757998,-0.6133110293757998
2015-11-20,-0.0495916841527903,1.2612648991366155,0.6744878828739438,1.3460632585721544,0.7531275838861484,1.5150128675489951,-1.6770857173740796,-0.6196480971622181,-0.560756056269656,-0.7839306455724575,-0.6196480971622181,-0.6196480971622181,-0.6196480971622181
2015-11-23,-0.056799352264134746,1.278852129437895,0.7108453994661373,1.3720041722600758,0.7377943677285141,1.4778498131844502,-1.6385550764145806,-0.6134213725160421,-0.5814898506505585,-0.8468161126836297,-0.6134213725160421,-0.6134213725160421,-0.6134213725160421
2015-11-24,-0.07089057672593628,1.2561592735265426,0.7362060047669637,1.4035839578811569,0.7363747766860271,1.4654761111634138,-1.5971542174634816,-0.5943509031829656,-0.6240054809423505,-0.928346236160474,-0.5943509031829656,-0.5943509031829656,-0.5943509031829656
2015-11-25,-0.054594496717646705,1.2179007898325485,0.7535089910734546,1.42606618988099,0.7195748431373741,1.4697146181529208,-1.5836950350623633,-0.5876069234790422,-0.6141580291092331,-0.983890177271876,-0.5876069234790422,-0.5876069234790422,-0.5876069234790422
2015-11-27,-0.04126696323705888,1.1852547857362694,0.7656925823030495,1.4553379631179122,0.7015739246112364,1.4804971233277404,-1.532489038615024,-0.5955858662662544,-0.5863974767525308,-1.0458594354265751,-0.5955858662662544,-0.5955858662662544,-0.5955858662662544
2015-11-30,-0.05235465637489718,1.155142390135775,0.7779090169591659,1.4806175548111307,0.6885989863592153,1.4958005944698534,-1.4708029627930954,-0.5972645257372893,-0.575779065961183,-1.1100737546568082,-0.5972645257372893,-0.5972645257372893,-0.5972645257372893
2015-12-01,-0.0772564845639705,1.136960271154675,0.7697492511035812,1.4879351227620052,0.6578981911839473,1.546398589891725,-1.4190962230824518,-0.6081916108059126,-0.5323108551466936,-1.1375114200791687,-0.6081916108059126,-0.6081916108059126,-0.6081916108059126
2015-12-02,-0.1145567043105333,1.1227144559046704,0.7723254591078466,1.4932886099547924,0.6530301748477703,1.5802340529662988,-1.3431659202252089,-0.6204302559549507,-0.5111039859912679,-1.1710451184345645,-0.6204302559549507,-0.6204302559549507,-0.6204302559549507
2015-12-03,-0.15046800329077695,1.1081998861299418,0.7680121378046361,1.4985324430228555,0.6429693810691158,1.6058467926960844,-1.2750747914651208,-0.6221325895928173,-0.4762788021790539,-1.233208685416414,-0.6221325895928173,-0.6221325895928173,-0.6221325895928173
2015-12-04,-0.20527974424750745,1.0728574009199536,0.755306202496604,1.5013731275861513,0.6276484904181777,1.6419403774247308,-1.1875989497523214,-0.6234407407010975,-0.37618346125754615,-1.3363004807838532,-0.6234407407010975,-0.6234407407010975,-0.6234407407010975
2015-12-07,-0.2364500693874394,1.0362184136872044,0.7341488398557189,1.4712834146670488,0.6066527957445168,1.6945753021250436,-1.1716114790514713,-0.6143505715260951,-0.27397748326484356,-1.403437448271397,-0.6143505715260951,-0.6143505715260951,-0.6143505715260951
2015-12-08,-0.26557425714003186,1.0083681338338595,0.7086034923646384,1.4326659216170503,0.5465206064357729,1.7608431752736977,-1.1578531054638102,-0.612726296701333,-0.1340742053495894,-1.4485945747662563,-0.612726296701333,-0.612726296701333,-0.612726296701333
2015-12-09,-0.2892583044887562,0.9919537909265493,0.7056957875311362,1.4248366145604923,0.5273418593003156,1.7516532616934928,-1.1522171849302307,-0.602001741310509,-0.0424349320605326,-1.5095639272904302,-0.602001741310509,-0.602001741310509,-0.602001741310509
2015-12-10,-0.32254062443186005,0.9808944482077643,0.7035458676838215,1.4164427745946233,0.50509232077294,1.7387286922618115,-1.1359607479218252,-0.5977809161292634,0.06388679244063707,-1.5589658590908584,-0.5977809161292634,-0.5977809161292634,-0.5977809161292634
2015-12-11,-0.3365313532309917,0.972532944937312,0.6839831900590005,1.391497233209043,0.46103915654316907,1.7388337683425195,-1.092507915954817,-0.6082541479903187,0.22004694467145014,-1.6058773766154102,-0.6082541479903187,-0.6082541479903187,-0.6082541479903187
2015-12-14,-0.3443250133645178,0.9588933282317647,0.6599099433817631,1.3343100811945354,0.40097211638030816,1.7533780955616571,-1.0645472349375005,-0.6049284202377341,0.38433058178366886,-1.6632082172807423,-0.6049284202377341,-0.6049284202377341,-0.6049284202377341
2015-12-15,-0.3572729876092727,0.9485420129543471,0.6438416889493613,1.2792435400009567,0.34936935209292524,1.7477841253572328,-1.0052782173886163,-0.6054295643884,0.5405554836210484,-1.725066740424383,-0.6054295643884,-0.6054295643884,-0.6054295643884
2015-12-16,-0.3713930701936412,0.9252411293181783,0.6238564347442657,1.2356948456215382,0.31346340282985696,1.7429492722693558,-0.9170173816133115,-0.6221867603986106,0.6923619668324634,-1.7564095582142636,-0.6221867603986106,-0.6221867603986106,-0.6221867603986106
2015-12-17,-0.4003790901512885,0.8957142012164009,0.6074666730214071,1.2059851455850523,0.2935600474794153,1.7246126463723372,-0.8156882070854056,-0.6365333758808248,0.8216010173402248,-1.786738930254845,-0.6365333758808248,-0.6365333758808248,-0.6365333758808248
2015-12-18,-0.4308252846935371,0.8680660929826641,0.5913947320470189,1.1817770949017572,0.26659653809118833,1.6971451023555548,-0.7055044739329509,-0.6412242013134657,0.9287638570037318,-1.8325168535015621,-0.6412242013134657,-0.6412242013134657,-0.6412242013134657
2015-12-21,-0.4844330386057905,0.836040713746964,0.5735319372046244,1.1529891659569838,0.22784557743361564,1.6692807814785071,-0.6088716044996052,-0.6292121405527429,1.0337273873117618,-1.8832623578160907,-0.6292121405527429,-0.6292121405527429,-0.6292121405527429
2015-12-22,-0.5476723254652018,0.8010026283942622,0.5464501310402506,1.1118917806614985,0.19508915138924382,1.6320954904167393,-0.5093333758111136,-0.6142935820230166,1.1556805976546245,-1.928029750188237,-0.6142935820230166,-0.6142935820230166,-0.6142935820230166
2015-12-23,-0.6120826571039495,0.7718087063553466,0.5063963358960248,1.0620539451528999,0.16340636583862653,1.5944385379213466,-0.40563765043804256,-0.5972248567710611,1.273826880996432,-1.9653110375344398,-0.5972248567710611,-0.5972248567710611,-0.5972248567710611
2015-12-24,-0.6569506572901346,0.7390206766715512,0.4604189295163073,0.9841292102216499,0.12478074721360186,1.566247194038295,-0.2921263756241312,-0.5822811116333616,1.3979275357296859,-1.9943228139433793,-0.5822811116333616,-0.5822811116333616,-0.5822811116333616
2015-12-28,-0.7079542716069368,0.7045355155017061,0.41696059203672176,0.9122386600783042,0.09833739755003491,1.5314356382606107,-0.18133825110822702,-0.560391919310045,1.4958528184692816,-2.028500421941316,-0.560391919310045,-0.560391919310045,-0.560391919310045
2015-12-29,-0.7519943814610138,0.6837367932802448,0.38679229999044756,0.8390251832619535,0.07698324003999056,1.4932095564696413,-0.1269324628235781,-0.527388723988127,1.5748751719520138,-2.066140504757191,-0.527388723988127,-0.527388723988127,-0.527388723988127
2015-12-30,-0.7955830036140751,0.6624294230797276,0.3585254070279992,0.7799564822817401,0.05165591703430618,1.4578525768521597,-0.06573084759080887,-0.49878672850683475,1.6386098153886173,-2.0925688564323277,-0.49878672850683475,-0.49878672850683475,-0.49878672850683475
2015-12-31,-0.8429416943609459,0.6298952043631253,0.34163960977529956,0.7311561115828176,0.03919683650911517,1.4060000288695889,0.002456397406862557,-0.46965439219277283,1.6946343434832218,-2.1234192688579947,-0.46965439219277283,-0.46965439219277283,-0.46965439219277283
2016-01-04,-0.877304999310101,0.6002862978078007,0.3140610186868664,0.6803744249413346,0.017092922701873858,1.3390622619643007,0.05496222240398257,-0.42266988398583233,1.7434169811419742,-2.1812715943947034,-0.42266988398583233,-0.42266988398583233,-0.42266988398583233
2016-01-05,-0.9144675872634619,0.5746919372662768,0.28715293812911113,0.6109659115307923,-0.00862911463772088,1.2911939571648325,0.09227040956469656,-0.3844208130062453,1.8063290274929624,-2.2018242272225073,-0.3844208130062453,-0.3844208130062453,-0.3844208130062453
2016-01-06,-0.9809955937868599,0.5851945845579677,0.28286274288507895,0.5674804541851827,-0.014249368827057003,1.2871656873061572,0.12413263153091256,-0.35719818945671983,1.7912241724049935,-2.2140225524294967,-0.35719818945671983,-0.35719818945671983,-0.35719818945671983
2016-01-07,-1.0848527538032997,0.5814893265351258,0.28602396721695433,0.534670224620392,-0.01896143050599313,1.2532320520668316,0.17028505396561783,-0.3121160175179266,1.7652385635094507,-2.2386609335333736,-0.3121160175179266,-0.3121160175179266,-0.3121160175179266
2016-01-08,-1.2148376899861661,0.5702938841881069,0.2926071234472789,0.4942858274677462,-0.04243020019588494,1.2329652555643393,0.20288316008465956,-0.25568465622243364,1.7325474498553577,-2.245576185535702,-0.25568465622243364,-0.25568465622243364,-0.25568465622243364
2016-01-11,-1.3532972584611942,0.5706969439483827,0.2914611795992656,0.43785779310042955,-0.07559074755516315,1.1895566917162284,0.2413514623158196,-0.18941437210666448,1.7020862265142445,-2.246464802751355,-0.18941437210666448,-0.18941437210666448,-0.18941437210666448
2016-01-12,-1.4555400782527301,0.5667716156700997,0.29781145724159624,0.39755623058631023,-0.09813771332292738,1.147148981884233,0.25908747694745243,-0.12682877294074052,1.6548696581185693,-2.262252537109642,-0.12682877294074052,-0.12682877294074052,-0.12682877294074052
2016-01-13,-1.5531584434267096,0.5577267557116437,0.3201340169435173,0.3619923684000789,-0.11418306043358474,1.0991367322301488,0.26064393864358276,-0.06027808721153898,1.590984599717567,-2.2821645589400887,-0.06027808721153898,-0.06027808721153898,-0.06027808721153898
2016-01-14,-1.6530563706737345,0.557445413091659,0.33504392007670414,0.3197339222105969,-0.12699015960911342,1.0472753265798678,0.2862866300946042,0.007954673496071431,1.5024052723696864,-2.2999626481245565,0.007954673496071431,0.007954673496071431,0.007954673496071431
2016-01-15,-1.7524656310147442,0.5499733050327359,0.33881826916283714,0.24867328205061856,-0.1528952823566641,0.9847096122421258,0.31779920189331273,0.07627597166237442,1.4482820527638718,-2.2879986964235917,0.07627597166237442,0.07627597166237442,0.07627597166237442
2016-01-19,-1.807703916942801,0.5243909831328684,0.34688345795905146,0.17082021762204827,-0.17694699464323074,0.8700648057741642,0.3571858589735394,0.16806433851466357,1.3682709044444201,-2.3252226703787144,0.16806433851466357,0.16806433851466357,0.16806433851466357
2016-01-20,-1.856062504722855,0.48425470132171633,0.3507395644676004,0.07994770361130706,-0.2052810618094269,0.7621502768302789,0.3439354517416644,0.27746784682911363,1.2776634677641596,-2.3472189865208994,0.27746784682911363,0.27746784682911363,0.27746784682911363
2016-01-21,-1.8467783096217278,0.442920230295683,0.3555254306869561,-0.012391426313573352,-0.2332211988803491,0.6550219808573211,0.3030868484277405,0.3782070586057027,1.2040658126835206,-2.381057602558382,0.3782070586057027,0.3782070586057027,0.3782070586057027
2016-01-22,-1.8012801242794578,0.42156281562195336,0.36714853793027774,-0.1059972225920842,-0.25149278284182297,0.5630725730843388,0.2423936177437664,0.4658031154749444,1.1229048168328137,-2.4215246933995638,0.4658031154749444,0.4658031154749444,0.4658031154749444
2016-01-25,-1.7214790581106527,0.4083598395804139,0.38898075843137986,-0.17181097390963504,-0.24408654735900254,0.4542752627188678,0.17568037103026002,0.5523876349864928,0.9891417506902325,-2.488611943017835,0.5523876349864928,0.5523876349864928,0.5523876349864928
2016-01-26,-1.6298467706557984,0.3799421809520242,0.3899025518787318,-0.22362525872191102,-0.23832809512862646,0.3559673277629254,0.10508449668427389,0.6321089843900481,0.8712376624209426,-2.5387700327527525,0.6321089843900481,0.6321089843900481,0.6321089843900481
2016-01-27,-1.5548503150462258,0.37434305044640953,0.40010511021614387,-0.257824473903355,-0.22114396726276028,0.2574233941566947,0.013552324815342768,0.7007705233418062,0.749390067134645,-2.5640772839241195,0.7007705233418062,0.7007705233418062,0.7007705233418062
2016-01-28,-1.4932448715594475,0.3760044006396745,0.4105025676291503,-0.2852150476486551,-0.2064957912073578,0.15959920191500565,-0.07266644469846158,0.7675152057005497,0.6068108589372,-2.565355696809305,0.7675152057005497,0.7675152057005497,0.7675152057005497
2016-01-29,-1.4309698253062952,0.3653752524426576,0.41298223096505954,-0.2819677620544659,-0.10831957111642401,0.04831664466108988,-0.16050738112231264,0.8143783679045705,0.47620393877336215,-2.5786269988609534,0.8143783679045705,0.8143783679045705,0.8143783679045705
2016-02-01,-1.3651201919101614,0.38383774008313926,0.4109000923242019,-0.3671970907301696,-0.011183167764224155,-0.04578160473000783,-0.278732048697328,0.8574179132750184,0.3948684745117562,-2.5512638561872807,0.8574179132750184,0.8574179132750184,0.8574179132750184
2016-02-02,-1.29093763703731,0.38970165985747096,0.41892637154934725,-0.451106747728025,0.10648324984365393,-0.13917883183218538,-0.38095224923766996,0.8878699299453673,0.31972858982409436,-2.524144125020846,0.8878699299453673,0.8878699299453673,0.8878699299453673
2016-02-03,-1.2015160861436023,0.38598546542284573,0.44906192987994936,-0.5235033250658051,0.22148516678036545,-0.22506982431315978,-0.5265123171318213,0.9120756497254164,0.2542205394842945,-2.4824541478147304,0.9120756497254164,0.9120756497254164,0.9120756497254164
2016-02-04,-1.12006508431105,0.37591018284206135,0.4656379656074294,-0.56708079304562,0.3287243080885356,-0.29290440963170944,-0.6211182792768671,0.9232943256369482,0.1949925181405159,-2.4572737109610894,0.9232943256369482,0.9232943256369482,0.9232943256369482
2016-02-05,-1.0178058729553379,0.363134412493576,0.46073844524283064,-0.6023164212760667,0.4055244208072938,-0.37540148139448754,-0.7139391254046524,0.9316278550111052,0.18961239414198208,-2.436058191699559,0.9316278550111052,0.9316278550111052,0.9316278550111052
2016-02-08,-0.9211722323360946,0.3535284529124393,0.4457245730990547,-0.6577636000965262,0.446810365265104,-0.44942225852506296,-0.7883595254979097,0.9459208466308416,0.1865808074228084,-2.399609968767179,0.9459208466308416,0.9459208466308416,0.9459208466308416
2016-02-09,-0.7948292499824331,0.3569516468534373,0.44485753377651005,-0.6869017674883371,0.5055712965606818,-0.5137817536063526,-0.8878230648657922,0.946313562381322,0.16829157310559417,-2.377590463878595,0.946313562381322,0.946313562381322,0.946313562381322
2016-02-10,-0.6898905679403661,0.3525666844215042,0.44683655686368823,-0.7261227162867671,0.5533507465991281,-0.5285581045048476,-0.9717907463469722,0.9415986402795429,0.15763750477089133,-2.360423918694431,0.9415986402795429,0.9415986402795429,0.9415986402795429
2016-02-11,-0.6090077504293068,0.35089166286979234,0.4496973359812456,-0.7720009547408232,0.6043761157611097,-0.5467402451210972,-1.0614249010923833,0.9397415274660399,0.1413832630297782,-2.316140636122475,0.9397415274660399,0.9397415274660399,0.9397415274660399
2016-02-12,-0.5420578747882555,0.34609731106584757,0.44689802637238774,-0.7889742715836598,0.6514502075715686,-0.5709983598095578,-1.130588398023075,0.9411688886844504,0.09997418119495052,-2.276476376738007,0.9411688886844504,0.9411688886844504,0.9411688886844504
2016-02-16,-0.4929166583443966,0.3454122705385664,0.4533806618777333,-0.790013377451714,0.7108046733189224,-0.5988002444200247,-1.1982649876094071,0.9299748361389193,0.09546555936240043,-2.24496724182776,0.9299748361389193,0.9299748361389193,0.9299748361389193
2016-02-17,-0.45177876260597655,0.33399347365324805,0.45508986721438927,-0.8009236714617176,0.747292034073723,-0.5951484926009291,-1.28882863625374,0.9249640880201138,0.0982087887148186,-2.1977609528142703,0.9249640880201138,0.9249640880201138,0.9249640880201138
2016-02-18,-0.427244390984782,0.34192360280034784,0.4630465972389744,-0.820331202985044,0.8010026827341252,-0.5819470761868016,-1.3921879594812396,0.9090425469764973,0.11855147068049753,-2.138983911722068,0.9090425469764973,0.9090425469764973,0.9090425469764973
2016-02-19,-0.4076840190686902,0.35727012076064535,0.4563665865172035,-0.8554416676387295,0.8460735091633437,-0.5332822542843848,-1.500056549066295,0.8948042920941282,0.1302268959058749,-2.0726897906654798,0.8948042920941282,0.8948042920941282,0.8948042920941282
2016-02-22,-0.39809657451765873,0.3619399714348375,0.45020135592887794,-0.8914066506799558,0.9071656723634094,-0.48903033891102515,-1.603839310946967,0.8817565499478887,0.12435270026004476,-1.9883130247231169,0.8817565499478887,0.8817565499478887,0.8817565499478887
2016-02-23,-0.3779900833524741,0.3743616742070455,0.4361691297103809,-0.9068341991086339,0.9785474105094555,-0.43286088725508254,-1.6783180088435172,0.8577792465825282,0.12127975014540224,-1.9454717723426893,0.8577792465825282,0.8577792465825282,0.8577792465825282
2016-02-24,-0.3801840371525169,0.36447365845857976,0.4115268287765147,-0.9296525031587903,1.0236959897531541,-0.36860445696799304,-1.7331971040782423,0.8469476440339151,0.12576063778628332,-1.9016095895526495,0.8469476440339151,0.8469476440339151,0.8469476440339151
2016-02-25,-0.3737694488438144,0.3554238392597052,0.3978990674589412,-0.9668947495715046,1.0805818973604926,-0.311324860455617,-1.786074796319619,0.8302625660885591,0.13021918784310732,-1.8471104010859267,0.8302625660885591,0.8302625660885591,0.8302625660885591
2016-02-26,-0.3742812801637839,0.3465661794740758,0.3880912969372079,-1.0100987429123063,1.140776652386184,-0.2657293211186628,-1.8153384795628034,0.81293969654204,0.13795965563794305,-1.7997047468460143,0.81293969654204,0.81293969654204,0.81293969654204
2016-02-29,-0.3387393055456799,0.3320790043556458,0.37811874639158366,-1.0549270200009977,1.2134875578440363,-0.22779510581768111,-1.8417246054916663,0.7866989730238474,0.15433526230207725,-1.761630426132707,0.7866989730238474,0.7866989730238474,0.7866989730238474
2016-03-01,-0.2960347057790539,0.3192130793097209,0.3517937384358673,-1.1652254626993868,1.2038579713966318,-0.1695239286723219,-1.8630126903257567,0.7862390542226921,0.17054726973664297,-1.6965714882931124,0.7862390542226921,0.7862390542226921,0.7862390542226921
2016-03-02,-0.25167071231660526,0.28150529846929107,0.33219954368582105,-1.1871948844880904,1.1862822613158206,-0.10962595742302902,-1.8982271763374663,0.7881511662375271,0.16807452211325244,-1.6739475599691014,0.7881511662375271,0.7881511662375271,0.7881511662375271
2016-03-03,-0.19554107601395054,0.25582792508331925,0.29809545474120347,-1.2028829421975864,1.149963745533238,-0.040384066557740225,-1.9663857919204286,0.7956740630943842,0.13684745085669184,-1.6182369519022848,0.7956740630943842,0.7956740630943842,0.7956740630943842
2016-03-04,-0.14240446362996,0.2367643597213109,0.23419950769066156,-1.2327586274989302,1.123346567262251,0.0509235129302637,-2.013480645436453,0.7986500190609122,0.11884884591512136,-1.5700391331979136,0.7986500190609122,0.7986500190609122,0.7986500190609122
2016-03-07,-0.1051664290893355,0.21595880527111447,0.1880778619847911,-1.2554808420380774,1.095101053023901,0.1337006547918717,-2.0342916477301896,0.7948713342174893,0.14085457761500966,-1.5582393706990427,0.7948713342174893,0.7948713342174893,0.7948713342174893
2016-03-08,-0.07002689506857869,0.18449069313716734,0.15011348247102482,-1.285775062492589,1.061062605258762,0.23038045537725246,-2.0195311394219964,0.7927611689688678,0.15609598748723133,-1.5778548026237456,0.7927611689688678,0.7927611689688678,0.7927611689688678
2016-03-09,-0.02649067980415221,0.17465106777908115,0.1200163807427224,-1.2875154427816995,1.064230741685456,0.37185389867149266,-1.9766388470078737,0.7590586483276776,0.19033849308257694,-1.6666802056783143,0.7590586483276776,0.7590586483276776,0.7590586483276776
2016-03-10,-0.020619191973775847,0.1684723856471883,0.0649310720456266,-1.3186355799670018,1.1133073211386009,0.5485248994100255,-1.8824584384138479,0.7025384294276756,0.27534061501277074,-1.7590168006102909,0.7025384294276756,0.7025384294276756,0.7025384294276756
2016-03-11,-0.016196570190325284,0.1464101101791682,0.009799161042408766,-1.3310216384173919,1.1634559450501787,0.7432907959116302,-1.7846659206654514,0.6264686088851978,0.4025051413641089,-1.8394514598151188,0.6264686088851978,0.6264686088851978,0.6264686088851978
2016-03-14,-0.009807803969474184,0.11215344944368708,-0.06618316553138887,-1.3627485751377313,1.2048019149297866,0.9731561795004593,-1.635705045479065,0.5276038355002498,0.5736964079707616,-1.8997787037280354,0.5276038355002498,0.5276038355002498,0.5276038355002498
2016-03-15,0.007992368225840063,0.07014238560889867,-0.15259450568614524,-1.4047214327858124,1.220230250848663,1.2349087128038105,-1.4346083041787112,0.3953606906834399,0.7933833638446841,-1.9161756014149864,0.3953606906834399,0.3953606906834399,0.3953606906834399
2016-03-16,0.05170148236881869,0.01379181572818824,-0.23260276671392363,-1.4070141802308584,1.2098564554089406,1.4799843940296225,-1.1505340499951995,0.25316299053500235,0.9690025356924625,-1.9468376484280612,0.25316299053500235,0.25316299053500235,0.25316299053500235
2016-03-17,0.08565939427822898,-0.029558569064427734,-0.2926569042950107,-1.3549965999534372,1.2003829803014534,1.6658381718252186,-0.7866009674957173,0.11028516167763691,1.0773237027609157,-2.006531855067771,0.11028516167763691,0.11028516167763691,0.11028516167763691
2016-03-18,0.1138967145352999,-0.0733359839984832,-0.34380377946362806,-1.2963768470822576,1.1252925619482634,1.8029654480613375,-0.44773567341522275,-0.0036407087795517616,1.1621507353206082,-2.02849034078771,-0.0036407087795517616,-0.0036407087795517616,-0.0036407087795517616
2016-03-21,0.16003341073856855,-0.13711820460160554,-0.36889323558907916,-1.220296727394949,1.0715804831321867,1.825116640625466,-0.05060825234716107,-0.12859723524062225,1.274000734884885,-2.0394259084858226,-0.12859723524062225,-0.12859723524062225,-0.12859723524062225
2016-03-22,0.19443640084080588,-0.18638462133660366,-0.39943250477499836,-1.174712770981481,1.0038600379889298,1.8204329725665869,0.3563394369856941,-0.2503734329814,1.3518817765712372,-1.9649269959345708,-0.2503734329814,-0.2503734329814,-0.2503734329814
2016-03-23,0.23464904684167934,-0.2397474704284217,-0.4251838216812117,-1.1549984291160114,0.9184955397832614,1.7722045110432734,0.6621603337417057,-0.33907937069010946,1.4383566508793453,-1.8496188783031826,-0.33907937069010946,-0.33907937069010946,-0.33907937069010946
2016-03-24,0.28680686165666186,-0.2578649555454952,-0.43743468005803526,-1.1053392585632882,0.8408937699658301,1.7166830520655336,0.8826336005661505,-0.43373999589384565,1.5220263077557707,-1.713444714267745,-0.43373999589384565,-0.43373999589384565,-0.43373999589384565
2016-03-28,0.31550966887092463,-0.2626364725046416,-0.4455893801380299,-1.0270620104370276,0.7582000220650703,1.651136540981015,1.092187687966494,-0.5123169564237267,1.5702151532336008,-1.6026933843424989,-0.5123169564237267,-0.5123169564237267,-0.5123169564237267
2016-03-29,0.34481983953770773,-0.27962667456827217,-0.45454918812605727,-0.9439131337087221,0.6755567472363503,1.6008098769124652,1.2442894285932686,-0.570053428299471,1.6010747570545358,-1.5082479397333908,-0.570053428299471,-0.570053428299471,-0.570053428299471
2016-03-30,0.3763164089486248,-0.26853694567233355,-0.4521538837993498,-0.8558827094302341,0.6099627870314295,1.5647669553621695,1.3526328270658694,-0.6318052496630345,1.6137280076448908,-1.4136124484989285,-0.6318052496630345,-0.6318052496630345,-0.6318052496630345
2016-03-31,0.4106545028462989,-0.2471280264804508,-0.4313344539095468,-0.7585730444623757,0.5470893527834466,1.539759315792862,1.4177105358856468,-0.6931373336787818,1.6242865929605552,-1.329915440701309,-0.6931373336787818,-0.6931373336787818,-0.6931373336787818
2016-04-01,0.4194737253160664,-0.23656001939708907,-0.42843084516293684,-0.6930639876450067,0.4767127521058943,1.4820313047014997,1.5503325996410817,-0.7261101632938444,1.60089792868404,-1.2669528050681702,-0.7261101632938444,-0.7261101632938444,-0.7261101632938444
2016-04-04,0.419459905895985,-0.23127811927363726,-0.41450177396549726,-0.6271040863522831,0.4133328828120383,1.4116264279237338,1.667410915413343,-0.7497203023822349,1.5850656404878913,-1.225130583412634,-0.7497203023822349,-0.7497203023822349,-0.7497203023822349
2016-04-05,0.41796316653429433,-0.21557522014134536,-0.3943040950190098,-0.5701927780499929,0.33911635160016196,1.3509105089419753,1.7733149828364045,-0.7638900696453136,1.5586026711320538,-1.2042753092532863,-0.7638900696453136,-0.7638900696453136,-0.7638900696453136
2016-04-06,0.413543174995921,-0.19647666383246543,-0.37600746619953596,-0.5341736772041384,0.29192617012626654,1.3193567494863405,1.8708555242297453,-0.7679999360417388,1.490246473377238,-1.2072705408124182,-0.7679999360417388,-0.7679999360417388,-0.7679999360417388
2016-04-07,0.4017537602707988,-0.16951963835074257,-0.344783379798989,-0.4814934160166886,0.26546116759509497,1.2867200169167203,1.951931480837736,-0.7882982044960718,1.4268928633404423,-1.1837700368100856,-0.7882982044960718,-0.7882982044960718,-0.7882982044960718
2016-04-08,0.38161301613755066,-0.16890594776520593,-0.32562462617419047,-0.4427978504138695,0.24228030219107766,1.2623361859480482,2.0229717749314986,-0.81204736382632,1.3838056507295777,-1.1074890502792059,-0.81204736382632,-0.81204736382632,-0.81204736382632
2016-04-11,0.36945450544207276,-0.1846958790798215,-0.3162044699112134,-0.40216718709982363,0.19508553830967543,1.2592760734413957,2.073377522095459,-0.8256285319892578,1.3522625963328323,-1.0438745715735445,-0.8256285319892578,-0.8256285319892578,-0.8256285319892578
2016-04-12,0.36372107028238115,-0.1829733992388898,-0.3163248219390313,-0.3569631215465064,0.1444679707526874,1.2555333725623723,2.1271691911989925,-0.8331397454073365,1.3030422905158143,-1.005113570958474,-0.8331397454073365,-0.8331397454073365,-0.8331397454073365
2016-04-13,0.37453179781225787,-0.18153307996873447,-0.31228447454713165,-0.3043960981708611,0.10150015563175763,1.2504977299908049,2.1719215284822124,-0.8278651837888764,1.241734919812337,-1.030511743887138,-0.8278651837888764,-0.8278651837888764,-0.8278651837888764
2016-04-14,0.38699109235954726,-0.18144517296043708,-0.313961598904284,-0.25794304101671206,0.05228462546049275,1.256968577939629,2.198751942186646,-0.8337951269849435,1.2002638195566924,-1.0067297366817973,-0.8337951269849435,-0.8337951269849435,-0.8337951269849435
2016-04-15,0.38941321997288786,-0.18344247714283243,-0.31361566715429984,-0.22062401231804882,0.0019260711750573333,1.2798928219070071,2.215900655485163,-0.8333894671419386,1.1608756220445078,-0.9967683654016856,-0.8333894671419386,-0.8333894671419386,-0.8333894671419386
2016-04-18,0.3793064113822106,-0.18547638470284156,-0.31278027033394196,-0.1690132953254658,-0.05492443134260906,1.2856517393332847,2.248662364767631,-0.8358604422542705,1.1192536070628751,-0.9672379718240627,-0.8358604422542705,-0.8358604422542705,-0.8358604422542705
2016-04-19,0.3605320520914499,-0.18945153116153907,-0.31032453632172025,-0.09310768470720508,-0.1007604627486535,1.2945522997357441,2.2786904820137903,-0.8358811562361884,1.0642609190015655,-0.9608669129586779,-0.8358811562361884,-0.8358811562361884,-0.8358811562361884
2016-04-20,0.34881669253340086,-0.17135408070306027,-0.30381675118850726,-0.0031952932539265574,-0.13233630232698354,1.2910780332553744,2.298938409101447,-0.8355152861178894,1.0056384559373786,-0.9917080188835647,-0.8355152861178894,-0.8355152861178894,-0.8355152861178894
2016-04-21,0.344072335546985,-0.15910629918611896,-0.2989594494595119,0.09485909075846907,-0.16249876190628162,1.292233973196916,2.295190440045183,-0.8270301190110154,0.9643441479349067,-1.0620150008864861,-0.8270301190110154,-0.8270301190110154,-0.8270301190110154
2016-04-22,0.32429229307497986,-0.15028128046023836,-0.28528446666960644,0.18348868241185018,-0.1918451746539268,1.2960712634689509,2.3036915834394,-0.8185400948742168,0.9050689541675397,-1.1110414752820812,-0.8185400948742168,-0.8185400948742168,-0.8185400948742168
2016-04-25,0.31410596380067285,-0.17574933060265027,-0.2960754477501258,0.25280608082341266,-0.2320779754761837,1.2728605229973553,2.351987247803994,-0.8092939918556634,0.8394786984182295,-1.0901597925920505,-0.8092939918556634,-0.8092939918556634,-0.8092939918556634
2016-04-26,0.3063508545828336,-0.1994356711609928,-0.3008627117020667,0.3153860738319604,-0.27628604995029027,1.2639023306866755,2.383505814076863,-0.798519496158738,0.7798510466022048,-1.078333702332235,-0.798519496158738,-0.798519496158738,-0.798519496158738
2016-04-27,0.2993097851686248,-0.22169486115704143,-0.3210400108876369,0.37606647830416656,-0.33621610276573793,1.2540899593226733,2.4173905092469683,-0.7952718278399941,0.7272948189874421,-1.014113264859482,-0.7952718278399941,-0.7952718278399941,-0.7952718278399941
2016-04-28,0.23511271164439812,-0.2569457253027248,-0.34883431226432043,0.416220785915085,-0.40683654356729276,1.260692439676541,2.461967838339379,-0.7765606627680305,0.6857272874788771,-0.9408618308478193,-0.7765606627680305,-0.7765606627680305,-0.7765606627680305
2016-04-29,0.13919010296495313,-0.30632397003041334,-0.38194537187933164,0.4745647076847562,-0.38872376217383803,1.239464740642935,2.5208819142579135,-0.7597389039929596,0.6230336426651167,-0.8811863881602537,-0.7597389039929596,-0.7597389039929596,-0.7597389039929596
2016-05-02,0.04281858191615292,-0.3495850016642647,-0.4082904177310313,0.567251657459394,-0.3582151121306053,1.2168159712767879,2.5493111709988936,-0.7484398030152823,0.5751395577152635,-0.8414871957794621,-0.7484398030152823,-0.7484398030152823,-0.7484398030152823
2016-05-03,-0.06139382722659122,-0.38615008482382174,-0.42671081306044933,0.6789680987183281,-0.32157316352329746,1.1935433283438692,2.561924946866437,-0.7283544836375527,0.5221489253749836,-0.8473394761192496,-0.7283544836375527,-0.7283544836375527,-0.7283544836375527
2016-05-04,-0.16893251013204488,-0.43885709670101414,-0.4388730200232948,0.8006369684074733,-0.25713067085746516,1.1910078761087386,2.5430858738855613,-0.7105371292106986,0.475793959712959,-0.8645828635581186,-0.7105371292106986,-0.7105371292106986,-0.7105371292106986
2016-05-05,-0.2721266528320185,-0.4874537047007008,-0.4581372726152089,0.9488039089096459,-0.18638933607290886,1.200860263136652,2.488887595951095,-0.6988081326954173,0.4350176481476593,-0.8742299191425471,-0.6988081326954173,-0.6988081326954173,-0.6988081326954173
2016-05-06,-0.39043171480573075,-0.5467610264854937,-0.49229085482446144,1.1014583044078434,-0.11919389590932238,1.2438480848291387,2.397753466145168,-0.6818097607253856,0.4043539648753501,-0.8714972853309513,-0.6818097607253856,-0.6818097607253856,-0.6818097607253856
2016-05-09,-0.5097105944154671,-0.6028660186292037,-0.5187909138793285,1.271417894875919,-0.05505486121079699,1.2724753246188132,2.2903830996921393,-0.6569689403436526,0.3570196517893116,-0.8769978214667759,-0.6569689403436526,-0.6569689403436526,-0.6569689403436526
2016-05-10,-0.6288310927708468,-0.6628177070482364,-0.5313911731201095,1.4537962359802075,0.04018766485137042,1.2828690908489928,2.1571101016986964,-0.6166725883575316,0.2862394629715388,-0.9304722299814876,-0.6166725883575316,-0.6166725883575316,-0.6166725883575316
2016-05-11,-0.76561726911799,-0.7178428381434574,-0.5386662340116282,1.6537569848559655,0.16051495517668227,1.2831700347153276,1.9801583930619984,-0.5771581142117961,0.20485622904180387,-0.9516977987315174,-0.5771581142117961,-0.5771581142117961,-0.5771581142117961
2016-05-12,-0.9301580355172271,-0.7698238950865258,-0.5551446581392752,1.8551204551591023,0.2712423235704022,1.2722355673377856,1.76853785484221,-0.5238407123237322,0.11203490320836562,-0.9286816660799088,-0.5238407123237322,-0.5238407123237322,-0.5238407123237322
2016-05-13,-1.1019188768218848,-0.7938897172540941,-0.5525300269902962,2.0484959120062345,0.419116560212621,1.2146326737858868,1.5076058259666787,-0.43163624544378226,-0.022868553752061007,-0.9920988153779557,-0.43163624544378226,-0.43163624544378226,-0.43163624544378226
2016-05-16,-1.2628643414796885,-0.815052016199513,-0.5612369746187708,2.157324426170816,0.5362053665207721,1.2465960988692966,1.211768627607517,-0.3430184939895743,-0.15758706281788395,-0.9830801480942483,-0.3430184939895743,-0.3430184939895743,-0.3430184939895743
2016-05-17,-1.3570763630171037,-0.830252772096574,-0.5745973839345738,2.231529295834602,0.6355526757153515,1.2878836903475495,0.895258045926515,-0.26730977012111606,-0.2446928122499411,-0.974365296041361,-0.26730977012111606,-0.26730977012111606,-0.26730977012111606
2016-05-18,-1.405242705065955,-0.861723556010849,-0.5984830454038483,2.255929210980193,0.722006845639322,1.3344180673543782,0.602168212420215,-0.19142888337837216,-0.32492050343341405,-0.9584369929665536,-0.19142888337837216,-0.19142888337837216,-0.19142888337837216
2016-05-19,-1.4417777100149918,-0.8936855260939198,-0.6187481085115013,2.2409681649640727,0.751576237068251,1.41726990926193,0.3549669215464593,-0.1354699398242815,-0.36967773934336673,-0.8990123895798071,-0.1354699398242815,-0.1354699398242815,-0.1354699398242815
2016-05-20,-1.4669982606935803,-0.9057375674194169,-0.632113507734717,2.20904220874943,0.7720246002153344,1.4875438205881997,0.12739508656139673,-0.08001197670760288,-0.42387470946663985,-0.8472337639695946,-0.08001197670760288,-0.08001197670760288,-0.08001197670760288
2016-05-23,-1.4773812489648344,-0.9239227619659133,-0.6564780189774572,2.175877128427535,0.7717195579759489,1.5550096926958987,-0.05455267493293899,-0.04623688651181282,-0.4497405693612606,-0.7555835588497268,-0.04623688651181282,-0.04623688651181282,-0.04623688651181282
2016-05-24,-1.4929774438509504,-0.8883846071760412,-0.6383167451159834,2.146058606319335,0.7762839618361667,1.614817530652079,-0.26801268366179143,-0.024338215895119402,-0.4744770336379498,-0.6776387217843861,-0.024338215895119402,-0.024338215895119402,-0.024338215895119402
2016-05-25,-1.4997479109074339,-0.8531522055020224,-0.6241524400858461,2.1054688299648014,0.7868035508384549,1.6732352346448491,-0.45949095487211444,-0.01665317980953845,-0.48112674712984865,-0.5812246377126862,-0.01665317980953845,-0.01665317980953845,-0.01665317980953845
2016-05-26,-1.4814714082946836,-0.7963424004814349,-0.5812207217410469,2.0740867699325474,0.805667869738868,1.7112183047237792,-0.6269259127942608,-0.012457247630076477,-0.4846031779057127,-0.5705803326577498,-0.012457247630076477,-0.012457247630076477,-0.012457247630076477
2016-05-27,-1.4175377077134523,-0.7563617214444858,-0.5520824612315016,2.06961885171445,0.8255676928459035,1.7307419140614486,-0.7651130842237804,-0.017877908631433962,-0.5056437986473836,-0.557678050835462,-0.017877908631433962,-0.017877908631433962,-0.017877908631433962
2016-05-31,-1.346705829361839,-0.7092437482441047,-0.5087833523738416,2.0724926019647585,0.7761632579858362,1.7807031944221843,-0.8935232660684461,-0.02973569112654692,-0.5103279614779543,-0.5418321323404053,-0.02973569112654692,-0.02973569112654692,-0.02973569112654692
2016-06-01,-1.291597924528803,-0.6686008802531883,-0.47962175001154544,2.027357467552726,0.7230434063617629,1.8760753544212398,-1.018988388478996,-0.05491330084158005,-0.5080457626335647,-0.4399683190633112,-0.05491330084158005,-0.05491330084158005,-0.05491330084158005
2016-06-02,-1.2445264185845337,-0.6391443001961541,-0.4578731481915466,1.9561543621652813,0.6696873299228684,1.9672660576855465,-1.1502768211614862,-0.07571844020023807,-0.5065430221972896,-0.2918702786417335,-0.07571844020023807,-0.07571844020023807,-0.07571844020023807
2016-06-03,-1.215531430174613,-0.6094863042139429,-0.4424245486078167,1.8890596234634969,0.6130740503148088,2.0443542574808093,-1.235739584101664,-0.1045317950412777,-0.4932766037747874,-0.13190228022117992,-0.1045317950412777,-0.1045317950412777,-0.1045317950412777
2016-06-06,-1.184867511539612,-0.6005874186166567,-0.44646410982240203,1.8190155845135476,0.5427219260881017,2.1229738141901238,-1.2863213271778948,-0.14002243060359712,-0.4377651203060751,0.03138388508525673,-0.14002243060359712,-0.14002243060359712,-0.14002243060359712
2016-06-07,-1.1532915079094368,-0.5960713953344137,-0.4662080978209109,1.7638452447800823,0.471514207939428,2.1902882729732287,-1.288623205935521,-0.17520449878546027,-0.3920560577591368,0.17142053420852144,-0.17520449878546027,-0.17520449878546027,-0.17520449878546027
2016-06-08,-1.1192517070697912,-0.5944858851097735,-0.49406589587772065,1.6992011322149765,0.3919143037185901,2.256821953415161,-1.2790679776136844,-0.20619744912098537,-0.341319110694188,0.3050429835003719,-0.20619744912098537,-0.20619744912098537,-0.20619744912098537
2016-06-09,-1.0926833541689371,-0.5873459004655556,-0.5172212835929089,1.631242823009255,0.32015841281644,2.321806113087555,-1.2402573892928048,-0.24044899615139906,-0.29879450090884074,0.4248910641213931,-0.24044899615139906,-0.24044899615139906,-0.24044899615139906
2016-06-10,-1.0568606094310447,-0.5934490515640596,-0.5393755377403244,1.5415977523106503,0.24932812757412676,2.3896791604246856,-1.2093216274318361,-0.2649230131950151,-0.25390318439738985,0.5319970230352525,-0.2649230131950151,-0.2649230131950151,-0.2649230131950151
2016-06-13,-1.0137442920233215,-0.5935736138204925,-0.5511377952292567,1.4426343602982095,0.18608022204171304,2.446686697754461,-1.2004244524323036,-0.286057026017638,-0.2070648398530797,0.6347718173346225,-0.286057026017638,-0.286057026017638,-0.286057026017638
2016-06-14,-0.9587161098984016,-0.6130230178751114,-0.5585482269685341,1.3294470703305692,0.10441111140156215,2.50289368778787,-1.1756866539442068,-0.30772338240313946,-0.15226883762646695,0.7523845064052763,-0.30772338240313946,-0.30772338240313946,-0.30772338240313946
2016-06-15,-0.9118121714605645,-0.6323062401238317,-0.5656506658399586,1.2647573323954675,0.04173043020266576,2.5014094270181393,-1.1720783881447208,-0.32866141616917804,-0.0923447189478628,0.8809406595773767,-0.32866141616917804,-0.32866141616917804,-0.32866141616917804
2016-06-16,-0.8838762409302906,-0.6557962622810364,-0.5720881347846303,1.1969897726494598,-0.007148420906769107,2.490856071974902,-1.154783627317105,-0.3450472948522268,-0.040356170411765674,1.0063921914161427,-0.3450472948522268,-0.3450472948522268,-0.3450472948522268
2016-06-17,-0.8573901314680854,-0.6625945642580644,-0.5796561992685445,1.1373254629034468,-0.057556109178349156,2.472187360908901,-1.1259016584358763,-0.36823812006119555,0.019197783447257064,1.1273405355940969,-0.36823812006119555,-0.36823812006119555,-0.36823812006119555
2016-06-20,-0.8392941461947812,-0.6710877559209937,-0.5931678446409812,1.0742843532853616,-0.1042773350272592,2.4403088663176367,-1.106676744683507,-0.3800712347215532,0.06878468314494753,1.251410862605789,-0.3800712347215532,-0.3800712347215532,-0.3800712347215532
2016-06-21,-0.8209859275196393,-0.6731179644863959,-0.5985646764038811,1.006645862282558,-0.14762624789819256,2.3995914340895577,-1.085477116905443,-0.3956209643330961,0.12288025963209938,1.379138234541721,-0.3956209643330961,-0.3956209643330961,-0.3956209643330961
2016-06-22,-0.8002282396238831,-0.6623857181333884,-0.6047822489500378,0.9501507399916185,-0.18235118799416083,2.357126390478921,-1.0840117346802018,-0.4053935572745186,0.16352326930945482,1.4845329586997513,-0.4053935572745186,-0.4053935572745186,-0.4053935572745186
2016-06-23,-0.7839331181111325,-0.6364681364327955,-0.5974820537672353,0.9071307193025989,-0.2012936174323593,2.3216850180639375,-1.1276243370948555,-0.4071411323488039,0.19876224462334618,1.547787810243711,-0.4071411323488039,-0.4071411323488039,-0.4071411323488039
2016-06-24,-0.7709909384711974,-0.6182707208461551,-0.5997743150638439,0.8655195106718179,-0.22289819254718396,2.2668508572127943,-1.1630674915546821,-0.4046892833220915,0.22856831983274262,1.6328201040540737,-0.4046892833220915,-0.4046892833220915,-0.4046892833220915
2016-06-27,-0.773268005320313,-0.6176688203539427,-0.6140779004906377,0.826200154619728,-0.23959104514555615,2.2213533335334863,-1.1975509478061133,-0.3847730453403686,0.2343483807240768,1.6993470316007462,-0.3847730453403686,-0.3847730453403686,-0.3847730453403686
2016-06-28,-0.7802640496161359,-0.6178887782869928,-0.6213617750452944,0.7975594296421429,-0.2685774386676431,2.1971619974987795,-1.2410998309626813,-0.3577653750960674,0.23993883032628385,1.725593115495811,-0.3577653750960674,-0.3577653750960674,-0.3577653750960674
2016-06-29,-0.7793312029306586,-0.6189483217996248,-0.6389450971389234,0.7772985502962135,-0.2906098105185317,2.1658249663273335,-1.2789852558977166,-0.33726355062228625,0.262910997805644,1.7498393763454094,-0.33726355062228625,-0.33726355062228625,-0.33726355062228625
2016-06-30,-0.7781639916330134,-0.6239451532194682,-0.6635577080059211,0.7524368316233049,-0.30665728779810286,2.1416696406216347,-1.3049004603487353,-0.3197441998497365,0.29617763968769206,1.7659172884715542,-0.3197441998497365,-0.3197441998497365,-0.3197441998497365
2016-07-01,-0.7644596961333996,-0.6271898103019575,-0.6890484936867978,0.7256844245219968,-0.32668515382472496,2.118143728129264,-1.3133552700372508,-0.3106300019762285,0.32803414720083746,1.791396132036946,-0.3106300019762285,-0.3106300019762285,-0.3106300019762285
2016-07-05,-0.7467788890207521,-0.6315041265175815,-0.7147277031370021,0.709187355495356,-0.3598945659095647,2.120249159050951,-1.3149342100539676,-0.30189277975732026,0.3628640167169139,1.7831100824049286,-0.30189277975732026,-0.30189277975732026,-0.30189277975732026
2016-07-06,-0.7356634895294539,-0.625002383033027,-0.7355247418020099,0.6986213463006242,-0.3901545775995353,2.152679017033555,-1.309389450096531,-0.2886213019692133,0.34149999380272955,1.757419492800502,-0.2886213019692133,-0.2886213019692133,-0.2886213019692133
2016-07-07,-0.7278966429052515,-0.6230037961166982,-0.7471501501720712,0.6964565676808553,-0.41117966633593633,2.1911454401903554,-1.299459028195284,-0.27936194316821866,0.315711601656385,1.7228234468705206,-0.27936194316821866,-0.27936194316821866,-0.27936194316821866
2016-07-08,-0.7152047813841851,-0.6120171943593102,-0.7524234854005579,0.6903080018322109,-0.4198121337941798,2.227723104022951,-1.3279869520669598,-0.26076911451953994,0.2724699474521787,1.680019951776012,-0.26076911451953994,-0.26076911451953994,-0.26076911451953994
2016-07-11,-0.6906969246984495,-0.5847350036671501,-0.7594527960786304,0.6672220909492445,-0.43612412325184013,2.247992248128618,-1.3630855837494358,-0.24571379792927592,0.24108121955871303,1.6606540645260337,-0.24571379792927592,-0.24571379792927592,-0.24571379792927592
2016-07-12,-0.6802921223811121,-0.5548228743503543,-0.7693225326542803,0.6505127064089914,-0.4643214430624226,2.27193599621752,-1.3616253148250004,-0.23750059199506582,0.21083028782490176,1.6471076648020193,-0.23750059199506582,-0.23750059199506582,-0.23750059199506582
2016-07-13,-0.6670741025400256,-0.5259128344923117,-0.771509084166679,0.6209127414324408,-0.48686836756215124,2.2984259487699688,-1.3226629137804937,-0.24730698360066233,0.18582920595653574,1.6580873407853656,-0.24730698360066233,-0.24730698360066233,-0.24730698360066233
2016-07-14,-0.6449307057768762,-0.4691438909888124,-0.7806020719312116,0.5856309383332272,-0.5022893293363654,2.3083925905843268,-1.2841092090462856,-0.2669277557973318,0.16034687496796737,1.694415826383357,-0.2669277557973318,-0.2669277557973318,-0.2669277557973318
2016-07-15,-0.6129217775385487,-0.4051929097647275,-0.7880118939561057,0.5413110140654426,-0.5271447232283106,2.3222737914541325,-1.2418462310441327,-0.2910045490717938,0.15178378718342564,1.7237671391159997,-0.2910045490717938,-0.2910045490717938,-0.2910045490717938
2016-07-18,-0.5829320176211883,-0.33282963531904075,-0.7906824968732842,0.5052845716677887,-0.554062446716874,2.3264253151299235,-1.2111676807410408,-0.3132801934266383,0.14084640577616883,1.7522387584040997,-0.3132801934266383,-0.3132801934266383,-0.3132801934266383
2016-07-19,-0.5644367213800345,-0.2708305853105834,-0.7663489766708775,0.46186591833612667,-0.5681947581771192,2.3217160024998558,-1.1684971240837692,-0.3432803491530072,0.1275054935757526,1.8003421478226773,-0.3432803491530072,-0.3432803491530072,-0.3432803491530072
2016-07-20,-0.528251464530842,-0.22040954231033935,-0.7232506424122215,0.4307803756120599,-0.5626776489596436,2.3419941415098795,-1.1344535979312402,-0.3807364248019323,0.10706762682055958,1.8121464514095178,-0.3807364248019323,-0.3807364248019323,-0.3807364248019323
2016-07-21,-0.4896381169065804,-0.13443119331037306,-0.681490519529749,0.3909706651326587,-0.5547815702926542,2.34771602743093,-1.1084256508137742,-0.4230242239415692,0.09115927765823721,1.831017976397582,-0.4230242239415692,-0.4230242239415692,-0.4230242239415692
2016-07-22,-0.45669346191188986,-0.05701228695407573,-0.6323754731438496,0.36122295356458567,-0.5513500936902429,2.3746995421889094,-1.1045726522181616,-0.4552731758000931,0.08198204714489855,1.8051921282201977,-0.4552731758000931,-0.4552731758000931,-0.4552731758000931
2016-07-25,-0.436963987388832,-0.0006875190118505306,-0.6140041202119572,0.324921167682665,-0.5626399590147453,2.428581106007772,-0.972224725345112,-0.501330157907144,0.06137445571913646,1.776964213191499,-0.501330157907144,-0.501330157907144,-0.501330157907144
2016-07-26,-0.42863905651526335,0.05689937193563841,-0.5955983717405876,0.28195595189914346,-0.5781377849210002,2.5198405576289966,-0.8002076616390006,-0.5434828833345028,0.02294347987351435,1.69487504681657,-0.5434828833345028,-0.5434828833345028,-0.5434828833345028
2016-07-27,-0.4175729036727599,0.11653145547931408,-0.550896918038768,0.21140814374987107,-0.5871864516714257,2.5504616926374544,-0.6063761038034795,-0.6065614229171229,0.0446818293644379,1.6651949476238477,-0.6065614229171229,-0.6065614229171229,-0.6065614229171229
2016-07-28,-0.3743594064746928,0.1760294551074694,-0.5064647626777886,0.1294363678569199,-0.5562216476287317,2.5340430906979465,-0.461953027046539,-0.6768426637234836,0.10301735654815096,1.6638432285111993,-0.6768426637234836,-0.6768426637234836,-0.6768426637234836
2016-07-29,-0.3351706724920029,0.22753500283297579,-0.4692365314855358,0.060814169328441504,-0.5106727153963921,2.54997779809736,-0.32020505670160565,-0.732300449762628,0.1176160016046253,1.6085438032626465,-0.732300449762628,-0.732300449762628,-0.732300449762628
2016-08-01,-0.3005151435927963,0.27473312091475166,-0.3969963475695435,0.034624305632498936,-0.4741845881498175,2.5824952879101235,-0.21134630328717552,-0.7783022454355204,0.08576992586803131,1.5186287240160083,-0.7783022454355204,-0.7783022454355204,-0.7783022454355204
2016-08-02,-0.26112819011290206,0.32098263907772223,-0.319619233098473,0.04027578762912029,-0.42896275717531696,2.631404331609666,-0.12340172033789024,-0.8243382437523825,0.06709349217277862,1.3707086252448257,-0.8243382437523825,-0.8243382437523825,-0.8243382437523825
2016-08-03,-0.22562287881541024,0.3581574560429816,-0.25055977486451486,0.014164697303534928,-0.386172016797355,2.635392103071207,-0.0841086657406612,-0.8556483083123342,0.04774954765629497,1.313592765393257,-0.8556483083123342,-0.8556483083123342,-0.8556483083123342
2016-08-04,-0.17735803201179853,0.39497596550680897,-0.1780008567893611,-0.028795416876217377,-0.3484816700823816,2.6039065565938744,-0.06075489392358896,-0.8907201215546723,0.05428145888465923,1.3031073749166942,-0.8907201215546723,-0.8907201215546723,-0.8907201215546723
2016-08-05,-0.1341333604587125,0.4261144525117132,-0.11474784610809048,-0.08954943341773317,-0.32699350232976154,2.5539004190762844,-0.046065891194496944,-0.9183354081819076,0.07484183616926388,1.3299749584791651,-0.9183354081819076,-0.9183354081819076,-0.9183354081819076
2016-08-08,-0.09060840857245946,0.4663013411917537,-0.03813210815192309,-0.13647680504408682,-0.29082280772279867,2.497767473168916,-0.039724862644837114,-0.9523052291670597,0.1025536820680962,1.338363412375578,-0.9523052291670597,-0.9523052291670597,-0.9523052291670597
2016-08-09,-0.032659228920937686,0.5074469660593929,0.03784291997384813,-0.17832444974433126,-0.25553875538440896,2.452067310104959,-0.04665485083074685,-0.9807131193992852,0.1085965003146745,1.3300760660246909,-0.9807131193992852,-0.9807131193992852,-0.9807131193992852
2016-08-10,0.031365045476406186,0.5557760322544116,0.1102351644717828,-0.21495224580747238,-0.22024233179070163,2.392053963866086,-0.08488242064331769,-1.006717918148424,0.12129104560980276,1.3362274191566994,-1.006717918148424,-1.006717918148424,-1.006717918148424
2016-08-11,0.09234693264233415,0.606708518201726,0.18418975507083038,-0.22693238050738318,-0.18040620192101392,2.348968866325867,-0.12430314796834785,-1.0338027499031823,0.1392995629979125,1.2953390947708046,-1.0338027499031823,-1.0338027499031823,-1.0338027499031823
2016-08-12,0.14744632962997742,0.653973652502591,0.25905119008771754,-0.22654492941553425,-0.12722565309113035,2.308129332607893,-0.1619292029063228,-1.061568790483942,0.15640020877289984,1.2369742337476768,-1.061568790483942,-1.061568790483942,-1.061568790483942
2016-08-15,0.17461089108227704,0.6701922828653948,0.3115316890360361,-0.22566293776285515,-0.08186373501826365,2.308056289214401,-0.19067534455995863,-1.0713170801114316,0.13928537601529692,1.1797938095733982,-1.0713170801114316,-1.0713170801114316,-1.0713170801114316
2016-08-16,0.21287226009663696,0.6763776992852958,0.3497389076764239,-0.22761479476556354,-0.05428599174394358,2.293999823984703,-0.2198829271197756,-1.0790526368184692,0.1295192968495489,1.155486273010551,-1.0790526368184692,-1.0790526368184692,-1.0790526368184692
2016-08-17,0.25337428396424544,0.6854247754738629,0.36670725056788345,-0.2275679522275547,-0.04453303177273849,2.298941826046613,-0.2777834900578605,-1.0745234354264748,0.10997083884249244,1.1335592408689552,-1.0745234354264748,-1.0745234354264748,-1.0745234354264748
2016-08-18,0.2906236752663532,0.7133885936351927,0.38347709043105455,-0.2369544741132484,-0.04433718253203658,2.2747492988249687,-0.3226983958828917,-1.0754278493478961,0.11009285876114233,1.1333699330010492,-1.0754278493478961,-1.0754278493478961,-1.0754278493478961
2016-08-19,0.33664207676154817,0.6901288908222198,0.40149944378341734,-0.2446423769727509,-0.05172412819354355,2.2747841168203093,-0.36497287979436627,-1.0705696160485634,0.10801060147986935,1.1325527194875504,-1.0705696160485634,-1.0705696160485634,-1.0705696160485634
2016-08-22,0.37073454097599673,0.6447756514284843,0.39968877225704175,-0.2699360146843891,-0.06387786524810467,2.2561570054613913,-0.36309255796998025,-1.0690811506551539,0.11761526117781078,1.1842598092223653,-1.0690811506551539,-1.0690811506551539,-1.0690811506551539
2016-08-23,0.41673974848485856,0.5880380683729475,0.39150524141687854,-0.29234294668903177,-0.07586368482823459,2.2231078443680548,-0.38158753659923866,-1.0671419478168302,0.14518512731256342,1.253785929428522,-1.0671419478168302,-1.0671419478168302,-1.0671419478168302
2016-08-24,0.487475617094235,0.548184140577142,0.39725636255936236,-0.29861189868973403,-0.08516997959511917,2.1944094336246818,-0.42976364566319253,-1.0677472185762495,0.18757244117469202,1.2696364032229315,-1.0677472185762495,-1.0677472185762495,-1.0677472185762495
2016-08-25,0.5847313644972324,0.5329987013525195,0.4201574156193156,-0.29477675438918555,-0.08518638725984892,2.176091217417087,-0.47454631402418007,-1.0733611141869284,0.21390047050616326,1.220074743028612,-1.0733611141869284,-1.0733611141869284,-1.0733611141869284
2016-08-26,0.6047371288574597,0.525444300880979,0.42878276496068485,-0.2863137385438093,-0.09835077417725727,2.1500338388746694,-0.50758504732465,-1.0719224925640443,0.2233651204734382,1.2475763762546646,-1.0719224925640443,-1.0719224925640443,-1.0719224925640443
2016-08-29,0.5977220938073979,0.5130856966657731,0.433923904757866,-0.2929240055298061,-0.12120893717767484,2.111380946493532,-0.5548284610053095,-1.0631291930828666,0.24474138710608626,1.3206241472136018,-1.0631291930828666,-1.0631291930828666,-1.0631291930828666
2016-08-30,0.5886578298529845,0.4967973701637189,0.4045163943971154,-0.2985466793275859,-0.12420750298315626,2.0543736888392305,-0.6335061020239666,-1.049404649334356,0.2844822533275344,1.4250513450915503,-1.049404649334356,-1.049404649334356,-1.049404649334356
2016-08-31,0.55280693331881,0.48296971536485417,0.36252313498587446,-0.31657258596406973,-0.12951045825542373,2.003095166084463,-0.6983142644311741,-1.0288161876699804,0.315835833236873,1.542431276339713,-1.0288161876699804,-1.0288161876699804,-1.0288161876699804
2016-09-01,0.5264060769637091,0.4556731393169774,0.31375021093421557,-0.32165294929042637,-0.1260891982850809,1.955902661256682,-0.7486886381066011,-1.0107486558564571,0.34213480496590437,1.64555851567045,-1.0107486558564571,-1.0107486558564571,-1.0107486558564571
2016-09-02,0.49232685509822166,0.4190437222936271,0.266556809387049,-0.315514753708502,-0.11698078675857795,1.918788247347577,-0.8206434619264535,-0.9881824652325926,0.37920857071635933,1.729944658481068,-0.9881824652325926,-0.9881824652325926,-0.9881824652325926
2016-09-06,0.476905155766485,0.3936558413582836,0.23874451152998366,-0.3068555509872504,-0.11067331698868499,1.8797957530781488,-0.9131880311460655,-0.9624489811105796,0.39560944405529497,1.7958021177761219,-0.9624489811105796,-0.9624489811105796,-0.9624489811105796
2016-09-07,0.45290774065122674,0.3627516842226184,0.21291710519959725,-0.29238604556830666,-0.09522538919722315,1.8475001765169716,-0.9725260915373518,-0.9423127064956189,0.39391743453324535,1.8593942111616992,-0.9423127064956189,-0.9423127064956189,-0.9423127064956189
2016-09-08,0.4257124794214111,0.33173549296307203,0.19560744133225585,-0.28286377158960213,-0.07274198770929423,1.8006701369602862,-1.0161220566363254,-0.9261978452794895,0.3928973326002583,1.9298963137758958,-0.9261978452794895,-0.9261978452794895,-0.9261978452794895
2016-09-09,0.38309848551701453,0.29762792615649597,0.17606115637346903,-0.26836112808947377,-0.04650754924729198,1.7617158843636271,-1.0834194811231823,-0.8996174504190899,0.37772695791546246,2.000527549810239,-0.8996174504190899,-0.8996174504190899,-0.8996174504190899
2016-09-12,0.34866777657412207,0.2690363120351407,0.15517585249359633,-0.266816233004015,-0.027318041343848555,1.715282910332137,-1.1523692104720145,-0.8654575688549553,0.3396825494141044,2.0804883593906007,-0.8654575688549553,-0.8654575688549553,-0.8654575688549553
2016-09-13,0.3217580804919633,0.23440430484016833,0.14005886956678307,-0.26316942328722165,-0.01043584723591411,1.6637352709839488,-1.2108132131770473,-0.8346808676399955,0.31016737790713345,2.1530180504701693,-0.8346808676399955,-0.8346808676399955,-0.8346808676399955
2016-09-14,0.32488749367457764,0.21316290388136916,0.13204355567028708,-0.2612769952155595,0.01284477033776345,1.5813730221043358,-1.2921200251575122,-0.8055104514287208,0.29520923449490477,2.215917845924716,-0.8055104514287208,-0.8055104514287208,-0.8055104514287208
2016-09-15,0.3394472831131554,0.18466457208709533,0.12652510359687605,-0.25709968956187274,0.04673967860400569,1.5126210742922201,-1.3747494914958083,-0.7782139771222032,0.27902588732225747,2.2556814905308844,-0.7782139771222032,-0.7782139771222032,-0.7782139771222032
2016-09-16,0.3626580510961129,0.160245104581319,0.11649119576388806,-0.250493473929107,0.07319461221923673,1.448125000948747,-1.4395597833767408,-0.7582565779163075,0.2789211774806891,2.2834444268810854,-0.7582565779163075,-0.7582565779163075,-0.7582565779163075
2016-09-19,0.3758755498760808,0.1331053706816833,0.08946418929210159,-0.24053408408803692,0.09160366319259106,1.403669143138937,-1.487359447569093,-0.7356250209122175,0.2636383548455571,2.313037344279049,-0.7356250209122175,-0.7356250209122175,-0.7356250209122175
2016-09-20,0.3876543857839897,0.10517340368918571,0.06842710405796198,-0.22827963097167905,0.11693373774885829,1.3716338180021792,-1.5364125345975856,-0.7152198355288939,0.24795789571435414,2.3277911626883134,-0.7152198355288939,-0.7152198355288939,-0.7152198355288939
2016-09-21,0.40357908205794674,0.08473844502237139,0.058876451278437714,-0.19891902409412612,0.15155695817249012,1.3353031255528849,-1.6033477430108045,-0.694719536505855,0.21623673532068963,2.3308541157235307,-0.694719536505855,-0.694719536505855,-0.694719536505855
2016-09-22,0.4171617084137826,0.06794873053418259,0.0530748412924567,-0.16765283158491617,0.18109514734623966,1.2923510889105934,-1.6779621658533153,-0.6690596415251893,0.17558791804765023,2.3346341289940824,-0.6690596415251893,-0.6690596415251893,-0.6690596415251893
2016-09-23,0.4278576367554774,0.048571397022340285,0.05432635683601005,-0.12505445027143833,0.20652713737871942,1.2353539909924114,-1.747891775004668,-0.6424506124760704,0.12365788104093471,2.346454275154495,-0.6424506124760704,-0.6424506124760704,-0.6424506124760704
2016-09-26,0.4274673326453606,0.014288752872696271,0.04872851283439468,-0.08191124808747507,0.22179930151655117,1.1787132208608884,-1.7989554235258884,-0.6107856810497363,0.058669311933862524,2.374342963148555,-0.6107856810497363,-0.6107856810497363,-0.6107856810497363
2016-09-27,0.44574979092529354,-0.028768343539227033,0.04460446486963433,-0.042483974746853566,0.23499692727585944,1.1510406127000241,-1.850804659015582,-0.5800449041958625,-0.0101136350358586,2.375958433350161,-0.5800449041958625,-0.5800449041958625,-0.5800449041958625
2016-09-28,0.4628247842528698,-0.06012752111955864,0.03906167901680523,-0.0030658447784962317,0.2453870630782366,1.123519981836207,-1.897301185554837,-0.5540387261965884,-0.06609980867501804,2.371955756730145,-0.5540387261965884,-0.5540387261965884,-0.5540387261965884
2016-09-29,0.49349722980231675,-0.08801631720741072,0.02957618020535285,0.046264515828215835,0.25083411198915323,1.1169392464837418,-1.9342603423250464,-0.5372560954008623,-0.11649459327479414,2.35068435010192,-0.5372560954008623,-0.5372560954008623,-0.5372560954008623
2016-09-30,0.5161632970650116,-0.12082021984676318,0.016895782341777615,0.0958720278973586,0.24895685184421062,1.1123533770510792,-1.9588427449494212,-0.5214338627660801,-0.16140090546280572,2.336557985123872,-0.5214338627660801,-0.5214338627660801,-0.5214338627660801
2016-10-03,0.5406362147827305,-0.14795149493466508,0.00683990781526891,0.15143712436740067,0.24119069562908793,1.1202291873726586,-1.9757513427734739,-0.5104645139790389,-0.20989850434862864,2.3151262680057765,-0.5104645139790389,-0.5104645139790389,-0.5104645139790389
2016-10-04,0.565762559709106,-0.18226442989978428,-0.009885273523881393,0.21189776775469932,0.24172050535234457,1.1247166377504698,-1.94853510826957,-0.5086472947996615,-0.28513487035451446,2.3163113906797763,-0.5086472947996615,-0.5086472947996615,-0.5086472947996615
2016-10-05,0.5854611699781679,-0.22314551666242965,-0.033100293121804535,0.2731923467650736,0.24232264153200725,1.1405411033230475,-1.9154472003916643,-0.5092553470059794,-0.3451081411926272,2.312305277794148,-0.5092553470059794,-0.5092553470059794,-0.5092553470059794
2016-10-06,0.6131606591260121,-0.2537387872134388,-0.07047415862493915,0.3280393256814043,0.21762639206583645,1.1576723280020078,-1.9068544629809323,-0.5035699178435599,-0.3676522258939303,2.2965006012122196,-0.5035699178435599,-0.5035699178435599,-0.5035699178435599
2016-10-07,0.6365517467797414,-0.28149454027454507,-0.10589097794175154,0.3886769586502135,0.1804697148929524,1.185964783802255,-1.911059205752062,-0.4986121842485445,-0.36472822217242357,2.2659584790097975,-0.4986121842485445,-0.4986121842485445,-0.4986121842485445
2016-10-10,0.6949039743151485,-0.3096385375576335,-0.13834829277199695,0.45274590114960395,0.14891372842882974,1.2119058087535064,-1.9114144142296945,-0.5016311831168528,-0.35989685160782187,2.2173534159874695,-0.5016311831168528,-0.5016311831168528,-0.5016311831168528
2016-10-11,0.7558500805292984,-0.3322002177964758,-0.1634791805744202,0.5169715961907977,0.12048399746875478,1.2587676770345302,-1.8799693456354136,-0.5290689773676311,-0.3208138581852577,2.1606651604387115,-0.5290689773676311,-0.5290689773676311,-0.5290689773676311
2016-10-12,0.8224649332108404,-0.3632234087625512,-0.1897215062489651,0.5793844909397479,0.08745275673213414,1.3043134815235504,-1.8695000383930893,-0.5382133575994933,-0.3071019562704457,2.0887846776667525,-0.5382133575994933,-0.5382133575994933,-0.5382133575994933
2016-10-13,0.8628319183421609,-0.39106856533542844,-0.20377958336552135,0.6504178651764219,0.06054584220659849,1.360023458094287,-1.8396070839443928,-0.5543954385212608,-0.30170531472389844,2.0199232176348154,-0.5543954385212608,-0.5543954385212608,-0.5543954385212608
2016-10-14,0.8748461211669042,-0.4057798454988054,-0.21730786830643817,0.7332241930200456,0.03087674722215973,1.4092203421325487,-1.8154974286295829,-0.5609660175315613,-0.32480705575420554,1.959088864773618,-0.5609660175315613,-0.5609660175315613,-0.5609660175315613
2016-10-17,0.8691371310492623,-0.42132758162624223,-0.2261484240313419,0.8170115576324388,0.017359507132928748,1.4439258541232867,-1.8149062147614567,-0.5567118259370208,-0.3562770624601826,1.8980725366893898,-0.5567118259370208,-0.5567118259370208,-0.5567118259370208
2016-10-18,0.873868467775852,-0.44070991781618696,-0.21928575143197726,0.8837807561641876,0.0040444210686184385,1.4764674944722522,-1.8446018195804268,-0.5428711154797248,-0.38053975112394317,1.8184605623905226,-0.5428711154797248,-0.5428711154797248,-0.5428711154797248
2016-10-19,0.8685979627952658,-0.43757822852949846,-0.2051425475657933,0.9412282200925883,-0.011685892446832795,1.4788307364985762,-1.853527372940198,-0.5422750423999244,-0.3928678333204471,1.781245125016037,-0.5422750423999244,-0.5422750423999244,-0.5422750423999244
2016-10-20,0.8633609622255232,-0.4369992242969011,-0.1944507547174774,0.9966721915645553,-0.02137672457231961,1.4937932070491533,-1.8588798392541783,-0.5449033784226526,-0.3949824754738176,1.7324761711660726,-0.5449033784226526,-0.5449033784226526,-0.5449033784226526
2016-10-21,0.8759189309730026,-0.448351435437356,-0.18367458187493696,1.0512771760340431,-0.03178464189857587,1.5263394036584144,-1.8867930675497622,-0.5376124997093428,-0.3930636395706432,1.6405818545031847,-0.5376124997093428,-0.5376124997093428,-0.5376124997093428
2016-10-24,0.8644772852665283,-0.42173717190833093,-0.194674866212834,1.0891144450835135,-0.02808464416520437,1.5663265172064407,-1.912363981907121,-0.5345361066808652,-0.38870315473507827,1.563789998095546,-0.5345361066808652,-0.5345361066808652,-0.5345361066808652
2016-10-25,0.8497171848313867,-0.37505350264292153,-0.20965069783919127,1.1091262949677199,-0.01261848252130654,1.623447926087322,-1.9292131465972135,-0.5468536313634814,-0.3477004093509014,1.4793593585190312,-0.5468536313634814,-0.5468536313634814,-0.5468536313634814
2016-10-26,0.8487381928148489,-0.3205881689791137,-0.21253640476930089,1.115931230608682,0.004157391108188782,1.6801316588037254,-1.9436410285877301,-0.5601314581836374,-0.3202735954368141,1.388606557172062,-0.5601314581836374,-0.5601314581836374,-0.5601314581836374
2016-10-27,0.8660108592746026,-0.2857403249394601,-0.22088616664305535,1.127944131345874,0.022295487179923322,1.7453286979894085,-1.9484148942731119,-0.563970671238681,-0.3257835182837189,1.2751284133042624,-0.563970671238681,-0.563970671238681,-0.563970671238681
2016-10-28,0.8659919641256456,-0.25471692301008464,-0.21449537770819221,1.1199372053353172,0.020741194799109804,1.801841859309881,-1.9409355349776523,-0.5671967959575891,-0.3409805302680683,1.2114033262244,-0.5671967959575891,-0.5671967959575891,-0.5671967959575891
2016-10-31,0.9090921836676179,-0.20707581273425654,-0.17989986176312325,1.0701202193139254,0.05497395823979584,1.862254983731573,-1.9394199690551168,-0.5740136276651184,-0.3917383376000468,1.1177471468601048,-0.5740136276651184,-0.5740136276651184,-0.5740136276651184
2016-11-01,0.9436400222251197,-0.14613551709166012,-0.14697123211698193,1.0233672217824814,0.09464176888560177,1.9125280076196598,-1.9740929398958673,-0.5672923021280847,-0.4296190001401828,0.9918108772441665,-0.5672923021280847,-0.5672923021280847,-0.5672923021280847
2016-11-02,0.9725374892813757,-0.054697388969586924,-0.09290171864987358,0.957971819022945,0.12494283147958439,1.909960771425827,-2.1006330835327978,-0.5349494355438267,-0.4269045854101491,0.8495216075279807,-0.5349494355438267,-0.5349494355438267,-0.5349494355438267
2016-11-03,0.9996617727855022,0.045157019042162114,-0.07179246039291644,0.8664922592109872,0.15138363589067025,1.9180536557099048,-2.219374522352439,-0.5012249453355916,-0.3717675794918166,0.6870860009403112,-0.5012249453355916,-0.5012249453355916,-0.5012249453355916
2016-11-04,1.03067556764117,0.14738366945149897,-0.039376885364746594,0.7551661667587437,0.10898695319456514,1.930126697195397,-2.3137944920851035,-0.4566271909394412,-0.34226585654432834,0.5496069435105682,-0.4566271909394412,-0.4566271909394412,-0.4566271909394412
2016-11-07,1.0480494456331741,0.24201723339721903,-0.01587753401930149,0.6246867313397746,0.06566692436179304,1.987650369179913,-2.352044983021223,-0.4151631078215057,-0.3399374687164369,0.4004417131311102,-0.4151631078215057,-0.4151631078215057,-0.4151631078215057
2016-11-08,1.0334531280788775,0.3462122596241033,0.01907754798967293,0.4997947315897391,-0.010674308656297723,2.0864289063253074,-2.3196924772470915,-0.40341948215589124,-0.31698567738523786,0.27606381830449306,-0.40341948215589124,-0.40341948215589124,-0.40341948215589124
2016-11-09,0.9807728400616429,0.45342199632467733,0.04714955199055399,0.3718825434647068,-0.08069158213289596,2.1679606383873486,-2.3043221843091697,-0.37749511544497566,-0.2839310030417718,0.1577376610348097,-0.37749511544497566,-0.37749511544497566,-0.37749511544497566
2016-11-10,0.8916509067467842,0.5781755150903337,0.06632874465379968,0.2260792797258857,-0.14965079984882285,2.2295344445705947,-2.291875097924207,-0.35434139479330834,-0.23701160254136222,0.1041341887002279,-0.35434139479330834,-0.35434139479330834,-0.35434139479330834
2016-11-11,0.7594799954275553,0.6880638265465081,0.055355030331804445,0.03659329158299142,-0.22472781441482453,2.2881114005459233,-2.2908882858118575,-0.3011820369424235,-0.1996344306380743,0.09237513419966746,-0.3011820369424235,-0.3011820369424235,-0.3011820369424235
2016-11-14,0.5377673580293485,0.6882644651454206,-0.006037464570486438,-0.1875847509311885,-0.3266951878250221,2.5368415444967956,-2.079265214806136,-0.2733429565478605,-0.16710594906892537,0.09718702572163583,-0.2733429565478605,-0.2733429565478605,-0.2733429565478605
2016-11-15,0.34290347847766883,0.6844536164403715,-0.06256480090803636,-0.36807752164420476,-0.4299449097283781,2.687283235059998,-1.9065780873502693,-0.2210583037705011,-0.1652142435360651,0.1019724482709204,-0.2210583037705011,-0.2210583037705011,-0.2210583037705011
2016-11-16,0.16406387218923613,0.6802891023153771,-0.1032626182485491,-0.48103810533247005,-0.5074139269467652,2.7985947850811286,-1.7266613660515873,-0.1991596553347099,-0.1522044278432237,0.12427130617569293,-0.1991596553347099,-0.1991596553347099,-0.1991596553347099
2016-11-17,0.04376577950068085,0.662515711356233,-0.1563420511846334,-0.5625573078203495,-0.5765649403428373,2.877719898888729,-1.5647291285566167,-0.17206167072742132,-0.15400574387061763,0.11844446493909633,-0.17206167072742132,-0.17206167072742132,-0.17206167072742132
2016-11-18,-0.056795840259651974,0.6536157442622351,-0.21112129130940877,-0.6237040542762221,-0.6438236500586777,2.9164103560490933,-1.4335964460114616,-0.15717373337748144,-0.16168192153845862,0.18939203665247797,-0.15717373337748144,-0.15717373337748144,-0.15717373337748144
2016-11-21,-0.14125923942858037,0.6500836713191954,-0.26052641324495657,-0.6572055309081994,-0.703154955927608,2.9397113124390346,-1.3211032885213527,-0.14558025444675418,-0.1722968687531569,0.24807233081264074,-0.14558025444675418,-0.14558025444675418,-0.14558025444675418
2016-11-22,-0.1974715840359936,0.6006044596551997,-0.30138562991051204,-0.6815033980079567,-0.7463611461238547,2.9575101734000273,-1.2376512673073103,-0.1404236159375655,-0.1571851183010515,0.3251379743817138,-0.1404236159375655,-0.1404236159375655,-0.1404236159375655
2016-11-23,-0.24836379382349566,0.5545579798550075,-0.34533138779541694,-0.7224268002697906,-0.7946534662726773,2.962112245822717,-1.160041656187511,-0.12463190483438844,-0.14226305215617252,0.39493755016489296,-0.12463190483438844,-0.12463190483438844,-0.12463190483438844
2016-11-25,-0.3048933088957057,0.5099342182379586,-0.38175164602317396,-0.7611776366144742,-0.834358092335994,2.9622983984192914,-1.0895894158918198,-0.11055346381114808,-0.10843228337603296,0.4501836217245426,-0.11055346381114808,-0.11055346381114808,-0.11055346381114808
2016-11-28,-0.33740554216103824,0.4709211777505834,-0.41270276235204567,-0.7844532786997149,-0.8692835457917287,2.9610705608800485,-1.0255580598240035,-0.10585843201063601,-0.08108965920689302,0.5019348374473361,-0.10585843201063601,-0.10585843201063601,-0.10585843201063601
2016-11-29,-0.359679846350248,0.4398419664958197,-0.42975751038767723,-0.8091868695006976,-0.8839652556956025,2.9561872937119453,-0.9833660140905781,-0.10440414916737568,-0.06265804258396758,0.5502008750705089,-0.10440414916737568,-0.10440414916737568,-0.10440414916737568
2016-11-30,-0.3804520951924148,0.4181350626081494,-0.45088342931001213,-0.7919974661348654,-0.914721811329545,2.949818026309301,-0.959776465085417,-0.10645129851308621,-0.03105202962000649,0.5867354018071553,-0.10645129851308621,-0.10645129851308621,-0.10645129851308621
2016-12-01,-0.39776060738908725,0.3941481280524724,-0.46553110748062704,-0.7967116414795857,-0.9486328428900127,2.9398423691937645,-0.924383133978508,-0.10253203300305534,-0.01970235029534359,0.6288593182791489,-0.10253203300305534,-0.10253203300305534,-0.10253203300305534
2016-12-02,-0.3977087010990467,0.36851876014459295,-0.4783086353289299,-0.7973033025116867,-0.9816744720097156,2.9353894642216063,-0.8961739218360217,-0.09489608532756993,-0.022537052855567313,0.6493822025850488,-0.09489608532756993,-0.09489608532756993,-0.09489608532756993
2016-12-05,-0.4006015260314977,0.3450463227164447,-0.477113813053872,-0.7857716597962581,-1.0021145437453498,2.9329616407247245,-0.8708466261349873,-0.09426212570623163,-0.05174923661243513,0.6872379447581567,-0.09426212570623163,-0.09426212570623163,-0.09426212570623163
2016-12-06,-0.4119228477312908,0.32147139451287854,-0.470034037513503,-0.7713644216148642,-0.9731406769261257,2.950281149176928,-0.8367708450761796,-0.10702125773895586,-0.09143347466214877,0.7109987907901294,-0.10702125773895586,-0.10702125773895586,-0.10702125773895586
2016-12-07,-0.41093896003468205,0.3008274143556097,-0.4643277089431654,-0.7436504949111234,-0.9477024917995327,2.9623322772097542,-0.8208178921785456,-0.12064427668119995,-0.13381648544508162,0.7406714484715667,-0.12064427668119995,-0.12064427668119995,-0.12064427668119995
2016-12-08,-0.4162633387364396,0.2785288034194688,-0.46516267383930743,-0.7380650796926818,-0.9273069042386495,2.961734075715767,-0.7981000463661795,-0.12687240148361398,-0.17744814127676506,0.7895729109492426,-0.12687240148361398,-0.12687240148361398,-0.12687240148361398
2016-12-09,-0.4194648529529234,0.2568167459092487,-0.4708501412963293,-0.738859406198356,-0.917131504045363,2.9532435405597384,-0.7834052259056006,-0.12579722476803992,-0.21617634017812853,0.8390160831798738,-0.12579722476803992,-0.12579722476803992,-0.12579722476803992
2016-12-12,-0.4218686706056894,0.2398866408115221,-0.47219043662528476,-0.7352705618112934,-0.9102766666471528,2.947014422219697,-0.7619291892953849,-0.13695047839879856,-0.2221479671093688,0.8845843426581491,-0.13695047839879856,-0.13695047839879856,-0.13695047839879856
2016-12-13,-0.4124914226078681,0.23305896511276364,-0.4651349514566079,-0.7247724427438523,-0.9116456406103985,2.94633513603136,-0.7376437116618628,-0.15614319509712138,-0.21612281013539406,0.9129896584603459,-0.15614319509712138,-0.15614319509712138,-0.15614319509712138
2016-12-14,-0.40155907028957855,0.2487731600685258,-0.45834949422499716,-0.7279530094793742,-0.9265301686727109,2.9202934087718404,-0.7364320470040371,-0.17308246150528916,-0.1996944536449393,0.9737815204964277,-0.17308246150528916,-0.17308246150528916,-0.17308246150528916
2016-12-15,-0.3774499589256528,0.2560296571389962,-0.4416587383967898,-0.7219767172998592,-0.9238093780109684,2.9151088572584163,-0.7110602916384986,-0.20605156117533135,-0.17933578254293475,1.0083585971186162,-0.20605156117533135,-0.20605156117533135,-0.20605156117533135
2016-12-16,-0.3518220022679795,0.2570854720418197,-0.4380499663565238,-0.7312785004798857,-0.9214765605304078,2.9057854048151603,-0.6816310229701074,-0.23121988530694326,-0.1566827426307476,1.0429494596064453,-0.23121988530694326,-0.23121988530694326,-0.23121988530694326
2016-12-19,-0.3422800209984449,0.2548582212849545,-0.4398373040497774,-0.7464721254043784,-0.918899722617889,2.8935706657827964,-0.637273687006076,-0.25183042823679247,-0.13852093059773235,1.082176616553717,-0.25183042823679247,-0.25183042823679247,-0.25183042823679247
2016-12-20,-0.3243278977621667,0.25602520143546076,-0.4398181277809262,-0.7606360616800791,-0.9235179224123214,2.888480114870031,-0.6061945502096545,-0.26841877548765014,-0.10882930386146014,1.0924936493517166,-0.26841877548765014,-0.26841877548765014,-0.26841877548765014
2016-12-21,-0.31146984091538693,0.25571218937634527,-0.43261589273154233,-0.7772559283575331,-0.9255460713203226,2.88275215262962,-0.5482195795030614,-0.29233633307614065,-0.08312084950376959,1.1091091526302135,-0.29233633307614065,-0.29233633307614065,-0.29233633307614065
2016-12-22,-0.2980274196157656,0.254802599277588,-0.422828811446424,-0.7984606541092835,-0.9453659631330039,2.878237882261719,-0.4777541914277524,-0.30838885992320614,-0.0698882303605454,1.1128402282462926,-0.30838885992320614,-0.30838885992320614,-0.30838885992320614
2016-12-23,-0.2881987116898889,0.24842949387580635,-0.4093307969710158,-0.8188425294443387,-0.9646370979933598,2.85118538296227,-0.42289995981791106,-0.32008032948993675,-0.08240864875460116,1.1670241857927859,-0.32008032948993675,-0.32008032948993675,-0.32008032948993675
2016-12-27,-0.2742859206473888,0.24410085432870168,-0.39622877925171035,-0.8406743244086587,-0.9821967631899783,2.8265015523654586,-0.36153437664690047,-0.3331980742560078,-0.09293233454538709,1.2100423890198944,-0.3331980742560078,-0.3331980742560078,-0.3331980742560078
2016-12-28,-0.2640570083718993,0.23384851847102694,-0.3826658430245727,-0.8474960937046743,-0.9867470622144685,2.8147841629692625,-0.3049248192069446,-0.34922956539466765,-0.10007893394481669,1.2342553406057568,-0.34922956539466765,-0.34922956539466765,-0.34922956539466765
2016-12-29,-0.25195424684836415,0.22750304455023113,-0.37906884067115676,-0.8429297020041947,-1.003554558547998,2.7977938270706475,-0.24513592805663822,-0.3655850641046298,-0.1015624765181049,1.261249137444097,-0.3655850641046298,-0.3655850641046298,-0.3655850641046298
2016-12-30,-0.2420488916714423,0.2087965419569147,-0.38027185479466075,-0.8327866352567772,-1.0209485070570343,2.781201609329282,-0.17893812770190556,-0.37983993560157725,-0.10487899661512384,1.2892346042170564,-0.37983993560157725,-0.37983993560157725,-0.37983993560157725
2017-01-03,-0.23087563925745216,0.19454830096172213,-0.3782699340531379,-0.8242669314494877,-1.0349278452624477,2.7641234358047853,-0.11309878693325963,-0.3978024762387674,-0.09736929709564633,1.3113466022399933,-0.3978024762387674,-0.3978024762387674,-0.3978024762387674
2017-01-04,-0.22964895678568345,0.1769080090062417,-0.37241815706774173,-0.819748947691837,-1.030897344962075,2.7255918650109576,-0.014305249559223892,-0.431872035334955,-0.07259988395311492,1.3646068073422961,-0.431872035334955,-0.431872035334955,-0.431872035334955
2017-01-05,-0.23103780164801774,0.1552100376843814,-0.3663739290794525,-0.8105469290417552,-1.0221361856107798,2.6915532021378823,0.10744767716432166,-0.4658817581426321,-0.06014212746999247,1.3995530884339407,-0.4658817581426321,-0.4658817581426321,-0.4658817581426321
2017-01-06,-0.2185234228250295,0.13176515424904012,-0.36626863855712677,-0.8004189209522862,-1.0181229851270368,2.6420036777092064,0.21176805596959913,-0.4961552373567757,-0.050585670120505376,1.4530036990812416,-0.4961552373567757,-0.4961552373567757,-0.4961552373567757
2017-01-09,-0.20649875911574841,0.11544895321348528,-0.35900386441720655,-0.7911424513580897,-1.007060998092848,2.5928957848964145,0.31548976904279485,-0.5307546408232104,-0.02868641391008566,1.491576543034126,-0.5307546408232104,-0.5307546408232104,-0.5307546408232104
2017-01-10,-0.1871481371212737,0.08918916336902595,-0.3575864153233279,-0.7805093411730869,-0.986638743437146,2.5695832167098405,0.40268143458764744,-0.5580710530924,-0.012500088182894234,1.4952131229408165,-0.5580710530924,-0.5580710530924,-0.5580710530924
2017-01-11,-0.1701285329281774,0.06683128937795924,-0.35586067538589344,-0.7647375462601462,-0.9695132422823846,2.5480951813539874,0.4949960120331211,-0.5851300426932595,0.0049607662343010665,1.4858769186302712,-0.5851300426932595,-0.5851300426932595,-0.5851300426932595
2017-01-12,-0.15572824181563436,0.03815886662049016,-0.36033683125558535,-0.7429782094954105,-0.9431090937355628,2.5285040404564425,0.591434186344259,-0.6046848227215212,-0.01939982284275196,1.4821943966098385,-0.6046848227215212,-0.6046848227215212,-0.6046848227215212
2017-01-13,-0.14027650295420283,-0.0031497823551492293,-0.36624313818558096,-0.7034588195253879,-0.9032482663916637,2.5116511177684653,0.6836445908686544,-0.6274099101280696,-0.04675928046396136,1.4774797217511058,-0.6274099101280696,-0.6274099101280696,-0.6274099101280696
2017-01-17,-0.13300348944804782,-0.048456003589993184,-0.3746760846298022,-0.6713141938476755,-0.8688571692110434,2.487020893672555,0.7805934621513437,-0.6439304792214279,-0.07065412682858287,1.4750686286169574,-0.6439304792214279,-0.6439304792214279,-0.6439304792214279
2017-01-18,-0.11547567191649816,-0.0849215900506776,-0.387120245766643,-0.6425178998022818,-0.839826916636463,2.4374569193301325,0.8803923572991883,-0.6629993247158988,-0.08896613648423142,1.492976482891069,-0.6629993247158988,-0.6629993247158988,-0.6629993247158988
2017-01-19,-0.10250248245023678,-0.12268017115501678,-0.39598454826589646,-0.6095926245252454,-0.8129372634286731,2.37457411931641,0.9909238335874058,-0.6829106452120611,-0.10295969170078939,1.5128014094702869,-0.6829106452120611,-0.6829106452120611,-0.6829106452120611
2017-01-20,-0.09383773577102018,-0.15989575888929458,-0.39929196033043046,-0.5713668210096854,-0.781825623293218,2.308543741342648,1.10393957328727,-0.7058893986879751,-0.1046643325366361,1.5219565119522669,-0.7058893986879751,-0.7058893986879751,-0.7058893986879751
2017-01-23,-0.08796109592247921,-0.2119512262121332,-0.39898351690094597,-0.5396808907080713,-0.7420337234141136,2.2246692314270846,1.231107885827429,-0.7279389307428171,-0.09718935779338518,1.5337784166678836,-0.7279389307428171,-0.7279389307428171,-0.7279389307428171
2017-01-24,-0.08067098847130148,-0.2617501539514909,-0.3904192256265835,-0.5077544128251598,-0.6912246814218433,2.1336907760976063,1.3527920790088053,-0.751772427434405,-0.09196921795024927,1.5443955348778367,-0.751772427434405,-0.751772427434405,-0.751772427434405
2017-01-25,-0.08401250259546078,-0.30253295346919146,-0.3788378196947735,-0.4712170233562498,-0.6333066173579222,2.0194748064998143,1.4806051076488014,-0.7789738014040981,-0.07366167941861478,1.5593838873599888,-0.7789738014040981,-0.7789738014040981,-0.7789738014040981
2017-01-26,-0.0712087810832509,-0.34257041492453333,-0.3589687053186065,-0.4164929499837709,-0.5557018770271458,1.9250414165022065,1.6289974346588343,-0.8187837384240483,-0.02552065271501923,1.4915594835874804,-0.8187837384240483,-0.8187837384240483,-0.8187837384240483
2017-01-27,-0.05610161173196407,-0.3729203809632581,-0.33866265220101305,-0.3492641961046848,-0.4671652025222677,1.8189054904532707,1.7592779754129648,-0.8603759013568989,0.01984707520354788,1.4275871078809987,-0.8603759013568989,-0.8603759013568989,-0.8603759013568989
2017-01-30,-0.04501310933352849,-0.384123673293987,-0.3243661725316149,-0.29193596267308586,-0.3781586745440628,1.6624269353843437,1.8891117037502685,-0.9000606842730093,0.08029285734772301,1.3920088329859805,-0.9000606842730093,-0.9000606842730093,-0.9000606842730093
2017-01-31,-0.03879806221592792,-0.39976262736429496,-0.3217914858413035,-0.23895104509234102,-0.2838008663731822,1.5330415434909967,1.9810929311853063,-0.9310715832910375,0.1383250670731732,1.3549308783017233,-0.9310715832910375,-0.9310715832910375,-0.9310715832910375
2017-02-01,-0.033879337732662766,-0.4164491932961906,-0.3149124962842683,-0.19665195614790923,-0.17636251628673397,1.3631476698794585,2.0865788075828533,-0.9550650087161197,0.18095095357437432,1.3278381035755564,-0.9550650087161197,-0.9550650087161197,-0.9550650087161197
2017-02-02,0.002104919515517404,-0.4461748825516179,-0.3186786178074627,-0.13721148436218336,-0.05917041754871477,1.2360229285175588,2.1301351067443655,-0.9846009992637368,0.23583084475387905,1.2955455997936038,-0.9846009992637368,-0.9846009992637368,-0.9846009992637368
2017-02-03,0.03392430297548433,-0.48051599289336105,-0.33428349302046856,-0.07149278683515312,0.03140057634276633,1.1677634318544408,2.1538046236070194,-1.0052072338268472,0.2856398322035902,1.2345884410730716,-1.0052072338268472,-1.0052072338268472,-1.0052072338268472
2017-02-06,0.08004054390302279,-0.5022833714322961,-0.3497083412594141,-0.03695862559754604,0.11009356334146593,1.0881918047804056,2.153909210472047,-1.0269825589260186,0.3704940121256757,1.1941514393707162,-1.0269825589260186,-1.0269825589260186,-1.0269825589260186
2017-02-07,0.12242544467871644,-0.5211932295321052,-0.3704298619327388,-0.03521852208350967,0.1547300754346728,1.041720533312039,2.1499680776497807,-1.0386674705275167,0.46887499691602896,1.1437923676671846,-1.0386674705275167,-1.0386674705275167,-1.0386674705275167
2017-02-08,0.16339140412479397,-0.5465015545342866,-0.39326240668077683,-0.048407660895236654,0.1834548240712817,0.9982260383663255,2.1443598144694462,-1.0421119023556331,0.5547518618841591,1.1124352886168236,-1.0421119023556331,-1.0421119023556331,-1.0421119023556331
2017-02-09,0.20128148717082145,-0.5613960668762232,-0.41023942419489484,-0.043806018405198426,0.21563616363842902,0.9236560523420533,2.1486329973253677,-1.048079609410899,0.6504159641632847,1.0681372824799564,-1.048079609410899,-1.048079609410899,-1.048079609410899
2017-02-10,0.24115487097617327,-0.567582121787834,-0.42169529540096895,-0.037705939305963124,0.25393044934951725,0.8370684609422344,2.169928752271227,-1.05146801223757,0.71280229233602,1.017970579569873,-1.05146801223757,-1.05146801223757,-1.05146801223757
2017-02-13,0.28030912764212024,-0.579752616798373,-0.43067270253191087,-0.030693205950345442,0.2823966833614323,0.7534518837439877,2.195999479331375,-1.0506966855484121,0.7830746626878315,0.9486734307075311,-1.0506966855484121,-1.0506966855484121,-1.0506966855484121
2017-02-14,0.3201175203121033,-0.5780386625039838,-0.4425901663930449,-0.04636956417724034,0.29851259423022336,0.6460710038733695,2.235666818287421,-1.0427872592962661,0.8456906530038162,0.8920888405524003,-1.0427872592962661,-1.0427872592962661,-1.0427872592962661
2017-02-15,0.3719768551214572,-0.5752986115594213,-0.4602122551945434,-0.06844495216304522,0.2941703428745671,0.6154275472798546,2.2472332689393864,-1.0377170579129205,0.8934023093320995,0.8326137270213267,-1.0377170579129205,-1.0377170579129205,-1.0377170579129205
2017-02-16,0.4089271811472858,-0.5743130901010612,-0.4824110532433791,-0.084004081020468,0.28035954312814837,0.59380966422598,2.2502384788596643,-1.0314271973890543,0.9413559641137681,0.7917461824462778,-1.0314271973890543,-1.0314271973890543,-1.0314271973890543
2017-02-17,0.4572863424022159,-0.5689165424414927,-0.49432389157116413,-0.08158472619351351,0.28163840521582345,0.5636062058676057,2.2441038926786034,-1.0322834756495254,0.9840269550374975,0.7432972616025261,-1.0322834756495254,-1.0322834756495254,-1.0322834756495254
2017-02-21,0.5127227569641144,-0.5595923927720293,-0.4995785352288299,-0.08363644819481403,0.2769651909086843,0.5258874165277023,2.217612692630545,-1.0373789570155107,1.028607801107364,0.7305273461193086,-1.0373789570155107,-1.0373789570155107,-1.0373789570155107
2017-02-22,0.5629525350400122,-0.5561090353359899,-0.5078125757962025,-0.07642817619788914,0.2745888839076832,0.5173737447641652,2.193036427387214,-1.0430156315442047,1.0394589146373672,0.7250018077704574,-1.0430156315442047,-1.0430156315442047,-1.0430156315442047
2017-02-23,0.6225240062283478,-0.5555243143671904,-0.5344971751485553,-0.07469051723155777,0.27426793611900424,0.5088317313571548,2.1489663672356483,-1.0471567098429972,1.06745813639174,0.7312906687873982,-1.0471567098429972,-1.0471567098429972,-1.0471567098429972
2017-02-24,0.717983728180661,-0.5515073707751399,-0.5572714747413007,-0.05556919055774664,0.30469022064481077,0.4430762372063599,2.0960570773334064,-1.055109434249045,1.097825783996997,0.7251527257081312,-1.055109434249045,-1.055109434249045,-1.055109434249045
2017-02-27,0.8098646754877944,-0.5404889083026989,-0.5867950998505549,-0.04927002966587899,0.3265923331998381,0.38650305154986064,2.064588687800233,-1.0554066549965104,1.1197157282443753,0.6909161815230729,-1.0554066549965104,-1.0554066549965104,-1.0554066549965104
2017-02-28,0.906140045232715,-0.5454144430823888,-0.6148668509701817,-0.043904268099183935,0.34355018594439046,0.33125910057711005,2.0155061507267202,-1.0537129751143475,1.1450359751304078,0.6775460049978028,-1.0537129751143475,-1.0537129751143475,-1.0537129751143475
2017-03-01,1.0141554837096274,-0.571541336935279,-0.6251025737857729,-0.030322167339389024,0.3664057700525777,0.23925648400311422,1.9849364823810012,-1.044727490210097,1.1592545338621143,0.6418672848923921,-1.044727490210097,-1.044727490210097,-1.044727490210097
2017-03-02,1.1217808471677941,-0.5870098199688322,-0.605378274611355,-0.02308751767127125,0.39350975618317574,0.1541864210393079,1.9350264326045457,-1.0432927940319388,1.1763580600587928,0.6077852713255982,-1.0432927940319388,-1.0432927940319388,-1.0432927940319388
2017-03-03,1.2267654879886454,-0.6009601218471916,-0.5831372398463758,-0.01175878544915249,0.4239863246340102,0.046216683594015054,1.8633438273248633,-1.0392477405286198,1.2226272494379777,0.5699075362776872,-1.0392477405286198,-1.0392477405286198,-1.0392477405286198
2017-03-06,1.2903458839280388,-0.5890995844783258,-0.5509512925077139,-0.0041226265474229706,0.4403966561700197,-0.11089467149799345,1.8322846081129605,-1.02874854148959,1.2605251510247495,0.5465100417540486,-1.02874854148959,-1.02874854148959,-1.02874854148959
2017-03-07,1.364692244981197,-0.5677454898113381,-0.5209219772608696,-0.00435269688811473,0.4803628730516708,-0.30429844846235427,1.787834664831975,-1.010998852003994,1.2918516627383676,0.516572574835443,-1.010998852003994,-1.010998852003994,-1.010998852003994
2017-03-08,1.4315219556514711,-0.5558682119801157,-0.49152830130505787,0.032477498250557596,0.5154318164922397,-0.48689800485308327,1.7254515899379874,-0.9941339672647738,1.312391114277603,0.49355641258749355,-0.9941339672647738,-0.9941339672647738,-0.9941339672647738
2017-03-09,1.4863819925644004,-0.5278034599527599,-0.4525786871530064,0.09063905411082575,0.5533037150080957,-0.6973377271774119,1.6363524091170685,-0.975739856895639,1.3402447157707864,0.4737574152945577,-0.975739856895639,-0.975739856895639,-0.975739856895639
2017-03-10,1.5263335977967247,-0.4934123853623211,-0.4145270296804082,0.1514458952415983,0.5973322422170133,-0.9237492126693291,1.531410651460704,-0.9476115402303797,1.3750586638044557,0.44055373811307963,-0.9476115402303797,-0.9476115402303797,-0.9476115402303797
2017-03-13,1.554416563513816,-0.4470678640288226,-0.36830072869195524,0.19869433930999109,0.6160838170071888,-1.1388995386676257,1.3958761381434779,-0.9186915624173748,1.4170158984246872,0.4469476246587399,-0.9186915624173748,-0.9186915624173748,-0.9186915624173748
2017-03-14,1.5738225177104477,-0.4205486338890476,-0.31781438842598286,0.24257750342793086,0.6414591150181536,-1.3163126309029316,1.2243236078768773,-0.8897974133651796,1.471112572097806,0.46056999054746334,-0.8897974133651796,-0.8897974133651796,-0.8897974133651796
2017-03-15,1.5802936188058634,-0.39353295343742906,-0.2697912769841659,0.2666372966328473,0.6544462460971585,-1.4644091313611807,1.073411130066203,-0.8597794655245145,1.5146234947144348,0.4774394375643252,-0.8597794655245145,-0.8597794655245145,-0.8597794655245145
2017-03-16,1.5983076026279237,-0.37602084701150623,-0.22615118241653354,0.2772183913020439,0.67285232650056,-1.5639518221986044,0.8676909545697519,-0.8348958021033519,1.5706356620889828,0.5190021229507895,-0.8348958021033519,-0.8348958021033519,-0.8348958021033519
2017-03-17,1.5882392165219472,-0.364187222816567,-0.18443606244554428,0.2864353465311835,0.6912410860219875,-1.6489854922444351,0.6774682223057759,-0.811486326111326,1.6092298275844896,0.5909403829864653,-0.811486326111326,-0.811486326111326,-0.811486326111326
2017-03-20,1.5734792913336146,-0.3530388363857597,-0.13655351641165006,0.2816184303173525,0.7137612795668526,-1.7054752342455606,0.4943356827069681,-0.7921474718617584,1.6416817979084397,0.6587809926567761,-0.7921474718617584,-0.7921474718617584,-0.7921474718617584
2017-03-21,1.56389434779909,-0.3514049598035434,-0.11107280430830314,0.26568497770053856,0.7254540889906966,-1.7161425215631239,0.3574488130508933,-0.7829447747340144,1.65809443925315,0.7398227178166585,-0.7829447747340144,-0.7829447747340144,-0.7829447747340144
2017-03-22,1.5678877353103307,-0.3474145050527289,-0.09576307788810094,0.25170171414436543,0.7511501646605961,-1.741356837579772,0.19228680179767157,-0.7601217368330584,1.6629307349570335,0.7990642169828376,-0.7601217368330584,-0.7601217368330584,-0.7601217368330584
2017-03-23,1.5680926591532758,-0.3166170269099375,-0.08094075839437487,0.22956332589016765,0.7779595842268731,-1.7796628435190156,0.014163081450285253,-0.7307750632776888,1.6561619234716018,0.8543803077418791,-0.7307750632776888,-0.7307750632776888,-0.7307750632776888
2017-03-24,1.5606473563841607,-0.28647721269041826,-0.07932443444146008,0.2095898361996472,0.7788202788205204,-1.8111054716511314,-0.13528485117745223,-0.7019177399120546,1.6402617974646247,0.9305436607397266,-0.7019177399120546,-0.7019177399120546,-0.7019177399120546
2017-03-27,1.5378958551400155,-0.2911319788194012,-0.11361550513281463,0.16431300286649192,0.7678783834381434,-1.7498566810529743,-0.19535040827904657,-0.7065428486312616,1.6378700992193713,1.06816862714526,-0.7065428486312616,-0.7065428486312616,-0.7065428486312616
2017-03-28,1.490575581623323,-0.2995829451608163,-0.14824365640855797,0.11906157461449514,0.7351580797440205,-1.6803364303123878,-0.24131303984296004,-0.7129794136542429,1.6104833548221458,1.2661151355377092,-0.7129794136542429,-0.7129794136542429,-0.7129794136542429
2017-03-29,1.4511902270440236,-0.3018804393542877,-0.1877628932102377,0.07074094631429455,0.695140118952397,-1.6385946980977197,-0.19790159902238463,-0.7202567318087503,1.5652781193692205,1.4248171452396956,-0.7202567318087503,-0.7202567318087503,-0.7202567318087503
2017-03-30,1.4042834204897314,-0.3088622146451149,-0.22145819269130412,0.041241151354339,0.6602628990569953,-1.545634069734894,-0.17659746894339207,-0.7404231982936252,1.5262120361947906,1.5822452320933498,-0.7404231982936252,-0.7404231982936252,-0.7404231982936252
2017-03-31,1.3560722592863441,-0.31990281051024305,-0.26196186645753783,0.019283672705389745,0.6246412786645186,-1.4801046097839294,-0.13696959215258625,-0.7497638557965922,1.4808646564778185,1.7171324349565942,-0.7497638557965922,-0.7497638557965922,-0.7497638557965922
2017-04-03,1.3216318646851388,-0.3168840841427909,-0.30166713347262564,0.006742483843845814,0.5919650379300977,-1.376245621528888,-0.11254428085855935,-0.7704109761138764,1.4239304510010862,1.8447151869981993,-0.7704109761138764,-0.7704109761138764,-0.7704109761138764
2017-04-04,1.2914046420109673,-0.32690108819912134,-0.3354281404534505,-0.0059908434721801735,0.5611726525061846,-1.2924329501101586,-0.016810768039844548,-0.793884014105652,1.3678168983759045,1.9327056538043066,-0.793884014105652,-0.793884014105652,-0.793884014105652
2017-04-05,1.2552367472550277,-0.32810726537038176,-0.3594338271246217,0.005186894714305437,0.5209907226724357,-1.267586877652313,0.1090542190859679,-0.8082560927955019,1.2974621882613786,2.000221569340209,-0.8082560927955019,-0.8082560927955019,-0.8082560927955019
2017-04-06,1.214928918494168,-0.33295962775011456,-0.39115104830959907,0.0267226657586796,0.49314082879686316,-1.2489649266838379,0.24376053154110883,-0.8191107901327979,1.2091771127364557,2.06178870594747,-0.8191107901327979,-0.8191107901327979,-0.8191107901327979
2017-04-07,1.1680759343892053,-0.3473333180961192,-0.42720674244735146,0.040642857266703955,0.45750220205703307,-1.2233204395874755,0.40033908519844513,-0.8245715504215169,1.1000504899481647,2.1295361329574605,-0.8245715504215169,-0.8245715504215169,-0.8245715504215169
2017-04-10,1.1162212776657756,-0.35383693229009433,-0.46803222952936463,0.05172573710140889,0.41700574899315246,-1.1906526808878917,0.5805040239151178,-0.8283741444413841,0.9723345063413491,2.188227126456082,-0.8283741444413841,-0.8283741444413841,-0.8283741444413841
2017-04-11,1.0618967819129557,-0.3660786147257318,-0.5114415151126555,0.07988752806040439,0.3790502626066429,-1.166175303380286,0.8069710372828791,-0.8284435851637887,0.8145273381506273,2.2151368258603177,-0.8284435851637887,-0.8284435851637887,-0.8284435851637887
2017-04-12,1.0098272862529205,-0.36292676371870786,-0.55205077754506,0.11000946499301095,0.3346277815808334,-1.1697125938271111,1.0134994857675064,-0.8178469467541346,0.6765314187507016,2.2115824847624457,-0.8178469467541346,-0.8178469467541346,-0.8178469467541346
2017-04-13,0.9795410547846034,-0.3439733658499926,-0.5838495521319886,0.14951504983080477,0.3093966587729456,-1.1820882124415109,1.1251206177693647,-0.8013967262971541,0.5261094419088675,2.225815212545523,-0.8013967262971541,-0.8013967262971541,-0.8013967262971541
2017-04-17,0.9308831432890269,-0.33336618220424136,-0.6132840990313043,0.19100214354613737,0.286957584758497,-1.2204841610395405,1.280127875813688,-0.7756424411690415,0.3786394253849539,2.2020940341589497,-0.7756424411690415,-0.7756424411690415,-0.7756424411690415
2017-04-18,0.8735721174561202,-0.31867075552719165,-0.6337443217547571,0.24487075854806115,0.2734255702927647,-1.2461899211131393,1.39402158477657,-0.7557424980928987,0.2556022277532578,2.1800827319399083,-0.7557424980928987,-0.7557424980928987,-0.7557424980928987
2017-04-19,0.8203050240719656,-0.30520188157922057,-0.6518781375337377,0.29953784968913444,0.258346530387988,-1.2982453632254043,1.492554534415919,-0.7253784448854291,0.1376697672584638,2.148425456056607,-0.7253784448854291,-0.7253784448854291,-0.7253784448854291
2017-04-20,0.7457648967094295,-0.29489550104606566,-0.6519153018566158,0.338361041042486,0.2521366695139676,-1.3731018509455708,1.6014907847204458,-0.6890200701905511,0.03989518907598602,2.0983443535481427,-0.6890200701905511,-0.6890200701905511,-0.6890200701905511
2017-04-21,0.6651221314880886,-0.2886690945033183,-0.6410575395840815,0.36974882761549405,0.23864173537592331,-1.3850609791953905,1.7160494806196513,-0.6738725652202765,-0.026073822302603376,2.046789521367342,-0.6738725652202765,-0.6738725652202765,-0.6738725652202765
2017-04-24,0.5856210067127456,-0.27602923014439945,-0.622808464157042,0.3992756022580158,0.22345342596638113,-1.4231808180783638,1.8323564656652747,-0.6530945346131976,-0.07821056779531313,1.971900718025492,-0.6530945346131976,-0.6530945346131976,-0.6530945346131976
2017-04-25,0.5176212118754817,-0.2551819142287209,-0.573334793800841,0.43606596420451493,0.21911631984299756,-1.452024764018875,1.963393521925026,-0.6477609307717579,-0.12038971478399879,1.8557778920714474,-0.6477609307717579,-0.6477609307717579,-0.6477609307717579
2017-04-26,0.4665350545880225,-0.2297028059427418,-0.5100992168155519,0.48402063637020865,0.2187048644795483,-1.4771318785564265,2.1030829357669414,-0.6493468998086531,-0.15284608922436782,1.6948240985689793,-0.6493468998086531,-0.6493468998086531,-0.6493468998086531
2017-04-27,0.4203222025017327,-0.20319894966957686,-0.44440418212754634,0.5453645450735906,0.23121610822772048,-1.5169541280866534,2.205857402562976,-0.6485343080455518,-0.17790625434702542,1.533840488046989,-0.6485343080455518,-0.6485343080455518,-0.6485343080455518
2017-04-28,0.349543354692109,-0.1701137217487348,-0.3812331266185468,0.6076287435336534,0.2438990909545254,-1.535022904992486,2.2776603939765088,-0.6501154376532797,-0.20541201643710594,1.4135119372531961,-0.6501154376532797,-0.6501154376532797,-0.6501154376532797
2017-05-01,0.2696828849704602,-0.12861899871189572,-0.3036626301997553,0.6393830243371141,0.2581596191339907,-1.5435279892497031,2.3497786442527038,-0.6497466101814663,-0.2427832206050894,1.3005751067980387,-0.6497466101814663,-0.6497466101814663,-0.6497466101814663
2017-05-02,0.20297043234680393,-0.0876578976577199,-0.23088407725782112,0.6769732348271248,0.27718891050592953,-1.5545489540521902,2.4123172469357943,-0.647640173030414,-0.2772051955355384,1.171406992009272,-0.647640173030414,-0.647640173030414,-0.647640173030414
2017-05-03,0.14911171039978746,-0.05175136513704688,-0.15084844815033382,0.6959462436814441,0.3025123010694366,-1.5851533365803383,2.4630196048597552,-0.6413017007956104,-0.2908846384973247,1.0332547315370626,-0.6413017007956104,-0.6413017007956104,-0.6413017007956104
2017-05-04,0.12438908649886278,-0.017394665789431486,-0.07588494352221113,0.728057482798973,0.34089208129936743,-1.6199707393397353,2.4532206897701796,-0.6479220501750756,-0.3007511363316994,0.9591303453159983,-0.6479220501750756,-0.6479220501750756,-0.6479220501750756
2017-05-05,0.08839820846956295,0.00927910845060247,0.018209801512967503,0.7607880452365728,0.384091066905034,-1.5972913460317584,2.4447928575697837,-0.6724704794537155,-0.3252644146531741,0.9068785903552726,-0.6724704794537155,-0.6724704794537155,-0.6724704794537155
2017-05-08,0.06204004810767555,0.03551507918447951,0.10823752594923335,0.7437319802926291,0.4056003708968011,-1.5491744709152746,2.465895437501816,-0.6988802905669113,-0.3272681185769516,0.8509433098272368,-0.6988802905669113,-0.6988802905669113,-0.6988802905669113
2017-05-09,0.06765540262859707,0.05464194786188898,0.2165033766329051,0.7553486971395638,0.44124140221692254,-1.506058258612642,2.4697086748501316,-0.7288502659066121,-0.3400338503118066,0.7563936712208886,-0.7288502659066121,-0.7288502659066121,-0.7288502659066121
2017-05-10,0.07798154047603487,0.06519982815886258,0.32495583900850644,0.7638747713363571,0.4637191127056113,-1.4399133160104245,2.468616182255831,-0.7634399207340544,-0.35134367955770857,0.6806694045631461,-0.7634399207340544,-0.7634399207340544,-0.7634399207340544
2017-05-11,0.06895363898736594,0.06492995574360297,0.42708348700245835,0.7507759704798536,0.4844420373758934,-1.2011480792455862,2.481189247958394,-0.8411733305093797,-0.37505773634772427,0.663524800083262,-0.8411733305093797,-0.8411733305093797,-0.8411733305093797
2017-05-12,0.07956446598088608,0.046501311697175855,0.5250939810113467,0.7235388344649274,0.5001841177716491,-0.8986111576249026,2.477710905817862,-0.9234150433756043,-0.4074340418307463,0.647111756214219,-0.9234150433756043,-0.9234150433756043,-0.9234150433756043
2017-05-15,0.0823878042415736,0.011319170814464517,0.5923272977159107,0.6890329011858327,0.49016669367913956,-0.5675116744011685,2.464788845868497,-1.0032594999797493,-0.36076575760748697,0.6112927184222336,-1.0032594999797493,-1.0032594999797493,-1.0032594999797493
2017-05-16,0.09018581959713454,-0.015066057502829237,0.6637294403013784,0.6712561717274064,0.4744233992531413,-0.17030079631560568,2.3900346803529287,-1.0866088482720064,-0.3159337941985364,0.5581065298730059,-1.0866088482720064,-1.0866088482720064,-1.0866088482720064
2017-05-17,0.10213254460764074,-0.019819471204481184,0.712803600484009,0.630398626088386,0.43363671762237055,0.2020795368414848,2.3091022659765668,-1.1429210455119254,-0.271822782451497,0.4731731440832222,-1.1429210455119254,-1.1429210455119254,-1.1429210455119254
2017-05-18,0.11439587383676558,-0.023645724178742798,0.76634208183388,0.5979773666202617,0.3921527777787909,0.5035993014007815,2.231626199660189,-1.1707283779517237,-0.23828007850399696,0.33874571335896553,-1.1707283779517237,-1.1707283779517237,-1.1707283779517237
2017-05-19,0.13745509709107112,-0.024814620721759738,0.8095973871789751,0.5763065389137575,0.34572764974990927,0.8184591124981532,2.0980487215794157,-1.1965208843903152,-0.18065203554374087,0.20595568681548063,-1.1965208843903152,-1.1965208843903152,-1.1965208843903152
2017-05-22,0.1499472787168901,-0.02928964861036559,0.8470455964979179,0.5513515459666809,0.28833247463800604,1.116609322697989,1.9639388602839623,-1.1977488857466088,-0.16042322360857394,0.06348333640392743,-1.1977488857466088,-1.1977488857466088,-1.1977488857466088
2017-05-23,0.15908025517679275,-0.05473082608913159,0.8711106167813241,0.5326524686496183,0.22245542201041374,1.4011571340347964,1.7913124771705475,-1.1928586566375292,-0.12312327606521047,-0.028479645119034138,-1.1928586566375292,-1.1928586566375292,-1.1928586566375292
2017-05-24,0.1653587045248824,-0.08957588398198965,0.882608652465439,0.5144701920848974,0.16306507576264223,1.642254977889736,1.6107798905186421,-1.1819945309623756,-0.106467064376417,-0.05451642103832779,-1.1819945309623756,-1.1819945309623756,-1.1819945309623756
2017-05-25,0.16898262114521562,-0.11760636678436766,0.9009384162390361,0.5179795528527968,0.11908114615761989,1.8274767830719776,1.4255011174468342,-1.170319872854645,-0.08916304279125484,-0.07191073591927936,-1.170319872854645,-1.170319872854645,-1.170319872854645
2017-05-26,0.17144713992406166,-0.13945988437470497,0.9083949913422474,0.5110436379456944,0.07781436492792615,1.9760413126476832,1.2646174116315627,-1.1558535751150998,-0.06880454581978733,-0.07768012776428669,-1.1558535751150998,-1.1558535751150998,-1.1558535751150998
2017-05-30,0.17182942547222868,-0.1638362681930625,0.9079409426375734,0.49278418190008594,0.03460507130844017,2.1152353416667786,1.1222742205760552,-1.1323284222630243,-0.049566376230260424,-0.10195285008574255,-1.1323284222630243,-1.1323284222630243,-1.1323284222630243
2017-05-31,0.17467688675634166,-0.1832302477806501,0.860357904825378,0.4659038537019967,-0.025664075658092256,2.2551712973679723,1.0001341501298344,-1.1046348501757621,-0.02739621035442525,-0.10141415828530463,-1.1046348501757621,-1.1046348501757621,-1.1046348501757621
2017-06-01,0.1689323109807114,-0.20792067185505542,0.8195285934126254,0.4269629809113413,-0.08680782641004227,2.3793718663667383,0.8856082058766627,-1.073699741397289,0.007498447767353087,-0.09837494146117821,-1.073699741397289,-1.073699741397289,-1.073699741397289
2017-06-02,0.15532151383312137,-0.22987284780277523,0.7695825912202688,0.38949099958135275,-0.1459611381842907,2.4925235071022236,0.7897582860318539,-1.038759077394327,0.006656287640277332,-0.07246288984472503,-1.038759077394327,-1.038759077394327,-1.038759077394327
2017-06-05,0.14695780288786678,-0.23964075576244181,0.7039964784409286,0.35860146847446794,-0.19352324201530013,2.566505179829655,0.7189233978830349,-1.0185498972176918,0.05941803676316453,-0.04703877763060684,-1.0185498972176918,-1.0185498972176918,-1.0185498972176918
2017-06-06,0.12477786797544922,-0.24564682289287895,0.6265235856064294,0.32397006700665393,-0.23613732410513075,2.621115703876507,0.7071789833010738,-0.9988215359466043,0.09679354077956676,-0.023289457761253966,-0.9988215359466043,-0.9988215359466043,-0.9988215359466043
2017-06-07,0.09660230133840907,-0.24637423678470638,0.5638390685661139,0.2957893020239162,-0.26975180303982527,2.6766423154813843,0.669072510459973,-0.9776381536138906,0.12884650791793764,-0.004113351507638953,-0.9776381536138906,-0.9776381536138906,-0.9776381536138906
2017-06-08,0.046600155369426535,-0.24507711030565946,0.49862768878961666,0.2586583864838518,-0.30333680883837344,2.726837994901473,0.6444934927133595,-0.9554752966286228,0.1625013890168366,0.03259599838396068,-0.9554752966286228,-0.9554752966286228,-0.9554752966286228
2017-06-09,-0.00521768933826985,-0.246442474990126,0.441400679143945,0.22141641302389212,-0.3185666210397052,2.7899704542832544,0.5936807983062163,-0.9249451846447824,0.18396071070831518,0.039578468481609445,-0.9249451846447824,-0.9249451846447824,-0.9249451846447824
2017-06-12,-0.04152707224363227,-0.24493866477682522,0.41944770427485345,0.21034225163876988,-0.3343359593401527,2.8191394943689696,0.5668998324762009,-0.9073746813009408,0.2083214198725639,0.026149718933015473,-0.9073746813009408,-0.9073746813009408,-0.9073746813009408
2017-06-13,-0.09650957024608257,-0.23820089429303518,0.3971640957771995,0.19634897757080647,-0.3515686863931419,2.8372486941941806,0.5570463803815383,-0.8940416649452276,0.23431809799755435,0.0403195647918899,-0.8940416649452276,-0.8940416649452276,-0.8940416649452276
2017-06-14,-0.16097248245144355,-0.22674966681739478,0.37908890617295704,0.17657674546993976,-0.3641875322003998,2.846548443559779,0.5812218427308549,-0.8823764599831481,0.23772109242800332,0.060258491040297256,-0.8823764599831481,-0.8823764599831481,-0.8823764599831481
2017-06-15,-0.223778078159683,-0.2169010038527493,0.36252544955706023,0.16176348241741276,-0.37710676460000014,2.8398423346247443,0.6423012974130865,-0.8754663464413197,0.23077800761828834,0.08244066074711962,-0.8754663464413197,-0.8754663464413197,-0.8754663464413197
2017-06-16,-0.2819077179287175,-0.2211025893877418,0.34491328625219714,0.14005302743195452,-0.382908737743885,2.836583656361266,0.7056700404811603,-0.863909495889284,0.21841866080494374,0.09591835728595773,-0.863909495889284,-0.863909495889284,-0.863909495889284
2017-06-19,-0.3360385733223532,-0.2181470795764814,0.3195177004996132,0.12617720759642162,-0.37348314746972605,2.82785163262773,0.7549875889285702,-0.8595216583585245,0.20903264170319408,0.12818866244712968,-0.8595216583585245,-0.8595216583585245,-0.8595216583585245
2017-06-20,-0.3824549257999882,-0.20937201283987344,0.2980678227855094,0.10855738322282897,-0.3703159721952323,2.822139807691853,0.7854562520478529,-0.8548598494514128,0.19058716685056734,0.17677387604213343,-0.8548598494514128,-0.8548598494514128,-0.8548598494514128
2017-06-21,-0.4336636707740575,-0.20472521340238023,0.27402495161362056,0.09295393252904662,-0.3691810451374135,2.812175068362812,0.8271762138858938,-0.8484067194261923,0.1849058758467884,0.20996076478046025,-0.8484067194261923,-0.8484067194261923,-0.8484067194261923
2017-06-22,-0.48504043388194806,-0.20486647283927564,0.24531600028404194,0.0731192073613541,-0.362795560750336,2.7947922320990144,0.8774310772807568,-0.843528367500866,0.1756962986321592,0.260461121817697,-0.843528367500866,-0.843528367500866,-0.843528367500866
2017-06-23,-0.5354656614914692,-0.20862454677958286,0.20541312190350502,0.05097090593698152,-0.357111708116555,2.7713144834483687,0.9476888722873302,-0.8364719599825814,0.16824985699422956,0.3034525157475163,-0.8364719599825814,-0.8364719599825814,-0.8364719599825814
2017-06-26,-0.580851617755819,-0.2036156890271137,0.1685864775167047,0.026210080143514104,-0.35358430407411334,2.74204547211154,1.0184573879373502,-0.8313048079931574,0.16000491975922826,0.3479665053613385,-0.8313048079931574,-0.8313048079931574,-0.8313048079931574
2017-06-27,-0.6228999067618325,-0.2059918890228125,0.12069304439576851,-0.006780932808055159,-0.35845781363085555,2.719618625598596,1.076933729863532,-0.8192256434720557,0.149450758277638,0.40433695797624297,-0.8192256434720557,-0.8192256434720557,-0.8192256434720557
2017-06-28,-0.6613317297982876,-0.2114922298862542,0.07328302317640573,-0.035702495389127765,-0.36408341199543304,2.7007897631966644,1.1254664489575767,-0.8049677097582741,0.13821831408477125,0.45472315668678137,-0.8049677097582741,-0.8049677097582741,-0.8049677097582741
2017-06-29,-0.695798181408811,-0.21955156379365448,0.030610404582976692,-0.05506423094303036,-0.36257568918478417,2.683472407289419,1.1634893637161252,-0.7937011325399914,0.14326180822408696,0.48696021167763626,-0.7937011325399914,-0.7937011325399914,-0.7937011325399914
2017-06-30,-0.7312426968393503,-0.22456718939577727,-0.011554510096319266,-0.0740439650533815,-0.359385128703057,2.6758218365604165,1.1844254873937654,-0.7792864742810921,0.13941964442147517,0.5182724188365964,-0.7792864742810921,-0.7792864742810921,-0.7792864742810921
2017-07-03,-0.7687470334256926,-0.22675355242238338,-0.059072134546358596,-0.09392345423471521,-0.3556592840520412,2.6670855391488826,1.214772791545187,-0.7635282329806093,0.15230018417016264,0.5241098757393955,-0.7635282329806093,-0.7635282329806093,-0.7635282329806093
2017-07-05,-0.8083714542984919,-0.24155847462674357,-0.10260027354898214,-0.11491991996146,-0.35742820168990574,2.6635496216560948,1.272073601554488,-0.7323482869603847,0.10036233909726891,0.5182859096592716,-0.7323482869603847,-0.7323482869603847,-0.7323482869603847
2017-07-06,-0.8455555668383324,-0.2569564407796971,-0.1491259580802822,-0.1254961765264553,-0.35601843493016566,2.6609136462508602,1.292362089544256,-0.7072451951597619,0.06207149865904737,0.546786123339817,-0.7072451951597619,-0.7072451951597619,-0.7072451951597619
2017-07-07,-0.8931997603366543,-0.2765643977143499,-0.19019286976385472,-0.12577803318679023,-0.35019163907933487,2.6818157525047743,1.2692892393486443,-0.6764290046336083,0.02763516173176769,0.5629025650302316,-0.6764290046336083,-0.6764290046336083,-0.6764290046336083
2017-07-10,-0.9460131175554904,-0.28720662913956085,-0.23248658898521402,-0.12827300628206323,-0.3364276365908864,2.7102450459292724,1.236420768077228,-0.6433860728025523,0.001466446687798424,0.555819009069125,-0.6433860728025523,-0.6433860728025523,-0.6433860728025523
2017-07-11,-1.0086598106783304,-0.2887994219036762,-0.2763838636882269,-0.11909661294943572,-0.32570550163016243,2.728883567657719,1.196890106573443,-0.6130256869138859,-0.02033725365691522,0.5653115379311284,-0.6130256869138859,-0.6130256869138859,-0.6130256869138859
2017-07-12,-1.0439414403488219,-0.2959955160944677,-0.3143202121311086,-0.10486701054983379,-0.29749663108574104,2.7325429775725625,1.16097616563792,-0.6016416477277617,-0.030971158993695513,0.6006394169042326,-0.6016416477277617,-0.6016416477277617,-0.6016416477277617
2017-07-13,-1.065332002956345,-0.29241171431100293,-0.3443149999586364,-0.07661113844602056,-0.25319603771570437,2.753163459922733,1.1040245342667083,-0.5981478874796149,-0.03277694487944495,0.6000463939961733,-0.5981478874796149,-0.5981478874796149,-0.5981478874796149
2017-07-14,-1.0840419746650358,-0.28517993304136413,-0.3739965525857459,-0.057050224497428734,-0.20858863878330597,2.803387970118706,0.9848906381836182,-0.5857983402253029,-0.03143176742294909,0.5952038435947172,-0.5857983402253029,-0.5857983402253029,-0.5857983402253029
2017-07-17,-1.0919672099786457,-0.2691922560606625,-0.4051290173539106,-0.04422746129744954,-0.1621778862784807,2.8488921552787185,0.8404956573956855,-0.5793362506010039,-0.013699674859645098,0.6143506955584052,-0.5793362506010039,-0.5793362506010039,-0.5793362506010039
2017-07-18,-1.0942738907493472,-0.24324184849043506,-0.4309594129545511,-0.008233543583997516,-0.1120808902154375,2.8864160943965103,0.6676679343217118,-0.5800028141427783,0.004927273944418188,0.6497895399022406,-0.5800028141427783,-0.5800028141427783,-0.5800028141427783
2017-07-19,-1.0765026084238316,-0.22562451256073743,-0.45265983326936565,0.0027642592720431704,-0.057116164738704144,2.9086820433106717,0.5005197475137704,-0.5848096468083278,0.03053471475322348,0.7086409413762416,-0.5848096468083278,-0.5848096468083278,-0.5848096468083278
2017-07-20,-1.0865135088741145,-0.20485752289858392,-0.4820884151469027,0.020583671099708115,0.009790401794542533,2.9215836211559822,0.3467583281540422,-0.5801003976959338,0.06104083477631002,0.7341041807227527,-0.5801003976959338,-0.5801003976959338,-0.5801003976959338
2017-07-21,-1.0839018544568462,-0.1632172940914125,-0.5100556747636543,0.03574014317166091,0.08490395095685757,2.922275178745646,0.16204036394666482,-0.5805126327788541,0.09524485439343762,0.779020863213063,-0.5805126327788541,-0.5805126327788541,-0.5805126327788541
2017-07-24,-1.07874742049399,-0.10955582522018113,-0.5402722160438261,0.04875224994479097,0.16579072257041938,2.932478243496141,-0.04135348012305979,-0.5668736695947068,0.11382973218265853,0.7765726720658738,-0.5668736695947068,-0.5668736695947068,-0.5668736695947068
2017-07-25,-1.0578312519176662,-0.052826224708141675,-0.5609116497098826,0.07522667566468602,0.26804511273244014,2.9325095278497453,-0.25401959369122473,-0.5586934746124582,0.14051291904735702,0.7440683831825192,-0.5586934746124582,-0.5586934746124582,-0.5586934746124582
2017-07-26,-1.0094197486993244,0.004425405619875041,-0.6113521921819889,0.1045986693405066,0.35901408145560737,2.9394023337715747,-0.4774081041094194,-0.534236854774576,0.17374435899312693,0.6539426149083454,-0.534236854774576,-0.534236854774576,-0.534236854774576
2017-07-27,-0.9511065864864638,0.06710976330490401,-0.6482948648002039,0.15591592520811628,0.45883734843820423,2.9371872804975987,-0.6797082442603607,-0.5136223803944685,0.22279296521142763,0.49175593446465193,-0.5136223803944685,-0.5136223803944685,-0.5136223803944685
2017-07-28,-0.8977017341149865,0.1255919347913212,-0.6714670886642619,0.20708466558812183,0.5992045840160352,2.88862001638498,-0.857730329094943,-0.508712980295038,0.2707409810114136,0.3705088912624722,-0.508712980295038,-0.508712980295038,-0.508712980295038
2017-07-31,-0.8566125840081203,0.19282823853478087,-0.670962770336125,0.23282763493620737,0.759536147919864,2.825439591671832,-1.0506194379198384,-0.48281962037030823,0.2938421685828972,0.20499949209973517,-0.48281962037030823,-0.48281962037030823,-0.48281962037030823
2017-08-01,-0.7895998257994165,0.2719311942569392,-0.6465132256859553,0.23828838978629402,0.896870616925332,2.7515019121549553,-1.2141929437598489,-0.4665361847881614,0.3268570107885552,0.031001610485790237,-0.4665361847881614,-0.4665361847881614,-0.4665361847881614
2017-08-02,-0.715747530892993,0.31930480099724484,-0.6076890333744599,0.2498358729771921,1.0095737150918955,2.653091680235811,-1.3883957476619755,-0.4556152992120153,0.3659273943378339,-0.06343995486248727,-0.4556152992120153,-0.4556152992120153,-0.4556152992120153
2017-08-03,-0.6100137937629434,0.3456296893868737,-0.5658171460240824,0.2520720072109989,1.0975107020634418,2.565062687805994,-1.5119197172332715,-0.46557098949294734,0.41483411928079017,-0.1250745907560125,-0.46557098949294734,-0.46557098949294734,-0.46557098949294734
2017-08-04,-0.5329272426774639,0.36531224912236665,-0.5545983944171212,0.23117301788128788,1.1900917883483977,2.5259022423816724,-1.4951643665072891,-0.47617677586945595,0.4529877531978681,-0.2780699438518948,-0.47617677586945595,-0.47617677586945595,-0.47617677586945595
2017-08-07,-0.45332682047539724,0.3919820448785024,-0.557626019303807,0.2043441106729523,1.2986483651306961,2.502267253593842,-1.3822888051184452,-0.5106911284543302,0.4584819522173911,-0.41971756777841424,-0.5106911284543302,-0.5106911284543302,-0.5106911284543302
2017-08-08,-0.35061189930063136,0.3989379553555128,-0.5691645163663287,0.17420092314638738,1.399550257551522,2.4707721075602653,-1.2860760469181556,-0.5372188589322743,0.4495083385165713,-0.5382416838160465,-0.5372188589322743,-0.5372188589322743,-0.5372188589322743
2017-08-09,-0.2406374618585809,0.4191839007213313,-0.6022073088142351,0.1284400541814735,1.5128508499256832,2.4149039476227516,-1.1660379869123068,-0.5653486785289261,0.44862757072862064,-0.6537288514790334,-0.5653486785289261,-0.5653486785289261,-0.5653486785289261
2017-08-10,-0.11887435230884388,0.4331406469841462,-0.62614694196116,0.07832219615007156,1.5802878896821997,2.3692069906503006,-1.0639458639587407,-0.5755056118955836,0.4461301213829857,-0.7960982390386254,-0.5755056118955836,-0.5755056118955836,-0.5755056118955836
2017-08-11,0.006151061130453256,0.4446085798357741,-0.6648365326900408,0.01971336026078652,1.6518884363271031,2.3057334865982084,-0.9821470789358369,-0.5582607301949079,0.4163730350166622,-0.9644414267634798,-0.5582607301949079,-0.5582607301949079,-0.5582607301949079
2017-08-14,0.1292595906652496,0.4529914098885032,-0.7115259535847805,-0.019073967364296285,1.7296814232888147,2.212305361081913,-0.8714011836755767,-0.5513282149829674,0.40087457571289536,-1.1177983960808529,-0.5513282149829674,-0.5513282149829674,-0.5513282149829674
2017-08-15,0.247346591806574,0.4395945401002063,-0.7535518778289849,-0.05224637919097959,1.7785021738961628,2.1311410232075647,-0.7645094098341634,-0.5403140769043007,0.387188606538749,-1.2522089610779257,-0.5403140769043007,-0.5403140769043007,-0.5403140769043007
2017-08-16,0.36354599732297177,0.41609020165670224,-0.7970326045344864,-0.10188758228561458,1.818152768595346,2.045470693179459,-0.6272110005116975,-0.534984898184907,0.3899706667000256,-1.3671595473830798,-0.534984898184907,-0.534984898184907,-0.534984898184907
2017-08-17,0.4797651141902203,0.4147180316473354,-0.8491420583539828,-0.16874707549336235,1.845939497849217,1.9427987012681043,-0.5283147775428984,-0.5105698697376437,0.3867853699419676,-1.481523324556028,-0.5105698697376437,-0.5105698697376437,-0.5105698697376437
2017-08-18,0.5855922906417654,0.39549786717374474,-0.9080875763182059,-0.23711177126096453,1.856276437141456,1.84930235844715,-0.4212453277106217,-0.46907442010791145,0.35856948518366916,-1.602496082866348,-0.46907442010791145,-0.46907442010791145,-0.46907442010791145
2017-08-21,0.6998218884512376,0.37017697807810795,-0.962861405603034,-0.30865619370205827,1.8664212069001527,1.7409065656689937,-0.35136441732672524,-0.42483502788861827,0.340537507257346,-1.6956420181695462,-0.42483502788861827,-0.42483502788861827,-0.42483502788861827
2017-08-22,0.811594537280811,0.3545844350373101,-1.010072245300666,-0.36962228992531576,1.865772798840699,1.6080704523410896,-0.3001936762347791,-0.374517711085722,0.334739083527503,-1.796802251223764,-0.374517711085722,-0.374517711085722,-0.374517711085722
2017-08-23,0.9125896118856892,0.35444647798452056,-1.0425897855786288,-0.4414836066216833,1.8520739414215817,1.5069013028056857,-0.32090591305274796,-0.33006772767261616,0.34365231209425784,-1.8444134302482103,-0.33006772767261616,-0.33006772767261616,-0.33006772767261616
2017-08-24,1.0013228499434788,0.32145539840917237,-1.0531147760688966,-0.545397129537702,1.8565688602430803,1.4470004945995174,-0.30496224534715605,-0.30936777480999433,0.34537191978794485,-1.8307742727894623,-0.30936777480999433,-0.30936777480999433,-0.30936777480999433
2017-08-25,1.0885189551899412,0.30378458169904965,-1.053158608858474,-0.6678607407526738,1.868486872951204,1.3700697914262723,-0.29324811960496405,-0.28356211466814013,0.32958211530658604,-1.8119263886843817,-0.28356211466814013,-0.28356211466814013,-0.28356211466814013
2017-08-28,1.1991625396945251,0.30152394787433406,-1.0415999654757055,-0.7935611569623413,1.8043554916250797,1.3403428138933082,-0.24580725708077378,-0.26470498754304866,0.3031607236525123,-1.8087571870487442,-0.26470498754304866,-0.26470498754304866,-0.26470498754304866
2017-08-29,1.3436097839090457,0.2996211881552348,-1.0671817996895896,-0.8988746609448364,1.740296347634141,1.3099034014175752,-0.20592068095976934,-0.2598896176176076,0.25980931068609914,-1.7417044197374698,-0.2598896176176076,-0.2598896176176076,-0.2598896176176076
2017-08-30,1.4933058602480611,0.2800926781175201,-1.100307154188816,-0.9764750587811946,1.6955588583158296,1.2771377767339096,-0.11806142156053301,-0.2833012989771483,0.2077649348852662,-1.62581127786145,-0.2833012989771483,-0.2833012989771483,-0.2833012989771483
2017-08-31,1.6315037917800912,0.276619654422581,-1.1254651606140595,-1.0556887504963886,1.6462907435935492,1.2197574525008161,0.010749084061291696,-0.3100316900751436,0.14525121649528966,-1.5088912714425973,-0.3100316900751436,-0.3100316900751436,-0.3100316900751436
2017-09-01,1.7003794568103754,0.3023102264706386,-1.1419260678998393,-1.1234496408607446,1.6200802667012923,1.181302018902813,0.11457736343274416,-0.3452086568233078,0.11600883173513392,-1.3884478279991823,-0.3452086568233078,-0.3452086568233078,-0.3452086568233078
2017-09-05,1.792403973075946,0.32073629208622956,-1.1532186767602783,-1.1873019176848187,1.6065760344822386,1.144760789057611,0.11783043977946785,-0.3876278636074925,0.1035566486597919,-1.1948321282662175,-0.3876278636074925,-0.3876278636074925,-0.3876278636074925
2017-09-06,1.8865537303906605,0.342693896699027,-1.175704598295594,-1.2593733726584548,1.5867132413981695,1.0780067506669633,0.0751371293653711,-0.41239673671341975,0.10475772920331909,-0.9891975599157822,-0.41239673671341975,-0.41239673671341975,-0.41239673671341975
2017-09-07,1.9781760834794,0.3813425764986305,-1.1909920760636763,-1.3343258864787577,1.5669012737865164,0.9635130852185362,0.04407249088626787,-0.43064230732828657,0.09273879491814564,-0.7788571129319153,-0.43064230732828657,-0.43064230732828657,-0.43064230732828657
2017-09-08,2.0273031281590144,0.413744235391375,-1.1896694395764515,-1.3911102827283175,1.5517810536281211,0.9078819008514243,-0.013942877275589646,-0.4557045149465242,0.06541294968781053,-0.5485826083512914,-0.4557045149465242,-0.4557045149465242,-0.4557045149465242
2017-09-11,2.063975923386972,0.4699422505161549,-1.2000429490971678,-1.4633642047670743,1.5400521392857554,0.7881846036542948,-0.0928584429272058,-0.4566800821365275,0.03762595712469936,-0.3167949486303173,-0.4566800821365275,-0.4566800821365275,-0.4566800821365275
2017-09-12,2.064366930394167,0.49523050642461264,-1.2057550608767924,-1.4969767964411795,1.489129751973344,0.728692528184996,-0.09505646597939783,-0.5096210902911972,0.04012034061259622,0.018732626872442332,-0.5096210902911972,-0.5096210902911972,-0.5096210902911972
2017-09-13,1.9990310548109809,0.4828779522827267,-1.2024725349384586,-1.5213559287262863,1.4082162282930826,0.7903975066836451,-0.08335031397306153,-0.56116344430053,0.002709431579987783,0.3686003811895042,-0.56116344430053,-0.56116344430053,-0.56116344430053
2017-09-14,1.9441967514158818,0.48808078473934596,-1.1949218560851464,-1.541774367854517,1.3453806079122448,0.7327995235554449,-0.047152671757901686,-0.5831741296672651,-0.07356119767509339,0.6796489444188024,-0.5831741296672651,-0.5831741296672651,-0.5831741296672651
2017-09-15,1.8486069324204821,0.4887803130560531,-1.1954777847003404,-1.569443285419239,1.262753503409369,0.6970839425773501,0.05050604723724881,-0.5941927300664619,-0.16912728105028035,0.9630885327352026,-0.5941927300664619,-0.5941927300664619,-0.5941927300664619
2017-09-18,1.737039650249753,0.47555174462841615,-1.212767839847596,-1.564170166968093,1.1815459395788053,0.7724807856515531,0.14001879125087785,-0.6047190841515976,-0.2513524013797383,1.1405298334424132,-0.6047190841515976,-0.6047190841515976,-0.6047190841515976
2017-09-19,1.5655917667522372,0.4381256985799911,-1.1911932690824971,-1.5247078894956998,1.0441731058743444,0.9126696868094909,0.26094534606636255,-0.6443947064313938,-0.29659738427349897,1.3685717644948459,-0.6443947064313938,-0.6443947064313938,-0.6443947064313938
2017-09-20,1.4011481625159101,0.39874513569781317,-1.1489658021100517,-1.477411004386531,0.9279650799849262,1.0385641044120795,0.36916628111761063,-0.672292373413152,-0.35734485286628176,1.5373023892871327,-0.672292373413152,-0.672292373413152,-0.672292373413152
2017-09-21,1.1952693039709377,0.3446227723911638,-1.0692256024507663,-1.3990603294761452,0.790035964320627,1.1463259885599464,0.5079357492808296,-0.699946288350595,-0.4470633841545779,1.7309446909603643,-0.699946288350595,-0.699946288350595,-0.699946288350595
2017-09-22,0.9958230825712533,0.29236575220408634,-1.0111523125976207,-1.341834462916129,0.6734537320695803,1.1975263218890781,0.6368303230942158,-0.6938313923439866,-0.5572833998091582,1.8895965328706403,-0.6938313923439866,-0.6938313923439866,-0.6938313923439866
2017-09-25,0.8184144863605722,0.2828602958687128,-0.9524237928839873,-1.2748906019333206,0.5959513522426525,1.1920726221415363,0.6538743917729098,-0.6776154458426795,-0.6637411382381074,2.0583441680397505,-0.6776154458426795,-0.6776154458426795,-0.6776154458426795
2017-09-26,0.6705322536014512,0.2678466526525183,-0.8942661294153889,-1.2158106630796581,0.4923984069130457,1.1502194846676708,0.6565650428935007,-0.6481227914773842,-0.7592784944616515,2.2242846121380486,-0.6481227914773842,-0.6481227914773842,-0.6481227914773842
2017-09-27,0.53927300405688,0.23967427011000156,-0.8462432002387532,-1.168869784265606,0.4109332972033167,1.1182492947552458,0.6615257768621325,-0.6264133679286972,-0.7960433850384604,2.347154198270031,-0.6264133679286972,-0.6264133679286972,-0.6264133679286972
2017-09-28,0.38642889066277125,0.20362450491128917,-0.7685328242348347,-1.106004670925975,0.33249714254298657,1.0842106204560016,0.6494814846487169,-0.616626338229549,-0.7927206105581855,2.4775208154154256,-0.616626338229549,-0.616626338229549,-0.616626338229549
2017-09-29,0.225460012896852,0.1658187284440543,-0.706665434752422,-1.051642501190725,0.26178460835988565,1.0466940100188078,0.618318012017829,-0.596276668798864,-0.7728291368495114,2.5981683762506855,-0.596276668798864,-0.596276668798864,-0.596276668798864
2017-10-02,0.08490347552040545,0.1272829697604623,-0.6451234771345239,-1.0069292354151982,0.1965651734562321,1.0121268028424129,0.5695834581603534,-0.5659121126015793,-0.7729979121369277,2.6982371953531015,-0.5659121126015793,-0.5659121126015793,-0.5659121126015793
2017-10-03,-0.032791564045588306,0.09258761931747148,-0.5980548762248407,-0.9730973604982508,0.1220586665630725,0.9483729147120753,0.5194818145930911,-0.5165199390400154,-0.8033612850889982,2.7908838268320277,-0.5165199390400154,-0.5165199390400154,-0.5165199390400154
2017-10-04,-0.1372692725820124,0.0755046721560053,-0.5409065463229961,-0.9331346820642544,0.058880254447234735,0.8890784102596843,0.4524410156687353,-0.47370700411189365,-0.8362320341256511,2.866466199010829,-0.47370700411189365,-0.47370700411189365,-0.47370700411189365
2017-10-05,-0.2350385923738669,0.05774588764827848,-0.49141456174191855,-0.8837163317164168,-0.010929224523743364,0.8713314947894066,0.3970273232491358,-0.44525693004865424,-0.8400283667743205,2.9160500916380627,-0.44525693004865424,-0.44525693004865424,-0.44525693004865424
2017-10-06,-0.3182928647875095,0.056577075001398025,-0.43473513194218305,-0.8340467115444332,-0.07345741992458066,0.8569284427893967,0.36373900646482843,-0.4302458666100549,-0.8431754326488676,2.9474465030321695,-0.4302458666100549,-0.4302458666100549,-0.4302458666100549
2017-10-09,-0.3895890393266572,0.04163209487562493,-0.382994358537182,-0.7913830118671243,-0.1304415630818946,0.8599863185593217,0.3179582543834743,-0.4185132201744373,-0.823762531838568,2.9726467175307536,-0.4185132201744373,-0.4185132201744373,-0.4185132201744373
2017-10-10,-0.4399769621053067,0.020980413321157135,-0.334841842350972,-0.7391840094006665,-0.17417558542672737,0.8798258157313179,0.26238191822609475,-0.41722392294754396,-0.7966412207939081,2.990527164589186,-0.41722392294754396,-0.41722392294754396,-0.41722392294754396
2017-10-11,-0.49740823498510206,0.005215756582169466,-0.28259559730247014,-0.6958721523092122,-0.21817422217522445,0.9025112208671638,0.18404612384514232,-0.40731348275065704,-0.773543558202122,3.0,-0.40731348275065704,-0.40731348275065704,-0.40731348275065704
2017-10-12,-0.5438189233104255,-0.003981220939437906,-0.22767954908111823,-0.6658985360283437,-0.25206089158318734,0.9331474665867909,0.10782470305249434,-0.40331227981254897,-0.7440654315635093,3.0,-0.40331227981254897,-0.40331227981254897,-0.40331227981254897
2017-10-13,-0.5791942767758047,-0.0069297665025841995,-0.17669918410953186,-0.6530409493566021,-0.28311282417313355,0.9725137058001336,0.03448561507888903,-0.3996253413381732,-0.7145624917147505,3.0,-0.3996253413381732,-0.3996253413381732,-0.3996253413381732
2017-10-16,-0.6002223519121097,0.00031172931989162085,-0.1183627279735933,-0.6311144310738658,-0.2974323612058563,1.025566928518223,-0.08060503358644996,-0.3987618492704408,-0.6963690312409859,2.99327467623651,-0.3987618492704408,-0.3987618492704408,-0.3987618492704408
2017-10-17,-0.6132835616828548,0.0027773551554180144,-0.050755492987490235,-0.5937915162156373,-0.3028473448779172,1.0268659559579438,-0.19434594312924414,-0.3950156456900204,-0.6916058280658753,2.9970489586057387,-0.3950156456900204,-0.3950156456900204,-0.3950156456900204
2017-10-18,-0.6189272368765378,0.012988343931058688,0.026089751598297854,-0.5474671278195745,-0.29023293861510785,1.0006651290916386,-0.3103848444014602,-0.3937281676811474,-0.7015218596887733,3.0,-0.3937281676811474,-0.3937281676811474,-0.3937281676811474
2017-10-19,-0.6289963295008477,0.018789489872741854,0.09195286001767494,-0.5057713040908869,-0.2933389195106788,0.9749630426082216,-0.3835148255159567,-0.39308360951949584,-0.7078925519574609,3.0,-0.39308360951949584,-0.39308360951949584,-0.39308360951949584
2017-10-20,-0.6380809479380704,0.03224262035274409,0.13834949837965352,-0.4766677959704077,-0.29992315794298474,0.9619918330358951,-0.4666557794915562,-0.3922842851988402,-0.6863883750264693,3.0,-0.3922842851988402,-0.3922842851988402,-0.3922842851988402
2017-10-23,-0.6346602196200798,0.05286220535470692,0.178196702994047,-0.44709402759138267,-0.3046838782742449,0.9621762133526403,-0.5351732252580632,-0.40057200672066917,-0.6649560295361465,2.9956202854612006,-0.40057200672066917,-0.40057200672066917,-0.40057200672066917
2017-10-24,-0.6248047041134773,0.0740096186370433,0.20010168359085723,-0.4217438868348093,-0.32288286474541783,0.9762898025092409,-0.580403237092048,-0.41075984218236244,-0.6417011459288581,2.984174102706919,-0.41075984218236244,-0.41075984218236244,-0.41075984218236244
2017-10-25,-0.6154564194942872,0.08968919384841695,0.21078695493306332,-0.38684646628214825,-0.31139962353357165,1.0176239385840553,-0.6176195905661057,-0.4359423761902906,-0.6057713490471026,2.9627628663188426,-0.4359423761902906,-0.4359423761902906,-0.4359423761902906
2017-10-26,-0.6187751357845429,0.10687834226633419,0.2228600977800171,-0.34579584247163986,-0.29334011974686053,1.0276238553438006,-0.6713122210753002,-0.44974976867948513,-0.5786767262685968,2.949536824674728,-0.44974976867948513,-0.44974976867948513,-0.44974976867948513
2017-10-27,-0.6271112982733458,0.1329393983460598,0.2335329988230795,-0.3200019903078281,-0.28381384663185094,1.0663152897439832,-0.7133251277039321,-0.4599501267977348,-0.5701148690864973,2.9213799522812707,-0.4599501267977348,-0.4599501267977348,-0.4599501267977348
2017-10-30,-0.6245347867777385,0.18888393693530434,0.2527099803909411,-0.2410530493088996,-0.27259683239217863,1.1192271148301824,-0.7880332943169528,-0.4846691655931781,-0.5670241462522186,2.8710977392642727,-0.4846691655931781,-0.4846691655931781,-0.4846691655931781
2017-10-31,-0.6115962386505572,0.24016428220529867,0.26586990599998406,-0.15634024320755174,-0.2647828230303084,1.1737631173450673,-0.8762251288210414,-0.5112145411674882,-0.5402913856737726,2.814296678502833,-0.5112145411674882,-0.5112145411674882,-0.5112145411674882
2017-11-01,-0.578199329819617,0.27333522524002096,0.27559056518462416,-0.07947459922776261,-0.2565275917466377,1.2225078947129935,-0.944636129183749,-0.5441482831271363,-0.4972354429691767,2.7612325403178497,-0.5441482831271363,-0.5441482831271363,-0.5441482831271363
2017-11-02,-0.5554013453327316,0.31456409234325544,0.28822566765579327,0.0005593906061366708,-0.2380593168567739,1.2774137401256087,-1.0270717208132298,-0.5726077355144964,-0.4609319119130363,2.691132346242963,-0.5726077355144964,-0.5726077355144964,-0.5726077355144964
2017-11-03,-0.5104850147641581,0.3596455494365242,0.3084408346858921,0.06981898096268187,-0.21689782199371263,1.3103506748305789,-1.1457924509509927,-0.5914702870337095,-0.42676835443456157,2.6175687503625857,-0.5914702870337095,-0.5914702870337095,-0.5914702870337095
2017-11-06,-0.4565529943187313,0.3840964922293401,0.3115658851282987,0.13321367505316706,-0.20922082887667728,1.357283348606331,-1.253646990180403,-0.6113171768789175,-0.36052050003744257,2.539050619911788,-0.6113171768789175,-0.6113171768789175,-0.6113171768789175
2017-11-07,-0.3917944691148158,0.4141520334500824,0.30308359776471794,0.19400319785922915,-0.2022560892077455,1.402240732005085,-1.3611419960195803,-0.6294365634379746,-0.2930759855233805,2.452535232538306,-0.6294365634379746,-0.6294365634379746,-0.6294365634379746
2017-11-08,-0.3281932015773061,0.4418964968104442,0.3045368050019559,0.2548355079388091,-0.19685222639610786,1.4491019290085836,-1.43542838215799,-0.6511161418345736,-0.24822834008093325,2.3627959787908392,-0.6511161418345736,-0.6511161418345736,-0.6511161418345736
2017-11-09,-0.2597929558481842,0.47949967368154317,0.3201779502751381,0.3286748712226782,-0.1860558876661913,1.4686961714418163,-1.5500149954300457,-0.6644276900716142,-0.20000996585039793,2.256535898460101,-0.6644276900716142,-0.6644276900716142,-0.6644276900716142
2017-11-10,-0.1843363481746911,0.5248444319349181,0.3216139249625906,0.4048586149559346,-0.17381463703092165,1.456831281678749,-1.6582020621188605,-0.6709313523278843,-0.17376156371454887,2.1656917668183664,-0.6709313523278843,-0.6709313523278843,-0.6709313523278843
2017-11-13,-0.1104843368856784,0.5433728197306034,0.30714139794916223,0.4591047754345079,-0.16557210040089881,1.4654296695904503,-1.7419689103442768,-0.674618815080023,-0.1412569914722862,2.0827089367185088,-0.674618815080023,-0.674618815080023,-0.674618815080023
2017-11-14,-0.043731705891384774,0.5584187379891244,0.2893424671244835,0.512964428488837,-0.16273412471405418,1.4439833438582477,-1.805173703329687,-0.679441369343197,-0.103107843741893,2.0278038775891156,-0.679441369343197,-0.679441369343197,-0.679441369343197
2017-11-15,-0.0018570653273769458,0.5804396768379185,0.27856850784462656,0.5718662478827551,-0.1640906616509174,1.4165031706036952,-1.8662432512124658,-0.6811744617532506,-0.06089022308160698,1.9704014451163743,-0.6811744617532506,-0.6811744617532506,-0.6811744617532506
2017-11-16,0.027376657534881926,0.597156314004461,0.2633678207324036,0.6199244247684027,-0.1733478329574177,1.3732707079014999,-1.9340852478535415,-0.6748697962545271,-0.0004705304076307039,1.9262868712950476,-0.6748697962545271,-0.6748697962545271,-0.6748697962545271
2017-11-17,0.06374626941051598,0.6102387398747606,0.24996239134180576,0.6781010886330257,-0.17762667753972516,1.3295689265536093,-2.0088067092555355,-0.6692761849406396,0.06909013493735999,1.8628305758067414,-0.6692761849406396,-0.6692761849406396,-0.6692761849406396
2017-11-20,0.1143713234857092,0.6111027548116076,0.23614855629123552,0.737196374831734,-0.1779098176151067,1.2817957034206775,-2.0706783628211056,-0.6672835690115547,0.13350168009072194,1.8036060635507476,-0.6672835690115547,-0.6672835690115547,-0.6672835690115547
2017-11-21,0.16007292322122216,0.5974512372043462,0.2183094982165015,0.7898504594583292,-0.18240119489902773,1.2409563422358847,-2.1151320657493526,-0.6668410653308617,0.20363320106716012,1.754623860568384,-0.6668410653308617,-0.6668410653308617,-0.6668410653308617
2017-11-22,0.2024187085468179,0.5772891161051754,0.21442093580198948,0.8456633750047698,-0.17306059060344006,1.2007243871393507,-2.126703628001039,-0.6803641799256445,0.26340411563259436,1.7173003000763591,-0.6803641799256445,-0.6803641799256445,-0.6803641799256445
2017-11-24,0.24821458021926854,0.557897043788052,0.21213196986495625,0.9033727302868217,-0.16670549967131318,1.1536368887856838,-2.143183383982545,-0.6886222057371278,0.309345477661371,1.6797790159962154,-0.6886222057371278,-0.6886222057371278,-0.6886222057371278
2017-11-27,0.2874368435087456,0.5329136320843372,0.19849557048757663,0.9635320623094453,-0.15962789881947,1.122422747338962,-2.13320954687518,-0.703986795450582,0.3541776289412864,1.6498061428266244,-0.703986795450582,-0.703986795450582,-0.703986795450582
2017-11-28,0.3200947941290038,0.5118582009209246,0.19316546063968865,1.0269321016864157,-0.15075329488441394,1.0778758462831521,-2.124868817098403,-0.719054341932935,0.40605784721462446,1.6158552288407484,-0.719054341932935,-0.719054341932935,-0.719054341932935
2017-11-29,0.3535497396093041,0.48003532965630286,0.1786345422906875,1.0305839032672157,-0.15523299485945308,1.043059539197334,-2.1169317946047133,-0.72270161715102,0.4424397173927718,1.6346684866546324,-0.72270161715102,-0.72270161715102,-0.72270161715102
2017-11-30,0.38291860029013464,0.467576936036332,0.17546631185502673,1.0497024523740897,-0.17164254352114902,0.9971178607254247,-2.1320870691791516,-0.717228352648287,0.4710491095933548,1.6288117524190868,-0.717228352648287,-0.717228352648287,-0.717228352648287
2017-12-01,0.41374822594365024,0.47492743612247007,0.1781490592024569,1.090817728756174,-0.17697403846680076,0.959275296617027,-2.173342940603615,-0.7099759012097305,0.5164918084584553,1.5568110288091035,-0.7099759012097305,-0.7099759012097305,-0.7099759012097305
2017-12-04,0.45812608935585364,0.4835304861844472,0.16743490906460762,1.1325249918057774,-0.20166723725706748,0.9166498619800025,-2.20072534175096,-0.7036522643943732,0.5700958207093328,1.4886394774854987,-0.7036522643943732,-0.7036522643943732,-0.7036522643943732
2017-12-05,0.5073490964845304,0.4749328092971772,0.1560030556562786,1.1957917041223356,-0.2188299858787597,0.8621810913056822,-2.2118967176973983,-0.7022590573574683,0.6227392773745518,1.4207658987654752,-0.7022590573574683,-0.7022590573574683,-0.7022590573574683
2017-12-06,0.5383523641638456,0.47232310665992727,0.14792886316523274,1.2551749356753075,-0.22228246716531455,0.7956848555095177,-2.234023320848278,-0.6908221572146201,0.6261828697902524,1.383947421907991,-0.6908221572146201,-0.6908221572146201,-0.6908221572146201
2017-12-07,0.5539196099311943,0.4757889625461341,0.15305395474011663,1.3210725851867038,-0.22499933504606315,0.7227110052310179,-2.2358662856939553,-0.686257280245504,0.6132443793160519,1.3661042447708143,-0.686257280245504,-0.686257280245504,-0.686257280245504
2017-12-08,0.560340619227396,0.47627518199274715,0.1533955442429116,1.384001105338896,-0.21506264390499305,0.6312781327979367,-2.2467630719026284,-0.6769931202873182,0.6185513563589343,1.345956256998073,-0.6769931202873182,-0.6769931202873182,-0.6769931202873182
2017-12-11,0.5617670593398473,0.488490632328385,0.14686441289485416,1.4492910738599245,-0.2052645518072596,0.5540182041144319,-2.2377047880609813,-0.6749423076731188,0.6113471221956638,1.3309600658276106,-0.6749423076731188,-0.6749423076731188,-0.6749423076731188
2017-12-12,0.5637902314015402,0.5030725275747125,0.14053387810803175,1.51405859434135,-0.20762442508442855,0.48991844120972805,-2.1988411957867724,-0.6852737342208347,0.617312432913139,1.3188744522060383,-0.6852737342208347,-0.6852737342208347,-0.6852737342208347
2017-12-13,0.5764621947407912,0.5424404792086828,0.1455669975399129,1.6211437603792545,-0.20954030561155443,0.3492096808511251,-2.1404622521080183,-0.6985143408253486,0.6364691499120501,1.2727676583891512,-0.6985143408253486,-0.6985143408253486,-0.6985143408253486
2017-12-14,0.5952987588864896,0.5809853794072208,0.15594712243606115,1.724620914284256,-0.2066592987184755,0.19302922418419766,-2.092307172413509,-0.7034383570840849,0.6693742207807212,1.193464279489378,-0.7034383570840849,-0.7034383570840849,-0.7034383570840849
2017-12-15,0.6371257002672842,0.6118553795977719,0.16423135509426157,1.8303017995803945,-0.2014541874973489,0.027321891343732058,-2.0141314773559498,-0.7146437096689613,0.7069580480005477,1.096366329645153,-0.7146437096689613,-0.7146437096689613,-0.7146437096689613
2017-12-18,0.6857494498443714,0.6586885270020827,0.17262006266365268,1.9221104610931745,-0.20475774277597958,-0.10105401984468915,-1.9069647067900761,-0.7367227339542832,0.7341166307467093,0.9863822738778871,-0.7367227339542832,-0.7367227339542832,-0.7367227339542832
2017-12-19,0.7366099031233265,0.7032545213501189,0.18450912934803818,2.0096611595263187,-0.20511920474143142,-0.21815666538238335,-1.804294929198227,-0.7511917518596075,0.7268039755273871,0.8714991178852836,-0.7511917518596075,-0.7511917518596075,-0.7511917518596075
2017-12-20,0.7746193675463153,0.751992536159126,0.21857731972207986,2.094379224655063,-0.2037175729053992,-0.35287157841087924,-1.7062773707798278,-0.7549977934990985,0.6967306343709769,0.7465586136389384,-0.7549977934990985,-0.7549977934990985,-0.7549977934990985
2017-12-21,0.8140155217146239,0.7998387392987851,0.25822157531430173,2.184082270197421,-0.20594766374449897,-0.5258855905469476,-1.5779189409883474,-0.7513590855555533,0.6540507290264047,0.604979701950469,-0.7513590855555533,-0.7513590855555533,-0.7513590855555533
2017-12-22,0.8506511750343376,0.8556300563296293,0.29828748599977234,2.2774887934015404,-0.21419759763617596,-0.7114118076408739,-1.4703821124615783,-0.7159159583810992,0.6035961817179704,0.3740016587797768,-0.7159159583810992,-0.7159159583810992,-0.7159159583810992
2017-12-26,0.8721245875220959,0.9282115883037635,0.3399413530460301,2.3365111766244637,-0.23097810187310028,-0.9198879606546928,-1.344326793601229,-0.6649469831875002,0.5600347941744765,0.11815728920819381,-0.6649469831875002,-0.6649469831875002,-0.6649469831875002
2017-12-27,0.8901069648589666,1.018857521459144,0.3962983030872714,2.3647420391613116,-0.24805173135803235,-1.1164954994272847,-1.222350997089122,-0.5814359868715132,0.46529555864255334,-0.2226582118487538,-0.5814359868715132,-0.5814359868715132,-0.5814359868715132
2017-12-28,0.9029735129610795,1.087268670222694,0.41901912922365964,2.3521730827740503,-0.2510797732261874,-1.2824325347664747,-1.1261882567658392,-0.49573977920993373,0.345662487162653,-0.46443720074589995,-0.49573977920993373,-0.49573977920993373,-0.49573977920993373
2017-12-29,0.9081622312114538,1.111880715124105,0.4421628163268847,2.3162789110480664,-0.24927437703719973,-1.4157595558352343,-1.017011678107244,-0.4122339477922156,0.27504902528347197,-0.722552296845441,-0.4122339477922156,-0.4122339477922156,-0.4122339477922156
2018-01-02,0.9030443519131657,1.1368084227062174,0.47306369634188644,2.291206802793744,-0.2188724266374868,-1.485779736991028,-0.913555754647179,-0.3794100925681682,0.18046193920546116,-0.8487369244121082,-0.3794100925681682,-0.3794100925681682,-0.3794100925681682
2018-01-03,0.887136002842054,1.1482079477428828,0.5210632911935966,2.2701425477713815,-0.19501421172761466,-1.5950990352833865,-0.7972080744543096,-0.36418707678639756,0.06426808780671754,-0.84674824874573,-0.36418707678639756,-0.36418707678639756,-0.36418707678639756
2018-01-04,0.8557614706791276,1.136768186133302,0.5949191569549888,2.279186384910594,-0.15131509141294497,-1.6293116726869081,-0.6973731347464965,-0.3861447173038092,-0.02814857425390576,-0.8159078563625203,-0.3861447173038092,-0.3861447173038092,-0.3861447173038092
2018-01-05,0.7903751179068556,1.181026301524427,0.6562118400824465,2.3118798006169228,-0.11738901879798619,-1.577431324451662,-0.6259408747924566,-0.4618390791293312,-0.10238697569224303,-0.6689885498789789,-0.4618390791293312,-0.4618390791293312,-0.4618390791293312
2018-01-08,0.7308669394701485,1.2204518534281847,0.7244277273557532,2.321032834170334,-0.06518788055375128,-1.4935917318435856,-0.5177856333372305,-0.5380317287814934,-0.15136073929047922,-0.6167264542733993,-0.5380317287814934,-0.5380317287814934,-0.5380317287814934
2018-01-09,0.6737755473009838,1.23310424121968,0.7822402390395898,2.3448880862085693,-0.03428557558725872,-1.3669063463407116,-0.36827037830883574,-0.6171460602370268,-0.2114405350716889,-0.5845210375122208,-0.6171460602370268,-0.6171460602370268,-0.6171460602370268
2018-01-10,0.6266987993582688,1.2628182744822025,0.824064064901131,2.3510482357935016,-0.0357445314904167,-1.2054037594237943,-0.2136723786857026,-0.6647530856515718,-0.26742711417698617,-0.6833692481519166,-0.6647530856515718,-0.6647530856515718,-0.6647530856515718
2018-01-11,0.5811722730820591,1.242928723342599,0.8533782074416607,2.3687144463386978,-0.026105028199724954,-1.0110662621181288,-0.04506718791115633,-0.7194449615793239,-0.32739767217015464,-0.7587776534885559,-0.7194449615793239,-0.7194449615793239,-0.7194449615793239
2018-01-12,0.5013717483207705,1.1930218662538794,0.8974510341159996,2.395712484151327,-0.0001980921943286985,-0.8165130786273069,0.04551379500957949,-0.7569837280405666,-0.3560642386246483,-0.8323606062430058,-0.7569837280405666,-0.7569837280405666,-0.7569837280405666
2018-01-16,0.435118355821691,1.1421800977295322,0.9570768806980854,2.4295450133019947,-0.03293093838714734,-0.5740974471250605,0.025384042110661753,-0.7890543359525704,-0.37422194039834566,-0.8518367199411292,-0.7890543359525704,-0.7890543359525704,-0.7890543359525704
2018-01-17,0.3561236007509312,1.0725051350085444,1.0069863523850888,2.4526728195934693,-0.08647167767490173,-0.28100018804284166,0.042817372232806905,-0.814598154390828,-0.4302422550824787,-0.874998541607307,-0.814598154390828,-0.814598154390828,-0.814598154390828
2018-01-18,0.3036242788346141,1.0408207867032304,1.0347602945269248,2.41718766095271,-0.1624137136471235,0.03561444129994016,0.07406221327678615,-0.8566423996130741,-0.4647075943020165,-0.8523787691927694,-0.8566423996130741,-0.8566423996130741,-0.8566423996130741
2018-01-19,0.2563498946885869,0.9683364314773866,1.0480829189839593,2.3946685694749106,-0.2079292809763835,0.3036143783704423,0.0870981442765627,-0.8712496083675697,-0.5206365670334444,-0.8445860557917414,-0.8712496083675697,-0.8712496083675697,-0.8712496083675697
2018-01-22,0.1744124287300907,0.916069195811854,1.0484430443031887,2.3372414679150433,-0.2341813862661933,0.5405923582330168,0.1843999894010493,-0.8676218702740249,-0.5800615229289569,-0.9164280941029929,-0.8676218702740249,-0.8676218702740249,-0.8676218702740249
2018-01-23,0.07085561469399912,0.8734361051326613,1.0373941872635604,2.2464051487653993,-0.2233245571433744,0.7790086718765269,0.2987658191783832,-0.8584126611696694,-0.6561184009523693,-0.9927719441361107,-0.8584126611696694,-0.8584126611696694,-0.8584126611696694
2018-01-24,-0.029628876186394853,0.821187477576254,1.0189483219967699,2.149997029455241,-0.16381801631174525,0.983101480442718,0.38605224577704794,-0.8363618679622443,-0.7275070345528198,-1.0928851563480921,-0.8363618679622443,-0.8363618679622443,-0.8363618679622443
2018-01-25,-0.13813583276316477,0.787635950298974,1.0019553318919214,2.0715154370880473,-0.13333812374978188,1.1611864924161657,0.40954923933542553,-0.8101619232060573,-0.7817026646004159,-1.1380181370929419,-0.8101619232060573,-0.8101619232060573,-0.8101619232060573
2018-01-26,-0.2528374742754131,0.7497459832256461,0.9854820347425732,2.003020321428883,-0.0968840956674455,1.308429889532882,0.426919664608519,-0.7775048688776177,-0.863421921171713,-1.1504349269134597,-0.7775048688776177,-0.7775048688776177,-0.7775048688776177
2018-01-29,-0.3285381921000324,0.721481636403675,0.9646720183674646,1.9363944097969499,-0.06331859984351346,1.4221301897809682,0.46232011601140083,-0.7740440233091904,-0.9188718584441463,-1.100093626736005,-0.7740440233091904,-0.7740440233091904,-0.7740440233091904
2018-01-30,-0.4064051638554696,0.6822970290026754,0.9429660630122376,1.8591059494824216,-0.0702289293371659,1.5275793605284536,0.5412127953898698,-0.7574577161116023,-0.9842836299771746,-1.062412609799437,-0.7574577161116023,-0.7574577161116023,-0.7574577161116023
2018-01-31,-0.4657933260494433,0.6509567388691764,0.9241299974202299,1.8314318513694636,-0.05605314394459639,1.5839915553191681,0.5573481987974581,-0.7384342459214049,-1.039503309498638,-1.0327715785972,-0.7384342459214049,-0.7384342459214049,-0.7384342459214049
2018-02-01,-0.5120719280270702,0.6248902774859817,0.8872787015356721,1.8096218308230636,-0.05347205227944623,1.6448507554785121,0.5844318461293475,-0.7451443187745183,-1.0497474682511687,-0.9552046877968207,-0.7451443187745183,-0.7451443187745183,-0.7451443187745183
2018-02-02,-0.542654834543243,0.6176798184692404,0.8654937507260678,1.7654967859470256,-0.029192370775326517,1.6855884187635033,0.6057560422352225,-0.7279682331273377,-1.1147881153022963,-0.9415065630108413,-0.7279682331273377,-0.7279682331273377,-0.7279682331273377
2018-02-05,-0.5857323553048168,0.6160066431366195,0.8185106765105792,1.7794970095471137,-0.00844255894886429,1.661453335286477,0.6431380502412741,-0.6905288936637759,-1.185164572715469,-0.9771506530978096,-0.6905288936637759,-0.6905288936637759,-0.6905288936637759
2018-02-06,-0.6214742953940784,0.6131621324096485,0.7721366331483753,1.810696241803801,-0.003353709510690343,1.610585884100677,0.6724972844501151,-0.6329719186532574,-1.2545560912805875,-1.067806405114232,-0.6329719186532574,-0.6329719186532574,-0.6329719186532574
2018-02-07,-0.6515579035043871,0.6088806067958233,0.7157026090164964,1.8475431583136408,-0.017236328384104417,1.5885125046466817,0.6869007699366636,-0.6021439417301155,-1.295600958582857,-1.074568691317495,-0.6021439417301155,-0.6021439417301155,-0.6021439417301155
2018-02-08,-0.6759489276987508,0.6114268638858031,0.6578316328858357,1.8834246396650411,-0.04148948464344759,1.5735104822909831,0.6739984852310217,-0.5614194655777119,-1.3344091130124847,-1.1026667162931545,-0.5614194655777119,-0.5614194655777119,-0.5614194655777119
2018-02-09,-0.7115082036041667,0.6024755869394944,0.6028893721643462,1.9235613648086314,-0.08081413428243583,1.5692530068178885,0.6369139454085585,-0.5141416467411087,-1.3922622518942325,-1.0939420993936495,-0.5141416467411087,-0.5141416467411087,-0.5141416467411087
2018-02-12,-0.7451098804391568,0.6140892393195199,0.5669501559525774,1.9436607169379068,-0.11354420430306555,1.5847870381100397,0.5718168636347686,-0.4779867561341139,-1.4155693482784621,-1.095133556397673,-0.4779867561341139,-0.4779867561341139,-0.4779867561341139
2018-02-13,-0.7680325077884465,0.6281511608410063,0.5310175991779879,1.978291962037361,-0.14996656739078207,1.5845968934632082,0.5068074766723776,-0.45010022721210896,-1.4397100812988026,-1.0707550268654746,-0.45010022721210896,-0.45010022721210896,-0.45010022721210896
2018-02-14,-0.8000051071535482,0.6210669069333843,0.46857030669629063,1.9920657652176563,-0.15478914464924604,1.6164712153992709,0.4592703252484553,-0.42652049096416894,-1.4655511702314346,-1.0310171336041534,-0.42652049096416894,-0.42652049096416894,-0.42652049096416894
2018-02-15,-0.8216805315617788,0.623770043417412,0.40178009777376866,1.9995985921132362,-0.13976808060059134,1.6594517170932197,0.39474499673981933,-0.41343758249733786,-1.4841248273419947,-0.9800216776437396,-0.41343758249733786,-0.41343758249733786,-0.41343758249733786
2018-02-16,-0.8364202197149367,0.6181753580617245,0.3404809376354737,2.0141609548553494,-0.11772766034687475,1.689637522193957,0.32623548134298,-0.3967848653082312,-1.4935912931344886,-0.9538116196602591,-0.3967848653082312,-0.3967848653082312,-0.3967848653082312
2018-02-20,-0.8548181146099791,0.6093737825375745,0.2891938937054952,2.0237020923205935,-0.11557449779603331,1.7085112348304319,0.27827577225452527,-0.3769476897267169,-1.5205676665504413,-0.9103057377852999,-0.3769476897267169,-0.3769476897267169,-0.3769476897267169
2018-02-21,-0.8752905223236804,0.6067757847152787,0.2379517122065614,2.0503516215946758,-0.12935178646365184,1.721999086770844,0.21100094313740447,-0.3643557240616379,-1.5355416202080108,-0.8304723231828691,-0.3643557240616379,-0.3643557240616379,-0.3643557240616379
2018-02-22,-0.8922528391244972,0.5890599785646246,0.1823816003636336,2.088266551467943,-0.15213649199219595,1.7241127464725028,0.15158189012229545,-0.34650146379111,-1.5444875905536815,-0.7605199901561849,-0.34650146379111,-0.34650146379111,-0.34650146379111
2018-02-23,-0.9033094342942458,0.5795204020289813,0.11922478185074392,2.1154640853695095,-0.1894253973067828,1.724072245189036,0.11484768189023885,-0.32474224358164977,-1.5540540169488242,-0.7073713734520586,-0.32474224358164977,-0.32474224358164977,-0.32474224358164977
2018-02-26,-0.9054629405347978,0.570746286881687,0.0522718362030671,2.1392268349103487,-0.21355821112024276,1.733840198326268,0.09746173777633997,-0.3282725427070584,-1.553528898074779,-0.6079066735396589,-0.3282725427070584,-0.3282725427070584,-0.3282725427070584
2018-02-27,-0.8862784157868921,0.5580801772614847,-0.025587680145679036,2.16846138956553,-0.2506347130223446,1.7439127596237827,0.10291506020907491,-0.34407475826077877,-1.5379815184108692,-0.49658802625097065,-0.34407475826077877,-0.34407475826077877,-0.34407475826077877
2018-02-28,-0.8629097678834913,0.530316640169833,-0.11437319519146359,2.2064452247667004,-0.30252018158186156,1.7433579067385045,0.09425425913039776,-0.3491786176304385,-1.525269167728098,-0.3725872478987678,-0.3491786176304385,-0.3491786176304385,-0.3491786176304385
2018-03-01,-0.8215472922409982,0.5096727061565103,-0.20778409831951317,2.2567779539053,-0.34353916150299446,1.723208773933725,0.05049198766840068,-0.3538503618959011,-1.5098461199118232,-0.2420333021050018,-0.3538503618959011,-0.3538503618959011,-0.3538503618959011
2018-03-02,-0.7842953466868382,0.5069334524746534,-0.3184368971994485,2.293308097028855,-0.4014226810177959,1.6948496619569176,-0.004418923789620975,-0.35432998424436696,-1.491765911894504,-0.0774315138947501,-0.35432998424436696,-0.35432998424436696,-0.35432998424436696
2018-03-05,-0.7341898742257741,0.4862917168122684,-0.4254544863907646,2.3350271877353883,-0.4582854507737998,1.655212613207605,-0.07856210020364954,-0.3381034623515333,-1.4750231971128167,0.047397440357675985,-0.3381034623515333,-0.3381034623515333,-0.3381034623515333
2018-03-06,-0.680097837427669,0.4543645601612849,-0.5406445215560224,2.386422505314313,-0.5484988294083967,1.5946895904878575,-0.15863045083830768,-0.3337953045223824,-1.4052648361130835,0.2328410374695522,-0.3337953045223824,-0.3337953045223824,-0.3337953045223824
2018-03-07,-0.5953864207719133,0.430661429687739,-0.6092026605198628,2.378624237090419,-0.6505546812558008,1.5642783530931068,-0.2577044145020016,-0.3506558127644248,-1.3330555412567002,0.47496294949271267,-0.3506558127644248,-0.3506558127644248,-0.3506558127644248
2018-03-08,-0.5125692279405117,0.41052390476429157,-0.6292524685422259,2.3310224850492274,-0.7020650985827142,1.5632611443962992,-0.33631057348363724,-0.3924171948968454,-1.2571103754604127,0.702168989387066,-0.3924171948968454,-0.3924171948968454,-0.3924171948968454
2018-03-09,-0.4413150514518836,0.3853468132174303,-0.6346322836489531,2.288372389352983,-0.7590857035350691,1.5374092406637656,-0.39974967240119724,-0.406640048824664,-1.2225341607643325,0.8727486238659118,-0.406640048824664,-0.406640048824664,-0.406640048824664
2018-03-12,-0.35184413868696285,0.38317661701405636,-0.5976506592066357,2.2511951188393833,-0.7784509297628858,1.478536539722284,-0.5168361750529229,-0.4408334623149635,-1.1619710733942794,1.057178549787817,-0.4408334623149635,-0.4408334623149635,-0.4408334623149635
2018-03-13,-0.27415002180704867,0.37611207175679046,-0.5441847585112428,2.1734841693520375,-0.7709424944539915,1.4079613806481666,-0.5259848584466238,-0.5197270526809756,-1.0652023442894172,1.3018150664752337,-0.5197270526809756,-0.5197270526809756,-0.5197270526809756
2018-03-14,-0.19787875053608792,0.3364944048241904,-0.5257982226963818,2.1156107750208646,-0.7810103923986267,1.2738106058687646,-0.4968391993193929,-0.568671824627048,-0.984009082038328,1.5343071597831883,-0.568671824627048,-0.568671824627048,-0.568671824627048
2018-03-15,-0.15326523716266544,0.30018970029315367,-0.4956492784183205,2.0344688081759097,-0.7674969531480881,1.1879742302367424,-0.49134007604590985,-0.5997509257514713,-0.9333983281682205,1.7175208372432849,-0.5997509257514713,-0.5997509257514713,-0.5997509257514713
2018-03-16,-0.11680641476115755,0.2719307556690385,-0.46424531373497385,1.9569208532597437,-0.7406813126764711,1.099167973401188,-0.49833872895642756,-0.6275038465506592,-0.8746682951541047,1.8767358691558016,-0.6275038465506592,-0.6275038465506592,-0.6275038465506592
2018-03-19,-0.085787672562223,0.24663687566591183,-0.4448478701604956,1.8627306191921118,-0.7278233657167572,0.9838902656621867,-0.4948371649878123,-0.6368113931168404,-0.8404222562974818,2.0477061416719216,-0.6368113931168404,-0.6368113931168404,-0.6368113931168404
2018-03-20,-0.07403580245790378,0.21111771705771673,-0.4341098679431113,1.7713719255344507,-0.7348601261435803,0.8456836099976807,-0.5157478454640371,-0.6152858547640453,-0.8239716077527877,2.215695416227753,-0.6152858547640453,-0.6152858547640453,-0.6152858547640453
2018-03-21,-0.06371423723078061,0.18516670147868333,-0.4293298764626151,1.689731224149617,-0.7404022005591384,0.7442632217878634,-0.5426039212267316,-0.5966873610605449,-0.795031504040896,2.338670036346177,-0.5966873610605449,-0.5966873610605449,-0.5966873610605449
2018-03-22,-0.05899780108145687,0.1498071224647825,-0.4284994736543136,1.6087999047547235,-0.7332896855584722,0.6396621768021719,-0.558240536248813,-0.579320126490688,-0.7571560390225393,2.455194837506669,-0.579320126490688,-0.579320126490688,-0.579320126490688
2018-03-23,-0.05246926747462626,0.11942960860173649,-0.45070368581419706,1.517791060799095,-0.7444704342826383,0.5630255375769475,-0.5801608324562196,-0.5532789771572256,-0.7151795789240887,2.555853500602893,-0.5532789771572256,-0.5532789771572256,-0.5532789771572256
2018-03-26,-0.05097225204120716,0.08792518149275633,-0.46986435419691425,1.432955088733816,-0.7683745055773271,0.4863383289130742,-0.6376427624144974,-0.5144017330187247,-0.6649879200727997,2.642230127237997,-0.5144017330187247,-0.5144017330187247,-0.5144017330187247
2018-03-27,-0.03622149455571345,0.07882662348534393,-0.4882519605631777,1.3701968603259926,-0.8108612143969012,0.4286930938840231,-0.7008859712050526,-0.47704520550719304,-0.6247058697796127,2.69139075483387,-0.47704520550719304,-0.47704520550719304,-0.47704520550719304
2018-03-28,-0.026793239192913803,0.058774598006726866,-0.5205564058902595,1.314322251798873,-0.8662578322004625,0.35649514954217454,-0.8053057815179282,-0.417885556990274,-0.5685403648874858,2.7294038523023727,-0.417885556990274,-0.417885556990274,-0.417885556990274
2018-03-29,-0.02337455253180848,0.055601287293502194,-0.531112232246832,1.2551470027775848,-0.9029790218179942,0.2881013173684554,-0.9352499885924354,-0.3570449059999056,-0.5301891229152175,2.7522349346643673,-0.3570449059999056,-0.3570449059999056,-0.3570449059999056
2018-04-02,-0.02869678587842327,0.055097988212720994,-0.5308440135342154,1.1917651272349925,-0.9154495831867655,0.24656865671669684,-1.0490326129071073,-0.31189614184318437,-0.4904163967995162,2.7685921875143547,-0.31189614184318437,-0.31189614184318437,-0.31189614184318437
2018-04-03,-0.021700417360936957,0.0459372240002206,-0.5204309034173582,1.1141984117282808,-0.932133491802297,0.21658365497040366,-1.1536872416259163,-0.26815185928375695,-0.4583605145980343,2.7822007152406654,-0.26815185928375695,-0.26815185928375695,-0.26815185928375695
2018-04-04,-0.01592279813107857,0.04429947680115412,-0.5159942122087277,1.042110347309317,-0.9512464343014851,0.17954171088511733,-1.245198965834061,-0.22286698848394684,-0.433784490654458,2.7876633200700094,-0.22286698848394684,-0.22286698848394684,-0.22286698848394684
2018-04-05,-0.0038424777259663777,0.048783438241712176,-0.5185004833807693,0.9681187917970905,-0.9965567998463413,0.15033397794277406,-1.3040479449855187,-0.18526191155016178,-0.393117641415411,2.7898767855730773,-0.18526191155016178,-0.18526191155016178,-0.18526191155016178
2018-04-06,0.013402009558103048,0.05923509696137368,-0.5290352312123469,0.9220146493979098,-1.0392054672359767,0.10400296104201026,-1.342855371419072,-0.14997413859784237,-0.37063811663228563,2.7829760239316537,-0.14997413859784237,-0.14997413859784237,-0.14997413859784237
2018-04-09,0.037043138600252705,0.06435028335617289,-0.5490658787598686,0.8594931110679626,-1.0953229869444012,0.05139029605880501,-1.391208198977477,-0.10151806252192858,-0.33840611143615534,2.7677985971224235,-0.10151806252192858,-0.10151806252192858,-0.10151806252192858
2018-04-10,0.06176415215956875,0.0722906949925522,-0.5755449899503435,0.8018250118502084,-1.1474439895513209,0.00548274518692887,-1.458609490005245,-0.05113796955150912,-0.2898280899046883,2.734615833428376,-0.05113796955150912,-0.05113796955150912,-0.05113796955150912
2018-04-11,0.0743175084130219,0.06658655069060919,-0.6235934157137315,0.7306995337316013,-1.1908623748265985,-0.02413615130107892,-1.4766114034794025,-0.005126974966816209,-0.2565893801274688,2.7206970324803126,-0.005126974966816209,-0.005126974966816209,-0.005126974966816209
2018-04-12,0.09764911419598644,0.07366382779442686,-0.6741263777985239,0.6735658929600219,-1.2270933196634484,-0.05676334650382455,-1.561335289669517,0.06513962889407267,-0.24215742453277642,2.6560384076413643,0.06513962889407267,0.06513962889407267,0.06513962889407267
2018-04-13,0.1254531433969461,0.10433350872640366,-0.7045678297095619,0.6114916995552482,-1.2607903166671157,-0.06906014304392533,-1.6526493066723258,0.12669696287382298,-0.24077491597131215,2.579776308890351,0.12669696287382298,0.12669696287382298,0.12669696287382298
2018-04-16,0.16529745185618655,0.13717735124959637,-0.7552215863153166,0.5414883425591734,-1.321551016988272,-0.09968373037889124,-1.7020014551599485,0.18906191487371385,-0.22081486654593727,2.4990618502285535,0.18906191487371385,0.18906191487371385,0.18906191487371385
2018-04-17,0.21250010023069016,0.18077027124738917,-0.79017998847325,0.4796003659005346,-1.3838320792217014,-0.13546020537894096,-1.754434573499376,0.25309773903634575,-0.2196660243408378,2.398311177390109,0.25309773903634575,0.25309773903634575,0.25309773903634575
2018-04-18,0.2640638652888497,0.2211989969091729,-0.8051096621396153,0.4438821658214203,-1.4627014223884063,-0.1767153878295214,-1.8220123421432588,0.3104014914366259,-0.1695000154060736,2.265287836140929,0.3104014914366259,0.3104014914366259,0.3104014914366259
2018-04-19,0.31392699100784743,0.2677236643965326,-0.8182150845265483,0.4094072236551623,-1.5137658492833879,-0.20182781224093257,-1.8828657869795478,0.3441856055335203,-0.10305587016045172,2.151930101997246,0.3441856055335203,0.3441856055335203,0.3441856055335203
2018-04-20,0.3596996775771216,0.32539215985120906,-0.8257217783556733,0.3687466644122817,-1.5469138682088586,-0.29394794653573036,-1.9507262693427994,0.39542097659309045,-0.027215521901847103,2.0090029761319346,0.39542097659309045,0.39542097659309045,0.39542097659309045
2018-04-23,0.41024901434563105,0.395288869665078,-0.8186838913172182,0.3187020936744069,-1.5703782803945054,-0.36812177999890094,-2.0375661925485704,0.459105703869298,0.015572615324307305,1.818514735772579,0.459105703869298,0.459105703869298,0.459105703869298
2018-04-24,0.4573958090873124,0.5006179392298081,-0.7739707305081913,0.28023334898838814,-1.5702386537856992,-0.4431100169335852,-2.134546406822396,0.508206123492343,0.035248254542636824,1.6155459622323538,0.508206123492343,0.508206123492343,0.508206123492343
2018-04-25,0.5030924231662919,0.6082061900500472,-0.7406978831949063,0.23643230635617163,-1.5509705185653293,-0.4885347518238095,-2.200008786781464,0.5363196572632095,0.02534126266392644,1.4618611290762344,0.5363196572632095,0.5363196572632095,0.5363196572632095
2018-04-26,0.5190832884625881,0.6493156651608338,-0.7015940039650321,0.1664472973842739,-1.4983392217672966,-0.5919550485897112,-2.253657707225606,0.6020259595939573,0.012361509574709263,1.2902343825894111,0.6020259595939573,0.6020259595939573,0.6020259595939573
2018-04-27,0.5134037570442009,0.736182202088996,-0.6582556114529386,0.12969827004316342,-1.393359549618211,-0.6332776279381817,-2.3217241468018237,0.6201909564106006,-0.06529933037213792,1.2118682113645294,0.6201909564106006,0.6201909564106006,0.6201909564106006
2018-04-30,0.49617339819073747,0.8570942071532507,-0.6629810907428434,0.18273983948339217,-1.342250790512657,-0.679479148643463,-2.3417653052324034,0.6268036021249085,-0.11834986931208759,1.1016043511164397,0.6268036021249085,0.6268036021249085,0.6268036021249085
2018-05-01,0.4956198864838701,0.9529656528610373,-0.6893712023140075,0.2591666200862144,-1.315086391264298,-0.7646172098260302,-2.3212769305960874,0.65781887933918,-0.16667204138211944,0.9179960985947002,0.65781887933918,0.65781887933918,0.65781887933918
2018-05-02,0.48652741296050417,1.1021074973385627,-0.7190117141252692,0.4269125377115845,-1.287278510303402,-0.8434257662898379,-2.279502828754562,0.6500205303816989,-0.22426572972651215,0.7378549796621353,0.6500205303816989,0.6500205303816989,0.6500205303816989
2018-05-03,0.5309599892346267,1.2465772228780982,-0.743710014877734,0.6088875170676318,-1.1872179323809158,-0.932936673526405,-2.2275683953452017,0.6468481471230182,-0.33981044114255843,0.45742613960038636,0.6468481471230182,0.6468481471230182,0.6468481471230182
2018-05-04,0.5570838237235939,1.3305258352004934,-0.719153682354441,0.7724565855323716,-0.9476282844029565,-0.931168461841949,-2.2613505798559648,0.651841749956818,-0.4722360977595773,0.06410386193115779,0.651841749956818,0.651841749956818,0.651841749956818
2018-05-07,0.5734651210135506,1.36306578120446,-0.687384184293036,0.8797126347814581,-0.7062509792845707,-0.8321045203827936,-2.3312366883601228,0.6272406841772145,-0.5740269362297319,-0.19420296515807267,0.6272406841772145,0.6272406841772145,0.6272406841772145
2018-05-08,0.6079653191708366,1.398585361182583,-0.6697780567412108,1.0280814360786432,-0.488970239792876,-0.690340268966525,-2.3693762085266266,0.5607841905023878,-0.6301499320196441,-0.42915417239473164,0.5607841905023878,0.5607841905023878,0.5607841905023878
2018-05-09,0.6411918910584063,1.428380905247768,-0.6835876871853132,1.1868098947265255,-0.2637000155273658,-0.523133752407595,-2.36174990503701,0.47120381514413273,-0.7128845679545043,-0.5961420234974435,0.47120381514413273,0.47120381514413273,0.47120381514413273
2018-05-10,0.6489935278190342,1.4101250396454574,-0.649129675136579,1.3125768053039628,-0.07476072122216301,-0.379703024992925,-2.315132655026906,0.4094967799219591,-0.8055577778565123,-0.7853986382212061,0.4094967799219591,0.4094967799219591,0.4094967799219591
2018-05-11,0.6649371927957933,1.3739296999868442,-0.5847244551032675,1.39571504892918,0.08349640978581932,-0.2196753408715311,-2.2837564344177754,0.3443769739946776,-0.8745900093974475,-0.9328400076863262,0.3443769739946776,0.3443769739946776,0.3443769739946776
2018-05-14,0.6666452384788223,1.3218468641476324,-0.5073087576790153,1.4308485839844873,0.32091390906193984,-0.12801494315962383,-2.2026065581488847,0.292718448179786,-0.893500613201192,-1.1796975162033092,0.292718448179786,0.292718448179786,0.292718448179786
2018-05-15,0.6593788597350871,1.2554557457558082,-0.4133062192839734,1.467253690841625,0.5156498468106938,-0.02217938627836203,-2.1531138051134873,0.22979616353708107,-0.928189177382208,-1.3001342092335075,0.22979616353708107,0.22979616353708107,0.22979616353708107
2018-05-16,0.6512000368784427,1.1910340782368976,-0.3741306066700865,1.505682851758788,0.6743252530014765,0.037627444189114616,-2.0787464530901962,0.18679931891595672,-1.0005678170951002,-1.353622062873163,0.18679931891595672,0.18679931891595672,0.18679931891595672
2018-05-17,0.6629420423279347,1.131491283962961,-0.3909493799360058,1.516541499383618,0.8168269051315203,0.07931092787888,-1.999170018021642,0.1602940165053813,-1.100158905229552,-1.358010421519239,0.1602940165053813,0.1602940165053813,0.1602940165053813
2018-05-18,0.6853944494653506,1.049506778352006,-0.37842922595666256,1.4688525675602098,0.9785615929422231,0.15938323941516053,-1.905107673714921,0.13659547965413726,-1.1454992716365444,-1.459044375043371,0.13659547965413726,0.13659547965413726,0.13659547965413726
2018-05-21,0.7598426316044017,0.9774697498285845,-0.40745209631826174,1.3697405116777173,1.0887319425438466,0.28192459331280406,-1.8968426052286615,0.1142993321926551,-1.1574485753840442,-1.4731634808070073,0.1142993321926551,0.1142993321926551,0.1142993321926551
2018-05-22,0.8897315270697662,0.9267227656400624,-0.435331703210877,1.3093127465321197,1.1949778327013238,0.36753817549724954,-1.8534593207648535,0.05146900816050493,-1.1563730725338999,-1.448994983572911,0.05146900816050493,0.05146900816050493,0.05146900816050493
2018-05-23,1.0122520908093995,0.8560862076964357,-0.48191397620399073,1.2695361786942554,1.3078247366237286,0.45243278317248764,-1.8520415580887017,-0.024550063144502518,-1.1608428854931367,-1.305133324632468,-0.024550063144502518,-0.024550063144502518,-0.024550063144502518
2018-05-24,1.1079516697369434,0.7909309190239742,-0.46276362556605627,1.2584360948185374,1.4501772852558308,0.5319718255981024,-1.8297942074589613,-0.15002624152800262,-1.1434890775575355,-1.103315917738825,-0.15002624152800262,-0.15002624152800262,-0.15002624152800262
2018-05-25,1.176618158219658,0.7356662983951833,-0.4462039364611999,1.2294296790316113,1.5689790603065095,0.6382266859972251,-1.7832624187439068,-0.2846265105712213,-1.1100366961038115,-0.8709107883563836,-0.2846265105712213,-0.2846265105712213,-0.2846265105712213
2018-05-29,1.3009732141177448,0.6938330063292358,-0.434212479173574,1.1912604430621636,1.5705345870778633,0.7205217047741262,-1.7462843046299628,-0.3866332533864368,-1.0391031622165479,-0.7109899957953034,-0.3866332533864368,-0.3866332533864368,-0.3866332533864368
2018-05-30,1.4371809619202605,0.6104497750720795,-0.4292629456157325,1.0836835431537648,1.5713757808703543,0.7896346961751698,-1.7462043792391073,-0.479419710509031,-0.9850952717671799,-0.41408331853348473,-0.479419710509031,-0.479419710509031,-0.479419710509031
2018-05-31,1.500726897631849,0.5644857637544776,-0.40800707112516116,0.9709688542216948,1.5582675490465996,0.8555403787298115,-1.7208358526689949,-0.5777482462104739,-0.9252695585586492,-0.08488397618973245,-0.5777482462104739,-0.5777482462104739,-0.5777482462104739
2018-06-01,1.5222935648935,0.5127890699274518,-0.3803186175748346,0.8649840703799093,1.5624928952743746,0.8945134840892869,-1.7339836273040474,-0.6296135224570033,-0.8261746519589275,0.10185790210129927,-0.6296135224570033,-0.6296135224570033,-0.6296135224570033
2018-06-04,1.4737352329567912,0.4965999828738182,-0.307276430198919,0.7715880144150651,1.5410212235533531,0.9538054705926369,-1.7421426684565293,-0.701450185545713,-0.706158888091813,0.3246288045384503,-0.701450185545713,-0.701450185545713,-0.701450185545713
2018-06-05,1.4258649433238677,0.4699288021481128,-0.23273514216898714,0.6933785290824026,1.538960605424886,0.9793077999572306,-1.661093466005615,-0.7895994777703447,-0.5884403868827597,0.5332262262022415,-0.7895994777703447,-0.7895994777703447,-0.7895994777703447
2018-06-06,1.3314614313956707,0.4455494486091484,-0.17814718548616246,0.6515225353535972,1.5142283105301053,0.9887550754286007,-1.6348978306369222,-0.845200623243694,-0.47595825185774343,0.7382889596384818,-0.845200623243694,-0.845200623243694,-0.845200623243694
2018-06-07,1.2544869309567563,0.425297678339408,-0.12969886204379863,0.6110241005609441,1.5095519906060604,0.9526621074356444,-1.556582600663749,-0.8994513476820875,-0.3935905246309851,0.9246545701680673,-0.8994513476820875,-0.8994513476820875,-0.8994513476820875
2018-06-08,1.1786610056095026,0.4032178256647552,-0.08069109290461586,0.5827878638711101,1.475186869926927,0.8988382764162227,-1.484963371011108,-0.9427043149776267,-0.32216000104412296,1.1199398833818393,-0.9427043149776267,-0.9427043149776267,-0.9427043149776267
2018-06-11,1.1101239796834423,0.39789907674846803,-0.0507390551114633,0.5606893634536227,1.4399711248247817,0.8345497295623424,-1.429731762482877,-0.9726060937010561,-0.2498234435813123,1.2774853617072186,-0.9726060937010561,-0.9726060937010561,-0.9726060937010561
2018-06-12,1.0353296936095409,0.37608986097664215,-0.03626286042420686,0.554190870229713,1.4087183240139192,0.7563198826503615,-1.3006993433781184,-1.0131770285449404,-0.18633285958496126,1.4453545460868722,-1.0131770285449404,-1.0131770285449404,-1.0131770285449404
2018-06-13,0.9591321601872286,0.3397919305991055,-0.031642545662430535,0.5481271811945295,1.350266024506757,0.7100174494146116,-1.1259819403898055,-1.0566973229043062,-0.13055935025988216,1.6076383820271136,-1.0566973229043062,-1.0566973229043062,-1.0566973229043062
2018-06-14,0.8782779618971012,0.2935783837094394,-0.029007669413662878,0.5508875945549934,1.3069262526188437,0.6638925966875834,-0.9271684372340935,-1.0983815261439551,-0.0753967375244545,1.7315361592800698,-1.0983815261439551,-1.0983815261439551,-1.0983815261439551
2018-06-15,0.7860172493478086,0.241283565310577,-0.005179062309372369,0.5593555180011937,1.2761859089786916,0.6710571659463376,-0.6729885617556987,-1.1575744068262772,0.008443940106533388,1.76612190367904,-1.1575744068262772,-1.1575744068262772,-1.1575744068262772
2018-06-18,0.6853295470610715,0.18939966107282427,0.023293833621365615,0.5631825092549694,1.2714818329293585,0.6861977950426089,-0.4338417711285339,-1.2065812875246238,0.08923572008352955,1.7520460221613006,-1.2065812875246238,-1.2065812875246238,-1.2065812875246238
2018-06-19,0.5827024760971059,0.1496232481514911,0.05882419211653011,0.5621627733340422,1.2264436571499124,0.6632045955620858,-0.16407532347232948,-1.2446573037260134,0.1293663845110751,1.770377211454141,-1.2446573037260134,-1.2446573037260134,-1.2446573037260134
2018-06-20,0.46139835003997764,0.10341244851208249,0.09547304685907994,0.5730275964924092,1.150790052509333,0.6352023282138777,0.06235811594285438,-1.265033931919613,0.16800892407951573,1.8104648650293238,-1.265033931919613,-1.265033931919613,-1.265033931919613
2018-06-21,0.33887692441355205,0.05522493848133991,0.12132767911144497,0.5875006713353237,1.0997407609362366,0.6313396125239301,0.28163172435556505,-1.2800288736660872,0.20472569070352842,1.799747492803429,-1.2800288736660872,-1.2800288736660872,-1.2800288736660872
2018-06-22,0.23602005712107574,0.008699753474719287,0.14520192678017071,0.6066821266681351,1.0725401459384367,0.6293878424391973,0.49675874520000796,-1.294420808362422,0.25133478526233693,1.731057850565611,-1.294420808362422,-1.294420808362422,-1.294420808362422
2018-06-25,0.15031632165774647,-0.040294598567175245,0.17852248340758312,0.630263293816067,1.0639949804759716,0.6066322115737023,0.6805564631847695,-1.3056181897789474,0.3209597331131631,1.6315218704539587,-1.3056181897789474,-1.3056181897789474,-1.3056181897789474
2018-06-26,0.08473546142901843,-0.06073131035434906,0.2135204773335077,0.659737166983954,1.0598955804471932,0.580177945567444,0.8919360360571444,-1.3182881069129866,0.37363876071477636,1.470242309473256,-1.3182881069129866,-1.3182881069129866,-1.3182881069129866
2018-06-27,0.02602880279629626,-0.08479824307386051,0.23683978964575023,0.6928313592612328,1.0662014131275834,0.5286517098452012,1.0998678773223536,-1.3181615938620972,0.3936797439892159,1.3133439225346146,-1.3181615938620972,-1.3181615938620972,-1.3181615938620972
2018-06-28,-0.015977899229622762,-0.10110890333749845,0.28996055560379097,0.7148705197391735,1.085829845159101,0.4737220893151021,1.2962124213430712,-1.3150037064110347,0.40899353425389157,1.1075126627971301,-1.3150037064110347,-1.3150037064110347,-1.3150037064110347
2018-06-29,-0.05154795600737963,-0.1164688656018277,0.3468668560651854,0.742238332612237,1.095083620935857,0.420732162017861,1.4725288656930604,-1.3034636327277158,0.40608986046000417,0.8983316547358684,-1.3034636327277158,-1.3034636327277158,-1.3034636327277158
2018-07-02,-0.07864416098677202,-0.13529119435502918,0.37512673034622634,0.7491739030491066,1.0578488958728647,0.3429006864710632,1.647899590248454,-1.2803825411343175,0.3713860366227154,0.7911296772686434,-1.2803825411343175,-1.2803825411343175,-1.2803825411343175
2018-07-03,-0.11198469378217922,-0.15811477376259517,0.37724608168469337,0.7657383155906236,1.0256024011420364,0.26609918761566276,1.8009755151834215,-1.2509346632660236,0.33287334006458474,0.7053032793278435,-1.2509346632660236,-1.2509346632660236,-1.2509346632660236
2018-07-05,-0.14517858662080443,-0.16904690851849505,0.3673315906485213,0.7908725608411914,1.01055009011724,0.15115177465098142,1.9469602519037816,-1.2143806898887841,0.2992510703876517,0.6056309161450703,-1.2143806898887841,-1.2143806898887841,-1.2143806898887841
2018-07-06,-0.18735580288835904,-0.18748675769028247,0.36735801200284024,0.7814311145271231,1.0129597446598908,0.031661375794317145,2.1092121812327806,-1.1643561454290219,0.26683645851885024,0.46280825555892735,-1.1643561454290219,-1.1643561454290219,-1.1643561454290219
2018-07-09,-0.2263210108193568,-0.19947019500743604,0.39485583436946337,0.7920542407403821,1.0819647750085768,-0.07582933561262574,2.1784105961516373,-1.1233418572211211,0.2178063556439068,0.3298961684099376,-1.1233418572211211,-1.1233418572211211,-1.1233418572211211
2018-07-10,-0.25676084747610933,-0.1901896181703641,0.43438668612391373,0.7983244148803251,1.1575078080561298,-0.1789159093879307,2.230132247960188,-1.0807636365040119,0.1504313038125539,0.17813846021734045,-1.0807636365040119,-1.0807636365040119,-1.0807636365040119
2018-07-11,-0.27752684053837623,-0.19223419455601895,0.4634693692978617,0.7968469734509166,1.210867202416735,-0.24930687113235714,2.2718171104946303,-1.040391853610038,0.13053096022104577,0.007103704785714851,-1.040391853610038,-1.040391853610038,-1.040391853610038
2018-07-12,-0.2975291949038977,-0.17696750319774773,0.5051669715204474,0.8258253844679342,1.280189025323222,-0.324333905646397,2.275354632638008,-0.9978418267550124,0.08272930424021155,-0.17906740742172952,-0.9978418267550124,-0.9978418267550124,-0.9978418267550124
2018-07-13,-0.30390000493331976,-0.1300137649122406,0.5799553364941198,0.8908660850562945,1.3755281947229498,-0.38063685194287544,2.222715555455392,-0.9590575993099106,-0.11782604618972857,-0.300458106510951,-0.9590575993099106,-0.9590575993099106,-0.9590575993099106
2018-07-16,-0.29240582849008534,-0.06380170354782869,0.6575719410209704,0.945104681851251,1.462365373053614,-0.45307228462243815,2.150933202497942,-0.911787390142234,-0.36211038996247885,-0.3974354312320104,-0.911787390142234,-0.911787390142234,-0.911787390142234
2018-07-17,-0.26543320615336186,0.014947421769151915,0.7422333797960483,1.0277787191461323,1.5570790582524792,-0.5538062537823082,2.007800342680926,-0.857231685153956,-0.632682207313422,-0.4689905137798203,-0.857231685153956,-0.857231685153956,-0.857231685153956
2018-07-18,-0.22821806677752204,0.11604327295328601,0.8216652190588329,1.108106907748099,1.6287260782981117,-0.6206692286023222,1.8177718946096857,-0.8064633208282987,-0.9123221024778205,-0.5052506914971544,-0.8064633208282987,-0.8064633208282987,-0.8064633208282987
2018-07-19,-0.18978743063299933,0.20826389019235317,0.8753762962819848,1.205514632344256,1.6857117078563175,-0.6953965718677552,1.585752740293301,-0.7504862252269693,-1.159268275003446,-0.5142220885561352,-0.7504862252269693,-0.7504862252269693,-0.7504862252269693
2018-07-20,-0.12738156706292397,0.2818075884999421,0.9047953028290927,1.2476076524012618,1.7023528610624312,-0.7368046014470061,1.412679243184454,-0.6783299003447951,-1.378443988248371,-0.5932928898396994,-0.6783299003447951,-0.6783299003447951,-0.6783299003447951
2018-07-23,-0.07828953517490583,0.3739060217195437,0.9427116584992037,1.2892181112740932,1.7110553772831367,-0.7807478007854946,1.1712902124142168,-0.5889901416771526,-1.5963519595689117,-0.6768315189522726,-0.5889901416771526,-0.5889901416771526,-0.5889901416771526
2018-07-24,-0.029892156348597747,0.4803391546756431,0.9857047431154098,1.3049107066208538,1.686762833119306,-0.8006177819981891,0.9359540664571506,-0.501275010313668,-1.7559276771153862,-0.8021338472715207,-0.501275010313668,-0.501275010313668,-0.501275010313668
2018-07-25,0.011459791861998839,0.5587787738294449,1.020758095594839,1.3023660287189778,1.629697898450293,-0.7865242801763362,0.7445806027126222,-0.42245725655915783,-1.9011486767173718,-0.8901392080378372,-0.42245725655915783,-0.42245725655915783,-0.42245725655915783
2018-07-26,-0.015451330079796877,0.5913344011865668,1.010961347804128,1.2700045596849847,1.535578224718662,-0.794758959892313,0.5020120065855356,-0.450488062730912,-2.049170517745878,-0.9500315061728519,-0.450488062730912,-0.450488062730912,0.2509859621036972
2018-07-27,-0.017767353775838813,0.6525536354453051,1.0729512292856405,1.2439922219579143,1.299029245186825,-0.7481046178067767,0.2768633955710228,-0.4338734618653435,-2.1500611811329207,-0.9732654667282837,-0.4338734618653435,-0.4338734618653435,0.6454292775931417
2018-07-30,-0.054356482495660635,0.6877142415568358,1.0738450310292331,1.2212733927147208,1.0504322328772568,-0.6744898243443164,0.022049894113403003,-0.42319526347876535,-2.1808126371178354,-0.942949523054849,-0.42319526347876535,-0.42319526347876535,1.0668794651575075
2018-07-31,-0.07487348258895649,0.6766164655953343,1.0357934782523857,1.1401232954093283,0.8054941675009951,-0.6373240567539089,-0.2272495254827879,-0.3873698184682537,-2.1233202670744897,-0.928572733872904,-0.3873698184682537,-0.3873698184682537,1.495422114419764
2018-08-01,-0.08709599361274026,0.6631112782792932,0.9866188136821197,1.0537687567154765,0.6013210002245716,-0.5808642242728709,-0.38925344081636626,-0.36070322618393863,-2.0571562309002545,-0.8955506368952164,-0.36070322618393863,-0.36070322618393863,1.7872103561478034
2018-08-02,-0.04569119676108755,0.6237929222698897,0.9179583099332727,0.9633653983951636,0.4058183478252681,-0.5416776981511423,-0.4796941304418417,-0.329596660974098,-1.9815065192501014,-0.9048034876214159,-0.329596660974098,-0.31960829765659615,2.0212396734067872
2018-08-03,-0.008256955989521756,0.5710887876334723,0.8469344952921548,0.873179027460551,0.24124526578732391,-0.5003981483356309,-0.41962226604480746,-0.33905393049636745,-1.9394392772132305,-0.8705583232371205,-0.33905393049636745,-0.320084603919389,2.2040198595589326
2018-08-06,0.02825597837720316,0.5137924489201199,0.7535642958840063,0.7729661525144488,0.08084890147694106,-0.46613539155397044,-0.34937281728762337,-0.3394708607482858,-1.8744595026302941,-0.8469512397702444,-0.3394708607482858,-0.3135435101314527,2.379976405697437
2018-08-07,0.05085609216510777,0.4530817583765115,0.6608201689415613,0.6883393544132507,-0.04603155972686961,-0.43349392143262705,-0.2914070067546078,-0.3359523113181811,-1.8043942113239668,-0.8208520498679917,-0.3359523113181811,-0.3064087539735133,2.521394751819507
2018-08-08,0.056579209580283486,0.40387001194224065,0.5881527812128795,0.6131960732997994,-0.1578547301302301,-0.4045765509397182,-0.20673806925424834,-0.33237933645339296,-1.7400444823211076,-0.8111729269093514,-0.33237933645339296,-0.30029997472132375,2.6236473311475623
2018-08-09,0.06320829937863127,0.36289534045032545,0.5313195246654094,0.5523587617684756,-0.23745444945718783,-0.38105279201879994,-0.1542883075398355,-0.32704669692454175,-1.6844771025143157,-0.8018223989748063,-0.32704669692454175,-0.29312742001597375,2.696533938107161
2018-08-10,0.08380285475476694,0.33524811688283745,0.49029055695441537,0.5047945553422374,-0.3060689043276682,-0.3509748354175267,-0.1308649838740981,-0.3267873677148827,-1.6385162754523344,-0.7880342345445348,-0.3267873677148827,-0.2931292351397008,2.7470271202513716
2018-08-13,0.09223229327089029,0.29901648467370906,0.4394082213105244,0.4500559219434053,-0.38325805444562333,-0.34038922770171476,-0.1034728029931194,-0.32594932803513865,-1.527495541295701,-0.8009828368966835,-0.32594932803513865,-0.2943904579038273,2.8211746561084174
2018-08-14,0.107633555094016,0.26699281286540794,0.40337132445990626,0.4094562846395255,-0.45476879191189146,-0.3235407078758257,-0.08377409705174435,-0.32468687453232903,-1.4277179350496525,-0.8246726969520622,-0.32468687453232903,-0.29610819779971653,2.8725021986466954
2018-08-15,0.12110758782920504,0.24163045702217964,0.370433045670715,0.3683264125443155,-0.5182713034933913,-0.3044290585747237,-0.06600778665604018,-0.3227776803819646,-1.34029359466853,-0.8424782974486638,-0.3227776803819646,-0.2974376963753875,2.9129755949142497
2018-08-16,0.14852385897527576,0.22359530010197215,0.341147997222747,0.33413791663076947,-0.5786336363978282,-0.29055758748222554,-0.06635952191643975,-0.3102442071960891,-1.2702323764833414,-0.8724800397755745,-0.3102442071960891,-0.28588464848258005,2.937231151999403
2018-08-17,0.18120079655406524,0.20962955516939777,0.31150753640446327,0.3031521373373715,-0.6385046505394374,-0.2731566901899769,-0.0718644531798718,-0.2969818867955594,-1.1998544261989657,-0.9094007589990258,-0.2969818867955594,-0.27324933066190615,2.954504057895005
2018-08-20,0.21789507771657615,0.20423360795761275,0.29017500012597147,0.28563069041277184,-0.6911041757675314,-0.2722541102446413,-0.10207485498566438,-0.2818326505167323,-1.1383777302399671,-0.9350264247441674,-0.2818326505167323,-0.25962084960675236,2.9641890704092564
2018-08-21,0.24831116314458168,0.18815005285838404,0.27213705772371766,0.2669406354456607,-0.748091964383386,-0.2690544069286717,-0.11613328345615383,-0.2702314416324272,-1.0854653604778386,-0.940344566274419,-0.2702314416324272,-0.249428684823841,2.9734422404368206
2018-08-22,0.2675441802958976,0.15632341655382564,0.24061784755332524,0.24599119197761457,-0.8025478453000006,-0.26076919398541354,-0.11082075035923199,-0.2624722623561897,-1.0401991551597498,-0.9172058973417474,-0.2624722623561897,-0.24406882094135318,2.990079551419213
2018-08-23,0.2788576331212512,0.12968576309817903,0.19305745017476417,0.2214242360396069,-0.8562317178940434,-0.2397784540956931,-0.09887704442855015,-0.2568672653363007,-1.0003201642145303,-0.8817639965692735,-0.2568672653363007,-0.24074856358947594,3.0
2018-08-24,0.32186525507673636,0.12010637073766206,0.1723233805538912,0.2221825562744567,-0.9371081230297402,-0.21043843428724116,-0.0875435120931743,-0.2423845075254198,-1.0069899719271664,-0.8707957198194567,-0.2423845075254198,-0.22735921982459295,2.988526433389465
2018-08-27,0.34077535883478666,0.09601136254624307,0.12888757291286715,0.21333921714129497,-0.9232373412322317,-0.19475401000663747,-0.0885154893331465,-0.2426476124030117,-0.9994784383272577,-0.8594914398559307,-0.2426476124030117,-0.22930439981982126,3.0
2018-08-28,0.37325885257110075,0.0835957971763353,0.1016673094506757,0.20871772952758808,-0.9190164653400225,-0.1754046873297116,-0.08063016112585047,-0.24836320449369403,-1.002082897990356,-0.8557348953118917,-0.24836320449369403,-0.23789669574836592,3.0
2018-08-29,0.40834204730703483,0.08041531814743376,0.07797602296833311,0.21229847045504996,-0.9146758270350025,-0.14633546543654644,-0.07049969712316773,-0.25909316425949214,-1.0191743866847152,-0.8507673261763259,-0.25909316425949214,-0.25148235217241754,2.9920895242693084
2018-08-30,0.443799188244767,0.07725261312598262,0.06081894288163462,0.22476680684082082,-0.9086686204989962,-0.11463158779818187,-0.08101795294658616,-0.2700727173908419,-1.0246040771374976,-0.8566552501081616,-0.2700727173908419,-0.26391186719074716,2.9829972393686495
2018-08-31,0.46398308579720804,0.07720943082098669,0.04463515546236842,0.23648619297010506,-0.9011896187221512,-0.08292640731591709,-0.0933468912415044,-0.2820893302022674,-1.021858878315024,-0.8552831883149478,-0.2820893302022674,-0.28314166227417126,2.9796114415375827
2018-09-04,0.4851425454086696,0.08294676083641121,0.03091171626083416,0.2517779813522512,-0.8990600477054739,-0.04144183896630314,-0.1618634120288456,-0.285391037060856,-1.0047446230711876,-0.8543195315592667,-0.285391037060856,-0.2963348679624588,2.9777673915570815
2018-09-05,0.5218092470945898,0.09371333161127396,0.019591861872437236,0.2878055771703494,-0.9150132879235849,0.008374234642635021,-0.24096823788914443,-0.2865476338101854,-0.9973593691956393,-0.857311778195365,-0.2865476338101854,-0.3060489167059356,2.9585026051387544
2018-09-06,0.565027677783326,0.10273631224440254,0.010873419969135508,0.3196947872430015,-0.9566722828045569,0.057657614378492025,-0.3044680630849625,-0.28242966216867493,-0.9799324853708647,-0.8704923259714346,-0.28242966216867493,-0.30930765761751694,2.9297423275683276
2018-09-07,0.612516950233483,0.11603702652698761,-0.0010324453412314041,0.3489915407142951,-0.985304931452908,0.10499706664575627,-0.41402218630481064,-0.2647561214848656,-0.9542700299518176,-0.8967364312397019,-0.2647561214848656,-0.29859064831106796,2.896926331450746
2018-09-10,0.6551885718221527,0.12600319191345452,-0.01783176030049001,0.370198249041148,-1.0150368028804004,0.14916479453969164,-0.5306990393435287,-0.24617909656505862,-0.9039623216637979,-0.9193734835150151,-0.24617909656505862,-0.28780020362519854,2.8665069971421016
2018-09-11,0.6823257443561026,0.1297641612290595,-0.04454392952745461,0.37897426015021257,-1.0459358235611729,0.1927610992336717,-0.6040874290263899,-0.23568728091426122,-0.840948778242247,-0.9417525232562292,-0.23568728091426122,-0.27989585024629343,2.844713630719263
2018-09-12,0.7209558361207647,0.1412500155402608,-0.06431982641306355,0.39957769932264225,-1.070655397563815,0.23837514598563767,-0.6897691635556545,-0.22733834542322007,-0.7811286517538955,-0.9715883073662169,-0.22733834542322007,-0.2758588309541946,2.807838171483975
2018-09-13,0.7259281599182312,0.14748582206576566,-0.09284301239053248,0.40225528792694865,-1.0807352492600808,0.26366264216546803,-0.754065634667362,-0.21910786482939068,-0.7059729878117305,-0.9962787087161155,-0.21910786482939068,-0.2670111497117693,2.795790560139958
2018-09-14,0.7399059811236979,0.15051067152010195,-0.12322195654356748,0.4007151773611734,-1.1016272310342003,0.284892716808419,-0.8076128630941257,-0.21501805335498114,-0.6183569230496897,-1.0142105530999552,-0.21501805335498114,-0.26214081267673717,2.7811818993948463
2018-09-17,0.7351325128507671,0.15040190019194413,-0.15247988117874656,0.3946452964867873,-1.1220730316115304,0.30601731808155386,-0.8469761099009051,-0.21898203308469097,-0.5327739319363266,-1.0056601079291543,-0.21898203308469097,-0.2676835682111994,2.7794136693261926
2018-09-18,0.7194033478987597,0.15100075402223215,-0.17820144967376042,0.38179443887481535,-1.1338345142075696,0.33102712036553034,-0.8773161679502389,-0.22150456197753646,-0.45794930232416475,-0.9998089813916324,-0.22150456197753646,-0.2742259582728414,2.7811198366139434
2018-09-19,0.6796335894747366,0.1463086126302017,-0.20653287737172293,0.3670368376930865,-1.1472865569787418,0.3637927033423275,-0.8845603710215841,-0.2311485064117955,-0.38141701697454383,-0.9833971418116932,-0.2311485064117955,-0.28544836444257293,2.7941675982840968
2018-09-20,0.6475121026795184,0.14128074194311263,-0.23661069225584638,0.3528662576490488,-1.1538026208275864,0.39344998281215443,-0.8809283679443947,-0.24283784723199217,-0.2983948361285698,-0.9836869037190819,-0.24283784723199217,-0.29858029236725997,2.802570322622889
2018-09-21,0.6316816729992374,0.15397123117689734,-0.25703034880887277,0.3489631987018479,-1.1589383726928018,0.41322514871542154,-0.907622811047018,-0.24939470142521558,-0.21430010798433738,-0.9958557099765916,-0.24939470142521558,-0.3073061513676544,2.7920016531343026
2018-09-24,0.621459246668558,0.1711517510557687,-0.2784601875528779,0.34155047814532546,-1.1692431891963504,0.41599829927331783,-0.9363572961613739,-0.24918495111727684,-0.10909416157300696,-1.0236156674734553,-0.24918495111727684,-0.3088415559381679,2.7738221849868157
2018-09-25,0.620580013930932,0.1894171350557024,-0.3006493387298432,0.3390259629694925,-1.1817091152964814,0.4118890431752964,-0.9658821684978433,-0.24680926639198952,0.0041864383734477525,-1.059675354750875,-0.24680926639198952,-0.3085083739288404,2.7449442904829913
2018-09-26,0.6248522763845099,0.2072792321945932,-0.32473574945359945,0.3485368063108498,-1.1954003489005065,0.4046865465249684,-0.992131550644288,-0.24162211147353,0.11346557072822612,-1.1041372532898068,-0.24162211147353,-0.30488302029905806,2.7057117133911714
2018-09-27,0.6104520864185332,0.2120546107090043,-0.3538848209714954,0.34294401757177684,-1.1938773651223786,0.37614909655825823,-0.9827866091932596,-0.23135977587472034,0.20728465802965756,-1.153382818664661,-0.23135977587472034,-0.29307494355458397,2.6908416399685895
2018-09-28,0.6065186453731957,0.2187449000473205,-0.3778899418251153,0.35051878092593536,-1.198458410962516,0.35853078344251693,-0.9715309559376729,-0.22409408155272112,0.30087760387222895,-1.2126476264174082,-0.22409408155272112,-0.28490614305244005,2.6584305276393976
2018-10-01,0.5957497261436541,0.22053540647693165,-0.40162756922694104,0.3400723483692626,-1.1972173390776262,0.35031901860137377,-0.9895825140566633,-0.20894036221911655,0.39699290451487806,-1.252469354040075,-0.20894036221911655,-0.27111846384397814,2.626226560577417
2018-10-02,0.5821012153520793,0.22570056197519173,-0.42531617499251134,0.3268400749913882,-1.213221266335582,0.3559938475089654,-0.9620935730399558,-0.19925254863977857,0.4917892081114172,-1.308005657509399,-0.19925254863977857,-0.2631142664735064,2.58783112769147
2018-10-03,0.576251201591829,0.23727196670353395,-0.43773538139897933,0.31403794556775494,-1.2365872600637426,0.36016116948032906,-0.9560634871253411,-0.18159669594444428,0.592674651849834,-1.370693222813281,-0.18159669594444428,-0.24450010981209944,2.528375917909051
2018-10-04,0.5647327740662702,0.24536524093836135,-0.44141453886291304,0.28067758564308537,-1.2359595003569057,0.3536758295398128,-0.9386267641921118,-0.1701005948527832,0.6939470470138563,-1.4311379798644455,-0.1701005948527832,-0.2351408946241641,2.4840823904047205
2018-10-05,0.5532577372033495,0.2646928832474947,-0.4527484783746298,0.2519043061336251,-1.2340307779793562,0.35145583605249275,-0.9289079895961478,-0.16106034402134092,0.7956455023375619,-1.4823704966663944,-0.16106034402134092,-0.22818861853012987,2.431410784214816
2018-10-08,0.5488345683104343,0.28076447544919775,-0.4668564098885803,0.23039942125993512,-1.2338729389441019,0.3486375600930163,-0.953025795105823,-0.15736477362849735,0.913838772781503,-1.4959907594728237,-0.15736477362849735,-0.2289927474427405,2.3709934002169772
2018-10-09,0.5615087941922676,0.30654458465181084,-0.48300229579928944,0.21322332290023255,-1.246696186056337,0.355127326520355,-0.9624031680770119,-0.14937262939670398,1.0102861066526807,-1.5256294358405031,-0.14937262939670398,-0.22418219033144896,2.2939683999806517
2018-10-10,0.5868168076652991,0.333776256166643,-0.4937683265815955,0.2038095011806231,-1.2480769107160903,0.35009873510987466,-0.9914245617239033,-0.13528996254463427,1.0843215173590441,-1.5532727698809552,-0.13528996254463427,-0.22029454625235445,2.218594222762683
2018-10-11,0.5918218878286687,0.3445789711098254,-0.5174090551227485,0.166815486050622,-1.259055462433398,0.33243402091407737,-1.0096903599661198,-0.107607406261679,1.1419050651232934,-1.5569118396307353,-0.107607406261679,-0.19444636350393524,2.1751724621538084
2018-10-12,0.617995747548781,0.365622665616535,-0.5369955004067372,0.12488199734654912,-1.2655292080790406,0.31458942869954976,-1.0758531584369593,-0.07426635303971005,1.2238227225667502,-1.5471940880180197,-0.07426635303971005,-0.16840078333936553,2.095592882581377
2018-10-15,0.6424348877664635,0.3941283497088243,-0.5541343124890825,0.09579834511683247,-1.2654218693002257,0.3036886255178744,-1.1412512929601064,-0.03766743043101636,1.3017692518303257,-1.557083318137013,-0.03766743043101636,-0.13918698885998904,1.9945931826681287
2018-10-16,0.658846956799991,0.4091307450486198,-0.5684212286674286,0.06457289602596586,-1.2492871501655503,0.25290729213493096,-1.2031561420999877,0.0029871782945939036,1.3723111771646916,-1.5557475638354417,0.0029871782945939036,-0.10651742001851433,1.9193860810235361
2018-10-17,0.6872742692082112,0.42615294950358656,-0.5791381076508146,0.05200959636432211,-1.2260661599456928,0.2006812612621164,-1.2578999390720624,0.024025450020545305,1.4447002115046048,-1.5478739552829286,0.024025450020545305,-0.08907464608702231,1.8411836201545895
2018-10-18,0.7270874993687579,0.4424591320148957,-0.5935018308620338,0.03062404988013047,-1.1886210208996835,0.15630612265073038,-1.2933436795826643,0.05719745738270291,1.5080177594126027,-1.5817577507531682,0.05719745738270291,-0.061215827536612054,1.7395506315416391
2018-10-19,0.7651469363506735,0.4795265680577842,-0.6092013240871741,0.010342777381900306,-1.1480070282023407,0.10873652183964716,-1.3727472376229068,0.11056709248913162,1.547371448555029,-1.6040415062910618,0.11056709248913162,-0.012964615489137415,1.614703274529324
2018-10-22,0.8125517642994099,0.5148050399279136,-0.617575942863381,-0.016018017861548786,-1.101341889632651,0.05875707939687123,-1.4547149789815612,0.17817609832493322,1.5829530117880637,-1.641760534267494,0.17817609832493322,0.05950530584908488,1.4464869656954262
2018-10-23,0.8849773458499636,0.5519157736419502,-0.6000646034688959,-0.017711549882770603,-1.0302315163916445,0.016482262323474158,-1.5650025620783952,0.25009965324184863,1.6161307845724364,-1.6865914792270245,0.25009965324184863,0.12873455098075348,1.201161687196456
2018-10-24,0.944110350653538,0.5772538961811271,-0.5817351482069478,-0.039317845130572876,-0.961069893192262,-0.07180129490388287,-1.583409158713557,0.32014784370412885,1.640891502426337,-1.7540803770656905,0.32014784370412885,0.19539001242242696,0.9934722681212276
2018-10-25,1.0092835342168998,0.6034141797313606,-0.5547366101817969,-0.09236451668393905,-0.9504508954340699,-0.1910205154322786,-1.55671234509472,0.4404221700689101,1.6649444129797988,-1.7965275791351112,0.4404221700689101,0.30888516164657526,0.6744408332494619
2018-10-26,1.074484291398131,0.6512939231300501,-0.5143844423924574,-0.11105629031413067,-0.9380537576806781,-0.3030670725320383,-1.500240318522258,0.5490715848376543,1.6787270864593289,-1.8061198210219476,0.5490715848376543,0.41902228535562636,0.25125094644506624
2018-10-29,1.09876584513404,0.6831700238583664,-0.4772507727003745,-0.2003159160444025,-0.9362319632060987,-0.43792706893713906,-1.3474963251977345,0.6683851497650584,1.647156045719186,-1.8080580013966072,0.6683851497650584,0.537680344968759,-0.09626251172811189
2018-10-30,1.1026683226209877,0.6962857623143631,-0.46503907446054327,-0.32151236648812076,-0.9034227824843897,-0.6667948424828223,-0.9898586818267624,0.7886231519501264,1.5952475966465778,-1.8129835916020165,0.7886231519501264,0.6623196532970134,-0.4741562994345406
2018-10-31,1.0881001649050595,0.673828432653575,-0.4307452588898782,-0.4313277225833704,-0.8144378234396144,-0.8524782885947907,-0.8015012375228864,0.8798718312621284,1.505245085858737,-1.7439020405151529,0.8798718312621284,0.7658772719750888,-0.7184022463710227
2018-11-01,1.06387370768506,0.6500760460682401,-0.4100822260935232,-0.5228962300676637,-0.717859871880826,-1.03217851759927,-0.5569547675930276,0.9350487670693527,1.4086903400143311,-1.708772914731169,0.9350487670693527,0.8321576017105079,-0.8761507016513658
2018-11-02,1.0263748784812499,0.6103465158675054,-0.4097452162635837,-0.5863712454126332,-0.655206222792083,-1.1932673278235753,-0.2972181478992059,0.9748866098212681,1.3202601338360866,-1.635477421750178,0.9748866098212681,0.8822940511777106,-1.0117632170638282
2018-11-05,0.9560377683561914,0.5858399505672095,-0.40759597288816596,-0.6401410941871934,-0.5841698278185995,-1.3515865960335993,-0.022426632142406755,1.0047593377250252,1.2059126816779677,-1.5699389628576639,1.0047593377250252,0.9201771085549617,-1.101627098678752
2018-11-06,0.8603880941753355,0.5588127079792038,-0.4150773479043734,-0.7043746643830322,-0.5286914751725755,-1.4771496402146023,0.3255374904156547,1.0093997932875538,1.0916826667656048,-1.5011944904191428,1.0093997932875538,0.934984815351307,-1.1637177431684878
2018-11-07,0.7547921593646674,0.5306519259507955,-0.39407600830858164,-0.7252645938048757,-0.45717650145196037,-1.5421406179177526,0.6657273756244222,0.9838213399415721,0.9888424052424742,-1.3878700617952515,0.9838213399415721,0.9212061187262234,-1.322334881513305
2018-11-08,0.657493124346133,0.5097822489959497,-0.3523205694333249,-0.7142110224849765,-0.4019574562166507,-1.6048530606750884,0.9242449165173658,0.9522996539095705,0.8866081245343976,-1.2666361366243843,0.9522996539095705,0.8971215271266497,-1.4398710039052132
2018-11-09,0.5795997921167341,0.5092831693502213,-0.3010562172102812,-0.6630567598987928,-0.3514017601521306,-1.61324984365905,1.1497902978329217,0.8892581182498134,0.8216977593754957,-1.161213620422947,0.8892581182498134,0.8381342266009733,-1.5870432804327712
2018-11-12,0.5048853571841178,0.4936534262010235,-0.2626001864866828,-0.6094492357668508,-0.32567962360980024,-1.575043675538525,1.3541142859388737,0.8270700929235308,0.7646669219125348,-1.0852541575617125,0.8270700929235308,0.7868251446209698,-1.7002584427410097
2018-11-13,0.4135805337841353,0.47033056169347137,-0.23113442334655232,-0.5814679956792934,-0.285767340379585,-1.577397538343785,1.5012223704382586,0.798255353930111,0.6863586373398535,-1.0213314411110614,0.798255353930111,0.7660951883670082,-1.7369992606226707
2018-11-14,0.34010889885544926,0.4550182236102258,-0.19936175133171255,-0.5521052460509934,-0.25141120776810594,-1.5237612707649522,1.6239811169451908,0.7661363771739854,0.6145558297273083,-0.9719582598780666,0.7661363771739854,0.7399925740069548,-1.80733166169927
2018-11-15,0.267939844643212,0.4288529990203063,-0.16731523961296124,-0.532026643632848,-0.22265169839484614,-1.4782565860215684,1.7021826934310067,0.7505341079901745,0.5526266478507742,-0.9138976394756302,0.7505341079901745,0.7318304602588849,-1.8703530540466788
2018-11-16,0.21622636265184356,0.41100084680957144,-0.13349590713636852,-0.5141605309071366,-0.20430042501191922,-1.4252071452709014,1.7495331148976294,0.7289568490890764,0.515251534362728,-0.8280779973908743,0.7289568490890764,0.7155203257012981,-1.9602038768840215
2018-11-19,0.1773824773754119,0.399128423513452,-0.09714476862326578,-0.49234130013128946,-0.19268838490356294,-1.439451442855492,1.7989855568364648,0.6977435455107232,0.4955744275400583,-0.7452140939512409,0.6977435455107232,0.6904083314804413,-1.9901263173024226
2018-11-20,0.12859691600074927,0.38025162122927614,-0.07444952021414397,-0.47698546630490934,-0.18944811617018628,-1.4423278955146017,1.8559913177308578,0.6756051044211511,0.4729396539479934,-0.6660507866446245,0.6756051044211511,0.6656685126038977,-2.0053964455066113
2018-11-21,0.06833634636874689,0.3540967399376258,-0.0560382842319422,-0.4758472359699692,-0.18725552044434368,-1.448480185032577,1.9109067966271687,0.6613668684195472,0.45158441416975775,-0.5974321433584284,0.6613668684195472,0.6551008751069297,-1.9977055400120631
2018-11-23,0.009232977888009732,0.34808523063620195,-0.038089120121017526,-0.4728685477173188,-0.18265926083351675,-1.461322312196692,1.9228159993133616,0.6586003649003238,0.44022482108310096,-0.5313749122258518,0.6586003649003238,0.6531075859101882,-2.0043531915371133
2018-11-26,-0.05327981105721149,0.35456061457824645,-0.016250355981732703,-0.4659822310961742,-0.17652041457540588,-1.4557889860708177,1.929133954904368,0.643153651855468,0.4396270697069185,-0.45003243316598857,0.643153651855468,0.6439620501899749,-2.0357367611431116
2018-11-27,-0.11109408284711095,0.3538241345338739,0.0020723498362764203,-0.46760875472260316,-0.1661512150167777,-1.4484178770016052,1.9200617589411426,0.6365264658758362,0.44969655343316933,-0.37518065477667945,0.6365264658758362,0.6368177536718136,-2.067072897803171
2018-11-28,-0.17014150442003853,0.35518481812987823,0.01502204436053569,-0.4476850306682035,-0.1555759819165894,-1.4490563141566766,1.8902882951001905,0.6266244519123871,0.47403443913435894,-0.2977524115672092,0.6266244519123871,0.6394482806627559,-2.107015538483776
2018-11-29,-0.22379916076768283,0.37144495587399007,0.046553213560706456,-0.3975409603658867,-0.14887143593149962,-1.4412817074947708,1.8558673180428427,0.6067307424734578,0.4889978432134975,-0.21971379312706857,0.6067307424734578,0.6222001547483601,-2.1673179126994033
2018-11-30,-0.2722744151796544,0.3896468929905784,0.07711078719011458,-0.3379837405585858,-0.1419538812569434,-1.4592579423165892,1.819538243730028,0.5906215792966197,0.49028243889267936,-0.15309335879842154,0.5906215792966197,0.611000267716547,-2.204258451002992
2018-12-03,-0.32126442943143774,0.4032161793844739,0.09949520793238105,-0.28296584851971446,-0.1402323003310824,-1.4653378746501193,1.779151527801917,0.5801497251545596,0.4960154258950891,-0.09307718400144442,0.5801497251545596,0.6048532088895804,-2.240153363278762
2018-12-04,-0.3629524671852964,0.4247240745092221,0.1248918872232344,-0.22707378493661554,-0.13864248327255332,-1.470135478459786,1.730929418663622,0.5721123545509791,0.4976023543693393,-0.04892820446438145,0.5721123545509791,0.6009499535213723,-2.2755899790701166
2018-12-06,-0.37772347555236274,0.43646018237596274,0.14565695526556513,-0.18712875746907368,-0.135830632658343,-1.4805383788156712,1.6816918682457185,0.5700755433967041,0.5107016177233556,-0.032698782583626546,0.5700755433967041,0.6011704483641543,-2.301912131689087
2018-12-07,-0.38763304969269435,0.4418849397011277,0.17141252830703438,-0.13950297997806535,-0.13167923026197947,-1.4887399767860194,1.6418398266649685,0.5654830426057537,0.5126612805184813,-0.025757485965592544,0.5654830426057537,0.6009494483211554,-2.326401386039924
2018-12-10,-0.4204898097695691,0.443929584443421,0.18624091513661178,-0.11142447421843005,-0.13779067143317797,-1.5442320871551476,1.6257510199346146,0.5735386616289024,0.5226293863104289,-0.034570589880917005,0.5735386616289024,0.6094921564275172,-2.2866127530531575
2018-12-11,-0.46174732689812364,0.4407724839934017,0.1908435244816287,-0.10568901760871463,-0.13453822277889976,-1.590538442265497,1.6172143120620621,0.5838849659420702,0.5417171996946374,-0.0552329371966373,0.5838849659420702,0.6275960651348064,-2.2381675705028052
2018-12-12,-0.4994297372486083,0.4417074945567706,0.20353514570517198,-0.0963929851812491,-0.11934598763214674,-1.6257691637892522,1.5982177844949217,0.592055777079011,0.5523952780909456,-0.07272181239176265,0.592055777079011,0.6407367552839581,-2.20704432604677
2018-12-13,-0.531733657762866,0.4465469271945697,0.21842843800811157,-0.07716100872754994,-0.09855342242210656,-1.658809364964137,1.5743542587060442,0.592953871335574,0.5665160849291265,-0.08020149687144655,0.592953871335574,0.6415148422133503,-2.1868093429742443
2018-12-14,-0.5474147803096984,0.4486655756370047,0.23037585536128521,-0.05390091270519759,-0.08104399651816525,-1.6643947780263577,1.5638506085330524,0.5776497148398401,0.5989677846091265,-0.0843269206615784,0.5776497148398401,0.6242846477770331,-2.190362513376185
2018-12-17,-0.5630785823167338,0.44833810335317453,0.24241484953451703,-0.036453641273514845,-0.06095637661881415,-1.6860946524867686,1.5443389385938637,0.568886380822987,0.6310005142624047,-0.09068872761254185,0.568886380822987,0.6148220323161943,-2.181415219397754
2018-12-18,-0.5696910590915677,0.4508294295554656,0.2489839159512412,-0.02267721818467504,-0.050668641297633606,-1.7091711364392448,1.5140102887385483,0.5672552942423369,0.6652944019385435,-0.0984198413293966,0.5672552942423369,0.6106726412987963,-2.173673369624752
2018-12-19,-0.5839196830245353,0.453893193304002,0.25866269661626856,-0.004242977394137597,-0.031125043719841636,-1.7484410727831283,1.4767607923007182,0.5716830942800127,0.6899191625669144,-0.11677345702023678,0.5716830942800127,0.6131790755708859,-2.151278874976937
2018-12-20,-0.6113040805050636,0.45402039862196647,0.2708677125644024,0.011568090836230673,-0.015766089081065675,-1.7315306471966918,1.4435720963897918,0.5801387294571196,0.711312966417746,-0.149927226648367,0.5801387294571196,0.6198912712247124,-2.1629819515379
2018-12-21,-0.6459623627916105,0.4563594700703197,0.2876693552703039,0.030683185216908312,0.012613922145829294,-1.7089728253728116,1.3960407873811205,0.5811499296087012,0.7410124005850669,-0.16765298947638177,0.5811499296087012,0.6224525576304617,-2.186543359876608
2018-12-24,-0.6678603284635435,0.46337769081367164,0.2945827090387375,0.04087152620087423,0.02278358575659859,-1.694451475073913,1.3568297627889818,0.582677023270974,0.7790998078992704,-0.1861472836861937,0.582677023270974,0.6231025084137709,-2.1975425502302026
2018-12-26,-0.6908368579242566,0.46123773074694674,0.3017871875368731,0.047017728311668255,0.03196456076905817,-1.6726515983147017,1.3182419665227285,0.5910775459806615,0.8087007284272972,-0.2119314977260786,0.5910775459806615,0.6336219010662429,-2.2093069413771014
2018-12-27,-0.7040447102547761,0.45850946138889975,0.3156217796861571,0.0652103339696752,0.05315330603296569,-1.6542333706510366,1.3036959535001007,0.5819566669044474,0.8372731360625096,-0.2428318258505267,0.5819566669044474,0.6231172712191448,-2.2193846689120083
2018-12-28,-0.7211952736798575,0.45275171748761006,0.3299378254843918,0.06987363944262595,0.07159850555780069,-1.6565075831120013,1.2709053128038421,0.5828773131514637,0.8699102481352474,-0.2629659437256884,0.5828773131514637,0.6239946762642421,-2.2140577509611385
2018-12-31,-0.7337945883600347,0.44085021130182317,0.3448536166322288,0.08006845683209095,0.09315263385505586,-1.6520062491728082,1.2511153643216975,0.5818667771322465,0.9037455164892343,-0.28927899445695754,0.5818667771322465,0.6089730460049194,-2.2114125677117418
2019-01-02,-0.7437781509387624,0.42442484435462235,0.3529150599421023,0.07940973239465948,0.11209223737722132,-1.6337445133978015,1.2085601119458087,0.5890034282135539,0.9467664302656498,-0.3212110099456429,0.5890034282135539,0.6150702186445831,-2.218511817069548
2019-01-03,-0.7444368804891652,0.40785679360679383,0.359081106550124,0.08518333168389569,0.13121136891464033,-1.5871408248575267,1.167030889850212,0.5906316414321543,0.9813506988196798,-0.3346188443007982,0.5906316414321543,0.6112564405899784,-2.258037363232143
2019-01-04,-0.7556291709698523,0.3917961096853225,0.3652469114097066,0.09037764891416657,0.14709303548975375,-1.5601095367433964,1.115745783106311,0.6071022799385498,1.0000244465422572,-0.3552863865173624,0.6071022799385498,0.6229382418360472,-2.2764016426300544
2019-01-07,-0.7747974089038759,0.3815511767471144,0.38195821737506047,0.0831094734108073,0.1751968786222614,-1.5409882534376778,1.0661105052886741,0.6225319304426019,1.0137312690666118,-0.38573776802445653,0.6225319304426019,0.6359110840746741,-2.2811090351043966
2019-01-08,-0.802934855245004,0.36852883808915293,0.4014087159227543,0.09318560129792562,0.19390875884919506,-1.5115885448394553,1.014513118590394,0.6254806565788639,1.0422327185803828,-0.39276109746267357,0.6254806565788639,0.6377978532351085,-2.295252420175507
2019-01-09,-0.8193934398897841,0.35635860650460205,0.41889178701936486,0.10185142272634752,0.21902465466028193,-1.4890992796560036,0.94970193659148,0.6307204389535489,1.076788147285897,-0.4094036817102392,0.6307204389535489,0.6396193410064707,-2.305780372445515
2019-01-10,-0.8278871900648057,0.35334192213013427,0.4354866538887036,0.1169008397873257,0.24354868976933894,-1.4459783125213634,0.8765035885427168,0.6239838543471141,1.1080302967588846,-0.3957273936429505,0.6239838543471141,0.6337346479505056,-2.345921451292718
2019-01-11,-0.8230003804275303,0.34283336300199835,0.45104208056554806,0.13496466360238984,0.26014461894593804,-1.389438765162633,0.8054867348831737,0.6196573387540572,1.124272234238208,-0.36437195483040175,0.6196573387540572,0.6235313624290588,-2.4047786347538658
2019-01-14,-0.8337792381962427,0.3235804046025337,0.4596771599778297,0.14348381434789448,0.2743565309340276,-1.3432224804149884,0.7436352585941542,0.6255668327282846,1.1351847979519014,-0.34138473445418416,0.6255668327282846,0.6274490703366298,-2.4401142491361254
2019-01-15,-0.8457298872757737,0.3065337863167944,0.46704181025927544,0.1458693908831978,0.29422470225921205,-1.2955976620073641,0.6746172159071583,0.6397071437658923,1.1374820171240534,-0.33206750394945256,0.6397071437658923,0.6382638359888753,-2.4700519930377607
2019-01-16,-0.8660836287968535,0.29422188543503286,0.48340420706582443,0.15958940597633378,0.314306347670268,-1.254926395637226,0.5966387487459536,0.6491253748031448,1.1413754798498956,-0.3246184993457871,0.6491253748031448,0.6484687824442685,-2.490627083013999
2019-01-17,-0.8809528430812276,0.2883690493487197,0.5019119289194716,0.18612546399734928,0.3280151368030003,-1.2237214548237263,0.5272697051261679,0.6522917268721958,1.13967258791815,-0.3177795550781292,0.6522917268721958,0.6548000004363798,-2.508293473310547
2019-01-18,-0.913597755356231,0.2888603239884448,0.5277307528154409,0.22744664178666568,0.34859506285566894,-1.1961605499631762,0.4765232770622255,0.64295783975411,1.1408049411616754,-0.3209921905052426,0.64295783975411,0.6488389464092862,-2.5139651297629775
2019-01-22,-0.9556160327653597,0.29138582041344485,0.5519311751334203,0.26619573942300323,0.3657428578224814,-1.1691019572114296,0.39300526201288793,0.6367353211167862,1.1589679045079044,-0.31204001430690476,0.6367353211167862,0.6464471276585035,-2.5103885249215248
2019-01-23,-1.0001350439158256,0.2823722282521102,0.5650915144016826,0.3037398162696508,0.4104104196700362,-1.135834567357284,0.29922629940161266,0.6278477713519984,1.17902496753482,-0.28828979968878127,0.6278477713519984,0.6372185549484014,-2.5085199322204197
2019-01-24,-1.0462146481423957,0.2815907796675382,0.5842433173115513,0.3515548108720651,0.4424740029298698,-1.1107387854356048,0.2048081264380541,0.6133883753182,1.203743948934332,-0.2705860739222025,0.6133883753182,0.6267780795409507,-2.494430308830557
2019-01-25,-1.090595511179688,0.2826285728374181,0.6072488129767822,0.4258862085553183,0.5024684956576495,-1.04890673084849,0.08146395405367511,0.5796988342401637,1.2143801144661164,-0.22587337503233865,0.5796988342401637,0.5956310768793486,-2.5037292868461196
2019-01-28,-1.1253623735379892,0.2878336260522892,0.6212086525349381,0.5005380827095464,0.5591584826179804,-0.9900376449404343,-0.001853185819745182,0.51958037236328,1.238354784754433,-0.14988306688659783,0.51958037236328,0.5380317520430037,-2.5171498542539856
2019-01-29,-1.1468816264207153,0.2795532246963488,0.6186751469463215,0.5506841111020302,0.599120027113476,-0.9733997864562564,-0.10615058805115742,0.4981149240953039,1.2478358143275996,-0.07887254544747742,0.4981149240953039,0.5181511012336302,-2.5049447272344083
2019-01-30,-1.1538449199430352,0.26823807901723357,0.6138942460445079,0.6085508703793908,0.6331206481752379,-0.9456868474738968,-0.17737906930085365,0.4715202144867491,1.241264937328824,-0.02246069415702517,0.4715202144867491,0.4988679913359316,-2.5076056703798124
2019-01-31,-1.1290409847287959,0.2703308269388874,0.6147738460610206,0.6583985220299239,0.6805565142080029,-0.9164085667368825,-0.2634877611270268,0.43849303757766994,1.2156515772009095,0.04472567513587864,0.43849303757766994,0.4733661399123324,-2.52585186404959
2019-02-01,-1.1222168103573174,0.24622866965841747,0.618320798968705,0.6992335623542694,0.790776038693609,-0.891843553126448,-0.35829167272930307,0.4025037792553497,1.1844493128674827,0.10317299073398581,0.4025037792553497,0.4406902426076576,-2.515527138181758
2019-02-04,-1.1315804107626193,0.21378837925427974,0.6184857284667283,0.6999732015148821,0.8940405533695767,-0.8642567046174462,-0.4142015377981602,0.36414799003695486,1.170828242237178,0.17000702602685247,0.36414799003695486,0.4140471601874345,-2.499427617952616
2019-02-05,-1.083176107000608,0.18865975318855108,0.6211401604025326,0.6927731339093343,1.0110452709819815,-0.8020442536602925,-0.48489844478285493,0.28204003112482984,1.2019533467870134,0.2517408633456546,0.28204003112482984,0.3374714638763422,-2.498745249297314
2019-02-06,-1.0032929715361119,0.15002615147726325,0.5984817628003578,0.6764780899907203,1.1118976841221526,-0.7250152381925634,-0.5539104442633528,0.20992065012025862,1.2307306165916616,0.33495228829050455,0.20992065012025862,0.2695211266764139,-2.509710366197563
2019-02-07,-0.9011488862809344,0.11812663130785232,0.5640836785316973,0.6302453421416286,1.2064216989055798,-0.6425784776646337,-0.6446439709557744,0.14854978222930695,1.2406842530921083,0.43742483696992573,0.14854978222930695,0.2149363043089984,-2.520650974815062
2019-02-08,-0.8129424384877745,0.09516681946864596,0.5242285223652413,0.5690397440800891,1.2724685594815577,-0.5463199294918496,-0.7421398360579936,0.10175240176055268,1.2553768399388023,0.5279289017217716,0.10175240176055268,0.17500123987010974,-2.521313226409705
2019-02-11,-0.7036099620035248,0.07610903889476216,0.49439576419265296,0.5046596935338763,1.3271947427917157,-0.4371797972034803,-0.8238322413388783,0.06753524823032414,1.2487770884297633,0.5722431838218438,0.06753524823032414,0.14612833972219985,-2.539956347301579
2019-02-12,-0.5894401314190372,0.06863752363217533,0.4718121696985904,0.45810457421302403,1.3675777222370038,-0.3435650607103863,-0.8995443433433176,0.03133084020991471,1.2318960125805163,0.6080393469048049,0.03133084020991471,0.11629564590880423,-2.552475140122007
2019-02-13,-0.4681064165744766,0.06980291942117486,0.4613900074321922,0.4279564021784711,1.3841526392022154,-0.2697731721298697,-0.9765068163644658,-0.008912436631804297,1.2127340235957724,0.6540361875101811,-0.008912436631804297,0.07811387803575655,-2.555974779043343
2019-02-14,-0.36600142623299414,0.06046439069374627,0.4535892940397542,0.39970403485935807,1.3955659294191547,-0.21580722215763495,-1.0570069093718035,-0.06000466275828784,1.205694178482727,0.737166897990644,-0.06000466275828784,0.03251974379728726,-2.5258795860036636
2019-02-15,-0.27403606468872244,0.04141610920211732,0.43302352667718236,0.3444159332312765,1.4021269389866948,-0.16192963521825576,-1.167024471280583,-0.09221496211687398,1.1852071466081155,0.8505205839685833,-0.09221496211687398,0.004129445120584578,-2.473419588373245
2019-02-19,-0.19117661100514927,0.026541750035879025,0.3995175570252502,0.27498982337990063,1.3912465149232953,-0.07259434678861859,-1.248741898705378,-0.12196119608613212,1.1644941716592707,0.9578607281194662,-0.12196119608613212,-0.0244051777862971,-2.4338101186853556
2019-02-20,-0.11136735917000731,0.01138352468231728,0.36953661649557706,0.21040068387767588,1.372774601030502,0.002797490066826961,-1.3071168680108343,-0.14036970544050237,1.129793739544307,1.0527990938833172,-0.14036970544050237,-0.0445697087365332,-2.4056924027821434
2019-02-21,-0.03752324938675304,-0.01923544633946661,0.33643105678683966,0.1449441966799031,1.3682592317494178,0.057993341690464294,-1.2976029660351724,-0.16886722872452073,1.11086866745556,1.1380261262131177,-0.16886722872452073,-0.07422072385866173,-2.3902057775062064
2019-02-22,0.04136254321323777,-0.033664980266332446,0.3066060856506977,0.09440936307930907,1.3606202538455374,0.06865349509962937,-1.3178158588519076,-0.2107685022888764,1.0944408774006806,1.2489110410195803,-0.2107685022888764,-0.10889528019563786,-2.333090535417041
2019-02-25,0.11646900810889425,-0.05445782937059555,0.27338072452626133,0.033699522920901386,1.374463353367073,0.05723711828542539,-1.3131569794235072,-0.2518164189796876,1.0736429050189502,1.3601611915591996,-0.2518164189796876,-0.15099811655348216,-2.266808060479746
2019-02-26,0.1984680047453014,-0.06928547454921859,0.2505662686228828,-0.03082170663643023,1.4114939591356135,0.013820753820569628,-1.3194471837167394,-0.2889136070453236,1.0532984818324442,1.4403387679941217,-0.2889136070453236,-0.18585482179127172,-2.1847498353666257
2019-02-27,0.2719627512112814,-0.076008569018364,0.23147026186907205,-0.09279694599150333,1.461908286541227,-0.04911391038444559,-1.3542720047157284,-0.32179771175852595,1.0348447453379885,1.5029748316542324,-0.32179771175852595,-0.21324517015575264,-2.074128852830955
2019-02-28,0.33834241935224,-0.08327201808626844,0.21049739820734562,-0.1589098044494792,1.5048192803557106,-0.010478091754999608,-1.3912219489042075,-0.3740484854721633,0.9979565518898711,1.5582504445791738,-0.3740484854721633,-0.2587844939660313,-1.9591027662790297
2019-03-01,0.3962394119091687,-0.08842004978863192,0.1826059055825938,-0.21687728293210468,1.562027791656465,0.05924259488579401,-1.43947559432793,-0.45708023105919593,0.9602413343502859,1.6159313013568568,-0.45708023105919593,-0.3353079302039068,-1.7820470203702004
2019-03-04,0.42152253856565747,-0.10895224122730082,0.15232807659597614,-0.3041162095354966,1.6128718839447425,0.12295724994546801,-1.580234328560677,-0.5419117164007011,0.9175270177525798,1.7011854084977154,-0.5419117164007011,-0.4039406191994998,-1.4473253439777622
2019-03-05,0.4639755060089624,-0.09053173396945567,0.11633276198512121,-0.3861513228555736,1.5720763480910827,0.1755584825158208,-1.713282435682309,-0.6178939335024842,0.8808524904463663,1.7891075943255903,-0.6178939335024842,-0.46978185522820404,-1.1023679686324315
2019-03-06,0.4989060180227216,-0.058765280731993885,0.0939748438202834,-0.4115005015234566,1.5329462799833196,0.21676925696280447,-1.8725141453084475,-0.6896579518254071,0.8402457389570839,1.7913176685471768,-0.6896579518254071,-0.5356636050286367,-0.7164003700500392
2019-03-07,0.5184914602193684,-0.026875244621452472,0.0738654256283344,-0.42097672545234727,1.4862960354696486,0.24519149722342826,-1.9918474294340878,-0.7344529042361597,0.7789356733160585,1.7734962687078895,-0.7344529042361597,-0.5614570932334767,-0.406214059351044
2019-03-08,0.5251252909398653,-0.006412233605497764,0.04168553110294414,-0.43550148620931006,1.396827136145383,0.2762053744527473,-2.1007736782815547,-0.7639384172460277,0.7114802725168591,1.7541062723408394,-0.7639384172460277,-0.5823040954292139,-0.05256154948100526
2019-03-11,0.5345733900915051,0.030967821759747688,0.03453290090327445,-0.45190352042784526,1.3312570325275292,0.27713184120473333,-2.182459464570745,-0.7850103205017162,0.6192718048993232,1.6814745030824938,-0.7850103205017162,-0.6029072789923009,0.29808161052571763
2019-03-12,0.5352658670591315,0.05518995656470063,0.029027980099858887,-0.4493171753354368,1.2384484228129207,0.3273424617437735,-2.1973475097217285,-0.8258102462589048,0.5076383847873321,1.6061166242185658,-0.8258102462589048,-0.6473805935574861,0.6466360738461778
2019-03-13,0.5272388567264722,0.07000947683419909,0.03351379541151316,-0.4316408071435034,1.1235086152590223,0.3517007945743414,-2.1917730685123944,-0.847934144453426,0.3806740028224493,1.5177990156806027,-0.847934144453426,-0.6803383581920639,0.9951759654462141
2019-03-14,0.5049143195883663,0.0867629783345767,0.025855286081102654,-0.4112735052753905,1.0027049065181972,0.4018259120704428,-2.1537030019260865,-0.8637612831508469,0.2502616487540256,1.372736261265567,-0.8637612831508469,-0.704291537387952,1.3517292982788427
2019-03-15,0.5070286271073398,0.11354564422944324,0.016714930046925088,-0.40368576440571396,0.912456086911634,0.41949435630151105,-2.1051855568599525,-0.8627289286566537,0.14197363388908799,1.2184412144892536,-0.8627289286566537,-0.7146789082467461,1.6193535938505257
2019-03-18,0.525992561228703,0.15051293096664753,0.010985978271945826,-0.3830120279415659,0.8263836285121324,0.446927898510193,-2.0838915546023036,-0.8628349874994252,0.09833661016381398,1.0713386446446933,-0.8628349874994252,-0.7175860182695659,1.779681323514157
2019-03-19,0.5650358930438909,0.2043865889550133,0.010413307690145486,-0.3413253961045445,0.741846278360227,0.4713993615566251,-2.075401896892311,-0.8685647800999753,0.07618411404933585,0.9293239330750233,-0.8685647800999753,-0.7256170367931203,1.880884413259666
2019-03-20,0.5808566705260135,0.2316133260129111,0.01863654930978387,-0.29472212542072934,0.6622950289386973,0.4928623994867294,-2.0694213836078275,-0.8638608139021401,0.060414400364058846,0.7922182860314403,-0.8638608139021401,-0.7242495819220448,1.977218058085246
2019-03-21,0.6040277558574639,0.25451597463665976,0.031981323267456285,-0.25758358105706974,0.6028745229506759,0.5138918907362005,-2.0640917603848195,-0.8573352896651106,0.03871890915119695,0.6651858261675586,-0.8573352896651106,-0.7199866764869974,2.045136394491895
2019-03-22,0.6516030235019601,0.297946577025898,0.05570627010248285,-0.212441813578035,0.5562263639810727,0.5684790111225771,-2.0893651634672623,-0.8659790699265371,0.01845193824571089,0.6016308360122783,-0.8659790699265371,-0.7282296165802453,2.0119507134866366
2019-03-25,0.7163365741319968,0.3320328674677772,0.09831138666162074,-0.1799583068470736,0.5299311021999952,0.6307409928927724,-2.1298374972635368,-0.8725181200485793,0.012399078764819601,0.5292237910401674,-0.8725181200485793,-0.7368190673645986,1.9426753184132184
2019-03-26,0.7904604523915453,0.3787496742826915,0.14759064606274794,-0.13620615964766392,0.5307727303675649,0.684440424330734,-2.2192580187392688,-0.8699841200496168,0.041523915918082605,0.44114269527849015,-0.8699841200496168,-0.7288783956640303,1.8096302755183387
2019-03-27,0.8482610526204849,0.4203803059081366,0.19174097322581404,-0.09740429651845382,0.5083795146116058,0.7512751622727013,-2.299991848764521,-0.8604560480293143,0.0870378778599807,0.33803369031463926,-0.8604560480293143,-0.7109986813957351,1.6841983459239764
2019-03-28,0.9220765508475287,0.45087158393158594,0.2387193070269165,-0.06009360323634815,0.49258947778461254,0.8400117198954383,-2.38525123520357,-0.8397627211524157,0.14471440260253324,0.20626688084175607,-0.8397627211524157,-0.6875005425047436,1.5171209003191233
2019-03-29,0.967079646979839,0.4681807297855899,0.27093805182167524,-0.018052015515714635,0.46720264291591534,0.911262470499216,-2.448230710027706,-0.8201230290396173,0.2145791963427835,0.10167900133014562,-0.8201230290396173,-0.6667042469235694,1.3723112908710595
2019-04-01,1.008722560363932,0.4846155133973786,0.29607770723420646,0.020949188198956106,0.4459307535789974,0.9783560767572389,-2.5128338582916396,-0.7958895908899575,0.26996567473376554,0.047095848381563006,-0.7958895908899575,-0.6439652266916901,1.1968649441172081
2019-04-02,1.0835718457222014,0.5204239226153999,0.32580515426855894,0.061364546545800466,0.44276713421773517,1.086827030789222,-2.5378984584920428,-0.7967038654589998,0.36515446710695765,-0.010084457249470807,-0.7967038654589998,-0.6440791804516972,0.899555725845334
2019-04-03,1.152279566224255,0.5525795450160196,0.34455552086585106,0.0846664912982321,0.4120572691911761,1.1819360413826014,-2.5227659443571153,-0.7977209840384062,0.4386860400831972,-0.058272475153751516,-0.7977209840384062,-0.6437164915947758,0.6534364051211227
2019-04-04,1.2132389370942813,0.5812440837030859,0.3434044686749166,0.11209138174251301,0.34985978589248024,1.295114827418891,-2.4772962060806742,-0.8027774175209497,0.49532798891701746,-0.050774957775752035,-0.8027774175209497,-0.6542686168649524,0.3976131423200921
2019-04-05,1.2250377656822122,0.5838789614873443,0.33759774264700493,0.14547832434604893,0.276420503745581,1.3937567109269082,-2.449477299479455,-0.7897193653878771,0.530235686465021,-0.017978601979678748,-0.7897193653878771,-0.6565181557614647,0.21100709269623197
2019-04-08,1.2266827212187903,0.5845440756998056,0.32648201871590293,0.200298811384028,0.21016167325758375,1.4963783064707545,-2.3865771358711494,-0.7951303982369855,0.5622985534833325,0.013104377491452969,-0.7951303982369855,-0.6680878396644924,0.024975234287964134
2019-04-09,1.2191546381565492,0.5730343346038692,0.30481863214187616,0.2641275530411495,0.13271852566325415,1.5852347331722827,-2.322695536010557,-0.7994529368746925,0.5929201117911932,0.01923117217100697,-0.7994529368746925,-0.6770282269372596,-0.09261006404397992
2019-04-10,1.2180863804667639,0.5704317084764997,0.28629224502325096,0.3235700226630721,0.0906725815354799,1.6255971717891042,-2.283772915626632,-0.786061663756912,0.6305722343955676,0.01878824959794253,-0.786061663756912,-0.6681949322300971,-0.23991941857712826
2019-04-11,1.2117126427143883,0.5659886463449878,0.24804042935244,0.37939266510913255,0.04954750059234452,1.6711379937842528,-2.2202322400626255,-0.7812696398551894,0.6828023476554602,0.028959084562864317,-0.7812696398551894,-0.6638308899488113,-0.39097890039405514
2019-04-12,1.1983031301196574,0.5543313993546941,0.2117249697514863,0.42315230195523307,0.0009150666108516934,1.6842905989011938,-2.1882549670420532,-0.7758976003706649,0.7382466267770141,0.056573677165509,-0.7758976003706649,-0.6631131432278444,-0.4643744596244127
2019-04-15,1.1573609971145538,0.531591885257183,0.17424049789620832,0.4534865942211808,-0.0319685724678403,1.703078432137147,-2.1641696576230167,-0.7788660758866064,0.8088188743881304,0.07986612882806295,-0.7788660758866064,-0.6679412660067433,-0.48663176197165414
2019-04-16,1.1361618357086296,0.5207920387090075,0.15627833622027573,0.4878772815445642,-0.0185908641662773,1.7244683187166314,-2.129344425373413,-0.7793353903163324,0.8297816913453415,0.07772541577333972,-0.7793353903163324,-0.667040502288064,-0.5594383455573716
2019-04-17,1.1071145082633795,0.49485219162804933,0.14249003066871072,0.5157377703505919,0.020476419340210442,1.7643145757013359,-2.0739267763445732,-0.79740306615117,0.8446420819338877,0.07195094747941871,-0.79740306615117,-0.6832131497657224,-0.6096324669529467
2019-04-18,1.1158394706645478,0.4817178941302811,0.1261577318259092,0.5426575549178645,0.053845152655037004,1.7747519949321984,-2.025466599732345,-0.8190383751122623,0.8488516420464254,0.05353457084614292,-0.8190383751122623,-0.7036987985328433,-0.6301138635286935
2019-04-22,1.1157685929394616,0.47888357846785246,0.09052184728457185,0.5474029242268904,0.06282449434008011,1.790224641883899,-1.9841915205394087,-0.8396029778033733,0.8705418569120742,0.04653426679720116,-0.8396029778033733,-0.7210146283664399,-0.618290098339434
2019-04-23,1.0986179778389331,0.4782006121523133,0.07533594408146926,0.5692026652726191,0.10517877500849308,1.7841332893771482,-1.9961469311234799,-0.8387629898080833,0.8891989276483496,-0.022981982401490977,-0.8387629898080833,-0.7166709793252665,-0.58654231891292
2019-04-24,1.0814158490948045,0.4862547271782988,0.06404145339670082,0.6007548032534523,0.1409091256824655,1.7784157097770534,-1.9879221465649695,-0.8564524439729126,0.8957184068457352,-0.0820384996716425,-0.8564524439729126,-0.7295588788255917,-0.5350856622204794
2019-04-25,1.0689847474559149,0.48419280995066194,0.05473294370789992,0.613801293938891,0.14915387687482995,1.7868204531675753,-1.9814076159813323,-0.8717667733111413,0.8923113725354724,-0.10797357297596677,-0.8717667733111413,-0.7382586513861816,-0.4788241106654844
2019-04-26,1.0532076718795305,0.5030787088264176,0.060431675304647256,0.6233248419780469,0.19871363676608478,1.7671205453093715,-2.0025330211587367,-0.8746247359189562,0.8692981845855451,-0.10617709359050918,-0.8746247359189562,-0.7417283951822536,-0.47548728288023306
2019-04-29,1.0238763116647664,0.533086497712478,0.08537437238580152,0.6583018426072008,0.2542715390810648,1.7035281703412413,-2.0581926340897208,-0.8715669152146864,0.8435078628332005,-0.06759110213659067,-0.8715669152146864,-0.7359186222352715,-0.49711040773479653
2019-04-30,1.0040139780577817,0.5613796303186299,0.12304984998196251,0.6851200550464308,0.3255867534899898,1.6084140137985212,-2.126445979645792,-0.8726779716503598,0.8225486209963888,-0.03733489591067247,-0.8726779716503598,-0.734983219534345,-0.48599286329817615
2019-05-01,0.9827189996469282,0.6003194126473651,0.11937809943035575,0.7155573260004787,0.3983301665501364,1.515463463366736,-2.1847394227683647,-0.8526908904734316,0.8297344886901684,-0.042680119437771294,-0.8526908904734316,-0.714166975109453,-0.5145336580697168
2019-05-02,1.0058387636246617,0.622500169535989,0.09272648068931633,0.7336222657459953,0.46909639541480713,1.4103071161610554,-2.254900158164133,-0.823152506197266,0.8222079337473728,-0.06263719558282103,-0.823152506197266,-0.6807973330345193,-0.5116594257431928
2019-05-03,1.0132945750336615,0.6283132404044565,0.06472101194076164,0.7589848174137654,0.5382650215752623,1.3318747311911527,-2.298848244479646,-0.7982690964815706,0.8162312061017459,-0.07764814183534778,-0.7982690964815706,-0.654706098814505,-0.523943925568166
2019-05-06,1.0251922516893162,0.6376794917179396,0.04038550542384814,0.7850058256258247,0.6193125517530369,1.22729592049049,-2.347730622962984,-0.7814743611851723,0.8057735178618649,-0.10789519420441747,-0.7814743611851723,-0.6351984792379528,-0.48687204578662313
2019-05-07,1.0411655504601387,0.6587370928936052,0.00821594039359592,0.8131013324511176,0.688539767281615,1.1333265620337192,-2.3583826841943787,-0.7878714240730721,0.8044241392966135,-0.1457387789679553,-0.7878714240730721,-0.6353086258053879,-0.4323374476965375
2019-05-08,1.052602823017485,0.6822014233034378,-0.004800450823548178,0.8419345771811005,0.766458732836202,1.0125891799825404,-2.384969391520278,-0.7747185491114088,0.7992512381426535,-0.20880139651186458,-0.7747185491114088,-0.6197994534722182,-0.38723018391269237
2019-05-09,1.0498924132436522,0.7052616867075231,-0.024578546875233802,0.8616921398965132,0.8516794709454685,0.8967490736783955,-2.4078732647009407,-0.7555295105077766,0.795201112547779,-0.24786113099370236,-0.7555295105077766,-0.595981528920824,-0.3731224045130781
2019-05-10,1.0389719624313172,0.7352858413030267,-0.04344855787625712,0.8808287610425757,0.9127809130644087,0.7701097865283311,-2.443208684282863,-0.7324201924958592,0.7902628014188375,-0.28115706139717567,-0.7324201924958592,-0.5685368534654016,-0.3270485237750785
2019-05-13,1.0164431168608212,0.7740861902050633,-0.058887491378389174,0.8889713207844553,0.979294055393281,0.6254695294311178,-2.4855636971190758,-0.6978628059578126,0.7820552774783375,-0.33028789491366384,-0.6978628059578126,-0.5287371318167131,-0.26711766300960765
2019-05-14,0.9897650077375395,0.8178724475648369,-0.07330789618700709,0.9036126287519122,1.0491707674271344,0.4633617677327763,-2.519772758150563,-0.644087454005946,0.7728962844880622,-0.38974397561220814,-0.644087454005946,-0.46907121750927433,-0.25660814823131883
2019-05-15,0.9644958017072716,0.8586174563915006,-0.11113957265306056,0.9243893581340914,1.0933489418630638,0.3200100348741688,-2.548207667374827,-0.5997127609781587,0.7483101938742711,-0.41857509637013524,-0.5997127609781587,-0.4169337134945615,-0.2148902149954645
2019-05-16,0.9236511166015704,0.8903361773686214,-0.13754365341708139,0.9376438356339617,1.1345242593690783,0.18546767354198848,-2.57454933023787,-0.5640780834047222,0.7153179355259435,-0.4441928430083441,-0.5640780834047222,-0.3828174624819153,-0.11968154208650747
2019-05-17,0.8778251160525266,0.9399464254085275,-0.1471441949696014,0.9471138638869762,1.1768915797088761,0.042825762046235456,-2.5951015040644174,-0.5087067493826248,0.6575374344565907,-0.492335281838237,-0.5087067493826248,-0.3317597001337364,-0.05838600178849016
2019-05-20,0.8225235637056124,0.9942470721356165,-0.15272758510369974,0.9528351977117954,1.2229438567454642,-0.0775615570510001,-2.609396982515738,-0.4279998416952287,0.594308845173968,-0.548198340408935,-0.4279998416952287,-0.2558648127835821,-0.08710957421904521
2019-05-21,0.7544691658605515,1.0300113678747704,-0.15556831064137636,0.9695306011878041,1.266966608823899,-0.19323734270112042,-2.6193813197583418,-0.332328660999229,0.5101286784645459,-0.6162456704742523,-0.332328660999229,-0.16666854194239558,-0.11534791469562738
2019-05-22,0.695260791417103,1.0600656661313899,-0.17537587067286536,0.9654708051643066,1.2973006010870434,-0.3113625813901053,-2.6179952970840685,-0.25124637853225235,0.44396550990159145,-0.6758459121556126,-0.25124637853225235,-0.08771726408769279,-0.09127369124658453
2019-05-23,0.614555157635304,1.0887954150839372,-0.1962356781965333,0.9453334486184026,1.3099127326543623,-0.43687136874277027,-2.6259924847638993,-0.15599116731644955,0.370869492934784,-0.7169725460427675,-0.15599116731644955,0.0016600239960447066,-0.043071858543964746
2019-05-24,0.5357667933555267,1.1207121214363094,-0.20751481104176742,0.9291481912936175,1.3210676273932065,-0.5705661996522418,-2.6063972953060097,-0.06317853101737834,0.28295346140896244,-0.7692497616406679,-0.06317853101737834,0.08145981290900554,0.008977121878815499
2019-05-28,0.47562119062101715,1.1325735381113686,-0.2302441082054548,0.9272376790264178,1.2932898560424357,-0.6914791905342832,-2.5851629496488884,0.025870245617659864,0.202615659275613,-0.8181692029479521,0.025870245617659864,0.1622260598707642,0.07975097715364213
2019-05-29,0.4149163322599694,1.139633346250414,-0.267545827241838,0.9028129846616452,1.2872486457816912,-0.7814205679860187,-2.5461582605022257,0.10647473407962905,0.11478177151311317,-0.8792811672622414,0.10647473407962905,0.23318555033750732,0.16887772402872536
2019-05-30,0.36591391276211394,1.1532325418978784,-0.314278773490599,0.8934507909693287,1.265269180647867,-0.8748110659000979,-2.4885005755663143,0.20116209926696277,0.030596626530499722,-0.9299456491878094,0.20116209926696277,0.3199757276878517,0.176773085115356
2019-05-31,0.3323406900002858,1.156317787216185,-0.2830827060102029,0.882700727762929,1.2440058204035342,-0.9849720293583052,-2.4196082365318947,0.28884348114982006,-0.06623240091648992,-0.9847282887945208,0.28884348114982006,0.3976781441888121,0.1478935297400274
2019-06-03,0.24834505625767786,1.171127074363979,-0.22503374271076243,0.8731991341060409,1.206655607950766,-1.0854508202244377,-2.346498803172,0.3796425323435562,-0.16796447702711576,-1.0270749530073202,0.3796425323435562,0.47832477021715214,0.11508608855890891
2019-06-04,0.1814792049941033,1.1742880127202857,-0.18078340734867418,0.8472136163966254,1.1334854412849142,-1.1702853519760865,-2.2890337628282222,0.47459546828148624,-0.23262936524459016,-1.055182409948931,0.47459546828148624,0.5654353706805084,0.07682171470709576
2019-06-05,0.12914068709205626,1.174372883033435,-0.14184923710363656,0.8063845349351878,1.070029113909633,-1.2123744510070709,-2.242481471543354,0.56614642498165,-0.26185094958148614,-1.075121359501784,0.56614642498165,0.65106417382526,-0.029606774021540376
2019-06-06,0.09674640133423516,1.1801215721244747,-0.11854984475465022,0.7631303218782218,1.0110403397013958,-1.246239585879235,-2.1852776667611633,0.6429227275714736,-0.28549821604217585,-1.097419653313185,0.6429227275714736,0.7226505905410865,-0.12654971397195144
2019-06-07,0.07824575011697772,1.2024533840061329,-0.10833899925437407,0.7233686065512456,0.961423774691589,-1.2720181287584094,-2.1227021455813717,0.7024797655553727,-0.30856841553274944,-1.1078773224523146,0.7024797655553727,0.7767527235752094,-0.22769875847268195
2019-06-10,0.06251041680297802,1.2263206964067208,-0.09669362504018278,0.6880930790467692,0.918041463005563,-1.3052394000554761,-2.0653942702629244,0.745707825035324,-0.329538272364848,-1.1076430337559078,0.745707825035324,0.8137022297576257,-0.29557493361096665
2019-06-11,0.055764190549096655,1.2527682343171482,-0.08781175024650893,0.6752347894707964,0.8795376937403283,-1.3217977063226445,-2.0081740737133753,0.7765563795436331,-0.3559712513624679,-1.1069038752878062,0.7765563795436331,0.8422512799731589,-0.3780102902049913
2019-06-12,0.06362668629816703,1.2660595422442484,-0.08251765545584576,0.6647837068555797,0.8502165101597534,-1.333192343478007,-1.9555561531782124,0.8031659054967001,-0.382094531942638,-1.1101057980090616,0.8031659054967001,0.864361524642278,-0.4519132991296615
2019-06-13,0.09920879802364152,1.2875622902279018,-0.07564740604286609,0.6671180844780287,0.8288317307229842,-1.3251809103446095,-1.9006624323309955,0.8131912318680861,-0.40404903800675934,-1.1322707207499967,0.8131912318680861,0.8729123074529722,-0.5442051671664728
2019-06-14,0.1294304478027647,1.3012760906687606,-0.051407363424544994,0.667228650258757,0.8144981752207482,-1.3177235101722817,-1.835613760602523,0.8236046359509289,-0.43888826731400365,-1.1605638017711162,0.8236046359509289,0.8794848366494671,-0.6349307692178844
2019-06-17,0.15540190720787886,1.3142437890433405,-0.05379294452094905,0.6647490324847959,0.7890791405107538,-1.300272738928292,-1.7767850243436534,0.8405109977590264,-0.4833133389411727,-1.184280567213902,0.8405109977590264,0.8924838547251417,-0.6985351055419917
2019-06-18,0.18240938205624033,1.3183539357429546,-0.07105473530586105,0.653843321211369,0.7741865995094507,-1.30686967338356,-1.7158379934257262,0.8565372135525372,-0.519197501981274,-1.2092514597511113,0.8565372135525372,0.9054348555929304,-0.7250911573704881
2019-06-19,0.20045419855549707,1.3375710374734788,-0.09960141920406931,0.6519420044156264,0.7552685658760369,-1.3184532934136766,-1.6658120085141555,0.8632104748618109,-0.5489172950996535,-1.2333134707711844,0.8632104748618109,0.9097943966128827,-0.7153536656544035
2019-06-20,0.22887809836414139,1.3646544356213404,-0.1252656442291879,0.6499463317264552,0.7390823076072736,-1.3348244292822757,-1.6134809313563794,0.8604146945049848,-0.5593886632721508,-1.260683063756982,0.8604146945049848,0.9059680670800652,-0.7157158975122695
2019-06-21,0.2584936832513674,1.3957277740047025,-0.15005004114822157,0.6534682788500056,0.7188055189634452,-1.343437587262232,-1.5643903117751443,0.8557968023502596,-0.5656800808894382,-1.2766540390282068,0.8557968023502596,0.8992939719873838,-0.737170771654181
2019-06-24,0.2990228770275621,1.4205437405707089,-0.17733596369547835,0.648591386406428,0.7002650454595684,-1.359139097822598,-1.478583892702573,0.853892788293981,-0.5647889595446813,-1.3053482806593777,0.853892788293981,0.899939165403247,-0.7909515970307683
2019-06-25,0.3388395050291483,1.4486166002741567,-0.21672289745472217,0.653243988748128,0.6965409794217736,-1.3646698449794947,-1.4088231963981057,0.839664630312175,-0.5397053620730566,-1.3345168864661459,0.839664630312175,0.8891763912122727,-0.8413085379383043
2019-06-26,0.3747071795883364,1.4695887221679023,-0.2708888964066691,0.6499808691522717,0.6873105190640806,-1.368252145057652,-1.3290415006327136,0.8310228606503799,-0.5057444489346858,-1.3878291649269512,0.8310228606503799,0.8836978246277554,-0.8655746799424342
2019-06-27,0.42675211477106534,1.5055842650943627,-0.3536613222910709,0.6426547362681899,0.6542767758473391,-1.3687410272326035,-1.2629579408810752,0.823934859217271,-0.4757908707113824,-1.3917035633635926,0.823934859217271,0.8809365094404958,-0.9052193953762688
2019-06-28,0.4799226373072802,1.5499962441047186,-0.44310866460499804,0.6387828757807433,0.626708561635249,-1.3476126428792377,-1.1911362064881923,0.8085773374882699,-0.43934484740761764,-1.3985741166884822,0.8085773374882699,0.8685470530914796,-0.9613355688274812
2019-07-01,0.5255509018093838,1.6012055693996334,-0.554453233937277,0.6300100879048369,0.6026746182431261,-1.3319984094084665,-1.120170991626331,0.7896397116846191,-0.4142538208865054,-1.4057146391567727,0.7896397116846191,0.8556364672820432,-0.9677659729929106
2019-07-02,0.5863994850746681,1.6732475428167712,-0.6852551772174463,0.6366690442825396,0.5867271268020405,-1.3151269697707313,-1.0350957898469066,0.7442141476188266,-0.36138939516486984,-1.3955971584237776,0.7442141476188266,0.8144324306066695,-0.9934394343966106
2019-07-03,0.646108624479983,1.7510796379775153,-0.7712220542657715,0.6686373727696132,0.6414334119534102,-1.3055985470445248,-0.9257871427207622,0.6579882316333386,-0.3416710371941233,-1.3987410616292433,0.6579882316333386,0.7325103646952924,-1.0127260322880665
2019-07-05,0.6984159070811882,1.8138752365108357,-0.8406031158381683,0.6984730265403869,0.7039265615673087,-1.303665981094616,-0.7908040791600581,0.5744650871845929,-0.3717272828829619,-1.4009885321128828,0.5744650871845929,0.6536147110330783,-1.0094466260132966
2019-07-08,0.7461841017954138,1.8643936835768407,-0.8940899338294315,0.735491837139346,0.7799952131876432,-1.2999294179796188,-0.7000898784994044,0.4873724262195825,-0.4113363637521748,-1.3764887201306022,0.4873724262195825,0.5689756705593437,-0.9878510445065201
2019-07-09,0.7732832896216263,1.9109070433824547,-0.9673093908652466,0.7842645670449006,0.870716817717822,-1.3185300113005425,-0.6411661454629765,0.39605153923073816,-0.5049430322125319,-1.3134458682620165,0.39605153923073816,0.4866452450340442,-0.8725255931590108
2019-07-10,0.7939862557434234,1.931982699642842,-1.0613132925046613,0.8365253366084409,0.9641503821074003,-1.33881548538486,-0.5531343574901642,0.30317802273623323,-0.6091627349201774,-1.226766854102153,0.30317802273623323,0.40425817664257235,-0.7480661718151292
2019-07-11,0.8073983482084771,1.9346954589324872,-1.1513388722570106,0.859752320585976,1.0860519996026297,-1.349973796235616,-0.44966547656650413,0.20246780962949287,-0.7467463177799636,-1.10926352244758,0.20246780962949287,0.31818065812509605,-0.6040264194269765
2019-07-12,0.7994281286725029,1.951601725913092,-1.2362813474950065,0.8790880120210103,1.1871462952447351,-1.318648152733961,-0.3458134392009146,0.09111278111228237,-0.9019401178518879,-0.9328494611845806,0.09111278111228237,0.2202272896214248,-0.48418449523097973
2019-07-15,0.7619075846858051,1.9474858937246706,-1.3679659381688718,0.8767010967341924,1.3209403161244837,-1.257412608918493,-0.1806688248369168,-0.0776275503079094,-1.050240661821692,-0.6343314968904142,-0.0776275503079094,0.06526749380618674,-0.32642775382313277
2019-07-16,0.731116550251922,1.894481152490389,-1.4593393664187917,0.859470989019584,1.4265388914560904,-1.1582359080270177,0.04423566275763787,-0.24497380781449063,-1.1447784960899487,-0.28274499695962446,-0.24497380781449063,-0.08681507335847392,-0.3339817894927861
2019-07-17,0.7025796385773911,1.8003137716451112,-1.5357378979864307,0.8263327152405398,1.4892948216930868,-1.0157940349079704,0.27276331096895123,-0.4295210990091611,-1.147965224077755,0.094325961802264,-0.4295210990091611,-0.25274114889913096,-0.37432971603773474
2019-07-18,0.6618299988749993,1.6740790393641842,-1.589493907419448,0.7742213883434989,1.4457806902614323,-0.7839019171313787,0.48185314023649933,-0.5997016317728382,-1.097972589817357,0.5706137480717138,-0.5997016317728382,-0.41142917269920565,-0.5261771545392631
2019-07-19,0.6005920153686419,1.4696315656976475,-1.5643020555512093,0.6877517967347995,1.3655568131793892,-0.58952081516049,0.6929999315142865,-0.7208772163796188,-1.033575417423335,1.0137364053385245,-0.7208772163796188,-0.5288202751996997,-0.6722955317393204
2019-07-22,0.5086764148324718,1.219736315248264,-1.4832386989385358,0.5617357461999625,1.2260135591958152,-0.39659767670591484,0.8863698584812745,-0.798236787172865,-0.9210746728598562,1.4457363842360609,-0.798236787172865,-0.6104001482823179,-0.8404835070614948
2019-07-23,0.41856618825874886,0.9461831554044494,-1.3503791133257605,0.43678700752945904,1.0628401639732274,-0.19615441221241736,1.0228813969634407,-0.8338313331558533,-0.777686602994405,1.7922973125761241,-0.8338313331558533,-0.6580319977054919,-1.0296404321556674
2019-07-24,0.3408391143509696,0.698445322513876,-1.233672176247306,0.32895547453843954,0.8808175291451431,0.016662536247005835,1.101920040891197,-0.8647591945053826,-0.6291011531826494,2.039856561682978,-0.8647591945053826,-0.7131611476562392,-1.1020437132726473
2019-07-25,0.26680240841042213,0.4823436173371371,-1.126071996839468,0.2262710325651237,0.7113160438183156,0.19351804146544993,1.1372435422008749,-0.8812779698713004,-0.5251456421949533,2.2294193147676236,-0.8812779698713004,-0.7425160287261762,-1.0906243930617494
2019-07-26,0.21991710854792665,0.36857138846128734,-0.9960488977008021,0.1605914273711338,0.6130795666935791,0.3077672224535921,1.0247111460234493,-0.8871391543820734,-0.4372632816513351,2.386370849133247,-0.8871391543820734,-0.76004027801011,-1.113377942557821
2019-07-29,0.18081236050680238,0.30997311993857796,-0.8054531981022863,0.11486111475687398,0.5708124780234802,0.35670461278542237,0.9599929422953857,-0.9033872977857351,-0.3812654118816168,2.4604186033934656,-0.9033872977857351,-0.7770347352756749,-1.1830472908689584
2019-07-30,0.16166410737269435,0.26107365199525784,-0.6273876389869062,0.06042767090687028,0.5225661442455645,0.3804776220562079,0.9354298517591659,-0.920010051755381,-0.34162824899049005,2.5052732670304465,-0.920010051755381,-0.7924693591109113,-1.2254069647671355
2019-07-31,0.15163528549165292,0.2243197090560406,-0.5002361633258229,0.019022570995488222,0.46327043358932113,0.40753104974933513,0.9262758568136296,-0.915386291605746,-0.2993480411581944,2.523445314383959,-0.915386291605746,-0.7873853921118098,-1.2977580402721043
2019-08-01,0.18582549166806375,0.1758397988844893,-0.40136868321063257,-0.02501951446319008,0.432883442821316,0.420752684138479,0.9339947586985152,-0.9048176495737427,-0.3152224978126598,2.5257211201922813,-0.9048176495737427,-0.7748014114430766,-1.3489698903261016
2019-08-02,0.19771780693728397,0.13398355854517768,-0.3187073934765774,-0.07237174881401585,0.39094960843162163,0.45410446223106016,0.9487473094196023,-0.8830818347389323,-0.3179454512130915,2.5190915067876753,-0.8830818347389323,-0.7551346940808706,-1.4142712952899996
2019-08-05,0.19150468351558475,0.09117503747150564,-0.25433660431026667,-0.1185431787857596,0.33533710387667903,0.4693278632755239,0.9408816649806074,-0.8671298548609897,-0.2994409052877161,2.5450771225252824,-0.8671298548609897,-0.736922281387941,-1.4298007961515204
2019-08-06,0.17090362716204444,0.05489432887122339,-0.19918790577820938,-0.1603061375256291,0.28492375061831415,0.4755592269446247,0.9502431579829559,-0.8249374209178008,-0.2782072526595737,2.551050261017943,-0.8249374209178008,-0.6963852926197323,-1.5036129221783598
2019-08-07,0.17422807746631774,0.02657448915803722,-0.12848910186032833,-0.20201711632021277,0.24196617403599163,0.4905739536897032,0.9628376173943285,-0.78396401256551,-0.23886267204466752,2.5185785769886846,-0.78396401256551,-0.6578764310106288,-1.6195855423662067
2019-08-08,0.18519858922155846,0.013556746125827808,-0.06098153203755167,-0.25118893279363513,0.1931436622006331,0.519329292294999,0.9874925157791556,-0.7388069459746969,-0.1931810493464617,2.4555785143430757,-0.7388069459746969,-0.6172983340417738,-1.754035579796436
2019-08-09,0.20229298206556254,0.013794851275951361,0.010072324386978294,-0.29739394297584953,0.1504393531607308,0.5463984901914904,0.9913240873336528,-0.6927050763030387,-0.13871191201878663,2.380435165789494,-0.6927050763030387,-0.5798933066881791,-1.8933479399149669
2019-08-12,0.22599589042518897,0.017935582779578445,0.0751235668741006,-0.33605667345622586,0.1189335073745819,0.5301234372559803,0.9985432627309543,-0.6435632136740466,-0.07349781941630226,2.2983022925619028,-0.6435632136740466,-0.5345394593196469,-2.0337371604620187
2019-08-13,0.2484362354728395,0.028583864317848352,0.1473792190215976,-0.3676895561235013,0.07957757336319404,0.5016347686629999,0.970723523556121,-0.5676433832178549,-0.025196463009727717,2.2115294375275987,-0.5676433832178549,-0.4616995315515376,-2.1979923048017227
2019-08-14,0.27938598934871023,0.05103211540337357,0.21171060961379767,-0.3752647252524981,0.05150852221944662,0.4811272984662416,0.89997181107048,-0.47877024005277563,0.035032707975247004,2.0920556141481814,-0.47877024005277563,-0.37964454938270653,-2.3893749135047226
2019-08-15,0.3034669591736506,0.07566418281788367,0.27010757990155065,-0.3846829220426717,0.0168938704055996,0.44671733973066524,0.8130248915011707,-0.3938342493259271,0.08680670986901708,1.9950617600248577,-0.3938342493259271,-0.29906927318017795,-2.536322599549692
2019-08-16,0.3262947831307913,0.10680988678753975,0.33296844971576434,-0.37910623949261013,0.0019043808383550189,0.40028557659106745,0.714287519874484,-0.3184585084562492,0.1189504493518289,1.9001034260803193,-0.3184585084562492,-0.22491712454276275,-2.660664091422279
2019-08-19,0.34747378883694935,0.1410492821486688,0.3891061370353507,-0.36798548435234435,-0.007187032507678219,0.38103264037281825,0.6154950807558577,-0.2488665648387069,0.1376860183309477,1.7895469104572637,-0.2488665648387069,-0.15749732651938925,-2.77098688488103
2019-08-20,0.3733960530238764,0.16916982229422248,0.4474421434003662,-0.3568171191421687,-0.010932562571714228,0.3905192886059373,0.5141657530328078,-0.19343416405909952,0.14121778837772084,1.6801397139747025,-0.19343416405909952,-0.10507898470507995,-2.856353568172471
2019-08-21,0.3959162877419423,0.19176775042045574,0.503117110446582,-0.35434370182729014,-0.02493427095804247,0.39404692389498,0.4371687581622976,-0.13722588886921336,0.14234515702501002,1.571200368367993,-0.13722588886921336,-0.057647234556785464,-2.9241853709787162
2019-08-22,0.4157218719732023,0.21885029930625563,0.5564904321673042,-0.344433216373391,-0.03372164700793745,0.3879913911346549,0.33419072340568207,-0.07990447112367731,0.14292408509352533,1.4681494141485192,-0.07990447112367731,-0.0032459422646763008,-2.983108469335784
2019-08-23,0.4364769072281443,0.24005493825945176,0.6119876097086034,-0.33080487400532566,-0.0461756461085619,0.37083892331586127,0.23837348674723038,-0.015103136752696941,0.139391195000078,1.350555230049451,-0.015103136752696941,0.056666481775493834,-3.0
2019-08-26,0.43962440386365903,0.24889464515969836,0.648863870584664,-0.31920721395823126,-0.05316789376630951,0.3495190761067045,0.22246963378918672,0.04456351800559337,0.11900152493401694,1.227344901351265,0.04456351800559337,0.11143261051546909,-3.0
2019-08-27,0.44736725539504646,0.2582980413809001,0.6345115927472001,-0.2934196571676919,-0.04760137175893793,0.3296018660199822,0.21493717722485553,0.0995239462983258,0.10595203917600299,1.1185034759575805,0.0995239462983258,0.1600438302425807,-3.0
2019-08-28,0.44602070409770656,0.26902574331445767,0.6211210976708706,-0.2619862873591162,-0.02995483211461044,0.30258307529958184,0.19114652358755946,0.15151544218644467,0.09212634937473685,1.0231952766778276,0.15151544218644467,0.20619454908165313,-3.0
2019-08-29,0.449052459163076,0.28124841081043017,0.6144325013018249,-0.22851803509403568,-0.01516039769198714,0.2732316937432397,0.15549426856938964,0.19855054397450625,0.08550394206881011,0.9316775295708191,0.19855054397450625,0.24588941991462274,-3.0
2019-08-30,0.43043652400825777,0.29841064830741865,0.6000580964425306,-0.19581741743501133,-0.00132897938769664,0.263402385531544,0.12086338709302424,0.2298270271673398,0.09200223321415282,0.8693586930111226,0.2298270271673398,0.27220992089139856,-3.0
2019-09-03,0.4195469566655615,0.2994792511712539,0.5766693133566019,-0.17621158348895216,0.0003815159778671578,0.2616421126451641,0.10315331428992444,0.2544201999919924,0.10178535284630492,0.8309517878766203,0.2544201999919924,0.29470061882266585,-3.0
2019-09-04,0.4143556532926015,0.2989263753276787,0.5526636818010027,-0.14983059347707542,0.003786476198329571,0.26778754370986807,0.09039610399724847,0.2717692891636379,0.11414639562549626,0.7898740994261219,0.2717692891636379,0.3073226376519464,-3.0
2019-09-05,0.42135777805158636,0.30157083405202206,0.5309223919333759,-0.12839249073108655,0.013016607638379127,0.2896016880763203,0.06895121118085874,0.2702157187925281,0.1330571708828515,0.7656558442888121,0.2702157187925281,0.3044593976580259,-3.0
2019-09-06,0.42378205671128993,0.2992895989154648,0.5090280182896602,-0.11179890951815558,0.016325162243772874,0.3216062621175187,0.05637203781943924,0.26462633110008194,0.15846608286841152,0.7482005088215006,0.26462633110008194,0.2959789243803545,-3.0
2019-09-09,0.4258869152805443,0.2975986427601173,0.489108606839925,-0.09545018708700288,0.01684329930437542,0.34733019877067156,0.037376682167686005,0.2599313921853683,0.17892582998509884,0.7424316861623864,0.2599313921853683,0.2892945498825252,-3.0
2019-09-10,0.4263388872267843,0.28812050347428864,0.46637143263843617,-0.08202964784576547,0.013222965752380314,0.3698008234782322,0.024166288480920943,0.25915025894895993,0.2029147853893744,0.7376086865745926,0.25915025894895993,0.28661126420695315,-3.0
2019-09-11,0.42957073413868174,0.27497473017134827,0.44615022385356623,-0.07059823497978807,0.008277294214840298,0.4007621054736304,0.01846536410149151,0.25394738685843754,0.21761679608972495,0.7393599508203549,0.25394738685843754,0.2792680423925262,-3.0
2019-09-12,0.4382082371136562,0.2632719309302465,0.43161067504855916,-0.062147678315384744,0.003485584432347579,0.43095974015623795,0.02451185139981032,0.24511613018526635,0.22875909386579849,0.735691826701646,0.24511613018526635,0.26761812665856055,-3.0
2019-09-13,0.44314483905590096,0.25296306832002624,0.42629237851403545,-0.0643531261719798,-0.010989164895859922,0.4634476139479751,0.01885782680275513,0.24107972901589064,0.23661792545810403,0.7387472252692463,0.24107972901589064,0.2615176980637592,-3.0
2019-09-16,0.44359602150361577,0.24488938984291275,0.42193494128598596,-0.061490515836608105,-0.0138021830743682,0.49340874922128747,0.029898655186329153,0.22889404973870478,0.2366646981644023,0.7459652550255985,0.22889404973870478,0.24744001813325725,-3.0
2019-09-17,0.4475568290329449,0.2362282395685367,0.4149217613171989,-0.06372790897807556,-0.018240727138577845,0.5236884240581752,0.049884052438777464,0.21670452723589273,0.23903026454420853,0.7482998855548695,0.21670452723589273,0.23320685845782443,-3.0
2019-09-18,0.4484280516509543,0.2283524665605949,0.4075843857229634,-0.060518993018310784,-0.017364501681328515,0.5385948674562259,0.0698819549426148,0.20798986479013343,0.24333392750901117,0.7479583526526594,0.20798986479013343,0.22232076325455888,-3.0
2019-09-19,0.45168209411973775,0.22414177228173682,0.40142627348248233,-0.05485953852350393,-0.014471011015164915,0.5351540722893312,0.08578836656946082,0.20642480398842697,0.24731865375607182,0.7398894089663417,0.20642480398842697,0.2185476034431123,-3.0
2019-09-20,0.4506398905067836,0.2250773750172878,0.3993230964996872,-0.0488025530108533,-0.006960308569932717,0.5313173353678444,0.09940215322017798,0.20161686220433106,0.2490702344700018,0.7323722028630157,0.20161686220433106,0.21585002527909863,-3.0
2019-09-23,0.4466314470877764,0.22418055615731639,0.3991679885756352,-0.04599596684357841,0.006435837557507756,0.5178527112697232,0.12024031194464561,0.20166683191824183,0.24284165224043236,0.7243994086436556,0.20166683191824183,0.2158307635398995,-3.0
2019-09-24,0.44395393938808125,0.22511589357882217,0.3989172430030521,-0.04288105901774629,0.017715629981134823,0.507888961166689,0.13907648112891927,0.20070342052740234,0.23878099482633452,0.7150091009395696,0.20070342052740234,0.21372005794465462,-3.0
2019-09-25,0.44964019452171317,0.2253779164698425,0.3985418149162224,-0.042061018842730016,0.022672094992832563,0.5075021222886036,0.14886998144799937,0.19459113006397746,0.2447811595213504,0.7076892762879955,0.19459113006397746,0.20765037002248768,-3.0
2019-09-26,0.45464010470626937,0.22344618262240942,0.39716439651683605,-0.04148434642627094,0.022946767810452424,0.5139742339689468,0.15764888883856182,0.18769642129832895,0.24054909833029134,0.713711894576326,0.18769642129832895,0.20031182151757387,-3.0
2019-09-27,0.45966893718216695,0.2182093802320204,0.39209287553886607,-0.04638018463478163,0.015834202516295984,0.5272164915407024,0.18016985446789618,0.1776570779248689,0.23800484888363552,0.723783752728111,0.1776570779248689,0.19099282709464957,-3.0
2019-09-30,0.46620629030781296,0.21486243821498494,0.3891971664377741,-0.05096204746039157,0.009798725999488162,0.5409963028048448,0.20501583688498146,0.1720247814648015,0.23828313250478622,0.7103723749271614,0.1720247814648015,0.1867379265589339,-3.0
2019-10-01,0.4785651900570092,0.21209397535205674,0.3846467150707509,-0.053466247805285284,0.001098816225296427,0.5512651182518825,0.22513305410431048,0.16978831985884946,0.2398668742899067,0.6913263068394393,0.16978831985884946,0.1846414218160672,-3.0
2019-10-02,0.49399191416004373,0.20937701594320882,0.380865233708706,-0.050347694554460094,-0.006810133508770384,0.5583761234962573,0.24408700241854564,0.16969538413334953,0.24117187493063727,0.6633699168630578,0.16969538413334953,0.18288598227734754,-3.0
2019-10-03,0.5076038336677299,0.2064620437064107,0.37717745984488454,-0.05361873933288998,-0.010005738716367073,0.5697916909676407,0.2663291192677014,0.16816411259448588,0.2433293085429224,0.6336453656291189,0.16816411259448588,0.18012799006922575,-3.0
2019-10-04,0.5204374516494066,0.20421991344789647,0.3757070589233402,-0.05555393413353702,-0.014792462230809026,0.5843583996157946,0.28680550910435354,0.16891510297363557,0.23933601575826183,0.5997111847465303,0.16891510297363557,0.17969392174946727,-3.0
2019-10-07,0.538015951577717,0.20552174038116913,0.37476774583138783,-0.05628670027992263,-0.01934994923170683,0.5813745228080219,0.29766742241046545,0.17648206740531672,0.23458174980065086,0.5633185307968839,0.17648206740531672,0.18747237344024642,-3.0
2019-10-08,0.5538687433076794,0.20513093787976555,0.3734686003221029,-0.05567053472693839,-0.017710620594220204,0.5812766507656698,0.316104228827772,0.18219797971548624,0.2221295689740285,0.5247534292473245,0.18219797971548624,0.19439429050226886,-3.0
2019-10-09,0.5692414009392441,0.21005495898983914,0.3731314703349748,-0.05426779332718136,-0.016666428018103783,0.572026732449403,0.33762530463438734,0.19038726884786403,0.20557168373058934,0.4834403114929663,0.19038726884786403,0.20375766731585243,-3.0
2019-10-10,0.5806220732098447,0.22211748511452403,0.37360904108875215,-0.05154376270924654,-0.010706074775365459,0.5646921534947346,0.3561031139290701,0.1967097695014117,0.18755098793669786,0.4404089928318819,0.1967097695014117,0.2109105444364431,-3.0
2019-10-11,0.5868500878710421,0.2385239779213916,0.37352003523978555,-0.04675754262408092,-0.004550401673631559,0.5615022802304435,0.3624817993321401,0.20536152514523137,0.17198541590444746,0.39512271769983565,0.20536152514523137,0.22041233237694863,-3.0
2019-10-14,0.5986474095655548,0.24926433969794573,0.3672286097481102,-0.046491924024524615,0.006109164906265665,0.5587805665405128,0.375528730561598,0.2110841202777087,0.15686518124169196,0.3557473208459793,0.2110841202777087,0.22684650051062275,-3.0
2019-10-15,0.614358554054125,0.25651408437509265,0.3575070734535735,-0.04698236944968145,0.014536883408011797,0.558875965540676,0.3962740488670277,0.21472355909190532,0.15210807088600145,0.3078880508946232,0.21472355909190532,0.2296806366649629,-3.0
2019-10-16,0.6209887621527984,0.26300718715762395,0.34847295934608286,-0.04487096319945259,0.02434598169661142,0.5732830681893264,0.4172072618161256,0.21173898804810645,0.15102559576864832,0.26582588017516795,0.21173898804810645,0.22591618027640947,-3.0
2019-10-17,0.6344527572861237,0.2664929949946876,0.3432741111368027,-0.04856932212517776,0.02875253236150825,0.5902597954382652,0.4411671875160786,0.2097015769887195,0.1501432343736554,0.21495846886383235,0.2097015769887195,0.22394771063606345,-3.0
2019-10-18,0.6418839563277718,0.2648334215220283,0.3362917212253493,-0.05069018275327234,0.03259962714138603,0.6074477472540171,0.4722099739239182,0.2069053729990067,0.15125681713855282,0.1687805219893246,0.2069053729990067,0.22092466564658164,-3.0
2019-10-21,0.6583341039182296,0.25538518323240206,0.3281832572827988,-0.05302026460646443,0.03184759485202779,0.6299608186790769,0.4935281239943622,0.20671618564309518,0.1515159049496763,0.12240427634610074,0.20671618564309518,0.22070629324701185,-3.0
2019-10-22,0.6803381594605624,0.24489694585257846,0.3155585614118439,-0.053405680696354284,0.02834340939114586,0.6681352266068249,0.5170272726930467,0.19789825437467073,0.1535389400953267,0.08130570026310469,0.19789825437467073,0.21000712292246368,-3.0
2019-10-23,0.7002095902933791,0.23352111165014797,0.3001848786335072,-0.05206987125920273,0.024181368559280624,0.7042283974298197,0.5461013493372542,0.19021944152392806,0.1548404412873381,0.03609091903609591,0.19021944152392806,0.2017110842153628,-3.0
2019-10-24,0.7217857171796885,0.22325311728363872,0.2884527694167171,-0.04880010183885799,0.029900685923765533,0.7378507136257012,0.5807907284171004,0.1769299905804527,0.1465922171702983,-0.00700457540959221,0.1769299905804527,0.18907161626337413,-3.0
2019-10-25,0.7314764272980478,0.21008350904690956,0.2763546986119399,-0.052459480892239334,0.030114296176648084,0.755640341709574,0.6537683217530493,0.1603414992191613,0.14791691813375932,-0.04743068656702262,0.1603414992191613,0.17334846883446667,-3.0
2019-10-28,0.7418744675021255,0.19200770942170717,0.2605555536688164,-0.05938462342325471,0.03137431125315253,0.7811281254612091,0.7341859421437964,0.13815133131477036,0.15060813414890814,-0.08100400198573823,0.13815133131477036,0.15057094418291742,-3.0
2019-10-29,0.7465696399308758,0.17531369903897606,0.24396375621203104,-0.07219152819614569,0.03238776506148754,0.8147822051488985,0.8091213235229906,0.10471836823114147,0.1476605022174837,-0.06718140172757493,0.10471836823114147,0.11697750246790722,-3.0
2019-10-30,0.7479880661375918,0.15355712804256086,0.22815992210060532,-0.08796349812874114,0.0346318033202947,0.8430084089750748,0.8857472472102754,0.07687557996386504,0.13970776911571642,-0.05652264977058564,0.07687557996386504,0.091281684608241,-3.0
2019-10-31,0.7487764902016476,0.14234191373876778,0.21620048608071119,-0.1055019887978704,0.03761236644795563,0.8740596169379256,0.9563382892548974,0.045993471703101356,0.1319422523926337,-0.04863503415665875,0.045993471703101356,0.061868961885920934,-3.0
2019-11-01,0.7638261754076171,0.12976824263130773,0.20749784132039253,-0.12739163472384207,0.0413447621983417,0.9005237983402042,1.032410081923408,0.007931662257406352,0.12607901118944123,-0.043295694618803574,0.007931662257406352,0.026374392964083535,-3.0
2019-11-04,0.7852113737375073,0.112160578297275,0.19805405613719143,-0.1504734406186366,0.03582453642296872,0.9059601090913706,1.135643478882998,-0.026483129793193453,0.11655589834274505,-0.049282503331635995,-0.026483129793193453,-0.006869637595698199,-3.0
2019-11-05,0.8001356498410098,0.08880381902378089,0.18374215548199746,-0.17905651627486802,0.0285159717713634,0.9277588909470842,1.2597945864878617,-0.06700584117379531,0.10023477842368411,-0.059936712617894766,-0.06700584117379531,-0.047382243623874304,-2.9685986971125535
2019-11-06,0.8161591744339932,0.067007448043483,0.1697496537042806,-0.2087578407130306,0.02187428190930477,0.9428957648595404,1.3805733356796657,-0.11188941996928405,0.10571506385877817,-0.07838395255717481,-0.11188941996928405,-0.09297063571185671,-2.9000834535684152
2019-11-07,0.8331901789268747,0.04246647276896732,0.1568874000135943,-0.23994250176421214,0.009556405399775592,0.9714043871598724,1.5118645286970427,-0.17135278972652884,0.11189852739982532,-0.09482846648997406,-0.17135278972652884,-0.15099899084874932,-2.8087923618099593
2019-11-08,0.8591883627372943,0.0030863459380030037,0.14053102867450104,-0.28824599302626447,-0.016117403104026796,1.000428515645873,1.6759405783858987,-0.24002731404478245,0.1151715373347515,-0.11657255227062559,-0.24002731404478245,-0.21760841775227596,-2.6757473744735636
2019-11-11,0.8856546409560757,-0.04259850878455898,0.11782279793707678,-0.3463207466405592,-0.04706016645654199,1.0259582083693204,1.8662361514079757,-0.31841186446552533,0.11971620931995357,-0.1551316036718943,-0.31841186446552533,-0.29458586256731495,-2.4928673909384824
2019-11-12,0.8963547120870597,-0.07954677835605521,0.09675042968690833,-0.3940888299037184,-0.0839891966990181,1.0331530142937764,2.048061661024961,-0.38671008418624486,0.12225780586783622,-0.20895634396546486,-0.38671008418624486,-0.3612979646455391,-2.295278341018257
2019-11-13,0.9113417634057465,-0.12473461135277461,0.06626941143030235,-0.45965845245483977,-0.12137443620200421,1.0451834054636262,2.236119307901873,-0.4666359157653134,0.11857888238835963,-0.2717437250041972,-0.4666359157653134,-0.43801904450948725,-2.0286906695359774
2019-11-14,0.9369756093401779,-0.1657952739853202,0.03477227248520318,-0.5255897365532063,-0.16538844808348477,1.0146643704082792,2.4111111764178803,-0.5300986489842052,0.10159179194582248,-0.35063827961831606,-0.5300986489842052,-0.4986252496760013,-1.7328809347126248
2019-11-15,0.9506810715241003,-0.21084099840004425,-0.007729363662217777,-0.6118719305777786,-0.22909015320789375,0.9911116638348473,2.5801320574014324,-0.6120645000091515,0.06892822423886552,-0.41515108114774574,-0.6120645000091515,-0.5791534595367848,-1.3128870304484774
2019-11-18,0.9442343716070365,-0.2545274353434062,-0.05907494413904058,-0.7152223877195178,-0.30297476699033393,0.9374240853954683,2.71148101251029,-0.7051322296364192,0.02747593145590482,-0.47934728009914374,-0.7051322296364192,-0.6673556892372272,-0.7318484381671928
2019-11-19,0.8920086986995232,-0.2875355762988203,-0.12361141424420416,-0.7893621989894023,-0.3545805771434853,0.8724931620527565,2.7453382872657928,-0.7844792830531173,-0.02016683416806969,-0.5054255312652536,-0.7844792830531173,-0.7485087301004394,-0.11169071970216297
2019-11-20,0.8084851831548283,-0.3009117416044908,-0.17134197060342202,-0.8305766215988507,-0.3920991184425539,0.7612033173285062,2.7102029372178413,-0.8218277348556593,-0.04374727436473048,-0.5450974413548221,-0.8218277348556593,-0.7870724141810532,0.4346106141600642
2019-11-21,0.7087701714365967,-0.3018532858255565,-0.2162520735894924,-0.8499730462774112,-0.3985657069868539,0.6520392923097342,2.6018412769283716,-0.8416605841202158,-0.07173716846573903,-0.5711491973134771,-0.8416605841202158,-0.8087140481089569,0.9389149541332144
2019-11-22,0.6029585031396412,-0.29852922058393244,-0.25731640856344695,-0.8525338663338414,-0.4050937254493064,0.5484268043683932,2.4807182616191925,-0.8361291526703752,-0.07329273408296826,-0.5836251875257483,-0.8361291526703752,-0.8079572778103407,1.3185031565631087
2019-11-25,0.5294554148378043,-0.29561895725935383,-0.28407242514654557,-0.8529595845034754,-0.3987486374235438,0.4732354734118984,2.2743681473339223,-0.8274911424623344,-0.06483701434027805,-0.6170632330937471,-0.8274911424623344,-0.802737975778077,1.6939610768860642
2019-11-26,0.4696438071676035,-0.2843801140430561,-0.2998484325699245,-0.8350452765692472,-0.38809539594272824,0.40633478880756524,2.041542068447934,-0.8137830102105723,-0.060541182115402874,-0.6429730036556848,-0.8137830102105723,-0.793251103783102,2.0141798646771862
2019-11-27,0.4126469694395075,-0.2769213943104484,-0.3129654878552011,-0.8054538205410317,-0.3739745862249691,0.33610716422636644,1.8207718532707202,-0.7882641549057423,-0.055931820086766226,-0.6659592647804978,-0.7882641549057423,-0.7718547391577943,2.2700634358315996
2019-11-29,0.36586290650294956,-0.2699237102674534,-0.3179098420910262,-0.7704826632416297,-0.3594272996680029,0.2768842507780634,1.6208653425766335,-0.7682059402928636,-0.049946565180306705,-0.666591127764139,-0.7682059402928636,-0.7560150476080718,2.463095636548708
2019-12-02,0.3239965296633095,-0.26894530926759286,-0.3208394643323543,-0.7424348905474227,-0.34005402101363474,0.22343811489447932,1.4427083503777276,-0.7439316945577992,-0.04880195492214009,-0.6610262106916733,-0.7439316945577992,-0.7346793614162329,2.614501606371133
2019-12-03,0.27812189292988726,-0.2634111403760151,-0.3227446264807533,-0.7136112707758984,-0.3312849944907797,0.17445264085870876,1.3021964255914351,-0.7171015268327312,-0.05560181852662647,-0.6556536462842393,-0.7171015268327312,-0.706512032750411,2.728251623970156
2019-12-04,0.22946839860541465,-0.25355564957186516,-0.32206954701532586,-0.6915353151418874,-0.3214076790182671,0.13675372340314423,1.1951177735635672,-0.6919583714086175,-0.06039778668643472,-0.6589434164360073,-0.6919583714086175,-0.6791536269900655,2.809639868104962
2019-12-05,0.19558684581065217,-0.24141289925912524,-0.3173430930158068,-0.6767266672951711,-0.31099600117922993,0.10291262379511296,1.114516475598457,-0.6728155945479212,-0.06558650051756604,-0.6633157094179226,-0.6728155945479212,-0.6578289905091479,2.8658251050855896
2019-12-06,0.16843241303957993,-0.23041058526654482,-0.31209589020835554,-0.6650315692279767,-0.30172420350242624,0.07109241548429694,1.0340294892666548,-0.6539272161107805,-0.08183956029123308,-0.6564140901364116,-0.6539272161107805,-0.6363653408250985,2.9181813538890773
2019-12-09,0.14683389793771925,-0.22090415655874912,-0.3086443818516831,-0.6567694769251796,-0.28766713975083796,0.049012492567630364,0.9540287221076459,-0.6418144421335115,-0.09431394604569525,-0.638443624824626,-0.6418144421335115,-0.6225692799759612,2.9630657775867597
2019-12-10,0.12798631850411485,-0.2105989434254468,-0.30704626626172143,-0.6506981260246997,-0.27029687306373457,0.03634451734497625,0.8914649100782283,-0.6324221328094842,-0.09907966113496955,-0.6376330031620802,-0.6324221328094842,-0.6096730480880052,2.994074440852306
2019-12-11,0.11925436198178696,-0.20706804618762634,-0.30776801246362906,-0.6554501727000561,-0.2554108903176036,0.03170869952972613,0.8620001848993056,-0.6326329100710653,-0.10300356415981948,-0.6265486806531552,-0.6326329100710653,-0.6000402214776335,3.0
2019-12-12,0.10792417546275442,-0.20517565349780545,-0.3075461790876707,-0.6612453247371133,-0.24046839009777093,0.02886783162241622,0.8285260019948756,-0.6401265500895981,-0.10343477959294003,-0.6033371133855543,-0.6401265500895981,-0.5857687928925737,3.0
2019-12-13,0.0940185934584256,-0.20280486992876712,-0.3044882767817296,-0.6647029101853658,-0.24363689398621427,0.029917806217771795,0.7895800277927209,-0.6454258047519859,-0.10546123745340462,-0.5725397278573001,-0.6454258047519859,-0.568244933669398,3.0
2019-12-16,0.07577962669155862,-0.2007472629648291,-0.30221681060782757,-0.6599598033979959,-0.24914649487369656,0.02779735726334528,0.7404677533951114,-0.6463601052206183,-0.11941534124323784,-0.5321577445931001,-0.6463601052206183,-0.5503633014267326,3.0
2019-12-17,0.07254246751079733,-0.19917955800299372,-0.3056066295480499,-0.6668989101981138,-0.2502063178834319,0.030209577989260297,0.732481668232633,-0.6609594233705741,-0.11849061203408948,-0.49303053350982085,-0.6609594233705741,-0.5441920273904727,3.0
2019-12-18,0.07351808801531175,-0.2003285919619481,-0.3170251533631213,-0.6710724437046297,-0.2523665072894187,0.056693874198988185,0.7358414659611449,-0.6804105349076379,-0.11844162623913092,-0.4619513287374438,-0.6804105349076379,-0.5415927095060361,3.0
2019-12-19,0.06593394752153679,-0.20166605514722946,-0.3240371159447188,-0.6757973393697895,-0.2525928569845566,0.06146434437598867,0.7473659627925233,-0.6972242270469202,-0.1121846548568731,-0.4298299333096138,-0.6972242270469202,-0.5355582742175145,3.0
2019-12-20,0.05964592635579678,-0.20278789764892632,-0.3306137781852171,-0.6872249147298226,-0.2530404422776503,0.08479693532630547,0.7608360337321692,-0.7208477781302872,-0.12172570065222979,-0.37708166501009704,-0.7208477781302872,-0.5316292842380934,3.0
2019-12-23,0.05327790504443723,-0.20443582816660974,-0.3385574146850935,-0.7024919998340751,-0.25586070386920357,0.10428866391352586,0.7813629725297101,-0.7494172216829116,-0.12832072590480176,-0.3074552798482882,-0.7494172216829116,-0.52751635119106,3.0
2019-12-24,0.052795015512761355,-0.20731921436037395,-0.3471309224379712,-0.713844496762611,-0.2645730498577308,0.12271608170004993,0.7941567977685223,-0.7748983352455573,-0.14312964028108152,-0.23249415162182407,-0.7748983352455573,-0.5215217707653022,3.0
2019-12-26,0.0507673156347628,-0.2117470835840195,-0.35378278483799874,-0.7278172888430268,-0.27999927115611617,0.1401006317903006,0.8468740606696461,-0.8021784139087509,-0.16519244713090533,-0.15570312010230644,-0.8021784139087509,-0.518294208878169,2.9791510242553345
2019-12-27,0.050365569577775035,-0.21453274846242693,-0.35668725443669913,-0.7329908034422258,-0.29207290449354506,0.13492920787847673,0.9170370449802968,-0.8263922343274979,-0.1949774818053816,-0.09537540741508456,-0.8263922343274979,-0.5076948367106443,2.9447840829844543
2019-12-30,0.056415891349985536,-0.2197433580501636,-0.36528578587842386,-0.7447181152654537,-0.30223340695235024,0.13423909973833667,1.0062467356943843,-0.8493263809793405,-0.22109764906074061,-0.05083761173972687,-0.8493263809793405,-0.49286661972104934,2.898533581843882
2019-12-31,0.06501328421216471,-0.22112911611594274,-0.37037841211423334,-0.7547638416506207,-0.3206066518125733,0.12620578835383897,1.068069118116632,-0.8586107300000249,-0.2483990407568439,-0.025588500504284843,-0.8586107300000249,-0.46892891632433464,2.8677277485962462
2020-01-02,0.07573386773143063,-0.22507913627050385,-0.378568010777195,-0.7636165810574503,-0.3433867363972483,0.12457351951148835,1.1396709161544492,-0.8731500668005463,-0.27369672009550855,0.007619445168999309,-0.8731500668005463,-0.44335812810324327,2.8264076977358736
2020-01-03,0.08306847764993672,-0.2295978962866646,-0.38575204992500123,-0.7624710369416288,-0.3635865299869214,0.13558884151214945,1.1855875699302652,-0.8921324557754853,-0.29543344754527273,0.05238145118595864,-0.8921324557754853,-0.4266128094554247,2.7910923414135738
2020-01-06,0.09095536292887055,-0.23973106062005275,-0.3975492005903752,-0.7576974601111838,-0.37985439775391044,0.14432208477712377,1.2134352076291197,-0.9058922139049141,-0.31923604811660944,0.10435724779751601,-0.9058922139049141,-0.41148229642894046,2.7642649882982706
2020-01-07,0.09458566703497939,-0.25113287857609146,-0.4067709889786084,-0.738028014414585,-0.3874580921644874,0.14218408210003972,1.232007829461104,-0.9136778416050729,-0.3465822062973528,0.13118581193961318,-0.9136778416050729,-0.39359755631616594,2.750962029421701
2020-01-08,0.08172061921452191,-0.2705255448327168,-0.42232698024329585,-0.71171189087013,-0.39858807802062746,0.14360303819848574,1.2625500339545188,-0.9192349984305649,-0.3828926526894088,0.18209175419753001,-0.9192349984305649,-0.37514497249762224,2.7296946704498732
2020-01-09,0.06557415795200408,-0.28550040392383275,-0.434920091895806,-0.6863830900705734,-0.4046422026314332,0.1314208543117064,1.296960403151448,-0.912265718709313,-0.4276496861143577,0.2037328336373486,-0.912265718709313,-0.35050997923536603,2.7164486422374896
2020-01-10,0.06421244077875253,-0.29512138295767903,-0.44780443118425955,-0.6641667227816463,-0.4088250537456113,0.12283262847385827,1.3106024810981642,-0.9118121800669556,-0.4732038222246748,0.2353684605149661,-0.9118121800669556,-0.32564646849921397,2.7053762306612557
2020-01-13,0.06202412310406191,-0.30111364573689814,-0.45197421206472815,-0.6376449516046985,-0.4077851134057663,0.1130640368157279,1.2918614148396443,-0.9024780146902043,-0.5195392975906313,0.2482157442627838,-0.9024780146902043,-0.3105565754756761,2.7184045062365882
2020-01-14,0.0703989917574571,-0.30434463868837447,-0.45475080843836324,-0.6166788982681805,-0.4017679500312682,0.11301186102752181,1.3241216711356674,-0.899840503400103,-0.5673437005056051,0.25733861866593705,-0.899840503400103,-0.31826938954546935,2.6979652496908844
2020-01-15,0.07998255204958239,-0.3101517368639145,-0.457262020605306,-0.60123316577027,-0.3831042493411717,0.09926719142840525,1.3789622853918866,-0.8973610336621227,-0.6151769163830154,0.2579473684619996,-0.8973610336621227,-0.3209952954210325,2.6664860543770814
2020-01-16,0.08188961082106816,-0.3181430353148628,-0.4579840019174473,-0.5907019491631562,-0.3533156023325368,0.09382365634291806,1.4327510279164466,-0.9042192463514839,-0.6480988984622198,0.2571049451879887,-0.9042192463514839,-0.3200807107438503,2.6311934503686185
2020-01-17,0.08588607874916429,-0.3199295822527609,-0.4577855498882287,-0.576160615729141,-0.3279031369088662,0.09596286874821097,1.4656860654705768,-0.9106245227825995,-0.687992165314795,0.2515434393715333,-0.9106245227825995,-0.3138571450169027,2.6057987883364095
2020-01-21,0.09129294159078283,-0.3177118870617281,-0.44603050878313333,-0.5678091192843463,-0.30255938981230057,0.0891279909306146,1.4901026501414287,-0.9137317299280493,-0.7242148808933659,0.2434622499401307,-0.9137317299280493,-0.31588420580172183,2.5876876188897384
2020-01-22,0.1048035181454262,-0.31572790459491107,-0.4327909587629479,-0.556381314092647,-0.29000124283578427,0.08298659889824399,1.55048713548632,-0.9229033725514917,-0.7720088357962701,0.24671007118856741,-0.9229033725514917,-0.3101631716289555,2.5378928490959414
2020-01-23,0.1138258381249847,-0.3191250207326299,-0.4191662348005063,-0.5414521321104396,-0.28402094378180515,0.06344111915448457,1.576946396567152,-0.9215235934682395,-0.7996347751298971,0.23231373766589458,-0.9215235934682395,-0.3023190545172729,2.5222382564965136
2020-01-24,0.12990028533507414,-0.32662693489853045,-0.4031267239383935,-0.5274742367223421,-0.2858851658752118,0.043505513561470574,1.618471289198697,-0.9228396708242798,-0.8194462627976306,0.21669092958540995,-0.9228396708242798,-0.29509109521809246,2.49476174341811
2020-01-27,0.14277994270463748,-0.33392415821716753,-0.3868282351077543,-0.5177869854457345,-0.28414336394803413,0.025041406592587693,1.6440784502111394,-0.923298804417005,-0.8380413691593676,0.19331266872384031,-0.923298804417005,-0.27675587529176515,2.47886512777163
2020-01-28,0.15181187285090283,-0.339486881576642,-0.37223591432673814,-0.5078992118751531,-0.2797700900177356,9.686121861979946e-05,1.6963312778385515,-0.9227121632807733,-0.8720136957904248,0.17137239550207342,-0.9227121632807733,-0.24357496405814014,2.440792676796232
2020-01-29,0.15523104357493486,-0.34532243952935116,-0.3626237239644257,-0.5201597818718434,-0.2801940064737589,-0.014896053908193003,1.743533178017863,-0.9214683205153268,-0.8874826113716421,0.15497755737103594,-0.9214683205153268,-0.20512690503489642,2.4050003842209318
2020-01-30,0.16260936618509356,-0.34693130829704777,-0.34970068124216813,-0.5342388663554232,-0.275806751285883,-0.03126522810660703,1.79161825222614,-0.9233477487974415,-0.9036131893284746,0.13894557362491874,-0.9233477487974415,-0.16903160903789566,2.3641099392122307
2020-01-31,0.1639726736657848,-0.336751043572915,-0.3368484960197904,-0.5432146326946569,-0.28527691919946685,-0.039604397892401944,1.90583153435412,-0.9296597687483152,-0.9233660333585648,0.1286726319150003,-0.9296597687483152,-0.13675347003103175,2.2626576903305526
2020-02-03,0.15334595925050357,-0.3230626523859972,-0.3218132200616174,-0.5184926394991444,-0.30279891856591834,-0.06031428529245002,2.0319558873648704,-0.9300018778723683,-0.9512969901634561,0.10792905227223451,-0.9300018778723683,-0.104451841232617,2.149003404058329
2020-02-04,0.12988600311543239,-0.3066840443228472,-0.3010979259026676,-0.5005237470311561,-0.3200463082687601,-0.08681806543367318,2.190102230332276,-0.9141245537951657,-0.9711795251329941,0.0719247884742823,-0.9141245537951657,-0.08110747090612447,2.003793172666566
2020-02-05,0.11004086002526557,-0.2843170002715673,-0.29738644096896316,-0.4764847991719954,-0.334902198488185,-0.10806362885625313,2.3405450747666086,-0.9015422057292649,-0.9704598345369769,0.04165908047129853,-0.9015422057292649,-0.06583540945738936,1.848288707946687
2020-02-06,0.0990608995026745,-0.2620984057093481,-0.3029142738688626,-0.4628517096668164,-0.35623926543551276,-0.11491695178640346,2.420026101890063,-0.8979814328857146,-0.9684031045023739,0.040425442785304425,-0.8979814328857146,-0.04669809910193157,1.7505722316646346
2020-02-07,0.09627906020416052,-0.22793186777574823,-0.29960006418841517,-0.4487655429230062,-0.376807131820016,-0.12238224807706968,2.492265044586818,-0.8953537317822388,-0.9588350528391174,0.005559677258536441,-0.8953537317822388,-0.02911085416951069,1.6600364433078474
2020-02-10,0.08626735276297373,-0.19815560881516178,-0.2956536822642093,-0.4237844262021241,-0.398986085132233,-0.13138491869253627,2.556566720470643,-0.8920081952943847,-0.9479469099039124,-0.030773959939076428,-0.8920081952943847,-0.00783310727138571,1.5757010155757916
2020-02-11,0.06496716488565016,-0.16758486985799015,-0.28954986823023227,-0.3933253842714906,-0.4280325817814106,-0.1326254568500856,2.6220851950156376,-0.8850966783157828,-0.9311575655086473,-0.06286809764636922,-0.8850966783157828,-7.647487807766852e-05,1.4883612957545815
2020-02-12,0.040901613433782874,-0.14261041604941052,-0.2866728064948255,-0.3570691882813894,-0.4645434421278001,-0.13106529935688457,2.686931671012955,-0.8785564557302151,-0.897606811583763,-0.0932999167990448,-0.8785564557302151,0.0030069497915412905,1.3991405579152703
2020-02-13,0.01986850454558416,-0.12027713643597744,-0.2849322621050894,-0.3218439773162713,-0.5037578848938746,-0.13558614703459632,2.72228352060426,-0.8738109314777223,-0.8652220525116551,-0.1181397211209086,-0.8738109314777223,0.0032980380022093734,1.3519309812217635
2020-02-14,0.004627613342877524,-0.0950971823882337,-0.28114035969050727,-0.2826753679862761,-0.5294493394891872,-0.13123807225698303,2.7750175390034473,-0.8709163787297761,-0.8446444086438741,-0.14014109871199806,-0.8709163787297761,0.008159148231984052,1.2584142860483025
2020-02-18,-0.011655078998161516,-0.0744486473707006,-0.2825004834301717,-0.25014495703668177,-0.5607524158826267,-0.10451404578987157,2.8193156972835856,-0.8679105668594403,-0.8238618825405326,-0.16061338641476564,-0.8679105668594403,0.015937521602511672,1.1690588122962964
2020-02-19,-0.045922554124777845,-0.06359000183619941,-0.28684931675545433,-0.2210510898799809,-0.5834670836616136,-0.08048166282278829,2.8399531668590123,-0.8560051177467671,-0.8100978647443866,-0.19881335616315435,-0.8560051177467671,0.02723546724523039,1.1350945313776453
2020-02-20,-0.08758916061957325,-0.06350590905407208,-0.30365834787991824,-0.19822096240310697,-0.6080430695126677,-0.05158858657589497,2.839071785447201,-0.8448326637443451,-0.793839436594358,-0.22854527877280853,-0.8448326637443451,0.039897345127418556,1.1456869483264704
2020-02-21,-0.11853587946207184,-0.05888533875351775,-0.3181400619103046,-0.17844241411423187,-0.6298881371201344,-0.016700884662012565,2.8318937785325566,-0.8347495727465424,-0.7840974615107749,-0.2654759831175423,-0.8347495727465424,0.04508769935236524,1.1626838282587544
2020-02-24,-0.14599697804509315,-0.05111721839149416,-0.33040627964427866,-0.1566497983604631,-0.6475422607164911,0.004861358489384583,2.8371496761511827,-0.8189813732588707,-0.7759435198484829,-0.30586295124744123,-0.8189813732588707,0.05468973964501284,1.1547809784859047
2020-02-25,-0.17723995179623128,-0.04643639758888198,-0.34424682307919446,-0.13579084127094468,-0.664971098152511,0.012895721737405094,2.8316758519505374,-0.7944795408904484,-0.7812147093172406,-0.345929062742348,-0.7944795408904484,0.0690562604810385,1.1711601315592681
2020-02-26,-0.20961963593930977,-0.03581457632176004,-0.3533285319532329,-0.11029718229220419,-0.6788744615874187,0.018913963768564024,2.835196471864867,-0.7667736406448827,-0.7942414923270097,-0.38263536633968465,-0.7667736406448827,0.07851874991495567,1.165729342501998
2020-02-27,-0.23534323401723004,-0.025630835446678275,-0.3630472234221739,-0.08703329522520975,-0.6967844766935545,0.03776865153200244,2.821565010447617,-0.7510816993443372,-0.7968488052743641,-0.4097672829778352,-0.7510816993443372,0.06521231366927564,1.192072576096824
2020-02-28,-0.2681730770474431,-0.019094331106946947,-0.37360199472755734,-0.0593439452477734,-0.7159897672265861,0.05647400588451755,2.820783615369526,-0.7231182134993582,-0.8078392993922674,-0.4321748788760243,-0.7231182134993582,0.05183909696984086,1.1933570023994302
2020-03-02,-0.31252531892689855,-0.012791638340525617,-0.38225199470053833,-0.03158419792143663,-0.7452093827078463,0.09452022228550135,2.8094926037266132,-0.697279846206468,-0.8231125908894023,-0.4400989555282181,-0.697279846206468,0.0327760581152222,1.205344887300466
2020-03-03,-0.34352540421695743,-0.009731203950636954,-0.39294722465713866,-0.003986244060520669,-0.7549456161962322,0.1318772592579054,2.7951058376044378,-0.6845496701385024,-0.8383352349455261,-0.4442087643181084,-0.6845496701385024,0.009101742050280966,1.2206941937095024
2020-03-04,-0.36224675897626446,-0.013088008065121495,-0.40563921513193507,-0.011916075405480396,-0.7612259837842976,0.1742764294394311,2.7700649811322684,-0.668889885813361,-0.8481602749714507,-0.44708594234401833,-0.668889885813361,-0.024532276102942445,1.2673328958365335
2020-03-05,-0.3728180535958335,-0.014063179073148802,-0.4310036133466606,-0.006310414776921297,-0.7783110466239794,0.23626559547968795,2.7226640520156176,-0.6629945080194128,-0.8652575225249691,-0.44581268223822323,-0.6629945080194128,-0.05031902652337667,1.3309549072466333
2020-03-06,-0.3932294678571707,-0.01335641740092776,-0.4430656502255433,0.005381987928016018,-0.8085890329339273,0.30680584574510567,2.658077753647277,-0.6439121857303314,-0.8972020677724719,-0.4532584794115629,-0.6439121857303314,-0.08399433485377854,1.410254234595647
2020-03-09,-0.411321875024968,-0.01808472693760576,-0.44602826056998207,0.017359507825059958,-0.8279777651054981,0.3634769517203675,2.641678820804183,-0.6067232070977407,-0.9212832962817958,-0.4692010056306892,-0.6067232070977407,-0.13366098330098838,1.4184890466973985
2020-03-10,-0.4372101507262621,-0.029797280944013665,-0.4553874920969593,0.034338700784882284,-0.8501282035649113,0.41953498836238895,2.6162703431302505,-0.5470621291559756,-0.9557129076817945,-0.512702773339059,-0.5470621291559756,-0.16784951397187095,1.4327685483593002
2020-03-11,-0.4509261303119889,-0.038484940703731464,-0.4683332283915873,0.04427452516601607,-0.8791085031852446,0.4901518580848481,2.5930652443746336,-0.4993587190266519,-0.9835351609404874,-0.5450444654088779,-0.4993587190266519,-0.1906904656438073,1.427348705013531
2020-03-12,-0.4607828957790126,-0.05495906729662606,-0.4877758364155713,0.0514103301901538,-0.9071183925384114,0.5504322952481767,2.5832645364472477,-0.4263467357008314,-1.0144596168623288,-0.5947796259324774,-0.4263467357008314,-0.2104856059462117,1.397947350286723
2020-03-13,-0.4732346011252589,-0.06225278229072082,-0.5091450990341109,0.05576928440699888,-0.926621179295686,0.5972095414326741,2.577294782520485,-0.3183868260483504,-1.0683265010709677,-0.6524396189546426,-0.3183868260483504,-0.2504237751329408,1.3489436006408706
2020-03-16,-0.4783931680407753,-0.04008623753778244,-0.5249647679908191,0.06566844736926461,-0.9454105996338706,0.6652615213085639,2.568424642313317,-0.21366967629514647,-1.1340424282513688,-0.7200543174102091,-0.21366967629514647,-0.2856527940305146,1.256589054494488
2020-03-17,-0.4870638542785997,-0.02819279802701093,-0.5407136029919996,0.09958357720795429,-0.9858639364197075,0.717271933149608,2.490359531609203,-0.05585204711955087,-1.224004776510603,-0.8145474588641121,-0.05585204711955087,-0.3360133152348259,1.2208887945991946
2020-03-18,-0.48004829716135883,0.0130278598445044,-0.5493962865121892,0.17490029147174446,-1.0372184227813501,0.7716453220575553,2.4242152556209122,0.1264698267317822,-1.3130729899199052,-0.8927764955098569,0.1264698267317822,-0.43495881087568017,1.0707429203020593
2020-03-19,-0.431842751405159,0.07352034346381654,-0.5361298766522057,0.30078947412951773,-1.0861168975837905,0.834263796917591,2.2994977539258454,0.37805647896165906,-1.426730418449769,-0.9652708962975625,0.37805647896165906,-0.6151469992290098,0.7970535132574078
2020-03-20,-0.3746784166128281,0.15654034685011703,-0.5003923816170156,0.46576728987111043,-1.1017990677152367,0.8732326086292174,2.1065917702765766,0.6791270940194788,-1.4974095314910758,-1.046027829570346,0.6791270940194788,-0.7667947998276166,0.3267158231681405
2020-03-23,-0.33003042506898267,0.22170075050875754,-0.46715218404735226,0.6098220136669179,-1.0776792303139728,0.8642787075500113,1.8063924509263285,0.9693928379742045,-1.5022064295223303,-1.0926252793463764,0.9693928379742045,-0.8590016646986555,-0.11228438560275536
2020-03-24,-0.28067044854372086,0.284011789137443,-0.4199232980406444,0.7526159158462798,-1.0110657274105943,0.8642514509181971,1.4070655097033269,1.206218925596443,-1.4524076845620912,-1.0564851657291534,1.206218925596443,-0.9602182132888681,-0.5396119792230629
2020-03-25,-0.2191772080450368,0.34043455514083537,-0.3708583104823135,0.8379016203470848,-0.917981269207863,0.9091642250040333,1.0558617432915562,1.323192872156459,-1.3644726689690623,-0.9805065724255548,1.323192872156459,-1.0457580828694713,-0.8909937760971244
2020-03-26,-0.16070091182517476,0.3700098549891877,-0.3414018028077343,0.8809805584414641,-0.84720703856212,0.9391113319167057,0.7708629505479592,1.388996934519822,-1.263329472589099,-0.8922163286777615,1.388996934519822,-1.070243343547907,-1.163859666925166
2020-03-27,-0.10987728746992681,0.3977640751010498,-0.30735240880796383,0.9131513488075548,-0.7754348254706732,0.9508292197180426,0.5124314048617203,1.423257311276082,-1.1372143436305362,-0.8012047697889739,1.423257311276082,-1.0901124973643543,-1.3994945385081023
2020-03-30,-0.0621269452414038,0.42475661021815875,-0.28255506297787764,0.9380456046016897,-0.7240800555375937,0.9603654735633352,0.3507803088298603,1.4187418676737238,-1.0422050176841962,-0.7344767783225693,1.4187418676737238,-1.131419545403998,-1.534568327392849
2020-03-31,-0.011250821397479575,0.4586723662617631,-0.2633429868582543,0.969757686929293,-0.6670269202907279,0.9400908907755483,0.20553945702042675,1.4085998914443605,-0.9403453999754827,-0.6946576668838286,1.4085998914443605,-1.170066995885478,-1.6445693925845017
2020-04-01,0.004297876774132492,0.46401393887231246,-0.24309797660773924,0.9940359796237662,-0.6089134818958898,0.9228884589344672,0.0342735274368298,1.4228529877797604,-0.86133774571882,-0.685161437995822,1.4228529877797604,-1.1646280136738423,-1.7020771013089153
2020-04-02,0.021533775120485193,0.48134546006958856,-0.21785701646915515,1.0122483121224521,-0.5320881999632363,0.8943938832597261,-0.14422993454011573,1.4225231409104222,-0.7763886284291658,-0.6526455675353318,1.4225231409104222,-1.1343384749843102,-1.7970198904717811
2020-04-03,0.03179388545552062,0.49464391324772616,-0.1928991365210521,1.0201866109658542,-0.46462979757431655,0.8554803367558443,-0.30638714327744143,1.422819149811186,-0.683802321988752,-0.6309672743900243,1.422819149811186,-1.0892184346393428,-1.8798389376563847
2020-04-06,0.04131805918098467,0.5033213709096737,-0.16342607750963595,1.024216691172903,-0.4059321235963972,0.8134405678356355,-0.4209691576087314,1.4099475405212993,-0.5983704986142655,-0.6075798419373483,1.4099475405212993,-1.0314240718340528,-1.9744899990413631
2020-04-07,0.04777106464377524,0.5210069181244044,-0.1404534880510981,1.0310011206117347,-0.36050596261923534,0.7987673146958578,-0.5259209016483802,1.3839171983959155,-0.5337904549741549,-0.576588740222888,1.3839171983959155,-0.983823230917795,-2.0452980364340494
2020-04-08,0.05695876774825932,0.5376267176908932,-0.12232345237000485,1.0413191216105162,-0.3163915012771997,0.7887602165737846,-0.5651617129669373,1.3398654394659422,-0.47020639737086417,-0.5190570704043489,1.3398654394659422,-0.987384019225537,-2.123871548940445
2020-04-09,0.0585279227162501,0.5427525168024425,-0.10512789253834903,1.04547894304953,-0.27120402154922213,0.7738441761887046,-0.6080920510839672,1.3101833170415151,-0.4137764113409482,-0.4585431723539892,1.3101833170415151,-1.0126865998713828,-2.1715400441020964
2020-04-13,0.05719115700965483,0.5541007389410646,-0.09181691601254889,1.0597924853908367,-0.23469881078145716,0.770864828439073,-0.6640933500709282,1.28031221092919,-0.372864787642526,-0.4106774899404924,1.28031221092919,-1.0352737819044957,-2.1931484952865627
2020-04-14,0.05803455958369888,0.5670492771495187,-0.09164021514175001,1.0950333880626604,-0.21296023884644827,0.7950010910886456,-0.6848269836717671,1.2258773252153972,-0.3378690337937649,-0.37489072671452617,1.2258773252153972,-1.0274095385099435,-2.2372762296371156
2020-04-15,0.03654876648002642,0.5584164018229416,-0.10899219195044321,1.1484485136939984,-0.21895010270250828,0.8165663439733781,-0.6658140064301724,1.197670074473959,-0.3190174006039895,-0.36644051145447437,1.197670074473959,-1.0352757047359786,-2.2408302570406953
2020-04-16,0.020290545038628153,0.5670748350811141,-0.12767593420847348,1.1889091053384522,-0.21754856220091098,0.8704967439433692,-0.6108453030441852,1.1296808058263648,-0.27857489234257926,-0.33577565402417897,1.1296808058263648,-1.0498801777444586,-2.2858323174895077
2020-04-17,-0.009486388649578128,0.5681098417154578,-0.1622970665090659,1.2424447822062952,-0.22502992928496243,0.9235830476972926,-0.5470801643207335,1.0802876915351716,-0.25921320614026677,-0.34286127632244595,1.0802876915351716,-1.0505231428124004,-2.298221880649934
2020-04-20,-0.06619800968592926,0.5762325804719693,-0.21866541917723267,1.2896302131274964,-0.25672134955801834,1.0002793063973665,-0.46457653912785796,1.0194888317599302,-0.20362871799400642,-0.3568450008801477,1.0194888317599302,-1.0172994290818045,-2.3211852980116965
2020-04-21,-0.10049618575175893,0.5867043104038323,-0.2565196918430269,1.328912307844496,-0.2748577201062811,1.0632776918766988,-0.3941920300938409,0.9563620065081134,-0.16727422359497754,-0.36773476507553615,0.9563620065081134,-0.9893843137734498,-2.3411593929023815
2020-04-22,-0.114180288321935,0.6029269007357879,-0.2867436028309454,1.3732647628243275,-0.2932774639334071,1.1239381496821108,-0.3385517143113982,0.8895484374921713,-0.13801222385664796,-0.38086329859403867,0.8895484374921713,-0.9898752779546713,-2.3377228184235257
2020-04-23,-0.12936197042313513,0.6305423523512204,-0.3245506758135977,1.418611884386348,-0.3081201864255723,1.2045260080021178,-0.27528408172838303,0.8116075682128643,-0.10747408058366222,-0.42613268464666354,0.8116075682128643,-0.9930582616654753,-2.312913439878926
2020-04-24,-0.14265392190728096,0.6425098390882755,-0.33961397415573835,1.47407350008087,-0.3039556308627286,1.2209000971194102,-0.23340220190988992,0.7510668442404479,-0.06169333168590387,-0.47942436834260854,0.7510668442404479,-0.9672110631149561,-2.311662632790345
2020-04-27,-0.1467196976428924,0.6610234538946426,-0.34701291611207147,1.5440265129118205,-0.2763124763474387,1.2476809738849008,-0.21666104973071781,0.6781805426616693,-0.014158050650332703,-0.5336720321562133,0.6781805426616693,-1.0084435675226204,-2.266112235852415
2020-04-28,-0.1678579060402528,0.659472249259351,-0.3739190835019509,1.6070972558201373,-0.26089940631745784,1.2715120348304398,-0.11571090850730106,0.6196670760660319,-0.012387137130681982,-0.6033883925507709,0.6196670760660319,-1.0197159199971073,-2.2235369379964687
2020-04-29,-0.18033408834600473,0.6622696107168631,-0.40121026699290646,1.669469990595054,-0.24194678358721117,1.2916355730122966,-0.026100871580649446,0.5390176827555895,0.009813575804222235,-0.6713740829527567,0.5390176827555895,-0.9899661478095126,-2.200291874370574
2020-04-30,-0.19609980973355814,0.6435891889918206,-0.41384253510086566,1.7359342493280787,-0.22485443705152672,1.2908960323194192,0.11181394445287818,0.44752691221427715,0.02498864571652154,-0.7283884243216132,0.44752691221427715,-0.9472712570984662,-2.191819421931242
2020-05-01,-0.19714997829082787,0.6388105413511195,-0.42961759303566643,1.8164190685299215,-0.19306716360352683,1.2641640602708828,0.2440592872750282,0.3382953362690997,0.040164121773089125,-0.7629614583969068,0.3382953362690997,-0.9304166724536868,-2.166994885957626
2020-05-04,-0.19395254541554877,0.6331931902503303,-0.43896393027905567,1.890791404808656,-0.15602157281483947,1.2647896211717538,0.36893384618987823,0.20594924435113524,0.05328867587444964,-0.8237774888396262,0.20594924435113524,-0.8981921899791021,-2.1119874996691657
2020-05-05,-0.19329843555226672,0.6161393425135334,-0.43811731933161696,1.9307150820818526,-0.09369404132135975,1.2156492455705388,0.6448138196221979,0.05268461162363993,0.02436083462769281,-0.9006987937653249,0.05268461162363993,-0.8614920725683722,-2.049746885124155
2020-05-06,-0.18619587486521139,0.5910368742350803,-0.4396108049683336,1.943956347449465,-0.017690891601745855,1.179718943745118,0.9327200933594114,-0.14092780309200087,-0.010624684677429764,-0.9832240825164225,-0.14092780309200087,-0.7924588145808981,-1.9357714993950315
2020-05-07,-0.18836727103262568,0.5526417628481157,-0.45698342021074784,1.9649930681159857,0.06029908130496477,1.1116411944457076,1.1712767103895665,-0.2956660451505552,-0.057983729718583725,-1.1010420841611164,-0.2956660451505552,-0.7087186562054454,-1.7564245654747108
2020-05-08,-0.18108836745645643,0.5155299492512239,-0.46571899651577503,1.9572382226022567,0.12121310944454415,1.0724655662927063,1.361041788273546,-0.4714936112633913,-0.11279186239961975,-1.2148952724789601,-0.4714936112633913,-0.5665974249177871,-1.5434094895688972
2020-05-11,-0.1687444015183293,0.4705265217134475,-0.46060224733452615,1.9024535525415398,0.16908910091519103,1.0003696142435659,1.5612303948328021,-0.6271628841688588,-0.17089994507333933,-1.312030117814699,-0.6271628841688588,-0.41804551684773267,-1.3190211873202018
2020-05-12,-0.15604744830352618,0.42913538568878545,-0.43949057952981585,1.8318366576062861,0.2049421205156707,0.959411986177658,1.6970953216807927,-0.7795526715620049,-0.20816853272096378,-1.3504729730362472,-0.7795526715620049,-0.3016041265434839,-1.1075324684111456
2020-05-13,-0.14515794345910038,0.3990124869608188,-0.41304895069894826,1.7536692587867535,0.25433162224185857,0.922571474316035,1.7777635509496634,-0.91390904681554,-0.24910185694865458,-1.4184088346303987,-0.91390904681554,-0.21239761901748633,-0.8414150948694612
2020-05-14,-0.12420092141305446,0.36659031793177477,-0.38079665367308374,1.6771525658070607,0.3310004855251857,0.8918600842388589,1.8024795582997177,-0.9882265201585279,-0.2684948938656618,-1.4704741456702404,-0.9882265201585279,-0.11550423303143441,-0.7331591238320655
2020-05-15,-0.11630975751142623,0.32452473590545206,-0.36442965225140583,1.579816418201899,0.4034092872670951,0.8744161092963615,1.8166460454392006,-1.091495059682841,-0.2656953160057788,-1.497635204443264,-1.091495059682841,0.0016152791140631535,-0.5733678256465156
2020-05-18,-0.11656567431947493,0.269747427134329,-0.3349223737439125,1.4457792585732117,0.5013473972720117,0.8794213963656917,1.8107157263886589,-1.1944877325895724,-0.28596911297181504,-1.5294688468090378,-1.1944877325895724,0.09982507814236234,-0.3509348108528791
2020-05-19,-0.10356080620058007,0.20026791392097923,-0.3208995420212022,1.2987148872864254,0.5771864830251842,0.8969875491222885,1.7933481073933817,-1.2869522810118053,-0.31760855623896256,-1.5319461390342168,-1.2869522810118053,0.18590035023441306,-0.10448568546410304
2020-05-20,-0.09542313556516181,0.11992755201022928,-0.3203746109072946,1.1127993535217346,0.6319081469974006,0.9197969957145511,1.7630523480132234,-1.3857438610515473,-0.33989114085136435,-1.488534952092426,-1.3857438610515473,0.24841019576730225,0.21981696949489923
2020-05-21,-0.0822701909693784,0.05145262306059091,-0.2958420171427175,0.9171268804055712,0.7049852236664323,0.9471712698687734,1.7348933545776941,-1.475628179067158,-0.3395391070081836,-1.3902331092663354,-1.475628179067158,0.2905536654948994,0.41295776544696694
2020-05-22,-0.05609086953897709,-0.007002336876429013,-0.2647493672514295,0.7612049267321528,0.7707428136145977,0.9455123022108634,1.7271932737142945,-1.518295696002985,-0.3463291837071636,-1.3367736235576078,-1.518295696002985,0.37980349669744423,0.4630799599682246
2020-05-26,-0.03215646186892367,-0.05548160773822272,-0.2473111879645021,0.5957602195163655,0.8190052026455857,0.951481217772094,1.7181572959265436,-1.546447080361929,-0.3506008305418497,-1.2887649465303213,-1.546447080361929,0.4609239201857968,0.5218813393212937
2020-05-27,-0.024296716774535217,-0.10387953285743992,-0.21779661329629726,0.45809634564430557,0.8590238361914008,0.9378013379659362,1.7114306627225144,-1.5641913243751233,-0.3521724099248618,-1.246793910282396,-1.5641913243751233,0.5665712637405109,0.5403983856211105
2020-05-28,-0.003747220134414286,-0.13835793980255132,-0.18198110895416547,0.35169058152968086,0.9212227257662854,0.9174172199705659,1.6428273134668683,-1.5995921853021144,-0.34911572460193036,-1.1952080344917042,-1.5995921853021144,0.6679195645141057,0.5665169933414834
2020-05-29,0.016802520722051857,-0.16593005753680784,-0.13339254118610636,0.26199614060469717,0.9827585056750319,0.8985868820906291,1.5555349420014781,-1.6211002154432181,-0.348025879289191,-1.1784511927344048,-1.6211002154432181,0.7555346262902356,0.5967864842488242
2020-06-01,0.031349669100825935,-0.1948153850709628,-0.12097616024175636,0.18398692827222005,1.0173530950810148,0.9241160664222168,1.4682288825075085,-1.6183297828828098,-0.34566866341910657,-1.1887373241615036,-1.6183297828828098,0.8510269973620705,0.6107954599130929
2020-06-02,0.04174339123236794,-0.22934954671129762,-0.11761878760207588,0.06961294896053721,0.9979313607169679,0.9347158907069567,1.4419155166979263,-1.6104561646082516,-0.33317470307693653,-1.1729254805821558,-1.6104561646082516,0.9413863125978494,0.6466754262763612
2020-06-03,0.0352748727040779,-0.26796621016755606,-0.1253748456286599,-0.0015568725181945098,0.9448496992189005,0.9291160741643,1.4584536584231163,-1.609674226477689,-0.30220479841437853,-1.1336001135845495,-1.609674226477689,1.006257419979522,0.6760995687788035
2020-06-04,0.029131074692704033,-0.3182968453522042,-0.1339593652947225,-0.0734132420478925,0.888085440535313,0.918078632269942,1.4191561532921297,-1.625071253927603,-0.25684117693949304,-1.0602149292797844,-1.625071253927603,1.1026630382586435,0.7357537277205766
2020-06-05,0.0171648112036774,-0.3711487053347009,-0.16134300185429692,-0.13457038099741006,0.8333890274752219,0.9146425004551978,1.3807398881303492,-1.6338182842920694,-0.21772337632747193,-0.9803927030954411,-1.6338182842920694,1.165371864791879,0.8215066441371288
2020-06-08,0.01676724934361265,-0.4194282950966231,-0.17399137424654754,-0.19451820021980312,0.793886009865555,0.9181374725730415,1.3516099875626224,-1.6458369877439372,-0.16289781041929205,-0.8998659246571102,-1.6458369877439372,1.225774672928981,0.8362001878534343
2020-06-09,0.00626800383692849,-0.4670945865194183,-0.19646390434061026,-0.24561508891909603,0.7431792537396607,0.8913215510413449,1.3348623823154586,-1.6379904206041098,-0.12447609259497353,-0.8412564244445214,-1.6379904206041098,1.3102606918686077,0.8649950552248371
2020-06-10,0.011569190359653841,-0.4996969518997016,-0.21311137680261155,-0.2741194581515951,0.7194278865040186,0.8776695098192256,1.2941921199848885,-1.6332278811128884,-0.09522711188777118,-0.8054088142930173,-1.6332278811128884,1.390454968548808,0.8607058000438782
2020-06-11,0.014233830083259746,-0.5249950230672504,-0.24098315124090797,-0.3031054049093271,0.6808900572965907,0.8473205405633507,1.302396843362351,-1.6169173256945986,-0.07894365409955775,-0.7890318000202741,-1.6169173256945986,1.421410105940947,0.9046423074800162
2020-06-12,0.01883173854649466,-0.5523956942794929,-0.25846682940912374,-0.3157485000020388,0.6653089495006472,0.8459946001382616,1.3293543855065368,-1.6024980556185264,-0.06558766089275661,-0.7785453095901533,-1.6024980556185264,1.452687257970355,0.8635631737483243
2020-06-15,0.030565744519768352,-0.5647022106799456,-0.26797723451118644,-0.34923998258862393,0.6599642381757654,0.8383013690826514,1.3076798736600805,-1.6045038805577423,-0.04450277334048637,-0.7385897753616185,-1.6045038805577423,1.4925862889657633,0.844922223193318
2020-06-16,0.04428234637267271,-0.5831362174455464,-0.2774193711711312,-0.3665543876436601,0.6609569625197232,0.8209247779889646,1.308346518364886,-1.5902069380350292,-0.03845720837397392,-0.7436617611599948,-1.5902069380350292,1.5230827701727834,0.8320494464453339
2020-06-17,0.0779083938523469,-0.5967585005050193,-0.2872538471639246,-0.37931035970066984,0.65899532648701,0.7773755761359255,1.3083939848114665,-1.5956556553233134,-0.0026984050259781425,-0.711767687666034,-1.5956556553233134,1.566419537577752,0.7800072918437532
2020-06-18,0.11902644905183606,-0.6066530254210419,-0.2839586347961515,-0.3689261134208253,0.684113336549957,0.7467850606490019,1.3248575023115665,-1.5999476921081395,0.004127930211470697,-0.6992821637889358,-1.5999476921081395,1.5941525110535022,0.6856525318158951
2020-06-19,0.14667467601990705,-0.6129303025773892,-0.2903391193683286,-0.3691653135212249,0.6822211108663653,0.6931542047056503,1.3469460300994058,-1.6019881021162412,0.03185972430903509,-0.6789349392672276,-1.6019881021162412,1.6201998386400953,0.6342902943261918
2020-06-22,0.16009177861495305,-0.6250091460689159,-0.3116096139362692,-0.36850273448287774,0.6528930532207272,0.6360968365387369,1.3783540603220656,-1.5901511014217025,0.03898876821848394,-0.6634493032404036,-1.5901511014217025,1.649387215001163,0.6330612886557434
2020-06-23,0.18212183709630925,-0.6299473942217408,-0.337280054873744,-0.3497821252963376,0.61344222832955,0.6132687424827596,1.4021841532344996,-1.5993887197446897,0.06781117593085383,-0.6246814969993995,-1.5993887197446897,1.6537636621486986,0.6078767116579301
2020-06-24,0.21027504144801917,-0.6270621044046037,-0.36408765245608216,-0.32921867184628173,0.5582199201248816,0.5683637578306479,1.4338582854270885,-1.611865588125794,0.08753693465689147,-0.5785686878271346,-1.611865588125794,1.6463201880241352,0.6180941652740257
2020-06-25,0.24501107437865083,-0.6184058641054542,-0.4022080899185671,-0.30451821420469044,0.49844300468494684,0.5477512716121291,1.4675000653325792,-1.6152859546174594,0.10224259543334258,-0.5540197875681759,-1.6152859546174594,1.6424720997430104,0.6063037538471495
2020-06-26,0.2904577034288674,-0.5942921835862581,-0.4302446353631791,-0.268368625531861,0.4552154209983726,0.5635448145895098,1.5022464864838185,-1.620851266613425,0.1254150482859111,-0.5695660315727095,-1.620851266613425,1.6225052065795864,0.5447893289147892
2020-06-29,0.3293482843487709,-0.5772154947960152,-0.4856187426215859,-0.23266981730203662,0.39077872446334605,0.5821196213004715,1.5639082882193005,-1.6256059297123813,0.16483742512371996,-0.5401747183395158,-1.6256059297123813,1.5818004360340394,0.4740978529942663
2020-06-30,0.38346268935566075,-0.5479150921458619,-0.5351937447829767,-0.2086022515044027,0.3413197488353552,0.5693142346427806,1.6107989458295688,-1.6281157984770167,0.1905322833151911,-0.5234397560750195,-1.6281157984770167,1.5463208263924926,0.42963371309124154
2020-07-01,0.41765650658931597,-0.5192347675956817,-0.5905277636150705,-0.19310845381794467,0.26429721958960456,0.5634111077142018,1.6292699492357294,-1.6429440542808436,0.21272282073605206,-0.4819905478620492,-1.6429440542808436,1.4842000872843426,0.4991919503031872
2020-07-02,0.44154153266572294,-0.4939867905395253,-0.6449184786256288,-0.14725482937101048,0.20485822507192475,0.5443218911361429,1.6750942337168682,-1.6431957772757169,0.1995945826308098,-0.47114735188908236,-1.6431957772757169,1.413646960500455,0.5646415792547558
2020-07-06,0.4577206483047565,-0.46092049967991433,-0.6834467033099848,-0.10165866476668523,0.13646630576112875,0.5396684660029477,1.7471198757094657,-1.6350961331174572,0.16639813771755307,-0.4887800925159322,-1.6350961331174572,1.3016875980495448,0.6559371949620382
2020-07-07,0.45773114816533644,-0.41789227169161375,-0.7049928450541045,-0.03748198630082542,0.06828856600180674,0.5004376693393547,1.870583547791459,-1.6065650865954815,0.11068487624969517,-0.5435498170796248,-1.6065650865954815,1.1426636341078145,0.7666576516616668
2020-07-08,0.45861065711271337,-0.37479299714329367,-0.7147625531870386,0.023484202100577622,0.011283346709432571,0.47839386335247297,1.9893702212207045,-1.5644993674625995,0.05041068331913749,-0.6174804232298874,-1.5644993674625995,0.9742123449790185,0.8502693896913616
2020-07-09,0.47129087473631653,-0.3284076316320133,-0.7262065665606208,0.08960636482165947,-0.031983246573300504,0.4866838275369254,2.055970187523589,-1.5325601192461533,0.006648548234304282,-0.6827091906485067,-1.5325601192461533,0.763032769896361,0.9611943011575903
2020-07-10,0.4461347963940694,-0.29050561950234033,-0.7292601139255068,0.13846107622585524,-0.10150146028859805,0.47606967146637025,2.0961390319415836,-1.4891224115319706,-0.030195559778946834,-0.7244490752241882,-1.4891224115319706,0.590196499694641,1.1071555760610032
2020-07-13,0.4213101804637404,-0.2730331629119004,-0.7225567964860408,0.18825533799157457,-0.1444976111976117,0.4490741294178451,2.1709971975427655,-1.443506657493104,-0.06059563364354315,-0.748539351880565,-1.443506657493104,0.46222758860721846,1.1443714370827254
2020-07-14,0.4029691761318059,-0.2576761026940503,-0.7121528623255745,0.2241159308631358,-0.18493225082459533,0.41975637578462077,2.2257018918182174,-1.4119092309247863,-0.0723909429924898,-0.7431576360511851,-1.4119092309247863,0.34391379830613233,1.177671083833555
2020-07-15,0.37906392329823163,-0.24248243967415276,-0.6940269255296591,0.25130866733942486,-0.23826240449125402,0.388456541707125,2.2711099976260005,-1.3674126946957894,-0.0971558770313718,-0.7286159167445012,-1.3674126946957894,0.1923913078321932,1.253038515059542
2020-07-16,0.34192664614132745,-0.2349252499938862,-0.6754967602493451,0.25147318583555106,-0.29592526144432557,0.32405735964495813,2.246324935227012,-1.3083628544964518,-0.1389227578130841,-0.7125372659354573,-1.3083628544964518,0.05609677514566049,1.4546541024344926
2020-07-17,0.29998970791857915,-0.2336791685451009,-0.6583542272811769,0.2605621952642693,-0.342169202868174,0.29185257717526375,2.2239355157412994,-1.243275551014595,-0.17988184743860786,-0.7158654926691537,-1.243275551014595,-0.06166262031437151,1.6018236650463618
2020-07-20,0.25805980922914107,-0.23542196867746415,-0.6409442948223033,0.252211603939472,-0.37766802127440396,0.2512133583559893,2.1878919716281255,-1.1825330132042857,-0.21470855280996182,-0.7208616900703648,-1.1825330132042857,-0.13542416885174471,1.7407179797620844
2020-07-21,0.22069276572996135,-0.2342099718129182,-0.6116531757505196,0.2690886165743166,-0.408438539026699,0.2205437007663679,2.179637402934798,-1.1300201319338226,-0.2584218849512031,-0.7182464178923985,-1.1300201319338226,-0.2156954744951952,1.816743241791136
2020-07-22,0.1898868812388149,-0.23534505112925697,-0.5860742557174768,0.27737966739092096,-0.4481199265775819,0.1840033896100209,2.1570246024779256,-1.0823857972524231,-0.2782134130405223,-0.7212146294747628,-1.0823857972524231,-0.26871285555964025,1.894157185286407
2020-07-23,0.14472771866898376,-0.24262245961568257,-0.5613885257413344,0.264000567337676,-0.47679453100499375,0.13967192205408033,2.109831020865692,-1.028202883029146,-0.3086247296099878,-0.7117892713549464,-1.028202883029146,-0.30720423084965953,2.006598285308465
2020-07-24,0.09212987502004609,-0.25859453240911784,-0.5459564501736776,0.2476301389223969,-0.5083196492206462,0.10661953788280942,2.0688286870012824,-0.9781922776904732,-0.3278256922100808,-0.6804299536328458,-0.9781922776904732,-0.33917919248892064,2.1014817866896993
2020-07-27,0.05073571697494801,-0.2695219945133369,-0.5309625248943673,0.23573185555316517,-0.5271007097449601,0.08639152896299428,2.0289782729549564,-0.9416947220362759,-0.346032475170724,-0.6601954856558439,-0.9416947220362759,-0.35886614921269805,2.1742314088184194
2020-07-28,0.010277846738398993,-0.2838091143728511,-0.5169917881733275,0.21892702653615162,-0.5459059233552371,0.061793910107299295,2.0052402050077185,-0.9067121118691234,-0.35878064108196345,-0.6373057555963985,-0.9067121118691234,-0.3685525189375953,2.228530976866053
2020-07-29,-0.023273082549908078,-0.2992899337659369,-0.4976686060185622,0.20213357167845591,-0.5423282059225681,0.04306770397583596,1.982840383678964,-0.8840859537570461,-0.38045775429281653,-0.6262020088139021,-0.8840859537570461,-0.36267464829167545,2.2720244878362057
2020-07-30,-0.051623738918649575,-0.3102424621005283,-0.4781819551792116,0.2002618972154825,-0.54000309479194,0.037038152294453786,1.9802764058543059,-0.8707104291252435,-0.3986614184623052,-0.6117095622068632,-0.8707104291252435,-0.372575446320277,2.286842080866019
2020-07-31,-0.06189115778997001,-0.3212943295664386,-0.45746635273933967,0.21496816010327296,-0.5380895026166577,0.03702444747467206,2.009544374366252,-0.8627000391389413,-0.41663658917669155,-0.6184640868072101,-0.8627000391389413,-0.3841739181967202,2.261879033226712
2020-08-03,-0.04091858944973356,-0.3338995613101041,-0.4528849096245232,0.21798793196186617,-0.5328532323868832,0.03666596608562099,2.0160690503471383,-0.8552599552087548,-0.43021440217937373,-0.6212082628295655,-0.8552599552087548,-0.40376266109766246,2.25553858090073
2020-08-04,-0.015074627025767723,-0.33486100164288524,-0.45863109298422494,0.21140215401706136,-0.5231443697053405,0.042231974164891585,2.000022748928065,-0.8489354607335976,-0.4449467382711785,-0.6267816954003902,-0.8489354607335976,-0.4211500487119296,2.2688036180988926
2020-08-05,0.015064698396006448,-0.34159298792731185,-0.467787798191513,0.19845328015597613,-0.52341833455348,0.05717721784936087,1.973163006330015,-0.8451957899300081,-0.45278929879933943,-0.6326829025107314,-0.8451957899300081,-0.4243408071255567,2.2891455062365904
2020-08-06,0.04029251953846803,-0.3513071855297583,-0.4822230392428597,0.1918261123590379,-0.5328983998189668,0.06501540359916179,1.9297485197974542,-0.8490770348170356,-0.4610537422279667,-0.6316394937162721,-0.8490770348170356,-0.3906931466149529,2.321086521490727
2020-08-07,0.07631522947176407,-0.36162539502301716,-0.4914503017700329,0.18511756185066697,-0.5253706680748704,0.07047307311468687,1.9215630439630813,-0.8541998092642217,-0.4741443463695888,-0.6458333967624489,-0.8541998092642217,-0.3659319971227894,2.3192868152509925
2020-08-10,0.11409939270812662,-0.3761453505479721,-0.5019465779047677,0.16501262495792943,-0.5117259153330425,0.0690189615179233,1.9184087992410097,-0.8582397282613483,-0.4866113569666708,-0.655566285242475,-0.8582397282613483,-0.33486328823087186,2.3167984523235075
2020-08-11,0.16724102795804302,-0.39374988584051207,-0.5181828480855121,0.14843363206495727,-0.5049976332874884,0.07861298224253438,1.8802236369017247,-0.8675617671668415,-0.4958906931628423,-0.6726872691525977,-0.8675617671668415,-0.2870837109056314,2.333204295601004
2020-08-12,0.20446168236476525,-0.4096379015095566,-0.5333251949943421,0.1270919118073244,-0.4966922434703165,0.08677567023448253,1.815183123410097,-0.8721370112505215,-0.5005361097365487,-0.693277109895618,-0.8721370112505215,-0.22969212267487457,2.373922316965632
2020-08-13,0.24854024128875218,-0.4212837153784539,-0.5481867368233313,0.11992751218845771,-0.4865115616759939,0.1001436826911049,1.7844602736016686,-0.8764021239055081,-0.5029811519133927,-0.7188729872851666,-0.8764021239055081,-0.2031141158635983,2.38068280698097
2020-08-14,0.3170100049557762,-0.43696261572288053,-0.5674454811247437,0.1390225630574544,-0.478923481844734,0.13900973931839675,1.8206273378710913,-0.8981791762106721,-0.5121046774167943,-0.7752614832365624,-0.8981791762106721,-0.15168331128856136,2.3030697578529034
2020-08-17,0.3890638731541408,-0.4423354553347961,-0.5889187358820278,0.15425431338783485,-0.4696517270325568,0.1925958887621843,1.8625873242973208,-0.9185739798842076,-0.5238931234224743,-0.8400645171162517,-0.9185739798842076,-0.10482295219781372,2.208333071152855
2020-08-18,0.4580036595087286,-0.44440007796709063,-0.6100527021209813,0.17271038936425237,-0.4629748913757547,0.26840165975035,1.9275981150945505,-0.9377849923572059,-0.5304834794800712,-0.8996556582314253,-0.9377849923572059,-0.08488629425303393,2.0813092644248883
2020-08-19,0.52218680850311,-0.45741144200473927,-0.627225780451942,0.1683199632611587,-0.4460848437187225,0.3330710994969837,1.9258314010826625,-0.9388964368717767,-0.5346827338494063,-0.9737434315394382,-0.9388964368717767,-0.05182367355697935,2.019355506520866
2020-08-20,0.5941227061740723,-0.4689600326254459,-0.6462776319160161,0.1650955420704099,-0.4141654092785443,0.40322195803136185,1.9483036704261647,-0.9450794969961306,-0.534887827832197,-1.058046493876804,-0.9450794969961306,-0.011388276747476018,1.9131407895667345
2020-08-21,0.6839611371632754,-0.48219989391589,-0.662304146092556,0.17498434326137147,-0.3628165545513095,0.4723984118287439,2.0126930592865,-0.9534784978154164,-0.5366559353967234,-1.166602970738626,-0.9534784978154164,0.05463506678405372,1.718864478001993
2020-08-24,0.7857747024166414,-0.48069507796810906,-0.6625777727860404,0.17756668870490294,-0.3042714472587614,0.5507367243150099,2.0445997370667293,-0.9573529677465731,-0.5354627817708214,-1.2847416971173797,-0.9573529677465731,0.09914222225539857,1.5246346376355746
2020-08-25,0.8751692961072551,-0.48363215300438267,-0.6616840719336478,0.1646783929105991,-0.2450347605174681,0.6036968383335286,2.0834222647824467,-0.9648612349890878,-0.5253080087443706,-1.3603894849765852,-0.9648612349890878,0.15282715070661657,1.3259770063141825
2020-08-26,0.9527734557881419,-0.48613650576601286,-0.6621856091263685,0.15077484256609075,-0.17744600518512724,0.644887392466684,2.0777192901239157,-0.9713864655655523,-0.5198524675298134,-1.4301400712010481,-0.9713864655655523,0.217494576232008,1.1748840327626335
2020-08-27,1.0077701658238296,-0.48578504654072485,-0.6506144008844076,0.1376179235995885,-0.08641263213341599,0.6659940430718945,2.074909927623104,-0.9803776292672892,-0.513470658147469,-1.4882074542310617,-0.9803776292672892,0.2585969930606588,1.0403563972925831
2020-08-28,1.0286357383873015,-0.4767995413644644,-0.6447637465294832,0.11159718200338994,-0.02611527123032534,0.664212116581163,2.0606787421411643,-0.9807226028550324,-0.5028222635091371,-1.5307358846754893,-0.9807226028550324,0.27653173700405814,1.001026396901888
2020-08-31,1.0377373437200652,-0.46413375389065703,-0.6413993672248146,0.0839404368319725,0.0324242183678379,0.6666100058584737,2.0468233322831195,-0.9794027235958164,-0.49265414336836066,-1.5690650505592048,-0.9794027235958164,0.2833826499810367,0.9751397751921663
2020-09-01,0.9983197422502972,-0.4542569993103465,-0.6149991452837641,0.043831085869676815,0.04547727011391701,0.6715890127002724,2.0967854596450595,-0.9688992228528491,-0.47858815620807216,-1.5830147618340742,-0.9688992228528491,0.2750616061745452,0.9375933315881879
2020-09-02,0.9832892638863463,-0.4701370042132329,-0.5836001280357802,0.02866575648023564,0.06959483493518963,0.6837163767349629,2.1272676150177454,-0.9640973619255666,-0.4519391416851259,-1.6035142938944777,-0.9640973619255666,0.2696827498064127,0.8751686948188588
2020-09-03,0.9657267780115707,-0.47620409400706515,-0.5442893830915418,0.01290654750646646,0.10503167145954492,0.708068336739236,2.14510662917796,-0.9687804819315222,-0.42591898884250134,-1.6263055925332557,-0.9687804819315222,0.2621059369686406,0.8113331224739884
2020-09-04,0.9508958135989828,-0.4841383183234709,-0.5081986654243451,-0.008215897298577683,0.15280724071488364,0.7213374032567156,2.169924480268456,-0.961677009383297,-0.40435877703792,-1.6442925348309818,-0.961677009383297,0.20939522521214152,0.7681980486307102
2020-09-08,0.9190925715049781,-0.5034377381519348,-0.4900080506941791,-0.036873012221421086,0.15704547017492246,0.7192639259650666,2.2143710820904268,-0.9534131038083729,-0.3694271715045649,-1.6349475791474766,-0.9534131038083729,0.1890073801134271,0.7427393294874994
2020-09-09,0.9047194724231911,-0.5248672548336082,-0.4756483468216189,-0.05471446510695967,0.1595068188262857,0.7288209226529146,2.2229827345120716,-0.9446267064894346,-0.3355456773246688,-1.6469882214358609,-0.9446267064894346,0.17824108947086795,0.7327463406162561
2020-09-10,0.8711936940764563,-0.5230665929244371,-0.46234955949541884,-0.0681855661938953,0.15711022667646626,0.743372806201158,2.242613225807529,-0.9372558841193168,-0.30462893715886713,-1.6557701850471531,-0.9372558841193168,0.1464206323883026,0.7278020239084939
2020-09-11,0.839124506949314,-0.5226620358444556,-0.45060635953450495,-0.08072559326039594,0.15697197253867323,0.7545312578699466,2.2768629602389714,-0.9242524352084097,-0.2787166087021929,-1.6585800351437656,-0.9242524352084097,0.11624394364539581,0.6960608616598342
2020-09-14,0.8103013917167862,-0.534007652264982,-0.4440959975973941,-0.10386243586428741,0.16453846993138665,0.7587877114752285,2.29169078385962,-0.9133919347376589,-0.2542845314970553,-1.6730142634012386,-0.9133919347376589,0.14583524964883995,0.664895143468415
2020-09-15,0.7766894398882774,-0.5477477808390816,-0.4482501360830199,-0.13372684229973036,0.1648160115172877,0.7819213066937738,2.331433725835869,-0.9090966142187497,-0.22444190724559818,-1.644301409329043,-0.9090966142187497,0.15005249820142427,0.6117483220973393
2020-09-16,0.7379303063618652,-0.560025303318817,-0.44677465504317315,-0.16160304415265947,0.16699660567982502,0.7906586965166431,2.3758621190949465,-0.9115729473697393,-0.19095611116055977,-1.6078772449760401,-0.9115729473697393,0.1641980096719983,0.5547365160654498
2020-09-17,0.7126296675785581,-0.5809472512902354,-0.4508839217001806,-0.19549093886454047,0.17114959935000115,0.7748771405326448,2.4041919842421233,-0.9190041929693656,-0.15112553788114044,-1.5739519884327489,-0.9190041929693656,0.20676444772882713,0.5207951846754212
2020-09-18,0.6988212987889778,-0.5987160178609335,-0.4676797686936024,-0.24902715837384976,0.17874896598095613,0.7850309254975036,2.4429634744014668,-0.9208629709941146,-0.08943778995610373,-1.5246051685885915,-0.9208629709941146,0.2770161280173396,0.38861105277506697
2020-09-21,0.659167374232049,-0.6198036327820746,-0.4927665471912882,-0.30437783172536786,0.17863364904357212,0.7826050974760163,2.481712968452277,-0.9198907624056577,-0.044334481214034736,-1.459843263058565,-0.9198907624056577,0.33611157258204044,0.3226766189966904
2020-09-22,0.6270915817348512,-0.6449300156371898,-0.5315615016387277,-0.36362166171363375,0.1624906266743866,0.805458812717165,2.5020088395454088,-0.9180576388715738,0.010711065059764815,-1.3911619640107393,-0.9180576388715738,0.3627253483886139,0.29690414662324793
2020-09-23,0.5796567334658252,-0.660749140344543,-0.5664474623082639,-0.3996554153469594,0.1699936199996629,0.817772015703298,2.5201632068024535,-0.9244822465050095,0.08361207704252122,-1.327432727995244,-0.9244822465050095,0.41552930604418026,0.2165222799470902
2020-09-24,0.5217994426802474,-0.6811080149922141,-0.6101462045519775,-0.4450654405196759,0.17294572355863372,0.8338473089188241,2.5383199149728473,-0.9144595246025155,0.16352179987656432,-1.262926932259963,-0.9144595246025155,0.460634579403265,0.13709687211848098
2020-09-25,0.47296674382738285,-0.6943190027275689,-0.6537134027240314,-0.4917462704571049,0.15569076216031513,0.8639628264398834,2.5565845502528095,-0.8909527464456848,0.25482792311748864,-1.1950763540791127,-0.8909527464456848,0.4866775810828467,0.026050135998461604
2020-09-28,0.42944932987888773,-0.7086300209591766,-0.7186006755289798,-0.5488565551903085,0.06778103431814861,0.9219901579371746,2.555000442002503,-0.8532138093782506,0.36539946091432945,-1.1125411739736772,-0.8532138093782506,0.5295256113474497,-0.07408999198984974
2020-09-29,0.39114409855902776,-0.754143864278915,-0.7850304655288943,-0.6052136603795645,-0.005726729860714018,0.9841009568350862,2.5170820993747527,-0.8254949077955794,0.48947398940623443,-1.0174067057693994,-0.8254949077955794,0.5779272976762605,-0.14121720044271602
2020-09-30,0.33730956433560905,-0.8144624115481947,-0.8592955303862995,-0.6685823862987098,-0.07806366067359392,1.0159769459201513,2.4723736518331805,-0.7949302417474868,0.6012882711135829,-0.9031263523377098,-0.7949302417474868,0.6477093823926511,-0.1612669908556933
2020-10-01,0.2478354399980556,-0.8910706730003436,-0.9682794479050065,-0.772185918401362,-0.1584404107105909,1.0687867991988083,2.36147977368135,-0.600464509129101,0.7254671803642407,-0.8649467365736843,-0.7930263051270526,0.7668000101258522,-0.12195520252116537
2020-10-02,0.10077556975802379,-0.9459701213810765,-1.0597294188606545,-0.8613834827956279,-0.24422009828964825,1.0678383282958896,2.2828583539469207,-0.3598568005034721,0.8220821210610106,-0.7808125699411652,-0.761904637864114,0.8941321232844238,-0.15380936671051143
2020-10-05,-0.02510905883704664,-0.9913786108623944,-1.157483665121165,-0.9249452603341809,-0.3421893811915185,0.9971589397722391,2.224263794646357,-0.08758333668551337,0.8658917581820897,-0.6989216300589788,-0.683073948275901,1.0079177945994693,-0.18454739583345647
2020-10-06,-0.10766987534336896,-0.9972097418836827,-1.2225421300874588,-0.9685936246917884,-0.44588304470346507,0.9679919086595522,2.1545478589003015,0.10801078940779452,0.8913116706356196,-0.6289357015375943,-0.6506069827249452,1.0636815671693642,-0.16410269380032735
2020-10-07,-0.22643584294312186,-1.0217531439928398,-1.2942639922569865,-1.0277089866271565,-0.5523920106848103,0.9723136047574253,2.0169392605757945,0.36149535600063976,0.8694398397541577,-0.5857220168019358,-0.6425341082171044,1.1006565305647693,0.029965509871169544
2020-10-08,-0.31554912073512537,-1.001501468337271,-1.333234467115589,-1.0342727649872607,-0.6571487869351973,0.9445149035427187,1.990596748730486,0.5273625693271176,0.7845873865032525,-0.5416397408020982,-0.6766915004564709,1.0148412775351296,0.2981349637303083
2020-10-09,-0.4117440113128728,-0.9995442077539275,-1.3507703020943622,-1.054704290861516,-0.7261842751696554,0.8797932484509635,1.9413807207724796,0.7101704254727638,0.7209383240106555,-0.4541218305788681,-0.6852517451255625,0.9404772596342293,0.4895606845556731
2020-10-12,-0.47668571154051453,-0.9813992834935662,-1.363902501022913,-1.0525406953686236,-0.792686326590571,0.8161269685152701,1.865838398870524,0.8571983829303973,0.6490622050657562,-0.3913899152322511,-0.7097069469865237,0.8375329970134033,0.742552427839611
2020-10-13,-0.4989047998510679,-0.958070011691417,-1.3640828627945933,-1.023112175225961,-0.8403533855712635,0.7805728435515182,1.7897610793940875,0.9710942710642356,0.5705148423876198,-0.3613687606646627,-0.750105510448049,0.7253950774910733,0.9586593923584817
2020-10-14,-0.5452074655194769,-0.9268541111268243,-1.3539969092461255,-0.9879562096734373,-0.8699967840656391,0.7251109393275044,1.6641325105610862,1.0825300644572933,0.5171439997408946,-0.3488911397428775,-0.7747681687685909,0.6203470997569409,1.1984061742992507
2020-10-15,-0.5733433231552268,-0.8995739954442729,-1.3363395500459438,-0.9615198033619159,-0.9060256853949029,0.6675984689835481,1.496471809563092,1.1905663683238543,0.46449335852498486,-0.3230973313385334,-0.7768753769695673,0.5381381109904412,1.4195069493244399
2020-10-16,-0.5822473165362079,-0.8682144065339816,-1.3148155749576942,-0.9284873233901794,-0.9266196764239225,0.6381446767261156,1.3348944726544572,1.329321154985263,0.4106252877724831,-0.3237039268556974,-0.7839440019040228,0.46747682174793764,1.5475698127154502
2020-10-19,-0.5923988853495594,-0.8295161446043167,-1.278257773674129,-0.8811334323972455,-0.9279530650524278,0.6009207182946481,1.2175489092153005,1.433130125661021,0.3508250425872682,-0.34292750979183306,-0.8020146727909022,0.3921144294331804,1.6596622584689966
2020-10-20,-0.5927990889175839,-0.8034204834533808,-1.2526531319425096,-0.8420810139540431,-0.9416151355761051,0.5959693816350532,1.0842511425320172,1.5755121258010663,0.325243106114624,-0.33602588646756243,-0.822793659603354,0.3311731187560233,1.6792395250757544
2020-10-21,-0.6159744612549729,-0.7885334768100922,-1.2161082132755219,-0.8139670588148806,-0.9390216254837775,0.5773887527274808,0.928604427861416,1.7031145732537787,0.31045848980176827,-0.2956320366056659,-0.8519625984143476,0.30569316762729604,1.695940059387518
2020-10-22,-0.6457569753796423,-0.7828107201929738,-1.1651326972234175,-0.8233802673965417,-0.9179009709235129,0.5467049535467376,0.8213895718306277,1.8238878011002422,0.27188538055302086,-0.24381702782733322,-0.8586185480375771,0.28892198211337344,1.6846275178369965
2020-10-23,-0.6670255569451126,-0.769664603193835,-1.093268594426013,-0.8158934822349208,-0.8982262641929057,0.5054712924406701,0.7551288456839295,1.9114838950813948,0.22152563537269282,-0.22582835486100253,-0.8817206252980866,0.26449759919820715,1.6935202133749827
2020-10-26,-0.6942372373998903,-0.7610970781845879,-1.0188351406403986,-0.8058593794849312,-0.8653012834834266,0.4649699648058056,0.6866947774041714,1.9815596833499847,0.17456722703798938,-0.21068012757752336,-0.9047724784692965,0.23903384189222365,1.7139572307498787
2020-10-27,-0.7222762164240343,-0.7581272589867147,-0.9468889101591924,-0.7891468872400237,-0.8383587255151642,0.3983354020804712,0.5997537527921863,2.1027915312651677,0.12981104134017937,-0.17759066296969514,-0.8968853407795845,0.2123530516490164,1.6862292229473872
2020-10-28,-0.7497695128949414,-0.7444266568000291,-0.8733411116337259,-0.7703522537540979,-0.7968945900034176,0.3514902388028455,0.5099900929950677,2.297126085856503,0.06965727819756219,-0.14618008148633616,-0.8833910059211106,0.19038968250875238,1.545701834132926
2020-10-29,-0.7654260468312848,-0.7228415388578866,-0.8060350090743531,-0.7370761705783022,-0.7735276429710544,0.2862725598770875,0.4203413172402674,2.479805246591412,0.02347185002921004,-0.12828040422042586,-0.8431510657692362,0.1759990207510303,1.3904478838135372
2020-10-30,-0.7838085017452043,-0.736485540393109,-0.7655046696499098,-0.7181673106018351,-0.7381987445072369,0.24386122956147474,0.3424585065767845,2.5844627303455963,0.0034468032832108138,-0.04402998445544714,-0.8395831967611853,0.18726100132078696,1.2642876770260754
2020-11-02,-0.8097364642409698,-0.7254365442374084,-0.6890964954560086,-0.7263151007371372,-0.7282931381690401,0.20449277426956378,0.22079738155286516,2.6797691616477537,-0.009414637916811859,0.05324064688048268,-0.8107501624272158,0.19366158698205738,1.1470809918518683
2020-11-03,-0.8263521511565415,-0.713331156700045,-0.6105857092041072,-0.7325069966388332,-0.7224170129441997,0.16840179829573457,0.14181609023760075,2.7437900524091323,-0.020402516924009573,0.1421113407612247,-0.7984203616720345,0.17336563820221357,1.054530985333865
2020-11-04,-0.8489319006197391,-0.697312334295588,-0.5273120920567701,-0.7348006671434115,-0.7136934148313835,0.11827540541920968,0.07607780527891536,2.8131913409245697,-0.04306065411159188,0.23345607789981396,-0.7753399212640603,0.18230453046090792,0.9171458243391267
2020-11-05,-0.8618893728432604,-0.6699256201684194,-0.41168250661204386,-0.7149343513707227,-0.6600203200601656,0.08808256066079541,0.020794052564228924,2.913191477973354,-0.05778831815793431,0.3283874181002283,-0.795082781897824,0.16858262319291517,0.6522851386188471
2020-11-06,-0.8548109785308795,-0.6265590750352821,-0.2772907850939992,-0.6931768858577189,-0.5642291347903203,0.05067463196031637,-0.0449537506535893,3.0,-0.05516973397649751,0.4334244058557537,-0.7965810221549494,0.13429366985214783,0.28218889605894165
2020-11-09,-0.8082496084788273,-0.5669192417924214,-0.15129855214362667,-0.6463304785235745,-0.47476116114529304,0.03060553494070764,-0.1319498409043088,3.0,-0.0716985106041712,0.4933325997350894,-0.7656767998682632,0.08138951424879569,-0.06978763069763018
2020-11-10,-0.7434965812539838,-0.5067516618045701,-0.022507526782712107,-0.6137031513831467,-0.3890966527154718,-0.005146932167268833,-0.214919155721139,3.0,-0.07760953064603077,0.5545595648299474,-0.6831990300155536,0.05557384657550779,-0.45601040934402526
2020-11-11,-0.7023205249635431,-0.4597119406596092,0.08170285752538078,-0.6076352560994739,-0.3302564285373734,-0.06406340954346235,-0.26946609465986837,3.0,-0.0837049983105457,0.6109805665141516,-0.5836107080331004,0.03835886903127937,-0.7129707076685837
2020-11-12,-0.6361247884433724,-0.42688256505640887,0.1449648671975756,-0.5979419331515046,-0.29042202262110534,-0.11698162516989159,-0.32690962037078014,3.0,-0.09740172704621208,0.5955465881077362,-0.5094389866745306,0.025359725670635058,-0.8446583450281957
2020-11-13,-0.5852376194943161,-0.39571253126554873,0.20386320113858533,-0.5810739306687982,-0.24732803332660605,-0.14753174048128356,-0.40090978112505626,3.0,-0.11139970028918031,0.5942602295821976,-0.4482897559156733,-0.0012843288628142115,-0.9475313414728116
2020-11-16,-0.5579947996997386,-0.3798961220903674,0.2529444215055338,-0.5764498971901209,-0.21252316915160072,-0.1778496954572003,-0.4502594413778446,3.0,-0.13459209815505452,0.5883184387911591,-0.41345273748826594,-0.03230501031195063,-0.9703631795135379
2020-11-17,-0.5363805851011464,-0.37939921845399405,0.2831431638245108,-0.5684419455288796,-0.19157673203417372,-0.20789874020859905,-0.49294668391713364,3.0,-0.1615295727908907,0.5999156858373325,-0.39851841835139057,-0.07211265965639507,-0.9412143003708004
2020-11-18,-0.5120521650699308,-0.3794407209722736,0.3015155894638624,-0.558699363883085,-0.1801352372987214,-0.23667524517762906,-0.4971813318574972,3.0,-0.1925440799824753,0.5761510589794128,-0.3938265113572432,-0.11466113170534326,-0.8968487196854412
2020-11-19,-0.49565103599886506,-0.37930227170131886,0.3102562312496541,-0.5508526608927886,-0.18017135599255726,-0.26612473948265514,-0.43972644624179374,3.0,-0.22025357488678846,0.5330130515693927,-0.38777959047355015,-0.15732482083416208,-0.8719087960919422
2020-11-20,-0.4770644566040307,-0.38785765238104636,0.2998739347692521,-0.547227356382909,-0.2103122269763794,-0.2898544893843543,-0.3853430916448054,3.0,-0.24352953067170938,0.4915598028104959,-0.3916086356135407,-0.20088913636342773,-0.793324141757114
2020-11-23,-0.45467064507261473,-0.3946379212665592,0.29282860165489666,-0.5415824747026529,-0.23175502978669252,-0.30845654399279365,-0.34639186760079294,3.0,-0.25991990395510417,0.4593751842498702,-0.3914344709660595,-0.2403055641416545,-0.7382212913971189
2020-11-24,-0.4488575323690018,-0.40986828428923183,0.2601014605829959,-0.5441121786398524,-0.26878950113296196,-0.3407685015160587,-0.29162695978108066,3.0,-0.28007361199390945,0.441385166935758,-0.39917750112070016,-0.2712021810042229,-0.6246066338585808
2020-11-25,-0.45623705783509083,-0.4210104891241507,0.23302875685233077,-0.5581824068123721,-0.28738332910791803,-0.3769316578450483,-0.2312031012075281,3.0,-0.2998721036967362,0.4076126925883956,-0.42403201061120255,-0.30769291621851774,-0.474215382348354
2020-11-27,-0.4664933224657907,-0.43263931716278486,0.19486137425285174,-0.5737028246094117,-0.3205422875910444,-0.4122098290545833,-0.16888549206791942,3.0,-0.3160131374361467,0.3634252108607037,-0.4451345564960171,-0.33228100986174386,-0.2992572252431769
2020-11-30,-0.4732760718919958,-0.43703501730153865,0.17716557173905034,-0.5892185688025485,-0.3405124949884447,-0.43166661787613714,-0.1067724564615643,3.0,-0.32744686375340465,0.3374603128195103,-0.47946225219621263,-0.3632430495909185,-0.17226051620558258
2020-12-01,-0.4744503020356403,-0.4393525476885681,0.15461592064373322,-0.6007776715438323,-0.36816395370435817,-0.4470372230269084,-0.04102878259622718,3.0,-0.33207290318779276,0.3185928727106134,-0.502166082887573,-0.39325322448870376,-0.07425746513387187
2020-12-02,-0.4627111406026769,-0.4525821944249864,0.11515231010934776,-0.6063379766217674,-0.37979841361258254,-0.46283620609525616,0.02271247664524476,3.0,-0.34303744797945834,0.3017655980399171,-0.5411896606430935,-0.42256945138329643,0.04410591883676031
2020-12-03,-0.45627154905496026,-0.4660018709423958,0.09105268353150577,-0.6133296192267416,-0.3864317137786925,-0.4746847113212856,0.061267658976354944,3.0,-0.35174572080515637,0.3107595260940232,-0.5817557790698993,-0.4466196515443143,0.14640439449138784
2020-12-04,-0.4492139604350454,-0.47755342494140945,0.06846003158799226,-0.6139906471210116,-0.39121590881670365,-0.49379909264601973,0.09186978065042511,3.0,-0.35641101650830354,0.3192212066448922,-0.603398573612378,-0.463167836796828,0.21833694603403075
2020-12-07,-0.44938438109480194,-0.4978034871557223,0.03010423571041038,-0.6305290819864754,-0.41947219274849684,-0.523815960419999,0.13206128111732596,3.0,-0.3542080020688314,0.33839458069314815,-0.6169285867592026,-0.46139316381460066,0.33203124157873193
2020-12-08,-0.45023978891360394,-0.517046402032188,-0.0029802608290005698,-0.6423476949393911,-0.4397347637168862,-0.5494443735520145,0.16214044653777757,3.0,-0.35032280624280715,0.34298799065370644,-0.6137664831550731,-0.4468471994851516,0.407063817117871
2020-12-09,-0.4537274438833534,-0.5386665461569058,-0.03497051510070942,-0.6577601596718611,-0.46555815374791354,-0.5887892447599843,0.20525301949907607,3.0,-0.34947400040275606,0.3471777368757943,-0.6205773706245614,-0.4278897242925618,0.5221304918150087
2020-12-10,-0.45544827696158674,-0.5566069268428793,-0.061980126965980535,-0.6642700365624267,-0.47772274569164475,-0.6140797973541041,0.24668667333803926,3.0,-0.3445626640395314,0.35456150057725533,-0.6261738823008247,-0.41522231153503014,0.5767398201538156
2020-12-11,-0.46079457956089903,-0.5713044025351808,-0.09249419485295436,-0.6678703359683861,-0.48957287238730857,-0.6261474279168152,0.293592704385944,3.0,-0.3388834629545014,0.3581615056898295,-0.6366808873542924,-0.4061452690605792,0.6238148058533005
2020-12-14,-0.46769769898824404,-0.5855739229361491,-0.11509990239765873,-0.6763548975599364,-0.502816034773822,-0.6420587249779761,0.3504549297163334,2.987064157296535,-0.337900205797793,0.3722101554652928,-0.6431959254319791,-0.39713025818671993,0.658098328572117
2020-12-15,-0.4771945246454086,-0.597688744281268,-0.1420090682323209,-0.6797478586547019,-0.5141516995861672,-0.6550598120044429,0.4179967765943483,2.962147282520251,-0.3322655517366595,0.38129454968915166,-0.651048259486735,-0.38965951260366666,0.6773864224276208
2020-12-16,-0.47922942168897353,-0.612457246027803,-0.1707031062516824,-0.6868061515739613,-0.5286273609290403,-0.6673117802694127,0.4869943801708251,2.929142267004233,-0.32455464175190424,0.394687504646308,-0.6589675815123426,-0.39187469364717337,0.7097078318309278
2020-12-17,-0.4803386142301519,-0.620006058568035,-0.1955352243824299,-0.6872958174600299,-0.5430307848120401,-0.6813400186757378,0.5536600358167513,2.9030986593466808,-0.3141512214379923,0.3969723670705505,-0.6623923092139375,-0.396523128864182,0.726882115410555
2020-12-18,-0.48237507285364867,-0.6271769254569385,-0.22223140823937795,-0.6924866694939659,-0.5568238253168831,-0.6963903007389797,0.6184849695375074,2.8680712294960555,-0.3055586136374329,0.39840473615198035,-0.6682059484937114,-0.39823176952596606,0.7645195985713598
2020-12-21,-0.4835158467487735,-0.6325354297478224,-0.2492527803391767,-0.6990073819342143,-0.5696471954143352,-0.7123994388825192,0.6722177703299406,2.8284411155185327,-0.29403056597484867,0.4004913012705585,-0.6760629142598399,-0.40114336769673636,0.8164447338792323
2020-12-22,-0.48031687148112917,-0.6322375259517211,-0.274349777732497,-0.6996294698658941,-0.5815963718524426,-0.7251604015373856,0.7005533418037517,2.795865589786881,-0.28316044430151815,0.40112093080565253,-0.6820190570009687,-0.4100873884702033,0.8710174457974746
2020-12-23,-0.47191724724170897,-0.630080300236051,-0.30032915302488883,-0.7010607572712133,-0.5950611424552197,-0.7335739995014642,0.7170697803641001,2.763830821214618,-0.2724068411943607,0.39856621029568273,-0.6867240344662877,-0.42160358712634965,0.9332902506431409
2020-12-24,-0.45325288917887224,-0.6283686860243035,-0.31819036472562473,-0.7035244506998787,-0.6055030693622449,-0.7461884829908303,0.7386798606141537,2.738554961216524,-0.26189816001087146,0.39607388929810483,-0.6917291648024878,-0.4350030495006596,0.9703496061669904
2020-12-28,-0.4317041600527116,-0.6300588232698656,-0.3386505581599729,-0.7095551448296709,-0.6254245411209108,-0.7559447894588404,0.7700686637428394,2.709652493645057,-0.2475569178854986,0.40894886039002315,-0.6999633405654218,-0.4428362624292491,0.993024519994221
2020-12-29,-0.40259117082024776,-0.636400570615036,-0.35439982233069356,-0.7223932402450962,-0.645130939376946,-0.783474500118789,0.8276836691445014,2.658964840353543,-0.22487298250702734,0.4477234159347399,-0.7180300121338592,-0.4586688331904651,1.0115901459053767
2020-12-30,-0.37379487293258823,-0.6433140653999517,-0.37586584600149,-0.7314590478592016,-0.6637448653692681,-0.8073348524812681,0.8764603673540718,2.6029294988190586,-0.2049209772701532,0.48214079806511567,-0.7334477241057249,-0.4747953891382777,1.0471469763196783
2020-12-31,-0.3514108275780515,-0.6481229852587321,-0.39747730105631274,-0.7377566338918106,-0.6846364843258136,-0.826840860407405,0.9350481564233314,2.5386951281388423,-0.18987495860394063,0.5041396440658699,-0.7470883399308311,-0.4882017679098167,1.0935272303346693
2021-01-04,-0.3341506203110069,-0.6486963063611366,-0.4203762412947376,-0.742885171517344,-0.7094559395232554,-0.8412775257809302,0.9930505914515987,2.4744014427261334,-0.16989969902643864,0.5239450107032667,-0.7551337613546437,-0.5053374090361662,1.1358156293246622
2021-01-05,-0.31972315813884505,-0.644738214620417,-0.44783056525651654,-0.7420540940830858,-0.7306663670057909,-0.8497440399708087,1.0526065649308947,2.432059948494723,-0.15423844809923687,0.5215863864900118,-0.7505676582628756,-0.5177085799172848,1.1510182254392307
2021-01-06,-0.3035242172325056,-0.6431953330023839,-0.4781179945717527,-0.7416223556089288,-0.749163057455024,-0.8524652907982585,1.102200382516683,2.3765202678687176,-0.1349916040515243,0.5256882175347042,-0.7531003119285176,-0.5374803881280757,1.1892516848568668
2021-01-07,-0.2867254859380326,-0.6402968214405663,-0.5048331803556796,-0.7378230420020466,-0.7646545636950748,-0.8624769610698678,1.1627493484481,2.328176354066156,-0.11838109276462984,0.5179191942816359,-0.7454460038026138,-0.5565023403613907,1.2082945946340093
2021-01-08,-0.26902060634103636,-0.6380408315918387,-0.5320817032161985,-0.73888833065741,-0.7957462727874414,-0.871406509594112,1.2347259719942802,2.220342250290597,-0.10184083906382686,0.5273510684018566,-0.7485524372417092,-0.5765170010554604,1.2896752408623
2021-01-11,-0.24835721009083966,-0.6345569453764781,-0.5525802285814764,-0.7386375810500473,-0.8221583181465656,-0.8736296647843061,1.331424785725445,2.1169139157986057,-0.08159674517435793,0.5319102430976457,-0.7495990096692973,-0.6091610111912218,1.330027769442893
2021-01-12,-0.2364541825593254,-0.6282796964008684,-0.5778299521318648,-0.734453478437795,-0.8534375138059764,-0.8581859337104355,1.390115798644642,1.9946935253981828,-0.06968559720270504,0.5218346059184347,-0.7537543002441661,-0.6293438098519702,1.4347805343838456
2021-01-13,-0.2226648160551297,-0.6207732075763507,-0.601631573090619,-0.7244136636516497,-0.8862001023155123,-0.8432469778286592,1.4492138248961108,1.8644615792427224,-0.04897388953615109,0.5153101577757859,-0.7595901797539496,-0.6503928541352924,1.5289017020286952
2021-01-14,-0.20919612342618923,-0.6159832163095214,-0.6264013706289571,-0.7118368476816391,-0.9120382732621315,-0.8266498124010879,1.5060268610529717,1.7002832722055694,-0.028269966021360244,0.5079673344929914,-0.7648337042115338,-0.6668052650251203,1.6477371112160077
2021-01-15,-0.19139885756407504,-0.6104962640376669,-0.6411932352739101,-0.7027015441005342,-0.938256705039721,-0.8183781847885465,1.5423378902641633,1.5307071045659844,-0.007676713306691172,0.5030531289291091,-0.7619709734624841,-0.6725665128812841,1.7685408666956564
2021-01-19,-0.19083419612049374,-0.6010756870528512,-0.6543729311470975,-0.6929071790875645,-0.9599682833973641,-0.8155363208802489,1.585742785485651,1.406547937910612,0.010236235870069344,0.496629307760552,-0.7547648672506163,-0.6624761329441291,1.8327793308534823
2021-01-20,-0.19781190068272536,-0.599379192863051,-0.6593489611254261,-0.6958277353164846,-0.9718013327161753,-0.8080213974742702,1.6140019241171386,1.2803495556327322,0.019963844651558454,0.4937836591549001,-0.7487752260089306,-0.6336304058029993,1.906497168433732
2021-01-21,-0.2008374028984838,-0.5941295149447214,-0.6518439687548281,-0.6923986357409413,-0.9838644661850192,-0.804221375751668,1.6381447602487471,1.1443317057478726,0.03275325179299671,0.4986403615244115,-0.746673940379813,-0.6165635715652604,1.9766627969067063
2021-01-22,-0.1890476877379312,-0.5917437490698676,-0.6444803954302127,-0.6864558173484402,-0.9978850586931967,-0.7931148877344856,1.6355785206368727,1.029623637768107,0.03448583912426547,0.5153944653077176,-0.7507388550210397,-0.6041696693630815,2.0425536575612915
2021-01-25,-0.18002252146996603,-0.594769848121218,-0.6339696387650391,-0.6823483876550628,-0.9967580435605825,-0.7861543965427283,1.6524065614383874,0.9339291020711169,0.03608262398023662,0.5158922770502743,-0.7532119542800058,-0.5951021500739033,2.0840263759284903
2021-01-26,-0.1796843234280543,-0.6010190167587729,-0.6234920663072459,-0.683944763148506,-0.9906041478304664,-0.7862153203720824,1.6928209344897505,0.8938117078757597,0.031027918878620404,0.5203996773003727,-0.7614630069519169,-0.5837453580094502,2.0721077642619927
2021-01-27,-0.17934307358533882,-0.6004255699568233,-0.6135683545774249,-0.681870955655337,-0.9817242476069756,-0.7831772924019551,1.7272350138049106,0.8300722000015787,0.030195746871784755,0.5155355000033248,-0.7728728321615027,-0.5702478535698607,2.0801917188336194
2021-01-28,-0.1762311906449489,-0.5972185206039954,-0.6134398050031559,-0.6767560032517017,-0.9756628071141845,-0.7854597987312645,1.7491958707869137,0.8342340180154725,0.015642822760120977,0.4961275053508364,-0.7749972662043004,-0.5657845163447743,2.0703496909849832
2021-01-29,-0.19608249808398445,-0.586112339494191,-0.6136763049689185,-0.6794670680482787,-0.9848532603412705,-0.7764876527176823,1.756853291902352,0.8461599457202924,0.004785160374085957,0.4878041387368235,-0.7742209784168445,-0.5498112470547867,2.065108812392403
2021-02-01,-0.22004348872316945,-0.5820734820778849,-0.6142070089573349,-0.6884335665471246,-1.0017023986277642,-0.7712519520657357,1.750808983111433,0.8771894832354293,-0.0011348266023770137,0.48504219269674137,-0.7666111579020495,-0.5244188310464405,2.056836053506278
2021-02-02,-0.23834896711240783,-0.5711844389881799,-0.6048036281004251,-0.6881488714667685,-1.0116340996081892,-0.7727695030781615,1.7453649525423125,0.88383364162524,-0.0062386325801416205,0.47657865593151316,-0.7686873218344931,-0.5066775571700549,2.062715769839757
2021-02-03,-0.256928112617008,-0.5616396335120273,-0.5887637966773492,-0.687229138129176,-1.0267539793841953,-0.7686897807554736,1.745906100738969,0.8874030087924073,-0.006960991191183265,0.45654209012814445,-0.7696496874129919,-0.4912488926353044,2.0680128126551898
2021-02-04,-0.27390512834263314,-0.544089647394016,-0.5490287361910623,-0.6895351369358437,-1.0408158080074728,-0.7714003100779401,1.713561392920038,0.8937717631379847,-0.009583526186490826,0.42294664762361267,-0.7755424496700483,-0.48048599461084907,2.10410693373472
2021-02-05,-0.28670217668844744,-0.5254403537060451,-0.5115324196022885,-0.6928219979446236,-1.0571615737412927,-0.7763405818377582,1.6854527017472776,0.8834613684151998,-0.010181043590610096,0.3820928064899664,-0.7819141515437379,-0.4527474402616987,2.1438348622640575
2021-02-08,-0.29413935372143235,-0.5048547208819022,-0.47158929706150055,-0.6930815846558154,-1.0712486700277282,-0.7681452494527097,1.6521820666203504,0.9133037541609115,-0.017973145921267322,0.3365841572840359,-0.8081939509862223,-0.4395090548641744,2.166665049507454
2021-02-09,-0.306443164984228,-0.4867200693934723,-0.4381491740258572,-0.6932044970576262,-1.0932416903496451,-0.7591760292608121,1.607659490822088,0.9621528152701326,-0.027007939927529354,0.3046357614441793,-0.8342382923050745,-0.4162078885816349,2.1799406783494795
2021-02-10,-0.3240321042965236,-0.4676096593910577,-0.40970207458070507,-0.6996590379865439,-1.116214211748381,-0.7481670291708223,1.5272126240967356,1.0585334783025793,-0.03363435951898871,0.2873837868468849,-0.8641835127823031,-0.3948657546142681,2.184937854843392
2021-02-11,-0.33631482735695395,-0.4479754153821909,-0.3663016782591866,-0.7062673729315643,-1.1259868092922323,-0.7477294306396517,1.4667761886072679,1.1228890949151071,-0.04722057749483491,0.2571743286936347,-0.8956188228765222,-0.366413816249095,2.1929891382662197
2021-02-12,-0.3467805557021955,-0.42216152759459286,-0.3130747171835077,-0.7236610505722489,-1.1368029711773804,-0.7421312525261173,1.3977977779971074,1.1721315222907358,-0.05868605966780826,0.24576418637201838,-0.9325533305989816,-0.34377685345312625,2.2039348318160954
2021-02-16,-0.36235366965561877,-0.3930512021220785,-0.256226056906981,-0.7452389295403542,-1.1507152985811002,-0.7392081712650653,1.3291596766949674,1.2454673704341683,-0.06158278139085111,0.24071130388277254,-0.9764245153049887,-0.31869717760017596,2.188159451355307
2021-02-17,-0.3793075552839002,-0.35662627179701756,-0.18369158321078613,-0.7735926936639594,-1.1648265696807012,-0.7186443581217263,1.2783892651001485,1.3042676445795989,-0.062415703875617894,0.23204535013584598,-1.0383562105051765,-0.2968779646489155,2.1596366509722063
2021-02-18,-0.39687467672692117,-0.310169803070026,-0.09486489440255727,-0.7913975309919556,-1.1857666601586934,-0.6910726190366279,1.2252668348121436,1.3433629659278774,-0.060792975895597096,0.2190627301310204,-1.103417131738978,-0.29057746869776047,2.137241229848073
2021-02-19,-0.4058759490784538,-0.24844168412500792,0.007896336831202196,-0.8025558265491882,-1.236631239961245,-0.6537338214380289,1.1870961816403254,1.3863090998853913,-0.0518803775234068,0.21622114043635643,-1.175044771901677,-0.30191237910856844,2.0785532908923026
2021-02-22,-0.4279717903290382,-0.20273251783194315,0.08400252253636485,-0.832845884809298,-1.2901845656300894,-0.6049870925258265,1.10914948527468,1.480437811292828,-0.03686637997597876,0.24100497959693928,-1.2202159971301967,-0.29550398875610767,1.9967134182876667
2021-02-23,-0.4749724790941469,-0.14570409189491362,0.18057667575421033,-0.8642898415099551,-1.3430424762326454,-0.5731246961595413,1.0213890189210095,1.6002766779961732,-0.019749946855326585,0.24183438141780736,-1.2427980912564658,-0.2677479405949267,1.8873528095087209
2021-02-24,-0.5467505177815931,-0.07252516350794008,0.31841680756430696,-0.909623911920754,-1.4307287947923761,-0.538754657432855,0.9617693508057603,1.599286150770403,0.016019294813926947,0.3174413230401045,-1.2983997197846608,-0.18426243672538314,1.7681122749510603
2021-02-25,-0.6582517036603109,0.013023381597139502,0.49927874924054755,-0.959235293620954,-1.5397765757276107,-0.4701617479328056,0.8754991128432822,1.4490286958069067,0.08206938341156568,0.463970733583439,-1.3480109923783028,-0.10696244612154905,1.699528702958653
2021-02-26,-0.7944391973692929,0.12201021025908639,0.7186105686565338,-1.0117528231696822,-1.6706359819509458,-0.3892109772742131,0.7501324521936786,1.2955950877697413,0.1651597194403929,0.675939822383745,-1.3614730705196392,-0.013931996250941915,1.513996185831536
2021-03-01,-0.9651770479447941,0.22012585304951837,0.9842058885339338,-1.040595407304744,-1.7528095903692764,-0.2582323266819781,0.5654697590703649,0.8966737183938374,0.2941016402084567,0.9666631560108282,-1.375787353358888,0.13338714709956742,1.3319745632931719
2021-03-02,-1.0625368391688004,0.24713906959163803,1.1705952664477461,-1.0436961585971127,-1.739576637649626,-0.14266937449863332,0.3737329376931288,0.5889399414159859,0.3839124264927507,1.1614084261540225,-1.3624080018694775,0.23856367612227017,1.1865952678661067
2021-03-03,-1.116192237951218,0.30031213442981997,1.3683900728137837,-1.0322673498781025,-1.6824617244238962,-0.04016763233553104,0.20490320452062044,0.23360746717497496,0.4612032028231356,1.31443127746673,-1.3281731881893049,0.32201127677373137,0.994403496775255
2021-03-04,-1.139491724189479,0.3422005374500823,1.5467968449550902,-1.038484456757695,-1.5825904808992257,0.06949882417985069,-0.045383165129031414,-0.06131795242810233,0.5240666636974515,1.4667235171814093,-1.2233361912084098,0.4601901918586772,0.6811273912893853
2021-03-05,-1.1348130062658635,0.3954477253289709,1.7154696695263765,-1.0250349427718606,-1.4359807014862354,0.13549419480632352,-0.3695201400675575,-0.19649544009712583,0.5288040443335873,1.5556212471308166,-1.0767435318774023,0.5875901107572796,0.320160770682691
2021-03-08,-1.0669717497549083,0.4361413641593559,1.766593631128535,-0.9416444844883524,-1.2156975181379295,0.21358644524530518,-0.6698788500120072,-0.4225197801140502,0.5667310250197992,1.6959028381167587,-0.893426204038058,0.6994381732811775,-0.16825489040562658
2021-03-09,-1.0003639219188916,0.4877459328634478,1.766958752729195,-0.8217426989808754,-0.9766026892482998,0.24926905050363193,-0.9023056166190162,-0.6088060967047938,0.5546580591617916,1.7474238774622177,-0.6623610507478128,0.7721301597119115,-0.6060037582125068
2021-03-10,-0.9200685417760498,0.5094742450035705,1.6849467691062907,-0.7129913569348372,-0.7567929878595503,0.30392667249253486,-1.0017189458367344,-0.8221575746838081,0.5576385324382593,1.7753315321083314,-0.4767671080639349,0.7962010719193671,-0.937022307913439
2021-03-11,-0.8395418620046005,0.5335290822551609,1.621863844002682,-0.59794548370354,-0.5437016394089671,0.29544055903935834,-1.0712382731132046,-0.9891592319427902,0.5539090706337877,1.7330149356000757,-0.3048901535789813,0.8128204448633435,-1.2041012926423242
2021-03-12,-0.7680841359409968,0.5320895279982513,1.5469426329767206,-0.4997794533777265,-0.37277025392556223,0.2896316594305579,-1.0932178150978105,-1.1744984930573434,0.5386262043642942,1.689936117591584,-0.1805446543144008,0.8364537440045026,-1.344785080652071
2021-03-15,-0.7072054448145034,0.5355734966634217,1.4710144365923516,-0.4155981722981371,-0.24629838645945673,0.24601346114828573,-1.075757888076448,-1.2656530619600272,0.5366777168905648,1.6597227577524887,-0.06714779581908972,0.8312778258166226,-1.5026189454360726
2021-03-16,-0.6574097598812162,0.5280924699818125,1.4177718739300733,-0.35337376291630423,-0.13404632864648144,0.18677799782870502,-1.0759293722154502,-1.2978874554444038,0.5387716295162248,1.61508789290105,0.02163339121011146,0.8397783864341218,-1.629266962698243
2021-03-17,-0.59827354122235,0.5284800831290183,1.366289912050016,-0.2908062668447619,-0.021330869647423735,0.1580423621853771,-1.0921086496002648,-1.2964674857339629,0.5318850769328974,1.5614767025784697,0.10478766491099063,0.8138341313981368,-1.7658091201361428
2021-03-18,-0.5773014662647733,0.5230657604539666,1.323499602290925,-0.2543147320888806,0.05586796042505319,0.09853177289279848,-1.1148799452912546,-1.2533503019632322,0.5208313861770804,1.5574674988630515,0.1588758459560493,0.8016268677810994,-1.839920249231884
2021-03-19,-0.5425836421197731,0.5097048236787417,1.2761059211451073,-0.23774044119678445,0.1287706681228311,0.051863373146069175,-1.166350816362787,-1.215611915077628,0.5125287162355328,1.5555835845640584,0.21772860153418,0.7928156485845848,-1.8828145222541333
2021-03-22,-0.5295327119788028,0.49571075928182645,1.2416499256131,-0.23297337847103114,0.217448038594815,-0.0012338168626350847,-1.2414638122355592,-1.1629200545336944,0.5145656550222825,1.5449743313502495,0.26213662661348874,0.7878926910348967,-1.8962542534289362
2021-03-23,-0.4965570189045828,0.5011185459377846,1.2058418562564153,-0.2013881544830551,0.3297148206670771,-0.041397392622126376,-1.2760027846102506,-1.1890163816023487,0.5061187584848926,1.5058900568398552,0.30552142970743906,0.7624367558087495,-1.9122804914798506
2021-03-24,-0.47378689940989344,0.5172894026855592,1.18198732085563,-0.1738759164887982,0.42510260567738933,-0.0738327800807253,-1.2747122016156893,-1.2481390784409252,0.5024795931047837,1.4747553031193819,0.3339847875748865,0.7202822328627769,-1.9115343698443759
2021-03-25,-0.4490837473995602,0.5470116286253416,1.1672449385847141,-0.14837144282705853,0.4967349795372301,-0.09999982913378608,-1.2861520196312353,-1.2746433715968575,0.50603593451794,1.4273010287267471,0.3718017471424009,0.6665041896113075,-1.924384036157184
2021-03-26,-0.40907723506794397,0.5725270292223037,1.1474708043939545,-0.11671353902728843,0.5655477141466353,-0.14432810306261223,-1.328555698956914,-1.2785052112607351,0.5075262202772437,1.3525687155184647,0.4140413982127256,0.6536206830714187,-1.936122777467252
2021-03-29,-0.38728522813116406,0.5868301203414636,1.1234953370932048,-0.10304032163376607,0.634080947901236,-0.16039870154000155,-1.3790961782268056,-1.2666611376814327,0.5279581849752584,1.3088360547030653,0.4213830904295053,0.6268613297080895,-1.9329634979386527
2021-03-30,-0.3461738716669568,0.6002659588823245,1.1087158969752513,-0.0786037228791985,0.7172211705880118,-0.17750160414246077,-1.3971979819314275,-1.2495953481447333,0.533276495451976,1.2355450163582289,0.44020707860359065,0.5835165340133224,-1.9696756221079301
2021-03-31,-0.31686622630203776,0.6117699835721402,1.0962550184560724,-0.041495285573203075,0.7996362142941965,-0.18476349092235372,-1.4115152386256586,-1.2401156517720124,0.5095715808943284,1.1504598561151518,0.47588730347188624,0.5520642214696672,-2.0008882850781773
2021-04-01,-0.2973534187301215,0.6198087412581891,1.0731398480085856,-0.011341267318646236,0.8895622079372931,-0.1798505418383535,-1.4149770069860645,-1.2459020424103966,0.48533912915326327,1.0904866565618723,0.4903842308074793,0.5169267153035441,-2.016223251746644
2021-04-05,-0.2887439917412406,0.6289706855750198,1.0535019179623903,0.017216831149902984,0.963122766984948,-0.15309538471657003,-1.4133690973912274,-1.2588879912969488,0.4741175515010199,1.0462020414052553,0.47667101854380395,0.4793967513878047,-2.025103099364157
2021-04-06,-0.2773571812430465,0.6299956192306141,1.0203918318636673,0.040096854201270175,1.0211219258180804,-0.11745689872624125,-1.3676555601355573,-1.3131181615630485,0.4825969746096902,1.029059318313668,0.44008964448232746,0.448310325740688,-2.036074692592112
2021-04-07,-0.2729740278583907,0.6263738074444458,0.982504566719276,0.0613493241112582,1.0760512156773487,-0.08355038955476776,-1.3045156631321821,-1.3620700710168787,0.4852881381300905,0.9927726462652235,0.4179098113718697,0.442556980849672,-2.061696339006966
2021-04-08,-0.2574298651209507,0.6081610380594291,0.9502356918857385,0.07633244983981562,1.1324731237445256,-0.017045667935190197,-1.2386101342371463,-1.3902716309906473,0.5004172647674253,0.9653180165475128,0.3659654043227297,0.40755076141853375,-2.1030964523017754
2021-04-09,-0.23429578794868716,0.5957943638372796,0.9279039107331235,0.09296047440835893,1.173568398920673,0.02372307176361495,-1.219430735533683,-1.4185443581426098,0.5086771920105222,0.9310964302508936,0.34030717473407956,0.388049725142325,-2.109809860175891
2021-04-12,-0.19960643600138842,0.5851203796184179,0.9034383114872089,0.1108114875967545,1.203994238291944,0.06932864370630196,-1.190657878898873,-1.4428576195826632,0.5206847476206119,0.919062436437517,0.3029764337641665,0.3416397541209528,-2.1239344981609505
2021-04-13,-0.15899572176892668,0.5782033130035407,0.868678066828523,0.13785195904230857,1.2194872759939062,0.13232705445650156,-1.128794631576688,-1.4933805823485558,0.5251295168236415,0.887300427392835,0.284470276542484,0.2982639564881696,-2.1505409108777394
2021-04-14,-0.12083033538757157,0.5696274936289469,0.8417576427147758,0.1567008230310456,1.2298361419879074,0.20935695179588634,-1.0607235026567623,-1.5238884453249157,0.5255084282906504,0.8477774227836281,0.25708033020250143,0.25791563509881826,-2.190118586164911
2021-04-15,-0.09283302469095361,0.5702793937718048,0.8236416707265167,0.18197253212886524,1.2261211536513796,0.26720925971354914,-1.0007460571284994,-1.563047927774745,0.5080650875245404,0.8105902758236496,0.2446409981020344,0.23846377972947844,-2.21435714157762
2021-04-16,-0.07162696046094297,0.5685683222273281,0.806692718371749,0.20675744157223397,1.2220157726832608,0.34012462492192763,-0.9298516862383691,-1.6138024281353087,0.4809167314598432,0.7547285280918831,0.22622998166321878,0.2428648127778271,-2.2336178589346503
2021-04-19,-0.04420758493004882,0.5762443385173581,0.7973267677687762,0.2302692533654796,1.210178795584164,0.40553406926746366,-0.8780522070034512,-1.6678315530819627,0.4543445082475587,0.6897187130309959,0.21552595612694272,0.2482237534500055,-2.237274810343281
2021-04-20,-0.011437659573905514,0.5819264406369032,0.7928566891214879,0.25501107987315025,1.1946663557387338,0.46188078208001604,-0.8188470739356485,-1.7114079653945262,0.4214683273178596,0.6339841409450532,0.19023821441418595,0.25605009077768226,-2.2463894220009917
2021-04-21,0.023675744545340226,0.5955252790199989,0.795012103744656,0.271086513568249,1.1663833325300335,0.5133077007693162,-0.7490837255610049,-1.754593679648641,0.3764713606919292,0.5856479421001101,0.16961531509253072,0.2636334243909748,-2.2566813112434922
2021-04-22,0.04880815133961931,0.6044146429431836,0.8051791817811691,0.2918848609380503,1.1336149198949035,0.5588082482441422,-0.6775278979443322,-1.7857242665176878,0.33299484838961596,0.5357374115940275,0.14794470319492536,0.2750235035995966,-2.271158307457214
2021-04-23,0.07486445846014968,0.600535543290006,0.8051299794453907,0.2986863134051,1.1040403311891942,0.5985964388390853,-0.6242623691248712,-1.8083279386053372,0.29803570000786905,0.5056507952320357,0.12071844228566894,0.30787951033953287,-2.281547204763824
2021-04-26,0.09932164661912934,0.5957282519013944,0.8085281320298335,0.2978317547778986,1.0986690735825364,0.6552002649139266,-0.5767982195350411,-1.8130701714382285,0.25941107889003573,0.47538284182934304,0.06730869124026087,0.3206920651606048,-2.288205409971694
2021-04-27,0.12338090570223421,0.5951546035760458,0.8057688443581664,0.3071849435813605,1.0980392108271715,0.7171075555090507,-0.5261441579129361,-1.7998446242593442,0.21020477028595344,0.43379521578582453,0.0038621133248573527,0.334996344681548,-2.303505725459932
2021-04-28,0.15168307357849004,0.5937087911085,0.810549632198498,0.3263210327134658,1.0995576916648913,0.767919904952139,-0.4663290070242168,-1.7910183583928967,0.12978860254770805,0.37042765379091797,-0.05646891506428449,0.37459868685955744,-2.31073878893277
2021-04-29,0.17877276517802823,0.5943982901912922,0.8298892788658799,0.3468483549866031,1.1018478379069931,0.8203533103311986,-0.4179161703394651,-1.7693349923007162,0.04200583755006317,0.28995708997081976,-0.12412469235537492,0.41766495810730464,-2.3103618680926266
2021-04-30,0.20465448210533513,0.5921007105812606,0.8385588388315082,0.3683338138360945,1.1098370079677542,0.8614237587685035,-0.39346160376082334,-1.7270463517618775,-0.012774844599791287,0.2190596083796324,-0.1886630007525345,0.446272109465914,-2.318294529060976
2021-05-03,0.2253000338043109,0.5899254281593393,0.8469925855316167,0.40114167225178954,1.1014677037628933,0.8835649257633594,-0.36138093890692813,-1.6814492821266425,-0.06513045053574704,0.1453016059769429,-0.2260108208164743,0.4782246338687826,-2.337947096733243
2021-05-04,0.2641097271337353,0.5912917950649104,0.8554663901146679,0.4329835003987655,1.100597988059883,0.8981599102820936,-0.3122991481553291,-1.6503239059980948,-0.12396558567535303,0.0480699482197862,-0.2529723558667304,0.49345867789805326,-2.344576941476388
2021-05-05,0.29313710863675246,0.5850971120376781,0.8484615534984278,0.46410238744942744,1.09041909371778,0.9138473031648843,-0.26440339463690843,-1.6404212992170992,-0.18154768173138788,-0.03995498067987019,-0.25640757886472965,0.5271638219750402,-2.3394934453499934
2021-05-06,0.318599756004414,0.5819438342857512,0.8622615183472194,0.4830816129522134,1.0783766525729572,0.9376477707622491,-0.22422568140281737,-1.6259370270532918,-0.24060567778735611,-0.1314854567256418,-0.2601812745876302,0.5456719626456749,-2.325147990013742
2021-05-07,0.3469440380878761,0.5785959707416541,0.8733825221528723,0.4963138891801554,1.060995340977737,0.9552303886125988,-0.1727574530716252,-1.6372492760187087,-0.2971147151882887,-0.2309008265282979,-0.2704772203234756,0.5841952205150781,-2.2871578791375757
2021-05-10,0.3656366803902237,0.5725416022696601,0.8908436244947022,0.5070511227969163,1.045006670372678,0.9745812900081645,-0.12247401775519212,-1.6476718362808236,-0.3556109648712676,-0.3360471741676833,-0.27771535617926457,0.6226043954799185,-2.238746036558032
2021-05-11,0.37266947310867704,0.5632418016707134,0.9005969172517467,0.4977873755265167,1.0185614313285212,1.0009443730172465,-0.06974219225542164,-1.6559286796137824,-0.40761398857829007,-0.44417016308615875,-0.26269298252056755,0.6785602176973589,-2.1922135835465597
2021-05-12,0.3910297177733341,0.5621414645752086,0.9302877017283654,0.49831468030473147,1.0161708311790825,0.9963734300924242,-0.062442624166997564,-1.610883900710024,-0.46343215431556056,-0.5737528133474495,-0.25387589086692175,0.7276653027020129,-2.157595744948205
2021-05-13,0.40269821531773686,0.5602683681070363,0.9606478259416336,0.5062652567502829,1.0317194979346775,0.9707118364261229,-0.13253879488041198,-1.6296090460491957,-0.5044987351330088,-0.6585638391196389,-0.2041267987985267,0.7778665589121615,-2.08084034540887
2021-05-14,0.4199773541359418,0.5587130417505637,0.9800547579798407,0.5109472745637959,1.0469630555199423,0.9511448702399313,-0.19570295818617997,-1.6326972285285155,-0.5299034283955246,-0.7269026115419939,-0.16810635831698692,0.8087612623930964,-2.0232490316139113
2021-05-17,0.42978358951794304,0.5558435478449685,1.0055187319537804,0.5147569056948422,1.079150374470882,0.9023098223301372,-0.2691658521288478,-1.6315836253349218,-0.5654696746358068,-0.7992233140417213,-0.1460387603041094,0.8689058766931123,-1.944787622060258
2021-05-18,0.43253564596803973,0.537582180239906,1.0245749913856024,0.519615345723459,1.1050787900446115,0.8600350372040196,-0.34868075708102875,-1.589621885714584,-0.5748621003081019,-0.842819904862155,-0.1080814304823258,0.9112761747170968,-1.9266320868345383
2021-05-19,0.4112477265233861,0.5174628120984887,1.0385929187477556,0.5237197310914115,1.1371266239358242,0.836529943766983,-0.4163893633712906,-1.5556631063958373,-0.5883592449754285,-0.9093810695292671,-0.08529363264168956,0.9646657768250552,-1.8742591160753899
2021-05-20,0.39064714833767206,0.4907162533031282,1.0431253353419778,0.5314666277870487,1.155397609801186,0.8123234425095454,-0.5082678936148574,-1.536290343037102,-0.5773716827366496,-0.9445485943825785,-0.06332461528725951,1.03100423851656,-1.8248775265386707
2021-05-21,0.37530731906890175,0.4547934360460881,1.0485444162272615,0.521937407019671,1.1721008322528699,0.7949254005701387,-0.6195182975179228,-1.503155056166256,-0.5503757519385303,-0.984709818757246,-0.043937400045651075,1.104962632851742,-1.7708751196110668
2021-05-24,0.34924879769136985,0.41582446111957555,1.0458468943629649,0.5073715520608388,1.1863802325469126,0.8059744024921721,-0.7267657002423857,-1.471404801811898,-0.5217679303811755,-0.9833114771286549,-0.023739882137137375,1.1561955703870215,-1.7398521189596037
2021-05-25,0.3141124151097014,0.3738265225212998,1.030047704809669,0.49012561018416745,1.1937812182063532,0.8030628459685359,-0.8104034558452767,-1.4333134812947508,-0.4930970501798441,-0.9515898624268996,0.0018584481637805132,1.2233859469700692,-1.7417968621868047
2021-05-26,0.2857686288759858,0.34575185106910455,1.0193681579411111,0.4632359598662943,1.2027621479492074,0.8024632980369534,-0.8673477301988038,-1.3981044032794097,-0.4548176657323881,-0.9179038282187816,0.03837404682554552,1.2504690134549932,-1.7700194765898123
2021-05-27,0.25863216448570414,0.318638263766166,1.0231630208491744,0.4359357769130606,1.212173341255308,0.7952216640392468,-0.8893952712179494,-1.3687999062895737,-0.4175220536357294,-0.9072004945959028,0.07930005233096403,1.2594352372777922,-1.7995817951782602
2021-05-28,0.22294600866777065,0.3088432162433722,0.9974584192439657,0.3895301762356632,1.2255172816515916,0.7920911877449776,-0.911819900448137,-1.3521247853901475,-0.36844116908958424,-0.8642956668054163,0.10824110131366622,1.287228765385713,-1.8351746347534346
2021-06-01,0.19502212309989242,0.3094290110568856,0.9751084033520651,0.3422292928769561,1.1915199984481173,0.8251374282007827,-0.9274604231201357,-1.3374534155988043,-0.3316356150860664,-0.8564285108823894,0.13019759614438114,1.3320361651766792,-1.8477020536683644
2021-06-02,0.1689955425230462,0.29779670048329604,0.9636129402114524,0.28532584642116676,1.1539068713168146,0.8606616522817621,-0.9944936093885149,-1.3040576460692395,-0.286288148421366,-0.8365548916029529,0.14902475310646526,1.3838167759624609,-1.8417467868243909
2021-06-03,0.12527021111838615,0.2737615400818939,0.9454084014953567,0.23807182902384233,1.120252997335898,0.9125607548252559,-1.076222108007294,-1.2344250758363366,-0.2431153159561389,-0.8252274105005428,0.16106299097858526,1.4359387816201281,-1.8333375961790341
2021-06-04,0.09370405656255955,0.25124351757121954,0.9303865209229032,0.19154063247333647,1.0869009248432315,0.9846700173756391,-1.1939260534832,-1.1540304248374422,-0.21921412526172016,-0.8455184192771859,0.16567780520920086,1.479820017626432,-1.7712544697249741
2021-06-07,0.05684739941073224,0.23443173588612554,0.9180494923598655,0.14437954893876567,1.0635173968829321,1.062782073213053,-1.316606491653497,-1.0720910701719188,-0.1941552359062141,-0.866600578107687,0.15393410793873036,1.5054629797137442,-1.689951358504631
2021-06-08,0.004565782714530666,0.2166808467425453,0.8974221235180049,0.08911095570805724,1.03923274959126,1.1325469667621324,-1.4366992360322526,-0.9476840277145476,-0.2021439955926539,-0.889343703632886,0.1506019982773586,1.5474809438872974,-1.6017714042288465
2021-06-09,-0.0464799683366774,0.18577907014251385,0.86605918421804,0.05127866924243438,1.0142547047077206,1.1912956802412145,-1.5344957483426926,-0.7940932009236047,-0.2116825298709519,-0.942804337144427,0.13965850736532398,1.5931911267275831,-1.511961158026477
2021-06-10,-0.11040902582019457,0.14146322385314594,0.8328882389725422,0.009608898213639654,0.993887748695035,1.2560007782621543,-1.6291417560545747,-0.6233684715230925,-0.22816940531071475,-1.0121168777541318,0.09532012832572152,1.6441488355938034,-1.3701123154533337
2021-06-11,-0.17817960463370108,0.1041286162948161,0.8090420187053268,-0.0337394899759235,0.9687333307332027,1.3162215570269382,-1.6830535258846366,-0.49582059794811895,-0.24362226078585977,-1.0660121026763392,0.03975490455865961,1.6886757579556115,-1.2261286033699759
2021-06-14,-0.25370778235549307,0.06043662153489661,0.7731277257646173,-0.09309785112997328,0.9150379414064178,1.3943859346087262,-1.7363160219534135,-0.32420781638215235,-0.25532787165496873,-1.1175695887742891,-0.050110479087876095,1.7349304762141744,-1.0475812881906659
2021-06-15,-0.33302061941055333,-0.003703708834087735,0.7233696881851918,-0.15832171477182955,0.8620487385055324,1.490609750418175,-1.7601178470040895,-0.12378865985250341,-0.27178615172922255,-1.1715776232681765,-0.150489528971803,1.750532478003927,-0.8537548012705611
2021-06-16,-0.39086025640904515,-0.050114250850269146,0.6822833002134564,-0.20165972652428255,0.8114885533523581,1.5684938437665576,-1.7873381650221327,0.016915735844115824,-0.27147030509952835,-1.1819368208815861,-0.21254214245272152,1.7315348477902412,-0.7147946137271642
2021-06-17,-0.445654366989912,-0.09571229027890062,0.6234108109146681,-0.2553260889735321,0.7462270843456186,1.642307602673682,-1.7798260466112412,0.14222435550828838,-0.276808977636932,-1.2045398815354127,-0.2817097904493883,1.7299956934318708,-0.5445881043988089
2021-06-18,-0.48605402261128683,-0.1304808658735799,0.5658171344774168,-0.29005611872991993,0.6953683883838228,1.726538631517433,-1.7626784338096082,0.23384659138983596,-0.27102723240799864,-1.211829077905397,-0.34686855660922933,1.6965500412035444,-0.4191264790250323
2021-06-21,-0.5278658244774102,-0.16687140765601013,0.5007453394202109,-0.31538336321643673,0.636294340153159,1.8095202910324797,-1.7100710249693554,0.3554242012203395,-0.27802407369623255,-1.2508266279022016,-0.4063992349164742,1.6489547918265588,-0.2954974068186282
2021-06-22,-0.558914281831484,-0.19007967825940317,0.4383848993333844,-0.33695884669284093,0.5776678127844621,1.85436932047582,-1.669701915668892,0.4843894816445774,-0.2944320200814292,-1.2829572049617985,-0.4534911636350355,1.6068159927590242,-0.17509239586638367
2021-06-23,-0.5727674570149769,-0.20220285244068276,0.38359045475856635,-0.33645166142102756,0.5341152706726893,1.8854050822856352,-1.6257398551832603,0.5863815031265336,-0.31415792789379837,-1.3297438281883376,-0.5030042118297415,1.5556812941776244,-0.061105811049223024
2021-06-24,-0.5885135103788933,-0.21999160165078782,0.3202985180585249,-0.33513475853091584,0.4809898927381972,1.897848971801601,-1.5868849547205117,0.6900864006348036,-0.33312478171082044,-1.3825712411043083,-0.5339848862473102,1.498881691898465,0.09210025921195564
2021-06-25,-0.6094254350415318,-0.24750789635240794,0.25412344280329213,-0.35821380527256874,0.41599037037466247,1.9075105580718401,-1.5269922803462324,0.7931123078196215,-0.35119142242048884,-1.4086965539750316,-0.5710121710338815,1.4508737529432896,0.2514291324294356
2021-06-28,-0.618760744834234,-0.26304736589379124,0.1892012538250922,-0.380868056844813,0.36091052819067476,1.9157623630481362,-1.492173422936993,0.8804650132931057,-0.3576489127028226,-1.4075044711804579,-0.5966717044663473,1.4013261644033816,0.36900935609906754
2021-06-29,-0.6069979698952457,-0.2638593022147929,0.1323463394642625,-0.383419193066801,0.32220730504080963,1.9564221133283675,-1.4545848653000073,0.9367698913410224,-0.3703953831529042,-1.412454967212133,-0.6201234452861203,1.329182975695153,0.4349065012583897
2021-06-30,-0.5862475923612198,-0.259860075524228,0.0854852657597751,-0.3822160589904506,0.29526758635737105,1.9753223926591106,-1.4134763675533595,0.9815384196319521,-0.3938842801632077,-1.4289653982049384,-0.6421007580299327,1.2786953777951935,0.49044148862393516
2021-07-01,-0.5632456067058905,-0.25151488108132536,0.024969655846015997,-0.3850660506070472,0.260482270701742,1.9987579752462457,-1.3673262973182618,1.0273711666012042,-0.41212355949824,-1.4343186568850046,-0.6715420624254448,1.2272211358237186,0.5463349103022873
2021-07-02,-0.5396821462363877,-0.2282477541830556,-0.013070710523971268,-0.38307879638321246,0.25114884378452174,2.03273696693544,-1.303499821204137,0.9910772102419558,-0.43798058280568636,-1.4665521692055834,-0.6989114081341173,1.2056736158025723,0.5903867519116609
2021-07-06,-0.5125742855712313,-0.19971244012681336,-0.03704530480553378,-0.37296219354379123,0.2436474119567658,2.07240678671659,-1.2150123300135205,0.9758200032313377,-0.4657758571077027,-1.5054000846540536,-0.7550646884948422,1.1610491115354051,0.6106238708773911
2021-07-07,-0.4773008561003605,-0.1776163724957557,-0.06392382875492177,-0.3250625717996882,0.2286172871415353,2.0871898771339428,-1.162538970152293,0.9564255825390141,-0.4968804278618587,-1.5415926655460825,-0.7976749709910731,1.1393866923199487,0.6309712245675924
2021-07-08,-0.41052061080720387,-0.14052165395637786,-0.07086970616021708,-0.24850495988437118,0.2192793337215428,2.134281409666187,-1.1332681698052036,0.8965392595721718,-0.4978585341468146,-1.5978268085347533,-0.8301132938217388,1.1166961433013767,0.5626875908554019
2021-07-09,-0.35064624038718867,-0.1009436351764329,-0.08411367368980475,-0.1815788671543717,0.20867805526754832,2.1894673066695063,-1.0928384010975958,0.8531822839174228,-0.49858949375614064,-1.629350040035149,-0.8694077360814079,1.092118639492638,0.46402180203097765
2021-07-12,-0.2862623327647695,-0.070306676607969,-0.10819282493375916,-0.12302620294587757,0.20469403638609202,2.246216915176505,-1.0527407957085329,0.8191644012324895,-0.4980396666243749,-1.6371392963787488,-0.9216232594824273,1.0478423769376164,0.37941332571375436
2021-07-13,-0.21708199773427944,-0.05357246676460705,-0.13978518611794746,-0.0809620159143489,0.1968851953319536,2.3219518358799998,-0.9785802229707188,0.7591818937877233,-0.4972597449304017,-1.6333517776427102,-0.969857953987053,1.012815184065952,0.27961725699643797
2021-07-14,-0.13485741270575102,-0.019820249468577557,-0.1610777426269949,-0.036561351791994476,0.19457786385305412,2.385385762955094,-0.8819579119563613,0.6991108188888233,-0.4969612853070408,-1.6484197194011823,-1.014950015991834,0.9719031487747414,0.14362809477802285
2021-07-15,-0.040674004188477185,0.029179853479374348,-0.16622380756915556,0.013844573423327986,0.17970715710405522,2.437476146961719,-0.8040938464802239,0.5901017690025652,-0.49585363540727323,-1.662984847836774,-1.0403753852940356,0.9526159352694359,0.007280091535462703
2021-07-16,0.06297829213319345,0.08344906075305156,-0.16548622625818793,0.056767499880952754,0.15797085560017177,2.4682842254937527,-0.6894840743119661,0.4832962677542484,-0.48718820287919146,-1.704958775458989,-1.06185732309757,0.9193381396928226,-0.12310973930229313
2021-07-19,0.1622292088335037,0.15338865948943523,-0.15216224420538096,0.08979584727283799,0.15459646143162722,2.4850337127624678,-0.5820430711383752,0.3513230320755471,-0.47652116990917487,-1.7435355043393066,-1.0821823910408275,0.8743335727924042,-0.23425611402475602
2021-07-20,0.2605354387952816,0.22599570641333364,-0.1318912366577514,0.12023608363741456,0.14750000875736832,2.48436841924244,-0.4732046012245928,0.20735012690791355,-0.46666225931520355,-1.768963295207669,-1.073581371518274,0.8583354219509876,-0.3900184417812474
2021-07-21,0.37101261132912394,0.29529701180415513,-0.10661563732506454,0.13473962092083208,0.15594756361866863,2.4621331497466095,-0.37269028753288186,0.060239460282954245,-0.45751935526285487,-1.7656175618086623,-1.0869642641196742,0.8479831990400954,-0.5379455106932993
2021-07-22,0.45268450083083733,0.3494416901442013,-0.09755830423375825,0.15526952139657052,0.15283444711667882,2.4576677946779215,-0.26100292406335823,-0.07968523814518129,-0.4463113251914494,-1.7305915584617366,-1.1004907715590644,0.8105001038756492,-0.662757936387308
2021-07-23,0.540539432179505,0.41716253994715286,-0.07139189705692797,0.18282239012978746,0.15025168900104952,2.417701931261517,-0.15206040726420053,-0.21133388846319293,-0.4193463742816353,-1.7069930916968805,-1.0855042561637627,0.7721077997184913,-0.8339558673109022
2021-07-26,0.6406126593053322,0.4969420688448042,-0.00457585195927261,0.21750571878978972,0.18880931304700552,2.341345639232281,-0.098569167730884,-0.3796524482825219,-0.36959551417732,-1.6650013885725727,-1.0523789114977264,0.7248463319759367,-1.0402884489748527
2021-07-27,0.7392831997745696,0.5633028878145596,0.06267773254326413,0.28339152431024917,0.22282282143172596,2.2407547895195523,-0.06710925629266094,-0.5358066154126245,-0.32662290773023483,-1.6294502806998576,-1.017881718168649,0.6673339571520004,-1.202696134241894
2021-07-28,0.8191550851670004,0.6260115950937138,0.11749372635874951,0.35012009914144265,0.25567574149874334,2.122978667069486,-0.049385407264126255,-0.7001719653298216,-0.2698802123608092,-1.5947013944348438,-0.9620602282029437,0.6268537199560708,-1.3420894266926626
2021-07-29,0.8852534685013883,0.6738711964224561,0.21780341547315663,0.4201485871218275,0.2715325684739625,1.9798794447739967,-0.049834902841972534,-0.8434490927133631,-0.2284373307809973,-1.5697973258771978,-0.895787900446578,0.6040629247438939,-1.4652450528505747
2021-07-30,0.9316534164387881,0.699025609011897,0.31022514036702054,0.47293936980943146,0.28458922797271446,1.8435897984573386,-0.02315331422535054,-0.9737449871066708,-0.192434636513979,-1.528887860927095,-0.8421665535823172,0.5883873218814257,-1.5700225315832024
2021-08-02,0.9708333896075935,0.7255544113275751,0.39420227918910805,0.47906270338698964,0.3074323499519202,1.7055883141263004,0.039252112549824136,-1.0937447977105736,-0.15520444278493142,-1.5073458353024527,-0.7811843453758327,0.5646535440811349,-1.649099683046656
2021-08-03,1.01075199778803,0.7489379178035053,0.46877367820967125,0.47851567118174754,0.2963610610156773,1.5787021588808279,0.10624421228692935,-1.152476984524822,-0.11647992307031414,-1.4498051438984634,-0.7354739413517651,0.5299837914978287,-1.764034495818851
2021-08-04,1.037449405679197,0.7594157422168543,0.5260556681820717,0.4633730528205917,0.28709516383063577,1.4481876165776038,0.1706380900488499,-1.2017702917490596,-0.0710864220720577,-1.3730670958639342,-0.6882806065174949,0.5285345623790292,-1.886544885532289
2021-08-05,1.048498405814995,0.7694116315779573,0.5771896646524785,0.4015064757755354,0.30068442867066636,1.327805298033067,0.2686185768319585,-1.2478981658468566,-0.028173704386353103,-1.278226703999192,-0.6297301486496786,0.5022618893932855,-2.0119476478678613
2021-08-06,1.0454826231520093,0.7753031021769277,0.622513120649645,0.3267143770431341,0.3151634509588313,1.247690975467961,0.3684951504175506,-1.2800824783093763,-0.0005850448301586023,-1.2102914414855426,-0.6115070954311668,0.4780812150741421,-2.076977954883958
2021-08-09,1.0455319173151378,0.789109219831543,0.6741579228448825,0.23072333074719356,0.3396020284010291,1.1842613433914755,0.44195157801587803,-1.3460597677610453,0.02154887488478765,-1.1213553826823937,-0.5956608023634635,0.44375128621640475,-2.1075615488414288
2021-08-10,1.0388328838550702,0.8068519848196584,0.734848704596673,0.1422489157558615,0.3491302614575395,1.1159286421214256,0.5157987375238734,-1.3922185027917393,0.026026235266827732,-1.0719762815956695,-0.5652143656637905,0.41938985987051164,-2.1196470752162417
2021-08-11,1.052021212530112,0.8394082624859084,0.7984685396688649,0.06370564123930376,0.36426568267744197,1.0322993552954174,0.5518918243977539,-1.4043174550906596,0.028994770567967666,-1.0680888682712828,-0.5295531408796295,0.39144650070229436,-2.120542325323492
2021-08-12,1.0541067602102727,0.8554875978627202,0.8524752830344113,-0.009599578575759531,0.382971360599692,0.9473682147620924,0.6036808066428836,-1.4165856882130445,0.03249667944522223,-1.0615902401533512,-0.48351391721203923,0.3681496763863214,-2.125446954789421
2021-08-13,1.0414777416794834,0.8674717819767415,0.8982982076383703,-0.10178729783145225,0.40771465079122643,0.8789429596027396,0.6714423407352559,-1.3550404280758115,0.029702931445539277,-1.122987797180581,-0.4595796738202181,0.3682491051554126,-2.123904522116707
2021-08-16,1.0145807727693001,0.8739390182206836,0.9393519781726353,-0.1981608549216615,0.43115100524100136,0.8528859196870275,0.7254205794421923,-1.278383240420782,0.025392519530305666,-1.1657609421613693,-0.4537724823614525,0.35871921995355344,-2.125363493151436
2021-08-17,0.9965524967560928,0.8699458642129526,0.9734817990072673,-0.27896409448783943,0.46145195693599494,0.8490906081833285,0.7404460640462142,-1.201855085154647,0.03580923553139186,-1.1816168397432505,-0.45179001377015005,0.3293804111287612,-2.141932402646117
2021-08-18,1.0070857766956731,0.880959311223336,1.022504825054852,-0.36360249911368275,0.4898184288591758,0.7983018937034441,0.7392643027155738,-1.1330788571217003,0.039356253765376874,-1.1960748188421635,-0.4447658415360254,0.3052775422090005,-2.145046317612861
2021-08-19,0.9870826934746109,0.895403518691359,1.0697755559843698,-0.4528134402490787,0.5170820591582321,0.7578362377818794,0.7466335291493995,-1.050010944638628,0.04191595846027991,-1.2081355439721844,-0.42535082617721454,0.277748411357336,-2.157167209020361
2021-08-20,0.9712182734093188,0.9132893100509996,1.1001016879343324,-0.5214584807405472,0.536595127351236,0.7073154701260999,0.7550105505121433,-0.9764165630021913,0.051068906823532226,-1.1981055031580392,-0.3816395561553198,0.23193136251879282,-2.1889105856703575
2021-08-23,0.9459523521426759,0.9275197147967863,1.1291954902349812,-0.6201393334560613,0.5416498805844482,0.6873526418095404,0.7727578320176696,-0.9046754274442523,0.0563390142693359,-1.1881811050012796,-0.3513488616188313,0.20023587345846766,-2.1966580717934825
2021-08-24,0.9141819774886671,0.9310454202261184,1.140003060686261,-0.7222028583120226,0.5003208248030562,0.7139977886504821,0.8330438354315624,-0.8096524715076036,0.051808861640956674,-1.1806177434780025,-0.33508281190805667,0.16128790874468912,-2.198133792466107
2021-08-25,0.8800186495422742,0.9348956513655066,1.151278302298729,-0.8298707127730612,0.4592739135566584,0.7507953713259402,0.8738620454425903,-0.7186614496266008,0.047847301586229136,-1.1853269058517677,-0.3197671132476098,0.13615842837624983,-2.180503481995137
2021-08-26,0.8401135001504972,0.9307690010906029,1.1716183541183103,-0.9390482820903053,0.41983799320717374,0.7915679369899615,0.929709733490172,-0.6419267508348715,0.04353232119697936,-1.163259405066915,-0.3243739580661332,0.09211795712196029,-2.150658401307431
2021-08-27,0.8117280553304616,0.9235719313725245,1.156312728850961,-1.02881986558797,0.3715471639757825,0.814254857113073,0.9840917826731171,-0.5612312836345483,0.055673397030825716,-1.1398519633782356,-0.3130846904717289,0.07118798656817704,-2.145380099842439
2021-08-30,0.7756671983086358,0.9117091866766466,1.151573855203732,-1.11986207652079,0.3704100493668461,0.8556605039077922,0.9935391572278356,-0.4503242401411329,0.061319169323222344,-1.1417662403106716,-0.31432464807986754,0.03252017164561353,-2.1261220866078636
2021-08-31,0.7443717695735095,0.8979784428801085,1.1478738860465827,-1.131479248357837,0.37647976732584315,0.8936161131541406,0.9920715395723928,-0.3310818713906873,0.05051070333136462,-1.1741048177434499,-0.33093770921708343,-0.010002254118389193,-2.1252963210564957
2021-09-01,0.7165483931028049,0.8869991610707028,1.1511942414839509,-1.143667734711544,0.39540451187521236,0.924587824219828,0.95738245604161,-0.19380454165914993,0.04217272047006853,-1.2133261506617006,-0.3516802438480217,-0.050236578970104154,-2.1215740584136573
2021-09-02,0.6823798459421548,0.8727700346634404,1.154530839997742,-1.154316554913322,0.4285033948973746,0.9657803167233516,0.909897392165424,-0.06430605553710945,0.02738539920937008,-1.2916886865290669,-0.36039490576007355,-0.08423892810459492,-2.086302092754692
2021-09-03,0.6602709482732813,0.8643135031626116,1.1582702214717475,-1.1724300764020414,0.42680762399903527,0.9917439058117407,0.8714611562088891,0.07522298402968393,0.011091510406713327,-1.3873535586581225,-0.37557363257207144,-0.10046687603113451,-2.023357709700333
2021-09-07,0.6395510985348097,0.8465547905626234,1.1533472533752167,-1.1867095359749011,0.42175459885372674,1.012561089643442,0.8293997281861494,0.22031648595326422,-0.0025343260510323575,-1.4694088579023274,-0.386524498279561,-0.10964380313888494,-1.968664023762525
2021-09-08,0.6224543182042619,0.8068701780588292,1.1330565543333289,-1.1712069869752963,0.41089420942878807,1.018395019769298,0.8134774103362565,0.38723017185820435,-0.020657072935416,-1.566092268081173,-0.40045908270475344,-0.12077472189471256,-1.9131877293976178
2021-09-09,0.6141121824181573,0.7858366587855368,1.1096466956438755,-1.1108059979549656,0.4109026903304323,1.0240387116482188,0.7852542449678009,0.4838964278369721,-0.016198935048531305,-1.6126892133397235,-0.3854149169900433,-0.16645352808988334,-1.9221250202078473
2021-09-10,0.5951942756381101,0.763584034955105,1.0851839412124196,-1.0588405453233718,0.4079509667484282,1.037869933082717,0.7644306965552833,0.5856004917217834,-0.012869603279593819,-1.6035857542435772,-0.38019254324671986,-0.22868265730753268,-1.9556432365130516
2021-09-13,0.5518012164482999,0.7357190123655539,1.0515361593044559,-1.014041035941501,0.40516196557695205,1.0804784468132027,0.7274932032560668,0.7187164272163991,-0.009905462066271877,-1.5907776097738853,-0.3826437371704097,-0.3057279953203974,-1.9678105907084644
2021-09-14,0.5161022168884825,0.724935907594925,1.04792540632408,-0.9790529592238011,0.41218988525286765,1.132334290488158,0.7012674125596262,0.7557413153305567,0.0057474751248868155,-1.5171184645373506,-0.3819783300524633,-0.4136751132238516,-2.0044190425261155
2021-09-15,0.4731218892503409,0.7117363273429322,1.04330055384478,-0.9425020940644643,0.4211139452212477,1.1741615378569725,0.6783161225464649,0.800321386207398,0.020198300852319145,-1.4536775018701062,-0.3801001256613908,-0.518977361221435,-2.02701298030506
2021-09-16,0.40672122896382723,0.6882564486850422,1.0262858775192858,-0.9075207682364631,0.39575960880111477,1.2165774242634149,0.7028681057300524,0.877539644634027,0.025957857041595596,-1.400854006067884,-0.38919528036601375,-0.6220660548332717,-2.0203300861347264
2021-09-17,0.32309236449414935,0.6446496255989074,0.984685775321454,-0.853379328730825,0.37106739682161216,1.2573693660466592,0.7343424955445811,0.9968389826661118,0.031223830966404256,-1.3383182623738716,-0.4138498944803129,-0.7286830899915597,-2.0090392618833093
2021-09-20,0.2601881047476529,0.6026072047133968,0.9443235879210261,-0.7880389446869008,0.34089514417902667,1.3177036579335002,0.7450765469384476,1.068582728188918,0.05722935996878368,-1.2898006311684442,-0.43202378066056446,-0.8397381541528584,-1.9870048239219849
2021-09-21,0.20000004437771252,0.548887180422862,0.920223149557676,-0.7411040088921095,0.31343492292371994,1.3376516191831662,0.7704693109882977,1.1547646591739866,0.07359426084093613,-1.2578047477522791,-0.4433966750613001,-0.9254409099500481,-1.951278805812619
2021-09-22,0.14285508187760346,0.4794712018627221,0.892985260933,-0.6860041909484184,0.2914595091244709,1.3259569128018953,0.8043478645275669,1.2581309563060799,0.0942581580313165,-1.2154626713416181,-0.44660413166418983,-1.0251032985778887,-1.9162906529325392
2021-09-23,0.09201107462416706,0.4253424981123292,0.8603274395539849,-0.638279086323255,0.23884511079330584,1.2923336589288366,0.8385237917784202,1.3752630062523499,0.12212510947880728,-1.1670038767488593,-0.444463830038019,-1.1220376051900656,-1.872987291222002
2021-09-24,0.03892817486568514,0.37136902412775596,0.8062852312553849,-0.5970646000678809,0.17869770237929475,1.2643888985716376,0.8665594515180405,1.4976939337280752,0.15327315676829403,-1.1026024351097057,-0.44142714527002463,-1.2128257564938878,-1.8232756362726703
2021-09-27,-0.0004968124719172786,0.31807391231566545,0.7469036605902839,-0.5461851385398196,0.12504851189609675,1.188761179249793,0.8999044693981706,1.6346016770426433,0.17696249728790012,-1.0440571421245108,-0.42900499384670143,-1.2979093911252526,-1.7726024296723537
2021-09-28,-0.04679097647587228,0.2614150795234013,0.6846014905524512,-0.5165232374101671,0.09027425443551983,1.1261441748298198,0.9703266250472651,1.7301196678508879,0.19398299848302883,-0.9721237773161757,-0.43110822973767726,-1.4050553177631167,-1.6852627520193648
2021-09-29,-0.06971077712264558,0.22535825591733508,0.6221047365561003,-0.4738034040361182,0.04692440074856018,1.0525244414233441,1.0531766266489604,1.7690744449208269,0.2162970220601411,-0.8996095213427966,-0.3916707908064856,-1.5004960460314434,-1.6501693889357785
2021-09-30,-0.10591120914288732,0.19018109076301945,0.5633618604647908,-0.4454717136377871,-0.01250495767852737,0.9876899363631652,1.1282394553865789,1.7999335611484764,0.24400471369993396,-0.8101818174582257,-0.3406367344730281,-1.5820465742971226,-1.616657611138388
2021-10-01,-0.13259025211648434,0.1645620632717653,0.5107487764683188,-0.43171433333392906,-0.056068402912574596,0.9597746030348413,1.2028351401305915,1.78306559745696,0.2717172529129142,-0.7526902028028224,-0.2843035035274848,-1.6547367213503943,-1.5806000172317014
2021-10-04,-0.15419739495472942,0.15870514993841078,0.4676677671942135,-0.41180598841416366,-0.10312293402931566,0.9216100580638423,1.2648199137164253,1.7541439872378302,0.3046410804994172,-0.6896818724156558,-0.22809434144197108,-1.7160823624765071,-1.568603062917796
2021-10-05,-0.17793838543258594,0.15666166834742368,0.4415514093257222,-0.37097608977353574,-0.147336183137008,0.8676064645949346,1.33295905772287,1.6898990819524184,0.3419460774319569,-0.6106063078974032,-0.15476972546772458,-1.7723193439256608,-1.596677723741407
2021-10-06,-0.19118390888905634,0.17157598184032008,0.42693075511663453,-0.3281480258257304,-0.18354313343245032,0.8130819645050399,1.394855993903184,1.6009545840587,0.37860078874500364,-0.546298386111193,-0.08285444546483499,-1.8431389983104043,-1.610833170135214
2021-10-07,-0.2203483386538195,0.19686516434582163,0.4125440480774115,-0.28397334369600985,-0.24017921354825397,0.7683531190543564,1.4348540628037845,1.5239682439785012,0.42258822396721524,-0.49110682494496666,-0.011963024607270816,-1.9089917190507628,-1.602610397726007
2021-10-08,-0.2569219339936584,0.20214477609639872,0.3898470862192863,-0.2673705467039393,-0.3168529330824454,0.7357417384102067,1.4737073446774431,1.4907041812638682,0.4631377724071611,-0.43544610064846023,0.03212526724737477,-1.9368995814032937,-1.5739170704899417
2021-10-11,-0.29376067123350796,0.2157650725824204,0.3739268076058322,-0.24469338732440254,-0.3960024464037374,0.7115991556246606,1.5232163953470943,1.4260505314373761,0.5082699578592902,-0.3922026060553364,0.07441698757583969,-1.959063755188936,-1.5475220418265931
2021-10-12,-0.29858095889531455,0.23507823706804407,0.37250109516189567,-0.2357927845516937,-0.4964686112909699,0.6618220830584373,1.602731013255106,1.3499918277479608,0.5407598827707132,-0.3775044850579304,0.11372736106549919,-1.9823494388435938,-1.485915221488154
2021-10-13,-0.29848665037113015,0.2534655619355028,0.3533222947429091,-0.21527323436460258,-0.5927870574015806,0.6221463448263409,1.6772047329230968,1.2818246649238143,0.5633150469999448,-0.3915191450844223,0.15934884910089114,-1.9910070114611655,-1.4215543967695987
2021-10-14,-0.30044170888147964,0.26600057538403765,0.3329641400963442,-0.196390660830073,-0.7048953933342401,0.5711874011143201,1.766516279450918,1.2112894186099383,0.5767337667542632,-0.4133797453727873,0.20282650774825212,-2.008295128145154,-1.30411545259434
2021-10-15,-0.30215184715993126,0.2782283064306525,0.31841284343115117,-0.1893643932844317,-0.8146425889641477,0.5314403480228864,1.860111057357091,1.1144585870853159,0.5894453300973947,-0.4394111111456707,0.2502175501234138,-2.0065521924734235,-1.1901918895203005
2021-10-18,-0.2994692712934184,0.2907333840720302,0.3065881638557159,-0.15790243968030174,-0.9288910647165413,0.5114705550612413,1.9721857721869305,0.9278499754613418,0.6151474853981543,-0.47507527468763433,0.3024553542268635,-2.0010658522085305,-1.0640267876758516
2021-10-19,-0.27593746578277695,0.3122272830846024,0.3066244202791807,-0.12577563835720684,-1.006581602546099,0.49467280461765645,2.0835558542825288,0.7211947699358155,0.6211329275862336,-0.5258685021528303,0.3323844299935771,-1.973613556544081,-0.9640157243966
2021-10-20,-0.25893006351337056,0.31357622438545907,0.2827609618810987,-0.0986159014554612,-1.075044678866872,0.4892349993069934,2.1676385967086613,0.5811687142220989,0.6223690376605666,-0.5734688092750985,0.314600617764731,-1.963533568331617,-0.8017561304871896
2021-10-21,-0.23317199126588925,0.32290491661001863,0.25615106467438303,-0.061596691581359345,-1.136310205717254,0.4785824690712137,2.2398034770357413,0.4206853456712638,0.6260988695719957,-0.6123432949886863,0.3025822770680252,-1.9383593535420804,-0.6650268826073716
2021-10-22,-0.2164636107144696,0.33491874341675887,0.23662795513433724,-0.02578807185244445,-1.123788070145583,0.45427064727750305,2.3201744805517843,0.23866213395709668,0.6237401539615951,-0.6703295701017044,0.2946638666800606,-1.9069123175113045,-0.5597763406536305
2021-10-25,-0.18540789198475072,0.35564700599418936,0.20720176989361253,0.0018796888134826962,-1.1186054663380929,0.41285902085889054,2.4103646879002074,0.008424925092121607,0.6275765219022517,-0.7079595261196773,0.3051375025141631,-1.826337901125882,-0.4907803374005163
2021-10-26,-0.19158302135896396,0.33391659261832873,0.129455315081835,-0.018291968209894205,-1.1492734148756973,0.37145740805651034,2.5053796378254516,-0.21198695239747928,0.5945082373520039,-0.7644281060199035,0.2792575991373981,-1.7373400687386502,-0.14107125847093913
2021-10-27,-0.19537229862629432,0.32027869472531195,0.07261553697148153,-0.029492497936014685,-1.1957379804639339,0.3950121115912405,2.511501288937181,-0.36219644684388697,0.5617925950872152,-0.8259383404714222,0.2389132913455903,-1.6571411522663682,0.16576519794989966
2021-10-28,-0.21123447697984504,0.33331087165297274,0.054107013109546874,-0.04974566633062594,-1.244891037149652,0.41318497694114786,2.4953643170680726,-0.4620140274279833,0.5048578191891419,-0.8804879162730843,0.16032788863233316,-1.5571698976013997,0.4443901351693757
2021-10-29,-0.2277562291372439,0.32393034809564636,0.027092548696780377,-0.09448621012318068,-1.2796471922057073,0.42846528127598343,2.463566362203011,-0.5196799851734474,0.4442689989561714,-0.9001844681209776,0.07218846903947825,-1.4616202545202663,0.7238623310137532
2021-11-01,-0.2550565546463756,0.31792642881975014,0.004333300047273491,-0.1535178028821113,-1.2917361085368582,0.433331087341578,2.4210658793784527,-0.54579058359418,0.3811915918017963,-0.9113398556333946,-0.018874012344142453,-1.3624086184734094,0.980875248721621
2021-11-02,-0.28363258059465807,0.2802342177017169,-0.052820063889343176,-0.21042843837904623,-1.2798007299762009,0.4306045736852659,2.393602516707988,-0.5544102735075269,0.30922786463927354,-0.8828343758742483,-0.09985089653404038,-1.259389928270883,1.2094981142917025
2021-11-03,-0.30504015589683664,0.25115523999408934,-0.09755431319169272,-0.2572587760241243,-1.2499729815765228,0.4638552848570446,2.3216021260923307,-0.5577474850663208,0.25770612422200856,-0.8694633467581996,-0.1866605372973479,-1.1903261685560365,1.419704989201608
2021-11-04,-0.3252699509157232,0.21967950139504058,-0.1391319254262148,-0.2895679880955355,-1.2289784422230798,0.47961918357208216,2.2874395705881567,-0.5536465872800379,0.2081186966738212,-0.8528248830023246,-0.2581445151284762,-1.1009880205375,1.553695360379791
2021-11-05,-0.35263041778382215,0.1851027865035143,-0.18052535513782023,-0.3184319048961304,-1.2128850278463126,0.5453742073889145,2.263087869491133,-0.563902937419438,0.16397906630867468,-0.8302922988173095,-0.32313175804366184,-1.007680418792663,1.6319361890449213
2021-11-08,-0.3806441298982731,0.14826269226195768,-0.2212525309735112,-0.34634974557269543,-1.1830111646499144,0.5867901926932819,2.224195618490032,-0.5749836333329337,0.12550576552558615,-0.8152553588455593,-0.3802906278917952,-0.9113209457368263,1.7283538679306505
2021-11-09,-0.40954848506565694,0.10930693463900983,-0.263041390666983,-0.3763916937081532,-1.1591056305863006,0.6331344904319429,2.1470711231881503,-0.5695568774268193,0.08566989658537251,-0.8009099340441792,-0.4334783267849335,-0.8150925067574514,1.8519424001960014
2021-11-10,-0.4300306177524206,0.08657685303597963,-0.2918728250429456,-0.3837930361620314,-1.1426843752026354,0.6917836516457642,2.0595269524622273,-0.6056550979113333,0.06180258424828557,-0.7801837942257153,-0.4776788343547137,-0.7368256533070829,1.9490341925666226
2021-11-11,-0.44394880201300185,0.06877130120964663,-0.31153253390752444,-0.3966608481219934,-1.1305604511095166,0.7347074242078857,2.0014220075601172,-0.646150918940776,0.046222820323699336,-0.762763799550539,-0.5149295221058751,-0.6517507975794061,2.0071741200272837
2021-11-12,-0.4538644251722073,0.052755515376578375,-0.33235051557698736,-0.4149206621744333,-1.1222305558595829,0.7883333610818469,1.9514115742852256,-0.6863868776171116,0.03986207113975821,-0.7375658222811179,-0.5490624725996234,-0.5775449982323803,2.0415638076300353
2021-11-15,-0.4610751615665712,0.03915650431301432,-0.35195497846860757,-0.4240708116997268,-1.1033374751502907,0.8265187363870646,1.8949406569199885,-0.729555358380125,0.03339675555120894,-0.7073533439094223,-0.5767428486384698,-0.5252607562387475,2.0853380808806845
2021-11-16,-0.4704867404055434,0.029569026786152613,-0.3706408924981773,-0.44726614625877326,-1.0816743102283068,0.8658808709978941,1.841403461929839,-0.7603039357371276,0.027214061469598372,-0.6810917234217283,-0.6022202203523557,-0.47207941028960915,2.121695958008138
2021-11-17,-0.4810004111511948,0.021965591278035247,-0.3903668046296956,-0.47130116323597415,-1.0725501315479946,0.8943391213215196,1.7899197403955518,-0.7826888046573328,0.023693258836717794,-0.6461887291041194,-0.619863811756868,-0.4216256850896695,2.155667829341025
2021-11-18,-0.48653557081153637,0.02145342284943417,-0.4043747035686579,-0.4878250124054107,-1.0650650818697092,0.9158852195519239,1.751917292253636,-0.8206025416121403,0.02036492757609224,-0.6154315861292335,-0.6304400132830644,-0.3739801436691137,2.17463379111778
2021-11-19,-0.4879275869810956,0.02146626975042619,-0.4125940515120352,-0.49092428687664574,-1.0625254547771754,0.9664087598718184,1.7062301860411586,-0.8654502828614388,0.014742704822194868,-0.589041857409127,-0.6452805095789609,-0.33487013660579756,2.179766246116677
2021-11-22,-0.4854237301892443,0.015492315779707458,-0.42237350077348806,-0.49776877140742165,-1.0560060468012986,1.0216612175289392,1.6615676745268704,-0.9166715657863156,0.001022097287938399,-0.5406567812059915,-0.6616787546788916,-0.30035100045530194,2.1811868461744974
2021-11-23,-0.48209317209464264,0.00656939533866805,-0.424450308111808,-0.500787247404528,-1.0336963022984773,1.0595537763834038,1.6182865385457643,-0.9696957112520649,-0.023450817170205272,-0.4865227054313396,-0.6797224677187905,-0.2771941657236006,2.1932031869376196
2021-11-24,-0.474461131386363,0.0175001827880862,-0.41967847868062946,-0.49729956616388454,-1.0321121090405283,1.1429748351300513,1.5772922720900915,-1.0555591405833284,-0.03205585755853484,-0.42609738860543844,-0.6990993971979725,-0.2556463223910563,2.1542421015995075
2021-11-26,-0.4689233519215577,0.02631238243363332,-0.4207804226218844,-0.5007820619370842,-1.014815752062581,1.2146116630023853,1.5482799282649504,-1.1391601920717587,-0.046738039184432104,-0.36548474520886104,-0.7202527825805757,-0.2213144726578249,2.10904784654559
2021-11-29,-0.46418605531675633,0.015140436387400572,-0.44257671436494683,-0.5047567297342962,-0.9883462107450349,1.2885741879365387,1.5063442682036439,-1.2052800573230802,-0.049482283334652336,-0.30131593042864674,-0.7347802508938038,-0.19391398870150067,2.074579328315136
2021-11-30,-0.4583350213822273,0.01188023419532569,-0.4551936462962926,-0.5070539023023987,-0.95918147654542,1.3783281315086224,1.4674269035320913,-1.2833924515950386,-0.0457657383271069,-0.23406822188967125,-0.7492105615175171,-0.17912326754936717,2.0136890181690004
2021-12-01,-0.4271492263451042,0.001009352707392075,-0.4758981154405821,-0.4948233497750794,-0.9468863500974775,1.466687588796604,1.4316932806281437,-1.368875688083119,-0.04074028368142487,-0.16086802626802962,-0.7585960194483112,-0.16099979520886742,1.9354466322158557
2021-12-02,-0.3822069928499761,0.006020304722060204,-0.4738502751308756,-0.4703684561726144,-0.9490883628852115,1.5649500801752427,1.354519484215541,-1.4880457488329646,-0.01971810749121244,-0.07794825312972216,-0.7611063781870042,-0.14753926602550885,1.8443819715922456
2021-12-03,-0.3403916661011918,0.0013799358482071095,-0.4768957323835567,-0.44578973527862786,-0.9501290851345283,1.6532833159070144,1.280886164761828,-1.590511059358571,-0.010915593872755416,-0.0031506540342453202,-0.7628120357451255,-0.1038645607394257,1.7489107061309785
2021-12-06,-0.29291830987909956,0.0009811777338360895,-0.47406390940164544,-0.4224845580439146,-0.9483865772338963,1.7434143594968854,1.1739591818519768,-1.7023087337141873,0.01133856091743495,0.0783842052549154,-0.753118509298799,-0.06358405614759266,1.648787168464087
2021-12-07,-0.22463387820466596,0.005443843387017659,-0.46847590289086233,-0.401353323130111,-0.9341239075497546,1.7714562496352837,1.063905004988414,-1.8278592675412058,0.03866962811963421,0.1666867000226942,-0.7380647197521556,-0.03595952849584174,1.5843091014115536
2021-12-08,-0.14577017484431673,0.016784258746926517,-0.45695857069588436,-0.3768440672319588,-0.9240933929366375,1.8178969284565571,0.9607322041873919,-1.943484446738765,0.06900404328109164,0.26215212651399816,-0.7226041283033612,-0.03066297961292506,1.4738481991778845
2021-12-09,-0.046834840712301165,0.031166640155392486,-0.44052374786135234,-0.3451043668131014,-0.9006827219988174,1.8524779966361014,0.9060000592835423,-2.08064114319273,0.10553931891374405,0.3602544040834086,-0.70511286570509,-0.021949735598175736,1.2854110028093795
2021-12-10,0.04418102807561033,0.040741844960627535,-0.4315133281519882,-0.3350928698081069,-0.8738665269243144,1.8712284495745943,0.8984069432107038,-2.178735046576492,0.13924412324716728,0.4478580950549809,-0.6899831612318024,-0.019806770867344066,1.0873372194363637
2021-12-13,0.1476911565847981,0.055906466103626914,-0.4213427570246435,-0.32870283811573753,-0.8461678489092629,1.887532451184446,0.8499454271833526,-2.2562297882735898,0.20248929208656152,0.5445560485276354,-0.6876992648428435,-0.034577769683217685,0.8865994251788727
2021-12-14,0.2597870369551043,0.08105211621969956,-0.4025556090454878,-0.3134025882517703,-0.7987066179026036,1.873911447743034,0.7983146739461395,-2.3474894480516877,0.2699103563366168,0.6438973563582386,-0.6725504006104707,-0.04513324555367628,0.6529649218568641
2021-12-15,0.37505264572519437,0.09828374580981508,-0.3852587186573727,-0.2941404729359688,-0.7598896344198235,1.8612444971169462,0.7682060663836363,-2.4037297338693935,0.33829024862512125,0.727060754851716,-0.6419632632271313,-0.06478526908639395,0.3816291336836555
2021-12-16,0.48027814182141876,0.10548807121332315,-0.37103044871316304,-0.27960688521704424,-0.7261990335856977,1.8321498736642203,0.724744762527741,-2.4323379857538256,0.3983158456825264,0.799142217934893,-0.6160367724215218,-0.09216632945259824,0.17725854229972746
2021-12-17,0.5797950067541597,0.10812255151049419,-0.3478090931643168,-0.2596991435647484,-0.6823434204176243,1.7915267379748565,0.6557370192422658,-2.4563361581029683,0.46001135079943056,0.8763814549390515,-0.5745596808923072,-0.11926212961666405,-0.031564495461628275
2021-12-20,0.6638708918559986,0.1082079423463164,-0.3312492530695229,-0.24053457141789447,-0.6346783674039117,1.7542852807412872,0.5605230836790079,-2.453728934925344,0.5291964609366611,0.9616656179276171,-0.5268236179957924,-0.1408295464180833,-0.24990498625633886
2021-12-21,0.7431022234445821,0.1116757444298586,-0.31223247757877426,-0.2459844329606228,-0.5833562556741065,1.6798993717775013,0.4629480957998174,-2.4460100342290483,0.6151351448943755,1.0457247208498879,-0.46929305197705856,-0.15156717263298497,-0.45004187614342656
2021-12-22,0.8180749809862096,0.11722747891196574,-0.2879439091987858,-0.2439639686104662,-0.5482303391169371,1.5930230923671485,0.34990685898266316,-2.4167850674069364,0.7111354291005499,1.1253838701056866,-0.4172459970587849,-0.16979805545623727,-0.6307843736060756
2021-12-23,0.8812642965818183,0.1209961441935392,-0.256916551815164,-0.23432050768558665,-0.5222367150216071,1.5185579998938155,0.2355554640102015,-2.3635603130292306,0.8160046561506309,1.177016938334797,-0.3797111181872234,-0.19709502251842945,-0.7955552709075617
2021-12-27,0.9272884760219495,0.11815855653901385,-0.23082652917921,-0.23604129890248537,-0.486803250005142,1.427808297152956,0.16922439935099895,-2.3057524087108194,0.9091618930057973,1.2180431628042565,-0.3516817181155063,-0.1975861060910477,-0.9609934738707606
2021-12-28,0.9718154569802209,0.1207609507061899,-0.20334341440198042,-0.2406806990556949,-0.4404968848822319,1.3211903663995221,0.11368951490005748,-2.2535141512824626,0.9968724013698337,1.2460869430399837,-0.3210353202120969,-0.2076106767135508,-1.1037344868477899
2021-12-29,1.0121299423295318,0.12407379745912525,-0.1738402896239498,-0.2372111889362276,-0.3890623791708665,1.208707995821461,0.06996826504520975,-2.2062985532747788,1.069787268582405,1.263385943711624,-0.29320520681559514,-0.2176732846548542,-1.2307623104730856
2021-12-30,1.0543839736454748,0.1305111983066766,-0.14684557832191458,-0.23341965995384278,-0.33820702022694427,1.068259500630203,0.00931407421170869,-2.161932746848781,1.1372485680137152,1.2857147518159746,-0.2511312364710246,-0.20737313459170645,-1.3465226902095406
2021-12-31,1.0665776229542765,0.1378484254397478,-0.1138729180391904,-0.22883039033293578,-0.2690735904344715,0.941243061583728,-0.066945173223008,-2.1114141154367077,1.2027380636136422,1.3075832139346324,-0.2170086282050013,-0.1941855448721797,-1.454660026982533
2022-01-03,1.075252713539872,0.13517322892765118,-0.09135296332718157,-0.23210215864547554,-0.1983384355556696,0.8372623565410096,-0.12924854094709923,-2.0617050462394775,1.261794742976375,1.3131063510804557,-0.19793178666930686,-0.1722909187352605,-1.5396195429458936
2022-01-04,1.0826732266251962,0.12685802631606352,-0.07994548457377984,-0.22856773121531357,-0.13438760523442997,0.7160136960325446,-0.12447299110248038,-2.0037050652615043,1.3029797721644507,1.3341748798845394,-0.17725685156745571,-0.18715726163332494,-1.6272066104345053
2022-01-05,1.0856521202600562,0.11751764275472724,-0.07337223957845634,-0.2320228168678721,-0.07480431770177004,0.6155162398774169,-0.10910855114204372,-1.9477671762214777,1.336876036175687,1.3579319269616987,-0.16742893590119398,-0.220736471543048,-1.6882534570737238
2022-01-06,1.0831257380110084,0.10795506742791278,-0.06992723340327146,-0.22926223616893254,-0.03299328868200448,0.5290615927469975,-0.09631225938714628,-1.8912494489760416,1.3627641958178387,1.3810958823998996,-0.14065794750411229,-0.2604854083856395,-1.7431146538965085
2022-01-07,1.0722382429248942,0.1007827034657757,-0.06128607332102964,-0.22301982024789815,0.025155365994782266,0.4264084056774121,-0.09452220935946347,-1.8339437388497017,1.3772230816767401,1.402920751503307,-0.0952586571216671,-0.28682504654983776,-1.8098730057933148
2022-01-10,1.05561630309802,0.10214035816984421,-0.04944748025280656,-0.2109113329868673,0.07608624120368421,0.3344514005251539,-0.10851077360570363,-1.7835785342828847,1.3887866765783352,1.4233587573065858,-0.04322524032415776,-0.32603143141170626,-1.858734944017497
2022-01-11,1.0335129911457916,0.09450940663670235,-0.045551339449833084,-0.21078436559540048,0.10778561818276217,0.26224536643494223,-0.0878930968019805,-1.7405814997928613,1.3994437177521082,1.4395437977123753,-0.005541928308386094,-0.34742242829823144,-1.8992662396179891
2022-01-12,1.0140090454731339,0.0732760213191847,-0.04326478742249152,-0.19783652566125373,0.14730558501350396,0.20682078736249823,-0.07009608851096728,-1.704416914078552,1.3809919774262753,1.4654504973665259,0.032333288582541114,-0.364973495284438,-1.93959939158596
2022-01-13,0.993694196540726,0.048825602285737034,-0.04119667727146162,-0.18911878118148898,0.16393294569472963,0.18123978189875617,-0.024273409769517237,-1.6689371171209737,1.3583834334826939,1.4885510937569142,0.0559191010086609,-0.389295517237982,-1.9777246520867937
2022-01-14,0.9737647253040878,0.03137911691685324,-0.03467518526588429,-0.18666166313355173,0.17630031483773842,0.1395225343035739,0.0004975265152624761,-1.6500106332482671,1.3308807736012291,1.5230682944336795,0.07929005262637358,-0.38414810110848646,-1.9992077557826085
2022-01-18,0.9516599493373146,0.021926823513574056,-0.02358952216370572,-0.17829828064442954,0.19094176522770265,0.0748102811521527,0.038251532665435725,-1.6268296428537452,1.2926553059097672,1.5591237512393128,0.11416428409829775,-0.3885993058784641,-2.026216941603213
2022-01-19,0.9366263875058978,0.013610068911083842,-0.020402683072397287,-0.16857587159919105,0.1983406803672297,0.03077938006071696,0.09051299634763495,-1.6104047295891875,1.2488316072933794,1.5808331022517723,0.14000407458505337,-0.3844830398076742,-2.0556719732543183
2022-01-20,0.9245814467222278,0.014149746909639773,-0.0030024931134905023,-0.16234712973346224,0.21684797336362002,-0.005856278873481751,0.13176330125947971,-1.6090532691937318,1.1903153778979294,1.5920018072268083,0.17094753955669786,-0.3763847254619019,-2.0839632965603347
2022-01-21,0.9208277595258001,0.01630949898034433,0.005748425290484913,-0.16252547003120194,0.24558086232689935,-0.055905720896830054,0.1886103744779341,-1.6001789762262713,1.1224016471664484,1.6043670251698319,0.2008555393132262,-0.3766349200015277,-2.1094560450951385
2022-01-24,0.9257623326198514,0.029015861366542346,0.027277599934036882,-0.1640048469019737,0.272250560080977,-0.11003233384763503,0.23919624199804196,-1.599560083155834,1.065360562079555,1.5697959936706842,0.2571412599469626,-0.3640563962768013,-2.1481467515144077
2022-01-25,0.9242236236276862,0.03711023551177389,0.03917270650396273,-0.16275991930440462,0.3068836114299319,-0.16383555811028166,0.25729070794674214,-1.5969639821767052,1.0103724924397337,1.5434091440476405,0.3186119748924672,-0.33059898668144094,-2.1829160501271057
2022-01-26,0.9347608691840218,0.04382688324268547,0.04963907497655451,-0.16377558949188822,0.33934012078838294,-0.2242350799544309,0.27360597500787864,-1.5995350431825333,0.9629854719097644,1.5082519559251903,0.393138344215487,-0.3184386496876591,-2.1995643329334533
2022-01-27,0.9347339167101085,0.05309815049233877,0.0696334683199094,-0.1543406155117622,0.344930662776401,-0.2887009022606358,0.28587451175609546,-1.5979136617914673,0.926076086701446,1.4787196378081842,0.4721397911421399,-0.31229942693529766,-2.211951619207459
2022-01-28,0.9373586261387594,0.07804134632291695,0.10517813069319153,-0.14200985528086213,0.35080809211358815,-0.3497708591373662,0.26917217120646864,-1.5921515984528734,0.8824577718686925,1.4432357020190552,0.5532299844914361,-0.30626482775900343,-2.229284684224002
2022-01-31,0.9600351381014017,0.1002094961113673,0.1399418412057791,-0.12559191989174007,0.3618464795665575,-0.4042581973490984,0.25465668350858034,-1.5825059891190534,0.8402074162890298,1.386893856538912,0.6248060420468436,-0.3079628464949217,-2.2482780005136584
2022-02-01,0.9742522580046158,0.11675284475519315,0.16714929722907168,-0.11518790662988698,0.36935355739691195,-0.44173013659771976,0.26835095475952697,-1.578931942394102,0.802626296443493,1.3367016984395415,0.6783858445076171,-0.31780700582241966,-2.2599157600918436
2022-02-02,0.9828386783449055,0.12574679439959152,0.1914244349290372,-0.10712374003208153,0.39184627624745877,-0.4828980736506056,0.2944004362949647,-1.5601190245258771,0.7609083497672376,1.2853996660078115,0.724778175615588,-0.3270172120677891,-2.2801847613302426
2022-02-03,0.9834562692813779,0.15212297428922378,0.2515653085616534,-0.10396332990568112,0.4200872116093387,-0.5154309181847115,0.23674008750608788,-1.557552629636141,0.7345307548923504,1.2315202465601436,0.7752022085114637,-0.31602296094189053,-2.2922552225432162
2022-02-04,0.9986782986060598,0.18421262997583954,0.31242488138316354,-0.1053952818693903,0.36773543124953617,-0.5401027501527106,0.21639164220960633,-1.556690747578806,0.7002248492564739,1.1770768307211945,0.8365964527774561,-0.2880581655783841,-2.303094071000039
2022-02-07,1.0035403005717187,0.21437413665640517,0.37236390874433095,-0.08091788771040045,0.3073905060096093,-0.5444900899865631,0.21231487900845425,-1.5483169116788995,0.6725500148600002,1.1100571429925212,0.8722699227510233,-0.2548881649136204,-2.33624775730458
2022-02-08,1.021803861980083,0.2438209522775722,0.4247074362448146,-0.0504752442126203,0.22055624236889976,-0.5582081121559468,0.21377291925170422,-1.5446131723783596,0.6545482234644433,1.0394716691245858,0.9124278971623229,-0.22641974741619575,-2.3513929257113033
2022-02-09,1.0358481558891817,0.26460217931438673,0.4690054317876249,-0.02556759575695969,0.11002517973942806,-0.560441371615096,0.21697818001193148,-1.5476093208753963,0.6491161980643911,0.9827557201066465,0.9428095767909784,-0.17962161246788685,-2.357900720989228
2022-02-10,1.0511414969300659,0.29008995358144507,0.5109626930115221,0.004822767721834012,0.01080922478290027,-0.5471191203190525,0.17914102802011797,-1.5561139630933327,0.645544723186802,0.9453950822607633,0.9712393206925176,-0.1567817256632489,-2.3491314811123356
2022-02-11,1.0512049607207903,0.31597195203766243,0.5499412107315583,0.029867839283920655,-0.09469605872966155,-0.5383402539398275,0.14972830220169123,-1.5660747988931407,0.6363415278481473,0.9215866090089726,1.0080311157111814,-0.1333580131532921,-2.330204392828001
2022-02-14,1.0617988673957948,0.3411307483854181,0.5856621238100994,0.05160984038824422,-0.2038117170873825,-0.5504955528952574,0.08810003975807681,-1.582805672686405,0.6332379104414877,0.9070671858294138,1.0651797432260866,-0.12071476847658252,-2.2759587480889927
2022-02-15,1.072202010505032,0.37507653163000837,0.6239645315694117,0.07505818694290588,-0.3234744414429205,-0.5528214704903122,0.04761614600150379,-1.6044765825091802,0.6429965830974361,0.8791354708110489,1.1089257645543458,-0.1318629484611144,-2.2123397822081685
2022-02-16,1.084350294468358,0.3976520281263142,0.6552108033188858,0.08944403077311407,-0.46711099032996745,-0.5464335601709546,-0.0017753802250514996,-1.619946012735498,0.6639694514033505,0.8594737489378891,1.1499267524744483,-0.1270717598979486,-2.1376894061429397
2022-02-17,1.093618690901669,0.4193611104541164,0.688630706365037,0.10121782525096995,-0.6245168923150596,-0.536711654905655,-0.054375940760675985,-1.6311619612177353,0.6850065274691574,0.8546368654670325,1.1771404364734535,-0.12308923946332173,-2.0497564737189875
2022-02-18,1.1040819482208428,0.4317294723546001,0.7110433695866665,0.12241830438178412,-0.7918426347838238,-0.5298290773045597,-0.0924719346623849,-1.6630970878332774,0.7080944719319934,0.85273436915254,1.1979235899696177,-0.1238843629564324,-1.9269004280575694
2022-02-22,1.1024410349004152,0.4349898029653663,0.7237761677261705,0.1601137984455282,-0.9546936595629931,-0.4953298020130171,-0.14207249987999923,-1.709060631620014,0.7373549869726336,0.859766547556461,1.1974143721780637,-0.12119083649505441,-1.793509281173561
2022-02-23,1.087422414776645,0.433383988237336,0.7299851789960392,0.20940171273313543,-1.1123659957901337,-0.45437630017116515,-0.18383890668833644,-1.74730046320986,0.761465959147399,0.8862293306996193,1.179771625926322,-0.13214939323879893,-1.6576291514182029
2022-02-24,1.0840117874171837,0.44183882513171785,0.7445797752517219,0.2551176987244539,-1.2588613530580557,-0.4072324998620934,-0.21189175296346408,-1.7521382502864995,0.7831749732500379,0.9111193197540517,1.180347661003302,-0.27615427243516494,-1.4939119119271935
2022-02-25,1.070886256811541,0.45769423695620687,0.7665795040751296,0.309302389292233,-1.4146106385378916,-0.34586799995757217,-0.2566820428522134,-1.7429699603155757,0.7987622178387127,0.9388206205602883,1.1574210640367422,-0.4429620618401747,-1.296373586067427
2022-02-28,1.0592321944403014,0.455425027232325,0.77912084046728,0.37017679698551786,-1.5613270199931328,-0.2864227898852858,-0.3150354939267011,-1.7327908063103432,0.7913847674952069,0.9607123756659635,1.1295263644165896,-0.5814626419149086,-1.0685396146728103
2022-03-01,1.0294173944708407,0.42703054544617236,0.7738290803068493,0.4069815434125893,-1.7394384135363903,-0.22896861273296754,-0.2986039425394268,-1.7160304481545903,0.7804666282150227,0.979736053120634,1.0876119867789384,-0.7232546595017332,-0.7787771552859403
2022-03-02,0.9617233603925629,0.39205594274440453,0.7584397453129563,0.43581406595187644,-1.910657509929784,-0.17465218549461517,-0.26515018802716483,-1.6703939970533832,0.7516987294262456,0.9946509392663275,1.0505375227851181,-0.8620242471665986,-0.4620421782079456
2022-03-03,0.8911814885327106,0.3684435611285101,0.733231122856306,0.4519463412109078,-2.029222564666503,-0.12528099338435852,-0.25292456642901734,-1.6057975201063024,0.7065798356353584,1.0123138748665148,1.009204393690467,-0.9904556123360281,-0.16921936099856594
2022-03-04,0.8250887452454662,0.35600674210132205,0.6997677590332633,0.4554738027858456,-2.105588070001105,-0.07765794219203066,-0.24104112246398246,-1.5456998934097783,0.6572477804064496,1.01508190834626,0.9683401820305347,-1.0957271509257334,0.08870725904348857
2022-03-07,0.7642798735565364,0.33931731671614834,0.634579255093172,0.46626244748009327,-2.1780828520211606,-0.043212430078916786,-0.20586915572763706,-1.4544659633554677,0.6242035890805341,0.9720766482721632,0.942660869919913,-1.1997714532056392,0.33802185427025877
2022-03-08,0.7083532776175218,0.3213588254310632,0.5762603987843089,0.49114447601333777,-2.159253970979495,-0.03137743829537929,-0.2093096075648009,-1.3844889048186158,0.5990980585988599,0.9250169894277399,0.924031706636177,-1.3395413364530746,0.5787075256023547
2022-03-09,0.6544554131148004,0.29622959159893814,0.5233034347395459,0.44899525167535975,-2.1054512238914724,-0.02431783311538649,-0.21701570815683308,-1.3209383252346396,0.5715484287811762,0.8894941569699467,0.9026467940404109,-1.4624742519482987,0.8435242714264518
2022-03-10,0.6002933109405834,0.2786733169569647,0.48783244910214496,0.39847380400553745,-2.030038574074186,-0.010708914585968728,-0.21452445500585196,-1.2555417348376385,0.5445573509668934,0.8493474507400731,0.8580244148342626,-1.5834753559510568,1.0770869369082428
2022-03-11,0.5442734327508554,0.26253220081075257,0.4617620591749732,0.36588431982025205,-1.939746391535869,-0.003969291211538968,-0.2149520798230649,-1.1799023221781793,0.5120098004784845,0.7878756150239593,0.8250253096515549,-1.6994631522833852,1.2786704993212021
2022-03-14,0.5005760686658969,0.2519611368614195,0.44373005277582167,0.3527908971036857,-1.852508868853074,-0.019411188517728457,-0.22155134581940267,-1.1202230317437891,0.4865080799048091,0.7148018120099139,0.8129408589577488,-1.780860027980071,1.431245556634771
2022-03-15,0.4685310214421008,0.2568488658326775,0.42880104646363665,0.3383135413261118,-1.7623404860244114,-0.028098614941811567,-0.22076196530990755,-1.0752918562982354,0.48538120700488957,0.6206150147098197,0.8013505928483776,-1.8585179961545706,1.5451696291013228
2022-03-16,0.4389647294509849,0.2658744374832781,0.4198697452257589,0.3347789910879295,-1.6878743846817075,-0.012152203060306857,-0.21349848827771403,-1.0451619148124196,0.4942800821884471,0.5376254383069892,0.7793854111983324,-1.9268853185634613,1.61479347445389
2022-03-17,0.41169546991142003,0.270502185000458,0.40879982159260886,0.3309091446810816,-1.6131521421641828,0.009511474544453157,-0.2101575037764959,-1.006459947448334,0.49902073525274454,0.47420859626722145,0.7542679481147883,-1.9981834071871478,1.669037625211384
2022-03-18,0.3920196996094256,0.2806958982994657,0.40892901600772585,0.3449936973596226,-1.535502565065544,0.015854670189064113,-0.20763933467498658,-0.9779123365604404,0.5005005074494672,0.4011050036148259,0.7418861788767086,-2.0660087466130723,1.7010783115077381
2022-03-21,0.3713718018330731,0.28909465313523297,0.4058159341471938,0.3551707559559827,-1.4476056752929463,0.02815341223924503,-0.20365619155564155,-0.9396300465965018,0.5024310844668373,0.32050620735731744,0.727215104518335,-2.1408412758897395,1.7319742356816124
2022-03-22,0.3462845367038891,0.29124992213972123,0.400174128050073,0.3596232359190684,-1.3788113596442684,0.05516157118487995,-0.1918415420199064,-0.8596283622411812,0.5023328793821958,0.23554541186253938,0.6990258280755289,-2.2200371749319006,1.7609209255193592
2022-03-23,0.3191615662550971,0.28855131361407677,0.3970367865999424,0.3614167318720936,-1.3173317784258296,0.08092502250105461,-0.16564400721088865,-0.7655946402495639,0.4969442385640522,0.15717685741128035,0.6604930532376027,-2.297592529527645,1.7844573853587289
2022-03-24,0.29523680640682165,0.27596216893596986,0.38475636346657843,0.359832010438046,-1.2571589966537426,0.09780554171153268,-0.12785046837948627,-0.660528005781867,0.4794644867316722,0.0754797557409503,0.6133181596171929,-2.3611167419448282,1.824798919711163
2022-03-25,0.26873599210606514,0.2583279597102202,0.36926452805348736,0.353229048762134,-1.242730644024132,0.13258779525525366,-0.08449136661776235,-0.5933573497734855,0.4674139255698972,-0.00840433440257607,0.5534297614256619,-2.3632174208546153,1.8892121047898522
2022-03-28,0.25446823452830664,0.23946919367311853,0.3575480085071278,0.34979225550518156,-1.2302612063277647,0.1591843634666776,-0.03499154903120713,-0.5611869973065894,0.46732819101403467,-0.07934755461052376,0.5122712117523858,-2.3608788026323775,1.9266046514616284
2022-03-29,0.23692265103665386,0.22374591493755333,0.3384035718045917,0.34351124776778835,-1.2159522577934747,0.18952526553101143,0.03615439852289674,-0.5096497740985048,0.46307683885879086,-0.15392759581959234,0.4677214869701078,-2.370885724706523,1.951353976988701
2022-03-30,0.22519602084210105,0.2116623112249678,0.3209314009344522,0.34199579678895753,-1.201350414169359,0.22043957042913565,0.085187916834928,-0.4568384130770235,0.46555714063116205,-0.21976542425837706,0.42603727012459985,-2.3823567885699855,1.9633036122644403
2022-03-31,0.2162877963484187,0.20370711698650257,0.30564260193725756,0.34124278667483177,-1.1836341543645097,0.2553432359455012,0.13608411789201771,-0.4246205786285789,0.47771403847604776,-0.2820268093989334,0.38448233530953874,-2.3932670315695366,1.9630445443914435
2022-04-01,0.20171917921760982,0.19112932451608464,0.2912816955809399,0.34109357363209464,-1.1716045723399466,0.28205598812739846,0.1838615506156469,-0.3771616747993706,0.48688877650870266,-0.38071081422014263,0.3508507755735476,-2.3801216863196744,1.9807178839071087
2022-04-04,0.17640249046911566,0.17383521344233913,0.2694217117735574,0.34179399976422004,-1.1606930105600703,0.30133024403085423,0.2422138605056437,-0.31644173350893046,0.4907085569996251,-0.48068947452425326,0.3059312779519236,-2.3545524665250115,2.010739330180987
2022-04-05,0.14703901426148167,0.14750056864823438,0.23719210511206482,0.3391189858943767,-1.1492707108237963,0.32461488723771675,0.3223825624191027,-0.23895351555072125,0.4629522010218459,-0.559055723184939,0.2370626765289968,-2.3237224351022987,2.053139383537936
2022-04-06,0.11620039715700811,0.12699600651483747,0.21369045816957644,0.3472239099689192,-1.1241624337497425,0.35390676679289385,0.39566171354293994,-0.18606675707296208,0.44338068716261286,-0.6236577084674328,0.16301731389264207,-2.3024204344226598,2.0762300805113676
2022-04-07,0.10203363869335778,0.11576238633714037,0.19444227699792377,0.3727397569240437,-1.1086767231486088,0.3796227634381556,0.465589428435331,-0.14027767550282316,0.4322244069677558,-0.6905931519211913,0.10860030037816397,-2.2937370526067102,2.0622696450074613
2022-04-08,0.08665684663196545,0.10194291409347696,0.16770903227660608,0.40486179122537364,-1.085252271085875,0.39797164137908064,0.5408295276018429,-0.1011477375258353,0.4200921951147093,-0.7580176015858218,0.06773232635834575,-2.285702397107512,2.0423237326236428
2022-04-11,0.08367761252452179,0.09152253799483366,0.1396302749010104,0.4116886279061824,-1.0473201216024226,0.40856236360056,0.6189072468795143,-0.06768280992863247,0.4048549964765061,-0.8098210626982514,0.028086732384074983,-2.2862041555062564,2.0240977570683594
2022-04-12,0.07851247024394868,0.07184423014899452,0.10495212634235691,0.40792153580543256,-0.9969022916025607,0.40957768935942085,0.7064328108888491,-0.01766678649212153,0.387098436687231,-0.8476912786439531,-0.018850174782292554,-2.2921344488346245,2.0069056808793184
2022-04-13,0.07424366186694936,0.03552275967446399,0.06305611844649049,0.39870897098441294,-0.9476234543471402,0.40298196007976655,0.7966619498984209,0.05455479499152823,0.3586562660376821,-0.8758758870738342,-0.08636731602224644,-2.281008634497081,2.0064888099605875
2022-04-14,0.07017600003540275,-0.004635849211358695,0.022705116254691935,0.38794453874775897,-0.8940115277796303,0.37928968615644393,0.8990902698625632,0.1386041165273522,0.31818364184665626,-0.9141460173268037,-0.1483090571406618,-2.2584031803840023,2.0035122624115873
2022-04-18,0.07592617280151542,-0.038689866473615095,-0.009262400296743908,0.3826104558708531,-0.838656234626261,0.3357298296267914,0.9957205190900646,0.19987504458323282,0.2830852309303431,-0.9703341644212786,-0.17434062494608044,-2.23240870784649,1.9907447457076684
2022-04-19,0.0875984046967196,-0.06294354922276499,-0.03258095412745097,0.373417589658266,-0.7732416636356638,0.30230104531911894,1.096138105301155,0.24193501006717022,0.2661639286455656,-1.0157212710968648,-0.1925509590544931,-2.232925685093827,1.9424099985430694
2022-04-20,0.09914886138426501,-0.08865250196500739,-0.05649717019050314,0.36797512328404836,-0.718297767117359,0.23486319563478134,1.199324596635097,0.2801181526233643,0.2517388856316859,-1.052842554773934,-0.2034500638107955,-2.217465929928233,1.9040371725925902
2022-04-21,0.10860776238264937,-0.1050498490561258,-0.08235589984334062,0.3548283919355662,-0.6695007773068707,0.14460693334557453,1.2793729111267227,0.328660716816939,0.24412134501534702,-1.0844415175087003,-0.20880505216087203,-2.192576862854159,1.8825318981072703
2022-04-22,0.13311066197706167,-0.11168802263400938,-0.10991052186565692,0.3379316514258614,-0.6285099261670987,0.054257917698351074,1.3671889258664134,0.36611242584336423,0.24802183050712268,-1.1229616628987844,-0.18490980306805177,-2.177418241283073,1.828774764598499
2022-04-25,0.15130203099482337,-0.11222221712619324,-0.142934854500694,0.3140770953854224,-0.5856443292033842,-0.028081207930883582,1.4596247058336902,0.3918285067540797,0.26789793541518075,-1.1461836428343377,-0.14859606385208746,-2.1754005435958845,1.7543325846602678
2022-04-26,0.16862870277416003,-0.10362178888739174,-0.1745855082715294,0.307116737162171,-0.5392950520552471,-0.17330123553585486,1.5637789755212081,0.4243529839618236,0.27460794239830716,-1.1845939953368154,-0.09956948218301052,-2.14142695768099,1.6779086781331696
2022-04-27,0.18670263671502413,-0.09333895325802496,-0.2093568336542957,0.28710064524194223,-0.49149923766895887,-0.3301392192692518,1.632605627998393,0.46042973581971697,0.27485911551366066,-1.2216513992887208,-0.022226233107932553,-2.097071501694442,1.6235856166528904
2022-04-28,0.21755245508513305,-0.057467571012883446,-0.24722408982252403,0.25441604170574256,-0.45498347707102993,-0.5149576293952774,1.6787895204682344,0.4619840467341681,0.29593333711361597,-1.2766747175014406,0.07776789981432793,-2.020533796110322,1.5853979799922553
2022-04-29,0.2675898324790659,-0.006655914532015061,-0.27212976429454827,0.24910250552710791,-0.3522311606711341,-0.7109216888237104,1.7011806538892345,0.4287590738677298,0.32855361682563894,-1.340692876468891,0.20007581975839256,-1.980982294447903,1.488352196891032
2022-05-02,0.32657677110698285,0.0399173515300364,-0.30465613462821595,0.18942523380563198,-0.2288429524862914,-0.9131175864051136,1.7173828775144813,0.39304949785682014,0.36262640740707824,-1.3825134113541993,0.3371259009635164,-1.9226252166541788,1.385651261343452
2022-05-03,0.3743033254430803,0.08654385057553768,-0.3398358160726451,0.11151815754378253,-0.056087064936795654,-1.102956919735472,1.7355558460268594,0.3585541336748013,0.3935752069539912,-1.4008613150775706,0.44568790368202343,-1.8625722608695783,1.2565749527919858
2022-05-04,0.4296039347905228,0.1241642042251263,-0.3757340607845253,0.022247125895130834,0.13404187721374605,-1.277662158206827,1.7354059323911946,0.3108137376981503,0.4364559951102524,-1.3876639164301874,0.5600575046642269,-1.807876905418097,1.0961467288512876
2022-05-05,0.5015507443021311,0.17629282344392405,-0.3836898761569173,-0.09639297916111952,0.3497525993801367,-1.4703049614151147,1.705160253610417,0.1995230728214457,0.509037110826817,-1.3617482838607216,0.6937056160572576,-1.714531357529857,0.8916452376816004
2022-05-06,0.5754756579077269,0.2255324827853789,-0.39005172714210523,-0.24368139001070943,0.42982129329785207,-1.6452279238559817,1.6763732312488364,0.08737480230932392,0.6028656766372897,-1.2877230152098136,0.8570971414081161,-1.5723388609916056,0.6844826316156919
2022-05-09,0.6445474960587821,0.29006071259794575,-0.3889478790743605,-0.3546929217455894,0.5109613559353655,-1.7694894246761401,1.6559306831800373,-0.008477504618582252,0.6974023700644126,-1.2171846255723247,0.9954493443517765,-1.4146428825833444,0.3590832760820223
2022-05-10,0.7160255001571795,0.35093188378055945,-0.3684466038648302,-0.45195202535334134,0.5787359508569456,-1.8761050761019584,1.562674569294678,-0.18167550212699063,0.7967304305051394,-1.103577523836992,1.1601573365585949,-1.2224295639797274,0.038930624110742044
2022-05-11,0.7773227062635552,0.41155040904513496,-0.333394259661041,-0.5360033412061301,0.6087965232150632,-1.8935387921785227,1.4607190183707848,-0.37550118811960326,0.913114073824176,-0.9535465084574299,1.2751639472217415,-1.0713381180438706,-0.2833444702738551
2022-05-12,0.8124641900337958,0.482739914659732,-0.2684730009381888,-0.6171399421890074,0.6379567993470852,-1.8531787457822848,1.3414477537570362,-0.5867342676400995,1.0048091096284402,-0.8059098503397636,1.3600143275523378,-0.8615335531758488,-0.6464627349132313
2022-05-13,0.7975384138794254,0.5308708907549132,-0.2113355942233792,-0.6899255154355012,0.6691408991738974,-1.8111689244746356,1.1839772594329196,-0.7451793890151049,1.0652925127157937,-0.6428834588610173,1.4246776463490947,-0.6060725585854485,-0.9649321817109586
2022-05-16,0.769763523449938,0.557402312038578,-0.16116434132566265,-0.7592224715715171,0.697805530131638,-1.746569547325285,0.9981097628712228,-0.8697985560048346,1.1049708857372695,-0.4500001943149457,1.4660415769537098,-0.3915670250190734,-1.2157714556210348
2022-05-17,0.7389252468934895,0.5805723486964595,-0.11822497926902735,-0.8202780795921031,0.7190526323685648,-1.6645542728296443,0.8098255118175207,-0.975094838657912,1.1354727561164255,-0.27618276553525106,1.468499158349733,-0.19204687427999914,-1.4059658440782554
2022-05-18,0.7050577329066434,0.5883484908098,-0.10233195346405859,-0.8906130240069356,0.7204284614355716,-1.5913992602078142,0.6315265757985213,-1.0444599366559097,1.1547332318209236,-0.10469340046520059,1.4442265432590853,0.03209429863629038,-1.542917759866918
2022-05-19,0.6687635129142315,0.5952770654116161,-0.0684194768034908,-0.945231057282719,0.6964469228688672,-1.4888759123629882,0.45522222160320186,-1.111380479178947,1.143769068493896,0.059382010711252986,1.4416143159821782,0.20402611474014654,-1.6505943070972462
2022-05-20,0.6178511717316949,0.586400231070918,-0.04678826329138556,-0.982736128956389,0.723329247883494,-1.395745832831115,0.32699830808169333,-1.1980779826322325,1.1028495010330852,0.17661031655489456,1.4380809485647394,0.34239040602081056,-1.6911619232302084
2022-05-23,0.5647764495374706,0.5797771557622988,-0.03378397527141344,-1.0136011822467295,0.7870438750097108,-1.3149364569741455,0.14322944373883637,-1.2969398472163343,1.0652892405469159,0.2788087469300887,1.4327891554379686,0.4735544821425938,-1.666007087397259
2022-05-24,0.5294865622919053,0.5843423580268071,-0.002335432319601564,-1.041375780182427,0.8399353934186955,-1.2322148294619895,-0.04187240925115989,-1.3909803905234026,1.002701165289942,0.3710011028640857,1.4059687529954155,0.6031390049750938,-1.6277954981233647
2022-05-25,0.5153835960312346,0.6010296022974577,0.023163594454343548,-1.0488061327392766,0.875366941654419,-1.1477696622436917,-0.20206621066617866,-1.4588575547657698,0.9717425344168164,0.45758525690373936,1.4119828330155033,0.5900616299413848,-1.5888164282999795
2022-05-26,0.49248353562215613,0.6177398798432886,0.031188419748330788,-1.0687304324777311,0.9082632832135082,-1.070829851366502,-0.2868213059710675,-1.4927079111204344,0.952938769016429,0.535815798753156,1.3920095065396958,0.5681832424735241,-1.5795329342743554
2022-05-27,0.4711955540370682,0.601092672745709,0.05392662099382954,-1.0903064535956144,0.9676474364144014,-0.9911142712314321,-0.3622707535387467,-1.5108520085172752,0.9440803588323771,0.6221521285592944,1.3686266699586809,0.5031018847754521,-1.577279839433745
2022-05-31,0.4472061415272328,0.5922379658059274,0.07448671893371897,-1.1362187115064093,0.9532352777027671,-0.9400605340971044,-0.3961895991935226,-1.538789448312009,0.9509781365808369,0.6959892059781146,1.3636308029688389,0.471371908166348,-1.5378778645547406
2022-06-01,0.4272265738492655,0.5917313545829023,0.10032568563842267,-1.1129608962716238,0.9355544915469844,-0.8958890456658357,-0.45130960267753667,-1.5765020475327938,0.9661854806126663,0.7691879237028342,1.3545039034922524,0.414974869987432,-1.523028691264968
2022-06-02,0.4246681707705231,0.594868505669511,0.13133132990234606,-1.0639699554020519,0.8937652255863527,-0.8607809012476016,-0.5147938005004343,-1.6201392674647075,0.9717889310321738,0.8521028009849867,1.356420400704757,0.3386830579267985,-1.5039444979626566
2022-06-03,0.41714685504465177,0.599825852596878,0.16252120394121303,-1.023140475991868,0.8632989813671821,-0.8205966671638564,-0.5851980041100223,-1.6493266296889453,0.9707608312964902,0.9261936388914133,1.3596296250955577,0.2604199114028422,-1.4815351226815388
2022-06-06,0.4035275744767175,0.6124657563091754,0.19537764835914878,-0.9557247937021206,0.8150154310712006,-0.7793125259108372,-0.6750581454407943,-1.6705967743755032,0.9763856517222056,0.9648759027343269,1.3931587656466884,0.1808389992918964,-1.4609534901821049
2022-06-07,0.39628897924507994,0.619480931305641,0.22689394671643154,-0.89216480951243,0.7859133850160889,-0.7480780262545668,-0.7515315429424998,-1.6933053251193966,0.9778493958510083,0.9902268959971684,1.413195126230682,0.10931194476498374,-1.434080901298192
2022-06-08,0.37512457675557903,0.6241914077623499,0.2466384330099403,-0.8652283579925675,0.7664146719298177,-0.7425348332527786,-0.8558134887033693,-1.7277436250232205,0.9839111157087198,1.0246094009583355,1.4359700601495151,0.04665704894649534,-1.3121964102488195
2022-06-09,0.3464840524011984,0.6317367599472776,0.2597752682309858,-0.8702897531983996,0.756621408225951,-0.7351943454029066,-0.9586153897988636,-1.7141171443338237,0.9928809087224649,1.0592313936315871,1.4526404731154035,-0.009624984134234708,-1.2115286474066376
2022-06-10,0.3002987495825582,0.6342548431457217,0.2703221793269491,-0.8685174912454348,0.7268669212223295,-0.7486023498100332,-1.0741623118875594,-1.693558825235216,0.9888927513673889,1.0789591655790753,1.4892438878009848,-0.004219971711654807,-1.0997775481351078
2022-06-13,0.26175706731077675,0.6350835688403669,0.2667121165664634,-0.878889696886789,0.6970989146795512,-0.7662771718605705,-1.177110367453066,-1.6678012406744278,0.9871438387842774,1.0900777306303486,1.5328922622143042,-0.015507946468427488,-0.9651790756828028
2022-06-14,0.2451447190341545,0.6506140637192427,0.2706352265777656,-0.8756709694240372,0.6487207607127797,-0.7611345493751914,-1.2649391724689092,-1.6627472871648232,0.9723852740758381,1.0725663027031591,1.5874619653298978,-0.05052290731497172,-0.832513426404902
2022-06-15,0.23606237226669222,0.6796244997900763,0.28319624473378063,-0.8650666053388483,0.5896907913077507,-0.7528198109248122,-1.3328669142108729,-1.6633209530066886,0.9577024757449437,1.0300282586804497,1.6464514078429902,-0.10412140869545743,-0.7045603581900041
2022-06-16,0.21669553290296556,0.7025136085943811,0.2953665548336964,-0.8577380636798767,0.5213737788825561,-0.7397436904431196,-1.3874318446157667,-1.6656744770023373,0.9381225123792521,1.0034209625908366,1.6956214162050995,-0.143329471146424,-0.5791968195012677
2022-06-17,0.19970432092673307,0.7348521485146309,0.31880567908189805,-0.8365713016181594,0.45682390905924536,-0.7340484151119785,-1.4571765321714463,-1.648228162331988,0.8856449963676278,0.9339368534901449,1.774622667068236,-0.19633893510552586,-0.4320272281694209
2022-06-21,0.18521847540400985,0.7706811048993067,0.3348835995422147,-0.8068684585263405,0.400033259235185,-0.712323613921542,-1.5371504239758103,-1.630219298520054,0.843785461769343,0.856615911531686,1.8259627977297404,-0.2654856060240748,-0.2651332091436635
2022-06-22,0.19690945031517887,0.8109678315355336,0.37352901153247886,-0.7693682499045706,0.30331878586107186,-0.6780293828340073,-1.5779427365656862,-1.6136186373170696,0.8279363918987781,0.7827616025152222,1.8635060621078803,-0.3616664179189104,-0.15830371122589623
2022-06-23,0.20091186990987672,0.857279712534261,0.4266235326112867,-0.744525218643658,0.17901637009129281,-0.6514093794745309,-1.5891294966436356,-1.572638986418371,0.8082238216986578,0.7021956072291009,1.9143850318577451,-0.46715204872922983,-0.0637808160227954
2022-06-24,0.18770996495019893,0.8910830931991078,0.4674244966060876,-0.6985387681390631,0.032307691404936674,-0.6458072569558034,-1.6129574102329347,-1.488556062758079,0.8101517571194965,0.5869751867849043,1.9730406625444115,-0.5743380093715723,0.07150465484830709
2022-06-27,0.14583702199197843,0.9059598530861772,0.5420776511653608,-0.6782995900994825,-0.07780352234563408,-0.6106120071928304,-1.650320577914163,-1.3827631297478622,0.789747746601607,0.47145338372916185,2.0037510328804666,-0.6895118725495741,0.2304840103947925
2022-06-28,0.12289716599871368,0.9076629419501195,0.631131716652813,-0.6464133859397837,-0.18723123798024224,-0.5863298521718349,-1.6630969021644717,-1.2953915693285292,0.7564409629393303,0.3372509464578412,2.0145711995019764,-0.7877876589462635,0.39629567303033236
2022-06-29,0.10756806159965057,0.9153204685362426,0.7266984204132878,-0.6001508659985565,-0.32550869516376213,-0.5645043583776066,-1.6487528865252818,-1.1625450268523903,0.711832466291407,0.1900456493709959,2.0336619115355026,-0.9044421230288943,0.520776978199403
2022-06-30,0.10971335038755721,0.9385060320598225,0.818135069215782,-0.5155208321259334,-0.41378483664029486,-0.5492675564257181,-1.6323747435028828,-0.9837051359467842,0.6236483797807809,0.01987305927303406,2.0595834700624396,-1.050695833904793,0.5758895777669918
2022-07-01,0.11385020319257876,0.9550424100111348,0.8783024887682644,-0.4796203388786697,-0.4907523266773986,-0.5365807789014556,-1.5881376835742,-0.7726956906933303,0.5297919847551874,-0.17601453146025228,2.067654915033699,-1.1759489031547685,0.6751082515792124
2022-07-05,0.1109555019156502,0.9577588569980411,0.9151955925324952,-0.45683605396169663,-0.5664977251735068,-0.5499593836646176,-1.5281822557922486,-0.5316689317814345,0.4232282598946796,-0.40997280939287967,2.0642694683227933,-1.2345844184527726,0.8062938985554976
2022-07-06,0.12099374284695093,0.9662187565630481,0.9537263456327073,-0.4134128898173727,-0.6343128344314016,-0.6041543960826671,-1.449033954007681,-0.28913743097474137,0.3196135363067408,-0.6190102483971136,2.045242368536915,-1.2645703077206265,0.8678373115452366
2022-07-07,0.13805251242576594,0.9623925883182683,0.9909108270346892,-0.38040970670816154,-0.6893450531895567,-0.6441724243025864,-1.3118623725113767,-0.05695732916308775,0.20578220782571338,-0.7763254499736002,1.9845218111355523,-1.3604456615289537,0.9378580506373343
2022-07-08,0.1597679067849009,0.9559942163088087,1.0166065338007775,-0.36287347855966334,-0.7478363732600698,-0.6727124791606943,-1.157888786936563,0.17560126381247856,0.10773219972162021,-0.9264586084563973,1.9045009864417421,-1.432996689148569,0.980563308651633
2022-07-11,0.17795295995595725,0.9259112954377053,1.0371177992981173,-0.3210198628118999,-0.7986737038310071,-0.7045169543249162,-0.9722833387423037,0.36971577048624354,0.004253550757081183,-1.0383011388570587,1.8227955405599676,-1.5142020224895292,1.0112501045616438
2022-07-12,0.20492421569636748,0.909982017154916,1.0404101735265265,-0.27373649284451484,-0.8643041455728829,-0.7305965924259055,-0.8303219086945324,0.5082207561682568,-0.08316604822796417,-1.1041600842539352,1.7509454596066403,-1.5510807350634466,1.0228833849304726
2022-07-13,0.24663422557958706,0.8668835656188297,1.032184423350909,-0.23428562790831578,-0.8849279702292461,-0.7704879745610362,-0.7322267506072786,0.664783873451917,-0.18272232825735452,-1.1462053746823124,1.6738082797751623,-1.5746680534229962,1.0412297118921385
2022-07-14,0.2834251670431939,0.8238867170213218,0.9977524303800773,-0.17209368710328973,-0.8950737164813444,-0.7923490866132945,-0.64560937585682,0.812478236889193,-0.2813762586221486,-1.1654282073542428,1.5694615440265596,-1.6214370457154401,1.086363282386232
2022-07-15,0.32686193212257986,0.7818418693321882,0.9579269932480771,-0.10964963612073833,-0.9212187718988487,-0.7896895440012679,-0.5425615717820329,0.9456325671396282,-0.3750197781037797,-1.1768355754408044,1.434975490095606,-1.6741449234378296,1.141880948847219
2022-07-18,0.3648714181464564,0.7384922783672168,0.9249132276820188,-0.023986176029847796,-0.9409074589077924,-0.7924681513712564,-0.462403250931161,1.077033846469282,-0.47238301401607696,-1.186797753991012,1.303173855397398,-1.6979868569202379,1.1684480361050111
2022-07-19,0.39614161846355617,0.6879829553579407,0.8748800021005344,0.04755604178260931,-0.941113890357691,-0.7898962959512952,-0.3990339479162203,1.1895228950187986,-0.5503696427347426,-1.175411194719893,1.2035218612508138,-1.727472335542604,1.1836919332481906
2022-07-20,0.419732673138231,0.6227596669384189,0.8358935979766937,0.1139970299577686,-0.9468056988495157,-0.772897736147396,-0.3133226253327359,1.3146585374237305,-0.6213451784677024,-1.1657204521321154,1.0610519100983284,-1.7543746776848779,1.2063729530811718
2022-07-21,0.43784514157287013,0.5512981234178125,0.7871114774902659,0.18903747220714315,-0.9471993716026047,-0.7482887644977811,-0.23838341099459318,1.4575427225876845,-0.7009587000452584,-1.1687475114517274,0.9118760300258125,-1.745569851353186,1.2144366426435622
2022-07-22,0.4579375857034406,0.4849004145460244,0.7191520376858535,0.26474676174168643,-0.9240213015138047,-0.7480518487921475,-0.1779463609208127,1.600853258824493,-0.7749386902336202,-1.1676427934061149,0.7828071279953353,-1.716522557454415,1.1987263658240839
2022-07-25,0.5065924925246075,0.43339744185093426,0.6381957491410777,0.34321630700276545,-0.94665402015317,-0.7662883961297166,-0.07071264424644463,1.697712552116871,-0.8255353053429116,-1.1775792685876403,0.6853872935791558,-1.670935326512897,1.1532031247573684
2022-07-26,0.5558059877221887,0.37959785455687367,0.5646025337069858,0.4103229013228245,-0.975268198140368,-0.7727323678690433,0.0657954844269663,1.7643972849026173,-0.8535110571012617,-1.1787849528918368,0.618963405040632,-1.6543825916590436,1.0751937159824643
2022-07-27,0.6260078153637632,0.32841901788265665,0.4786318264984149,0.4607136208428447,-1.0324812001841217,-0.786975627965508,0.18675741220486225,1.7742217737949868,-0.8494249159093998,-1.154767931105585,0.5958841411476758,-1.6521817173944793,1.0251957848238902
2022-07-28,0.6744358456260232,0.28725724984656104,0.41381419101848804,0.5265480001974933,-1.0741875983379015,-0.7750307126706747,0.27473649417367546,1.810368222368423,-0.8520830585807413,-1.1417858669145844,0.5397459237039222,-1.6364767575378252,0.9526580671071401
2022-07-29,0.6973828715132754,0.2610014695774436,0.3227789820750005,0.592913090395699,-1.1538182895123847,-0.754736054802101,0.37837977725002075,1.8015184685511907,-0.8779707132336693,-1.157307386032925,0.42814393063949646,-1.5462225110787766,1.0079363646577308
2022-08-01,0.7060596485881198,0.19817255442041296,0.21869545262426876,0.6972657941955396,-1.245530424760795,-0.7175068195891334,0.49873212662144306,1.791279363260941,-0.9159082504197901,-1.1694867529188966,0.275946022861635,-1.4067733679574466,1.0690546530737015
2022-08-02,0.713032202514455,0.12396072343968992,0.11531853306199935,0.7664033016278247,-1.336017402873225,-0.6760592927235424,0.6306132285846462,1.7901057647990208,-0.9654962623258906,-1.180355192241414,0.12228390361606924,-1.2106948173154826,1.1069053098358486
2022-08-03,0.6869059498352215,0.027487191392062627,0.010386500189360433,0.7874476820612204,-1.4137325050157967,-0.5882850543645208,0.762997650850383,1.8017908746610665,-1.007161543976699,-1.1680646490682238,-0.0439234032647378,-1.0102412599990032,1.154392566699667
2022-08-04,0.6832981078534458,-0.055481234361214056,-0.10519273317335096,0.8128466648941399,-1.4908028154191426,-0.4996080541006976,0.902497981781846,1.7453643248411694,-1.0119375701574913,-1.1702154533604143,-0.20022399759572285,-0.8092623581102133,1.1987171369076453
2022-08-05,0.6457152068407335,-0.15997745531864163,-0.23768097306275404,0.8106172637032065,-1.5428916648401714,-0.4103364414776324,1.0249935596675273,1.6846635666287642,-1.0116568611108914,-1.1651253699831803,-0.37436465077360703,-0.5303869060750788,1.2664307258017262
2022-08-08,0.6207371938633387,-0.22661744615237223,-0.36200107823944755,0.8085637461205298,-1.5803770430298527,-0.3426016441684379,1.059424764784706,1.6132890682231245,-0.9937932124372073,-1.1555053719339694,-0.4815771536317544,-0.2990538436813483,1.3395120202826913
2022-08-09,0.6253910011591521,-0.27853705467690376,-0.4733969068526094,0.8371444094012906,-1.6087201317685782,-0.30578208856456235,1.112267434937373,1.4620414785220817,-0.9770952088946571,-1.1628712863254385,-0.5704255188911285,-0.04416917836987875,1.3841530503238593
2022-08-10,0.6349131520342949,-0.3202305382126735,-0.5586609950396827,0.8717582884378798,-1.6022796333128693,-0.2838748417647713,1.174678808904168,1.2620795909067666,-0.9493737448278227,-1.1762487491680909,-0.6512256831219914,0.1608113572435744,1.4376529879212159
2022-08-11,0.6046786146783353,-0.3318938597321613,-0.6297918616855755,0.8864111962390722,-1.5580253040272645,-0.24337551177552655,1.2005371816488883,1.021940359196997,-0.9036240818223072,-1.190663563047046,-0.7507859568118228,0.3240448946301202,1.5705478925082903
2022-08-12,0.5742222808656239,-0.34086839032212096,-0.668704313664966,0.8870701687350109,-1.5236816158896151,-0.21831232654768645,1.1810752945688678,0.8045715206507315,-0.8621398516903311,-1.1876547762917107,-0.8308781927212554,0.5110392356715711,1.6742609666358799
2022-08-15,0.5010489642727595,-0.36689551070168513,-0.6975045496425322,0.8643334971159907,-1.450004846262677,-0.2084268381576246,1.1415266704402824,0.6524245207998199,-0.8214741093829631,-1.167290083902829,-0.9145331932955703,0.6903695853972391,1.7764258933197894
2022-08-16,0.4244255716610332,-0.38626662606822704,-0.7140736338957815,0.8152835065786938,-1.3772773256762283,-0.1837842832405424,1.1074607227176245,0.5182802497730583,-0.7785417609227429,-1.1427336690944452,-0.9752096669631279,0.8064454334032257,1.8859914817274588
2022-08-17,0.3889558452860725,-0.3905137739840793,-0.714166301713069,0.797996950831268,-1.3344464794070336,-0.17741323308298151,1.0850185641842052,0.4038323131875133,-0.7439704551497229,-1.1255270691265562,-1.03221605011492,0.9357983793898412,1.9066513096994606
2022-08-18,0.37163624941212803,-0.37934113171025236,-0.7223633753725315,0.7763808728309993,-1.3107584596828437,-0.1854102452545267,1.079230024839968,0.29212803941825943,-0.7097125265844131,-1.105480221020833,-1.0560621819838705,1.0280528032859337,1.9217001518219825
2022-08-19,0.3640528519890926,-0.3621239438210666,-0.7132106065877117,0.7493793206120135,-1.3131427648331502,-0.20322385723712205,1.0876460492853208,0.14172918620135233,-0.6566828904269425,-1.0783643460151093,-1.056553376302865,1.0932355142445156,1.947258862891672
2022-08-22,0.3592221845188567,-0.3344340173723087,-0.6964462965894619,0.7259665364980502,-1.3092995427382235,-0.2245279217609284,1.0468965751558923,-0.021778152684498238,-0.6083496979705274,-1.0550924799777666,-1.031658579238843,1.1396672462098651,2.0098341459498914
2022-08-23,0.34878722986472255,-0.3158865412964324,-0.6641193142247387,0.7006641773256367,-1.2724646904662678,-0.24646723792596803,0.9845085219697205,-0.15828098223824058,-0.5798633092177969,-1.0340270858962075,-1.0165009567079493,1.1575125231611023,2.0961376656524187
2022-08-24,0.3458090411547319,-0.2961129039378347,-0.6342338875394109,0.6794650397590385,-1.236377911559302,-0.2561597476109283,0.9437093691898122,-0.28718724802817286,-0.566180275268714,-1.0098417473526575,-1.0089874835609098,1.177437660696886,2.1486600940574614
2022-08-25,0.3322467672859446,-0.27079126730392816,-0.6081178853279421,0.670000028755099,-1.1873324470169448,-0.263911488241764,0.8971197317806914,-0.4044709799675279,-0.5561960605576685,-0.9905108435957108,-1.003484671893531,1.1820052420467029,2.2034438740365774
2022-08-26,0.31676022820016825,-0.26345052832189575,-0.5995833659964563,0.6556587917721075,-1.1422769474730046,-0.2746157375598908,0.8324533391009628,-0.5154192979795039,-0.5324283678473266,-0.95272810084595,-0.9796470591549995,1.1883458491818146,2.2669311969239754
2022-08-29,0.3172921237252002,-0.2684236061424766,-0.604047883779787,0.6587212511073463,-1.0754756739938869,-0.3000650914887462,0.798686765691228,-0.6255838023389698,-0.5181236508110126,-0.9280259317493247,-0.9530098657395863,1.2029340124256058,2.29512135309441
2022-08-30,0.3101658863715377,-0.27321630236006705,-0.6071908608852893,0.6163321799909767,-1.0011566534835745,-0.3218570689844919,0.7504474103910179,-0.7340873550414372,-0.49163539118354466,-0.8911924557939085,-0.9209872014212622,1.2182295423792922,2.346148270020751
2022-08-31,0.307312459606866,-0.26961324495656375,-0.5958007943378623,0.5865584246651648,-0.9317662019861445,-0.35480362928002585,0.7011540978468515,-0.8454884587497999,-0.4672126602473889,-0.8585295903501043,-0.8839235492105397,1.2259986266962026,2.386114520303346
2022-09-01,0.3176920117160037,-0.25305493181765365,-0.5822987995744501,0.5735698347033183,-0.8535032605471052,-0.39498721674637355,0.6525220854005079,-0.9855004376366201,-0.43863117344207336,-0.8212496637371937,-0.8436419592376304,1.213792971969738,2.4152905389495314
2022-09-02,0.3182308117979059,-0.2415402950405651,-0.559259328909359,0.5520846935790862,-0.7736150243869732,-0.44546952048177735,0.6074468307056601,-1.117292969642518,-0.4188917698945895,-0.7761370531852969,-0.7893857868224585,1.201904607390548,2.441924804890338
2022-09-06,0.3352661181470225,-0.22003648152714886,-0.5299931244752859,0.5415353744283249,-0.7045903688142567,-0.5032818693926834,0.5637389627624524,-1.2537366100368934,-0.3852618095208499,-0.7440460061358749,-0.7200504052267013,1.157819249288232,2.462636970503662
2022-09-07,0.3439224615595206,-0.20714073971536387,-0.5011517552976364,0.5311952398783222,-0.628193479120967,-0.5617373276824136,0.5644048525552556,-1.4035243986607762,-0.3573076985575032,-0.6988800171394811,-0.6546038064475354,1.1235426973608884,2.4494739712676887
2022-09-08,0.3466046654744161,-0.2003606787864421,-0.48651802678946465,0.5214946364036063,-0.5820715802143025,-0.5991361962179309,0.561443060017872,-1.4824459819853104,-0.3363844997678881,-0.6712824857491658,-0.6150076767822522,1.1011464192665381,2.442518345130324
2022-09-09,0.3297173668891745,-0.21323597962751914,-0.486316836203669,0.5018144892163636,-0.5391735851872695,-0.6250858344903555,0.5683328322761508,-1.5348078825379408,-0.31397896468777164,-0.6404324108700099,-0.5893234833951354,1.1129291964173291,2.429561092200653
2022-09-12,0.3279143149859103,-0.21600875122251606,-0.48250607901053294,0.4960729948067115,-0.5124735460597649,-0.6720508126265,0.6008456539024506,-1.61389290277859,-0.28726345579927476,-0.6128542096795082,-0.5493452697001536,1.1581309779833462,2.363431085198421
2022-09-13,0.3339743494353861,-0.2209548480567694,-0.48011332635076803,0.49564469806992706,-0.49220196267541155,-0.725903557069458,0.6495492073694721,-1.6817668125494472,-0.25528535012804754,-0.6009262722777431,-0.5076603561956297,1.2019176861122394,2.28372654431625
2022-09-14,0.3501103704089583,-0.21236463985519471,-0.46973788155060453,0.4964447826232573,-0.4790502347263891,-0.8055945278738982,0.6946834697438262,-1.7677061517482522,-0.2109103591703615,-0.6035119339932614,-0.4095794212678334,1.2268295168131507,2.1903870105966026
2022-09-15,0.3598680511651652,-0.20695818828909063,-0.45754267052634057,0.493207132376607,-0.47101811978493713,-0.8946485084551673,0.7287712023250215,-1.8318745277451038,-0.16139134515199288,-0.6049297176496511,-0.30790797567306405,1.2570563662609224,2.0973683011476307
2022-09-16,0.34860688519558847,-0.21461479113849163,-0.45182037570929795,0.464632109512107,-0.4621486242825522,-0.9771224965425918,0.7578584827297145,-1.8481842104048554,-0.11919737605030337,-0.6038273639700195,-0.21366721156505378,1.2597764971454348,2.05970847508032
2022-09-19,0.32437748930305815,-0.22557596300155444,-0.4417864325102366,0.4389499859333696,-0.45505676216674773,-1.0475881474087427,0.78325589237171,-1.8713223481633083,-0.06961558266827987,-0.5934037392578505,-0.11807488951145569,1.2508116123734085,2.02502888470663
2022-09-20,0.30822978970202475,-0.23612376963315349,-0.4353243046704499,0.4146374460379279,-0.44281873306127195,-1.1286530281177023,0.8160297875570043,-1.8595353262644094,-0.04754143299792701,-0.6025386506042233,-0.026228461080611915,1.2459566307307544,1.9939100524020381
2022-09-21,0.29630727852700983,-0.25619569595551034,-0.43287325079488176,0.3884576404419801,-0.43931404509602734,-1.1962415032580005,0.861730301070253,-1.831766195254969,-0.036307374272768984,-0.613042016065264,0.04654898928795711,1.255394111125592,1.95730176024463
2022-09-22,0.27921141235458496,-0.2778776644184355,-0.4370067522233667,0.36393526489526423,-0.44477472198872164,-1.2540928744883024,0.9019511525205596,-1.7874112786763636,-0.023618941927485648,-0.6239531820349546,0.10693791564286739,1.2579697360999935,1.9387299342443616
2022-09-23,0.26801564762706737,-0.2859452191983208,-0.43112810270231167,0.34222430985585117,-0.4342674089389873,-1.3356316823047527,0.9126096879541439,-1.7407789282879123,-0.0121211712525136,-0.630373300648693,0.17163159780074272,1.242896050958376,1.9328685191373103
2022-09-26,0.2659004305903914,-0.28851671347064517,-0.419313021302623,0.3273343298572615,-0.4242543570084518,-1.4288544729742794,0.9344697581656971,-1.7052056674962557,0.0032494240827952757,-0.6346832115321152,0.2489306338002422,1.2246404171219964,1.8963024501659858
2022-09-27,0.278268284825475,-0.27637868078584804,-0.40470417642886736,0.3165369684956452,-0.4219001012292421,-1.5382558625314167,0.9823081980895116,-1.6662210767365608,0.012526007798337945,-0.6533182766858886,0.3539302074050061,1.198180556309968,1.8190279514738796
2022-09-28,0.2886943983486861,-0.2747079354686776,-0.3918987742679001,0.3002049541581745,-0.43831634045191403,-1.6257572618719447,1.0289070832976375,-1.6264463712528061,0.031191950275733914,-0.6533553921352906,0.4376341585039385,1.175149544336244,1.7486999865281188
2022-09-29,0.29211086973969985,-0.26988209556238985,-0.37846051647965934,0.2896742977824343,-0.43570353498035597,-1.7130168636770726,1.077837435076533,-1.577053736721719,0.04237618158663188,-0.6658900395342663,0.5120102565740089,1.147383038440583,1.6786147077555729
2022-09-30,0.29221143756636664,-0.25917306850018923,-0.36964139218626024,0.2787260517592084,-0.43530303128166264,-1.810012557503017,1.1267023807423855,-1.5143255898990293,0.05827231843868578,-0.6744197273909038,0.60363643429705,1.098442053445817,1.604884690511546
2022-10-03,0.28842379390221856,-0.24935550824561795,-0.36295215479189163,0.27622523623570155,-0.4639456469544294,-1.9003065518268771,1.1767706149127042,-1.4272028484846742,0.07524848166837271,-0.689545889711669,0.6985296965598968,1.0587467919386804,1.5193639847975866
2022-10-04,0.27630555155107533,-0.24352161085166044,-0.3696270061972816,0.26406537818853537,-0.5130198154785108,-1.9602736203536866,1.17433972109536,-1.321013659685982,0.09236069561658969,-0.7183837535701486,0.7807065237303067,1.077983384884257,1.4600782110711465
2022-10-05,0.25607923556666656,-0.2340054017907565,-0.37476447104629834,0.2440792956365192,-0.5618864924661762,-2.004611061044418,1.1656805735934987,-1.2145910974819043,0.09402645633991137,-0.739307365643306,0.8337491959314197,1.1155368295224135,1.420014302882431
2022-10-06,0.24105718180477695,-0.2233323072778525,-0.37655218338680835,0.22835341069714712,-0.621474606236311,-2.0589971245090997,1.1416244273100404,-1.0996993228093852,0.10462698719607989,-0.7482459564263161,0.8900523792762957,1.1746980038897021,1.34788911047173
2022-10-07,0.2386971843835533,-0.21347468419971635,-0.37914333911574827,0.20733436985674203,-0.6829984448014491,-2.132945455832342,1.1194969534352022,-0.9661076496223653,0.12179492489099737,-0.7379913499900798,0.9832744523103706,1.2225416312479571,1.219521407436876
2022-10-10,0.2636493784493202,-0.19141715007846843,-0.35103601994370853,0.18825091561895815,-0.749863837627826,-2.2319307467622505,1.0636958673748214,-0.8227353798349596,0.14045758313257037,-0.7075762645392084,1.1281797003762761,1.2147206323493984,1.05560532148508
2022-10-11,0.31231917411297005,-0.17380438611178495,-0.30712399970174,0.16636373063785193,-0.818768647754772,-2.322375096679257,0.9898493657609944,-0.6532788454288321,0.14706265047952052,-0.6729333745497225,1.3149118989480129,1.1515253473578255,0.8662521829289384
2022-10-12,0.33363817697871995,-0.15475114468298365,-0.25186866280731834,0.12851678727995544,-0.889828063736568,-2.3884900580239097,0.8878963121612521,-0.4773090117813719,0.14789752022115044,-0.5912656222754884,1.5226746085948448,1.0670208421901957,0.6658683158815246
2022-10-13,0.36876355395601385,-0.1311885887497781,-0.1882715815930445,0.11512072268520736,-0.9411973353055932,-2.439401212845663,0.7731194175598546,-0.2931344964779159,0.14556158133372654,-0.4937899866724486,1.6993378773793635,0.9805873651668546,0.40449268356342705
2022-10-14,0.4198815178750015,-0.0798845060763159,-0.11241642775637956,0.0880957305144368,-0.9587685818077902,-2.459665803849713,0.6143980405288192,-0.10530870457713969,0.1421309836373778,-0.33619701345484526,1.8865400822154115,0.8634003645211914,0.03779431822994152
2022-10-17,0.473082507871744,0.0037265527498024087,-0.016198856808011138,0.05995624033707142,-0.9367795443209377,-2.4235143645663957,0.39415327125431776,0.015091951723294595,0.15640548698932893,-0.16952793939160457,2.059635730639364,0.6903526778133254,-0.3063837142912999
2022-10-18,0.5078886064785159,0.07522844813759968,0.07296795464112558,0.05835141857650728,-0.8673531693347792,-2.3552447080662158,0.1551682953909848,0.16812248231740637,0.13571501060060534,-0.026605942738355624,2.1441311860354793,0.5810700042752793,-0.6494395863141585
2022-10-19,0.5067232238657757,0.14354703677149377,0.15457667618886323,0.06549282987494605,-0.7915157843221653,-2.2374167612437317,-0.11199727643584186,0.3485354584931887,0.10621512841474126,0.11448221523471588,2.1725384940906287,0.4967255635152975,-0.9679068044479142
2022-10-20,0.46784761502845235,0.19346436432649664,0.22391460438262883,0.07037292908129934,-0.7124180532511617,-2.0909608512310784,-0.35081681936039866,0.5211602771209578,0.08057847065374323,0.2622264860356994,2.151851565971902,0.42043050173327146,-1.237651090491811
2022-10-21,0.429338523710007,0.23511050075815892,0.27618457219892695,0.09175573553289762,-0.6361911798652875,-1.9196568517724928,-0.5776893068567339,0.6378463460814067,0.051612963342725936,0.39281211869440347,2.068783780756988,0.438715364716308,-1.4886225672973137
2022-10-24,0.38054104057745697,0.24399415831627408,0.2865841740917189,0.10523320645994581,-0.6164762198649716,-1.7406089547921122,-0.7567039229577722,0.758058869564769,0.027528542857388233,0.5046928165199983,1.9545047915577565,0.5244305657384609,-1.671779068068912
2022-10-25,0.33515554875925424,0.2468366604890528,0.2881078644446364,0.11117701706390797,-0.6146525030021964,-1.5885083755714402,-0.9043272173965898,0.8268516975310052,0.010548178122825396,0.5740716112972891,1.8203751886752928,0.6869558380109289,-1.7925915084239605
2022-10-26,0.2807949953531315,0.24393549713444357,0.29326255640961857,0.08959141695531954,-0.5811667633802406,-1.4349010451013193,-1.0436214320596182,0.8967572434250077,-0.015045488477121666,0.6330897399778089,1.6820401381745858,0.8380689026800392,-1.8828057610916593
2022-10-27,0.22535405287857121,0.21852633643510475,0.26377625981306446,0.06558731817232781,-0.5683544276794448,-1.2951911061821275,-1.1628021508185478,0.9533785318156734,-0.026526060339658153,0.6650420532855887,1.555970011604651,1.0191921684240381,-1.9139529874092407
2022-10-28,0.20091081182133036,0.19928100852328978,0.23249519323091794,0.05021221109333867,-0.6842490947544464,-1.134850662092993,-1.233573802360435,1.0006387265355052,-0.018403100850711535,0.6749746870473287,1.453618794200836,1.1690770142101021,-1.9101317866040672
2022-10-31,0.21788484166135882,0.17652467026039434,0.20780565349763078,-0.008159502783229071,-0.7959407558627023,-0.9752603753387605,-1.2776934573382706,1.010086607888676,-0.0012393468491893567,0.6881685258818256,1.3376168369593024,1.3240747790030056,-1.903868476980043
2022-11-01,0.24089213779090163,0.15664107544972172,0.1874170105635361,-0.05863270467395701,-0.9148927853959141,-0.8351106541458735,-1.3079886838588632,1.0317612333838055,0.01652328048542616,0.6958715912558474,1.2270143878323336,1.4359112071613953,-1.8754070958483586
2022-11-02,0.25794565074420006,0.1303678346955846,0.15151543378329405,-0.12099501117889289,-1.0140218469931592,-0.7096584374615444,-1.2679424526265108,1.063316125325824,0.03251253744614421,0.7144525227611778,1.1473073113525278,1.4968082599323524,-1.8816079277809972
2022-11-03,0.27339835569689724,0.10439514487362077,0.11755725583935397,-0.1845068751654477,-1.0873506225957332,-0.5917437267953094,-1.2294044434232452,1.0833635045037056,0.04110048334426131,0.725655580975492,1.1009028022602747,1.533024166596529,-1.886391626110398
2022-11-04,0.2755357192137162,0.07398747141562842,0.07642186794705297,-0.2533475095587735,-1.1652061480059972,-0.4805871847922832,-1.1919075452326264,1.1152417857370405,0.036112164778753036,0.7291385831824816,1.0715815360821752,1.5701501157986402,-1.8571208565658064
2022-11-07,0.2724378811952845,0.05087973437650627,0.039552827451664156,-0.3269369954909803,-1.258162527262004,-0.3813000457822986,-1.1889569915548917,1.0962753964404428,0.04384280805003451,0.7487071643158809,1.0464923238783626,1.6319785092730024,-1.7748100848910011
2022-11-08,0.2713794124057967,0.049771554654804095,0.004515860602328739,-0.3973033520066776,-1.3365654344817066,-0.26743962259100484,-1.2004387311548788,1.0246106043287593,0.05719504658744006,0.7610561566241331,1.0045268677548214,1.7209844637909681,-1.692292826514785
2022-11-09,0.25776497421158834,0.049483954717862745,-0.035756132674284735,-0.4743546873445589,-1.4220697426657352,-0.13470185436190213,-1.23160765966621,0.9607512181805534,0.09313925183394438,0.7861470214517184,0.9451182817616351,1.7887627405213082,-1.5826773659659197
2022-11-10,0.24335117214385024,0.05662520625470321,-0.07166534699046237,-0.5506323734197903,-1.4591058417742704,-0.02075904893543567,-1.2649874405533692,0.8896486427876319,0.13072393308585814,0.7827171776825894,0.8923414574234724,1.8611396722843385,-1.4893972099891188
2022-11-11,0.2271215633615351,0.05507607141806751,-0.11944017084756164,-0.6315734400918527,-1.502639202263273,0.119773599621048,-1.3154093178992958,0.8236762367480874,0.16203119882855543,0.790899775185035,0.8025917821289398,1.9344456281354194,-1.346553724324707
2022-11-14,0.19935557380544064,0.03983319438556904,-0.1643906271728756,-0.6915352309427323,-1.5429647265128643,0.2555182399053967,-1.351963622217712,0.7882821168937559,0.1903630842948573,0.7838586519768663,0.7083583679748281,1.9891106301135224,-1.203825652504054
2022-11-15,0.17257118955578882,0.016469174059962035,-0.20834770403370947,-0.7360970003527753,-1.5688472393876773,0.39864247907319783,-1.3644676179629676,0.7577219691249569,0.20989104334779937,0.7739505822929195,0.6018452870097384,2.0346197574641343,-1.0879519201913685
2022-11-16,0.1557841096140961,-0.007730183516074706,-0.24337186828458354,-0.7922922672709305,-1.596000802099427,0.5277285999204256,-1.3808200374980906,0.7197228676278563,0.2395220142243512,0.7726043220240072,0.5163178608402861,2.0484296891512206,-0.9598943047331361
2022-11-17,0.14655824231606449,-0.018596561142659826,-0.2647719585460194,-0.8512435012762947,-1.6189722410768814,0.6498221873804337,-1.4002274555083716,0.6671127606592389,0.2806934765571455,0.7745638854315134,0.4510031375875434,2.0327406832538455,-0.8486826556355569
2022-11-18,0.14516248391485445,-0.020769538548890396,-0.27842642706252524,-0.9054233669859068,-1.6435514289450328,0.7505573761808871,-1.4213772684058124,0.6051812810504947,0.3218259595099293,0.7675512160929019,0.394204442406344,2.0129756293052536,-0.7279103585124995
2022-11-21,0.1525792183481141,-0.019894483151711228,-0.29536405740558713,-0.9680659930776088,-1.6730599934105397,0.8419208023452462,-1.426288620961026,0.533390775891691,0.373780892964134,0.7633304249914795,0.3525157275382616,1.9761559135979259,-0.6110006076703796
2022-11-22,0.15686080650808676,-0.013166896794157033,-0.30645273171843435,-1.0332380545138642,-1.685449654997611,0.9377010029439167,-1.4413262752260632,0.45597953416507303,0.42326636978280885,0.7453217866333145,0.329587967341289,1.9281651617580713,-0.4972490158824288
2022-11-23,0.15691796214487394,-0.015697086034602927,-0.3223842064489166,-1.1011146619426933,-1.6958247093404843,1.0426768489715745,-1.4516173568108737,0.3835675722840111,0.47151643301057755,0.7350124993275424,0.3055502097531791,1.8577611922128368,-0.36636469712702396
2022-11-25,0.1541750842709517,-0.016523205813288335,-0.333251097076217,-1.1539246363602262,-1.7135372573491972,1.1369706062160911,-1.4535188107652117,0.3028692573468835,0.5232679467310154,0.7370586077595284,0.2832734631483832,1.7734046823084113,-0.24026464041712323
2022-11-28,0.1503360946194339,0.014707054268699041,-0.3119830718757102,-1.2012432033802678,-1.722378560066704,1.2234784392153555,-1.4731970029704158,0.22019279397403754,0.5647036782302439,0.7351946830386445,0.264881307801811,1.6749669169805428,-0.13965912983567014
2022-11-29,0.1481121933149568,0.04050566326773286,-0.2946815579458359,-1.2555414395087616,-1.6613667199452986,1.3014289272624895,-1.5280349373627975,0.12787138020913225,0.6095625441621118,0.7530807802804179,0.24648704331641647,1.5823346003355285,-0.0697584773860931
2022-11-30,0.11529643301240836,0.05879374180663413,-0.28802848983136553,-1.2757899914738686,-1.596250576449555,1.3670987533122643,-1.5904014773758486,0.04184222266847051,0.6499720426117584,0.7656973384055679,0.2421142784600058,1.5023709656505704,0.007284759202957558
2022-12-01,0.08085666478494663,0.08194842723561457,-0.2754059743670835,-1.3004923678238078,-1.4950385567885072,1.4442001544706629,-1.6507364131385107,-0.06073903271889506,0.6872421585840933,0.7695610774298393,0.21535648190636958,1.4332990906881575,0.06994828973712051
2022-12-02,0.052495238053797307,0.10859435632963009,-0.24512196331316186,-1.3113217462105256,-1.3988783706215404,1.5112707090251616,-1.7221241223964285,-0.15003353282819673,0.7231442553110493,0.755745332645361,0.18506829079093476,1.3524828808035776,0.13867867241034046
2022-12-05,0.02362520941812198,0.1345122665478655,-0.21633250652148897,-1.319457336424734,-1.2918467492710743,1.5640225278957656,-1.7848097835194259,-0.23933926724047477,0.7519732051086303,0.7305415809396535,0.1388923140780491,1.2925838676787589,0.2156346713103532
2022-12-06,0.012781279844212507,0.16589343106306595,-0.17142253994000478,-1.3201981724057266,-1.1742017214458622,1.5984883628699627,-1.8584499256775115,-0.3408468359986868,0.785438588370308,0.6972229260156624,0.09361063867098667,1.2257829057139975,0.2859010629195958
2022-12-07,0.012332867540699802,0.19683116990881055,-0.13033527694233277,-1.324438021443285,-1.072179181628592,1.6224172009212727,-1.9103537021870338,-0.4268748581088688,0.8180023942231057,0.6566360353402655,0.06444272685135435,1.1691052789351961,0.3244133665894071
2022-12-08,0.004388753091960707,0.21557915521935195,-0.10656052717261158,-1.3294912470828124,-0.991640632288192,1.6550444918333775,-1.9532962758278536,-0.45137722599042074,0.8422269646270104,0.6162666184713195,0.03519228196123714,1.1002373389965674,0.3634303041610654
2022-12-09,-0.007851404221291722,0.23151198441129528,-0.0935775923892365,-1.3266442981887072,-0.9002065405093448,1.693627638976742,-1.983613006541585,-0.48983580250328496,0.8609836797874935,0.5702241497130197,-0.004491057253951986,1.0463853524039717,0.4034868963148803
2022-12-12,-0.012473339119117733,0.24182334763903632,-0.0889320873977873,-1.3194053318381616,-0.839128101880708,1.7482823939511194,-1.9855783374700693,-0.5248410405053765,0.8918014250080432,0.5227247268329445,-0.05999254020889669,0.9633914664202277,0.4623274185687464
2022-12-13,-0.01565011232145677,0.26157653012231813,-0.07910983377486898,-1.3205798394792765,-0.7928459186943754,1.7708880662143485,-1.9925292972814692,-0.5573571028939482,0.9312271156011437,0.4708618530046311,-0.06625730324003834,0.8906567619693198,0.49911908077367245
2022-12-14,-0.01886322338816477,0.2837274241934419,-0.06625279332776524,-1.3189952061777073,-0.7249035260798623,1.7798632852295904,-1.9987956475988282,-0.6206733361739296,0.9720988050945478,0.3967007144217253,-0.06616411567541482,0.8310287319914877,0.5512288874908793
2022-12-15,-0.030814531808224837,0.3090679827032973,-0.05988145273089601,-1.316691625783148,-0.6634793460030228,1.7730436275945862,-2.003576507726289,-0.6671880747124589,1.0121071565332014,0.31825280849564025,-0.07080749697216884,0.7784172386043066,0.6215502218051764
2022-12-16,-0.04550918633424922,0.3441083351107616,-0.06196318915858412,-1.3102553432277146,-0.6122119386253552,1.7630305832383637,-1.9939417000179573,-0.7301983268769331,1.0528896326916592,0.2322754985641746,-0.05279780879714453,0.7297740916817619,0.6847993517512171
2022-12-19,-0.06981705389564478,0.3564546366873208,-0.08188129320393486,-1.3024343501664133,-0.5410326295024016,1.7537712954081466,-1.9791608913072785,-0.7887888769645863,1.087758462283097,0.16996108497766357,-0.048245111328445174,0.69747691890092,0.7459378081115567
2022-12-20,-0.09710020067462234,0.3695770230555254,-0.10283748370650707,-1.2941380142863073,-0.4729467376331514,1.7560495933254716,-1.9539191646937246,-0.8445132155660211,1.1286471762023746,0.10939249412483301,-0.0364330469522981,0.6526089926395587,0.7856125841648689
2022-12-21,-0.12964722549828336,0.3828592377973778,-0.1185093822046164,-1.2801769052842074,-0.4009693608391679,1.7600613701687506,-1.939683439413741,-0.8805737798631493,1.1562255996216757,0.041224376036753066,-0.023136782034537194,0.6101753240815472,0.8221509674315981
2022-12-22,-0.15334456319601086,0.39286384065679764,-0.1300502174777835,-1.269325164936748,-0.31956558538712887,1.7679646016270045,-1.9215666536039704,-0.9148937084902707,1.1893150607114429,-0.020462634551487058,-0.01912600755613912,0.5506869622618131,0.8475040699424802
2022-12-23,-0.17337787785209482,0.410162973058743,-0.13603683769109928,-1.2595176393701049,-0.23187922583954357,1.7507519182632292,-1.9251265277358298,-0.9392959698430015,1.2280650115408724,-0.08445523745440178,0.009668531629825021,0.5001624513725177,0.8508784299208878
2022-12-27,-0.18595622830753206,0.4339847487879773,-0.13374120184404162,-1.2334031439480426,-0.13653392956909202,1.7175787092166406,-1.9571478697139695,-0.9613031486400191,1.2714392493368079,-0.13996027093329566,0.05126191559437509,0.45713495939691495,0.8166462106232764
2022-12-28,-0.1864618906545645,0.4560572633385264,-0.13018953669259586,-1.2031812359513196,-0.037846678017842424,1.6649971276021152,-2.000901790947359,-0.9818789169944423,1.3189162619303008,-0.18238920270620654,0.09681152796265005,0.41171696784398865,0.774350103286749
2022-12-29,-0.1982829687439807,0.47497338225286867,-0.1325111401466996,-1.1821538688363926,0.06809982399248993,1.6083884398093649,-2.038499975134971,-0.992031710841265,1.347762627324486,-0.2156262005314,0.12772311188559923,0.38072310486875455,0.7514353741011448
2022-12-30,-0.20928855811091135,0.49300454795375026,-0.13645701478258532,-1.1591581751095437,0.1666501571375063,1.5536118137211716,-2.078496665006289,-0.9868507827725955,1.3684104674334459,-0.24619624796340384,0.1471778212082401,0.3578906369262106,0.7297019993650042
2023-01-03,-0.22088289139360306,0.5006709821828607,-0.1482666384973514,-1.1307929500745466,0.25363081535579207,1.4770710212702487,-2.1270811128808025,-0.9785208690688781,1.3831134927433977,-0.27516362214713375,0.1980317153758463,0.34256230633495033,0.7256277507992187
2023-01-04,-0.23690823184863016,0.5116860287690483,-0.147053322122107,-1.0699572033996292,0.34648921807469946,1.3772482197161922,-2.2039159131343977,-0.983939123461675,1.3859198887787156,-0.26810518010642953,0.24804693810311343,0.322912314637182,0.7175763659939182
2023-01-05,-0.2550159304283346,0.4984970711715161,-0.15362245032865673,-1.0075834076678314,0.420567896807401,1.2951974243957807,-2.2740928965030456,-0.9710275291086564,1.399421246491543,-0.23088198280245878,0.2838780751679219,0.28298704112602974,0.7116754416787906
2023-01-06,-0.2790837687398633,0.4813188701591712,-0.16973279333256427,-0.9468204975108068,0.4893068869883324,1.2115093999029194,-2.3361165056395365,-0.947958127606728,1.419764095345019,-0.18937096903915768,0.3130650168051815,0.2566586341926538,0.6974597584753794
2023-01-09,-0.29744972518221674,0.4536048085125307,-0.18734179656194025,-0.8770049525363968,0.5805677168729135,1.1374435130796041,-2.3948406021527044,-0.9217099126569611,1.4355417563582848,-0.15215175297673098,0.3179132942658685,0.2394233663197792,0.6660042866579694
2023-01-10,-0.3142811036097524,0.42199087404587093,-0.19638219918702557,-0.8169388494433791,0.6598291211225629,1.066478035335384,-2.438120950746921,-0.9063397599535207,1.4448913625502193,-0.12635469083326645,0.3223202622530919,0.23992163066338476,0.6429862678033511
2023-01-11,-0.33034246158555525,0.3905626401361181,-0.19278617010714252,-0.7568199680643887,0.7502341325909093,0.9708542529520655,-2.4842536411660547,-0.8836841589796995,1.4414820461957585,-0.1081563528491601,0.3337384088523998,0.22023817470982376,0.6489330973149268
2023-01-12,-0.34623700394945084,0.36288967100585223,-0.181247987216239,-0.6795715296001713,0.8181385645445595,0.8754371232732028,-2.5461007924667234,-0.8534878058088626,1.4129887637270155,-0.08220838059288835,0.3363035376960228,0.21724175069815815,0.6658540886895249
2023-01-13,-0.36994055062963366,0.33028231865310986,-0.1708346293294644,-0.6099796507290912,0.9083466520162022,0.7834459247675518,-2.585168849578738,-0.8359677013380439,1.3877012372213644,-0.06625181532209039,0.34454937861261375,0.22674420067496695,0.6570734849812522
2023-01-17,-0.3858167427289706,0.3018040146434103,-0.16344327999712172,-0.5396644511340165,0.9880121485969648,0.6974838600596305,-2.6130810337665125,-0.8358583505377613,1.3611211071502463,-0.0409114435411729,0.3591561668592262,0.22370941774320133,0.6474885866528747
2023-01-18,-0.39632535695483273,0.27291140124608587,-0.16010478546020457,-0.48279875084408325,1.0573748445701951,0.6405677556359284,-2.6324953650428498,-0.8341853572513138,1.3357405940207243,-0.015276730215687664,0.3769488556361196,0.22120797183758695,0.6164349228223323
2023-01-19,-0.39778622867019836,0.23984910913282664,-0.14742992287149184,-0.4167978149704527,1.130672938559423,0.5858922650881232,-2.6588225833374803,-0.824620331231619,1.2999906859333257,0.01442647480753681,0.3723159250383844,0.21798548595052433,0.5843239965710976
2023-01-20,-0.3942558748224665,0.2101643098936487,-0.12521339325868713,-0.35340453426523377,1.2002217374620752,0.5324102991433389,-2.6813509780772806,-0.8172951159024324,1.2635266483657674,0.03788346190690981,0.3673804595027376,0.2117990547507618,0.5481339253008617
2023-01-23,-0.400915980407861,0.17440467791858058,-0.1007190891043175,-0.2859043203391868,1.2752421335113708,0.4887109003320153,-2.708267017227434,-0.7847792930989477,1.2060189189785295,0.05412366227028277,0.33595519635923304,0.21079664334512382,0.5353335674626116
2023-01-24,-0.4203323046253799,0.12205436311295648,-0.09011243499551849,-0.2369127349178081,1.340348427093303,0.4692969846524331,-2.7220505219369175,-0.7510244358489273,1.150911475262319,0.0874953573772388,0.2890182308146591,0.2253694567690237,0.5359381372426176
2023-01-25,-0.4380236968339979,0.07274583309358447,-0.08218094892786008,-0.18621377913680248,1.399945829156239,0.44665444527280046,-2.7258587914120094,-0.7380724614746974,1.0944399147386892,0.12692256202409732,0.24788007461967526,0.23909013215104657,0.5426708867292342
2023-01-26,-0.4626653811449852,0.02059303523223498,-0.0885879536771162,-0.12950461175880287,1.457630653467867,0.4514663777297219,-2.7204465755677805,-0.7218916894603977,1.0356563910345538,0.17034236262281657,0.18884493872960287,0.234482681464546,0.5640797713277395
2023-01-27,-0.4949796132330333,-0.03518384918734225,-0.10594422005019678,-0.08370890422892079,1.5398958451397995,0.4682778214878977,-2.6868901569205006,-0.7109211360349396,0.9774947745171658,0.20131110460901885,0.11373208683255996,0.21155490891822534,0.6053613381502668
2023-01-30,-0.5502469286993196,-0.127943890048576,-0.1478281600843617,-0.039419694154011045,1.6403236753058603,0.522262098427786,-2.6174692510647564,-0.6932322823352739,0.9058154521213524,0.2247068736829263,0.014167603249911372,0.1960443658654235,0.6728201377330385
2023-01-31,-0.5906205845990307,-0.21970371648831358,-0.18462150311990577,0.016371506074328156,1.690687596841621,0.5716205816841635,-2.5625367714509357,-0.6712415384901957,0.8430377520506838,0.24766430496592226,-0.07814285415142422,0.19614942861800327,0.7413357980650838
2023-02-01,-0.619870317336808,-0.30956284536620876,-0.21286390252891063,0.06586141422713776,1.7382402298267663,0.6308346823403649,-2.500630817709431,-0.6387392504297972,0.7791097223474137,0.2614380986012748,-0.1685128723925621,0.162590617675695,0.8121052407450651
2023-02-02,-0.6634259841147375,-0.4092627059276493,-0.24930584836388267,0.11835570646027933,1.7786686634367523,0.7159807049123851,-2.419734743777002,-0.5825302115115581,0.7092986440676835,0.29085514716264754,-0.278237378745096,0.11325840246781296,0.8760796039323641
2023-02-03,-0.7036410097410167,-0.5305153263029717,-0.3016438249891598,0.15351658775279758,1.8961006853760072,0.8093247990844571,-2.266581990321338,-0.5003060503866472,0.6080930252998479,0.29292765152838274,-0.43122058342124747,0.06556964417281912,0.9083763919480693
2023-02-06,-0.7153587521971239,-0.6169729072956284,-0.34107276093416344,0.16840444675251748,2.019794249091374,0.901093121989822,-2.0953594871486807,-0.44981575910739413,0.5089177748294508,0.2652265317357458,-0.564035329281089,0.007599826179377059,0.9115790453857926
2023-02-07,-0.7419646425495007,-0.6995784761157615,-0.3909153526387423,0.18248849482152982,2.1350473171849575,1.0178723205232338,-1.861965761240012,-0.37851131820350986,0.39878104933052066,0.20064210518912376,-0.7102397714839269,-0.07867747582364489,0.9270215110057327
2023-02-08,-0.7750707801556365,-0.754524862775742,-0.41321524159310813,0.17086335457220828,2.221770188564337,1.138361524545942,-1.594625692763214,-0.30979733461316766,0.24477518789748698,0.1292645599930278,-0.8568301768823602,-0.161321843417262,0.9603511166274888
2023-02-09,-0.7912963291255923,-0.7832226840449358,-0.4581996378787837,0.15383215406732298,2.2917541114801425,1.2364118074047445,-1.3081202310529625,-0.2683470495427442,0.11299937746412789,0.06517266184426884,-0.9782113669940529,-0.23822436676706654,0.9654515531455304
2023-02-10,-0.799450728544485,-0.8101012975771739,-0.516895569776516,0.1189595982595367,2.3418739608559744,1.3541065037199724,-0.979217119063554,-0.2452371882323911,-0.0013008827621448164,0.00804964106651574,-1.089924881291192,-0.28483317293596777,0.9039711362814241
2023-02-13,-0.7789674228358381,-0.8146879826784856,-0.5639287839589496,0.056922499390114706,2.391724996403101,1.4369298574064742,-0.6706507583760806,-0.2542163797968721,-0.09630001741892608,-0.03499793324659154,-1.146037241022107,-0.3427169612953475,0.8169261274295079
2023-02-14,-0.737619441403205,-0.8034352725018905,-0.6048250661264906,0.013485257599605482,2.4109611428652835,1.5053618139359632,-0.364694110945046,-0.2533649725212088,-0.1928080643727162,-0.0645715727122716,-1.2137402803965769,-0.39840639570466446,0.703656962283218
2023-02-15,-0.718441170251957,-0.8040209352386699,-0.6635765435536396,-0.06536884729711348,2.3776708691160233,1.5563739129056633,-0.019894231697997623,-0.11500157094989756,-0.2980744020819575,-0.08186932113443751,-1.2910560694177573,-0.4548846543555061,0.5781429639572465
2023-02-16,-0.6944191155517512,-0.8118732888063604,-0.6952165264456199,-0.11960800048885281,2.3320149972408135,1.548733094287022,0.2723740556596837,0.05945381636153681,-0.3929114264372242,-0.10093120921650973,-1.3537114162389148,-0.49542704871586823,0.45152206835204506
2023-02-17,-0.662036104578922,-0.8102503088864964,-0.7153544132115824,-0.17840260098019872,2.2702972507612134,1.526825757911392,0.5275508976196428,0.22349643922998738,-0.4712645470346583,-0.12123820138763271,-1.398320074554036,-0.5064740678213274,0.31516997293261834
2023-02-21,-0.6318074639911915,-0.7969242752442447,-0.7475608881704355,-0.22476438612572894,2.176638882593944,1.4973627659528286,0.7780143565247091,0.35009136172075594,-0.5337776682322032,-0.16381274472884957,-1.4288391858130378,-0.49619714618007127,0.22157639169352253
2023-02-22,-0.5826266675494403,-0.7756592635471665,-0.7863492751486452,-0.27017063397727625,2.1161895497777845,1.4515923739105179,0.9916028840711927,0.4217510206664366,-0.568483136680348,-0.19727681767659253,-1.4140963944974572,-0.49703931806678336,0.11056567871777609
2023-02-23,-0.5250796173796313,-0.7408811443002606,-0.8152755849824521,-0.28401965363374143,2.075074869549434,1.3866693667753076,1.18272680287125,0.46818354245156896,-0.5925875068161215,-0.2502254294225312,-1.3789163674519784,-0.5176598276790447,-0.008009449981803828
2023-02-24,-0.48911468400955194,-0.7051815695082598,-0.8402215194020609,-0.3011805874178444,2.0085440435774298,1.3690777158871719,1.3232333790986208,0.5129804744156672,-0.6186938741189933,-0.29436777797912306,-1.346412020534311,-0.4970192722029936,-0.12164430780574986
2023-02-27,-0.4531094366487631,-0.6708749111999913,-0.8461105891474716,-0.32862367789829666,1.9531263247007822,1.3534199641731355,1.442701545253061,0.5351511901504737,-0.6391379051054493,-0.3334220185992825,-1.3110238590498478,-0.45491976452651617,-0.24717686210183265
2023-02-28,-0.4195850882459692,-0.6505151941979068,-0.8575677490085901,-0.36038543074354307,1.8837402790271323,1.341684865661602,1.5466716526006787,0.5626881096936406,-0.6619117204627334,-0.3806648207975175,-1.2757014038491228,-0.3981549963747209,-0.33029850330295046
2023-03-01,-0.39118982076627024,-0.6238718792971089,-0.876121956179722,-0.3986816914830649,1.8489850251233673,1.3329587503934273,1.6046745351915601,0.5716036736989238,-0.6609584547562226,-0.42833419587163746,-1.240322666552546,-0.3349039796928573,-0.4038373398078501
2023-03-02,-0.3703963423378012,-0.6001140585178943,-0.8827779459283827,-0.4387793380543343,1.8017399992626975,1.327175941861972,1.672396290535508,0.5682885570181442,-0.6578619009282203,-0.47072712690832924,-1.2065534424078774,-0.27735563893100806,-0.46503499466447445
2023-03-03,-0.3482110966229962,-0.5737062923716519,-0.888089154021944,-0.4870811716816674,1.7744163458857132,1.3382466810074174,1.7035284883351371,0.5587180132679609,-0.6459028544984559,-0.49418643302211257,-1.1675981500875245,-0.22889839243548799,-0.5412359837543897
2023-03-06,-0.31252177007567783,-0.5461832206232198,-0.8885682049603364,-0.5306091428532748,1.7655285309715831,1.324682231403802,1.7325235704699316,0.5408205165701035,-0.6238543740128905,-0.5342997195895812,-1.1348213120330328,-0.18393207113890048,-0.6087650341285079
2023-03-07,-0.26574650297549174,-0.524360132849268,-0.915698514012861,-0.6085438636259441,1.6838786247907755,1.345047790670652,1.7978995377693887,0.5128787355563766,-0.5855381354569356,-0.5654917687902651,-1.0939234486393978,-0.12403442340151913,-0.6563678990355125
2023-03-08,-0.2531265165921309,-0.503310203582803,-0.9430179793862008,-0.6413557631789316,1.6073741309774265,1.3668133079078921,1.8345009959503087,0.5150400519436696,-0.5595433400688682,-0.6125017715507226,-1.0655245711559895,-0.05792550098971668,-0.6874228402739342
2023-03-09,-0.23002573473992186,-0.4881587320077182,-0.9674167172014861,-0.6782786670019503,1.5434463701147403,1.412074500942929,1.834471136333586,0.5058996008225168,-0.5414951458984137,-0.6329642118316388,-1.046198778536884,0.014477043560790437,-0.7258306645565485
2023-03-10,-0.19947964446565244,-0.47610419504018947,-1.0108623212744712,-0.700194752107868,1.4770740004069338,1.4427629768139303,1.8468346351379623,0.5023298498460567,-0.5157433615181146,-0.6586177000888042,-0.999761863388263,0.061139388459271894,-0.7693770127807928
2023-03-13,-0.16542743679596172,-0.4704183830432557,-1.0170465956816557,-0.7184193766540453,1.4467100638230004,1.473977115523843,1.8437105190952978,0.49528894482890534,-0.4854941619589174,-0.6716297551868273,-0.9562522441312107,0.053607795249205295,-0.8286064850683751
2023-03-14,-0.13028807228089764,-0.4585966468504701,-1.0086403049749968,-0.7271124119531995,1.4342911872264708,1.5046515559647546,1.806354825746351,0.5282712812161338,-0.4593792028158835,-0.7011292402150282,-0.92541867150188,0.033315664016072735,-0.8963199635774274
2023-03-15,-0.11268197082776249,-0.44938359376195985,-0.9868440941672697,-0.7311581066834497,1.4144119227731944,1.53096377608759,1.7708267382623777,0.5628881944543297,-0.4233144816962339,-0.7341065037240968,-0.896958828018322,0.03315062505006666,-0.9777936777484646
2023-03-16,-0.09586551534852365,-0.4415759695275358,-0.9510462414405009,-0.7346728857164451,1.394674445672865,1.564862826060287,1.7354749787552421,0.6054258366856891,-0.3903003170832062,-0.7654677628146662,-0.8648330140018469,-0.011246766663827993,-1.045429614577528
2023-03-17,-0.05929333992351476,-0.41155246619769603,-0.8952087705243787,-0.7193829951891909,1.4296477705570836,1.622559697609493,1.6700393978821308,0.5346235806710192,-0.34253455882155787,-0.8046293671665063,-0.8363392911205382,-0.05223548738794478,-1.1356941703883998
2023-03-20,-0.01827972744268523,-0.3489325896232005,-0.8287799837236859,-0.7013156225833773,1.4726894855202493,1.7062531666417904,1.584404879678126,0.3909698579702265,-0.28243459107944874,-0.8242005724743563,-0.7868717763445925,-0.11251100235826694,-1.2509915241807774
2023-03-21,0.013017994397076349,-0.2955820426298777,-0.7650289150992555,-0.6788135593250341,1.4972169581477845,1.7708390979791284,1.5183676739013425,0.2608972741769247,-0.22041962693210967,-0.8273849669772232,-0.7392809530319446,-0.19273480736861862,-1.3410941272381927
2023-03-22,0.03579389285212099,-0.24767070521321416,-0.6900551561237479,-0.6506855374809938,1.5140865537673787,1.8326931146500587,1.4288523912281275,0.17717978637816445,-0.17092377302912257,-0.8231240007178968,-0.7049097390982189,-0.2749331322774736,-1.4263036949351817
2023-03-23,0.05709527077479738,-0.202876066074319,-0.617093964641145,-0.627948516346319,1.4982959950253754,1.8943758406422544,1.3472644416367667,0.11533808806265762,-0.12216781588775724,-0.813863251302927,-0.6782269298909719,-0.3464841141471189,-1.5037089778512929
2023-03-24,0.0742549806481755,-0.1501832818960161,-0.5372904947624306,-0.6174048960586818,1.4957454026394197,1.9555251680247985,1.2324038347011348,0.06534034255260768,-0.06935627843035949,-0.7811186393862546,-0.6560836588101947,-0.43648565470040285,-1.5753468245217963
2023-03-27,0.10924120952173082,-0.09013857966565393,-0.4472002394654751,-0.6012015217352354,1.5225629534895826,1.9483297518510883,1.1327387316890114,0.04247200616895154,-0.0113160445826585,-0.7649612453594702,-0.629592732169642,-0.5606614864601853,-1.6502728032820433
2023-03-28,0.14362358318695737,-0.030547776418088583,-0.3654192713507262,-0.578508742218775,1.5431538890420464,1.9337208036636706,1.039219999332119,0.010765644887973193,0.041457094601033175,-0.7615990013311638,-0.6053744346175308,-0.6600336910077124,-1.7104580977698025
2023-03-29,0.17783086348159008,0.03267718753953956,-0.28439827594687467,-0.5501959952879524,1.5711547808295738,1.917009869370805,0.904139588034337,-0.010749050142413931,0.091600933856114,-0.7482510339734375,-0.5734563836658446,-0.7480412883990443,-1.7793211956963926
2023-03-30,0.21578898207998645,0.10036509088393313,-0.21181833217471882,-0.5202853120730995,1.5812886533801473,1.900978407199362,0.7650587724363003,-0.016525469210448892,0.1283993552685804,-0.7060154416504901,-0.5453729729711297,-0.8496538509965842,-1.8422078821718397
2023-03-31,0.2505766000049488,0.1694699591260163,-0.15437474821833,-0.4758275050132473,1.5796037805768226,1.8834345276717603,0.6345208874263933,-0.019567042700563666,0.15853631180242692,-0.6681575765813187,-0.5214531118479278,-0.946319942909457,-1.890442139337525
2023-04-03,0.27943739666811673,0.22231040977568087,-0.10589418301567234,-0.4355694294545392,1.5737132257917705,1.845328172661746,0.5778980523228987,-0.03466103347796367,0.177841278112845,-0.6500110904521654,-0.5123179095176043,-1.009783711475348,-1.9282911779397651
2023-04-04,0.31251697198395834,0.28353745973671285,-0.04476418601279628,-0.39655209846139783,1.555248697699964,1.8198537544611004,0.4939057264074312,-0.058931105017715556,0.18482877052044727,-0.6214250952681355,-0.4813179725184696,-1.0814098086879695,-1.9654911148431298
2023-04-05,0.3277031764434894,0.3424543594025533,0.015047118982689307,-0.331149664343135,1.5414079940862955,1.7833781418442844,0.40561934644852227,-0.07382676055130814,0.1886652648005396,-0.5977366187387707,-0.4407580457328868,-1.1581449928223633,-2.00265931981991
2023-04-06,0.3454410704480567,0.3892476018490201,0.07484935768508842,-0.2819708873512587,1.5206570131948078,1.7450453036405131,0.3311216798154841,-0.10371419172610394,0.19640006081058725,-0.5513893241471233,-0.40306789125493614,-1.2198145457512433,-2.0428052472128937
2023-04-10,0.3583166025838264,0.4406145127527522,0.1424926382521066,-0.23567091846097157,1.5066352719178184,1.6800956183285969,0.27559020123393146,-0.12053914762919017,0.19176584373477878,-0.5051656297553206,-0.36493370960237564,-1.286121880222772,-2.0830794031331803
2023-04-11,0.3570815581368815,0.4697171314579844,0.1905123759635099,-0.19892564651440012,1.4866468521036968,1.6344576625657137,0.23228112001076692,-0.1110734158517608,0.1882505661865961,-0.4347105268594529,-0.3527569070826864,-1.3510325047517158,-2.110448265365135
2023-04-12,0.35080683034645993,0.48888348775487384,0.23173801137291042,-0.17718551322272727,1.4729588606041417,1.6063210441422846,0.18913784196538697,-0.07983369822970612,0.172126638332053,-0.3782105071665144,-0.3591973952732887,-1.3896172881761955,-2.1279283124496784
2023-04-13,0.34449368075137043,0.5069755041479734,0.2754745911369415,-0.16229652696813063,1.4716427372657146,1.5834840067888394,0.1374349056327346,-0.08821691434317909,0.15878095017250143,-0.3142625941425034,-0.3595062298703144,-1.4209407547973907,-2.133063355774559
2023-04-14,0.35200921765973775,0.5300114531740004,0.32333149228684743,-0.13257617912190883,1.4532071699410434,1.5471703951510072,0.07757741087941836,-0.07760123183243252,0.13940510361190395,-0.24461459210542294,-0.3601405861337507,-1.4585915359653288,-2.1491881175451137
2023-04-17,0.3561949882701325,0.5404567434072243,0.3624922725853492,-0.11478395698397553,1.4388134168964066,1.5261378568006285,0.02162228188752582,-0.06057727629951966,0.12146356205545598,-0.18403555854631806,-0.36804998672094863,-1.4843665183509236,-2.155367825001037
2023-04-18,0.36787532342604423,0.5500548630199653,0.38465067176515616,-0.10188789158076221,1.4253424036077835,1.5094189782321632,-0.03197413203035519,-0.03904577165174851,0.11059598961397779,-0.1376430220302527,-0.36815754523880584,-1.5240222629433953,-2.145207604189769
2023-04-19,0.3814491788653781,0.5460594028185488,0.38497673887516387,-0.09523498746841674,1.4329718170286534,1.5006502280998617,-0.07736998470446378,-0.016995295657889774,0.10090819976055052,-0.10194586759993994,-0.3759829026837471,-1.5603193474607906,-2.119167179872908
2023-04-20,0.3948844536303563,0.5624838442106807,0.3932380708331016,-0.06620860956237255,1.433524227064872,1.4957280982494676,-0.13988738243403803,-0.01931838748577073,0.08428290716853039,-0.07817974356366439,-0.3773595163216108,-1.5987258753545137,-2.0844620864350376
2023-04-21,0.42099062042663726,0.5897258788442036,0.40943754722638404,-0.03389067419781298,1.430379401760666,1.4747341378831613,-0.2681817390431295,-0.046502493685370565,0.09002709861325135,-0.03173133775010297,-0.3486860872221699,-1.6355621558531732,-2.0507401970025416
2023-04-24,0.43772462487526803,0.6128089941619822,0.4326340154661162,0.0171901372497233,1.426055370037025,1.444226178369341,-0.3829441899324269,-0.06256708953137528,0.08838364559196991,0.010023686621910815,-0.3365261980024257,-1.6743446360279683,-2.0126645388791413
2023-04-25,0.4628216051134065,0.6267740093939284,0.4549320950699145,0.07139323519047899,1.4244306744312745,1.4192102564392248,-0.49917664588722066,-0.08031103297826377,0.08695082008988202,0.02239259102979317,-0.32256726711245076,-1.6799725916013675,-1.9868777491786018
2023-04-26,0.49058601479171576,0.6319775569864539,0.47437240046433177,0.1235671388845278,1.4115116407235009,1.3984206145544043,-0.6062974323209305,-0.10700296817232316,0.09166786687842157,0.03565516127849167,-0.29591967866859503,-1.6837673523051597,-1.9647709630948387
2023-04-27,0.5096484070998779,0.6622054543511138,0.4912828228991806,0.17660215840236115,1.3884979589055486,1.3742913768659744,-0.7498484890176392,-0.12886783189184553,0.0881969380056551,0.07452959936397158,-0.2804780066402527,-1.6618295877763531,-1.944230800567592
2023-04-28,0.5187356395603009,0.6869292209305896,0.5122151422867498,0.23760284269679344,1.408214775185609,1.323314327304039,-0.8668632088635009,-0.16544827279040594,0.06847468151525504,0.10714977822163493,-0.28574152313573714,-1.6184839026224136,-1.9260995002889136
2023-05-01,0.5276436035486046,0.7085375944925106,0.5412477501498245,0.2727581789304279,1.4245673455862822,1.2753885296597405,-0.9584939495346076,-0.20659819757136919,0.059642937114669184,0.12166153676020545,-0.28092466734391897,-1.5646308901121322,-1.9207997716802379
2023-05-02,0.5340188375067233,0.7213271616376719,0.5764777811240881,0.2866833961301128,1.4358977179220813,1.229887677642923,-1.0562680157563398,-0.23092434570157266,0.058823833286229844,0.12913178027947791,-0.2614847156109477,-1.5024845855933588,-1.9210865228670886
2023-05-03,0.5395340404431,0.7379801317572199,0.5988070658394761,0.3176375500429118,1.433175673455539,1.1739511380488454,-1.1749044460048153,-0.26412193783998905,0.045317821184741765,0.17317643475243555,-0.22674841640441495,-1.4370615521658556,-1.9167435031091937
2023-05-04,0.5322299940234227,0.755797786971677,0.6154493009952113,0.35178386364246084,1.42866880242453,1.1204259418254268,-1.2548642046884249,-0.2933311579211404,0.028514973900618874,0.21809610002658103,-0.20440444006299072,-1.3698785052804576,-1.9284884558569144
2023-05-05,0.5146124696485791,0.7698236896423272,0.6278889248856202,0.37907337723169054,1.4412247376807206,1.0692055564986713,-1.334737640212531,-0.32490743316490445,0.0031443934416472094,0.27307348983520946,-0.1988335354383767,-1.2933485967950433,-1.92621943325361
2023-05-08,0.5188015554484245,0.7814563710641611,0.6250570057678674,0.39530523955588204,1.4532142729864215,1.0374376635809641,-1.392919092502214,-0.3610823280289603,-0.02293610044793271,0.3173560287664336,-0.21348994281037623,-1.220155415660436,-1.9180452577202354
2023-05-09,0.5234574233652672,0.781426526446728,0.6095744392988305,0.41058028374106365,1.4683044085593382,1.0236187659452716,-1.4517733021990415,-0.3916094970645311,-0.03830269360908957,0.33684387720696163,-0.22717496721324057,-1.1299770154628426,-1.9149682490147153
2023-05-10,0.5331997983502265,0.7867632152737465,0.6110743531687489,0.4230088794648376,1.4856435631439533,0.9859069353982772,-1.513028097815001,-0.34411938628242744,-0.0668795280714264,0.3032058327269015,-0.2445676540690193,-1.0219029312925514,-1.9383049799962666
2023-05-11,0.5407583836760402,0.8048275032554065,0.6100455912413936,0.4564968500880149,1.4714782448828687,0.9499922092656026,-1.5579412834999031,-0.2914159362960777,-0.08755873156672904,0.2448140618389444,-0.2590765694682035,-0.8886905857002477,-1.9937297377171097
2023-05-12,0.5388420980569446,0.8015635806883686,0.6136027783148793,0.4984098639466491,1.439449425758473,0.9157438186120349,-1.5620332046188328,-0.2335637119267587,-0.11032509679573853,0.20913755643149567,-0.28069880879383863,-0.7451357712474079,-2.0849925284262687
2023-05-15,0.5335712294249085,0.8019692157766324,0.6233936986232407,0.5197463848021285,1.3967920399480482,0.8900899128244835,-1.5800048162924585,-0.20747272320273275,-0.11577552729026123,0.17897803119028988,-0.2760640535704795,-0.6126233093851392,-2.1526000828486596
2023-05-16,0.5234266553984586,0.8092680897418516,0.6086428190487083,0.5392965616828025,1.3561721598641567,0.8620351828717212,-1.602321459778343,-0.20420016598549734,-0.11315407048783235,0.17591139581516646,-0.27780989933119304,-0.4686978714597396,-2.2085693973802605
2023-05-17,0.5026431057305846,0.8020457506251503,0.6167524299144125,0.5566045578158765,1.3099332157168546,0.8318697363996693,-1.6092321151953934,-0.16297611585234562,-0.12298112411709354,0.16740454169577504,-0.283623062440021,-0.33877079047452624,-2.269670129818942
2023-05-18,0.46748010929914496,0.7866932991582657,0.6315365391410005,0.5746256422203753,1.2656916385551313,0.7877827970766641,-1.6145990412079774,-0.07107261658029101,-0.14452428640819148,0.15650535050770067,-0.31088732910027345,-0.20196726375680354,-2.3272648389047457
2023-05-19,0.4185709004250977,0.7557018360633281,0.6372523785769719,0.5680092347302163,1.212619486899556,0.739288259905554,-1.6092193516801288,0.09495609099872133,-0.1649123733882693,0.16122177900124585,-0.345071632873645,-0.07434019596983568,-2.394076412688812
2023-05-22,0.3697537254080225,0.7262455518547185,0.6302292433977633,0.5516826848077133,1.1704719218318882,0.699546481279453,-1.5467339540663783,0.25893201521966025,-0.19108400096222783,0.15076364914864926,-0.3890200406535069,0.039708473857575706,-2.4704957511233308
2023-05-23,0.32319235822517595,0.7012623745404958,0.6290755118367597,0.5073523532063564,1.1380062160980655,0.6556572839648414,-1.4825090469832285,0.4048732003861672,-0.22207812815942102,0.12752112623959666,-0.430150746652322,0.17425001086171013,-2.526452513564198
2023-05-24,0.26816927056221523,0.6726342920870021,0.6105931211987333,0.4686210943337827,1.0969412221574453,0.6044845431587493,-1.4090341761857186,0.5851234888533057,-0.25029200587804346,0.11702924070513053,-0.46938649865556276,0.2767912043226442,-2.571674796659683
2023-05-25,0.2048961450995641,0.637363612625969,0.5757148828074992,0.4407960108111175,1.051433735742043,0.5749017011427033,-1.3360087849729525,0.7364192596942206,-0.27897928475811756,0.11508890469402432,-0.5167221063756108,0.3931918287051909,-2.5980959052156503
2023-05-26,0.13554501120109255,0.562804330013493,0.539008607517994,0.37856402721969357,0.9951186284656723,0.6249397225451415,-1.2470892415236647,0.8916083985008658,-0.2776082496367566,0.0938956665382049,-0.567379425322359,0.48852511419656314,-2.617932589715939
2023-05-30,0.060425181966356156,0.4836115672057531,0.4886756157431423,0.3118325582951917,0.8778641686043691,0.6811190891529909,-1.1553072750508597,1.0648033546361442,-0.2246658089299112,0.09187359975212911,-0.6166247142195046,0.5736458492293286,-2.6372531863851307
2023-05-31,-0.012839891770020576,0.39528800880739995,0.43328565065643754,0.2755462026357168,0.7588861522730106,0.7258544573654168,-1.0550386522158972,1.2535574973856431,-0.18470216196174571,0.050065670047164,-0.6575653931336811,0.6457169548134317,-2.6280544949028752
2023-06-01,-0.07654156689024717,0.31764025350274616,0.38719211017179217,0.25916132683555904,0.6501406325737406,0.7167159294955863,-0.9439640445007252,1.425516597759779,-0.14884393900237597,0.014104035404228303,-0.6890593028955437,0.7009974548611028,-2.613059487315643
2023-06-02,-0.13565486419827014,0.24180416416940403,0.34686394659386643,0.23080337213825816,0.5582716834863782,0.7342578277065569,-0.8457401575118657,1.5739216597217986,-0.11263463369010764,-0.023749004291437635,-0.7252018728905257,0.7321386139143191,-2.575080735148374
2023-06-05,-0.1880433241049009,0.16886309689657808,0.30361696462580506,0.20333451109226483,0.475767152182283,0.7421058010225873,-0.7419197984243906,1.6976481636981038,-0.06823204725252756,-0.05816675025307882,-0.7641131066862527,0.7627786258809574,-2.533639288677431
2023-06-06,-0.23448124806671616,0.09533974402839408,0.2657367212753887,0.17048774240456613,0.39692456588448893,0.7367106808335597,-0.6450590833746144,1.8179941540210978,-0.03546041670922849,-0.09846340192747698,-0.7987458359194421,0.8030609911732529,-2.47404461362327
2023-06-07,-0.28881569185077954,0.02832944638411995,0.24032744793893596,0.14816964779724195,0.33735152101801774,0.7155416562703492,-0.5655505774748272,1.934093172556128,-0.01608385052971046,-0.13268208175203527,-0.8158022799260832,0.8216217094528578,-2.406500119884218
2023-06-08,-0.334685069090333,-0.03282306971534175,0.20477011907840056,0.12116884485522311,0.28245063285256633,0.6949882976055696,-0.49419891468573146,2.018166614369686,0.012103437031775126,-0.15403269244700596,-0.8307135722402851,0.8580343827312475,-2.3452290103457716
2023-06-09,-0.36874709914156584,-0.08161930924462893,0.17673042154716234,0.10443186286294842,0.2379274030055672,0.7019292061463857,-0.4128642710399381,2.0406325158515926,0.05323120915231614,-0.18216667081824517,-0.8483673524059118,0.8965718225133896,-2.3176897384290718
2023-06-12,-0.40707085103029134,-0.13341954011651583,0.13595469526063722,0.07447153314907383,0.2012529482159852,0.7141561534927885,-0.3193867478193667,2.05666459294329,0.09002746741399689,-0.20155061425661794,-0.8700699827587898,0.9427325685119436,-2.283762223006134
2023-06-13,-0.4524840392979396,-0.1848254653722741,0.07225949947631495,0.03801154564861833,0.1600145274895468,0.7323883862722256,-0.24147004740738662,2.1074791229016543,0.13649973344379945,-0.23748595598164937,-0.9095233778203471,0.9778279472604293,-2.1986918766129926
2023-06-14,-0.5051366139460015,-0.24068375313804674,-0.0033092131484147077,-0.0002460743995669564,0.11821849639436899,0.7553416274596462,-0.14865551134994476,2.1569193523329346,0.16702266816561104,-0.27786485734201866,-0.9577056187258802,1.0236418448092532,-2.087542347111942
2023-06-15,-0.5454509201517671,-0.28443537570984556,-0.06596067503532056,-0.035672213162589964,0.07640770065160415,0.7835585627771288,-0.05598442812540435,2.186662794158445,0.20565921121161626,-0.33074124692187523,-0.9927760853017333,1.0510831275914483,-1.9923504519817066
2023-06-16,-0.5804911140568435,-0.3182482333660669,-0.13261704894357168,-0.0757783052476632,0.045225158634751725,0.8010334336879156,0.028297239513228784,2.2151801421525836,0.2362476514231352,-0.37419817082034373,-1.026209038174837,1.0745293217545135,-1.8929710365568018
2023-06-20,-0.6055494780236264,-0.34464963838948687,-0.18904737673595864,-0.1130881624854299,0.01651374010351861,0.8225019892598598,0.10969899223478496,2.223262431867627,0.2636798797877518,-0.4148961534787749,-1.0474196473377737,1.0947643194249792,-1.8157708962274743
2023-06-21,-0.6290799546245085,-0.3766907499293275,-0.24433438122560006,-0.15125807570532945,-0.003980388245614362,0.8497028603417427,0.21258531913289438,2.195051352416239,0.29280255371271297,-0.46611436155031555,-1.0677828302945322,1.1375625140014276,-1.7484638580297893
2023-06-22,-0.6493746579918729,-0.4079287407186826,-0.29628418705839243,-0.17721898646033693,-0.01944659184135772,0.878778714442836,0.3002379671916486,2.1526998233898618,0.3147407649564549,-0.5193052149297397,-1.0844088245413073,1.190743285285558,-1.6832333517246683
2023-06-23,-0.6597633784137746,-0.4335643283618381,-0.346995839707805,-0.18413220239864272,-0.032403021635550096,0.9150823693147265,0.374140695283751,2.0985799787816886,0.34039188800614917,-0.5544929411456494,-1.0975233817911856,1.2263375384253112,-1.6456573763571822
2023-06-26,-0.6646229453636505,-0.45311676621135577,-0.3875184421722252,-0.19269047922333482,-0.03541973330328547,0.9567179762568472,0.44491283225093137,2.023531778238677,0.3568871571128776,-0.5855683354882943,-1.1126602219888315,1.2716303841428098,-1.6220832042511673
2023-06-27,-0.670045376534432,-0.47319677540718375,-0.42940974350826294,-0.21087813817411818,-0.05004550978109502,0.9889125385403503,0.5023586515774741,1.965630496654998,0.37857507522810263,-0.618055999260425,-1.1271604968353954,1.3161290035074498,-1.5728137260074642
2023-06-28,-0.6708318802474478,-0.498558160598686,-0.4763387085557076,-0.2081325469208604,-0.05074036575984102,0.963205621346069,0.5888368396217761,1.9357604753169444,0.39776511044025453,-0.6620364423087941,-1.1429643578195046,1.34180927840244,-1.517774862916641
2023-06-29,-0.6628156114892844,-0.5187971207084049,-0.5115728885165506,-0.20932016884110669,-0.053627473327116024,0.9411671522384101,0.6840480155417532,1.9162170641125453,0.38731494933230076,-0.7209184419985107,-1.1483631205247773,1.3561174180667495,-1.4594497738860088
2023-06-30,-0.6586268716668802,-0.5374183248636064,-0.5483524854793419,-0.21441443662332432,-0.05697303664728227,0.9131068989528823,0.7772550161509173,1.8745991139066203,0.39193534416424025,-0.7725210761677991,-1.1600079062008775,1.3884424458242053,-1.3970246813497518
2023-07-03,-0.6537056176991469,-0.5548151913182418,-0.5910709144201596,-0.2176190125357224,-0.06761039018037207,0.9107724346559453,0.8588009230427921,1.8134526709394905,0.384489298909195,-0.8166751889428446,-1.1771936307408448,1.4341996319701762,-1.323025013680268
2023-07-05,-0.6507821724992936,-0.574179027987796,-0.6291358787585372,-0.2258300924612017,-0.08975344460078627,0.8800789173993214,0.9610215238176818,1.7541657257143421,0.39002008861595683,-0.8645083718351446,-1.1858213052085276,1.4744775684497302,-1.2397535306457461
2023-07-06,-0.644735556610297,-0.5922033202085378,-0.6601602425246926,-0.23476149790610618,-0.09662269725309046,0.8606531668105927,1.047960684706698,1.7036608069316561,0.382934830123865,-0.917526381385021,-1.1885215826875382,1.4988144388359346,-1.1594926488334654
2023-07-07,-0.6308332575589426,-0.604252345482076,-0.696514262574606,-0.24404805993515102,-0.09567050473109855,0.8518122198811181,1.1330522411862054,1.631775874957442,0.38476624828888994,-0.9690811154311834,-1.1905054971928075,1.521328554083549,-1.0918300954913378
2023-07-10,-0.614548814329932,-0.6139467495566813,-0.7358541570359681,-0.2555332030879622,-0.09473480686369971,0.8504684637591768,1.2026034202947626,1.5483605096778303,0.39432708443375675,-1.0176338901774578,-1.1863974785054685,1.5512811763354108,-1.028391554943767
2023-07-11,-0.6040184759630642,-0.6175647526540797,-0.7662051586336355,-0.26004579248514265,-0.08253460260292074,0.849907871974264,1.2449525547098028,1.5005876524674422,0.4014092955645975,-1.0568905276202092,-1.1867969534492409,1.5564800544140407,-0.9792811657218563
2023-07-12,-0.6075927218991427,-0.6285529815190796,-0.8019654825957616,-0.2736206280484888,-0.06820118313341013,0.8472042716718077,1.2748309145329801,1.4545411355749989,0.4076991623442719,-1.0757189781982408,-1.1954439756070137,1.574305898257128,-0.9074854313800499
2023-07-13,-0.6127165056628839,-0.6431560145563928,-0.8383245398784153,-0.2844005215881302,-0.04398035629211002,0.8497091230184052,1.2886005923035702,1.4199424358152755,0.41414169707627657,-1.0967761526090352,-1.2068837728753208,1.5834561235344484,-0.8296121082856862
2023-07-14,-0.613543631241232,-0.648738236919142,-0.8559110190978606,-0.2915295733005901,-0.015465353909620835,0.8642091454886818,1.3000516065158216,1.3673545614831106,0.3969634641029752,-1.1212948514503773,-1.2061755074530032,1.609734469377221,-0.7856550735959819
2023-07-17,-0.6048703479432225,-0.649793211062088,-0.8675498318281891,-0.28631296082456775,0.019688807850416455,0.8677618915805212,1.3184102276675578,1.3145636746336944,0.3935051289479925,-1.1504328049616217,-1.206984704402761,1.621725102381969,-0.7697109720397048
2023-07-18,-0.5942524074244581,-0.6591255819860249,-0.880674803124633,-0.2854412933518903,0.051804333305747116,0.8494969562471464,1.347403271926908,1.2854727632803824,0.3707102468138591,-1.1869074727176459,-1.208783937652009,1.6259249727342726,-0.7156270480516542
2023-07-19,-0.5840456563970969,-0.6643974214171809,-0.9001944714680129,-0.28501424091267896,0.07093468236809955,0.8446564422086165,1.3818296864544533,1.2416952310751552,0.34935091551642716,-1.2155466887974844,-1.2022858367702296,1.6320204577467672,-0.6690030996068328
2023-07-20,-0.5701192110438044,-0.6689787833089514,-0.9244305199140636,-0.27457077232783783,0.09365054876805795,0.8379471139324332,1.3997391916678295,1.2067621054046738,0.33586930832628625,-1.2416580339546115,-1.1996646044414692,1.6367051452500156,-0.6312514883585619
2023-07-21,-0.5520998029736089,-0.6705628380637036,-0.9553812683636851,-0.2664041309711663,0.10792161407358686,0.8294465808720033,1.3756687698841876,1.1973893123195831,0.33601655151140414,-1.2709793153196973,-1.1994871345697522,1.6518429954940097,-0.5833713338931601
2023-07-24,-0.5401441346515574,-0.6762849279515137,-0.9788424415228517,-0.2614234869135252,0.10834287683519438,0.8081757168300162,1.3565693847016906,1.2043602470011405,0.3428729323739012,-1.2914377013936496,-1.2054626822770713,1.6593606070803468,-0.526086390112122
2023-07-25,-0.5325838136683992,-0.6864086055606499,-1.0043801789799114,-0.27585678983348794,0.09986994294969763,0.7875672762942673,1.335184357726726,1.2312428799885367,0.3564340258593501,-1.3107271729513945,-1.2040570528721366,1.6535560239089908,-0.44984089286158596
2023-07-26,-0.5289745326913252,-0.6916070225709863,-1.0304966158622197,-0.29551215212198817,0.07763455655139236,0.7778124890423955,1.3134968426520623,1.2534487375363297,0.38408648425023506,-1.331479250449838,-1.208313702893535,1.636377974356839,-0.3564738077993598
2023-07-27,-0.527032047982578,-0.7112798213126162,-1.0248612543445719,-0.3223583545510696,0.07154701816306047,0.7784693427438811,1.3210753007930387,1.264245089533792,0.3912598298103291,-1.3545467228663257,-1.2188304043864813,1.6006123642899885,-0.2683003398904494
2023-07-28,-0.5301243221746272,-0.7335392919975134,-1.0161071066291345,-0.34653783283011985,0.07845397964031323,0.7870642270734044,1.3070009155205862,1.2617943639956999,0.3918242743825903,-1.3598610848280905,-1.229102579977175,1.5956875867660565,-0.2065531289419865
2023-07-31,-0.5366315579755863,-0.7529070520423933,-1.0054888999479268,-0.3615239528651189,0.11941220219905854,0.7986675421452616,1.2764864951099095,1.252555153531371,0.3792178370410253,-1.3687366786628825,-1.245177939307028,1.6002841263677587,-0.15615727559344586
2023-08-01,-0.5492608645298049,-0.7807226940881001,-0.9958127172533479,-0.382140357318758,0.15470726342001692,0.8109905285114182,1.2393408776208132,1.294372164587123,0.3481200712406206,-1.3490324570958887,-1.2692843830952578,1.5797885726402157,-0.10106600463904937
2023-08-02,-0.5716094763123583,-0.8130587494894873,-0.9849140016146218,-0.42139568931646215,0.19722497610858064,0.8146462740345272,1.1856284424766275,1.3482337305555345,0.3361546973161983,-1.3186675568295774,-1.2864912872655405,1.5587334860176758,-0.04448484568109557
2023-08-03,-0.5810812531638955,-0.8337925957489293,-0.9679163559618179,-0.4557130144948112,0.23495892590040376,0.7885036793830167,1.0595129578612248,1.3567264123731657,0.29948267454387795,-1.288243758178202,-1.2787984944468826,1.6726485190374611,-0.006287697104610641
2023-08-04,-0.5906377832848266,-0.8557979466949063,-0.9583311684862205,-0.4888779442330719,0.2475862366803087,0.7602481039421743,0.9284905594343521,1.3446076966963947,0.2689555345010203,-1.2309350264546837,-1.2677726244119594,1.8043779505874722,0.038086411723947694
2023-08-07,-0.6302749294470532,-0.8840950916098835,-0.9426109284924399,-0.47611148075248455,0.25018773415859163,0.723154524903123,0.7904392634785983,1.3255178734008362,0.2379542509833985,-1.1588040932435613,-1.2550775964018834,1.9383776910798207,0.08134278194293927
2023-08-08,-0.6672775747386296,-0.9010617838418586,-0.9121757423874346,-0.4613577765028082,0.2629382993133546,0.6929279312229836,0.6617320447676679,1.2910025196539443,0.2203474700785519,-1.0858640546806362,-1.246391639682284,2.0630458814471453,0.08213442535000431
2023-08-09,-0.6885424892371491,-0.90905383083276,-0.8545991548296716,-0.43159522033912706,0.2730848741200783,0.6775617110740418,0.5584424386916705,1.2080143777303425,0.17927014950540204,-1.0405947301793133,-1.2344742374700652,2.198897209544499,0.06358890222205343
2023-08-10,-0.6990729746807971,-0.9100882887502474,-0.7913799188815276,-0.4000223241463505,0.2791828635767291,0.6498781877224844,0.4539508203058855,1.1165240784859316,0.1299766089712887,-0.9976982680832087,-1.2075500658606177,2.3392104774232476,0.037088803917185324
2023-08-11,-0.7042009688857059,-0.90623739988631,-0.7167372325904962,-0.3577404166446649,0.2696769116443186,0.6076208844911969,0.3578303736542525,1.043778850043362,0.08238691583106858,-0.9578049501935407,-1.1695478206827514,2.4676709410707827,-0.016696087851513806
2023-08-14,-0.6940627274576191,-0.901432651873953,-0.6455258848521205,-0.31198330920389356,0.2651144201984139,0.5266585126980418,0.2593239031588348,0.9823905834074653,0.04558290105472689,-0.9086939872985621,-1.112482552116938,2.59541572575159,-0.10030493346598986
2023-08-15,-0.6860898690388398,-0.9015519069681759,-0.5736776886064082,-0.2715722754622743,0.26361459765175504,0.4683260482294307,0.12186260329314302,0.9168648741526612,0.012437233373144112,-0.828142061280321,-1.0539788685880203,2.7094201247228655,-0.17751281147896103
2023-08-16,-0.6751018276459069,-0.8814064792127102,-0.48194646506392014,-0.2125801965026053,0.2723047915104461,0.4137519477291127,-0.0429058457702386,0.803867597587446,-0.02635369509951396,-0.7429083630407035,-0.9690288948674198,2.832118948355473,-0.2898115179794597
2023-08-17,-0.6532433122082603,-0.8804613346557972,-0.36951235306451896,-0.14203150158649885,0.2759883946587662,0.34862993980856044,-0.22032863735011438,0.6708695886895917,-0.05169524624935443,-0.6541537592176628,-0.8708275501443645,2.933667113748841,-0.38690134242918717
2023-08-18,-0.6395449917294659,-0.8673958248800232,-0.23529353226692246,-0.08501272531442358,0.2558586161682984,0.2958198898477932,-0.39422296896013115,0.5106004414005925,-0.07221839675909004,-0.5616830288789109,-0.7670430168978739,3.0,-0.4549702101814179
2023-08-21,-0.6351080414601346,-0.8511616983187327,-0.11925826465914295,-0.024162609461157326,0.2378719756082141,0.24673137177449866,-0.5060069605003488,0.3939717491426051,-0.10472929218929442,-0.4799075813337117,-0.6846465486900691,3.0,-0.5294564082718836
2023-08-22,-0.6326754382553245,-0.8284702751237111,-0.025909567370349704,0.018143414628505022,0.23168291481600595,0.2409409339007903,-0.5805415411661076,0.29626779232065587,-0.13536755857985597,-0.4194410533360277,-0.6153893838529249,3.0,-0.6184957572856095
2023-08-23,-0.6249757744584982,-0.7997066966413185,0.06316805014762705,0.06308260431460412,0.23223997361009213,0.2167733001095698,-0.6584219626234541,0.2175499173928672,-0.17108926597015509,-0.3667674715415841,-0.5439418221120655,3.0,-0.6990370242564373
2023-08-24,-0.6193646577989373,-0.7874233929445216,0.14428559468956717,0.10211602514884145,0.2290742074583671,0.18392352762190745,-0.7208358235695398,0.15869418660721077,-0.20949617134809817,-0.3130248669560076,-0.4819366396824514,3.0,-0.7512261633481194
2023-08-25,-0.6121190730938589,-0.7422041952671748,0.18138462312560114,0.14669894122572472,0.2190603144409812,0.1692248446876088,-0.7737858079841966,0.08286699838139222,-0.2243474424529463,-0.2738781313284273,-0.40834930586231644,3.0,-0.8248362760067464
2023-08-28,-0.6012164868833889,-0.6807777921864134,0.20470246218062843,0.17407206882547388,0.1661740119989685,0.16199609596290326,-0.7883340819794613,0.02975245591249089,-0.23768809132226648,-0.2740792744020547,-0.34958828684428966,3.0,-0.8727670494418733
2023-08-29,-0.5881682530991292,-0.6281256766631456,0.2198415135646296,0.1923605206011815,0.10652698687774796,0.15996548575909383,-0.8142894922636541,-0.06517494133251775,-0.22467014983272762,-0.24730596006965966,-0.290906815124872,3.0,-0.8971833215954539
2023-08-30,-0.573001883712869,-0.5761952431862134,0.23593347916004467,0.20360537323496425,0.07049684290474963,0.17503470902698298,-0.8092616090386139,-0.20115572259991366,-0.20669093086535906,-0.2289757117075671,-0.24305479841720917,3.0,-0.9282451038746197
2023-08-31,-0.5525397337009285,-0.5337296081864248,0.2585081539021038,0.22116692260472234,0.02659688034539596,0.18532285658652203,-0.7927043387296712,-0.31086680036134384,-0.20406341578746606,-0.210682514769817,-0.20117035233146757,3.0,-0.9643890464091871
2023-09-01,-0.5509114134097933,-0.5064541040978218,0.3001971415447153,0.26667546090294036,0.0005891543105381308,0.23426805266772224,-0.7972392568425806,-0.43481041094558726,-0.18964033542026998,-0.17383018117230017,-0.17675739450433836,3.0,-1.0165106206102628
2023-09-05,-0.5385099255180542,-0.4729312808812954,0.34121032078420993,0.31143481056964617,-0.022052705766498863,0.2706023097550252,-0.8257772139524405,-0.5432199833146404,-0.18653483065116214,-0.14170279047576312,-0.1511923035139252,3.0,-1.0487514525591173
2023-09-06,-0.5082453039226894,-0.44394493022119863,0.3886445319581988,0.3105181070760446,-0.03895386202090529,0.3057423964694131,-0.8355134902057886,-0.6354209793060954,-0.18864507694200291,-0.12482525835465551,-0.13004303719240648,2.978385642784338,-1.0776987401222526
2023-09-07,-0.47870449900725165,-0.416674900543823,0.42632738189305536,0.30061513375296417,-0.0642840848164495,0.3231540690760303,-0.8423082506326568,-0.7150375448202855,-0.1993810962467139,-0.0979054340727227,-0.10348664240347703,2.9576516733965814,-1.0899658055752515
2023-09-08,-0.4669561991948699,-0.3935713029768074,0.45619266249065427,0.29582178376467094,-0.09149689118101528,0.3346246482824852,-0.8454796934877888,-0.7753859152440731,-0.21037649329040567,-0.062474707647620364,-0.07934886782496382,2.937964958896015,-1.0995139825862812
2023-09-11,-0.4624936064892872,-0.37362443085202934,0.47944872004245237,0.2880041705645749,-0.1223426465377487,0.35567806430140203,-0.8446620424052917,-0.7822290324581869,-0.21371922523481918,-0.038570055254488596,-0.07230773788857943,2.920491199431169,-1.1336733772191678
2023-09-12,-0.46634554798388045,-0.3611349716536442,0.492917950192597,0.27812663264423876,-0.15359724937612837,0.3651042335419105,-0.8151972919993328,-0.7923308676490545,-0.22296855873049468,-0.015106431417737725,-0.0772632071885782,2.9166408596495788,-1.1488455500294739
2023-09-13,-0.4818757814563941,-0.3562954831289483,0.5018485223624571,0.26397607981593424,-0.18721568396948116,0.3934545480947772,-0.7933942041078217,-0.8093401900777885,-0.2244403876948964,0.022041392020280423,-0.08800788186309302,2.909263481550632,-1.1500144115456579
2023-09-14,-0.5020839547118137,-0.34233959791905966,0.5176059595857251,0.2602153406352175,-0.2187300734096947,0.40490301675603363,-0.7438438877662601,-0.8287624582993048,-0.232728477861942,0.03671169333521155,-0.09067289931037564,2.9028522310089717,-1.1631268920427091
2023-09-15,-0.5307202334726252,-0.3365794031190159,0.5293725119645946,0.252181276636045,-0.24948701416872396,0.4077669411681068,-0.6872036564622696,-0.8488999409348328,-0.23293595071086848,0.07363933153355977,-0.11171184591618463,2.899932618592076,-1.1653546351098618
2023-09-18,-0.5562863284081694,-0.33362067885417035,0.5432509202510863,0.24066100362391565,-0.2760497572569498,0.3955002319922865,-0.611145850317784,-0.8765053760739838,-0.23757136566932233,0.10752116969466333,-0.13509006035294352,2.901037455260803,-1.1617013638894318
2023-09-19,-0.5756158800801842,-0.3369000001314592,0.543368980936416,0.22215403280279805,-0.2879369892096569,0.3780179392051304,-0.5356177411370399,-0.8578799782451283,-0.2507330256076942,0.14198530840661144,-0.16757916812005585,2.9078723115344567,-1.1811357903541946
2023-09-20,-0.595477129034588,-0.3436238234995024,0.5553555696615454,0.19879680278105838,-0.2901221303627535,0.3616224372026728,-0.43235742204601846,-0.866742199125294,-0.26450902153218714,0.17601651005866456,-0.20213486276664439,2.9051290542314514,-1.2019537855684042
2023-09-21,-0.6037099350987407,-0.34751946652494586,0.5748852790428861,0.18792166395940504,-0.2896019261985769,0.2993459975391033,-0.3598661314481714,-0.8822652114749948,-0.29403308442516535,0.22787188445924497,-0.20830725414662637,2.902976903475101,-1.207698719158519
2023-09-22,-0.6074595608562365,-0.34072651415636956,0.5891820023728015,0.17410688934105273,-0.27801029732454824,0.24817507785485993,-0.28783741318927675,-0.9267145988636871,-0.32215254496680085,0.2839163863958557,-0.2059841472355106,2.8897732435719345,-1.2162685229440744
2023-09-25,-0.6039473834195909,-0.3313394295571065,0.5975099283220506,0.16749584788432295,-0.2541075469902702,0.18898525058938787,-0.23266281840028125,-0.9760831978908018,-0.34341154943459584,0.3424796173331658,-0.18423334854919796,2.868523609522783,-1.2392089794098657
2023-09-26,-0.5975824532504717,-0.32757476779871175,0.6005148663374983,0.16888022280150713,-0.23380782293519475,0.10704492581331786,-0.18405904202197318,-0.9892331207761946,-0.36142986132999266,0.4023786636524196,-0.17955302755825067,2.855364916239008,-1.2609434991729613
2023-09-27,-0.6041967509266135,-0.3267661931860212,0.6132771305679344,0.15948826041457667,-0.1953901654646835,0.05863355657409739,-0.14565700580796007,-1.0217914954316583,-0.3733039487786784,0.48374155006670666,-0.1645258304787825,2.8160881242630915,-1.2995972318120097
2023-09-28,-0.6185020919548638,-0.32223663245094264,0.6369887386687901,0.1538501935121798,-0.16759710042670406,-0.0026543277545507866,-0.10272194126628396,-1.017354085878736,-0.391469427662095,0.5594327156551355,-0.14477588784176015,2.7724194990816002,-1.3553796516817693
2023-09-29,-0.6265923280858959,-0.30659823441043843,0.6593342539275685,0.15276177077539504,-0.13044912463337752,-0.0797928737426242,-0.08286452465179896,-0.993791699516799,-0.40190138855827745,0.6014532537758285,-0.10259338322718155,2.734488979693755,-1.4234547013461538
2023-10-02,-0.6419011298374914,-0.28165962865222754,0.6661884428483011,0.1599366295572639,-0.08439677799793892,-0.15621758771773622,-0.047205847342656905,-1.0060759972577182,-0.4137298162336151,0.6436404990562689,-0.05777806288608621,2.69062015420831,-1.4714208777446733
2023-10-03,-0.6576304116490093,-0.24846416059796966,0.6807784632022852,0.15202353888642567,-0.030883191467793402,-0.2259486267272912,0.005712506307289241,-0.9467806690515207,-0.45711176037481516,0.6598220114950473,-0.015605762193689207,2.6442573001632663,-1.560169237992225
2023-10-04,-0.6779590614012603,-0.22102258799333396,0.7062184070653711,0.13146618417825345,0.031252231658592186,-0.2896413513574977,0.11115420987239352,-0.9203153084528324,-0.4575117754992786,0.6705067448169864,0.039593425099245835,2.5579065068587905,-1.6816476248454304
2023-10-05,-0.6902966621324993,-0.19436709819293121,0.7264370701853431,0.11524370354528317,0.08626326153903903,-0.35148018526369035,0.20113460653003598,-0.862768488248647,-0.45397868511698064,0.6672929677288305,0.09188376431437616,2.4710355072325547,-1.8063997621207142
2023-10-06,-0.6697282353436432,-0.17734450910015237,0.7379560925724156,0.09917505445746075,0.13105005110650522,-0.37850863776870003,0.29266006746410556,-0.805702998121535,-0.4578769157016387,0.65300164437984,0.13395214986250822,2.3792637067796316,-1.9378974705867975
2023-10-09,-0.6392541976700016,-0.16198823274904345,0.7339959257206701,0.04866376501618504,0.1860956653626874,-0.3976131225588804,0.36514051480442816,-0.7159286026619466,-0.44045976976588297,0.650109915558661,0.15795905780893074,2.28850156558089,-2.075222484446697
2023-10-10,-0.6113938854090625,-0.16053719174574566,0.7161894128675349,-0.008440620324962383,0.24710997178153712,-0.4139540400108713,0.4394021191938527,-0.5776749544330342,-0.41902911118342523,0.6326627152726046,0.1739603115182466,2.1956140633782586,-2.213908790904933
2023-10-11,-0.578780138629316,-0.15943729501647708,0.7039870646301152,-0.08306152445571655,0.305171104189935,-0.3938932006552678,0.4381595610358037,-0.45838552724369463,-0.3846223129202369,0.6213440178293818,0.19842326550788222,2.1194538297324077,-2.328358844004817
2023-10-12,-0.5416758675589889,-0.15198590086087405,0.6904995825934098,-0.15064211044982098,0.3662894658397225,-0.35927955928174127,0.43104671436757275,-0.3398205335813222,-0.3427776574256887,0.5821817176948378,0.1913918068090915,2.0547080686087353,-2.4299357267549335
2023-10-13,-0.48154165746466604,-0.1499053461702814,0.6658287663238374,-0.23224273906695983,0.4078318942442179,-0.33190043793383506,0.4086978234590201,-0.22240582335855716,-0.2800606136634245,0.5341961549851194,0.19058775177432155,2.0066173283386504,-2.5157031014674427
2023-10-16,-0.41200125987576813,-0.13970478450899773,0.6506175838653092,-0.3049457682963947,0.4360729754299945,-0.30084924603344987,0.387374942464645,-0.10328087253260987,-0.22722243462606873,0.5016806255495531,0.2147852943056409,1.9133366399363845,-2.6158636956782386
2023-10-17,-0.3750619733475601,-0.11577277142580096,0.6162210319287866,-0.36918358470999363,0.4839630333910839,-0.252443533184224,0.3513102745903551,0.024910799094871053,-0.17472518266833936,0.46296394937524515,0.20629672640372948,1.8348274367338595,-2.6933062061820126
2023-10-18,-0.35867417849390687,-0.09541814165198824,0.5728373186929732,-0.4313103425077849,0.5329818202595505,-0.2410639477495975,0.3477882643153826,0.16231367551211662,-0.1364990641680388,0.4130297476109803,0.19604065566725798,1.7737807475978271,-2.735806555084772
2023-10-19,-0.332027828034599,-0.06173318703795875,0.5386354333782667,-0.4809158789148219,0.5677765688378847,-0.2320385210786534,0.2958334702213698,0.29750256755465637,-0.07630691583136928,0.3836515986827576,0.20935293117341675,1.6811704850227784,-2.7909007239737282
2023-10-20,-0.2969256655460654,-0.012400697454453756,0.5306855525466095,-0.5195225935973634,0.5958601560137811,-0.21252011731090512,0.19122871349240464,0.43075365920341585,-0.01879961263276509,0.35207557397710515,0.21609288562586698,1.5827744414083766,-2.8393022957260072
2023-10-23,-0.27157658227988385,0.021744729257465862,0.5278357565112869,-0.5433065103857416,0.6123802811725438,-0.1854591354874047,0.09216946402997858,0.5558582450958408,0.04365839262448241,0.33024206702247877,0.21141168298684723,1.4815672985761579,-2.876525689124051
2023-10-24,-0.25395129286076124,0.06789497895526028,0.5246636324465771,-0.5619290911753675,0.6244539987122988,-0.14631148176091335,0.023960936820256445,0.672577321344698,0.08901320966542585,0.28580370293159146,0.20023606877496333,1.3793287443740139,-2.905740728228043
2023-10-25,-0.24437628609508827,0.09684780682486938,0.5375068453983186,-0.591674582188867,0.6264246988595936,-0.11673966221361402,-0.04617409785918475,0.7910568970750965,0.12851666369765166,0.2598654082997769,0.18421903945823837,1.2871332947843033,-2.912606026041094
2023-10-26,-0.21922705706522722,0.15792467342202518,0.5113694830371628,-0.6131324469948328,0.6257004582746866,-0.09999892251823103,-0.12126211693334459,0.8809882048888708,0.16832305551120919,0.25006580473932105,0.17283767034799127,1.2057637007771536,-2.9193525074867845
2023-10-27,-0.18083384636717176,0.21509783390483372,0.48021271393383935,-0.618305871694627,0.6367473690313629,-0.09358691581368903,-0.1695922319738198,0.9561260969397165,0.20859955990937887,0.2354745972796265,0.17765345861740856,1.090360880473197,-2.937953644240056
2023-10-30,-0.13718165458592868,0.26886317532592646,0.43451545865968233,-0.5772721609057382,0.6344742693966344,-0.09672670124016632,-0.23237808713005415,1.003216089676169,0.23865139317987943,0.27137395620091953,0.18158174528538104,0.9768147360921902,-2.965932219954895
2023-10-31,-0.09155684191826818,0.32782611525061917,0.405614861338456,-0.5248120283583884,0.6562828808927543,-0.10048815841050283,-0.33909229184051193,1.020917112291572,0.27752771184989106,0.2683376667411745,0.18439768634048237,0.8926697379238896,-2.977624452101167
2023-11-01,-0.05835884603353134,0.37298036594769335,0.3581503683281304,-0.49673251750477987,0.6626454415299375,-0.14546104863862627,-0.4479663744584963,1.050177379664736,0.3115045120537339,0.2718044800704335,0.19583613223366472,0.8807110073196275,-2.955290900512524
2023-11-02,-0.042874993051542055,0.41845396437159565,0.29830528024613867,-0.44814338171670476,0.6680420453218315,-0.17427571467578984,-0.5497376016635378,1.0940475645783982,0.33644570824134395,0.268640836238698,0.17296830776163236,0.8839962045448702,-2.925868220196934
2023-11-03,-0.03791558534465245,0.45337510837258316,0.22472970959849994,-0.39033539155877806,0.6566888150777793,-0.19760417337995548,-0.6803551860462745,1.1943484829063302,0.3631980502414657,0.2739006176736626,0.15009624993098378,0.8631900128270196,-2.8733167102986634
2023-11-06,-0.0586861651279645,0.48633633860178344,0.15693301928814607,-0.3305060388942931,0.6506614278992322,-0.22045838471453458,-0.8177354412283907,1.3091417870053685,0.3921041284879567,0.2723091228945721,0.11655559593811021,0.8404537309329791,-2.7971091210829657
2023-11-07,-0.05704320823705362,0.5240393230637262,0.10257108298124017,-0.25875278738484137,0.6356888288634479,-0.2338032179006235,-0.9324021966329696,1.3681474743468676,0.41650220437885194,0.27699383065397976,0.10777642631723863,0.7974523691460778,-2.747170129595942
2023-11-08,-0.05072576836312129,0.5733400438440246,0.0506443612597776,-0.17734977313472727,0.6274217624429806,-0.24494925551988453,-1.0528672191093598,1.3732742625269863,0.4436778880026681,0.2939338969708519,0.10766442503583394,0.7603198529500217,-2.7043844769060517
2023-11-09,-0.028779518464577034,0.6314025222792471,0.012944830546460962,-0.0937389134650494,0.6106996692876827,-0.24669422003201164,-1.159422866521229,1.347867434447613,0.47639205239025706,0.3105088544151271,0.11466599474677917,0.701489862118951,-2.677335701749251
2023-11-10,-2.9002375662063225e-05,0.6896557102007876,-0.03204995219270144,-0.017941668842982195,0.5923568255338614,-0.2579879463945355,-1.284231980886844,1.3288483859143296,0.5051939442863327,0.3352901748687303,0.13749916316646923,0.6312275806117297,-2.6278312338895153
2023-11-13,0.016408259670559394,0.7394237781168418,-0.0759156213864301,0.04700163591180439,0.5762443022915457,-0.25775233127629227,-1.3996263720854336,1.3305327434997831,0.5138445469598815,0.3704864851712884,0.13524631925615271,0.5682366798640603,-2.5641304259937616
2023-11-14,0.017993671504902768,0.770177311218484,-0.1281221970163636,0.10076255820178001,0.5651690495506105,-0.23831153943759484,-1.4769816277367092,1.3345920620397067,0.5155509706310275,0.3772677375505151,0.11741456200695971,0.5563869653098514,-2.5118995238231703
2023-11-15,0.027215270617381236,0.7963370190602267,-0.18581908371049868,0.14423265544928726,0.545177644883541,-0.22205401088421214,-1.5430828493777948,1.353437884310519,0.5143193912463593,0.4016374898035669,0.10077334484449434,0.5251717265614492,-2.457346482804319
2023-11-16,0.04445813062603789,0.8290445310143633,-0.23806100348999248,0.1845342567917993,0.5098738276846891,-0.1755988200333415,-1.6126519402624169,1.3361951162531807,0.5365367311759637,0.4291617332874103,0.08808931931148346,0.4829666821813737,-2.4145485645405507
2023-11-17,0.05669972532108094,0.8583860314981758,-0.2906631609797777,0.2247186886811009,0.47747235598926796,-0.10776078902891777,-1.680648051102411,1.3318919903196609,0.5282979267816315,0.43376600486113004,0.05877321200515409,0.4737488562750241,-2.36468279062112
2023-11-20,0.05053791305303455,0.8613601098876164,-0.37037494367993706,0.2543114731740273,0.4442748975726508,-0.04207098300173173,-1.6857839382146311,1.3444627425015867,0.5426782907010558,0.4456605036656729,0.007705066151214602,0.4870409504972783,-2.3398020823078376
2023-11-21,0.03739178820188071,0.8612333871805733,-0.4574195939227388,0.27990024874961844,0.4021094935524865,0.015612881872967081,-1.6836012907656095,1.4065137517202806,0.5516262118252429,0.4402975982137081,-0.06945166667451327,0.5042974341261275,-2.2885102440800233
2023-11-22,0.036845496248729376,0.8703684918784474,-0.5369076836374096,0.303182189778923,0.35992548510590866,0.057281706595481395,-1.6742180748546858,1.4507995536950726,0.5655954286154454,0.44527832690858876,-0.1386426138025938,0.5031845589492453,-2.242692865481152
2023-11-24,0.0474514826403574,0.8944126977366309,-0.6108305259596336,0.33596231527523635,0.3397159069024945,0.09084041705204014,-1.6807129358513577,1.4632916909866767,0.565874118931358,0.45038831033603893,-0.18990249248045155,0.4896860770734292,-2.1961770626428185
2023-11-27,0.041726636967535556,0.8707913751952802,-0.6391298123099067,0.39089566526919933,0.3212319589588397,0.11454171832370032,-1.6922750770687967,1.496865296508662,0.5741820540500792,0.4466972574705852,-0.2694437357959778,0.4919687654958115,-2.1480521030650124
2023-11-28,0.03233801477073874,0.8550618865574725,-0.6706929112190331,0.4361522191464104,0.30512493661325457,0.15145184968695136,-1.702918802286454,1.5172701936858388,0.5638222458202552,0.4522814523052467,-0.3756912005261621,0.5260909748736959,-2.0902908594282144
2023-11-29,0.01699820276336902,0.8552044873020376,-0.7148540073930963,0.4325479765810933,0.2784493204745073,0.18933250564669288,-1.7181061859404243,1.609790945133629,0.5530622889249431,0.4402427988548544,-0.5028886202326958,0.5300010143108183,-1.9697807264257279
2023-11-30,-0.0006564997282757632,0.836099139065973,-0.778700387323975,0.3994668650343776,0.2236149454717256,0.23087645412743574,-1.6988100625236364,1.7587347899814327,0.5426566704795291,0.4396586452476691,-0.6325942062176164,0.5002081819282883,-1.8205545355429265
2023-12-01,-0.011561598727104876,0.813034202227266,-0.8396895893457214,0.3721184044447217,0.1664376214715204,0.2712459815557665,-1.6776852849376553,1.88098816350432,0.535659942744265,0.4360042444389128,-0.7566973572168152,0.4736631659190748,-1.663517896078549
2023-12-04,-0.01960907260675596,0.7743388354417315,-0.9143412243142599,0.3341976485653072,0.0831562878411186,0.28886700531977755,-1.6851560626662008,2.031466825395592,0.513752744721052,0.4125221935719443,-0.8765542231336988,0.46371685688434494,-1.4063578150199534
2023-12-05,-0.014481889557896551,0.7793960740161054,-0.9963701827905564,0.3207887030503388,0.03277801895284889,0.3113797797547169,-1.7391518899043459,2.0335516633298125,0.5169493835897361,0.4069336890239582,-0.9862522374398356,0.5073808989168703,-1.172902010941752
2023-12-06,0.016509253437615844,0.7973194701519979,-1.079106673416479,0.32585140743726865,-0.02265065237821535,0.3240977731513657,-1.788439122126427,2.000334668753111,0.517945427433349,0.38268234949582647,-1.0927368866823923,0.5528295113920995,-0.93463652664912
2023-12-07,0.030032702116037785,0.8051431537208976,-1.1738622479465128,0.3280762495757381,-0.08058790225926112,0.3064328338785425,-1.8275636189842186,1.9475784836859924,0.5180459755203171,0.3525217273844903,-1.2012835965272881,0.6286348377400097,-0.633168597904746
2023-12-08,0.037656099312760295,0.8044966037479035,-1.2334857953299687,0.3166523688193893,-0.13499130043957822,0.2914654353629916,-1.8662800321065973,1.8579256317770867,0.5078586188451596,0.32564285406295207,-1.3146829220206495,0.7118406873937961,-0.304098249425245
2023-12-11,0.030109368705393144,0.7717439183470336,-1.307354669320062,0.3049703185293939,-0.18339223169264887,0.24677199177812342,-1.8366722584307245,1.767085955861511,0.4704189151586116,0.294947119690009,-1.427489789752752,0.8134820263861066,0.05537933474000262
2023-12-12,0.009966059541244816,0.7267733148136225,-1.3684828176070483,0.29195530901077793,-0.2603426862504885,0.17045979834610095,-1.7399179662641993,1.6662538445844544,0.501187398127472,0.2747581834826094,-1.5285152489505753,0.9120990753392534,0.3438057358267734
2023-12-13,-0.01390776049731334,0.6865455066819569,-1.433571414692042,0.2994989516389613,-0.32088522592697305,0.1018058073830876,-1.6419285789644187,1.4688215420664852,0.5384202542614027,0.2554439380541036,-1.6124448014839199,1.0145409008179789,0.6576608806606917
2023-12-14,-0.021131271271074264,0.6268466193674515,-1.466113263616835,0.30252446070371536,-0.3798483932872892,0.014087505186217587,-1.5419030651921914,1.2309468564195711,0.5904196919020832,0.25093099486392,-1.6697991972383188,1.048444760025462,1.0145943021372874
2023-12-15,-0.006077717410125221,0.5635841985459858,-1.479808547590439,0.2931710557334936,-0.4484819893074774,-0.07509218172621154,-1.4350469735188294,1.020054081428307,0.6529049791668421,0.2612518831732538,-1.6867531361283234,1.06587394134269,1.274420406290834
2023-12-18,0.007506827283494403,0.5011262374944935,-1.4821795305192584,0.31851538198981466,-0.49115097734269303,-0.13200937701062265,-1.3527186461837066,0.7975322269084436,0.7229727203472546,0.2613886095198177,-1.6871135153610348,1.0775349515275419,1.4585950913464514
2023-12-19,-0.005133594685108385,0.40769290795467583,-1.4870086223007457,0.3546891443275584,-0.514604997327847,-0.194963459870775,-1.222567477056232,0.5535168483742433,0.8184502654088759,0.26372556249991924,-1.6863819559286501,1.1008283208420881,1.6117570577619975
2023-12-20,-0.012752235058138764,0.33797661061911727,-1.4671631590116356,0.3642032146067981,-0.5215173038301206,-0.26303894863995053,-1.0718460881721774,0.2615900645267786,0.8790164002787794,0.25742822057837844,-1.66733341418049,1.1292029720751129,1.7742336662075489
2023-12-21,0.006864623558151144,0.2901927452599138,-1.4173137912024483,0.39097672439658215,-0.5083761967215362,-0.3507068602690984,-0.9377119850293772,-0.08448640332457522,0.9357585418787715,0.2359981091299092,-1.6110668592738508,1.1321995841088248,1.9176717674887367
2023-12-22,-0.008732551886549967,0.21323782977824593,-1.3580035415146336,0.39235387406113537,-0.4911795809082655,-0.42924926236285077,-0.8430880430733896,-0.3222777828363733,0.9626869131343616,0.28230727031539815,-1.5448419577784147,1.1420979185837874,2.004688914487548
2023-12-26,-0.028228222932998655,0.1295693927553084,-1.306619398162422,0.3741621231215925,-0.4906903729697867,-0.4650347924566829,-0.7211506500130357,-0.5387518205250276,0.9980362630263943,0.32847907958703926,-1.4822768489928018,1.1329163482431714,2.069588899319247
2023-12-27,-0.05459633335391679,0.042075354433230454,-1.2560668853316022,0.335743036412159,-0.4826097799932688,-0.4746763762170383,-0.6111244174363387,-0.7058629106230452,1.0164628729865948,0.37179713865777986,-1.4299047729607741,1.1336739679388281,2.1150891054873933
2023-12-28,-0.08633477607278896,-0.04921694052663701,-1.2013728822891416,0.2823767960976661,-0.45875722855862755,-0.48935803019567786,-0.5035758412855772,-0.8400211494237186,1.046746594298106,0.3891062747019582,-1.373259416186455,1.1252192328966684,2.158447366544225
2023-12-29,-0.10841925020215487,-0.13336812371455228,-1.1458229941561255,0.2477840028758342,-0.4348440598075311,-0.4780886375638897,-0.46080342273320507,-0.9702817128665271,1.090885945848643,0.4116872797366154,-1.3136775862416585,1.1419566739274565,2.1529918848970975
2024-01-02,-0.12142348121996473,-0.19226160722978433,-1.0927563827094728,0.2263338044287689,-0.4038922158974329,-0.47205837277226925,-0.41744113328415083,-1.1170187407383687,1.1531777623410988,0.4453113335708733,-1.2698122074317995,1.1647425454479008,2.097098695494601
2024-01-03,-0.14873456039506378,-0.24445560815456463,-1.023911727789297,0.21637764661657186,-0.3613542164988018,-0.4407080911083288,-0.3508355402928053,-1.2969330381148012,1.2311466949104548,0.4726058422598671,-1.2314632462140271,1.1494077141427588,2.0288581306380373
2024-01-04,-0.16614944788785563,-0.26910674654004924,-0.9427622691665237,0.2113475596269449,-0.3016472126504016,-0.40903102350642195,-0.295004376625481,-1.5213714246160472,1.3255399736835531,0.5363923116135751,-1.1886243122015676,1.1310308216886915,1.8893861465815822
2024-01-05,-0.20484276752456015,-0.30415096350880555,-0.881907705253997,0.19039295482920288,-0.2416492581277853,-0.3663248042278192,-0.22941896408285473,-1.661322949108708,1.4217238580535678,0.6150882117459876,-1.18504784889059,1.1168749513412886,1.7305852847550727
2024-01-08,-0.26373982051146816,-0.34441876880531896,-0.8229620497801141,0.15161967368666449,-0.1616918640745752,-0.31942843082044936,-0.17561989403226727,-1.7801518120099802,1.5088621185814155,0.7052410612889075,-1.1621008711391594,1.0980978220716702,1.5662928355446757
2024-01-09,-0.33700665579287503,-0.3938653067003848,-0.7727195677477677,0.10978200389126844,-0.09663347628981528,-0.23568774983294116,-0.15836406960974908,-1.819418725690592,1.5786079833197644,0.7727753919190083,-1.1760444156505918,1.1018243285797917,1.4267502596048847
2024-01-10,-0.4034686028881979,-0.42857285963854974,-0.747697595623689,0.0777496292973789,-0.045702504197562374,-0.15322787790638476,-0.1575878500252783,-1.8382377577437132,1.6494045552103678,0.8292642785891245,-1.173197780106665,1.1084076032236108,1.2828667618095588
2024-01-11,-0.4720308759323659,-0.4579599599004814,-0.7002364458944481,0.06022218236411922,0.019021282516804655,-0.06757593316867845,-0.1558494036232515,-1.8703651594505142,1.702119223396447,0.8617174874942373,-1.1695472962316753,1.070153168967375,1.1803317294624316
2024-01-12,-0.534680616173794,-0.480058543332779,-0.6446970070710277,0.06194265713625798,0.10677336774878152,0.045858424696996636,-0.1629652633621931,-1.9240729917603803,1.689972912504563,0.8704577461328862,-1.1800872001685485,1.0516685120680562,1.099888001581181
2024-01-16,-0.5977326807471922,-0.49873265802113975,-0.5782563475485444,0.06106662881400169,0.18356337130791364,0.14708530409147183,-0.17996856126460414,-1.9629807870918499,1.6716022443323628,0.879462710386253,-1.1893549980264324,1.000258727961593,1.0639870458061662
2024-01-17,-0.6724616317910097,-0.4970785534236652,-0.4954305156123132,0.05634564632424409,0.25442304493723905,0.27260622314218663,-0.19693153827985155,-2.02361478828789,1.6483405599350682,0.9020599014533192,-1.1775173357477087,0.986217610063903,0.9430413772864747
2024-01-18,-0.7405792507529328,-0.45419912089180126,-0.39391573123775303,0.07485777277805561,0.3530398428550238,0.40636529267526017,-0.26513077529029844,-2.098369473989645,1.6181218345273087,0.890497064438108,-1.1523312599012943,1.0040868815895199,0.7575569232004479
2024-01-19,-0.7842860541027155,-0.41752281732689234,-0.28524501155610466,0.07554503781250832,0.45901964021615616,0.5188760421267731,-0.35763980671767703,-2.150128508112806,1.5651084326541493,0.8917607282423102,-1.1213114250387772,1.0277809926788635,0.5780427491242106
2024-01-22,-0.8071819411991319,-0.380616526820271,-0.19488582089566878,0.04072670619101311,0.5311563854275715,0.6143869808751005,-0.4637090297252639,-2.1626532826097415,1.5231028608748303,0.9032313509141069,-1.085550800738114,1.057235339620951,0.4247577780846189
2024-01-23,-0.817632200593169,-0.33873018152633655,-0.10485012375671263,0.017417296903083884,0.5866217072473043,0.7307701438403731,-0.6279543903032023,-2.1418811486382783,1.495106878709248,0.9246734108425696,-1.0406745331160205,1.0487729912987331,0.26836014909240735
2024-01-24,-0.8213214228014256,-0.3024445891280834,-0.045877291302209786,-0.011871391122323568,0.6216956739110515,0.8464578158556307,-0.7619657049036694,-2.0966182789880805,1.4607110997286274,0.9472855113123808,-0.9994332210477074,1.0537578024888778,0.10962399599692832
2024-01-25,-0.799535356622434,-0.24394269310587507,0.02618533303342873,-0.02343693503389791,0.673165132182983,0.9836387066847377,-0.899704340679383,-2.058302874095651,1.4421119139608125,0.897382269136476,-0.932248561845011,1.03406048763602,-0.09937308125220494
2024-01-26,-0.76700133772028,-0.18738465864578308,0.10252340876354218,-0.02599613549555221,0.7138302947156744,1.105624321987443,-1.0774933179150243,-1.9926830425877082,1.3999061783744013,0.8376174214066519,-0.8609059476680375,1.0149060347184853,-0.26294321993381115
2024-01-29,-0.7212409008170728,-0.10904572383035398,0.1598154168831206,-0.019727616607020767,0.7501387046543301,1.199858622428289,-1.2380282549823383,-1.9382363256162476,1.337349876763008,0.7744037152077875,-0.7720493473389385,0.9953301845321328,-0.4185683512766949
2024-01-30,-0.682859172677314,-0.035842929004307196,0.2177155874839721,-0.007261837852742934,0.7727147987166186,1.2824210666449243,-1.3831345960898247,-1.8434923695536003,1.2782211093296028,0.7175306925892492,-0.684866506881526,0.9737242715687099,-0.6048701142737607
2024-01-31,-0.6501093739659893,0.02846512554343794,0.26065676461734166,0.012775068897107819,0.7896882228824849,1.3442623019510636,-1.463382237922117,-1.7545450687619688,1.2133451214854911,0.6511582425408924,-0.5974389267837903,0.9744979110027189,-0.8093731514866728
2024-02-01,-0.6193953041718809,0.07535056375054114,0.263898994759409,0.03550224274098062,0.8025158844453328,1.3845713860729374,-1.5316933592869275,-1.6734907474433114,1.1434761704179597,0.5951300001482701,-0.5155699490037993,0.9954864970546621,-0.9557823794841751
2024-02-02,-0.5792774391425145,0.10749950957765676,0.24830689499515335,0.05210899894357774,0.8004731506219522,1.4102480486796967,-1.597589739691191,-1.5801023699426198,1.0750782109771926,0.542796216364807,-0.46560313360003414,1.0519529746927796,-1.0658913224764572
2024-02-05,-0.5617376800531653,0.1190056144127063,0.20688804005994466,0.08724907648649201,0.8729349276563998,1.429817096325768,-1.6365368249135532,-1.473701829569949,1.0055933054032447,0.4753931930314335,-0.4471317796605778,1.0843372412808232,-1.1621103804595676
2024-02-06,-0.5348679892379227,0.12236019487311993,0.18208678514693405,0.12550046756600425,0.9025222181351505,1.460745314299647,-1.673818306594279,-1.36291838677652,0.9540744971191196,0.4119237203926024,-0.43592801073230036,1.0991118227657966,-1.2507923269573515
2024-02-07,-0.5254650881196709,0.12250407698849587,0.1624744877823355,0.14886141802044078,0.9278221377120887,1.4952147262088247,-1.741739183347822,-1.159679889306271,0.9149288159583637,0.3445160389818392,-0.44330172066229123,1.1022267096133214,-1.3483625298296542
2024-02-08,-0.520136136469819,0.12855490836788525,0.14296653499383175,0.16599901947066356,0.9595473727643461,1.5090833716430867,-1.7981927382961942,-0.9531041957997536,0.8807849622534873,0.2811639029483008,-0.44273307523169336,1.0902121749702514,-1.444146101614393
2024-02-09,-0.5217360726259491,0.12960286333121487,0.11348368114219146,0.17053550055637473,0.9910732039448265,1.5108139351911545,-1.8459340009814686,-0.7434964971142294,0.8531043856949008,0.22847402598764616,-0.44997874003521326,1.0794297723729929,-1.5153720574644396
2024-02-12,-0.5210596720159983,0.12715753328497828,0.089537001459024,0.17518705329427015,0.9931688191490899,1.5093811968899082,-1.8718498067767888,-0.5653570832119447,0.8291282848332265,0.18678809004977653,-0.45436797236710347,1.0802221083366532,-1.577935552925093
2024-02-13,-0.5258121319809015,0.11835308520107586,0.06402627054483637,0.17023041442681927,1.006209449976154,1.5183560070789641,-1.91287955737927,-0.3909667085590862,0.7995156030259659,0.14763816526155038,-0.4613160272767005,1.0619578319600653,-1.595312402279473
2024-02-14,-0.5263475642838782,0.10299547831096137,0.03724253101763456,0.16418224507197832,1.0048580731068604,1.525946040974705,-1.9245220665456397,-0.23346758754710498,0.7703196981220869,0.1057460551023697,-0.4633097361322959,1.0615671546582548,-1.6252103218559315
2024-02-15,-0.5342630964822884,0.08036956568752855,0.005850016303286829,0.15941237034127928,1.0197510222103527,1.5257188174547403,-1.941181549061827,-0.06865608393848327,0.7357211557957364,0.04513845854800877,-0.47537889162711716,1.0691440666040806,-1.6216258518352966
2024-02-16,-0.5521395635359105,0.04971234363911184,-0.03573836926936116,0.15190961480028295,1.0429352579748292,1.5275199330346005,-1.9476391124564034,0.08559396193897782,0.7090522772399678,-0.009963341611142993,-0.5009006588247262,1.073531820088235,-1.5938741630184596
2024-02-20,-0.570389040628512,0.02764675886796483,-0.07136308695687953,0.15012083809565996,1.0568048580791287,1.5280351783015103,-1.9246239492164372,0.23040745259504158,0.6743457293850105,-0.06502532129819477,-0.509485560705662,1.0746974378500505,-1.601171294368681
2024-02-21,-0.5785216787802561,0.020099373684673214,-0.0937598026082252,0.1555019763257396,1.0796174793989772,1.514395107212447,-1.904220844767024,0.35848394961256413,0.624058068118946,-0.11213355270368239,-0.5011154416335041,1.0617634549381774,-1.6241680887988335
2024-02-22,-0.5857595418215379,0.017421400480956785,-0.10769657368042415,0.1728087170773917,1.1063568064813363,1.494622029129898,-1.8708500108474035,0.46220021225021146,0.5802492609451769,-0.15743308426788827,-0.4879964170076065,1.0388229919253167,-1.6627457906654268
2024-02-23,-0.5977205895772447,0.007907908346214436,-0.13280525480538027,0.1812820109375357,1.114129115161041,1.4967647255233831,-1.8253452162909345,0.567026466775363,0.5370025043804154,-0.18560473980506959,-0.48339343452082556,1.0149997437033433,-1.6942432398278406
2024-02-26,-0.6064980683550024,-0.0023239343849121405,-0.15580746046121943,0.19107483195460606,1.1192806190641826,1.4944443785462227,-1.7821792411980384,0.6628863651486865,0.48805277008030906,-0.21295841489718234,-0.4744431063325141,0.9995094881212325,-1.7210382272863705
2024-02-27,-0.6213423543723465,-0.018896359139168158,-0.20274141746668983,0.1963767457190764,1.1198678030568743,1.4865757788055722,-1.6953075062174392,0.7642950342633883,0.4495991867030887,-0.23690844188432972,-0.4713246058974016,0.999582019954332,-1.7697758835249566
2024-02-28,-0.6338212028269202,-0.03700285657173146,-0.2508204894634047,0.19264204776189872,1.118238117929632,1.4755617193004098,-1.616119031581683,0.8683743944623832,0.41724611084352947,-0.2496540257273869,-0.47165265500990217,0.9924088872416041,-1.8054010163584278
2024-02-29,-0.6406374395847895,-0.052221566234509235,-0.29881174235403996,0.19204091228540127,1.117047820124357,1.4639787432479023,-1.548628889531959,0.9590449500716617,0.3855740699101809,-0.26576374977680783,-0.4659034355233346,0.983848295302647,-1.8295679679367103
2024-03-01,-0.6476788707166555,-0.0677196416638385,-0.34202827980350975,0.19494865517947751,1.115094411330123,1.4482484047049582,-1.4874558451456636,1.0588804968473342,0.35335411898993974,-0.27426203418919604,-0.4679888223617695,0.9613436976682203,-1.8447362908394203
2024-03-04,-0.6608496136090072,-0.08563150212693069,-0.3694161215973252,0.19374372155358327,1.1088210113347712,1.434478160145535,-1.4298703112299949,1.1476618589929115,0.3369934046588037,-0.2788191518084379,-0.4823451464613388,0.9373769394140814,-1.8521432492666519
2024-03-05,-0.6715376311272088,-0.09867373438914276,-0.39585436887888903,0.19082387020605143,1.0993574468097782,1.4229992894417087,-1.3817405061297312,1.2232437189051988,0.3222687368954341,-0.2705784159588338,-0.4841395757291587,0.9072946152552592,-1.8634634453004657
2024-03-06,-0.6795719885237298,-0.11320695448470816,-0.41632869146895457,0.17242097977243434,1.0407206569955136,1.4299832774609922,-1.3470356115704243,1.3137856028583137,0.30878207335586116,-0.2589175049776129,-0.4771068683157325,0.8898142964973342,-1.8633392675992866
2024-03-07,-0.697435947693345,-0.1276883658515194,-0.44791945359565155,0.15203097943981536,0.9972039219478113,1.4214154077364467,-1.3123344159159787,1.4164866584712257,0.2874476043118103,-0.25263253691857557,-0.4739554191705878,0.8780361851834753,-1.8406546179449275
2024-03-08,-0.7214446363688226,-0.13831684703906924,-0.4773906779860953,0.1410450347353342,0.9722891608256786,1.4435415954358506,-1.2901184301247854,1.4296269448321508,0.2836333163448369,-0.2301234448875095,-0.47498086527480765,0.8869372115499047,-1.8246983620426658
2024-03-11,-0.7369400345460553,-0.14650017393126866,-0.49985012829635644,0.13926040946262894,0.9558104440289404,1.463896460618381,-1.274477314555962,1.426562607720933,0.26664608867413747,-0.20246408652794184,-0.46612317609100884,0.8958275999840231,-1.8216486965404501
2024-03-12,-0.7458552591243571,-0.15187350674662253,-0.5117869131935522,0.14058154642053886,0.9381578600818626,1.4941759672390127,-1.2587953735319066,1.4098073285610235,0.2482540786617701,-0.17827112531107403,-0.45519903814822854,0.8995506372808386,-1.8287462021893055
2024-03-13,-0.7529034321492599,-0.1565375156544596,-0.5315051537036098,0.13446849193366223,0.9272243350918595,1.524503754301763,-1.2448836477188892,1.384174177364472,0.22653287596636418,-0.1472423509891982,-0.44350761894661145,0.9119401327699711,-1.8322640482660641
2024-03-14,-0.7554475737937996,-0.15472545737910515,-0.5420713124231058,0.13472799316318224,0.9076405158233448,1.5420030553820152,-1.225036975904532,1.3438961514460437,0.21392509983278404,-0.11935583336554874,-0.42771650257178384,0.9412310077502747,-1.85907016795977
2024-03-15,-0.7567374678843184,-0.14357199457016093,-0.5474944356609753,0.14173101233768257,0.8909559976566516,1.5462743408025257,-1.2145172015186354,1.308797299100884,0.20482185831317096,-0.08710612072795278,-0.41842310447674314,0.9627573592182948,-1.887487542590424
2024-03-18,-0.7507611882799953,-0.1342889854644358,-0.5533936902551227,0.146912092735746,0.8716675916516786,1.5578325317102062,-1.208443064225502,1.259662766635508,0.19827522980714749,-0.04081756324759233,-0.4032840298649793,0.9788676826549817,-1.9222293738576397
2024-03-19,-0.7471924396971176,-0.12998662005794456,-0.5446107419118159,0.14771207495069252,0.8422353448234114,1.5710924958156516,-1.2081965325224464,1.206827504807288,0.18685095948485247,0.005980063041013372,-0.3932387025697607,1.0117209647173655,-1.9491943708811905
2024-03-20,-0.7522680901572442,-0.12990987161470938,-0.5437884579096722,0.14442076585046515,0.8180968448511912,1.589410378130027,-1.2268262983838785,1.1674236198728738,0.17544485580976918,0.052092471220534085,-0.39564766107416494,1.0413339945974804,-1.9397825511926714
2024-03-21,-0.7649918063238591,-0.13780550995958957,-0.5505082646661422,0.14116479806827015,0.7906594124644466,1.6184335821013802,-1.2405432521893751,1.1398931228637486,0.16817901309099764,0.08781558543694518,-0.4101461645729972,1.067416006486301,-1.9095665228001264
2024-03-22,-0.7920554388233291,-0.1501877978561237,-0.5670905136244614,0.12401073520863642,0.754097448908131,1.6391965006939417,-1.2561197286488845,1.106657736192605,0.16484913567611406,0.1503468730522132,-0.43045435487218003,1.1189591764134852,-1.862209772320148
2024-03-25,-0.8186679473091836,-0.1590462542744058,-0.5722024638185711,0.11011654572966623,0.7282961277868456,1.6415786991914754,-1.2866289107405582,1.079919860048345,0.15293645774365858,0.20745053732636376,-0.44061990516377453,1.1701990210202509,-1.8133317675401124
2024-03-26,-0.8517950822707964,-0.17701304987219135,-0.5839096530805837,0.09038880718386062,0.6947921234931419,1.6403922729360103,-1.3079648512383428,1.0639984812397156,0.13782930062760668,0.2890887617880791,-0.4584648520455148,1.2179989036207497,-1.755341162381734
2024-03-27,-0.8884726739761188,-0.1919749020693182,-0.5767194556580029,0.07084371291593744,0.6645911368673858,1.6413807164221157,-1.3446877606321366,1.0479959713526874,0.11612530763537343,0.36765350248685497,-0.47740945669810025,1.255899869012698,-1.6852259676593757
2024-03-28,-0.9220278670107169,-0.20411776646495033,-0.5694129779565978,0.05972115625836812,0.6318771940081418,1.6434288566447417,-1.3753956507263894,1.0143775733453093,0.10009203894770503,0.4441482269071827,-0.49390188167891164,1.294084951839812,-1.6228738541136944
2024-04-01,-0.9608039989526959,-0.2206458204863167,-0.5584584148935112,0.04734902352316379,0.594940614377089,1.6520429183935113,-1.4195280456075885,0.9599098904190317,0.08396305648314416,0.5271789284964072,-0.5022979433193886,1.3362915482842141,-1.5399417567170595
2024-04-02,-1.005548595714041,-0.24175738947895153,-0.5458528830960362,0.02645210594133361,0.5568431636758607,1.6599759601353166,-1.4774131892145708,0.892253402212913,0.06909931449816017,0.6305012788936949,-0.5008572802383912,1.370314094553723,-1.4340099821690124
2024-04-03,-1.0403250105004227,-0.25500388283397674,-0.5177715326064656,0.011855322363045153,0.5202471790713463,1.6599705224414631,-1.5455234622283087,0.8330323730249318,0.026939684953176925,0.7241541225587868,-0.4908797107644562,1.3980759771130635,-1.324771582592184
2024-04-04,-1.0788205874094599,-0.2773597002691203,-0.4833232813888152,-0.0057809161506016385,0.4861041497658694,1.6375139633141793,-1.5910313032943069,0.7828796651075701,-0.02213401481591879,0.8286246234668031,-0.4935610311020479,1.433080213967719,-1.2161917811918699
2024-04-05,-1.1096743423565862,-0.2878180370768726,-0.45259190102167657,-0.019387589051827404,0.462665550064963,1.5997201948305755,-1.624589717970519,0.7298038173041834,-0.06542623447947794,0.9361168800672827,-0.523909466557471,1.4654463429382196,-1.1103554966907925
2024-04-08,-1.134018361764352,-0.28831513437568396,-0.4081886979582056,-0.021986155193494613,0.447377970701877,1.552573310222486,-1.653442628034181,0.6290672676723549,-0.1058790667034563,1.0465641228719713,-0.5599302985813821,1.5091243883172971,-1.0129467171752295
2024-04-09,-1.1521852783031614,-0.2875209479888502,-0.35517024712283835,-0.022493747620376047,0.42075045364510966,1.487928563814229,-1.6644594379199158,0.5245778363154271,-0.16264688088065227,1.1576133450824309,-0.5681390310051894,1.5646651641952383,-0.9429197922114507
2024-04-10,-1.1775673808960294,-0.2918614364351032,-0.3071067241231775,-0.028598646816853854,0.38222353615080856,1.4318521954664718,-1.6591949495751064,0.40746864544873507,-0.1919804072816199,1.2619671504548988,-0.5825548789613308,1.6153554599861248,-0.860002563417819
2024-04-11,-1.1976555137932465,-0.2964720116133001,-0.2637660881077697,-0.02599091383552965,0.35766358353398375,1.3632297425379483,-1.6490657872515233,0.2803478288436276,-0.22011966634577754,1.353123606852466,-0.574613611574016,1.6679648686276878,-0.7946460378745527
2024-04-12,-1.212134322911183,-0.31058208165953594,-0.21353499979936313,-0.025094987701903975,0.32413254598974,1.2782855800238766,-1.644745053228171,0.1794975438767883,-0.23251441378367327,1.4575599197806148,-0.5756630029673867,1.69704904124086,-0.7222557688606634
2024-04-15,-1.2138909462790128,-0.3260490225728466,-0.16718090188736512,-0.029087928904070706,0.2890323894852773,1.1925600586832126,-1.624798937123183,0.06656966226962334,-0.23457135363588705,1.573626203971076,-0.5805832177102308,1.7139832389150051,-0.6596092452115974
2024-04-16,-1.2195858668798647,-0.3566241502682467,-0.13394082104364002,-0.04245002068961705,0.2533603562812008,1.1150535294360182,-1.5976750040235759,-0.04348390109371825,-0.2420051587739042,1.7005787169099236,-0.5849684679371483,1.7045242980233206,-0.5527835099407468
2024-04-17,-1.225526969978081,-0.3726171122556956,-0.09457780162811052,-0.04559019757679496,0.21841059901884757,1.036132985565334,-1.5693612418271754,-0.13526430106844006,-0.23045794347808016,1.8077974709599476,-0.591771981625441,1.6855992064660088,-0.4827727125723202
2024-04-18,-1.2190343260991514,-0.3732493687983771,-0.06032979347642175,-0.035540666431789186,0.18199784205425767,0.9539856767459028,-1.5616900031299772,-0.233760580375014,-0.2158829211765708,1.9083247959549205,-0.5640902750069566,1.6544290080471915,-0.43515938830801365
2024-04-19,-1.2141566137298083,-0.3846506575990954,-0.01831314235814447,-0.0328978915778956,0.1558186164803346,0.8684562366777021,-1.5594295534474556,-0.3306898424247439,-0.20191557696883955,1.9924897756402495,-0.5273171169017744,1.6221489091989238,-0.3695431429894533
2024-04-22,-1.2028283804552375,-0.38564906115407316,0.036156053869059124,-0.026678889234825535,0.12364550341016614,0.7621554423308068,-1.5624270050904612,-0.4393998742481522,-0.19519967487570186,2.076041230526309,-0.4777676609117196,1.584367788847983,-0.2924154730141524
2024-04-23,-1.1725270291848224,-0.3921953205037696,0.10993478708760905,-0.008900498720257227,0.09553193527986197,0.679488796828058,-1.5897216125894935,-0.5326818971314013,-0.21299857343687945,2.1267167134540994,-0.42248231168833983,1.542990614537463,-0.22315560393212824
2024-04-24,-1.1479409618522787,-0.399204924544395,0.17069123706721417,0.004592418334527087,0.06829355616086842,0.5751477551895984,-1.6121662447728122,-0.6201121419821858,-0.2348460512386994,2.1736849757969585,-0.33695690028170033,1.5033750149320473,-0.14455773280914216
2024-04-25,-1.119682297330448,-0.39658338030439483,0.24396104287922743,0.008714051883451104,0.0491791992869686,0.4525854137690341,-1.6096762578575143,-0.7333512555685899,-0.25161211891913515,2.1889358601501514,-0.25497225963432,1.5055465053583748,-0.08304450371280503
2024-04-26,-1.0679286327675235,-0.3943460977490734,0.3143619904181137,0.01520668369791463,-0.005804087843037319,0.3602797518567904,-1.6143198791799545,-0.853029138638915,-0.24370656015025172,2.174966434352754,-0.1554328351384574,1.5245992557167765,-0.05484688457513677
2024-04-29,-1.0363623040253263,-0.3966380728604055,0.41398193436407227,0.015403342548556612,-0.07476663336592942,0.2903255590683317,-1.628817746453622,-0.9548954366891819,-0.2298704864071984,2.122691843329887,-0.052102235706862565,1.5429659277492167,-0.01191569155153877
2024-04-30,-1.0129248271198779,-0.4177718392551213,0.4930786497694207,0.00711164090902901,-0.1546831954343411,0.2134641994407439,-1.581738612120298,-1.0247550727113983,-0.23516418921886673,2.0952465345959466,0.031860978037723704,1.5774363728159984,0.008839360291041517
2024-05-01,-0.9720083787567505,-0.43831569838516676,0.5641185704419015,0.0013419359889207745,-0.22534253219144623,0.15180528531698878,-1.5362291004041115,-1.0909889997452167,-0.24643855769638692,2.033107012835,0.0964875790461811,1.6483327785285404,0.014130105021545472
2024-05-02,-0.9328171024543384,-0.45276497316143033,0.6332289499085699,0.005925359306651634,-0.3026386406421594,0.07609441941958786,-1.4707308341842973,-1.1610810326328496,-0.27705990651188156,1.9777935684236285,0.17267224988832122,1.7018179009770684,0.02956004166312951
2024-05-03,-0.8874328636030974,-0.46536615345492127,0.7123185283614764,0.020689920383052073,-0.40103186429629956,0.017730384892195077,-1.4152627510934568,-1.2303069468159475,-0.32843544879140296,1.8907616955848683,0.27241766539196666,1.746034826650157,0.0678830067914108
2024-05-06,-0.8301092446892141,-0.4897058010324918,0.7707351600881107,0.03022213506644598,-0.4896244487583689,-0.02512431172377474,-1.3823549654564202,-1.2881927569866356,-0.36755247342095604,1.7716669143892292,0.4468500825475515,1.7852921594042952,0.06789755057222893
2024-05-07,-0.778411559733404,-0.527390599602397,0.8171917517017776,0.01678828634066774,-0.604755703366615,-0.062413069276395755,-1.3177445638273062,-1.3224586271352485,-0.40774234228218426,1.6695191680053132,0.6496788751359789,1.7920719475305869,0.07566643650922658
2024-05-08,-0.6959990280961412,-0.5520912971271941,0.8685836487958284,0.013490220211689018,-0.6899031473423841,-0.09216591993324985,-1.2803192217759298,-1.3681582763610456,-0.4374051780687765,1.5576918619553632,0.8110221206841408,1.7827903191027,0.08246389795499913
2024-05-09,-0.6173840905216881,-0.5736957719751508,0.8958621257333289,0.003191635024604104,-0.7579093814555582,-0.10324931189049633,-1.2621920463827254,-1.3796525847962726,-0.45083023951216955,1.435874456180478,0.935165796070137,1.8058800580022711,0.06893935552324129
2024-05-10,-0.5308097209760326,-0.5918246809764124,0.9332263083096378,-0.005925186245118413,-0.8336079143283307,-0.14431972022115863,-1.2356248906734404,-1.3879655342381476,-0.46553238773788047,1.3187199045740108,1.0360542211567054,1.8138781900084926,0.0937314113476748
2024-05-13,-0.4603860592168998,-0.5912575079945851,0.9662247442692217,-0.010850721046576315,-0.8932316091341781,-0.1862057787133115,-1.2029226728249989,-1.4002480961439294,-0.48491780880104457,1.1900300570968234,1.1617259309602574,1.803258431771388,0.10878108977783262
2024-05-14,-0.40870420905354937,-0.6017347546964337,0.9821238912933378,-0.02898384524034003,-0.959326809543865,-0.22043807723919248,-1.1668372854340425,-1.4060166866221908,-0.5005579009454761,1.0852024735826808,1.2538184247018394,1.777742373677858,0.1937124055193745
2024-05-15,-0.36625469960222734,-0.6233951605272574,0.9788442212119554,-0.06803414642648271,-1.0290389399340567,-0.25518054187486283,-1.0986235431964502,-1.4058624732931617,-0.5064546701536298,0.9551928214584015,1.3367786476213566,1.7771263142029374,0.30490217051347884
2024-05-16,-0.3202638924330557,-0.6484173258544884,0.9617210242839337,-0.12202931457209652,-1.0897543665807026,-0.2929075952689139,-1.0274996980401758,-1.3957305047015596,-0.5133103492468263,0.8172183002313664,1.4066683252911594,1.7740411055511485,0.4502642913402121
2024-05-17,-0.2761648938366717,-0.6829671565166016,0.9472327602769808,-0.17893952826229678,-1.1597313709177142,-0.3110453837084468,-0.9461399260624718,-1.384186590324554,-0.5105372727506022,0.7292317186716584,1.4562185111684975,1.7406780479573702,0.5763510843048516
2024-05-20,-0.22844298950217481,-0.704014081843466,0.9358761015887052,-0.22146235350067806,-1.2475746443077076,-0.3443374430796108,-0.8321776745281185,-1.3738803346855386,-0.5027293962402539,0.6602923623184552,1.4824923810310582,1.7185899138541179,0.6573681588952122
2024-05-21,-0.19447967801433644,-0.7293875884509775,0.9034535357901028,-0.27462682978642666,-1.3203130704406651,-0.32100512820883104,-0.7419040500736039,-1.369623617455553,-0.481404095559269,0.6166510412717356,1.4743462731206884,1.7229420076914645,0.7153512001156732
2024-05-22,-0.1614005333860742,-0.7492216295600292,0.8559442486540706,-0.33596206889149804,-1.3884976031259273,-0.32995006851800324,-0.5934670399502425,-1.3875003015356309,-0.47622977975220665,0.5453344853571462,1.4517834623940569,1.6850731591165042,0.8840936691978332
2024-05-23,-0.12558651368599758,-0.7610110728753458,0.8057928226821129,-0.38538069882784376,-1.4498957361115155,-0.32383184542509874,-0.4656133615347506,-1.405290554222958,-0.4625817166417203,0.4679065500550867,1.376569010928152,1.6448153101659444,1.0841078054939328
2024-05-24,-0.10117721897838106,-0.7679779534814831,0.7586024683229752,-0.413523806684657,-1.496697367987524,-0.23512951908905588,-0.4281179198803631,-1.4254302051964787,-0.44294919358986456,0.4117025886812619,1.3202375580437213,1.5786629600157087,1.24179760982414
2024-05-28,-0.08905931804876899,-0.7708438910547744,0.7086837162266392,-0.444764713763659,-1.4711070476102843,-0.1743392978358773,-0.4142106315341338,-1.4530634834999596,-0.4515471474955292,0.3668023994786314,1.292654418338491,1.4928576204572068,1.4079373763420198
2024-05-29,-0.05530054159484336,-0.7732733722390771,0.6187962968744695,-0.4810395868696108,-1.4377977469683378,-0.10261835263711604,-0.38380128041513484,-1.487019696297672,-0.4719427997839452,0.34202307902063467,1.272549591634139,1.408404280521314,1.5510201287551806
2024-05-30,-0.021550248174461443,-0.7569515311451605,0.5738743990558679,-0.5075256531035601,-1.38811735682317,-0.013965450208447434,-0.4394306757921457,-1.5251753051039196,-0.48270602970910065,0.33237289977863393,1.2491216397226945,1.333212441689273,1.6468408698134966
2024-05-31,0.010343586144157993,-0.7477074854542302,0.5216000894990804,-0.5286620375500858,-1.3552788978127674,0.04977003092367763,-0.4605157959291797,-1.529829237959711,-0.4961314060774213,0.29709383685137547,1.229031840621108,1.2584380873638796,1.7518473893801159
2024-06-03,0.04079801550418303,-0.748343280016887,0.45616391087036523,-0.5730921923460347,-1.329255214539017,0.13525458671411916,-0.4724475616051018,-1.5394669909171688,-0.4777428438569162,0.2792833225733193,1.2091650250878088,1.1969052756947378,1.8227779468365937
2024-06-04,0.06897043471626146,-0.7441433200489578,0.3920250855487078,-0.6221855966066462,-1.289237616015896,0.2460470839296263,-0.49579410464600965,-1.5689574078720177,-0.4463898500938893,0.27474564336539425,1.182297017947139,1.1204329614901472,1.8821896682861408
2024-06-05,0.07783493437164674,-0.7392892119436364,0.35639069541038676,-0.6583910416353975,-1.2539460667019067,0.3705119711904678,-0.5162409946119698,-1.5968769584207958,-0.42092052281889475,0.27650949173699996,1.1144400831008467,1.0505070448535585,1.9394705754686963
2024-06-06,0.09666826769808784,-0.7307954064037592,0.3191460805560953,-0.6938712919483279,-1.2080701783812884,0.5038433148773941,-0.5508402707523159,-1.6291893182157102,-0.3784898786664853,0.2751194715141462,1.0293400151492618,0.9727547724567909,1.9943844221161124
2024-06-07,0.09350053173744138,-0.7382417672528814,0.26400751466479544,-0.7431162991270878,-1.1933940212060044,0.6426736853917375,-0.5721559262436788,-1.5652832349381907,-0.3482838116736298,0.2594477465944649,0.9405694533006089,0.8658339238395437,2.094442204912881
2024-06-10,0.10413390056971938,-0.7404147923125126,0.21771823907648005,-0.7841904959732724,-1.1768712654806002,0.7737247064862702,-0.5779719058179236,-1.5061090219725068,-0.3367462745293412,0.24942192172580066,0.875180510054836,0.7300279900662706,2.1720964881067792
2024-06-11,0.09518416373756422,-0.740404750055873,0.16765127282384465,-0.826488251746771,-1.1599158409431694,0.9039714995595076,-0.5789442320425565,-1.435386801073548,-0.308075996029309,0.2491000121346574,0.7992369934658365,0.5918854275683757,2.2421865026014407
2024-06-12,0.11563219491764277,-0.7409334114899898,0.11806427165653172,-0.8634420410127555,-1.1381523350289275,1.0222644119764281,-0.5828643193913905,-1.344845246628013,-0.2965649832491817,0.2240914684090324,0.7110400148625247,0.46769410045679916,2.3080158745212986
2024-06-13,0.1275975855773567,-0.7329066136062784,0.06529179913934076,-0.8970712510516002,-1.1055583724224387,1.1372240846733235,-0.5969184491937648,-1.2630863459595132,-0.2870762218110434,0.1956431732692347,0.6665202881749267,0.34856934202243944,2.3417709811880174
2024-06-14,0.15247010876620004,-0.7189324084256382,0.018013526197883902,-0.9338985621421962,-1.0838201738741062,1.2748066503762194,-0.6233566205261953,-1.2135335849274411,-0.2295629083342614,0.1733151479848461,0.6175842475203112,0.24237855792135185,2.324536019463027
2024-06-17,0.1830491319442946,-0.7054560285266798,-0.01787865531009459,-0.9583340799226064,-1.0653420266417437,1.4213599928813474,-0.6301694190903109,-1.1612786773375723,-0.16999507634004601,0.15087616692404224,0.563437149864294,0.09380497961353496,2.2959265419415384
2024-06-18,0.20236171652283727,-0.7015145569044656,-0.07143947105915137,-0.9918645480063008,-1.0454507413355678,1.5402632269235101,-0.6218969013563008,-1.091959998627044,-0.08932537449825897,0.13031088582514405,0.48884762465557896,-0.021898712704692944,2.2735668505647117
2024-06-20,0.21038804972332406,-0.6978146708438483,-0.14503375257776296,-1.0297842354012607,-1.0298309081065635,1.6731673848375668,-0.6361137219487814,-1.0111159700960501,-0.016656503993633283,0.13675003208713649,0.4518069343477242,-0.11138070251495619,2.205618064487105
2024-06-21,0.21880261851935112,-0.6951022825324047,-0.20572943516109743,-1.048547333207034,-1.0000544989901066,1.79226294664229,-0.6366379941217714,-0.9206197257233203,0.041931337778899624,0.10627282871734703,0.4299878903280191,-0.2299379621901237,2.147371609939951
2024-06-24,0.23079136510257667,-0.6893771459916749,-0.2502892325668911,-1.0647044401310328,-0.973913971182816,1.954184004799992,-0.6802738369575363,-0.8553910150412076,0.11683236122098618,0.11553838180270354,0.419029078243833,-0.3239105247821037,2.001484975483173
2024-06-25,0.2624025307766454,-0.6892812984579414,-0.28266316413034964,-1.0951742079069953,-0.9499180983731075,2.130462671448501,-0.7041219318121534,-0.7831825862699885,0.18901329821120166,0.1401123707794065,0.42763594424997,-0.4340601685849923,1.7887746400698055
2024-06-26,0.291788986286987,-0.6948013726660027,-0.30738378176893144,-1.1243949930260326,-0.9225359944052434,2.251600364263602,-0.6983291924322084,-0.690270992831933,0.24080558228085502,0.1694747693395429,0.43507106370807863,-0.5623139639638167,1.6112895252151038
2024-06-27,0.3393667046232335,-0.687503442403347,-0.32057232194096447,-1.11856260543923,-0.896494530409883,2.376820503386354,-0.6646339084676879,-0.5891373535480554,0.3074236657656428,0.20925134896744957,0.38246600987658486,-0.7446198874306793,1.4061958170205817
2024-06-28,0.4083829080730512,-0.6784416744938183,-0.3320499197601731,-1.1071162207304257,-0.8665973034931751,2.4622964749814193,-0.6096793409239755,-0.45894721764199553,0.3814141868645894,0.2010920004308606,0.3222145214921637,-0.9365793855143891,1.2140109707158664
2024-07-01,0.4623600267555312,-0.6653429594709035,-0.34758724283487946,-1.0920878727062897,-0.8352910664613413,2.5108884954562662,-0.5453149918677667,-0.325985201425476,0.4761198489875191,0.19079296051111874,0.252488537825885,-1.1115094910389942,1.0304689562693292
2024-07-02,0.5128627087118002,-0.6160983881113382,-0.3452202011085879,-1.056683325266006,-0.7931900466869303,2.5703670914300596,-0.463336098156255,-0.21552928605171698,0.5931153933239451,0.21575043685475162,0.17310933134202702,-1.2952615031894095,0.7201138869076599
2024-07-03,0.5522903293047429,-0.5736576556805112,-0.3496962175740127,-1.0045138434861354,-0.7475961746151627,2.597780847607576,-0.3327580109865344,-0.11402737889070873,0.7220383394219888,0.2366828052072299,0.07656420626934393,-1.4412630741482377,0.37815582757041916
2024-07-05,0.5651044036193521,-0.5405587700816068,-0.3717377166913875,-0.9759001661636016,-0.726723832274777,2.5659935204232314,-0.15886090211483667,-0.01537700419289928,0.864213020229705,0.24625336099084522,-0.0075044390253507145,-1.531316714044891,0.08641523932621772
2024-07-08,0.5809242937058972,-0.5134964281927582,-0.3976704979692469,-0.9566554126923256,-0.6757992173747249,2.492816093815327,0.034686598898339006,0.07710600630752841,0.9740162466619134,0.2260569633479348,-0.0705899946019151,-1.6184387436128034,-0.15295590829316785
2024-07-09,0.610874906511831,-0.4722779851097007,-0.40816316712800466,-0.9096399430817881,-0.6305312391191347,2.3860161008868377,0.23988288753343215,0.17558620938974587,1.0667783769780714,0.1723280413306421,-0.1267104826908272,-1.697535867986481,-0.4066078375146272
2024-07-10,0.632100527821245,-0.44929914459451403,-0.4288946594185941,-0.8842999221449128,-0.593794276803775,2.278836217604756,0.45549240362459786,0.22285121473399364,1.1413979811726407,0.13242257595907667,-0.16587404759860197,-1.6910380615973195,-0.6499008087585915
2024-07-11,0.6353084256792737,-0.4282358726113361,-0.44056449879701726,-0.8635273262102844,-0.5640000137369389,2.1547622418516377,0.6547013975219229,0.2902202039085876,1.1898221468381764,0.09259895506199013,-0.2010201493473938,-1.6838471036475127,-0.8362184065111045
2024-07-12,0.6624585460174384,-0.4023450881613989,-0.44366812792752436,-0.8376202121873728,-0.5435531705464477,2.0192929910005395,0.815269651361665,0.3653739117310967,1.2241613684928525,0.030521539508899027,-0.22752948717794375,-1.6734552330528631,-0.9889066890589381
2024-07-15,0.6398486182053449,-0.3866639150089931,-0.4516474571840493,-0.8092398141182467,-0.545598807165491,1.8979401746902236,0.9940899511256533,0.4194020978975199,1.2431496295730362,-0.00946142718641628,-0.25469652428863954,-1.6531325568849324,-1.0839899696550055
2024-07-16,0.6269787860096225,-0.36706053165624275,-0.4391824044900649,-0.7653026845407704,-0.5349230037653439,1.7585008236209725,1.158071909673018,0.5043232088670688,1.2573380779454513,-0.0812880995583788,-0.31466306618769546,-1.6308639167167167,-1.17192909920092
2024-07-17,0.6301541136880837,-0.34705076298939064,-0.41584966097035625,-0.7056819143096275,-0.5197074448127683,1.618113889937157,1.3171401930883275,0.6150727264371327,1.1934423555721982,-0.1638329277776953,-0.3397943193576192,-1.6536018638571965,-1.2284043846482462
2024-07-18,0.6442523863542707,-0.3209269924489946,-0.3950692251307594,-0.6493519301479825,-0.5213454468943329,1.4664950635754366,1.491087058895825,0.7265675900619337,1.09132669167043,-0.24761382039242202,-0.3746642468656906,-1.6807935136916052,-1.2299636149861084
2024-07-19,0.6490067473504265,-0.29509030773167677,-0.3689291110827768,-0.5952001832744985,-0.501217757443515,1.3518900320617213,1.6468907616501143,0.8114955499849523,0.9697448288517646,-0.3730437929225723,-0.3924220700678074,-1.6797197587441066,-1.2234049386320291
2024-07-22,0.6738838720447805,-0.2578558555703738,-0.3161071263731008,-0.523100349336832,-0.4476717344044951,1.204699592682172,1.7842877991518227,0.8773757979087125,0.8592809901679561,-0.5354575973842715,-0.4324074408836561,-1.6898574809194666,-1.1970704670832484
2024-07-23,0.6882565484696986,-0.22784862415357926,-0.27157919929735586,-0.4810406782151252,-0.40758408428725446,1.0666026022219248,1.9145209408056896,0.9130326453324454,0.7622149153915663,-0.6528629123892425,-0.46195164986589543,-1.6533080083069687,-1.188452495705905
2024-07-24,0.6923652634480947,-0.22540253672219998,-0.26183737424243664,-0.4620042984186134,-0.3801035041288295,0.9470404565834716,1.994094488546423,0.9909702399723928,0.6976454201823705,-0.7616758191233078,-0.4937206650834202,-1.6244171364649722,-1.1129545345489715
2024-07-25,0.6987190086866363,-0.21317348911400594,-0.2523477900024159,-0.42103598417272614,-0.35884788556473396,0.878225559244301,2.023281446552641,1.0393650716888012,0.6498954328105434,-0.8508627945935928,-0.5187802928736037,-1.6197292971547477,-1.0547089855070968
2024-07-26,0.7134916839231736,-0.199069180938865,-0.2565860202659,-0.3716868939602331,-0.3452297463803504,0.7600852255185865,2.069298610870982,1.0826608222203973,0.616923453552961,-0.936557400929239,-0.5462154007723203,-1.6046694828368138,-0.9824456700023777
2024-07-29,0.7148806517889196,-0.19466393009348096,-0.27413029158210533,-0.3586733577937499,-0.35975666468618234,0.6556717934035505,2.1027053022553517,1.1500544431532893,0.5919285504063191,-1.0336869332473013,-0.5401660984768976,-1.5601025948112641,-0.8940608703164488
2024-07-30,0.707283390351606,-0.1928513665426325,-0.27656558202670845,-0.3592499347818227,-0.3885894146139555,0.5694569794158287,2.1479946212674244,1.1845984820291537,0.5681070178860536,-1.0816186829349241,-0.5227995550815809,-1.5123912188213606,-0.8433747361470817
2024-07-31,0.7160418275186057,-0.1868309720995048,-0.2709041464040313,-0.3438008678347465,-0.40089292448523123,0.4595950164443837,2.1994215106193358,1.2032343618939534,0.516521371523801,-1.139982826355511,-0.5016216350213448,-1.4808008368740826,-0.7699798789256286
2024-08-01,0.7086451698841799,-0.2191416101636317,-0.2831455482867599,-0.35195609964286584,-0.41942909150482954,0.3919728242101769,2.235956878166975,1.2139517261536763,0.490437662414654,-1.1997772755956866,-0.4494267393538221,-1.4577179340904938,-0.6603699621915716
2024-08-02,0.7152196188982529,-0.2308762361629261,-0.2823315618078047,-0.3507956581244565,-0.3993685559667445,0.32852585850396804,2.2201274798671498,1.2536165060306186,0.4414960293838987,-1.288887360061834,-0.39957837419791115,-1.4695729159017172,-0.5375748304604938
2024-08-05,0.7541436228190649,-0.21957317966271023,-0.25759071620397284,-0.3392505163965089,-0.3539531852870043,0.261697183612585,2.159628452012567,1.3013983244020961,0.38157187259957936,-1.3915590145507413,-0.34830619345234204,-1.4980808232815297,-0.45012582661108186
2024-08-06,0.7919163440351514,-0.21131771996010587,-0.25238592482861166,-0.335667812914855,-0.3400216742698444,0.20899071897545438,2.099227526342625,1.336216983011397,0.35449865584926177,-1.46554193839885,-0.2851832820147831,-1.5156601491569108,-0.3850717266699291
2024-08-07,0.8071745187726662,-0.20155611820464234,-0.2511862835681184,-0.333008984215391,-0.296388371987346,0.1531919799902994,2.0243813291615202,1.4061636946837155,0.30808648385872134,-1.537946246368269,-0.21295522650545481,-1.5248743803459726,-0.34108239527172735
2024-08-08,0.8464776884631768,-0.17135047559089592,-0.23132473531143144,-0.31639668184735653,-0.24376388520122855,0.06991272496034949,1.9181220120403963,1.466346655771905,0.26004931918159907,-1.6207913791416169,-0.11850412656412432,-1.5501395548252943,-0.3086375619354791
2024-08-09,0.8687370136590783,-0.1499448198309483,-0.2175201476659953,-0.29768361009162947,-0.1786064944430485,-0.017202802476338125,1.798212823870547,1.5360768662440507,0.23049471162448867,-1.7070518660576488,-0.028403207215799503,-1.553432136227949,-0.2836763313888079
2024-08-12,0.8777181675394773,-0.1327978441118509,-0.20311105225309123,-0.2821772593867749,-0.10065874722300248,-0.0915212364352462,1.7015270314594746,1.5879665629302444,0.19181417341334114,-1.7664112816366893,0.05353624878107515,-1.5545949662449412,-0.2812897968320164
2024-08-13,0.8917816402305567,-0.10622817966483623,-0.1868943793869487,-0.26301396390680176,0.00021028443697171728,-0.15014040790929656,1.5913296779366464,1.6292665428113358,0.16926869518630916,-1.8380477289890604,0.12103445859027419,-1.5338897065923194,-0.32467693274283044
2024-08-14,0.8946318247863452,-0.08678828074150581,-0.18464398426544354,-0.2441352172668101,0.09946471360085864,-0.18791876815434305,1.4846746105570716,1.6669636476801637,0.15134080469084396,-1.9009577138761133,0.18856316518513372,-1.5012335639945684,-0.379961238201633
2024-08-15,0.8953954415888417,-0.062113520205659745,-0.18739757981412847,-0.2329008384154168,0.20233309892085363,-0.2101095583660308,1.356811656442906,1.7195360918759617,0.1478777476861131,-1.9436149170888637,0.2473971005812697,-1.4630193004192105,-0.4701954227866364
2024-08-16,0.8809571806171742,-0.06932878334494172,-0.22553826095875715,-0.23693868065893472,0.3107615218504624,-0.2096331108823233,1.2375644116827473,1.7536825381781167,0.1884521100563418,-1.9766313582946786,0.34162108323245494,-1.3945819136677668,-0.6003867378098956
2024-08-19,0.8804918863067025,-0.07293281913309842,-0.24115131628045766,-0.2258235143150797,0.3881384113329459,-0.217183802257197,1.1134176338883863,1.7811917289247263,0.20536882932687278,-1.9782611475027694,0.43942417505407694,-1.3551763041991844,-0.7175037611459233
2024-08-20,0.8617574314903221,-0.07989985768473093,-0.254820199239202,-0.21856386629937205,0.45086546066144567,-0.19853216722814856,1.0213552559835901,1.7949862079445618,0.22667827612782881,-1.9623780582220594,0.5135597526530445,-1.344304943542729,-0.8107032926445512
2024-08-21,0.860176212162407,-0.07532271591540048,-0.26684016589933884,-0.194080639725034,0.5084545015001094,-0.20414506524080073,0.8965648433182882,1.8192089079908598,0.24310649524354938,-1.9316678484609913,0.5812475459044134,-1.3445074142300504,-0.892194656648011
2024-08-22,0.8542440229864489,-0.0706388302594931,-0.27875376437553256,-0.17896181118613325,0.5684898687420562,-0.1953923731785828,0.8060452647905324,1.8272150499688011,0.24550463395028252,-1.8858540214049284,0.6368664555850767,-1.3539538175871346,-0.9748106780313919
2024-08-23,0.8258579287310175,-0.08498935239547202,-0.2973381984451379,-0.18874207489181877,0.6258305979160472,-0.19384111623530653,0.7442527553529985,1.8409454865641808,0.25443657623816673,-1.868004800512556,0.6880454544849739,-1.3035402036098136,-1.0429130531972794
2024-08-26,0.7938229990380351,-0.09558661672919973,-0.30706709897114093,-0.20766102531658623,0.6791882248783778,-0.1571830662674203,0.6753440747151298,1.8436868505186086,0.2730571106851476,-1.8611156764087904,0.730960404320743,-1.2429066562886535,-1.1245395241742504
2024-08-27,0.7790608739371181,-0.10719532694443949,-0.3018548238547638,-0.22922613791334853,0.7290661379700762,-0.12055670977447926,0.6137327136657479,1.8382555827730898,0.2767467856589848,-1.8705083222456678,0.7549020411651836,-1.1711730168423065,-1.1912497975951948
2024-08-28,0.765947770839717,-0.12363610889944206,-0.31233950182233333,-0.2612007821434418,0.7782325084234099,-0.0590666045480625,0.5024498738825286,1.8406629585510308,0.29065916440021844,-1.8810935358762206,0.7929778636571457,-1.1036045752165935,-1.2299890312479569
2024-08-29,0.7355418920354517,-0.15038873581005216,-0.343216615131326,-0.3058794504050476,0.8134214244354236,0.025134944052812462,0.4008774335085262,1.8385700107349543,0.3083310560122749,-1.8869212067766277,0.8492563364807586,-1.0102500550030202,-1.2744770341341287
2024-08-30,0.7280570146755623,-0.14380083630856927,-0.3542041888060711,-0.337699209381205,0.855412915295517,0.027832745878750346,0.3014100465809186,1.8586411464221897,0.2741456563676788,-1.8967357958576123,0.8857626573762286,-0.9304367278761971,-1.2683854243671902
2024-09-03,0.7043939056265106,-0.16326007499173933,-0.3911984412619894,-0.3797553376683063,0.8431797216671616,0.04716180821939474,0.23666675681244628,1.8850396300025296,0.2795863500659423,-1.9025473025463446,0.9371011683588395,-0.8432816157028036,-1.2530865685816412
2024-09-04,0.6607351833793196,-0.1834468802869278,-0.43281585649529125,-0.3716744085781826,0.8354646922527589,0.03944940890395311,0.18667105571228976,1.9212413112181537,0.26431333862379114,-1.8906436788626853,0.9906987532512772,-0.7726483150960082,-1.2473446040224476
2024-09-05,0.6215093725592072,-0.2053109129270296,-0.4702300929735277,-0.36725364205011984,0.8201829303500665,0.04197043643264878,0.1576397014172521,1.9545076170942366,0.2376224703631233,-1.8850645533374126,1.036498045288011,-0.7199495659671464,-1.2221218062493096
2024-09-06,0.6030416721265094,-0.23376831579841015,-0.5072694194744314,-0.35758060646457807,0.805521756811241,0.039326882598338365,0.1485619967220108,1.9592137914344685,0.21473883169118962,-1.8881469855689823,1.0889166202362939,-0.6761617026765219,-1.1963945216371281
2024-09-09,0.5762686845179136,-0.2590267886003076,-0.5529846557750789,-0.3532940574542718,0.7861195859604442,0.05539319522002769,0.1359884104467998,1.979141909034889,0.18376079258253644,-1.8792168646636886,1.1335645255299436,-0.6448191833562084,-1.160895553442998
2024-09-10,0.5581950248941451,-0.26636940865952563,-0.5977468408064679,-0.32926827279443927,0.7582447962876023,0.07078155960560589,0.13115528046373456,1.9987687276612764,0.14228063622871484,-1.8713356342253313,1.1613003026205186,-0.60690774116485,-1.1490984301109837
2024-09-11,0.5262140016792227,-0.26754741872662857,-0.6491695233140484,-0.2949004369508727,0.7248083153546669,0.09647225844645514,0.14051233712839617,2.004025860062251,0.11637062949488011,-1.8613661035109181,1.1904362945275921,-0.5563679922343039,-1.1694882219566924
2024-09-12,0.49011406239959615,-0.27470460812969566,-0.7025356025388678,-0.26324476297308647,0.6823456621969418,0.11247402286577537,0.1405984535833215,2.0092112850836092,0.10292475416628583,-1.855468473122757,1.229066031898011,-0.4986314259019746,-1.1721493995271592
2024-09-13,0.4573638188323781,-0.2723573278994954,-0.7379320028652553,-0.22613409585345806,0.6432734704054633,0.11477103483846422,0.12841013722070152,1.990932587611841,0.09041486873534738,-1.85115991951879,1.2882415394949676,-0.42723181688266065,-1.198592294119504
2024-09-16,0.42025736165402167,-0.27520851981038147,-0.7591376595254867,-0.1983390530820976,0.6002175592267331,0.1100186567921905,0.13900088898517288,1.9625297995829034,0.10251248488340799,-1.8503365601027406,1.3510057334674523,-0.38574921589216726,-1.216771476179008
2024-09-17,0.38016104535819584,-0.25355104019676,-0.741721690576571,-0.17359559563425797,0.5694795655872639,0.09842230886068508,0.12193319412710328,1.9396161179626525,0.10081704827718536,-1.855429997727415,1.4030702733619285,-0.33866223198080464,-1.2505389974192065
2024-09-18,0.3329317092513837,-0.2310764744404663,-0.7372752291366249,-0.1517319161182638,0.5473458511557957,0.06152779987919985,0.10165436742371163,1.9031895444587856,0.10019093650822365,-1.8594957293443681,1.4770399031961134,-0.2764268149541612,-1.2678739478793297
2024-09-19,0.29876754820835844,-0.21184253188706142,-0.7394001478834785,-0.12991004403137976,0.5267175607856516,0.002059058351645492,0.06469471177881671,1.8646060655512013,0.09198019135132304,-1.8506400930801299,1.5558070141816307,-0.18623685358349779,-1.2866024797430804
2024-09-20,0.2586059134561162,-0.20507460321972856,-0.7480556635724884,-0.11405991137711438,0.5111374561170886,-0.04797862104923119,0.04798233443678599,1.8117202922400235,0.08342471994221887,-1.8536006240707381,1.629782514944046,-0.08382088853960044,-1.2900629193073785
2024-09-23,0.22120041495355205,-0.19538501847946357,-0.7407318748682458,-0.09186320724026326,0.4889717963811859,-0.11344087298154218,0.020039523242521666,1.7534861607812597,0.07972064025173782,-1.8582644661242491,1.705086672514781,0.020158826507272024,-1.2889785949385464
2024-09-24,0.17089981244249028,-0.1933097052162018,-0.7484335131471443,-0.07255701778780418,0.45902059093128106,-0.18226898540390102,0.033429588414343424,1.706950197571234,0.06953867141661735,-1.846790917730479,1.770194409742097,0.11654388872894061,-1.2832170199614736
2024-09-25,0.12117534180324521,-0.19097080006883665,-0.7474328770077675,-0.05217440511606354,0.43944367415292857,-0.24321247438259508,0.034786688765879724,1.6468616684844317,0.05063695728407433,-1.8065772060345273,1.8440682341735826,0.21120339077192146,-1.3078081928262733
2024-09-26,0.06352172147163729,-0.19136089042091348,-0.7595708032010323,-0.03397787882968689,0.42133211775652046,-0.2873630820821684,0.05633780912470667,1.5917243903127343,0.04977600109995299,-1.7425249508037484,1.8974934152631207,0.2972178688958718,-1.3626057185869944
2024-09-27,0.005625089493069611,-0.19832790806136394,-0.7728113531779215,-0.011301925764700448,0.4088814294821024,-0.3477758726941802,0.07978777539897404,1.5590060100126006,0.044667753693862444,-1.6558786628668516,1.9400940249469805,0.362009099295481,-1.413975459758053
2024-09-30,-0.051918863188334385,-0.209462185690556,-0.7842755942459649,0.003740293147034741,0.3910074847052352,-0.40622966745427613,0.11930335429385683,1.5341427764438285,0.0378064105798503,-1.57098699915787,1.977924492246664,0.4092812706449563,-1.450332772324425
2024-10-01,-0.10174161802771901,-0.21624901450571626,-0.7828977526998662,0.015087893680064222,0.37423566415830517,-0.420888493267081,0.16736578171811198,1.499263986469505,0.039253161991036595,-1.4997068683276447,1.9876508851250396,0.4623012731183818,-1.5236748994324167
2024-10-02,-0.14074389420932992,-0.21986418220971451,-0.766425630254419,0.02253724895630456,0.37496699307048076,-0.4448862663341697,0.22190898390640676,1.4637821148663244,0.025799060021831313,-1.4297467788820242,1.9893988600981534,0.5027207632807305,-1.5994472723105744
2024-10-03,-0.19563022671139388,-0.25071083569542474,-0.7709247578401561,0.00020690110821289966,0.3525826499059103,-0.4363753061027659,0.24983116945013248,1.4347547367909288,0.030157216814970574,-1.3576586539561966,1.990736096234091,0.5975918737626772,-1.644560863760986
2024-10-04,-0.2440832861877846,-0.27913444558876427,-0.7672888051467122,-0.017824949694696793,0.34472991126283303,-0.4116748190630287,0.2444656617854467,1.4273897069544732,0.02752353508040632,-1.289541584418538,1.9724660133694953,0.6853071488232079,-1.692334087176338
2024-10-07,-0.29625493623075166,-0.3111698518755191,-0.7668881069616982,-0.04609132369469907,0.33045461180666724,-0.38572900729710985,0.22278960458472657,1.4256898194412266,0.039225222089613175,-1.2218140609987669,1.958061891543421,0.772250753816689,-1.7205246162237982
2024-10-08,-0.3685276550466148,-0.3599198766537739,-0.7756691505264828,-0.08129499371274602,0.31288183779383544,-0.3451896831486723,0.22704218775211593,1.4004585509742402,0.08342584417709988,-1.1592533567329397,1.9343863923443705,0.8747997904815338,-1.743139887701967
2024-10-09,-0.43188547420617657,-0.4074960641037568,-0.7767722210531746,-0.12318922001523273,0.30117564590536805,-0.30197806257917753,0.2276242062527824,1.3474279186033475,0.12967147503722146,-1.09568754784582,1.9262304875189673,0.969147211766832,-1.764268355281181
2024-10-10,-0.47855392012704434,-0.45542434615760125,-0.7746066904244342,-0.16574780020742683,0.28909800244688794,-0.2667667363038254,0.19114569201755133,1.3086546686202225,0.16766345584515957,-1.032133071788072,1.9193551163934874,1.0642874717736612,-1.7669718420885667
2024-10-11,-0.513190489531719,-0.49975130145918595,-0.7645811153811486,-0.20383480967576606,0.27708488699584394,-0.24637498354216933,0.16975940158156202,1.2927086503127414,0.18718341442903147,-0.9527899649315525,1.9122282691735066,1.1211452614911328,-1.7795872194622775
2024-10-14,-0.5466563136660697,-0.5476981223806974,-0.7634304438786382,-0.24320507579365463,0.26208376217027524,-0.23429698431008994,0.12377364716540734,1.2969086439526285,0.18568374936333853,-0.8577428170809954,1.9126517493750752,1.1785454824300923,-1.7666172773466715
2024-10-15,-0.570919482188916,-0.59768930857238,-0.7678283325976007,-0.2808059677157658,0.24898690818519323,-0.21277215481600067,0.08473364997462846,1.2924963938296545,0.17619615286740378,-0.780880507914566,1.9000893940002554,1.2527651365200878,-1.744371881571996
2024-10-16,-0.5790801445618377,-0.651070030794229,-0.7770148090239212,-0.3127776964223219,0.22762987892706943,-0.20533547227339788,0.05933322687161312,1.2940538911836197,0.16255880041578127,-0.7093244178622559,1.8927674476575351,1.3114598663691523,-1.7132005404868074
2024-10-17,-0.5909285888710565,-0.7096117720271078,-0.7888420899125164,-0.3545141257673329,0.20170022670543808,-0.17144495079968997,0.03528988770813703,1.285299805823044,0.16209475073214596,-0.6228405500290797,1.8655748105749967,1.3824233762085048,-1.6942007803454837
2024-10-18,-0.6093176253830194,-0.7611184706705713,-0.8035570817779532,-0.39390763372504545,0.17158651981147285,-0.12786302436625413,0.0015259710133469094,1.2685498140283749,0.16878548419274428,-0.5185993373435772,1.8267423590296779,1.4593035880719607,-1.6821305628811578
2024-10-21,-0.6319391311570526,-0.808246565709775,-0.8086553970153375,-0.42967398138864005,0.1359962017415535,-0.07900705424352263,-0.05074171139823526,1.2689655521973047,0.1684335328137586,-0.4116204757095544,1.7859573937611781,1.5230763797792535,-1.6625447436709315
2024-10-22,-0.6438946021195285,-0.8431753359556189,-0.8102600014068075,-0.4623226773439608,0.09871304730215325,-0.0017949354828480138,-0.09459821252742888,1.2579400150851365,0.16019298831246262,-0.3172823189257861,1.744755116604495,1.572756439613282,-1.6610295231555516
2024-10-23,-0.6428864877284757,-0.8614782760331936,-0.7996619869815054,-0.4910913743378004,0.07183476836342954,0.0797182298215779,-0.18002068517466596,1.2494690499540184,0.1484910307572521,-0.2320331249496408,1.7096485945023732,1.6108752827540138,-1.6628650209473839
2024-10-24,-0.6390212810828882,-0.8664988845860683,-0.7873583660246306,-0.5177845471456278,0.04360632321526703,0.13782791985590884,-0.2678155023458697,1.26750344572788,0.12729990265660573,-0.14952778513476314,1.6776096267010463,1.630298597556831,-1.6561394493936916
2024-10-25,-0.6429640707327987,-0.8828781624915919,-0.7828727124713822,-0.5444829776305005,0.006187050365780454,0.17679094342614196,-0.29587113717927765,1.2840654952088206,0.09028637389274892,-0.07563574953510041,1.6765964390520942,1.6240734132220576,-1.6332949051269927
2024-10-28,-0.6435913295551324,-0.8886064852990234,-0.7681579099496159,-0.5589207239072939,-0.0255625584601953,0.2152657472316191,-0.28746570564351237,1.3095851208364697,0.04673750292929757,-0.08268554378440936,1.6732685832403404,1.623733829867047,-1.6136005275055876
2024-10-29,-0.6387139179074427,-0.890684400748468,-0.7510079409803715,-0.5612273205629567,-0.05239129312598574,0.25155087301398166,-0.3136708617505193,1.3375508486990222,0.013579293047781042,-0.09069201116604624,1.6583586802925767,1.6322139283920938,-1.5948658772036632
2024-10-30,-0.6562636811637999,-0.9047125712728069,-0.7437385237895344,-0.5589301270568544,-0.08253689538548042,0.3003624329260031,-0.35203249111942464,1.3471509021525834,0.007134449358142234,-0.06599213103293564,1.6461113030584522,1.6338144633161742,-1.57036712999052
2024-10-31,-0.6674047755915351,-0.9079719578202556,-0.73210122158822,-0.5533060250775198,-0.10896547473431145,0.35313821607122586,-0.3993214266233661,1.357326354469032,-0.004179972892855401,-0.05402176993959915,1.6308941501161243,1.637200247629746,-1.5512863440184648
2024-11-01,-0.6596844073922294,-0.9089792075463903,-0.7029170186042278,-0.552404028374106,-0.12626060467168454,0.39949063213820096,-0.41840143531388924,1.3457980057067227,-0.021287950353432263,-0.04942247416170727,1.6499529802263415,1.611295073583163,-1.567179565236759
2024-11-04,-0.6610544804894004,-0.9106176817584349,-0.6795318494463269,-0.520333657166073,-0.15329937003560587,0.4333884067544097,-0.42002763664859855,1.3222794568911602,-0.03975194278048416,-0.05415688032664192,1.6800983739795723,1.5886159649077884,-1.5856087038813664
2024-11-05,-0.6632001037239151,-0.9067538611303165,-0.6605942885915345,-0.49985891956710043,-0.18455519545600346,0.47988359340024306,-0.44947673796136256,1.3151812674962005,-0.06538208541579986,-0.046998083921120815,1.6957077743387554,1.569987726232512,-1.5839410857005605
2024-11-06,-0.6657321805383694,-0.9078016643639039,-0.6428472672309508,-0.4708806725255589,-0.22190317166943305,0.4839517754625726,-0.4689010183080379,1.388561751823602,-0.1089429495207493,-0.06035896785994424,1.7112970606475897,1.5182648880661669,-1.5547075839829836
2024-11-07,-0.689119469442193,-0.9142660663016233,-0.6202512455503253,-0.4408477957145976,-0.27700555937759924,0.46748729618485096,-0.4379056413715602,1.4494765459667995,-0.16501095782511482,-0.051169941832606376,1.7299150460265877,1.4740796148057285,-1.5253818255683476
2024-11-08,-0.7174648674183408,-0.9244385708794848,-0.5803298510492465,-0.4167060155778241,-0.316058253887424,0.4594575396671442,-0.38686770695153955,1.4886253665698224,-0.2315550837128982,-0.032152263969380826,1.7449362875567827,1.4294174147925134,-1.5168639951401235
2024-11-11,-0.7623119548408479,-0.9550487244551626,-0.5664765858617956,-0.4182478132610225,-0.3655401494262104,0.4352187843395801,-0.3041583555298743,1.541667370722852,-0.3121907940688673,-0.054533156584436554,1.7706285943754956,1.4067098315501796,-1.4157170469598888
2024-11-12,-0.8120894081542251,-0.993970839958737,-0.5570429594728853,-0.4348722022990072,-0.4311925498805239,0.40439484076055854,-0.11149679753633356,1.6032686966546443,-0.38823966491352085,-0.10236170935211865,1.7889493054408723,1.3512325293424108,-1.3165792406311354
2024-11-13,-0.862884089375208,-1.0210858560399545,-0.5461337832548194,-0.4323418442634294,-0.4873280692597064,0.38066765293203836,0.04217437970278543,1.6772143445659,-0.4628118120956525,-0.16188235413883892,1.7755024527912069,1.3009953146635864,-1.2020863362279086
2024-11-14,-0.9213211427362737,-1.0453579850344827,-0.5527926661528224,-0.42079450898692594,-0.5483411299375159,0.3692776974671591,0.18916600318510954,1.7327768858455095,-0.5190248846034046,-0.213036951024322,1.7463099388803758,1.2576017217503688,-1.0744629786527777
2024-11-15,-0.9568998450045255,-1.0565609771808746,-0.5530383611534918,-0.4010338275294399,-0.5922843501933301,0.359109078373192,0.3132680747138671,1.8106838152652394,-0.5748270546219844,-0.28277484495104577,1.7055953035236513,1.1865894578055292,-0.9578264690467864
2024-11-18,-1.019926242405761,-1.0993695699010473,-0.5684015081515322,-0.42364852715971607,-0.6739975668339633,0.3148817242192631,0.4361727152247753,1.9249965026450004,-0.6807568998086627,-0.402626422472022,1.6541242669115226,1.0732077602563357,-0.534656232524191
2024-11-19,-1.0733348647344048,-1.1299803296090192,-0.5722171581045975,-0.44839543130658993,-0.747986324848846,0.25085635577874493,0.57752944997532,1.9533510964698724,-0.7723223365309216,-0.5079830444735609,1.574670570413416,0.9654564909284286,-0.06964447395784265
2024-11-20,-1.1062679365907377,-1.1352454871226099,-0.5683011526786987,-0.4635776967679431,-0.7976324353943222,0.16466864895784897,0.6934591897649388,1.9217735964494087,-0.8485657106277179,-0.5902709217582581,1.4480015130899646,0.8911643448031066,0.39079404787501926
2024-11-21,-1.1064840038315096,-1.1293274423706683,-0.558250801547103,-0.471190617438012,-0.825136863108726,0.08069813215924451,0.7729538095936818,1.8470022395495107,-0.9003483171249467,-0.6444627427563056,1.3184739053977692,0.7972665009836906,0.818806200493376
2024-11-22,-1.0917129974295785,-1.1193489001065868,-0.561941645931747,-0.47664967032870503,-0.8358120458229815,0.022782542636668367,0.8338938020907845,1.7454469636898688,-0.9218366347098385,-0.6677339479697134,1.166220409459828,0.7322988110024804,1.1743933134195208
2024-11-25,-1.0564461531438791,-1.0888271716260582,-0.554403610584226,-0.4744495823125773,-0.8352228138754946,-0.035147369812222544,0.8067759518167903,1.6573894195129093,-0.9216704715102735,-0.6875011220513567,1.0142573226708007,0.6677700549229074,1.5074755459926783
2024-11-26,-1.0119062697366545,-1.0536402572466341,-0.5404700591289785,-0.46063186481325324,-0.8255677962208665,-0.08983430476985838,0.7581056604049721,1.5766730480837026,-0.9123180804553946,-0.694725694125774,0.8805106649465597,0.5937744339305236,1.7800305191316534
2024-11-27,-0.9714470950212134,-1.0123866977768297,-0.5288185776172138,-0.44006658554383643,-0.8140055429177094,-0.1339904838148189,0.7230018482562967,1.5053181280273171,-0.9011138226003557,-0.7035652749459066,0.7789094763977548,0.5229074821467671,1.9752571454097483
2024-11-29,-0.9166808788400567,-0.9652964962047281,-0.5132115712548526,-0.4169213176901877,-0.7997901982233968,-0.1775029278936184,0.6913444091845748,1.4371612667861973,-0.8997880064957909,-0.7114539023871621,0.6771741169901953,0.45047177197389804,2.1444937340549286
2024-12-02,-0.8654412233225987,-0.927617939357871,-0.5150194592728004,-0.39926510892578887,-0.7879526495998833,-0.20870075039045513,0.6719734984141013,1.3821581699718803,-0.8891687358497106,-0.7074253373107479,0.5864101971178202,0.3901672341585734,2.269882104367481
2024-12-03,-0.8271104619348466,-0.8831174495191244,-0.52066281422575,-0.38018643522519696,-0.7684643391018944,-0.2373355919449161,0.6675532743959107,1.3415739443882118,-0.8785234230252549,-0.7072878786334753,0.4959429758717572,0.33110193154415263,2.366516267410427
2024-12-04,-0.7879056881061454,-0.8481050955848286,-0.5273084166671497,-0.38213858329387856,-0.743684415983487,-0.26816202440123427,0.6657823448214478,1.323183984239007,-0.8656221221688021,-0.7046500250893714,0.4176795579028148,0.28930744286311544,2.4316230414685127
2024-12-05,-0.7581907764637167,-0.8203287386907758,-0.5314620439771017,-0.3783939156764065,-0.7245528384753852,-0.2939356595597047,0.6801678073154336,1.3061159099601227,-0.8592982873027141,-0.7087459197314344,0.36010030739122445,0.25660169332057214,2.471922461889885
2024-12-06,-0.7244102142859326,-0.7875898450652666,-0.5308645576818601,-0.3692213247129037,-0.7085241132914755,-0.31631328519284896,0.7044148095345049,1.2636846317030395,-0.8641316992439081,-0.7217888215890692,0.30871314332209077,0.23102602815747755,2.515005248346154
2024-12-09,-0.683158517544621,-0.7525535061994929,-0.5323330970249934,-0.35559459643526137,-0.6785368621847145,-0.3421250768336837,0.7060922278887305,1.2271615883406883,-0.8559875189456857,-0.7423618120872997,0.2473166615646265,0.1945217375581677,2.56755877190354
2024-12-10,-0.6412291125874152,-0.7138131892920047,-0.5331479772895951,-0.33949912757782025,-0.6569597654299226,-0.36979584565704887,0.7086160833683889,1.1841055590766232,-0.8450191334287059,-0.7551646383334525,0.1900904863968504,0.1519608957470188,2.619855765007084
2024-12-11,-0.60480748285286,-0.6813368994634285,-0.5211165060935956,-0.3195432587085195,-0.6380834475817141,-0.39173294284991744,0.7149810713808369,1.1553132339276477,-0.8460639521202018,-0.775747797347013,0.1415317548551781,0.11344667578084512,2.653159551072742
2024-12-12,-0.5766479860633991,-0.6536333770375887,-0.508657664128845,-0.2998301983138311,-0.6201466846373184,-0.4088820626281703,0.7074990407791546,1.126169046145177,-0.8354455420694137,-0.7936244673290686,0.0948795606833367,0.07985541777505918,2.6884649168249073
2024-12-13,-0.5495275946567233,-0.6298100424160902,-0.5022326224351933,-0.28735608995326734,-0.6053412761663057,-0.43619806011464923,0.7104025456616315,1.0954941422176345,-0.822231568931505,-0.8027030558912215,0.06489540727867268,0.04833935033571236,2.7162688650713047
2024-12-16,-0.5322020564370179,-0.6146676664924781,-0.4991364602929893,-0.28934710929638807,-0.5963174363668065,-0.4697176071131988,0.717178321580726,1.06987872148393,-0.7679276334885232,-0.8028948833806193,0.025872342218831414,0.014167957523813354,2.7451135100607216
2024-12-17,-0.5254600054231212,-0.6071203575844757,-0.492439197219772,-0.2917504330415326,-0.5932528619262273,-0.5159675626973408,0.7430018455268164,1.0394574853517722,-0.6945485658422845,-0.7981934997117052,-0.010259057884638136,-0.02058673360366158,2.76711894405617
2024-12-18,-0.5198420657426298,-0.6031280854670077,-0.48893504054694464,-0.2833983786283998,-0.5916180103835499,-0.56461962170916,0.8079607773494687,1.0225536796047836,-0.6381910796064895,-0.8053496811752813,-0.044205583776460056,-0.05146708674540574,2.7602401768270752
2024-12-19,-0.5125306379474841,-0.5995597026140126,-0.4899003966122998,-0.2738878974725482,-0.5881174124284252,-0.6052931715858948,0.8573766142351851,1.0362294957137599,-0.5895041817566584,-0.8186103836090584,-0.0705952024451981,-0.0863404013457441,2.7407332778683773
2024-12-20,-0.493913782670127,-0.5878799284389322,-0.4846289492930131,-0.25474490130200883,-0.5776708904387515,-0.6515076684577555,0.9067687043865513,1.0594701123623294,-0.5312438528598912,-0.8527413515029241,-0.09289647730905178,-0.15311354093919946,2.714102526462772
2024-12-23,-0.47737961797181727,-0.579818681268471,-0.47857815400997933,-0.23480233439021833,-0.5770664665681288,-0.69733309520853,0.9527869950615347,1.103949944903061,-0.4680629991837083,-0.8876272731983736,-0.11631415923073891,-0.2119351902829604,2.6721810313483303
2024-12-24,-0.4605619675691532,-0.5734352026903069,-0.4559168039218632,-0.21046290948409807,-0.5721332704058953,-0.7377168474850339,1.000809581678091,1.1422435800453148,-0.39089966053656167,-0.9378976902553335,-0.13928700218496037,-0.29018197303470644,2.6254401658445063
2024-12-26,-0.44605156641078864,-0.5713371878362971,-0.42911239240718674,-0.18139242244589762,-0.565451902296182,-0.7723465039760867,1.0649770796055904,1.1800461380146536,-0.3047924810875578,-0.9970835094944794,-0.17269868487465573,-0.3666503610850868,2.561893794293975
2024-12-27,-0.436773378693666,-0.5743551781599425,-0.4091795684064032,-0.16393065245612007,-0.5664146321146687,-0.7981008809482185,1.1356077719768267,1.212131401127832,-0.21025825663382333,-1.0531928523315224,-0.1949824527756758,-0.4290901726281021,2.488538852043483
2024-12-30,-0.4234117695055471,-0.5799435632341399,-0.3838906919595706,-0.1516007143318646,-0.5640130432900391,-0.825005132476959,1.2097969101137853,1.2391224175719842,-0.10835687403588806,-1.1000171138869457,-0.22653804456305326,-0.4942314403467535,2.408089059944991
2024-12-31,-0.4106969304220435,-0.586107248462289,-0.35877227446917676,-0.13869702519354768,-0.562928339411647,-0.8517823528663505,1.2914133175869116,1.2661400709648964,0.0020752319064766007,-1.1535413297331163,-0.2572148429854543,-0.5483616835911523,2.3084734066764914
2025-01-02,-0.3967581369356013,-0.5882850037884146,-0.32358165919208476,-0.1224183825858843,-0.5568433115422174,-0.8879778378387998,1.3626912325943934,1.289893838894983,0.11632544605457759,-1.2071490599652013,-0.27986293248798494,-0.606237061444522,2.2002028682367554
2025-01-03,-0.3891963952662845,-0.5963950773210013,-0.2896626208521411,-0.10818585218003805,-0.553705894182759,-0.913684356943236,1.3981478011660684,1.3155794417410378,0.23196112077698527,-1.2528095041273828,-0.30022784672164815,-0.6481607413156891,2.1063399252260875
2025-01-06,-0.39049798653963425,-0.6041002492208358,-0.25392227161305614,-0.10076264105037867,-0.5613328185302551,-0.9293167281074934,1.44230813421372,1.3196169302449878,0.3444257731977402,-1.2937029782676475,-0.3057548307509681,-0.6813115673647288,2.014351233788549
2025-01-07,-0.3932875249973859,-0.6183252353208936,-0.21827137795770069,-0.09839731596092192,-0.5580369881589684,-0.9505652542024485,1.4799424046119471,1.3127925601563617,0.4616465627542286,-1.3259695265589542,-0.31088175086581815,-0.7066950667787383,1.9260485132792908
2025-01-08,-0.3930508207276206,-0.6355368490488277,-0.17176120877642648,-0.10086309008134924,-0.5506872752559278,-0.9814128976152069,1.5066586446412638,1.283321253213414,0.5868865692145371,-1.3369116827283647,-0.3157030781633912,-0.7439540098457379,1.8530144451736394
2025-01-10,-0.38356496674065754,-0.6481887031209317,-0.12039447158502296,-0.10709917368244772,-0.5506065059345682,-1.0007162608431204,1.5351464264023547,1.242001148626095,0.7205771779376864,-1.3600629084292852,-0.3131214406292585,-0.781690502066957,1.7677201800661142
2025-01-13,-0.38774859319946825,-0.6683051719498979,-0.07632962261634173,-0.11818221602979434,-0.5423955745015068,-1.0182253063284883,1.550718775284887,1.216010560002317,0.8551397475263439,-1.3906510431223196,-0.29578160030429623,-0.7935285880857439,1.6692786333243093
2025-01-14,-0.39958221208196576,-0.6877914417008831,-0.06127340661591941,-0.13188009312641016,-0.5440531699603937,-1.0235693069361422,1.536373876617711,1.1733075401751858,1.001808424497501,-1.4009886627690082,-0.2702839677425604,-0.8000949961775019,1.6080274158203864
2025-01-15,-0.39901711265812684,-0.703871868952997,-0.059100794290183,-0.14320598977030646,-0.5497938090240286,-1.0365087005185574,1.4928141470801324,1.1403495224572702,1.1429765866412265,-1.412314039179174,-0.2377126630076792,-0.7931889318585368,1.5585736530809595
2025-01-16,-0.4088752624035141,-0.7299722370061089,-0.05015874586755691,-0.160209631328175,-0.5585373218188527,-1.0475520487002628,1.4757497118836516,1.1000153112220958,1.2957550971230627,-1.4038693898213126,-0.19153551458728624,-0.7912039181843871,1.470393949488645
2025-01-17,-0.4194284286017454,-0.7491263362918448,-0.02124591164413117,-0.16332273695561553,-0.5530443823387903,-1.0586838506407277,1.4568605196617992,1.0683589054674973,1.374101282855535,-1.4258673295631898,-0.12687969283204395,-0.7901281980301056,1.4084061589133612
2025-01-21,-0.4352119020905238,-0.7744422421440519,0.0014688172802700622,-0.16855693338511024,-0.5522672143204462,-1.0492814238744894,1.4273408642346639,1.064122005725629,1.4227877669843039,-1.468591220455783,-0.043201455225752076,-0.7746334582203502,1.35046639549164
2025-01-22,-0.48584355349720987,-0.8196877871179985,0.015051211944122986,-0.1768495820188138,-0.5580866438622434,-1.0314838739641319,1.3377225731177325,1.0553683140637662,1.4907116125263475,-1.506382952341493,0.06496434687647386,-0.7168013464009617,1.3313176806744098
2025-01-23,-0.5565103837839845,-0.8560373605062311,0.0171032570863744,-0.1814749650509884,-0.5681606442336576,-1.0104720434038346,1.24537571771048,1.0496126406613804,1.562213989402911,-1.541933513509177,0.18035668181534054,-0.6342491356667372,1.294175759478123
2025-01-24,-0.6506817742690723,-0.9066348151563014,0.007525856801608072,-0.20570887356508089,-0.5800661137972039,-0.997516777995525,1.1368070105260202,1.0178597065247694,1.647342229652996,-1.5066478051301848,0.28146200759080353,-0.5447624611996186,1.3010218100167887
2025-01-27,-0.7500444472310204,-0.9362878124263904,0.008171234245692105,-0.2209513911994436,-0.5491283585251621,-0.9936034386818232,1.0450200471596744,0.9240292190556265,1.741727152960453,-1.4688387847999045,0.36248781032991256,-0.4768608717179312,1.3142796408303163
2025-01-28,-0.7996700534323444,-0.927968573841618,0.041268998075461326,-0.1768517374171489,-0.47036354493278343,-1.0583324638600147,1.001101002236547,0.8820949089136249,1.8024606110065848,-1.4488831683664805,0.4038807326941844,-0.5050992310653143,1.2563625199893012
2025-01-29,-0.8584505240649524,-0.9203820736688811,0.08059105812782633,-0.1358969815878237,-0.38119437473058726,-1.1062213094819708,0.927106745158308,0.8601695203408647,1.8643583995962734,-1.4471974133101637,0.4994707530423116,-0.5314495719726616,1.14909577255146
2025-01-30,-0.9273631345518318,-0.9126274807259562,0.12629670697784245,-0.08612493977653016,-0.2685149964614594,-1.1793309308000761,0.839891518244384,0.8277548269236662,1.8893089033335488,-1.4367783702722008,0.6054596245616553,-0.5432135795916548,1.0652418521386136
2025-01-31,-1.0094777739371363,-0.9423823719497368,0.17225684818934894,-0.05671197142368414,-0.1507807320738975,-1.2493604001032175,0.7476982593830028,0.7873820771015283,1.870766784272345,-1.3949997385785167,0.7457959173866652,-0.5282755467246756,1.0080886484579759
2025-02-03,-1.0929308891198521,-0.9612382485625415,0.2232168317443167,-0.020322087733969325,-0.013059039725598185,-1.3486403852269273,0.6519492834105297,0.7460155630497747,1.8530278343497515,-1.3121013094766873,0.8673598983123781,-0.5178734424782891,0.9245959914571142
2025-02-04,-1.1931224926518582,-0.9701656002277528,0.28315153987355246,0.028167159003351722,0.15214818639794173,-1.4403772067811296,0.5365407573144444,0.7187516429620303,1.8103079964215705,-1.217829938457424,0.9670435029874276,-0.5094380831695604,0.8348225363274072
2025-02-05,-1.2346748595092785,-0.969839190609438,0.34859378996043466,0.07627238612508179,0.28885576010150704,-1.5411244120964493,0.47668099828005667,0.8595679667202587,1.7209839847177308,-1.13422062781828,1.0105797336308728,-0.5461205984257547,0.6444450689232579
2025-02-06,-1.2516180543010849,-0.9479915286339857,0.37327012597486253,0.13409629273491958,0.4462739694093232,-1.6243564470503629,0.32966260693981453,0.9355393741158591,1.6810379246883902,-1.025073729376583,1.0561272602448661,-0.5817147787335848,0.4747469839875659
2025-02-07,-1.225688871821866,-0.8932193803871414,0.3737722105741585,0.19393776976341687,0.5687520072298393,-1.6655852394893171,0.1788014839764864,1.151428264919866,1.5933083239426569,-0.9586436267728179,1.0470856600416953,-0.6546642935791809,0.2907156916022057
2025-02-10,-1.2062984666959204,-0.8455377626372077,0.32349155481060726,0.21988399758000662,0.6738368112184406,-1.6155382244106715,0.033607712213466395,1.4268156266352872,1.4753976496548944,-0.9342706019933407,1.0221852918289993,-0.6848735595375605,0.11129997133299956
2025-02-11,-1.1990632786335829,-0.8123888517821536,0.26152667813376596,0.2285860544377924,0.7363660423968995,-1.538923658266899,-0.11959966160207619,1.7013472342429408,1.3410964779406098,-0.8572613432444288,0.9831500292210918,-0.6782518276957226,-0.046583895148236756
2025-02-12,-1.1531279999026576,-0.7708940104322389,0.21333280170601043,0.2473599352440118,0.7904658100295626,-1.4397275969042678,-0.28844530903663707,1.913968921086796,1.2418103108059462,-0.7967157479718195,0.9197533228553255,-0.6809095228902504,-0.19687091458978048
2025-02-13,-1.0852464505435397,-0.7337324808278659,0.15201369953286573,0.23871174480111695,0.827990440587567,-1.331423753737114,-0.43298770134612324,2.1225822565994457,1.121620309979257,-0.7215283340236875,0.8368985519973533,-0.695878498299376,-0.2990197847198991
2025-02-14,-1.0209325954484283,-0.7063661820970586,0.10558527971873828,0.22664514314290257,0.8685478882230682,-1.221880715482682,-0.5063292742405828,2.2872760383875215,1.0008123865142744,-0.66846148543122,0.7274927613484622,-0.754147999520475,-0.33824124511452025
2025-02-18,-0.9424805782003738,-0.6724512672444567,0.06409328583705334,0.21869181352127112,0.901869583867314,-1.100577014357551,-0.6189519173059894,2.4200470520739183,0.8917855453141568,-0.6305709268071336,0.6182507261923988,-0.8063595971697134,-0.3433467057208925
2025-02-19,-0.8511181885790716,-0.6441090743112166,0.02263559692495896,0.21365157029094892,0.91160641419722,-0.9878041176791382,-0.6994036784343952,2.5416665422784233,0.7699687226645087,-0.5746977978321925,0.520032626386096,-0.8539232212169721,-0.3685053946891681
2025-02-20,-0.7574908525716881,-0.6037950263230404,-0.0023605406278818402,0.21642357206532706,0.9428803628313747,-0.8954343680408468,-0.7810242276384418,2.6086073555531213,0.6653917030598757,-0.5427555352164435,0.43995240241188743,-0.9150954956668647,-0.3752993498363796
2025-02-21,-0.6370390394854514,-0.5532691536581265,-0.021028165660845942,0.20552461801002328,0.9682706570206636,-0.8135020865752087,-0.8356688295868386,2.663913331326442,0.5681835659162906,-0.5321136972290066,0.34144750264271706,-1.00223339124643,-0.35248531147422796
2025-02-24,-0.5041404980510538,-0.5156834381502106,-0.020354259470812187,0.19881869631883245,1.0078433728251077,-0.7636535110841229,-0.8572054755225061,2.6848485368011734,0.49269662894698907,-0.513153141358447,0.221813614096703,-1.1143466979726138,-0.3174838273790386
2025-02-25,-0.36665076040798383,-0.4738606907577521,-0.0017484279600323278,0.20381848232528868,1.0482880575985867,-0.7120943185841878,-0.8692707404630217,2.6833604369414763,0.4240180094055051,-0.4717397431940704,0.10450838219582641,-1.2280978331725003,-0.3405308539271352
2025-02-26,-0.22936588759806686,-0.43224296490663194,0.004641200002431911,0.21463183553375473,1.0784521459805052,-0.6511920970731805,-0.8973256474894096,2.675881192284167,0.3430028146953578,-0.425247811568218,0.030882445588769604,-1.3014305009213492,-0.41068672452813076
2025-02-27,-0.20423512571946278,-0.4636018491098549,-0.0508242709987709,0.15482385998297196,1.0611965679959465,-0.565949902268076,-1.0225327553224324,2.697362894454748,0.3342377052492263,-0.3675131541005193,0.05025724200921341,-1.248817898251072,-0.3744033139219174
2025-02-28,-0.17895736829775066,-0.49310331713489197,-0.10404182277302108,0.10238165269791877,1.0470875097381753,-0.540881349980578,-1.129934767809062,2.703912088844506,0.3104069812718517,-0.2926439765650377,0.04897132090720443,-1.2146846676654117,-0.25851228323390263
2025-03-03,-0.15053214305440255,-0.5137160691856089,-0.15484316209532062,0.05787940930715229,1.0304261517816022,-0.49001076040684466,-1.2192509732711847,2.700405609748483,0.2873464183177558,-0.21496109655584772,0.0446121353134911,-1.2015797276084201,-0.17577579229085585
2025-03-04,-0.09798279604403257,-0.4744197305323739,-0.2019198825439962,0.036764784110375225,1.0172683009923638,-0.4469415938454211,-1.30148935551915,2.690512563935251,0.24136583687974178,-0.15094563425968552,0.0011776881449953509,-1.2100203548808202,-0.10336982643724786
2025-03-05,-0.04182301402014959,-0.4322239099137664,-0.24437682050553877,0.008796154039177686,0.9932818068148445,-0.3765661185798798,-1.3948125402670937,2.6712070579015172,0.18135184088451806,-0.08066399874783205,-0.02630357870499694,-1.225244756940368,-0.032622121960432106
2025-03-06,0.013455258800815646,-0.3946134004650665,-0.29332375397952803,-0.027831798237037315,0.9563438399088309,-0.3062642926040582,-1.4660874287344658,2.6555623436690903,0.12240684374163802,-0.012412342045471701,-0.05185866363577405,-1.2361165613047507,0.04073995488577739
2025-03-07,0.08974084076907432,-0.3411302761535867,-0.33571445603073985,-0.05752292869140479,0.9631121710085756,-0.24171119279242417,-1.5776959961237802,2.577462668608564,0.06814402231244363,0.06327590812706414,-0.06423502532939795,-1.269819867921985,0.12609413221759685
2025-03-10,0.17198914085235786,-0.2896033181311063,-0.32961493770372463,-0.0762697623279934,0.9573973115940935,-0.1938263020050034,-1.6566904319370273,2.505023410631656,0.011843855994791002,0.13599010708415285,-0.10540621584950093,-1.3167510130210898,0.18591815481839483
2025-03-11,0.2652697279612877,-0.2257431387561327,-0.31377260024632614,-0.08006270651562929,0.9673312263994234,-0.14655561682806484,-1.7651384151323652,2.3811023806055513,-0.032550416765576906,0.21666506582659625,-0.14788678303367964,-1.3765398157942395,0.2578810922791548
2025-03-12,0.3472110475320136,-0.16486143955518365,-0.299238753000752,-0.06951595848040855,0.9595968932052078,-0.11408190750735953,-1.8568690514961348,2.2474986777216555,-0.06672081743765763,0.29986437101751423,-0.195412756774659,-1.4384369879283512,0.35096668270411424
2025-03-13,0.4231987491553077,-0.10378300262872865,-0.2803732912537995,-0.06095675034047242,0.9610432155369311,-0.0812519064303953,-1.908389416525923,2.1055405451156184,-0.11474839275307952,0.38981521730879937,-0.2420673569574293,-1.5204174536263881,0.4323898433995594
2025-03-14,0.4798129847073826,-0.04281747752001922,-0.2655654939975241,-0.06102498277284489,0.9389905733976683,-0.04962126336738342,-1.9335122830595477,1.9595084897905166,-0.16931828790572614,0.4941914566089984,-0.273421654401951,-1.6118144787913724,0.5345924173118027
2025-03-17,0.5226778317299282,0.017428625556319747,-0.2446022928101666,-0.05898562162128599,0.9140194427816597,-0.010173184845882609,-1.9821138855313822,1.7970218890837895,-0.24257968993691145,0.620741885465731,-0.30441832477738673,-1.6554121047149282,0.6263954296205163
2025-03-18,0.5549619363471818,0.08382941620125495,-0.21850510473443757,-0.05671648875861831,0.8858381900696136,0.013916662057606883,-2.0545622236306254,1.6290575362165312,-0.3031754368693101,0.7440577479667602,-0.3006436008351273,-1.6637309981659951,0.6856723641351653
2025-03-19,0.59345883210874,0.16615588569288042,-0.18374624629460568,-0.04007000786756927,0.8475096898928208,0.021120354624729703,-2.1267418586577267,1.44618728163222,-0.3534130994171963,0.8448795096207462,-0.2983285157773766,-1.6633805462722036,0.7463687207145407
2025-03-20,0.6341363205818891,0.24603596872574413,-0.1460714695188803,-0.02076573297219879,0.8234026822344488,0.0207535795146535,-2.1974180951710425,1.2383301308446217,-0.3485449988797882,0.9087644237749166,-0.2925799004425181,-1.6713841437202208,0.805341235028376
2025-03-21,0.650131469622713,0.3024241551842598,-0.11980818821344238,-0.011061734546387255,0.7862155498922083,0.006830267689400886,-2.246586690357054,1.0923320959108302,-0.3394218829134324,0.9774793667091166,-0.29458450806299474,-1.65342386056414,0.8494739596489207
2025-03-24,0.6677524597370956,0.3552223584376379,-0.0972234954646905,0.002997662687590693,0.7580426771262191,-0.024105307271792924,-2.276133028397418,1.0002150272039543,-0.3392607196996,1.0136848147312443,-0.28516765831605906,-1.6404017785052583,0.8643769877310764
2025-03-25,0.6609298977460725,0.3868044421069659,-0.08768817162712314,0.009409705031131949,0.7246390116989546,-0.04789715596030383,-2.305661256099707,0.9443661635130952,-0.3649536870427632,1.0571048138857826,-0.24421093545179445,-1.6097333327275953,0.8768905049272822
2025-03-26,0.635975835006473,0.4071762175274373,-0.0897173248553194,0.014549678507533909,0.6900067790675811,-0.07155119966078673,-2.330117032062439,0.9526143714084552,-0.3904788369067121,1.053291251938871,-0.20126718130268784,-1.5754337700586716,0.9049512113902654
2025-03-27,0.6072345392009828,0.4295901439782712,-0.08806360361328049,0.011527745943148194,0.6480558409679044,-0.09490248646922364,-2.31950129242951,0.9716457932697898,-0.41492833451400307,1.05620175883464,-0.17818314926224715,-1.5730226156553098,0.9443456597488378
2025-03-28,0.6222348139360296,0.46930149369306334,-0.061378824625882226,0.023482498309748644,0.6084158663137884,-0.1243019866192167,-2.264951679858382,0.9900642675726253,-0.4581934777415543,1.0440322323311886,-0.18722303436238036,-1.6227609334940447,0.9612787645450181
2025-03-31,0.6270099292832505,0.4991920923004374,-0.05239271061446508,0.023574316964637194,0.5578813409306878,-0.11773100245839672,-2.2206120006387486,1.018456711209105,-0.47346387620100877,1.051718844247802,-0.19424831275504778,-1.6700610389534103,0.9506757066851576
2025-04-01,0.6428391282280457,0.5336374777545623,-0.03157907998203865,0.0230803454896716,0.5092117064899155,-0.12329310351827186,-2.1794441649929523,1.0516730762690576,-0.4732118529477977,1.0545344917145925,-0.19941739292597566,-1.7207862864728922,0.9127556548940837
2025-04-02,0.6443535196422472,0.5614618879426352,-0.02503746846427432,0.016548147631186397,0.4530599301678555,-0.09957989867919922,-2.1647427564989075,1.0697141622458923,-0.46900683242739616,1.0641376323202796,-0.18972078072033896,-1.7466327243771598,0.885445181217182
2025-04-03,0.6493554714913247,0.5855080331465448,-0.04132316604342801,0.01422643436024067,0.4038539561146429,-0.09011125539440473,-2.1287133558516844,1.0926863827488145,-0.4717438165591991,1.0630154150538806,-0.16151000498056953,-1.7879491350071297,0.8727050409209692
2025-04-04,0.6713093508559533,0.6378489826099817,-0.028642454933004,0.012078205289198457,0.35116671878482064,-0.06950871494913671,-2.0902249295432274,1.1084983924904468,-0.4806746925717349,1.026373952066135,-0.13079548528799884,-1.846568276676419,0.8391389518649855
2025-04-07,0.6508808003988034,0.6777035065619182,-0.029809242398288232,0.01647105847938544,0.30761668613361265,-0.03391633023046739,-2.0692024920189853,1.1450717099608363,-0.4673770941606365,0.9772889130512796,-0.08230560750061834,-1.8972001738594946,0.8047782655826561
2025-04-08,0.5973320500659246,0.7253479486723982,-0.03519977181698737,0.03750905453927459,0.2724347864901743,0.012848891753956678,-2.0456834547995704,1.1805469872494074,-0.4950972552334803,0.9199079719800706,0.0072809052264193284,-1.9445607802021796,0.7673326660745903
2025-04-09,0.5204503372539194,0.7635614263219377,-0.049895687704488996,0.025941127519871748,0.2323548782584675,0.06041137539711353,-2.000179832556423,1.2485010585862855,-0.5229257394139508,0.8802255123969196,0.11901225276280318,-1.9891857350736297,0.7117290262511778
2025-04-10,0.47972860298333264,0.8059823821299441,-0.05520434949213732,0.0122352449437652,0.19889976122015326,0.12415806286112863,-1.9181774679939503,1.3341556349076902,-0.5409166273535604,0.8547946528640065,0.22931186925318728,-2.0594209046543144,0.5344531383307591
2025-04-11,0.48067003025522964,0.8827703438052141,-0.042095320385767805,0.015645451353572714,0.15757952657941032,0.1652562221629286,-1.8427559252071977,1.3871308761649344,-0.5553777058555517,0.7574655871960028,0.3344141785252163,-2.116661860506407,0.3759585959124148
2025-04-14,0.49489046024707684,0.9500754089941928,-0.020557924485218534,0.01981277714598347,0.125774171050512,0.19011660961859708,-1.7584325432418668,1.4470241956591983,-0.5589856630768647,0.6253175330947212,0.43514510987872945,-2.1623680343166267,0.21218789943156996
2025-04-15,0.5335039298406635,1.0246394959092349,0.025500522215925272,0.029377247850416958,0.08245205734029727,0.1944497899079251,-1.648541923551286,1.4885469492092904,-0.5577389666658832,0.4517120738197789,0.537414468353991,-2.209003754069516,0.04768810983915843
2025-04-16,0.5635097901129247,1.0899565064579766,0.06445482017590948,0.036925645108937456,0.020411151205219465,0.21574771437253298,-1.4923318342012504,1.5543827782356296,-0.5511093933931244,0.24588418613780294,0.6136669080191118,-2.246043713220358,-0.11545455901130844
2025-04-17,0.568285277289979,1.141430286259358,0.10803288506468928,0.03335370662429616,-0.036168654513877886,0.22330551842696306,-1.3047879212570548,1.6131473196056332,-0.5427563634799338,0.03321158306224971,0.7191774444884973,-2.259301940936551,-0.2969291406342484
2025-04-21,0.5760986111683409,1.1857821830597246,0.14869584917143583,0.035171217728072204,-0.07241375369097226,0.21535764362382728,-1.1042662523095355,1.6631451042296135,-0.5408716181197958,-0.1708104833538966,0.7913122976916017,-2.2396425486319784,-0.4875582505664383
2025-04-22,0.5877230184127822,1.2201043686948811,0.2019494032613575,0.04633101089382252,-0.11107065093918181,0.1971565309511456,-0.8874642414807754,1.677875185633522,-0.4971530444845417,-0.3732595466651245,0.8540748479305349,-2.1999884149992313,-0.7162784672091957
2025-04-23,0.567565841436484,1.2365534955018986,0.24014987697215026,0.049585842879592466,-0.17541370989642535,0.1775295742531609,-0.7214157377209132,1.6662732955095938,-0.47480809507816857,-0.48141405112580077,0.9418518993622776,-2.1478422802851904,-0.8786159518086599
2025-04-24,0.5470142131342658,1.26376570498321,0.2695323536565125,0.04770779630336432,-0.25019248541338945,0.16105503872053892,-0.6254613743435951,1.6421144722702212,-0.42333739449116115,-0.5924377674270372,1.0226559544861973,-2.073080652700292,-0.9893358591788312
2025-04-25,0.4932024956170885,1.2752777533686162,0.26556816153688917,0.022674578697198276,-0.34733816243854104,0.13988659700666614,-0.5750040977398366,1.6447244113303716,-0.3517877799778421,-0.6844528571779689,1.148827824395225,-1.949463354967897,-1.0821155696499731
2025-04-28,0.39674723740016427,1.2566834306273764,0.2504031214131318,-0.031712816649428016,-0.46115793118461323,0.1323721708133529,-0.48170666960427494,1.6795038832797338,-0.27689675162945093,-0.8048063831993186,1.286056253940324,-1.7892857854338184,-1.1561997597731806
2025-04-29,0.31570237236785414,1.2201669882810318,0.24708398180075913,-0.06768851600353445,-0.5204586618913408,0.09165299454580135,-0.366817821463817,1.7160370094101411,-0.1999382088706019,-0.9177474305807569,1.3665115132170074,-1.639108444025775,-1.245395776786773
2025-04-30,0.2363399650384954,1.175144361217699,0.25033479387751795,-0.09662851293052004,-0.5583417338560955,0.05492661000435715,-0.24528531457671146,1.7561988265518562,-0.14521657667950352,-1.042507901042091,1.41290323343776,-1.4819243671657492,-1.315943383877014
2025-05-01,0.14539123132237394,1.1328123998000392,0.24218610537589702,-0.12812429587141008,-0.6020702619531276,0.012921733788263605,-0.15064661489825137,1.8102913496370712,-0.0889402745788317,-1.1464095772604046,1.440698223346178,-1.3135541653857497,-1.3545558533220452
2025-05-02,0.057445199873060945,1.090320844321705,0.2381199349657843,-0.1478983698242336,-0.6195164641690826,-0.02153999335417805,-0.07859099328482072,1.8238776564830994,-0.012860832677360028,-1.2277892695718555,1.46560956969911,-1.1082151805655724,-1.4589621018956582
2025-05-05,-0.04839232587057967,1.0567959946463248,0.24484169996000074,-0.17872340239316636,-0.6081019648001755,-0.05228058957753514,-0.036140025309208144,1.8460675542876392,0.06434687860282576,-1.2802612026655618,1.4564005788062804,-0.911469039592566,-1.5530841560942743
2025-05-06,-0.15069261028988437,0.999488765910669,0.2268506699486327,-0.20436843483338626,-0.5860268928856689,-0.08715439610102474,-0.036995165734942874,1.859360170810481,0.1414925622813532,-1.2751698092347443,1.4816506800103366,-0.7208801031397722,-1.6475554367420466
2025-05-07,-0.24283145665852424,0.9239521636154797,0.1893776757929737,-0.24901100583059693,-0.592653620175319,-0.11996825083871288,-0.016026751445719762,1.8818056557450058,0.19813476155304113,-1.2440178970030513,1.5158232297055394,-0.5397302185906746,-1.7048542858694424
2025-05-08,-0.30407642641402927,0.8652817567222854,0.10439075478256504,-0.2941740245797901,-0.5955090678312437,-0.13644123816903517,0.019837241336192163,1.884239039069792,0.2542739736844566,-1.216958198491523,1.5406013909932141,-0.36503538484765363,-1.7564298162552312
2025-05-09,-0.35083348660425856,0.7976477428997409,0.019652495695216255,-0.3305115537058964,-0.6078676249269458,-0.15731328585947474,0.07226768164974405,1.9246642083775471,0.28429745608410206,-1.1711948527516807,1.5222163034570373,-0.2104611096688384,-1.7925639746462927
2025-05-12,-0.398748147870976,0.7578311087425235,-0.046466311031850546,-0.3611623004924963,-0.6276481965515729,-0.1995940773917112,0.09747715721171472,1.948097090751032,0.29053836638524855,-1.1495939768554444,1.5273239996416663,-0.062344667839086675,-1.7757100446990468
2025-05-13,-0.4613271495993854,0.6875891392762814,-0.13505289192012085,-0.3861685931484445,-0.6373495518861958,-0.23783515820103382,0.12786776712844905,1.960887054101785,0.31833085390166527,-1.1019521970359754,1.5361530202634082,0.10012837578145453,-1.7712706686618884
2025-05-14,-0.5300456739539592,0.6025680665677343,-0.23303006693165532,-0.41188956944131616,-0.6244573166817139,-0.2655941426457842,0.16411333756700172,1.985095147278376,0.3347795482038671,-1.0228890745411559,1.520754286409003,0.2597623125000751,-1.7791668543304726
2025-05-15,-0.6056190368556268,0.5221951485444817,-0.32162181799281464,-0.43475522613105394,-0.5962371300383418,-0.27568708542319137,0.22170679959342088,1.9948917293719497,0.3598031379337079,-0.9716951365822697,1.4958904832580933,0.3853824554341004,-1.7742543211124553
2025-05-16,-0.6720835656545042,0.4596096660878454,-0.3924699202109495,-0.4546175771672024,-0.5665341381961968,-0.2838919159866376,0.28718115758285956,1.9803621384213086,0.3905569616704281,-0.9148209030775253,1.46993616132206,0.48221665421476934,-1.7854447190062548
2025-05-19,-0.7333512941127314,0.3976833350522944,-0.46676984097573315,-0.47991725116109113,-0.5398764494782349,-0.26669384211190583,0.36439699677969933,1.984286854744448,0.400024663390516,-0.8500605576549873,1.42110029520965,0.5600599959390482,-1.7908829056209734
2025-05-20,-0.8075336665069485,0.34196256834958555,-0.5355134688349523,-0.5041631173521771,-0.523644243322548,-0.2389343456660935,0.4204997408574238,1.9727467310252185,0.41259508080598645,-0.7702091205355475,1.3951272471411473,0.6235456131475705,-1.7864790191086657
2025-05-21,-0.8845282733393429,0.28784859687556186,-0.6067406208398142,-0.5294766486498578,-0.5114200626500417,-0.20817040679845933,0.494783151227025,1.9311473146679474,0.42598521203943296,-0.7010426950806639,1.375434973622478,0.7012247372426984,-1.7750452783169641
2025-05-22,-0.9583942348801202,0.24823365059221197,-0.6533724632919863,-0.5540572778045126,-0.4925417264750476,-0.16880311204350795,0.5570081515428895,1.8745427550429876,0.45084640096269357,-0.6440813732312206,1.3579542085976923,0.7584348905423297,-1.775769869554409
2025-05-23,-1.0225583221596701,0.22557020068870495,-0.688902361240132,-0.5771760834018658,-0.471392561562823,-0.12894500513758508,0.6181634714702019,1.814101744416365,0.4764812367064749,-0.596236029869502,1.3448125478542274,0.7873409744493445,-1.7812598122137402
2025-05-27,-1.0823328410115773,0.21334575796919536,-0.7175785646294294,-0.5976547356983375,-0.44548830614778584,-0.0882372897080279,0.691053029120149,1.7448204299818768,0.49182194836799153,-0.5643881903556884,1.3352230502252207,0.8056080318727692,-1.786192319986357
2025-05-28,-1.1292526019476459,0.2117923668279865,-0.7417736140362264,-0.6073614598375302,-0.4179648271481319,-0.05261884559505031,0.7344540924008753,1.6591075852467883,0.5136268675778367,-0.5314376719490771,1.3290542827338803,0.8410488552502516,-1.808675029523955
2025-05-29,-1.1835906780818348,0.20291932401502633,-0.7676100104039071,-0.6169293925385874,-0.39032806642216705,-0.006152588402925108,0.7509427784096128,1.5564638505763384,0.5443957476098263,-0.48542908495198167,1.3378701682114207,0.8857638294453009,-1.828315877466122
2025-05-30,-1.2366438990013797,0.19845661739676076,-0.7895123109970794,-0.6205194307776769,-0.3618645654656009,0.04301249237125378,0.7625238789682806,1.447543023017514,0.5784682584420504,-0.4306095254610649,1.3400389546766094,0.9245707784586478,-1.8554642716283156
2025-06-02,-1.2920482979495422,0.18880186276197328,-0.810489201260191,-0.6194250822371605,-0.3300369711854069,0.08138634021857356,0.7785831655739358,1.3484989454959904,0.6025194413411807,-0.3880366544146889,1.3402175959517684,0.9641283247730634,-1.8640994690694979
2025-06-03,-1.348873274147124,0.15197202605920954,-0.8426577969377792,-0.6298124794149202,-0.29872814561534256,0.10988824690492602,0.8074314468803766,1.284817025805106,0.6304256837659538,-0.3320377681415953,1.3474146661303135,0.9630100499401129,-1.8428496812292356
2025-06-04,-1.3984215743343713,0.10935486869988541,-0.8928266116659055,-0.6460133964086163,-0.2956384512228371,0.14659920292782794,0.8323265143051649,1.2057890093763308,0.668770699125554,-0.2747932111832265,1.3620514230406964,0.9789420525712985,-1.7961405252318028
2025-06-05,-1.4464351808793483,0.06173875070910683,-0.9505278798936754,-0.6559853543549043,-0.28639166943691174,0.1829631863856908,0.855108216042414,1.1229529386632875,0.7201697217966635,-0.2123585582033206,1.3615422484065933,0.9950326650212667,-1.7478090842568625
2025-06-06,-1.4944048647853647,0.025120830729796005,-1.0015687278081957,-0.6622531387249494,-0.2698370707565339,0.2119883186115628,0.8276958418520123,1.0740688214149905,0.7684030585141387,-0.13990555146334835,1.3524176690183645,1.0123819233323574,-1.7041071099348335
2025-06-09,-1.5492323069418135,-0.021321999827073345,-1.0138503504162821,-0.6843204171376485,-0.2650340507329801,0.2273395528754247,0.8078507884518847,1.0503490206356458,0.7971540322424054,-0.06889106763026634,1.3346489231598535,1.037095067036443,-1.6517871917155942
2025-06-10,-1.6068872141859956,-0.061304205019430374,-1.0205962532201982,-0.6956598274043053,-0.25247391824910465,0.25552398383958536,0.7741023483368997,0.9931598947684742,0.8236446228835633,0.005780003788732237,1.3420980552418094,1.0515257645441525,-1.6089132553241838
2025-06-11,-1.68034332444393,-0.1126966150631745,-1.023124123919331,-0.7128965930942741,-0.23078799395675462,0.29047439318466567,0.7322832472695276,0.9431201176611645,0.8508753806994663,0.09308771846914593,1.3287413883664156,1.0707071766985317,-1.5494407718714531
2025-06-12,-1.76031577559736,-0.15281719999905985,-1.0077433036332324,-0.7538992386586411,-0.2300197821865159,0.32497538798224934,0.6745033863003465,0.9227775007146152,0.8718085209524925,0.18863708443446467,1.3208903624032058,1.0673154883590315,-1.4661124310715952
2025-06-13,-1.8419427955476786,-0.1640077481417102,-0.9852748146459878,-0.7891958833637783,-0.23348400891976046,0.35998396349330536,0.5937054679948538,0.8625224131597431,0.8947896005933933,0.28160637909148006,1.326349180932939,1.0764037876938575,-1.3814555423406576
2025-06-16,-1.9090734654344415,-0.17104066654382868,-0.9710513466755892,-0.8072975054212223,-0.2317084374009207,0.3746813682833513,0.49926802258723374,0.8149607053844407,0.9134457057070856,0.41216655814528314,1.3335396412725111,1.055994180453053,-1.3138847603569574
2025-06-17,-1.9761701928666153,-0.19576172563721128,-0.9595822136404196,-0.8165279645536866,-0.21856953595421014,0.37285772236503467,0.3821477606010372,0.7688883774986685,0.9070901991936854,0.5481980633664879,1.3417091579554927,1.0651107366084684,-1.2193903849367316
2025-06-18,-2.0231761994230504,-0.20778889844495094,-0.9415740034046183,-0.8113197640113512,-0.1947010671579154,0.37303686127614993,0.23178458755383757,0.706883189247233,0.9144539835652457,0.6808397184746268,1.3507873755857298,1.0696151791462032,-1.1488409624071383
2025-06-20,-2.0641862428522644,-0.23280355547761986,-0.9359535530183134,-0.8188993272842028,-0.1810938652471202,0.3705144879770073,0.10598224761650278,0.6652969739193125,0.9159372915757549,0.8064388571795469,1.3276861420644488,1.0839134832491166,-1.0428329397021672
2025-06-23,-2.092608895538485,-0.2619371254016644,-0.9413964807882479,-0.828098289345607,-0.17383489584139517,0.3702614111298167,-0.025814999168519613,0.6203156323708973,0.9057951231062937,0.9485001815958953,1.295184451265958,1.0950995544828932,-0.9114656678678372
2025-06-24,-2.11138568571606,-0.28788727441032536,-0.9852656820918196,-0.8441683439031551,-0.16625749062135034,0.3647365346315202,-0.10344017888501106,0.6055624955106319,0.8904701337228594,1.0552246187664747,1.2467132319246426,1.0953848726385045,-0.7596872315669141
2025-06-25,-2.1114694827658766,-0.32066876152072077,-1.0281476811895582,-0.8493106799953503,-0.15037768804562054,0.3574295849791244,-0.19284035327369006,0.5862707124657777,0.8680601912238857,1.1763127555289377,1.1777909413629923,1.105504726632103,-0.6185542654020073
2025-06-26,-2.0905093517770728,-0.34272092800873283,-1.0478851913439802,-0.8481006361947045,-0.12353713263389085,0.38125571754757637,-0.2882140045553374,0.5608147100462657,0.8525386858323308,1.2980244328997472,1.0903629042812946,1.1098074446424209,-0.5518366507359156
2025-06-27,-2.0691020415472003,-0.35425676421442714,-1.0632214392193062,-0.8346491013657854,-0.08265924232007986,0.3949445304892544,-0.4296392668949544,0.5575338359712696,0.8414974027368878,1.4115607354425699,1.0120213891141567,1.080472504242141,-0.46450254243452643
2025-06-30,-2.052794774349382,-0.359708648346054,-1.0684547164771674,-0.8026996116255862,-0.038337184753978036,0.4226408678346924,-0.557473339301546,0.5027115948293754,0.8149787465454795,1.5281655280551871,0.9235278774610461,1.0642970408178969,-0.3768533806899623
2025-07-01,-2.0175597802737872,-0.3699454776981758,-1.0823276303167069,-0.7885023598917171,-0.0031555321813361,0.4199322484007985,-0.701357024923537,0.4650980184393918,0.7842930634173003,1.6138216490880273,0.864060015150464,1.0466017589930816,-0.23095894820380378
2025-07-02,-1.9650144927620277,-0.37513163254506565,-1.0835242166842316,-0.7588548043410482,0.031831180873099635,0.43919055594904255,-0.8313043793227728,0.3648232805359635,0.7494189064310672,1.7234948272893298,0.8000337350026523,1.0218959332930186,-0.11685889371902826
2025-07-03,-1.9162693862702664,-0.3857930759335436,-1.0705948088857626,-0.7415793271055255,0.03597225334467068,0.4610774714917768,-0.9301473650406161,0.2671272066126761,0.7041963186590781,1.8178347298772475,0.7214140243509736,1.0053374770279997,0.03142448187129315
2025-07-07,-1.873322127345008,-0.38937126158587426,-1.0441730896431454,-0.7081126062168306,0.050042982385646605,0.4729136123739221,-1.0233075051537392,0.18021694431120505,0.6520985897952967,1.8920815280470924,0.6565774646271721,0.9925394218641995,0.14181604654005986
2025-07-08,-1.8415507969197746,-0.3779531751578141,-1.0215648954076821,-0.6801973679414446,0.04051823576176853,0.48337967262183684,-1.1134334531173338,0.14552284818439606,0.5865697977998173,1.9322799427781143,0.617080775957918,0.9676351286361142,0.2617132868040826
2025-07-09,-1.8350962026817852,-0.38219846088543014,-1.02157685784485,-0.6772976065490481,0.02890908754915468,0.5042592502571289,-1.1161986494622598,0.15820462404549654,0.5197743242066816,1.9645995327170132,0.576834574692109,0.9369388881585962,0.34284749579719065
2025-07-10,-1.8264784219233585,-0.3829649298062933,-1.0280845074441805,-0.6765827710527775,0.012523756938370864,0.5243637140830334,-1.1422009571762095,0.1404997433606224,0.5087214703973547,1.9552400724104735,0.5412128972974048,0.8928457995439257,0.48090413337163507
2025-07-11,-1.804896233331933,-0.37928550590320304,-1.0348015668147603,-0.6831203703194114,0.006588872323709269,0.5542155612177178,-1.1770220214961293,0.10554077323930221,0.5172739630925925,1.936883817769291,0.532176291694491,0.8503888010014423,0.5760576175268886
2025-07-14,-1.7742517736180117,-0.3733887271918554,-1.0442602766721054,-0.6812334208928146,-0.010674375809125369,0.588648837137905,-1.2266719563376751,0.07053000817410235,0.5292416834295847,1.9009223405720577,0.5444083208639859,0.8417700381517935,0.6349593021921565
2025-07-15,-1.754262598628281,-0.3641561407901492,-1.051447950268015,-0.6667275154286302,-0.015682031800269843,0.6386852939458876,-1.2905097905237146,0.05153778228129273,0.5255529146854321,1.844320647617106,0.5571978402829615,0.8398560587108741,0.6856354899155032
2025-07-16,-1.7302261473502387,-0.3637876507683302,-1.0487187541608565,-0.6511624290083862,-0.03500813170766635,0.7038538817503871,-1.354315819827793,0.031937061882575696,0.5296018052373356,1.7862036131107917,0.5705792451722428,0.8213572543183433,0.7396860713515923
2025-07-17,-1.6922692362740017,-0.3655160385968691,-1.0421527859585538,-0.6505749520722247,-0.062202096913552586,0.7811247558479901,-1.4247536866745325,0.007999372611280491,0.5447343876563396,1.70760551138236,0.5936806786554351,0.8161701794067506,0.7861539109295779
2025-07-18,-1.6527159502524522,-0.3555010675206127,-1.0372382084211709,-0.6553153709618058,-0.10662074914271977,0.8717307196158334,-1.5003887601622734,-0.0009379418575279082,0.5786889902925156,1.5985537644276133,0.6322219098919083,0.8171715854161534,0.8103510786745332
2025-07-21,-1.6154156390362358,-0.36147620679358067,-1.0358518393286094,-0.6639644256036109,-0.1600229484765057,0.9422279722234103,-1.5451830512260951,-0.011362938768977256,0.6045272737148566,1.4761450280634274,0.6692365999202334,0.7979637359744732,0.9031764393372104
2025-07-22,-1.5749356677120305,-0.3701621641754125,-1.0070684792474294,-0.6545599599403811,-0.20146637238199971,1.0071570950907438,-1.6121573679927519,-0.03245739708841305,0.6402742285617418,1.3430293879371706,0.7019986946956189,0.759821934166328,1.0005260680868109
2025-07-23,-1.5497274735846738,-0.37776510089081144,-0.9385013399943244,-0.6390405003891683,-0.233300574788787,1.0729027231039365,-1.6882289461927533,-0.04566163701828662,0.6649685203458007,1.1765860002819108,0.7288440013952404,0.7163511308652418,1.1125731968666732
2025-07-24,-1.488566536468164,-0.3983968742083147,-0.8440509120627765,-0.6015771574640494,-0.2787761322458234,1.1199705045252497,-1.8011644031280603,-0.05508968366637848,0.6646599664187429,0.9913779823973465,0.8073281136763952,0.6969820600203304,1.1873030722054978
2025-07-25,-1.3934186748749777,-0.412334036720197,-0.7335535115275084,-0.5538941018400695,-0.3307818103526044,1.1395522656668122,-1.9014258016668708,-0.07203616356517455,0.6332264124098795,0.754871548293139,0.8467025974642242,0.6369130458834058,1.3861782308299408
2025-07-28,-1.301383254233904,-0.43541085348678465,-0.6491153038032287,-0.5133970065409399,-0.3908729678284936,1.0806227792973664,-1.92467993486201,-0.0763225811145617,0.581819885064746,0.5070678158936474,0.8989169219366497,0.5979845979091608,1.6247699017683515
2025-07-29,-1.205163347296467,-0.4652274611274823,-0.5803263461941327,-0.489055824637226,-0.4594570790824819,1.0328403124648153,-1.8922198250899165,-0.08394850798193967,0.521651037343525,0.2857508139244498,0.9414196752438059,0.5704675927729955,1.823268959660056
2025-07-30,-1.1093112120984834,-0.4827665114323291,-0.5243987048992743,-0.48893200950609733,-0.5372103285558824,0.9609448997248209,-1.8456099007945868,-0.0053558334054411615,0.47622512972577435,0.09339871849426883,0.9391699873815867,0.5197809466013412,2.0040648187643013
2025-07-31,-1.035766106758015,-0.49690905861272594,-0.4589823985258471,-0.47474307677499433,-0.6131213475740912,0.9011107813477034,-1.7774173037280296,0.04491710967991533,0.4203698017951949,-0.06392156627444345,0.9384071414555168,0.4678504644670445,2.148205559502774
2025-08-01,-0.9878400334397497,-0.4946839900805447,-0.42842840522051234,-0.4754804095508307,-0.6199083409737707,0.8319083528774194,-1.6971881916005895,0.10262198766207825,0.3595651472957575,-0.23424416724359678,0.9413564723404861,0.4343974545040951,2.267924123429757
2025-08-04,-0.9495296651048392,-0.4635023210900314,-0.3953639537014917,-0.4880503518137013,-0.6060043513870315,0.7616658785455096,-1.6440472558488708,0.1481173913884189,0.30618133936634545,-0.3867612477661771,0.9647540826463378,0.4133253449495473,2.3392151098159832
2025-08-05,-0.9368873543822697,-0.4360067573095523,-0.35469257883481975,-0.5228503265929656,-0.5801461622962456,0.72143810264575,-1.6012504801590857,0.21528336240146687,0.269677200812435,-0.514108732085638,0.9940874363351708,0.37986364225540337,2.365592647210353
2025-08-06,-0.928163926476148,-0.42099558640448564,-0.3127446898803185,-0.5605701786482181,-0.5685461697539789,0.6802587788636538,-1.5310799913994426,0.2873089551211246,0.2242556868901519,-0.6189038441672078,0.9931448335907479,0.3487123964278199,2.407323735836301
2025-08-07,-0.9005716120390761,-0.41258559335561973,-0.26697227650859584,-0.5708979400886146,-0.5611573214104142,0.6290111017451054,-1.4599892574552988,0.3366786976872071,0.1948530231314294,-0.7443939739548646,0.9933731317237715,0.3157115862560864,2.4469404342688836
2025-08-08,-0.879384296639919,-0.4145693449652023,-0.23870122762827614,-0.5872509826888316,-0.5703324053755279,0.6124145802074582,-1.415319720608097,0.4035220623835689,0.18101148582612114,-0.8431464903493938,1.0213006864904837,0.29933088151704884,2.431124771830566
2025-08-11,-0.8450864516465496,-0.42032486143285774,-0.21281083292078937,-0.6064525600544395,-0.5765733140151466,0.5706451307533785,-1.3770852010540275,0.4744863280406422,0.1587030680206187,-0.9150483215375518,1.0073580538465763,0.30351809757397585,2.4386708644261703
2025-08-12,-0.8087353916220098,-0.4266702182235062,-0.19912784567194847,-0.6318742157225575,-0.5757864637141868,0.523312935751761,-1.3230801749215435,0.5266008177034567,0.13807520953251828,-0.9688633713228184,0.9939993769948061,0.29007562332903014,2.4620737178869994
2025-08-13,-0.7665188917383461,-0.4384697382559608,-0.19573696553675574,-0.659063099410481,-0.5673914099378803,0.4762129479079916,-1.2794569886714497,0.5417603208616112,0.12219402733785467,-0.9790158767200318,0.957880473036144,0.2775634041710976,2.510041796956206
2025-08-14,-0.7144534845251151,-0.4567133320043738,-0.19494588418194084,-0.6743359156384352,-0.5480657709855216,0.4093709542691127,-1.2113283216601418,0.5605387414141835,0.09746834856517264,-0.9928988921932406,0.9025944985145329,0.2399072612963452,2.5828617971294254
2025-08-15,-0.6699990519601856,-0.4717875354758743,-0.191795003428027,-0.6709796860915243,-0.523155537239026,0.34668866886890465,-1.15948953648236,0.5565220334263398,0.07271091158356417,-0.9852442427217846,0.8345001342734294,0.2010727376247786,2.6609561076217645
2025-08-18,-0.6224163049277889,-0.4846089704255276,-0.18173206597504432,-0.6648277361310042,-0.49280586259451903,0.2880437665150269,-1.1067608343143072,0.5384262760366343,0.041791110020424196,-0.9678719399092751,0.7670484570920432,0.14448855172101238,2.7412255528923257
2025-08-19,-0.5805953650787095,-0.4948291998813849,-0.17420260081729216,-0.6613285768105259,-0.47437172063487604,0.23945239497549745,-1.0623444215395563,0.5175922749831797,0.015996954065017378,-0.9424462885730509,0.7016181294415971,0.10850168417842299,2.8069567356916805
2025-08-20,-0.5396942625916746,-0.4992553282146641,-0.1723352334646574,-0.6632571992301262,-0.46178794469263523,0.20080420976886185,-1.0262811593647794,0.4844734108651028,-0.01457965500107179,-0.9132448530172447,0.6628064587399978,0.08444053571925778,2.8579110204836344
2025-08-21,-0.5133653149964394,-0.5012968559585758,-0.1807381344613008,-0.6678335723188457,-0.4467102274290847,0.1737338035157999,-1.0000194491594874,0.4548102142741706,-0.03124048570484999,-0.8815155428398367,0.6394094951616963,0.06005218370364894,2.8947138862131054
2025-08-22,-0.4816807442168716,-0.4944679583833215,-0.16710447465551717,-0.6682956939725518,-0.4302053086085813,0.15004283644690375,-0.9757970892124841,0.42180080531301384,-0.04369366475007412,-0.8519789092319575,0.5710330557965086,0.028135534712162874,2.9422116107627696
2025-08-25,-0.45726158560326485,-0.5011413049323346,-0.15069265189295977,-0.6808847866965886,-0.4178800042591093,0.12732096971840715,-0.9118718097301339,0.40391861197199924,-0.06085951343103438,-0.8457998231689817,0.5222992056157895,-0.006416219197784928,2.9792689116059945
2025-08-26,-0.43159324629611767,-0.5065978412851989,-0.12799484658626262,-0.6873404804147418,-0.399811352751036,0.11444524958843878,-0.850810691622735,0.3792253730795522,-0.07399286645732467,-0.8358947775796388,0.4632871674619564,-0.060395967845850614,3.0
2025-08-27,-0.40227166254991387,-0.511569187140193,-0.10507265533184143,-0.6944849042579361,-0.38402364350596,0.0972571369379158,-0.7897715958060657,0.36152138704224684,-0.08868207747682545,-0.8241165184617836,0.41325560431748537,-0.12149765698780919,3.0
2025-08-28,-0.3672978598746413,-0.5166385320128053,-0.09299727343376653,-0.6996225832968034,-0.361655812149925,0.07965464880032966,-0.7287621657332761,0.337738957560438,-0.1065055497606662,-0.8133338876058115,0.37476142187315353,-0.1828438468566979,3.0
2025-08-29,-0.3257096176817665,-0.521685944775375,-0.07584500205580962,-0.7014582435950104,-0.3350860140793404,0.0553996311474722,-0.6701502539255954,0.31118200078557107,-0.12154497341865703,-0.8048223853457749,0.3232646165287202,-0.23820478498092396,3.0
2025-09-02,-0.27221499800680465,-0.5382279858825254,-0.03681024954447784,-0.7068588887016934,-0.35497673259472473,0.028509369634256893,-0.604324536097529,0.30178191676907207,-0.12521192238102066,-0.7760604402552566,0.26560117902094793,-0.30682213470912834,3.0
2025-09-03,-0.22079250650407253,-0.5585894383306115,-0.005614356652420672,-0.6879953210696927,-0.36731088096909564,-3.995321064640015e-05,-0.5483306952326458,0.2975845537814752,-0.12578911047637314,-0.7395654462078544,0.18879733241659288,-0.37875516381476393,3.0
2025-09-04,-0.1551804055389464,-0.5828966538289332,0.03941745239920364,-0.65470542732232,-0.39235370945179676,-0.0420259851576641,-0.4903173226347145,0.2681687261435932,-0.13035534513533173,-0.700387568196202,0.10665096132780491,-0.4332402633900499,3.0
2025-09-05,-0.09272994395761464,-0.6036118190541887,0.08453403507682744,-0.6176194381904189,-0.40474716979126435,-0.08060991154258544,-0.4394442762038153,0.1952763017475689,-0.12526197447479445,-0.6570757181751733,0.04175510885588449,-0.48652848646564373,3.0
2025-09-08,-0.04545377755168799,-0.6167153846779627,0.1389744672133285,-0.5913213313978539,-0.41073910614492504,-0.12239037765859487,-0.4061333126337913,0.09599218832310717,-0.09489476287279364,-0.5788067882137895,-0.0347135054462,-0.5365559963687817,3.0
2025-09-09,-0.016514498365562878,-0.6233346131244749,0.19094597171189717,-0.5588067951298218,-0.40864900422408895,-0.1655871851899427,-0.3770285688758283,0.0015648237870682794,-0.067531848865575,-0.5113408215445576,-0.08803924407068471,-0.5863354091388902,3.0
2025-09-10,-0.011557351601555379,-0.624226114325706,0.24241558291289583,-0.5152010351279922,-0.40175481077794784,-0.20380914861708518,-0.3473098848744549,-0.08459327512226018,-0.05026519215822123,-0.4547312573633774,-0.13745237190430262,-0.6262989389849501,3.0
2025-09-11,-0.021870491317840114,-0.6271156502770595,0.2809455741431337,-0.48467034441849666,-0.4022007341656481,-0.2338456051955475,-0.3286716374800659,-0.154692040613946,-0.008958188109290376,-0.4077047504146227,-0.17949250203351977,-0.645559367405987,3.0
2025-09-12,-0.029756676421664904,-0.6307499197306282,0.31850595474202803,-0.45456842398051134,-0.4139694041552628,-0.2611014556527855,-0.2900421620276817,-0.2284004296572808,0.01698012010556514,-0.3455050650055582,-0.21855546597458417,-0.6719504614976632,3.0
2025-09-15,-0.04696139880456616,-0.6355399342784022,0.3532500694429957,-0.44681481890061703,-0.4305347272311754,-0.2909616815173635,-0.24231588758681624,-0.2907030221230222,0.04196927525060528,-0.26970963370189327,-0.25219422228822985,-0.6898330812251677,3.0
2025-09-16,-0.0642313738219999,-0.6451025940128106,0.3973381915044797,-0.4524828359447299,-0.45097484151020306,-0.3277789050085773,-0.17994682841308007,-0.3445012102042138,0.06066948935551537,-0.20284591464990695,-0.2829980036615275,-0.6930495318527371,3.0
2025-09-17,-0.0837314878487703,-0.6570637012134637,0.42604474501311507,-0.4565553553862393,-0.4676710209820626,-0.3673938689691317,-0.10901641004425991,-0.38965260479937364,0.07424460260872116,-0.12242909857773417,-0.3190143958814029,-0.6972247060555565,3.0
2025-09-18,-0.09908975165648481,-0.660078907889935,0.45150265024906816,-0.4602454683722089,-0.4711328489146928,-0.41240644179387514,-0.046368887461992955,-0.42641510412957573,0.0764082333339193,-0.04870502271715994,-0.35275229957666665,-0.7028734586506106,3.0
2025-09-19,-0.13110774586943316,-0.6718195010841467,0.45994074363893533,-0.47488410221968674,-0.4799139882083624,-0.44578120091025436,-0.002484746093003246,-0.4198051688773409,0.07472917722599809,0.028040545571763647,-0.3873253042805022,-0.6892758362773547,3.0
2025-09-22,-0.1480470083783094,-0.6817343881686142,0.4640240624609883,-0.48892486436907245,-0.49530008389930935,-0.48337449376047736,0.045607594802457935,-0.40891351503363504,0.07104891822425177,0.09854361704848344,-0.4220189722244705,-0.6752993040902797,3.0
2025-09-23,-0.15600449698426588,-0.6961592498079427,0.45756350497108667,-0.5098941809708584,-0.5128091011754636,-0.5135602425463325,0.10586000968968833,-0.40760286944278484,0.06098231177008724,0.16521737349183532,-0.45034280746518557,-0.6512488634800109,3.0
2025-09-24,-0.16022217964085367,-0.7117636476474382,0.460362260732883,-0.5415261354193495,-0.5334378581631962,-0.5487660024760579,0.14744925715659463,-0.39805345485252025,0.06474515646987207,0.24903918970783587,-0.4743727171869883,-0.6358414509575847,3.0
2025-09-25,-0.1622065037497679,-0.7279382443828076,0.46642383609171206,-0.5742515905686681,-0.5537197223726505,-0.5868870686814515,0.19412939120669923,-0.3899338466459899,0.07428289569078994,0.33354671733683444,-0.4997755328767298,-0.6233559951120391,3.0
2025-09-26,-0.15687292324993318,-0.7354752354560327,0.4806407053773818,-0.6007093984105186,-0.5683823005685427,-0.6207069717784818,0.2265907714364082,-0.38337957030794584,0.08506005322398455,0.41266618616013406,-0.5409264960276144,-0.6133942625845803,3.0
2025-09-29,-0.1556704301298438,-0.744780202006296,0.49721562354116594,-0.6228795338499773,-0.5803556480087881,-0.6516481588614497,0.27094219699478445,-0.3809355740649106,0.09058375224156212,0.48597101816559035,-0.5783644178677105,-0.6065114710309687,2.9764328448768413
2025-09-30,-0.15380917456583038,-0.7526811703925136,0.5058882348689114,-0.6469227640462106,-0.5916173280404177,-0.6722206779759677,0.3220665428384923,-0.3729427259949175,0.08671528464889412,0.5608079267894555,-0.620015050938605,-0.6016383725194845,2.936369275328195
2025-10-01,-0.15904260937982256,-0.7606060497066662,0.4936608214538358,-0.6725972989238693,-0.6072340325771339,-0.6798981429009067,0.3644123280783691,-0.3680125053319086,0.08095458341425818,0.6288468370205659,-0.6523369794569371,-0.5739810459742077,2.905834094284423
2025-10-02,-0.16811974159826262,-0.7728612977316077,0.47127227557334933,-0.6978516489912967,-0.6347907752033071,-0.6834962341799562,0.40945042166727735,-0.3690009606318352,0.06572598151535904,0.7042347673144951,-0.674492992909844,-0.5243135096229588,2.874243714798588
2025-10-03,-0.18532633949512003,-0.7843572270323933,0.42389573214584275,-0.7186738863794698,-0.6572087600451842,-0.6819643878785369,0.43822878790902575,-0.35810372055362116,0.056215634102982776,0.7857184572700064,-0.6909089604834922,-0.4757994778415757,2.8482841482815355
2025-10-06,-0.19545571684259963,-0.7865638901248921,0.38235086141201347,-0.7470992549711354,-0.6798001608638176,-0.6748825738646741,0.4582839931127556,-0.35656351715759593,0.051943420106675665,0.8619122205419472,-0.7112043620681023,-0.42312817979288414,2.8202071605123087
2025-10-07,-0.20763754495465522,-0.7812848869384754,0.34527701377675757,-0.7767393968625053,-0.7074808127218611,-0.6657130427041521,0.48620295849418477,-0.34159591249927757,0.01274931144150804,0.9348194433773657,-0.7241087061045788,-0.3663610019706235,2.7918725776663105
2025-10-08,-0.21409232950990714,-0.771304211198053,0.3042377709098857,-0.8013262464978472,-0.726669926681891,-0.6515608095895945,0.5006645578079113,-0.3236622441976718,-0.0343360693549443,0.9863035090086448,-0.7380154735823511,-0.30590894935031804,2.7756704222361375
2025-10-09,-0.21299045263671268,-0.7629026465126529,0.25551853962334614,-0.8268422154500137,-0.7521820344935138,-0.6374315670726972,0.523561797423538,-0.3184210863229844,-0.0645491878109954,1.0450472515544533,-0.7477505287657545,-0.2502412390840784,2.749183369548066
2025-10-10,-0.19692136000659557,-0.7555712062084681,0.22092088782459499,-0.8356239872517217,-0.7664438373172251,-0.6287554596619988,0.5622317486476773,-0.313444693835636,-0.12179293558072372,1.1091774109508408,-0.77439970424484,-0.21166961460137815,2.712292751285473
2025-10-13,-0.1841100837177586,-0.7468101391680336,0.19497470183843518,-0.8490228232345879,-0.7817588826374907,-0.6245339076949057,0.5864885064782283,-0.30115771029115435,-0.1702011935530353,1.1450212521675962,-0.7972580008231944,-0.15737897855772642,2.6857472591936276
2025-10-14,-0.18226534238348266,-0.7413641702500255,0.16339342012808597,-0.8533196070545085,-0.7965725231675941,-0.6114237803207518,0.5767296136523632,-0.30747232461087276,-0.2014373195348323,1.1552811321203078,-0.7963034735216729,-0.09025709540311745,2.6850114703461014
2025-10-15,-0.17586788575820514,-0.7300994845317769,0.12373265761370086,-0.8578221960558496,-0.8088139694553185,-0.5992382741728418,0.5590815640506829,-0.2997823116036483,-0.23776900098156348,1.1545668253193273,-0.7881914401539823,-0.03371688696495041,2.693920402694427
2025-10-16,-0.1715647771371335,-0.7184309768860129,0.09220424806116692,-0.8729051090514468,-0.8307943539367362,-0.5849256646665836,0.5371278336902806,-0.29024103475444885,-0.26343429382331945,1.1628757351861256,-0.7886365439158511,0.03917211367900596,2.6895528235549526
2025-10-17,-0.17054830375681718,-0.7137182235023819,0.06593463020229103,-0.8906710056436826,-0.858655584350774,-0.5633747277727291,0.5160507254260199,-0.2807862681386417,-0.27456931625893993,1.194388001040512,-0.7974470828957213,0.1060134420897156,2.6673837135611493
2025-10-20,-0.15801431610968972,-0.7047229023588324,0.04564354067225211,-0.9065831115454165,-0.884652444060228,-0.5494019017396078,0.5163291470925246,-0.2866602745967547,-0.2824821901173539,1.2122744570354105,-0.8047393437650178,0.15736703642241023,2.645642303070302
2025-10-21,-0.1430679796388465,-0.7000370013931095,0.02828170615461736,-0.9192270972434797,-0.9052857171098319,-0.5376317905158682,0.5184673239675962,-0.2987347003897438,-0.29120445982644294,1.2543340257170967,-0.8237433074081316,0.2109643428314191,2.606884654854724
2025-10-22,-0.14081195350195186,-0.692532292066756,0.011229404852654841,-0.9211547896946602,-0.9201455107673567,-0.5385518996330393,0.5170923613028762,-0.29833521289488163,-0.2944769682910512,1.2982300955643138,-0.8443408127681349,0.2528304996169028,2.570967078281084
2025-10-23,-0.14476542405596368,-0.6789078822583298,-0.007620743417733737,-0.9130450992671164,-0.9292841584284081,-0.5294051354812751,0.5026508694410251,-0.3165264075289963,-0.3009789652594923,1.3210007079952648,-0.863332004062503,0.30842405333465406,2.5517901889888748
2025-10-24,-0.15489231716783933,-0.6668221934737918,-0.029997753113786534,-0.8986485894927794,-0.9386844820906051,-0.5189796810975311,0.46021521680956384,-0.32609042056334625,-0.31241446526259187,1.3317117688644078,-0.8666510421715514,0.3731343363729689,2.548119622386883
2025-10-27,-0.1782718907520896,-0.6570915524299872,-0.053753993125943915,-0.8805736550922229,-0.943180859146033,-0.5091770735682452,0.41715116926388845,-0.33777891180754516,-0.31956282552559906,1.3492683929715377,-0.8648094750510142,0.4360229764421381,2.5417576978211165
2025-10-28,-0.1976325810404075,-0.6516167734602245,-0.0694548224552,-0.8687948277322854,-0.949277018929182,-0.4986766514385386,0.3673344935925628,-0.3444776685093174,-0.3213782778054606,1.3684725038090344,-0.8698187342700952,0.5091629548858523,2.5261574033532628
2025-10-29,-0.21690607533188377,-0.6449137389772386,-0.08296186911582057,-0.8608756701561845,-0.9576230940540227,-0.48188843416576455,0.32003062082546074,-0.35254245136680545,-0.3070701745933401,1.3775647361094985,-0.8760348521802451,0.5667913983314401,2.5164296046749057
2025-10-30,-0.23805479424618461,-0.6392174165924223,-0.09171876888987202,-0.8494450880258334,-0.9533410511356478,-0.470519459914007,0.26894592504916304,-0.35785057667346554,-0.2915477827765369,1.3818582659358638,-0.8895181681915202,0.6195247778063165,2.510884137654146
2025-10-31,-0.2456964894657735,-0.6332259621338121,-0.08049448811127558,-0.8493591013866424,-0.9649927479665966,-0.45575979541636064,0.2119317772362389,-0.36279738169268433,-0.2735567303323535,1.3786429777904938,-0.8919948828855064,0.6594613206750997,2.5078415036891735
2025-11-03,-0.2609205388999292,-0.6284684077388536,-0.07266622221802974,-0.832894950203533,-0.9852658630591964,-0.44419018077001876,0.18217316959206226,-0.36360935190616844,-0.26659214233055184,1.363836193863486,-0.8910513978573202,0.6886363935496823,2.5110132979783715
2025-11-04,-0.28619049364222016,-0.6335233128399201,-0.06978808307730244,-0.8060434599505496,-1.0088567680575073,-0.43239501896504196,0.1566671990469829,-0.32420320069169856,-0.2739922694296588,1.3444399299077154,-0.8933448521159673,0.7081888273150996,2.5190415025000683
2025-11-05,-0.29111521265787216,-0.6380645914148727,-0.06719428063998417,-0.7721742345890229,-1.0284945823928346,-0.41500867669967245,0.11346503221643292,-0.3040341935031753,-0.27037975219295873,1.3153982467468261,-0.9017659336509574,0.7231210858763558,2.536247092901736
2025-11-06,-0.29883557241080294,-0.6461209129309741,-0.06026920971594027,-0.7392403046253943,-1.0431599847376798,-0.4055274947469655,0.08825171450075141,-0.2979030371790093,-0.26907346213723127,1.299594299603728,-0.9099687626008058,0.7416915211855338,2.540561205794791
2025-11-07,-0.2934192349355794,-0.6494624733880271,-0.03700837598253321,-0.7107611285418411,-1.0563500459196107,-0.40164766513093303,0.06395135199961433,-0.2975564655264248,-0.26856906274691533,1.284335394990922,-0.9241224466052538,0.7436343698310509,2.546975781955531
2025-11-10,-0.28275861607992736,-0.6488550039069542,-0.01430055324412542,-0.6833372725171184,-1.0735789792838595,-0.40310929495615416,0.03761791663220348,-0.2987744590796192,-0.27062602111824335,1.2806109780577744,-0.9301350732485807,0.736765524296719,2.5504808544478856
2025-11-11,-0.2819687482004537,-0.6589178496357396,0.002224163241962656,-0.6587728782203018,-1.0943263009138662,-0.3961515710906417,0.015798287797415614,-0.2804598311979908,-0.26616445421672635,1.2963410430890525,-0.9399338927594926,0.7193775717781157,2.5429544603286667
2025-11-12,-0.25770413311044427,-0.6626848033971027,0.03492845178448756,-0.6280593183153302,-1.1261493346685925,-0.391682658872849,-0.0024613318845966995,-0.25143891041190003,-0.2824183091661159,1.3318674638140344,-0.9805015670289485,0.7063256938212248,2.509978757436133
2025-11-13,-0.23598577811487614,-0.6662624984610459,0.06186812808833647,-0.5934814249662974,-1.1639390436244663,-0.3703882171209588,-0.0227863333388171,-0.23972757397725583,-0.28353363971080814,1.3868586674308412,-1.0245440198116116,0.6889256281990983,2.4629961054078606
2025-11-14,-0.20353544112822655,-0.667673708383185,0.09145194992249366,-0.5550021378454554,-1.2086202738238987,-0.34698470981149165,-0.052436936876049126,-0.2341405457951995,-0.29380551908834773,1.4568513483841101,-1.0597093436813927,0.6700803058046809,2.40352501232196
2025-11-17,-0.17171760850659157,-0.66703062322694,0.11323604371654011,-0.5176826512130278,-1.2555890390709676,-0.3243936293625693,-0.08042616064065886,-0.22925471840158024,-0.3107512364200049,1.5083212527101495,-1.077979704636184,0.6609176238779118,2.3523504511739226
2025-11-18,-0.14492911685119045,-0.6635638908868712,0.14683812107780198,-0.47235362118539953,-1.3049043583958626,-0.3069383338466642,-0.1135397722750531,-0.2352473280892603,-0.3204822795647689,1.5575624824190442,-1.0925164747981442,0.6519309720639986,2.2981436003323683
2025-11-19,-0.12424255806488774,-0.6579243493457517,0.18570747823434872,-0.433205614744009,-1.3538190559050887,-0.2828937765927017,-0.15195798726580206,-0.24537473818732047,-0.32161707958294417,1.5840412159680164,-1.0997100839963792,0.6431838472962874,2.2578127021862326
2025-11-20,-0.1105194741645134,-0.660316190510491,0.2364934130527952,-0.40899278390653737,-1.4091940661755014,-0.25308987606162886,-0.1938908887420178,-0.2654601365769107,-0.3096742325029625,1.5976736020826448,-1.0809591240980032,0.6321569867780528,2.225772770825076
2025-11-21,-0.08770102748706805,-0.666513877154248,0.2887491250121598,-0.3762084545161013,-1.4615218754267119,-0.2246706778382891,-0.2301305371674715,-0.28291169984592984,-0.2965541816404567,1.589064232487159,-1.0700366455820645,0.611157939382761,2.207277679776259
2025-11-24,-0.05004596451437643,-0.6715344195942723,0.3665305617749746,-0.3359379358402363,-1.5143122753528393,-0.19166319124579104,-0.27018912675730067,-0.3083312693934214,-0.2850072085779028,1.5894883179762616,-1.0719016079655979,0.5705293388241562,2.1723747806663454
2025-11-25,-0.016282184186304696,-0.6909313653135615,0.4534997577144714,-0.30056035508342427,-1.5827838674185486,-0.16726968023794284,-0.28228313584174597,-0.33911282106929913,-0.25923756604119225,1.5901325188111401,-1.0608836563269828,0.5370081329881597,2.1187042220052312
2025-11-26,0.018098446107795655,-0.7052607712462116,0.5398642683785017,-0.25470418687851537,-1.6404320229033718,-0.15508542938474676,-0.30758321527527493,-0.37712233602970535,-0.22651415812526193,1.5922050810090052,-1.042039730642611,0.489150471138104,2.0694235838522914
2025-11-28,0.05400690708654191,-0.7238524493807984,0.6288573003764566,-0.2111882189468629,-1.6985022466322417,-0.16693563206635942,-0.34079686571842077,-0.4139672405734672,-0.1928753671158866,1.5957653452462057,-0.9959401968021648,0.45231825315907304,2.0131104113679243
2025-12-01,0.10825310942682823,-0.7338454596337529,0.7338898738544397,-0.1504841069669757,-1.7626174650410333,-0.195772392130435,-0.368586785691118,-0.4669967478008174,-0.1641169986081328,1.6301259044383112,-0.9496959438337952,0.4141317673526257,1.905715244633856
2025-12-02,0.15889040539440122,-0.74587533166806,0.8202014323144412,-0.0787510898694832,-1.789974374640538,-0.22355859193411923,-0.3844080112828807,-0.5255376126891017,-0.14505622081767777,1.6818482223844975,-0.9343342487601638,0.3790301472588277,1.7875252743098575
2025-12-03,0.22726230115447663,-0.7454017455953524,0.9293169441367306,-0.05232754732777659,-1.7950195324226341,-0.24952488027394926,-0.42154425695094166,-0.6031261166832682,-0.11512906974893386,1.7332050588209877,-0.909819207042686,0.34863633978539504,1.6534717121479527
2025-12-04,0.31511347429386855,-0.7507208510175543,1.0685705171662696,-0.035482320915246834,-1.7997413943683507,-0.2892615419814455,-0.4553159483246163,-0.6949303780483451,-0.06058098733585089,1.779096778996445,-0.8703754362699151,0.32844887796561983,1.465179209839122
2025-12-05,0.3574752130467343,-0.7802808864570822,1.1739021642683456,-0.052464326285226126,-1.7824274474268607,-0.33552323391285127,-0.47283232595136615,-0.7616115679978919,-0.0017462597726139002,1.8017388067527969,-0.7992020503301559,0.3077468078011173,1.345225106265054
2025-12-08,0.4151968131595956,-0.7994036284658063,1.3051597761073375,-0.05901659263028158,-1.7765130262743059,-0.36785536079905656,-0.5169087427967599,-0.809772292675155,0.07937042340039947,1.820757032834105,-0.7254678067541473,0.27517983183251177,1.1592735730615626
2025-12-09,0.4569811086194269,-0.8165410393245137,1.4241542275003396,-0.06538276734640128,-1.7687087337749572,-0.3832386922274151,-0.5737169712605563,-0.8221220484934988,0.16661469124630268,1.846554007617037,-0.6543838308382823,0.24981533358918734,0.9399747146933308
2025-12-10,0.48062235799559905,-0.8280863236865059,1.5428120212053793,-0.09184056337508226,-1.7524615340870666,-0.3959039038388982,-0.600179631191952,-0.8357552967774806,0.2945808603141351,1.8553056717562508,-0.5862374860058615,0.2189681543873963,0.6981756733040875
2025-12-11,0.522513066133164,-0.8444834510655947,1.6508350752204983,-0.10803143180361788,-1.7201515082046555,-0.4385153081356352,-0.614968497552328,-0.8801810279035288,0.43048329605399266,1.8523528122479158,-0.4152572331582829,0.17322050510981404,0.39218370305825884
2025-12-12,0.5258809081144464,-0.8612341627760086,1.7040197042247252,-0.14978611910513176,-1.6671579497109021,-0.47704354360713574,-0.6180655788372711,-0.9107225779327434,0.5546133419266954,1.84696468804219,-0.2610618396058414,0.13442492381174423,0.17916820545523254
2025-12-15,0.5527625293393839,-0.8775408410610784,1.799653035495158,-0.17084171252160096,-1.5887027932730828,-0.5284116500898209,-0.57122401876074,-0.9166989575855428,0.6263436807456243,1.8065718522075565,-0.11540078640155362,0.0843367394525859,-0.10084707754688912
2025-12-16,0.5356860646521605,-0.9246637582148127,1.8784201602688526,-0.2122182325291646,-1.530512676320694,-0.5881222793242962,-0.47439727489806544,-0.9042056905644504,0.6633944593347954,1.7450379391022048,0.02830121599038614,0.03997510403331275,-0.25669503153022866
2025-12-17,0.5345738597679996,-0.968469985537429,1.973618222201193,-0.23378694215426452,-1.4446582251979956,-0.6541247426131307,-0.34088524684108723,-0.8731469067645262,0.6998309056733122,1.6415080104264148,0.16720378464994307,-0.033041426926752715,-0.4686213066836767
2025-12-18,0.5538562695289081,-0.993779135898166,2.034565921956743,-0.2389897030067346,-1.330176738784927,-0.7029639772909222,-0.23242339252647795,-0.8314692740872646,0.7227790608656828,1.5566251281544892,0.2557829909236385,-0.1017763129863647,-0.6920308368486043
2025-12-19,0.5357195266569967,-1.0103416488011328,2.0493063156622475,-0.2276516943290262,-1.2181365164755014,-0.7500478809492583,-0.1154336933250545,-0.7634103474954661,0.7079180791065888,1.5178590103068457,0.366893255247878,-0.18470157234523454,-0.907972833259883
2025-12-22,0.5212996419148642,-1.0142487182587818,2.027520289478438,-0.2238136686496854,-1.1024718616091647,-0.7903524451087129,-0.004269406638928021,-0.6645880691817235,0.6612527835933687,1.5250902579321508,0.4414045866556997,-0.26948237877263187,-1.1073410113548936
2025-12-23,0.459794628123941,-1.0406132846522622,1.9592000573971409,-0.24422050601406356,-1.017432576286898,-0.8359356311036203,0.08676414941679618,-0.5463528096555127,0.5882193227973015,1.6061238397132052,0.5226941246372729,-0.32998545269377805,-1.2082558616795227
2025-12-24,0.384174523874849,-1.0579040323568376,1.8727771521842245,-0.27051368495871647,-0.9385425699999423,-0.8612635152062629,0.1933994396229324,-0.4314518649308227,0.5485128030364793,1.6609296995918796,0.6070109567582366,-0.39452991948940763,-1.3125989881266131
2025-12-26,0.34478589156742884,-1.0442265782146418,1.775291438178683,-0.28182899685088103,-0.8509187123960857,-0.8695253998797302,0.27422050906119955,-0.31513606117555504,0.45606582028699727,1.717140307353816,0.6939726833674813,-0.4692340197780374,-1.430606881520675
2025-12-29,0.3045799746699524,-1.0229268631041988,1.662207331100681,-0.2962639606893985,-0.7894133378720695,-0.8378490807648006,0.35632511534172756,-0.21720854507295045,0.3519459536889521,1.7668403729858786,0.7926309135744284,-0.5390807425185333,-1.5317871313396705
2025-12-30,0.27330852616421103,-0.9842314824901457,1.5487087929220824,-0.2863934770925522,-0.7010857680108141,-0.7912870649666802,0.4145017957580598,-0.12500556796844126,0.21762868904543112,1.8140903011583671,0.8665527764884235,-0.5953078670953289,-1.651479653912612
2025-12-31,0.24887599153828344,-0.9320932818411688,1.4370175620488068,-0.27772248024058693,-0.6108454880863955,-0.7042409354155102,0.4675723125227823,-0.038695685358620696,0.08923477466365319,1.831190892636714,0.9312427180078181,-0.6600013057572957,-1.7815350747184793
2026-01-02,0.20092041396067253,-0.8934986228502096,1.3450310494074518,-0.2875424753883617,-0.5419869922733963,-0.6517691136665315,0.5148136664283298,0.03212185738863866,-0.007135567148566973,1.837094093177456,1.0108647841320886,-0.7253568928604118,-1.833556200307159
2026-01-05,0.14249366126951607,-0.8674719705697743,1.2443936962496605,-0.3050259644607165,-0.48283707979538926,-0.5927419861083741,0.5257953238462474,0.05729244416139081,-0.08357128790524886,1.8953278281379993,1.0644819932392051,-0.7450453715391467,-1.8530912865253697
2026-01-06,0.08273315903946642,-0.8330422129174536,1.1449882349493314,-0.3092232534668844,-0.42503042055880774,-0.541259953984788,0.5157622872771919,0.04968852701266027,-0.1660115944390643,1.9765238242217544,1.1147702440962233,-0.7721356729969511,-1.8377631682326792
2026-01-07,0.029369453828717574,-0.758154066631673,1.0239917209508156,-0.26560377910447064,-0.37212279408419563,-0.4890718422044004,0.4728878765460536,0.06431151523368203,-0.2332887200278193,2.0769838839509687,1.1005682852703682,-0.7729556609576564,-1.87691587277039
2026-01-08,-0.0056921732517034185,-0.6844248293298631,0.9323919986253153,-0.21535563100809915,-0.33826567603642577,-0.42525627222059964,0.43462306791419425,0.08287293949412178,-0.3029312700699768,2.143316970968858,1.0866714906484538,-0.8099911740466349,-1.8979594416876413
2026-01-09,-0.043080908924408676,-0.6512802789991424,0.8822143120779211,-0.15685789424290905,-0.31226493309456865,-0.3976861786713423,0.4343962152119522,0.08592633038444644,-0.4108137723418747,2.198465690638534,1.0824691731639458,-0.8712427587978341,-1.8402449964047198
2026-01-12,-0.09185596361025057,-0.638903577448682,0.8265988014616129,-0.11168021994560687,-0.2802799421018206,-0.3803530811766469,0.42665330880148183,0.08149627111230483,-0.52442096141233,2.2743444445705125,1.074317287432003,-0.9114469939008236,-1.7444693737817554
2026-01-13,-0.13764465968399053,-0.614611115739703,0.8016301538398678,-0.07951968885588138,-0.25030992933737944,-0.363974567020848,0.42717459751399317,0.062080777958500054,-0.6524463305820233,2.3780106875128957,0.994351609019479,-0.9548021505293883,-1.609939384095521
2026-01-14,-0.1930231839071552,-0.6125737350832303,0.7865959458824113,-0.061306477405781344,-0.24040898317666196,-0.33975479279439647,0.4268143625154381,0.02884687668551156,-0.7549382285492657,2.46087219579997,0.9392973150530559,-0.9723798837803779,-1.4680414112395186
2026-01-15,-0.27189331346472,-0.6367940645442592,0.7641952513767514,-0.06606853176265232,-0.25558237097245096,-0.3305897405878038,0.3763293262636727,-0.005980167350626633,-0.8150241452653523,2.570412468971415,0.8992735756509079,-0.9508191878815093,-1.2774591004333722
2026-01-16,-0.3538247795136056,-0.6711122763573603,0.7362146749708457,-0.06737583168113746,-0.27914232339139927,-0.3274742060830711,0.29095669594691925,-0.05437340767414033,-0.8382641153090749,2.700465440956547,0.8254418640592295,-0.9318989953108424,-1.0296127406129103
2026-01-20,-0.4420437822505873,-0.6967401404204704,0.6863216002248468,-0.07243573347806859,-0.3158824562531321,-0.3283611719124581,0.16412520510658768,-0.14467736509864026,-0.8381623935796196,2.8357963034351705,0.7463015001182447,-0.8847817825245317,-0.7094597833673406
2026-01-21,-0.543053074655454,-0.7325570539540047,0.6180564329897548,-0.11033624540368424,-0.36726180588660656,-0.3363712985612324,0.04174309706180321,-0.21392059886017284,-0.8411490559871401,2.912235012150249,0.7215376414854886,-0.8084285418429843,-0.34049450853601687
2026-01-22,-0.6096423958899377,-0.7649562339544459,0.5615620000006085,-0.14299903913601328,-0.4022543031259379,-0.32628533709132423,-0.06752788519469212,-0.29882989496701645,-0.834701943800753,2.9492774072384487,0.6630469783906557,-0.714494910720754,-0.012194441748838231
2026-01-23,-0.6574514409001928,-0.7745737094378071,0.5123063708896998,-0.14809777140943142,-0.3887114753497734,-0.3235900192988521,-0.13474384251550048,-0.3891770501833204,-0.8399352196408731,2.957242478931099,0.5958737140563679,-0.6337809166066376,0.2246388814652206
2026-01-26,-0.6917837362952162,-0.7603239749252145,0.4686967343378664,-0.14189544811271942,-0.3628789527937186,-0.31638202887115,-0.20150224402801492,-0.46572376232404994,-0.8487126469204197,2.9512396338145543,0.5342234500753196,-0.5749836545583991,0.4100266306011623
2026-01-27,-0.7122831540379236,-0.7430524657547591,0.4263445910885636,-0.14339466767693743,-0.3313502304035047,-0.32715606203877107,-0.26644190364861087,-0.5352970681370222,-0.8599206881618359,2.9311661735266883,0.48858283193805135,-0.5073236430079426,0.580126286314004
2026-01-28,-0.7326419259452916,-0.7231769527631392,0.3797089547575455,-0.14163704697625382,-0.3106883174047523,-0.33442427128553515,-0.34572025950332097,-0.6058095506503534,-0.8610199567002074,2.890783567444309,0.4387801150596956,-0.43155994572517026,0.7774055896924739
2026-01-29,-0.7504297522458999,-0.7026453716975299,0.3287381030952584,-0.15087484942897197,-0.29453131978729447,-0.3427702727476338,-0.4034469455300478,-0.6694265054520927,-0.8603292039364245,2.8330724740541644,0.38979168755243637,-0.3537038754203088,0.9765558315443451
