date,AAPL,MSFT,GOOGL,AMZN,META,NVDA,TSLA,PLTR,AVGO,MU,GEV,VRT,BE
2013-01-02,0.0,0.0,0.0,0.0,0.0,0.0,0.0,0.0,0.0,0.0,0.0,0.0,0.0
2013-01-03,0.0,0.0,0.0,0.0,0.0,0.0,0.0,0.0,0.0,0.0,0.0,0.0,0.0
2013-01-04,0.0,0.0,0.0,0.0,0.0,0.0,0.0,0.0,0.0,0.0,0.0,0.0,0.0
2013-01-07,0.0,0.0,0.0,0.0,0.0,0.0,0.0,0.0,0.0,0.0,0.0,0.0,0.0
2013-01-08,0.0,0.0,0.0,0.0,0.0,0.0,0.0,0.0,0.0,0.0,0.0,0.0,0.0
2013-01-09,0.0,0.0,0.0,0.0,0.0,0.0,0.0,0.0,0.0,0.0,0.0,0.0,0.0
2013-01-10,0.0,0.0,0.0,0.0,0.0,0.0,0.0,0.0,0.0,0.0,0.0,0.0,0.0
2013-01-11,0.0,0.0,0.0,0.0,0.0,0.0,0.0,0.0,0.0,0.0,0.0,0.0,0.0
2013-01-14,0.0,0.0,0.0,0.0,0.0,0.0,0.0,0.0,0.0,0.0,0.0,0.0,0.0
2013-01-15,0.0,0.0,0.0,0.0,0.0,0.0,0.0,0.0,0.0,0.0,0.0,0.0,0.0
2013-01-16,0.0,0.0,0.0,0.0,0.0,0.0,0.0,0.0,0.0,0.0,0.0,0.0,0.0
2013-01-17,0.0,0.0,0.0,0.0,0.0,0.0,0.0,0.0,0.0,0.0,0.0,0.0,0.0
2013-01-18,0.0,0.0,0.0,0.0,0.0,0.0,0.0,0.0,0.0,0.0,0.0,0.0,0.0
2013-01-22,0.0,0.0,0.0,0.0,0.0,0.0,0.0,0.0,0.0,0.0,0.0,0.0,0.0
2013-01-23,0.0,0.0,0.0,0.0,0.0,0.0,0.0,0.0,0.0,0.0,0.0,0.0,0.0
2013-01-24,0.0,0.0,0.0,0.0,0.0,0.0,0.0,0.0,0.0,0.0,0.0,0.0,0.0
2013-01-25,0.0,0.0,0.0,0.0,0.0,0.0,0.0,0.0,0.0,0.0,0.0,0.0,0.0
2013-01-28,0.0,0.0,0.0,0.0,0.0,0.0,0.0,0.0,0.0,0.0,0.0,0.0,0.0
2013-01-29,0.0,0.0,0.0,0.0,0.0,0.0,0.0,0.0,0.0,0.0,0.0,0.0,0.0
2013-01-30,0.0,0.0,0.0,0.0,0.0,0.0,0.0,0.0,0.0,0.0,0.0,0.0,0.0
2013-01-31,0.0,0.0,0.0,0.0,0.0,0.0,0.0,0.0,0.0,0.0,0.0,0.0,0.0
2013-02-01,0.0,0.0,0.0,0.0,0.0,0.0,0.0,0.0,0.0,0.0,0.0,0.0,0.0
2013-02-04,0.0,0.0,0.0,0.0,0.0,0.0,0.0,0.0,0.0,0.0,0.0,0.0,0.0
2013-02-05,0.0,0.0,0.0,0.0,0.0,0.0,0.0,0.0,0.0,0.0,0.0,0.0,0.0
2013-02-06,0.0,0.0,0.0,0.0,0.0,0.0,0.0,0.0,0.0,0.0,0.0,0.0,0.0
2013-02-07,0.0,0.0,0.0,0.0,0.0,0.0,0.0,0.0,0.0,0.0,0.0,0.0,0.0
2013-02-08,0.0,0.0,0.0,0.0,0.0,0.0,0.0,0.0,0.0,0.0,0.0,0.0,0.0
2013-02-11,0.0,0.0,0.0,0.0,0.0,0.0,0.0,0.0,0.0,0.0,0.0,0.0,0.0
2013-02-12,0.0,0.0,0.0,0.0,0.0,0.0,0.0,0.0,0.0,0.0,0.0,0.0,0.0
2013-02-13,0.0,0.0,0.0,0.0,0.0,0.0,0.0,0.0,0.0,0.0,0.0,0.0,0.0
2013-02-14,0.0,0.0,0.0,0.0,0.0,0.0,0.0,0.0,0.0,0.0,0.0,0.0,0.0
2013-02-15,0.0,0.0,0.0,0.0,0.0,0.0,0.0,0.0,0.0,0.0,0.0,0.0,0.0
2013-02-19,0.0,0.0,0.0,0.0,0.0,0.0,0.0,0.0,0.0,0.0,0.0,0.0,0.0
2013-02-20,0.0,0.0,0.0,0.0,0.0,0.0,0.0,0.0,0.0,0.0,0.0,0.0,0.0
2013-02-21,0.0,0.0,0.0,0.0,0.0,0.0,0.0,0.0,0.0,0.0,0.0,0.0,0.0
2013-02-22,0.0,0.0,0.0,0.0,0.0,0.0,0.0,0.0,0.0,0.0,0.0,0.0,0.0
2013-02-25,0.0,0.0,0.0,0.0,0.0,0.0,0.0,0.0,0.0,0.0,0.0,0.0,0.0
2013-02-26,0.0,0.0,0.0,0.0,0.0,0.0,0.0,0.0,0.0,0.0,0.0,0.0,0.0
2013-02-27,0.0,0.0,0.0,0.0,0.0,0.0,0.0,0.0,0.0,0.0,0.0,0.0,0.0
2013-02-28,0.0,0.0,0.0,0.0,0.0,0.0,0.0,0.0,0.0,0.0,0.0,0.0,0.0
2013-03-01,0.0,0.0,0.0,0.0,0.0,0.0,0.0,0.0,0.0,0.0,0.0,0.0,0.0
2013-03-04,0.0,0.0,0.0,0.0,0.0,0.0,0.0,0.0,0.0,0.0,0.0,0.0,0.0
2013-03-05,0.0,0.0,0.0,0.0,0.0,0.0,0.0,0.0,0.0,0.0,0.0,0.0,0.0
2013-03-06,0.0,0.0,0.0,0.0,0.0,0.0,0.0,0.0,0.0,0.0,0.0,0.0,0.0
2013-03-07,0.0,0.0,0.0,0.0,0.0,0.0,0.0,0.0,0.0,0.0,0.0,0.0,0.0
2013-03-08,0.0,0.0,0.0,0.0,0.0,0.0,0.0,0.0,0.0,0.0,0.0,0.0,0.0
2013-03-11,0.0,0.0,0.0,0.0,0.0,0.0,0.0,0.0,0.0,0.0,0.0,0.0,0.0
2013-03-12,0.0,0.0,0.0,0.0,0.0,0.0,0.0,0.0,0.0,0.0,0.0,0.0,0.0
2013-03-13,0.0,0.0,0.0,0.0,0.0,0.0,0.0,0.0,0.0,0.0,0.0,0.0,0.0
2013-03-14,0.0,0.0,0.0,0.0,0.0,0.0,0.0,0.0,0.0,0.0,0.0,0.0,0.0
2013-03-15,0.0,0.0,0.0,0.0,0.0,0.0,0.0,0.0,0.0,0.0,0.0,0.0,0.0
2013-03-18,0.0,0.0,0.0,0.0,0.0,0.0,0.0,0.0,0.0,0.0,0.0,0.0,0.0
2013-03-19,0.0,0.0,0.0,0.0,0.0,0.0,0.0,0.0,0.0,0.0,0.0,0.0,0.0
2013-03-20,0.0,0.0,0.0,0.0,0.0,0.0,0.0,0.0,0.0,0.0,0.0,0.0,0.0
2013-03-21,0.0,0.0,0.0,0.0,0.0,0.0,0.0,0.0,0.0,0.0,0.0,0.0,0.0
2013-03-22,0.0,0.0,0.0,0.0,0.0,0.0,0.0,0.0,0.0,0.0,0.0,0.0,0.0
2013-03-25,0.0,0.0,0.0,0.0,0.0,0.0,0.0,0.0,0.0,0.0,0.0,0.0,0.0
2013-03-26,0.0,0.0,0.0,0.0,0.0,0.0,0.0,0.0,0.0,0.0,0.0,0.0,0.0
2013-03-27,0.0,0.0,0.0,0.0,0.0,0.0,0.0,0.0,0.0,0.0,0.0,0.0,0.0
2013-03-28,0.0,0.0,0.0,0.0,0.0,0.0,0.0,0.0,0.0,0.0,0.0,0.0,0.0
2013-04-01,0.0,0.0,0.0,0.0,0.0,0.0,0.0,0.0,0.0,0.0,0.0,0.0,0.0
2013-04-02,0.0,0.0,0.0,0.0,0.0,0.0,0.0,0.0,0.0,0.0,0.0,0.0,0.0
2013-04-03,0.0,0.0,0.0,0.0,0.0,0.0,0.0,0.0,0.0,0.0,0.0,0.0,0.0
2013-04-04,0.0,0.0,0.0,0.0,0.0,0.0,0.0,0.0,0.0,0.0,0.0,0.0,0.0
2013-04-05,0.0,0.0,0.0,0.0,0.0,0.0,0.0,0.0,0.0,0.0,0.0,0.0,0.0
2013-04-08,0.0,0.0,0.0,0.0,0.0,0.0,0.0,0.0,0.0,0.0,0.0,0.0,0.0
2013-04-09,0.0,0.0,0.0,0.0,0.0,0.0,0.0,0.0,0.0,0.0,0.0,0.0,0.0
2013-04-10,0.0,0.0,0.0,0.0,0.0,0.0,0.0,0.0,0.0,0.0,0.0,0.0,0.0
2013-04-11,0.0,0.0,0.0,0.0,0.0,0.0,0.0,0.0,0.0,0.0,0.0,0.0,0.0
2013-04-12,0.0,0.0,0.0,0.0,0.0,0.0,0.0,0.0,0.0,0.0,0.0,0.0,0.0
2013-04-15,0.0,0.0,0.0,0.0,0.0,0.0,0.0,0.0,0.0,0.0,0.0,0.0,0.0
2013-04-16,0.0,0.0,0.0,0.0,0.0,0.0,0.0,0.0,0.0,0.0,0.0,0.0,0.0
2013-04-17,0.0,0.0,0.0,0.0,0.0,0.0,0.0,0.0,0.0,0.0,0.0,0.0,0.0
2013-04-18,0.0,0.0,0.0,0.0,0.0,0.0,0.0,0.0,0.0,0.0,0.0,0.0,0.0
2013-04-19,0.0,0.0,0.0,0.0,0.0,0.0,0.0,0.0,0.0,0.0,0.0,0.0,0.0
2013-04-22,0.0,0.0,0.0,0.0,0.0,0.0,0.0,0.0,0.0,0.0,0.0,0.0,0.0
2013-04-23,0.0,0.0,0.0,0.0,0.0,0.0,0.0,0.0,0.0,0.0,0.0,0.0,0.0
2013-04-24,0.0,0.0,0.0,0.0,0.0,0.0,0.0,0.0,0.0,0.0,0.0,0.0,0.0
2013-04-25,0.0,0.0,0.0,0.0,0.0,0.0,0.0,0.0,0.0,0.0,0.0,0.0,0.0
2013-04-26,0.0,0.0,0.0,0.0,0.0,0.0,0.0,0.0,0.0,0.0,0.0,0.0,0.0
2013-04-29,0.0,0.0,0.0,0.0,0.0,0.0,0.0,0.0,0.0,0.0,0.0,0.0,0.0
2013-04-30,0.0,0.0,0.0,0.0,0.0,0.0,0.0,0.0,0.0,0.0,0.0,0.0,0.0
2013-05-01,0.0,0.0,0.0,0.0,0.0,0.0,0.0,0.0,0.0,0.0,0.0,0.0,0.0
2013-05-02,0.0,0.0,0.0,0.0,0.0,0.0,0.0,0.0,0.0,0.0,0.0,0.0,0.0
2013-05-03,0.0,0.0,0.0,0.0,0.0,0.0,0.0,0.0,0.0,0.0,0.0,0.0,0.0
2013-05-06,0.0,0.0,0.0,0.0,0.0,0.0,0.0,0.0,0.0,0.0,0.0,0.0,0.0
2013-05-07,0.0,0.0,0.0,0.0,0.0,0.0,0.0,0.0,0.0,0.0,0.0,0.0,0.0
2013-05-08,0.0,0.0,0.0,0.0,0.0,0.0,0.0,0.0,0.0,0.0,0.0,0.0,0.0
2013-05-09,0.0,0.0,0.0,0.0,0.0,0.0,0.0,0.0,0.0,0.0,0.0,0.0,0.0
2013-05-10,0.0,0.0,0.0,0.0,0.0,0.0,0.0,0.0,0.0,0.0,0.0,0.0,0.0
2013-05-13,0.0,0.0,0.0,0.0,0.0,0.0,0.0,0.0,0.0,0.0,0.0,0.0,0.0
2013-05-14,0.0,0.0,0.0,0.0,0.0,0.0,0.0,0.0,0.0,0.0,0.0,0.0,0.0
2013-05-15,0.0,0.0,0.0,0.0,0.0,0.0,0.0,0.0,0.0,0.0,0.0,0.0,0.0
2013-05-16,0.0,0.0,0.0,0.0,0.0,0.0,0.0,0.0,0.0,0.0,0.0,0.0,0.0
2013-05-17,0.0,0.0,0.0,0.0,0.0,0.0,0.0,0.0,0.0,0.0,0.0,0.0,0.0
2013-05-20,0.0,0.0,0.0,0.0,0.0,0.0,0.0,0.0,0.0,0.0,0.0,0.0,0.0
2013-05-21,0.0,0.0,0.0,0.0,0.0,0.0,0.0,0.0,0.0,0.0,0.0,0.0,0.0
2013-05-22,0.0,0.0,0.0,0.0,0.0,0.0,0.0,0.0,0.0,0.0,0.0,0.0,0.0
2013-05-23,0.0,0.0,0.0,0.0,0.0,0.0,0.0,0.0,0.0,0.0,0.0,0.0,0.0
2013-05-24,0.0,0.0,0.0,0.0,0.0,0.0,0.0,0.0,0.0,0.0,0.0,0.0,0.0
2013-05-28,0.0,0.0,0.0,0.0,0.0,0.0,0.0,0.0,0.0,0.0,0.0,0.0,0.0
2013-05-29,0.0,0.0,0.0,0.0,0.0,0.0,0.0,0.0,0.0,0.0,0.0,0.0,0.0
2013-05-30,0.0,0.0,0.0,0.0,0.0,0.0,0.0,0.0,0.0,0.0,0.0,0.0,0.0
2013-05-31,0.0,0.0,0.0,0.0,0.0,0.0,0.0,0.0,0.0,0.0,0.0,0.0,0.0
2013-06-03,0.0,0.0,0.0,0.0,0.0,0.0,0.0,0.0,0.0,0.0,0.0,0.0,0.0
2013-06-04,0.0,0.0,0.0,0.0,0.0,0.0,0.0,0.0,0.0,0.0,0.0,0.0,0.0
2013-06-05,0.0,0.0,0.0,0.0,0.0,0.0,0.0,0.0,0.0,0.0,0.0,0.0,0.0
2013-06-06,0.0,0.0,0.0,0.0,0.0,0.0,0.0,0.0,0.0,0.0,0.0,0.0,0.0
2013-06-07,0.0,0.0,0.0,0.0,0.0,0.0,0.0,0.0,0.0,0.0,0.0,0.0,0.0
2013-06-10,0.0,0.0,0.0,0.0,0.0,0.0,0.0,0.0,0.0,0.0,0.0,0.0,0.0
2013-06-11,0.0,0.0,0.0,0.0,0.0,0.0,0.0,0.0,0.0,0.0,0.0,0.0,0.0
2013-06-12,0.0,0.0,0.0,0.0,0.0,0.0,0.0,0.0,0.0,0.0,0.0,0.0,0.0
2013-06-13,0.0,0.0,0.0,0.0,0.0,0.0,0.0,0.0,0.0,0.0,0.0,0.0,0.0
2013-06-14,0.0,0.0,0.0,0.0,0.0,0.0,0.0,0.0,0.0,0.0,0.0,0.0,0.0
2013-06-17,0.0,0.0,0.0,0.0,0.0,0.0,0.0,0.0,0.0,0.0,0.0,0.0,0.0
2013-06-18,0.0,0.0,0.0,0.0,0.0,0.0,0.0,0.0,0.0,0.0,0.0,0.0,0.0
2013-06-19,0.0,0.0,0.0,0.0,0.0,0.0,0.0,0.0,0.0,0.0,0.0,0.0,0.0
2013-06-20,0.0,0.0,0.0,0.0,0.0,0.0,0.0,0.0,0.0,0.0,0.0,0.0,0.0
2013-06-21,0.0,0.0,0.0,0.0,0.0,0.0,0.0,0.0,0.0,0.0,0.0,0.0,0.0
2013-06-24,0.0,0.0,0.0,0.0,0.0,0.0,0.0,0.0,0.0,0.0,0.0,0.0,0.0
2013-06-25,0.0,0.0,0.0,0.0,0.0,0.0,0.0,0.0,0.0,0.0,0.0,0.0,0.0
2013-06-26,0.0,0.0,0.0,0.0,0.0,0.0,0.0,0.0,0.0,0.0,0.0,0.0,0.0
2013-06-27,0.0,0.0,0.0,0.0,0.0,0.0,0.0,0.0,0.0,0.0,0.0,0.0,0.0
2013-06-28,0.0,0.0,0.0,0.0,0.0,0.0,0.0,0.0,0.0,0.0,0.0,0.0,0.0
2013-07-01,0.0,0.0,0.0,0.0,0.0,0.0,0.0,0.0,0.0,0.0,0.0,0.0,0.0
2013-07-02,0.0,0.0,0.0,0.0,0.0,0.0,0.0,0.0,0.0,0.0,0.0,0.0,0.0
2013-07-03,0.0,0.0,0.0,0.0,0.0,0.0,0.0,0.0,0.0,0.0,0.0,0.0,0.0
2013-07-05,0.0,0.0,0.0,0.0,0.0,0.0,0.0,0.0,0.0,0.0,0.0,0.0,0.0
2013-07-08,0.0,0.0,0.0,0.0,0.0,0.0,0.0,0.0,0.0,0.0,0.0,0.0,0.0
2013-07-09,0.0,0.0,0.0,0.0,0.0,0.0,0.0,0.0,0.0,0.0,0.0,0.0,0.0
2013-07-10,0.0,0.0,0.0,0.0,0.0,0.0,0.0,0.0,0.0,0.0,0.0,0.0,0.0
2013-07-11,0.0,0.0,0.0,0.0,0.0,0.0,0.0,0.0,0.0,0.0,0.0,0.0,0.0
2013-07-12,0.0,0.0,0.0,0.0,0.0,0.0,0.0,0.0,0.0,0.0,0.0,0.0,0.0
2013-07-15,0.0,0.0,0.0,0.0,0.0,0.0,0.0,0.0,0.0,0.0,0.0,0.0,0.0
2013-07-16,0.0,0.0,0.0,0.0,0.0,0.0,0.0,0.0,0.0,0.0,0.0,0.0,0.0
2013-07-17,0.0,0.0,0.0,0.0,0.0,0.0,0.0,0.0,0.0,0.0,0.0,0.0,0.0
2013-07-18,0.0,0.0,0.0,0.0,0.0,0.0,0.0,0.0,0.0,0.0,0.0,0.0,0.0
2013-07-19,0.0,0.0,0.0,0.0,0.0,0.0,0.0,0.0,0.0,0.0,0.0,0.0,0.0
2013-07-22,0.0,0.0,0.0,0.0,0.0,0.0,0.0,0.0,0.0,0.0,0.0,0.0,0.0
2013-07-23,0.0,0.0,0.0,0.0,0.0,0.0,0.0,0.0,0.0,0.0,0.0,0.0,0.0
2013-07-24,0.0,0.0,0.0,0.0,0.0,0.0,0.0,0.0,0.0,0.0,0.0,0.0,0.0
2013-07-25,0.0,0.0,0.0,0.0,0.0,0.0,0.0,0.0,0.0,0.0,0.0,0.0,0.0
2013-07-26,0.0,0.0,0.0,0.0,0.0,0.0,0.0,0.0,0.0,0.0,0.0,0.0,0.0
2013-07-29,0.0,0.0,0.0,0.0,0.0,0.0,0.0,0.0,0.0,0.0,0.0,0.0,0.0
2013-07-30,0.0,0.0,0.0,0.0,0.0,0.0,0.0,0.0,0.0,0.0,0.0,0.0,0.0
2013-07-31,0.0,0.0,0.0,0.0,0.0,0.0,0.0,0.0,0.0,0.0,0.0,0.0,0.0
2013-08-01,0.0,0.0,0.0,0.0,0.0,0.0,0.0,0.0,0.0,0.0,0.0,0.0,0.0
2013-08-02,0.0,0.0,0.0,0.0,0.0,0.0,0.0,0.0,0.0,0.0,0.0,0.0,0.0
2013-08-05,0.0,0.0,0.0,0.0,0.0,0.0,0.0,0.0,0.0,0.0,0.0,0.0,0.0
2013-08-06,0.0,0.0,0.0,0.0,0.0,0.0,0.0,0.0,0.0,0.0,0.0,0.0,0.0
2013-08-07,0.0,0.0,0.0,0.0,0.0,0.0,0.0,0.0,0.0,0.0,0.0,0.0,0.0
2013-08-08,0.0,0.0,0.0,0.0,0.0,0.0,0.0,0.0,0.0,0.0,0.0,0.0,0.0
2013-08-09,0.0,0.0,0.0,0.0,0.0,0.0,0.0,0.0,0.0,0.0,0.0,0.0,0.0
2013-08-12,0.0,0.0,0.0,0.0,0.0,0.0,0.0,0.0,0.0,0.0,0.0,0.0,0.0
2013-08-13,0.0,0.0,0.0,0.0,0.0,0.0,0.0,0.0,0.0,0.0,0.0,0.0,0.0
2013-08-14,0.0,0.0,0.0,0.0,0.0,0.0,0.0,0.0,0.0,0.0,0.0,0.0,0.0
2013-08-15,0.0,0.0,0.0,0.0,0.0,0.0,0.0,0.0,0.0,0.0,0.0,0.0,0.0
2013-08-16,0.0,0.0,0.0,0.0,0.0,0.0,0.0,0.0,0.0,0.0,0.0,0.0,0.0
2013-08-19,0.0,0.0,0.0,0.0,0.0,0.0,0.0,0.0,0.0,0.0,0.0,0.0,0.0
2013-08-20,0.0,0.0,0.0,0.0,0.0,0.0,0.0,0.0,0.0,0.0,0.0,0.0,0.0
2013-08-21,0.0,0.0,0.0,0.0,0.0,0.0,0.0,0.0,0.0,0.0,0.0,0.0,0.0
2013-08-22,0.0,0.0,0.0,0.0,0.0,0.0,0.0,0.0,0.0,0.0,0.0,0.0,0.0
2013-08-23,0.0,0.0,0.0,0.0,0.0,0.0,0.0,0.0,0.0,0.0,0.0,0.0,0.0
2013-08-26,0.0,0.0,0.0,0.0,0.0,0.0,0.0,0.0,0.0,0.0,0.0,0.0,0.0
2013-08-27,0.0,0.0,0.0,0.0,0.0,0.0,0.0,0.0,0.0,0.0,0.0,0.0,0.0
2013-08-28,0.0,0.0,0.0,0.0,0.0,0.0,0.0,0.0,0.0,0.0,0.0,0.0,0.0
2013-08-29,0.0,0.0,0.0,0.0,0.0,0.0,0.0,0.0,0.0,0.0,0.0,0.0,0.0
2013-08-30,0.0,0.0,0.0,0.0,0.0,0.0,0.0,0.0,0.0,0.0,0.0,0.0,0.0
2013-09-03,0.0,0.0,0.0,0.0,0.0,0.0,0.0,0.0,0.0,0.0,0.0,0.0,0.0
2013-09-04,0.0,0.0,0.0,0.0,0.0,0.0,0.0,0.0,0.0,0.0,0.0,0.0,0.0
2013-09-05,0.0,0.0,0.0,0.0,0.0,0.0,0.0,0.0,0.0,0.0,0.0,0.0,0.0
2013-09-06,0.0,0.0,0.0,0.0,0.0,0.0,0.0,0.0,0.0,0.0,0.0,0.0,0.0
2013-09-09,0.0,0.0,0.0,0.0,0.0,0.0,0.0,0.0,0.0,0.0,0.0,0.0,0.0
2013-09-10,0.0,0.0,0.0,0.0,0.0,0.0,0.0,0.0,0.0,0.0,0.0,0.0,0.0
2013-09-11,0.0,0.0,0.0,0.0,0.0,0.0,0.0,0.0,0.0,0.0,0.0,0.0,0.0
2013-09-12,0.0,0.0,0.0,0.0,0.0,0.0,0.0,0.0,0.0,0.0,0.0,0.0,0.0
2013-09-13,0.0,0.0,0.0,0.0,0.0,0.0,0.0,0.0,0.0,0.0,0.0,0.0,0.0
2013-09-16,0.0,0.0,0.0,0.0,0.0,0.0,0.0,0.0,0.0,0.0,0.0,0.0,0.0
2013-09-17,0.0,0.0,0.0,0.0,0.0,0.0,0.0,0.0,0.0,0.0,0.0,0.0,0.0
2013-09-18,0.0,0.0,0.0,0.0,0.0,0.0,0.0,0.0,0.0,0.0,0.0,0.0,0.0
2013-09-19,0.0,0.0,0.0,0.0,0.0,0.0,0.0,0.0,0.0,0.0,0.0,0.0,0.0
2013-09-20,0.0,0.0,0.0,0.0,0.0,0.0,0.0,0.0,0.0,0.0,0.0,0.0,0.0
2013-09-23,0.0,0.0,0.0,0.0,0.0,0.0,0.0,0.0,0.0,0.0,0.0,0.0,0.0
2013-09-24,0.0,0.0,0.0,0.0,0.0,0.0,0.0,0.0,0.0,0.0,0.0,0.0,0.0
2013-09-25,0.0,0.0,0.0,0.0,0.0,0.0,0.0,0.0,0.0,0.0,0.0,0.0,0.0
2013-09-26,0.0,0.0,0.0,0.0,0.0,0.0,0.0,0.0,0.0,0.0,0.0,0.0,0.0
2013-09-27,0.0,0.0,0.0,0.0,0.0,0.0,0.0,0.0,0.0,0.0,0.0,0.0,0.0
2013-09-30,0.0,0.0,0.0,0.0,0.0,0.0,0.0,0.0,0.0,0.0,0.0,0.0,0.0
2013-10-01,0.0,0.0,0.0,0.0,0.0,0.0,0.0,0.0,0.0,0.0,0.0,0.0,0.0
2013-10-02,0.0,0.0,0.0,0.0,0.0,0.0,0.0,0.0,0.0,0.0,0.0,0.0,0.0
2013-10-03,0.0,0.0,0.0,0.0,0.0,0.0,0.0,0.0,0.0,0.0,0.0,0.0,0.0
2013-10-04,0.0,0.0,0.0,0.0,0.0,0.0,0.0,0.0,0.0,0.0,0.0,0.0,0.0
2013-10-07,0.0,0.0,0.0,0.0,0.0,0.0,0.0,0.0,0.0,0.0,0.0,0.0,0.0
2013-10-08,0.0,0.0,0.0,0.0,0.0,0.0,0.0,0.0,0.0,0.0,0.0,0.0,0.0
2013-10-09,0.0,0.0,0.0,0.0,0.0,0.0,0.0,0.0,0.0,0.0,0.0,0.0,0.0
2013-10-10,0.0,0.0,0.0,0.0,0.0,0.0,0.0,0.0,0.0,0.0,0.0,0.0,0.0
2013-10-11,0.0,0.0,0.0,0.0,0.0,0.0,0.0,0.0,0.0,0.0,0.0,0.0,0.0
2013-10-14,0.0,0.0,0.0,0.0,0.0,0.0,0.0,0.0,0.0,0.0,0.0,0.0,0.0
2013-10-15,0.0,0.0,0.0,0.0,0.0,0.0,0.0,0.0,0.0,0.0,0.0,0.0,0.0
2013-10-16,0.0,0.0,0.0,0.0,0.0,0.0,0.0,0.0,0.0,0.0,0.0,0.0,0.0
2013-10-17,0.0,0.0,0.0,0.0,0.0,0.0,0.0,0.0,0.0,0.0,0.0,0.0,0.0
2013-10-18,0.0,0.0,0.0,0.0,0.0,0.0,0.0,0.0,0.0,0.0,0.0,0.0,0.0
2013-10-21,0.0,0.0,0.0,0.0,0.0,0.0,0.0,0.0,0.0,0.0,0.0,0.0,0.0
2013-10-22,0.0,0.0,0.0,0.0,0.0,0.0,0.0,0.0,0.0,0.0,0.0,0.0,0.0
2013-10-23,0.0,0.0,0.0,0.0,0.0,0.0,0.0,0.0,0.0,0.0,0.0,0.0,0.0
2013-10-24,0.0,0.0,0.0,0.0,0.0,0.0,0.0,0.0,0.0,0.0,0.0,0.0,0.0
2013-10-25,0.0,0.0,0.0,0.0,0.0,0.0,0.0,0.0,0.0,0.0,0.0,0.0,0.0
2013-10-28,0.0,0.0,0.0,0.0,0.0,0.0,0.0,0.0,0.0,0.0,0.0,0.0,0.0
2013-10-29,0.0,0.0,0.0,0.0,0.0,0.0,0.0,0.0,0.0,0.0,0.0,0.0,0.0
2013-10-30,0.0,0.0,0.0,0.0,0.0,0.0,0.0,0.0,0.0,0.0,0.0,0.0,0.0
2013-10-31,0.0,0.0,0.0,0.0,0.0,0.0,0.0,0.0,0.0,0.0,0.0,0.0,0.0
2013-11-01,0.0,0.0,0.0,0.0,0.0,0.0,0.0,0.0,0.0,0.0,0.0,0.0,0.0
2013-11-04,0.0,0.0,0.0,0.0,0.0,0.0,0.0,0.0,0.0,0.0,0.0,0.0,0.0
2013-11-05,0.0,0.0,0.0,0.0,0.0,0.0,0.0,0.0,0.0,0.0,0.0,0.0,0.0
2013-11-06,0.0,0.0,0.0,0.0,0.0,0.0,0.0,0.0,0.0,0.0,0.0,0.0,0.0
2013-11-07,0.0,0.0,0.0,0.0,0.0,0.0,0.0,0.0,0.0,0.0,0.0,0.0,0.0
2013-11-08,0.0,0.0,0.0,0.0,0.0,0.0,0.0,0.0,0.0,0.0,0.0,0.0,0.0
2013-11-11,0.0,0.0,0.0,0.0,0.0,0.0,0.0,0.0,0.0,0.0,0.0,0.0,0.0
2013-11-12,0.0,0.0,0.0,0.0,0.0,0.0,0.0,0.0,0.0,0.0,0.0,0.0,0.0
2013-11-13,0.0,0.0,0.0,0.0,0.0,0.0,0.0,0.0,0.0,0.0,0.0,0.0,0.0
2013-11-14,0.0,0.0,0.0,0.0,0.0,0.0,0.0,0.0,0.0,0.0,0.0,0.0,0.0
2013-11-15,0.0,0.0,0.0,0.0,0.0,0.0,0.0,0.0,0.0,0.0,0.0,0.0,0.0
2013-11-18,0.0,0.0,0.0,0.0,0.0,0.0,0.0,0.0,0.0,0.0,0.0,0.0,0.0
2013-11-19,0.0,0.0,0.0,0.0,0.0,0.0,0.0,0.0,0.0,0.0,0.0,0.0,0.0
2013-11-20,0.0,0.0,0.0,0.0,0.0,0.0,0.0,0.0,0.0,0.0,0.0,0.0,0.0
2013-11-21,0.0,0.0,0.0,0.0,0.0,0.0,0.0,0.0,0.0,0.0,0.0,0.0,0.0
2013-11-22,0.0,0.0,0.0,0.0,0.0,0.0,0.0,0.0,0.0,0.0,0.0,0.0,0.0
2013-11-25,0.0,0.0,0.0,0.0,0.0,0.0,0.0,0.0,0.0,0.0,0.0,0.0,0.0
2013-11-26,0.0,0.0,0.0,0.0,0.0,0.0,0.0,0.0,0.0,0.0,0.0,0.0,0.0
2013-11-27,0.0,0.0,0.0,0.0,0.0,0.0,0.0,0.0,0.0,0.0,0.0,0.0,0.0
2013-11-29,0.0,0.0,0.0,0.0,0.0,0.0,0.0,0.0,0.0,0.0,0.0,0.0,0.0
2013-12-02,0.0,0.0,0.0,0.0,0.0,0.0,0.0,0.0,0.0,0.0,0.0,0.0,0.0
2013-12-03,0.0,0.0,0.0,0.0,0.0,0.0,0.0,0.0,0.0,0.0,0.0,0.0,0.0
2013-12-04,0.0,0.0,0.0,0.0,0.0,0.0,0.0,0.0,0.0,0.0,0.0,0.0,0.0
2013-12-05,0.0,0.0,0.0,0.0,0.0,0.0,0.0,0.0,0.0,0.0,0.0,0.0,0.0
2013-12-06,0.0,0.0,0.0,0.0,0.0,0.0,0.0,0.0,0.0,0.0,0.0,0.0,0.0
2013-12-09,0.0,0.0,0.0,0.0,0.0,0.0,0.0,0.0,0.0,0.0,0.0,0.0,0.0
2013-12-10,0.0,0.0,0.0,0.0,0.0,0.0,0.0,0.0,0.0,0.0,0.0,0.0,0.0
2013-12-11,0.0,0.0,0.0,0.0,0.0,0.0,0.0,0.0,0.0,0.0,0.0,0.0,0.0
2013-12-12,0.0,0.0,0.0,0.0,0.0,0.0,0.0,0.0,0.0,0.0,0.0,0.0,0.0
2013-12-13,0.0,0.0,0.0,0.0,0.0,0.0,0.0,0.0,0.0,0.0,0.0,0.0,0.0
2013-12-16,0.0,0.0,0.0,0.0,0.0,0.0,0.0,0.0,0.0,0.0,0.0,0.0,0.0
2013-12-17,0.0,0.0,0.0,0.0,0.0,0.0,0.0,0.0,0.0,0.0,0.0,0.0,0.0
2013-12-18,0.0,0.0,0.0,0.0,0.0,0.0,0.0,0.0,0.0,0.0,0.0,0.0,0.0
2013-12-19,0.0,0.0,0.0,0.0,0.0,0.0,0.0,0.0,0.0,0.0,0.0,0.0,0.0
2013-12-20,0.0,0.0,0.0,0.0,0.0,0.0,0.0,0.0,0.0,0.0,0.0,0.0,0.0
2013-12-23,0.0,0.0,0.0,0.0,0.0,0.0,0.0,0.0,0.0,0.0,0.0,0.0,0.0
2013-12-24,0.0,0.0,0.0,0.0,0.0,0.0,0.0,0.0,0.0,0.0,0.0,0.0,0.0
2013-12-26,0.0,0.0,0.0,0.0,0.0,0.0,0.0,0.0,0.0,0.0,0.0,0.0,0.0
2013-12-27,0.0,0.0,0.0,0.0,0.0,0.0,0.0,0.0,0.0,0.0,0.0,0.0,0.0
2013-12-30,0.0,0.0,0.0,0.0,0.0,0.0,0.0,0.0,0.0,0.0,0.0,0.0,0.0
2013-12-31,0.0,0.0,0.0,0.0,0.0,0.0,0.0,0.0,0.0,0.0,0.0,0.0,0.0
2014-01-02,0.0,0.0,0.0,0.0,0.0,0.0,0.0,0.0,0.0,0.0,0.0,0.0,0.0
2014-01-03,-0.6639477209393616,-0.17428584898673405,-0.1455464122357004,-0.06506815889450418,0.12372984392862058,-0.3782731496363854,2.337392047989554,-0.6992822644249083,-0.20730796097872614,1.9704364174528688,-0.6992822644249083,-0.6992822644249083,-0.6992822644249083
2014-01-06,-0.5804887623834938,-0.18512215679072472,-0.17773918639457786,-0.14348944100990166,0.06034792110871549,-0.37875825699574744,2.65665046710798,-0.6547771210449567,-0.24389763075694879,1.6116055302945265,-0.6547771210449567,-0.6547771210449567,-0.6547771210449567
2014-01-07,-0.5610757899859392,-0.1257855696645243,-0.19782134770763132,-0.13775689065539345,0.08061701799645152,-0.40821901895258833,2.628433574567082,-0.6685075858700275,-0.24237866185258009,1.6380170297352359,-0.6685075858700275,-0.6685075858700275,-0.6685075858700275
2014-01-08,-0.5459203566847667,-0.15804365439534473,-0.1883646984492928,-0.19577558985968474,0.034152699210194794,-0.3876997487405128,2.7040349015483676,-0.6672251976618274,-0.12438814967490976,1.5309053876932595,-0.6672251976618274,-0.6672251976618274,-0.6672251976618274
2014-01-09,-0.5711447731504787,-0.14244919931349923,-0.17449832458973694,-0.18131990007271392,0.03209390591978387,-0.3841607238009376,2.6635173807602155,-0.6717471547727836,-0.1430661511037391,1.588016404442241,-0.6717471547727836,-0.6717471547727836,-0.6717471547727836
2014-01-10,-0.5309944265415241,-0.1453922808769877,-0.17953984319233468,-0.19580685069208562,-0.03811527480805614,-0.3755737739550182,2.680457851825758,-0.6588902190546074,-0.17106489805862257,1.5915903725173006,-0.6588902190546074,-0.6588902190546074,-0.6588902190546074
2014-01-13,-0.543030424522002,-0.15210609643946843,-0.17397919813623655,-0.1753899187226455,-0.026045340398677872,-0.3427973091824963,2.7109594167499695,-0.6546119514348042,-0.2247624353182853,1.5455991117090577,-0.6546119514348042,-0.6546119514348042,-0.6546119514348042
2014-01-14,-0.5261893414595082,-0.1699557052322133,-0.15774810100451964,-0.18866761849406014,-0.05142364248726837,-0.3327347340338074,2.7786020879817666,-0.6378618749979159,-0.2525160557374594,1.452080610458733,-0.6378618749979159,-0.6378618749979159,-0.6378618749979159
2014-01-15,-0.48450335429138525,-0.20135730516721392,-0.14757642133129706,-0.22974218653217618,0.0494257320686441,-0.3633714138913451,2.8315961981578313,-0.6309486706605862,-0.28192310523296443,1.3512465388622523,-0.6309486706605862,-0.6309486706605862,-0.6309486706605862
2014-01-16,-0.4740844657040875,-0.25028926517202976,-0.1747973832330582,-0.22586055854637782,0.1393434596392373,-0.36046874443018617,2.773499172219319,-0.6470241153546421,-0.2684880244816076,1.4292422711273585,-0.6470241153546421,-0.6470241153546421,-0.6470241153546421
2014-01-17,-0.5289206955877308,-0.24373408893901574,-0.14572683660660762,-0.20140752816203236,0.16664771301126793,-0.38207961628259873,2.785823086793849,-0.6624262429170411,-0.17191165013403817,1.3710145875750714,-0.6624262429170411,-0.6624262429170411,-0.6624262429170411
2014-01-21,-0.5261234030659194,-0.2739232320822877,-0.14899337028380252,-0.22073893909599732,0.17125614330634512,-0.3957949541999427,2.819928274543326,-0.6596476277873385,-0.08743274326608702,1.300412735293719,-0.6596476277873385,-0.6596476277873385,-0.6596476277873385
2014-01-22,-0.5450400778378,-0.2732875429696751,-0.10554695858942093,-0.19609756702936798,0.2520132840442149,-0.37680462986745916,2.8359615611621907,-0.6833837269097199,-0.06521213343392791,1.2075489721601262,-0.6833837269097199,-0.6833837269097199,-0.6833837269097199
2014-01-23,-0.5767202293600725,-0.2648506325397602,-0.06858173521550574,-0.16424814433973256,0.21578877746664615,-0.3547550451318988,2.766903760433177,-0.6989042865733549,-0.0903471770039569,1.3324275719845249,-0.6989042865733549,-0.6989042865733549,-0.6989042865733549
2014-01-24,-0.5907561594967183,-0.27137926602208945,-0.14375133451678881,-0.12571394202058392,0.20534293435821432,-0.33052076981325423,2.7197398897532925,-0.6997574044947982,-0.08738506822979808,1.423453333966919,-0.6997574044947982,-0.6997574044947982,-0.6997574044947982
2014-01-27,-0.38220399158483603,-0.3000265725703184,-0.16305254515499035,-0.1710545113645073,0.29413072643317767,-0.3513056941156392,2.729591199675505,-0.7402326853409641,-0.0562220985612997,1.3610742286067639,-0.7402326853409641,-0.7402326853409641,-0.7402326853409641
2014-01-28,-0.34473017091858105,-0.29115588245897467,-0.17228869969528568,-0.2510576761898749,0.2382449816615946,-0.3678817080392903,2.794063592103071,-0.7104468261357185,-0.06040353563720968,1.2969964037174257,-0.7104468261357185,-0.7104468261357185,-0.7104468261357185
2014-01-29,-0.38314685434872015,-0.27329139677075986,-0.1526019516788262,-0.1791987241567068,0.17558670168590834,-0.4004043795173414,2.7950342366345153,-0.706281629487818,-0.06824273708956125,1.3113916231927643,-0.706281629487818,-0.706281629487818,-0.706281629487818
2014-01-30,-0.4305244626555473,-0.293152806520565,-0.16320613089970176,-0.11105649661218976,0.20327174309398935,-0.3703523189955656,2.7276374814786126,-0.7231529821410955,-0.07493823834461869,1.4049331580199678,-0.7231529821410955,-0.7231529821410955,-0.7231529821410955
2014-01-31,-0.42036716980312494,-0.2661787076765802,-0.16092427053535371,-0.19458315857896194,0.12153865278883877,-0.32859450983743577,2.795735260676759,-0.6991642625412566,-0.08673873379125255,1.3367696869221382,-0.6991642625412566,-0.6991642625412566,-0.6991642625412566
2014-02-03,-0.41709879319184956,-0.25511759882448737,-0.16470798980345167,-0.14290370270174657,0.15699048190543988,-0.33356487636548726,2.7293408393775387,-0.7178363714330306,-0.13313067073821444,1.4315377960743796,-0.7178363714330306,-0.7178363714330306,-0.7178363714330306
2014-02-04,-0.42178000962873247,-0.2787119402202474,-0.2023249354999928,-0.12337301727752675,0.2776233794828047,-0.350566245033181,2.7412029257306147,-0.7180319080445458,-0.14500419111677662,1.37506166574122,-0.7180319080445458,-0.7180319080445458,-0.7180319080445458
2014-02-05,-0.43367105871772077,-0.277935109871972,-0.1953448340749305,-0.11390048960029252,0.3768265686404979,-0.3591848705670744,2.7618087380964194,-0.7330153250005785,-0.10145346453101864,1.2749158206284046,-0.7330153250005785,-0.7330153250005785,-0.7330153250005785
2014-02-06,-0.46621771464610884,-0.300484452244591,-0.17207774029479592,-0.1529187322818397,0.4839006486191738,-0.3605701288702777,2.749024789554729,-0.7318261866125803,-0.10430717574632152,1.2509552523603522,-0.7318261866125803,-0.7318261866125803,-0.7318261866125803
2014-02-07,-0.4912820423516608,-0.2943094735344817,-0.16427579914555415,-0.11644477736338439,0.4636112514089856,-0.33764342603416375,2.6812705313578324,-0.7478114010987097,-0.11470215283832488,1.3650214928955897,-0.7478114010987097,-0.7478114010987097,-0.7478114010987097
2014-02-10,-0.5350681681029352,-0.3428690265289405,-0.20028255909357845,-0.12007681640698258,0.4402559434198119,-0.33124128266211805,2.506042371960029,-0.745120743344949,-0.08830630135975556,1.6520288121542657,-0.745120743344949,-0.745120743344949,-0.745120743344949
2014-02-11,-0.5526254071986859,-0.3432266596037073,-0.21292879250912516,-0.10466319400659208,0.45432105140158774,-0.37590713886777793,2.5254031223410816,-0.7310716498272426,-0.09351524685288337,1.6274288646050736,-0.7310716498272426,-0.7310716498272426,-0.7310716498272426
2014-02-12,-0.5748952115661907,-0.3404047192013234,-0.2101035845737537,-0.09150513526138751,0.49661220592934224,-0.39632395140012744,2.5295679274304734,-0.7285981741807084,-0.10018962484483719,1.601634790210637,-0.7285981741807084,-0.7285981741807084,-0.7285981741807084
2014-02-13,-0.5303969048455406,-0.37831009360986556,-0.20190497999238755,-0.11369660039334445,0.5292893149960314,-0.41469400216277247,2.5071809785026646,-0.7323626518498721,-0.08983776877992357,1.621820663684627,-0.7323626518498721,-0.7323626518498721,-0.7323626518498721
2014-02-14,-0.4995674710681728,-0.3690381279443128,-0.20621417063286532,-0.19871775510955272,0.4329323730921585,-0.3762440143680409,2.693991186770593,-0.7042690076872379,-0.059402840426075625,1.39933685043522,-0.7042690076872379,-0.7042690076872379,-0.7042690076872379
2014-02-18,-0.46921795383360865,-0.3286886104338017,-0.21547798032220472,-0.2024003354612484,0.3785760678169843,-0.3979691643032857,2.7674535164391654,-0.6986230685614092,-0.0303336495341128,1.2925503838777486,-0.6986230685614092,-0.6986230685614092,-0.6986230685614092
2014-02-19,-0.45180712079343227,-0.32602200279262317,-0.2274289217779201,-0.1934784635503858,0.3184442784917917,-0.39198860196137236,2.8442857855163757,-0.67319211822592,-0.07781599587791774,1.1985795156491637,-0.67319211822592,-0.67319211822592,-0.67319211822592
2014-02-20,-0.47311998719151793,-0.33795194968759096,-0.2314540640828603,-0.17271864724777422,0.31975891650803123,-0.36341872499212047,2.8442103510004895,-0.6828941207751185,-0.03198706319340236,1.1782576519872194,-0.6828941207751185,-0.6828941207751185,-0.6828941207751185
2014-02-21,-0.4458262447227574,-0.3680898029046476,-0.22864602629781694,-0.17041846224967755,0.346614907939297,-0.3692370214980731,2.823749614843518,-0.6875393576426928,-0.046853033507215834,1.2088634989681448,-0.6875393576426928,-0.6875393576426928,-0.6875393576426928
2014-02-24,-0.4359944368207402,-0.3705866014472613,-0.25870039371027986,-0.20950753699833743,0.2995235154388867,-0.37278032448944165,2.8768208747273447,-0.6616734080012744,-0.02450433319021192,1.1424228684951387,-0.6616734080012744,-0.6616734080012744,-0.6616734080012744
2014-02-25,-0.4250729593367169,-0.36332959963621564,-0.2539416849790815,-0.2044142559793679,0.30981316347282056,-0.38409554971552246,2.9122339083782496,-0.6529851922925946,-0.05082638591145813,1.0715741328776704,-0.6529851922925946,-0.6529851922925946,-0.6529851922925946
2014-02-26,-0.41698364710715763,-0.31375639794386145,-0.2722165838493966,-0.21029671916504136,0.23484737527154007,-0.3856322262316062,2.9502450700355727,-0.643315724216881,-0.03514164864703384,1.022197674504508,-0.643315724216881,-0.643315724216881,-0.643315724216881
2014-02-27,-0.4161122640094255,-0.32921614432999824,-0.28492391556744395,-0.19788131511846488,0.22615387252115882,-0.39796315853421077,2.931481864036531,-0.643408647614628,-0.024910995079026606,1.067006646539393,-0.643408647614628,-0.643408647614628,-0.643408647614628
2014-02-28,-0.4850713276809667,-0.33428346527832326,-0.2714023315191256,-0.18862159039278711,0.2983097468640997,-0.39980722086095205,2.9626278512693593,-0.6267753459801639,-0.04634348226503718,0.9716932037843894,-0.6267753459801639,-0.6267753459801639,-0.6267753459801639
2014-03-03,-0.4735524626664163,-0.3021997654502663,-0.27162140330624335,-0.2069425058497115,0.25061532202390746,-0.39828288219655045,2.998362386211748,-0.613524170623552,-0.06242400524905572,0.9201419989767959,-0.613524170623552,-0.613524170623552,-0.613524170623552
2014-03-04,-0.4730225123357686,-0.3349719247673043,-0.2838690973862472,-0.19287429736177525,0.38043808104994126,-0.4116724662773098,2.9674788012199595,-0.6270643251373195,-0.06471388232037754,0.9214645987281604,-0.6270643251373195,-0.6270643251373195,-0.6270643251373195
2014-03-05,-0.4425816484838953,-0.3034769064656922,-0.24740215985252934,-0.3561635964311239,0.47009249454809987,-0.4027465514901854,2.9575330883010063,-0.6304663810851465,-0.04862830688182531,0.8952391110967312,-0.6304663810851465,-0.6304663810851465,-0.6304663810851465
2014-03-06,-0.44338672489741365,-0.323018588834038,-0.28877313052355036,-0.3777526277189145,0.5329697341749159,-0.4027334062850891,2.9527133944277923,-0.6161821939663743,-0.07098301439531517,0.8856931399171082,-0.6161821939663743,-0.6161821939663743,-0.6161821939663743
2014-03-07,-0.4270654835899305,-0.3284550933554996,-0.2841796179789403,-0.3771773655227297,0.5847468875942091,-0.4091532109671892,2.9127200387117185,-0.633886910420549,-0.07432524751828377,0.9384367343088417,-0.633886910420549,-0.633886910420549,-0.633886910420549
2014-03-10,-0.42400141423694426,-0.3369292570809744,-0.26480948025152506,-0.37253597890959517,0.5355113243642762,-0.40844500002649736,2.913405665548409,-0.6365495041524802,-0.06125862971177455,0.9652607869145472,-0.6365495041524802,-0.6365495041524802,-0.6365495041524802
2014-03-11,-0.4305176586209527,-0.32960953759344314,-0.25657083102747863,-0.3561803116331379,0.5535805363329328,-0.40923002842043393,2.9145581957692435,-0.6429312142820759,-0.05669226061678552,0.9423867529383596,-0.6429312142820759,-0.6429312142820759,-0.6429312142820759
2014-03-12,-0.4425227851355557,-0.32537745544751334,-0.25897867852413375,-0.33408164084685743,0.5708285236888649,-0.3926652628587698,2.9265820480412605,-0.6480982387756803,-0.041805137961370906,0.8904133441467964,-0.6480982387756803,-0.6480982387756803,-0.6480982387756803
2014-03-13,-0.3959156955553548,-0.32321949687256946,-0.2606476884088934,-0.35079849501243304,0.5135153127747107,-0.3929998100417852,2.9635080703208505,-0.6336017978726286,-0.07668882745586544,0.8576538217418541,-0.6336017978726286,-0.6336017978726286,-0.6336017978726286
2014-03-14,-0.3912757689687249,-0.3218284601449143,-0.24930584952638982,-0.3624764084376772,0.6001028929323639,-0.3799407714045956,2.9621070199338195,-0.643462439760813,-0.06508222259074113,0.7815493272501106,-0.643462439760813,-0.643462439760813,-0.643462439760813
2014-03-17,-0.3976933587088612,-0.321246799367116,-0.2504891586444583,-0.3606062456165571,0.5438618523839968,-0.3383057494408118,3.011122199838416,-0.6264617439962266,-0.08234251926260516,0.7015467548029015,-0.6264617439962266,-0.6264617439962266,-0.6264617439962266
2014-03-18,-0.4222107815756476,-0.33420686418833134,-0.2539074860900567,-0.33927424516079174,0.5692063222037057,-0.31553026089140057,3.0148176508584044,-0.6239307098258432,-0.09516329417525277,0.6719917983227428,-0.6239307098258432,-0.6239307098258432,-0.6239307098258432
2014-03-19,-0.4566762089868546,-0.34400864353803245,-0.24941535658667133,-0.33010117837334857,0.5666239431674642,-0.28037248981323476,2.9957597556052864,-0.6317072156946071,-0.09745494091404112,0.722473982217861,-0.6317072156946071,-0.6317072156946071,-0.6317072156946071
2014-03-20,-0.44809388514520804,-0.3457016563999092,-0.25075302595066096,-0.3365260518637481,0.5378861819157604,-0.2767180219290557,3.01343356510461,-0.6233957077502147,-0.10145491477716949,0.7015106400462391,-0.6233957077502147,-0.6233957077502147,-0.6233957077502147
2014-03-21,-0.4663007330296414,-0.3477167730323453,-0.2561560610768687,-0.35880491133381237,0.6889804179549422,-0.2691352973626369,2.9408640526911083,-0.645110269027795,-0.12084642820227628,0.7695568095027105,-0.645110269027795,-0.645110269027795,-0.645110269027795
2014-03-24,-0.4815597943949505,-0.3473879481971225,-0.2713920087198902,-0.3489382115664106,0.6405924634535507,-0.2330650244289638,2.9752979889184696,-0.633100127000351,-0.12031064660525767,0.7191636895419802,-0.633100127000351,-0.633100127000351,-0.633100127000351
2014-03-25,-0.4918970009593162,-0.32363380671340314,-0.24528430649058827,-0.3535210548424603,0.6649021410890484,-0.22127677311386704,3.0235095864213424,-0.619833241123765,-0.10902919918355876,0.5355633782878628,-0.619833241123765,-0.619833241123765,-0.619833241123765
2014-03-26,-0.5013305684889716,-0.34175461656332007,-0.2512420380833229,-0.3446442950246111,0.7457271749801996,-0.21360196679516344,3.0007160681061067,-0.6273976461381328,-0.09464109254661233,0.5103619189682262,-0.6273976461381328,-0.6273976461381328,-0.6273976461381328
2014-03-27,-0.4734780266891294,-0.3331608600984208,-0.2476836636387398,-0.3306164098772381,0.593125449086412,-0.2290525268991296,3.0959449666999483,-0.579933838631093,-0.13243489702131903,0.37709132296198866,-0.579933838631093,-0.579933838631093,-0.579933838631093
2014-03-28,-0.4615612890514778,-0.3393151487530637,-0.2340238310970844,-0.34159398299630583,0.5101477304328698,-0.24123568729420308,3.117776997200093,-0.5752455679737526,-0.0731074040530388,0.3638948875072214,-0.5752455679737526,-0.5752455679737526,-0.5752455679737526
2014-03-31,-0.4300878168894445,-0.338596440451419,-0.22607705379606421,-0.34587832436590615,0.5299798559776977,-0.26781897436205565,3.117823243544157,-0.574915785361902,-0.09368358859462686,0.35400224038526984,-0.574915785361902,-0.574915785361902,-0.574915785361902
2014-04-01,-0.4466686329168516,-0.3508167455561892,-0.24043555066939842,-0.34638110411568984,0.6852680343785763,-0.24578342158561056,2.9840856021899644,-0.651763487783888,-0.035860186914781725,0.6036459563255322,-0.651763487783888,-0.651763487783888,-0.651763487783888
2014-04-02,-0.44121206951595443,-0.36976187777493413,-0.2691266689315024,-0.35736338923093447,0.646829025775926,-0.23717039595312936,2.9896609994619787,-0.6435282741643865,-0.019306099957112403,0.6315635727832083,-0.6435282741643865,-0.6435282741643865,-0.6435282741643865
2014-04-03,-0.4431480268644952,-0.35603670039350543,-0.26977678746427636,-0.3417415389766757,0.5149146492950992,-0.23627389974200108,3.0363288832161226,-0.6268842271349002,-0.0091159244032182,0.6123862538725519,-0.6268842271349002,-0.6268842271349002,-0.6268842271349002
2014-04-04,-0.4364972696314666,-0.3663589524645756,-0.24919062013150348,-0.3186026211038796,0.5635728478998863,-0.2339073178526241,3.02847364132534,-0.6384116847688396,-0.014514547983990201,0.5806715790181725,-0.6384116847688396,-0.6384116847688396,-0.6384116847688396
2014-04-07,-0.4263881131979793,-0.3669546853085415,-0.23086634163416106,-0.30342578336092074,0.5095028587313898,-0.2687886524806536,3.0481659908368925,-0.6320862830023656,0.004192496571701973,0.562907361851735,-0.6320862830023656,-0.6320862830023656,-0.6320862830023656
2014-04-08,-0.4331473293751302,-0.3664835620096884,-0.2138615144409814,-0.31232267030971517,0.5618730623805274,-0.2594341120675497,3.0320968062783646,-0.6406247600049846,-0.00880032336809205,0.5625786829322019,-0.6406247600049846,-0.6406247600049846,-0.6406247600049846
2014-04-09,-0.4295582225213906,-0.3997251112859729,-0.21855846802826506,-0.32219231673300325,0.6391392530381524,-0.2907523936638254,3.015368950587749,-0.6344073325967922,-0.011621227105259629,0.5555288660989828,-0.6344073325967922,-0.6344073325967922,-0.6344073325967922
2014-04-10,-0.4224660144302659,-0.39770224066971893,-0.21746835925061397,-0.3176348840551468,0.5988607813533192,-0.2701047315077702,3.0361929778413748,-0.6309824133687689,-0.007760271934156648,0.5220123961280543,-0.6309824133687689,-0.6309824133687689,-0.6309824133687689
2014-04-11,-0.4278163388082057,-0.3512151315764245,-0.21728578121986178,-0.34163107513403995,0.5922183978680059,-0.26886274947861705,3.0230860274962685,-0.6432134425625811,0.005149708907382148,0.5592107121958148,-0.6432134425625811,-0.6432134425625811,-0.6432134425625811
2014-04-14,-0.4191215699712857,-0.34558843414507406,-0.2215024687858649,-0.34017812410035186,0.6104841717309104,-0.32248649347490294,3.025532934672088,-0.6387688245845842,0.04292246366417355,0.5250128187486454,-0.6387688245845842,-0.6387688245845842,-0.6387688245845842
2014-04-15,-0.42481879781113663,-0.3647570406365988,-0.2411024517666971,-0.3284098910266987,0.6443926763241595,-0.3099207922845339,2.981230093834299,-0.6612227820526558,0.08361319891212766,0.6046641326657028,-0.6612227820526558,-0.6612227820526558,-0.6612227820526558
2014-04-16,-0.43330896009732145,-0.35847029421075927,-0.22616489746416715,-0.33650235130434397,0.6981002746218832,-0.3137917561562813,2.9660680010531246,-0.668148101523292,0.09199218411204367,0.5846702055389903,-0.668148101523292,-0.668148101523292,-0.668148101523292
2014-04-17,-0.3978389719418132,-0.3470606912705924,-0.23228668719490664,-0.34370326066397394,0.6587982128984031,-0.31085867145607554,2.933608605418599,-0.6968377150667889,0.15993440285950697,0.6667579216180091,-0.6968377150667889,-0.6968377150667889,-0.6968377150667889
2014-04-21,-0.3867418043305425,-0.37343635813648435,-0.2288736713083663,-0.34252082657002497,0.7470996367907283,-0.2792493409923561,2.86351483700715,-0.7351749829016182,0.24591569228469964,0.6949917668616679,-0.7351749829016182,-0.7351749829016182,-0.7351749829016182
2014-04-22,-0.37945691179349467,-0.3731758089888059,-0.27972712149880724,-0.3524860808276242,0.735498812171095,-0.2703865174669314,2.8545007262721147,-0.73561819819042,0.3041719991156177,0.703533695778515,-0.73561819819042,-0.73561819819042,-0.73561819819042
2014-04-23,-0.3820407631481838,-0.41123700108985534,-0.27459505508152604,-0.38416865928253974,0.8281431320595629,-0.2509794238223548,2.7856290293659423,-0.7498501046655595,0.30797636290434754,0.7806727967568439,-0.7498501046655595,-0.7498501046655595,-0.7498501046655595
2014-04-24,-0.36757276023866214,-0.3661577222301188,-0.2909272047204435,-0.42357427125364033,0.8082559512174993,-0.26591586256769695,2.773816922106511,-0.7515531211426584,0.30311906892010426,0.8351683633370806,-0.7515531211426584,-0.7515531211426584,-0.7515531211426584
2014-04-25,-0.3439699351383785,-0.41761664358743966,-0.29551912929485563,-0.404904559113889,0.8121747700642389,-0.3118000711414674,2.781585506274594,-0.738793744982613,0.30847553361224556,0.8267495082554024,-0.738793744982613,-0.738793744982613,-0.738793744982613
2014-04-28,-0.3323755314235111,-0.4150148790799292,-0.28249181223652453,-0.45174717733457515,0.7530803807194767,-0.32060612835952523,2.782576190232159,-0.736127428431487,0.36073709724272496,0.8503515739656526,-0.736127428431487,-0.736127428431487,-0.736127428431487
2014-04-29,-0.3713478048841884,-0.42481411707336897,-0.29086137395338646,-0.3626603139819763,0.7279435911018884,-0.33367560627521115,2.7860805955259145,-0.7425894272847204,0.41026429531530095,0.8294284433639084,-0.7425894272847204,-0.7425894272847204,-0.7425894272847204
2014-04-30,-0.41546112067641566,-0.42459907645054823,-0.30828940950185546,-0.324128182451514,0.7364645639219575,-0.33497585583370126,2.7380800139780144,-0.7566063603053982,0.47764335515445433,0.8816911530811997,-0.7566063603053982,-0.7566063603053982,-0.7566063603053982
2014-05-01,-0.4576418590186846,-0.4192809654479314,-0.32728345383130214,-0.35894950896966954,0.6528194993942055,-0.3568159251732857,2.6802850118227908,-0.7487081041423519,0.5185931261506166,1.0631064916426678,-0.7487081041423519,-0.7487081041423519,-0.7487081041423519
2014-05-02,-0.46513376287564445,-0.4216558384738603,-0.33238017399356945,-0.33410559241519083,0.670408103350109,-0.32049304789930166,2.6649952811636592,-0.759610547480631,0.4899091377414888,1.086898083324834,-0.759610547480631,-0.759610547480631,-0.759610547480631
2014-05-05,-0.4535125360739301,-0.41570907286194775,-0.3248401886604099,-0.3401516812352092,0.5321293637339312,-0.3238731145644003,2.7810555890068938,-0.7208606953695658,0.4147411454760249,1.0136032766573113,-0.7208606953695658,-0.7208606953695658,-0.7208606953695658
2014-05-06,-0.45917879973010584,-0.4221866155701314,-0.32171935912170085,-0.38609715934037836,0.5206108133322247,-0.2908161371168141,2.7980814653179285,-0.7144787371409569,0.46015478411763266,0.9590659566751722,-0.7144787371409569,-0.7144787371409569,-0.7144787371409569
2014-05-07,-0.48777363679079694,-0.4441772417060203,-0.3794960749462305,-0.38138192073639454,0.6818917409929339,-0.2799781216217504,2.698773927111242,-0.7331642931478415,0.5016844098178889,1.0231140904704932,-0.7331642931478415,-0.7331642931478415,-0.7331642931478415
2014-05-08,-0.4901131341062174,-0.41335275935463645,-0.3747976689373696,-0.4097211408959367,0.7250990580523009,-0.24530544053731632,2.802584367998511,-0.7082809291797231,0.4373112142164964,0.801419220283059,-0.7082809291797231,-0.7082809291797231,-0.7082809291797231
2014-05-09,-0.5048640813351395,-0.398777854056004,-0.35853712462167747,-0.3717149191062951,0.7207985454847609,-0.2229924066450298,2.8490248596736483,-0.6995400747799776,0.3342024561409432,0.7510208235847052,-0.6995400747799776,-0.6995400747799776,-0.6995400747799776
2014-05-12,-0.5292738198358711,-0.3859281277273283,-0.34838118850408617,-0.38634337471113556,1.2038419957819952,-0.22285859834846794,2.4628896998480707,-0.810354429608806,0.5486822545723168,0.8987888773597293,-0.810354429608806,-0.810354429608806,-0.810354429608806
2014-05-13,-0.49911573695712413,-0.3841369232870154,-0.38145292613900883,-0.4516554199928967,1.4170628184006953,-0.29209122951021615,2.2322573251609485,-0.8252939812774455,0.6368740432195376,1.023433974214863,-0.8252939812774455,-0.8252939812774455,-0.8252939812774455
2014-05-14,-0.5167369616856073,-0.3953099094441107,-0.39037422040052083,-0.4861193262505792,1.6079065473663994,-0.2361578041223792,1.8971218779237853,-0.8585088214587459,0.7633435218297661,1.1903615606182296,-0.8585088214587459,-0.8585088214587459,-0.8585088214587459
2014-05-15,-0.4535752122470069,-0.45873730855948286,-0.3912820373257467,-0.49353931276808616,1.5210911157079334,-0.2592723625603352,1.933417438657187,-0.8514173345528554,0.726930645732914,1.2806363715740452,-0.8514173345528554,-0.8514173345528554,-0.8514173345528554
2014-05-16,-0.3832971441432592,-0.44437302381299554,-0.4519652660545748,-0.47515325465357633,1.6671749190563456,-0.2784764994395173,1.799734931624702,-0.8594277411878114,0.7131556154056016,1.2909106867685223,-0.8594277411878114,-0.8594277411878114,-0.8594277411878114
2014-05-19,-0.4278521771995279,-0.43751331845799774,-0.3639437574571093,-0.4086034912218095,1.8396848237723877,-0.2735759740333944,1.5701522995109811,-0.8869118120687834,0.7460930479336504,1.3032057954279541,-0.8869118120687834,-0.8869118120687834,-0.8869118120687834
2014-05-20,-0.37752886874976865,-0.5042812464147155,-0.46055351990615256,-0.4402263071999002,1.7207990485240168,-0.2963849910177575,1.554646814642409,-0.8632183475811619,0.807979595422425,1.44842286502409,-0.8632183475811619,-0.8632183475811619,-0.8632183475811619
2014-05-21,-0.4259856702336257,-0.5336724582610808,-0.4920195849920776,-0.3980343405263922,1.7379992149086863,-0.3047505314784791,1.541358295597284,-0.8405299100972617,0.7215189037532074,1.515705811621525,-0.8405299100972617,-0.8405299100972617,-0.8405299100972617
2014-05-22,-0.42515295538152187,-0.5255190662784786,-0.47652234826988293,-0.436926946502021,1.6691195820006315,-0.33660203458618404,1.7372325520729117,-0.8215014143725231,0.625209126446762,1.4551677479878746,-0.8215014143725231,-0.8215014143725231,-0.8215014143725231
2014-05-23,-0.4738592960609465,-0.5406909791957877,-0.4798811482079783,-0.4335155736692752,1.649133284474847,-0.24056000611733278,1.5543739170125752,-0.8386594450232284,0.73113296853,1.5885046133268115,-0.8386594450232284,-0.8386594450232284,-0.8386594450232284
2014-05-27,-0.3203313555785914,-0.5313453717026698,-0.501100350444819,-0.3574345011891244,1.7416472202131619,-0.26807229110390685,1.3968825695803566,-0.8867519554919442,0.888349872795033,1.4984120293983378,-0.8867519554919442,-0.8867519554919442,-0.8867519554919442
2014-05-28,-0.2511148754603726,-0.4876244027176496,-0.4751159301940634,-0.5471716952478088,1.8822411169141733,-0.25343432644159525,1.2511285311062785,-0.8693632174449166,0.8653351401502826,1.4932093116704204,-0.8693632174449166,-0.8693632174449166,-0.8693632174449166
2014-05-29,-0.060712381733878794,-0.45162252726175667,-0.4677890525005538,-0.6353825119891534,2.0484620767323913,-0.21052674598193058,0.8818210413805427,-0.8763717048330212,0.8870837804229811,1.51415314026344,-0.8763717048330212,-0.8763717048330212,-0.8763717048330212
2014-05-30,-0.15319159740583477,-0.4905912977686864,-0.3969047770500632,-0.6026826360833087,2.123545120805669,-0.2375630655631213,1.0910246319129298,-0.8654148235069515,0.7486815646604934,1.3793413505197272,-0.8654148235069515,-0.8654148235069515,-0.8654148235069515
2014-06-02,-0.1837857123521145,-0.49070081367344076,-0.3931336003472581,-0.5699335337607982,2.0463896870054,-0.283523838044263,1.1289946412350689,-0.8522987966629928,0.5896394145036333,1.565248942085744,-0.8522987966629928,-0.8522987966629928,-0.8522987966629928
2014-06-03,-0.20085757476171437,-0.518525449507237,-0.3985257449932416,-0.5715044692475223,2.0168809692992946,-0.27110934500273287,1.285299380085255,-0.8434032097295161,0.5148252437027122,1.5171298293432507,-0.8434032097295161,-0.8434032097295161,-0.8434032097295161
2014-06-04,-0.21767184266194914,-0.5778659722908343,-0.4161524917844067,-0.5523712598782667,1.9466534755670015,-0.29827896610401544,1.4810472534687238,-0.8313119166239274,0.5420142541848559,1.4178732159946008,-0.8313119166239274,-0.8313119166239274,-0.8313119166239274
2014-06-05,-0.19420474940520147,-0.5658097590310216,-0.4013847671208494,-0.5394072564733585,1.9978090752708524,-0.2921768912841669,1.4342926870309691,-0.834413937144948,0.46498503722261525,1.4335523723699537,-0.834413937144948,-0.834413937144948,-0.834413937144948
2014-06-06,-0.17816221924150252,-0.5652151872796071,-0.4439406490071656,-0.6292071364398898,2.004296442975349,-0.27245945601568616,1.3060591075718673,-0.83549464123783,0.7302411816026938,1.3903664807852603,-0.83549464123783,-0.83549464123783,-0.83549464123783
2014-06-09,-0.11773967779164367,-0.5474024937031073,-0.46235986136671986,-0.6628627581570268,2.0437419710504257,-0.26011546892150716,1.215440585296489,-0.8417532639535811,0.8069971663218514,1.351313593085563,-0.8417532639535811,-0.8417532639535811,-0.8417532639535811
2014-06-10,-0.07559981661722356,-0.5423936264533794,-0.4491446830491813,-0.7372128236910287,2.1323954236761224,-0.20535623886968332,0.7202385815540407,-0.8221625518597462,0.9469372612474487,1.4987861296418699,-0.8221625518597462,-0.8221625518597462,-0.8221625518597462
2014-06-11,-0.05682348137886492,-0.5386770831375105,-0.4486168995031078,-0.7508307456224508,2.0377281533446565,-0.2646347281435641,0.9100012702553263,-0.8351561966848203,1.0096105707024214,1.442867730222375,-0.8351561966848203,-0.8351561966848203,-0.8351561966848203
2014-06-12,-0.1074954357302278,-0.5269744599835503,-0.4292845768586869,-0.6649499472736707,2.04584135566216,-0.21813647740826397,1.000626696805137,-0.8645814485757934,0.9815352048660326,1.3771634342242434,-0.8645814485757934,-0.8645814485757934,-0.8645814485757934
2014-06-13,-0.0903656487013876,-0.5086599735611977,-0.4090397108176706,-0.6382709038408672,2.0374641288312234,-0.25619019845715824,0.9422772321093005,-0.8708499143815053,0.9528572792895021,1.4533274526742777,-0.8708499143815053,-0.8708499143815053,-0.8708499143815053
2014-06-16,-0.0642829146036749,-0.4675575232318846,-0.41927775992815347,-0.6957937208229465,2.1350554997198286,-0.2971653765842346,1.0272506852737218,-0.853857669428297,0.89222480253461,1.3049769853559217,-0.853857669428297,-0.853857669428297,-0.853857669428297
2014-06-17,-0.01725884371143272,-0.47036061075560703,-0.42221701955709384,-0.6951110001549207,2.1701154967527256,-0.28708017205973824,0.9795126799110153,-0.8564912916553947,0.8835044655578653,1.2848601706387635,-0.8564912916553947,-0.8564912916553947,-0.8564912916553947
2014-06-18,0.037470506517901334,-0.4868709071938085,-0.4451256498479521,-0.7028481685325639,2.174194144561938,-0.3013498711398049,1.0168401111215961,-0.8539723531581929,0.9107018597554188,1.212877387390048,-0.8539723531581929,-0.8539723531581929,-0.8539723531581929
2014-06-19,0.0642802239275661,-0.49613212405567014,-0.44201367123872276,-0.7434891273851005,2.2090914874781906,-0.20553544552158506,1.0448085395388313,-0.8563742464144855,0.8168036792719107,1.1776834236425218,-0.8563742464144855,-0.8563742464144855,-0.8563742464144855
2014-06-20,0.14819174481234731,-0.4722892988071486,-0.4333049434331142,-0.6873628467181994,2.218147959495715,-0.3138404540437105,1.0277398764552224,-0.8688312686827511,0.8840054712502519,1.1040375657196395,-0.8688312686827511,-0.8688312686827511,-0.8688312686827511
2014-06-23,0.09472105575793034,-0.4071777386431616,-0.4050878333548475,-0.6586506214454062,2.1899315120482608,-0.31151840839681305,1.0844593897706136,-0.8909128157243227,0.8674373626914008,1.1095365444693137,-0.8909128157243227,-0.8909128157243227,-0.8909128157243227
2014-06-24,0.12502689060405064,-0.4140972360786485,-0.3755818866331347,-0.6713913311104911,2.097904831299392,-0.3017686921208262,1.2597585933292577,-0.9079227456944957,0.8638808943017632,1.0479589191866199,-0.9079227456944957,-0.9079227456944957,-0.9079227456944957
2014-06-25,0.1727447352754647,-0.484000112242354,-0.3476815470610404,-0.6227184285823608,2.11972235670445,-0.2692382587818609,1.1066492481118313,-0.9219722846584817,0.9293066224355491,1.083104522774248,-0.9219722846584817,-0.9219722846584817,-0.9219722846584817
2014-06-26,0.2027858246075815,-0.4870737923376063,-0.3021314208133385,-0.651584735755853,2.1549986431828145,-0.2571760903116654,1.1054491513276967,-0.9224475350780597,0.8671742556719844,1.0573483047406256,-0.9224475350780597,-0.9224475350780597,-0.9224475350780597
2014-06-27,0.2562121785796889,-0.5256101951303104,-0.32258285182761015,-0.6827465982060834,2.224448161535505,-0.19963519362228038,0.9931226998003131,-0.9086820620787434,0.8412763079003064,1.0502437392854456,-0.9086820620787434,-0.9086820620787434,-0.9086820620787434
2014-06-30,0.3630908168715287,-0.531075919749712,-0.33326823974074676,-0.667483068612365,2.2100865269126975,-0.17612316957609866,0.8995227829138167,-0.925051098765976,0.9006137281866878,1.0348409378580963,-0.925051098765976,-0.925051098765976,-0.925051098765976
2014-07-01,0.3402942050122599,-0.49273442249077515,-0.33749299156772583,-0.6825669737545668,2.1656542378059807,-0.17139171957427257,0.9430532365866422,-0.9345818705735617,0.9103265027437621,1.0631854075329423,-0.9345818705735617,-0.9345818705735617,-0.9345818705735617
2014-07-02,0.26629909316804073,-0.45210327597682487,-0.3543590760845408,-0.7125927755303166,2.2481633485514063,-0.1497055013419106,0.621086774816916,-0.9064493362707121,1.00312166736915,1.1558870901109286,-0.9064493362707121,-0.9064493362707121,-0.9064493362707121
2014-07-03,0.24970020260016135,-0.43853157175613483,-0.3701447633414736,-0.7222769196112792,2.31558358395684,-0.1476322788664208,0.6141470234565738,-0.8905259449160027,0.9097771898728735,1.1514813133528707,-0.8905259449160027,-0.8905259449160027,-0.8905259449160027
2014-07-07,0.252161893252834,-0.4464648827180437,-0.3910694047668421,-0.7276378109904106,2.2815152449968084,-0.16209633733495765,0.6537988126088203,-0.8879086855035768,0.879746382311005,1.2116808446550946,-0.8879086855035768,-0.8879086855035768,-0.8879086855035768
2014-07-08,0.28754542298358365,-0.41864403774714426,-0.37161998651788347,-0.6382360122004721,2.324289964214951,-0.18046188992823023,0.5602232938541805,-0.9056571391026812,0.8778240178363041,1.1817077839154355,-0.9056571391026812,-0.9056571391026812,-0.9056571391026812
2014-07-09,0.2834699908767859,-0.42245830132116413,-0.4114131781220813,-0.6440551503994829,2.177238452554498,-0.16831564994813858,0.5236160991168015,-0.9162449470736976,1.0069409480340121,1.3199565775035582,-0.9162449470736976,-0.9162449470736976,-0.9162449470736976
2014-07-10,0.2846037697724891,-0.43238127670418547,-0.3860652439593315,-0.6625753568760304,2.062868616577074,-0.17426057252576665,0.43155823415007727,-0.9126078655872821,0.9908698403994673,1.5358134515153359,-0.9126078655872821,-0.9126078655872821,-0.9126078655872821
2014-07-11,0.27164641343835305,-0.4653848701092464,-0.40123840029395036,-0.6227431354766878,2.070542255104898,-0.21007544436716075,0.36405607907014775,-0.8843899926685982,0.8375574219939076,1.6931996513141314,-0.8843899926685982,-0.8843899926685982,-0.8843899926685982
2014-07-14,0.2163669216286889,-0.519705381532605,-0.4205665214762745,-0.631572568541648,2.0259241978900406,-0.19750811857465853,0.31469347339512976,-0.8519686965761508,0.7959801142150545,1.8242626693008757,-0.8519686965761508,-0.8519686965761508,-0.8519686965761508
2014-07-15,0.21387103739790714,-0.507701751142738,-0.43185501672504406,-0.7193730212001085,1.978920304480651,-0.14960141995682574,0.24303156779296842,-0.832678641589755,0.8191380403560056,1.8842848253562057,-0.832678641589755,-0.832678641589755,-0.832678641589755
2014-07-16,0.17685153329149061,-0.5127154544630398,-0.4408469943582393,-0.7235718080445114,1.9574052409863636,-0.14565955215889798,0.3522597229321231,-0.8473709746840871,0.9023548700017828,1.8234063405492766,-0.8473709746840871,-0.8473709746840871,-0.8473709746840871
2014-07-17,0.12945325619908887,-0.535564999022765,-0.4946900313193173,-0.7402248313516929,1.802515439215432,-0.2124658862046049,1.0994126577338732,-0.8655420809006513,0.711314186450523,1.7024185319020684,-0.8655420809006513,-0.8655420809006513,-0.8655420809006513
2014-07-18,0.14680019942385505,-0.48966156538819466,-0.49523292626702553,-0.7678354663331334,1.8302610357578697,-0.16867801027325657,0.895453999386016,-0.8724126569357928,0.7911544732484637,1.7473888881885786,-0.8724126569357928,-0.8724126569357928,-0.8724126569357928
2014-07-21,0.11134723025453654,-0.4917071589951917,-0.45369042673774324,-0.6992482037026583,1.9443276846416475,-0.18508851122462516,0.8207873763120053,-0.8862936645398232,0.8622483498690856,1.636198317742237,-0.8862936645398232,-0.8862936645398232,-0.8862936645398232
2014-07-22,0.1360384409089552,-0.2271113911420699,-0.4229917798503644,-0.7841830339421847,1.9364651900656167,-0.20868681943789524,0.8158002598576785,-0.9212693838983889,0.8287594243507498,1.6109872447830695,-0.9212693838983889,-0.9212693838983889,-0.9212693838983889
2014-07-23,0.11208727614492159,-0.2520292778711515,-0.4406061557436859,-0.7781746804125089,1.943546156927675,-0.2214625831197205,0.7815067772840092,-0.9101283640865736,0.8875460003854405,1.6080999427513163,-0.9101283640865736,-0.9101283640865736,-0.9101283640865736
2014-07-24,0.13792012981154672,-0.23693331181425056,-0.40728711514896515,-0.7571594090150229,1.952801632878141,-0.2673180503173239,0.8628538314682541,-0.9237299682741329,0.8593349890375573,1.550707176196594,-0.9237299682741329,-0.9237299682741329,-0.9237299682741329
2014-07-25,-0.029183553140742006,-0.25766374626000293,-0.400103697530582,-0.7347779265710607,1.8212790149701674,-0.2995048742592988,0.779164708458004,-0.8893920294491486,0.8554208661156988,1.8229373260144104,-0.8893920294491486,-0.8893920294491486,-0.8893920294491486
2014-07-28,0.05481789147904682,-0.15358903337675636,-0.2791471074539471,-0.7839161139841413,1.0772354407514282,-0.2543668052450805,0.9646610677306817,-0.950822268952816,1.108981663722277,2.0686120721877552,-0.950822268952816,-0.950822268952816,-0.950822268952816
2014-07-29,0.0614289917690967,-0.1821702134821517,-0.2609370335452975,-0.823249762327441,1.0724124354371034,-0.2635111216018971,0.7605998189028992,-0.9126193503295393,1.0559624690109828,2.2299418171548617,-0.9126193503295393,-0.9126193503295393,-0.9126193503295393
2014-07-30,0.06381511192113958,-0.13169064776194295,-0.24179130417185274,-0.7974143993956456,0.9730520616671089,-0.2500158274121886,0.6969318134213157,-0.923516498035537,1.1154882795109744,2.2656909043632396,-0.923516498035537,-0.923516498035537,-0.923516498035537
2014-07-31,0.05835790955361966,-0.18933276716693065,-0.26380804906789773,-0.7461404436120094,0.7058662166285175,-0.2622471907254492,0.7747302039337818,-0.8964160201813683,1.1220252576578602,2.3862129435239803,-0.8964160201813683,-0.8964160201813683,-0.8964160201813683
2014-08-01,0.06444986485714874,-0.19758922259991157,-0.24380402685437486,-0.7105631704726201,0.8181814231600831,-0.25761160031467384,0.6865568535088243,-0.9227053984981368,1.2435440008019385,2.2876574719061313,-0.9227053984981368,-0.9227053984981368,-0.9227053984981368
2014-08-04,0.09610087106152881,-0.13281695625976925,-0.2556645306557727,-0.7244790346278638,0.7574854704928166,-0.26455062727991513,0.5840219544599081,-0.9181131736800041,1.3053017214591287,2.307053826069954,-0.9181131736800041,-0.9181131736800041,-0.9181131736800041
2014-08-05,0.07956445417042847,-0.15497653612783505,-0.2466899638938793,-0.6758143496860693,0.6972483937943562,-0.2571200046542539,0.5215942537143987,-0.9131864521648992,1.3505220693110351,2.338417492031416,-0.9131864521648992,-0.9131864521648992,-0.9131864521648992
2014-08-06,0.17430716826377818,-0.06880292739012216,-0.21048037032395228,-0.6780157992595118,0.6520584702196183,-0.25441824257057766,0.3491524028580481,-0.9359259923534365,1.5726227367172814,2.207280530899183,-0.9359259923534365,-0.9359259923534365,-0.9359259923534365
2014-08-07,0.19523043896062411,-0.059628438427060254,-0.23306456974277423,-0.737173855903587,0.571933362196295,-0.21902059841626176,0.36561755466528156,-0.9192273650389599,1.523391308094803,2.269624258728519,-0.9192273650389599,-0.9192273650389599,-0.9192273650389599
2014-08-08,0.14478795682744816,-0.16240188696229813,-0.23017089165625262,-0.6864205531263888,0.6087196025473289,-0.169967035938334,0.586280677335783,-0.9438679893942564,1.4339663636204865,2.250677724929252,-0.9438679893942564,-0.9438679893942564,-0.9438679893942564
2014-08-11,0.20815686984235185,-0.1835901661884104,-0.1991171717442581,-0.6532140921594047,0.7231996838266574,-0.15085121989436182,0.11617402551468597,-0.9139506676688692,1.476242650088934,2.318802091389283,-0.9139506676688692,-0.9139506676688692,-0.9139506676688692
2014-08-12,0.2279747022229112,-0.17099361090914722,-0.1917407822627656,-0.5538562687790733,0.7783912435508012,-0.13355510073888996,0.0688717257896164,-0.9465947179200631,1.500519705327779,2.260767257479021,-0.9465947179200631,-0.9465947179200631,-0.9465947179200631
2014-08-13,0.11779798955676812,-0.2269610714306264,-0.17863406275235885,-0.507895236191673,0.8223521279018915,-0.11395210725056859,0.2747269844844259,-0.9618355030408845,1.3390105190385253,2.320896868807154,-0.9618355030408845,-0.9618355030408845,-0.9618355030408845
2014-08-14,-0.036231114143062376,-0.13616446205724358,-0.14059642485270435,-0.4852495531904467,1.0237902196203126,-0.0783235726479223,0.2689545527097632,-0.9951174507888374,1.4045358978350946,2.15975425988156,-0.9951174507888374,-0.9951174507888374,-0.9951174507888374
2014-08-15,-0.1435250072350034,-0.05222668319892904,-0.1375455978531092,-0.45584149513842065,1.0148668472273557,-0.24084355737218352,0.33698351729721265,-0.9776950968799284,1.4171316063132737,2.1717807574795156,-0.9776950968799284,-0.9776950968799284,-0.9776950968799284
2014-08-18,-0.19306901951200434,0.04333607527675029,-0.14992387061977955,-0.43180092291240624,0.9491409225300242,-0.2654219249554339,0.3030020083937185,-0.9743941386716873,1.4621365604139285,2.1801767260719505,-0.9743941386716873,-0.9743941386716873,-0.9743941386716873
2014-08-19,-0.2000064875153844,0.021430208602858852,-0.0368960370557973,-0.38048230973773606,0.9467020461081415,-0.428129322081887,0.2768044858687185,-0.9677134475721438,1.5427403271309763,2.128690878968686,-0.9677134475721438,-0.9677134475721438,-0.9677134475721438
2014-08-20,-0.24573888545247494,0.07272150788267041,-0.10351954048339149,-0.37561846989381276,0.9132134045309414,-0.36343421381209,0.21148400113065197,-0.9570921272430336,1.550439179227589,2.168821525842052,-0.9570921272430336,-0.9570921272430336,-0.9570921272430336
2014-08-21,-0.17096790077218074,0.059430859888314015,-0.065604364061812,-0.3711702497835454,0.8514911756380742,-0.3785406270056259,0.10102465352008527,-0.9460235625533185,1.4894157513909834,2.269014951398982,-0.9460235625533185,-0.9460235625533185,-0.9460235625533185
2014-08-22,-0.11601699094193127,0.04515169688310016,-0.08734584056762643,-0.3792614431559498,0.9466979565594025,-0.43599836582314005,0.16323406233334517,-0.9486986085716063,1.3664366251017852,2.2918967338974396,-0.9486986085716063,-0.9486986085716063,-0.9486986085716063
2014-08-25,-0.09982118157243083,-0.039584502687100655,-0.088980070214095,-0.4007800864895252,1.160381596428592,-0.42214762729172844,0.008003694597437784,-0.9255326137969426,1.3222084869813002,2.26285014543532,-0.9255326137969426,-0.9255326137969426,-0.9255326137969426
2014-08-26,0.012355241007003956,-0.16963285944483397,-0.02262939388031416,-0.6095912344505986,1.0801505325127443,-0.4052050101157208,-0.0038611138566515065,-0.8783980638973782,1.2747265326764257,2.357279561141458,-0.8783980638973782,-0.8783980638973782,-0.8783980638973782
2014-08-27,0.07299706272434162,-0.13533572951278655,0.022647597354834133,-0.6123080738673488,1.0669553342842448,-0.420054178173278,-0.007483317002939303,-0.9019325372113157,1.3208860335335024,2.2994254195046935,-0.9019325372113157,-0.9019325372113157,-0.9019325372113157
2014-08-28,0.08974528039278816,-0.1035531055559908,0.0030815165182728737,-0.5791723000278236,1.0537642164481273,-0.3986766957793982,-0.10716061359964342,-0.8942933008757394,1.2542437177764802,2.3649011873301427,-0.8942933008757394,-0.8942933008757394,-0.8942933008757394
2014-08-29,0.07097294866241473,-0.10108357416506292,0.02042560669788497,-0.5694144449275998,1.030260214475934,-0.3531138133904684,-0.041109484563305224,-0.9032497945903184,1.1124291771344097,2.4436325484370665,-0.9032497945903184,-0.9032497945903184,-0.9032497945903184
2014-09-02,0.09472208436639658,-0.08660352836843194,0.013661110009504804,-0.6406071355009456,1.0706043678457733,-0.3805751575283085,-0.009683826589583229,-0.9064766073975287,1.2153581328080298,2.3490303825476775,-0.9064766073975287,-0.9064766073975287,-0.9064766073975287
2014-09-03,0.11656157924058719,-0.1189551399848187,-0.014553120991410906,-0.6708902535719834,0.990883258897959,-0.35825200446047367,0.0534919387863783,-0.9047773024895629,1.2722503779982768,2.3485725740437386,-0.9047773024895629,-0.9047773024895629,-0.9047773024895629
2014-09-04,0.0690579618731347,0.06206023592079926,-0.03545979328456885,-0.7084684984772849,0.9849058485624604,-0.3868936146277274,0.11542952021377842,-0.9261692868143414,1.3386577614648891,2.2653877256118826,-0.9261692868143414,-0.9261692868143414,-0.9261692868143414
2014-09-05,0.0497603240254021,0.19746022141727912,-0.07429883778109947,-0.7685278551282212,1.10761061515793,-0.38362727114401823,0.15854665130041803,-0.9450238798983787,1.3658857619064704,2.127285909839354,-0.9450238798983787,-0.9450238798983787,-0.9450238798983787
2014-09-08,0.08610510585542482,0.1823733887769533,-0.08947135156803211,-0.7785300580088387,1.0516992935394616,-0.40026509819819855,0.3737912357349789,-0.9736647541603262,1.479246563480213,1.9897099370293425,-0.9736647541603262,-0.9736647541603262,-0.9736647541603262
2014-09-09,0.08473926998484209,0.26906391689016307,-0.09126794958014235,-0.8320501360904675,1.0098442153029668,-0.4171851742089842,0.5487102090607036,-0.9907114211045037,1.5382899019956637,1.8527014310632715,-0.9907114211045037,-0.9907114211045037,-0.9907114211045037
2014-09-10,0.01680066559759933,0.18528908552718504,-0.1031809124129014,-0.8432551246308461,0.9878572472546474,-0.18121563618477568,0.6383116563559428,-1.0168341247186605,1.5731899026618346,1.7935396147059524,-1.0168341247186605,-1.0168341247186605,-1.0168341247186605
2014-09-11,0.17913143154057184,0.09999901106816521,-0.10303794826544878,-0.8390666984010389,1.0924906139569637,-0.2789649398793357,0.7037347762598541,-1.0242059069329335,1.512532137429208,1.7300052440227949,-1.0242059069329335,-1.0242059069329335,-1.0242059069329335
2014-09-12,0.4278824053368566,0.08625491182413973,-0.17299389470938156,-0.8256359266826154,0.8888804888470743,-0.3444363880739408,0.8042514122196655,-1.0298874817318602,1.6053664590988324,1.6499804590668083,-1.0298874817318602,-1.0298874817318602,-1.0298874817318602
2014-09-15,0.3709107315386909,0.09112603214040663,-0.11915390981284037,-0.7621591943413942,0.8944991234666779,-0.35531024019446494,0.6857237441706148,-1.0351794332983233,1.581878833134149,1.7532026130914518,-1.0351794332983233,-1.0351794332983233,-1.0351794332983233
2014-09-16,0.42803434246366695,0.045043197280710386,-0.11942289712362471,-0.6908428439212149,0.9412557098530342,-0.43201321407844107,0.6553924087556843,-1.0372618545924377,1.6823738991513462,1.6392268159885917,-1.0372618545924377,-1.0372618545924377,-1.0372618545924377
2014-09-17,0.5459810876859383,0.08151397115512808,-0.1539279797665666,-0.6890306245700015,1.0442008914265704,-0.41670266647608617,0.5882644908706683,-1.052599025611653,1.6406250246432954,1.5694719074776668,-1.052599025611653,-1.052599025611653,-1.052599025611653
2014-09-18,0.5960046810902331,0.1256857217066402,-0.06414130391861356,-0.7667668264795741,0.881305636932246,-0.36687927996718783,0.6104072211497421,-1.0628166089515816,1.6194232481881958,1.6162273371046438,-1.0628166089515816,-1.0628166089515816,-1.0628166089515816
2014-09-19,0.5992394279683249,0.1499274983358105,-0.08716864435094086,-0.8307714713158364,0.9489176186346502,-0.349302568402322,0.5876004407776027,-1.0538512372554647,1.6091637493794497,1.587798897995122,-1.0538512372554647,-1.0538512372554647,-1.0538512372554647
2014-09-22,0.5472070532588941,0.09995850658208182,-0.05046916296546793,-0.7922061662218916,0.8544771264056846,-0.32625892933676154,0.2872783127952188,-1.019367392095859,1.666304080053431,1.7911787478122492,-1.019367392095859,-1.019367392095859,-1.019367392095859
2014-09-23,0.6461180544463809,0.2718579656280894,-0.05997197319133398,-0.8543044520242056,0.7381400417581582,-0.30623613524088117,0.17431153126948207,-1.0154908973047247,1.6188573484201374,1.8331912081530737,-1.0154908973047247,-1.0154908973047247,-1.0154908973047247
2014-09-24,0.4458499673026411,0.2624017978787684,0.006428685529031524,-0.8281340247479466,0.7600885576737609,-0.27768366722343957,0.2599555793160346,-1.026868391695164,1.5718792488226212,1.9066874222291843,-1.026868391695164,-1.026868391695164,-1.026868391695164
2014-09-25,0.48648936267187476,0.3162451611946472,-0.0005414384005624178,-0.8377802431804859,0.6818357408810787,-0.2828999232513206,0.3421751953872978,-1.0360132820350856,1.5020216868687684,1.9365075859690455,-1.0360132820350856,-1.0360132820350856,-1.0360132820350856
2014-09-26,0.5285712339607719,0.2895534831707786,0.021168237154566512,-0.758680622049203,0.6428040928593672,-0.2279768508368868,0.25379671895307493,-1.0545687283654273,1.5534554486908942,1.9155831715583451,-1.0545687283654273,-1.0545687283654273,-1.0545687283654273
2014-09-29,0.5998821121159946,0.28951256051109536,0.021394294154967273,-0.7876193257786074,0.5264510728466554,-0.226081203655375,0.24703007929187049,-1.044943415181909,1.6512793920491229,1.8579246791919124,-1.044943415181909,-1.044943415181909,-1.044943415181909
2014-09-30,0.6807771773385527,0.25031624745211345,0.03368236635581093,-0.7942485939118764,0.43023108400339405,-0.1497506884964743,0.2319855732485503,-1.0487413703215627,1.6718169803931184,1.8401553349030628,-1.0487413703215627,-1.0487413703215627,-1.0487413703215627
2014-10-01,0.6486972543576173,0.22723304635158764,-0.009977981420836309,-0.773377726519053,0.49409402799692,-0.17989728933527915,0.19749180015407047,-1.0375837977202085,1.8735728847807074,1.6724991745150994,-1.0375837977202085,-1.0375837977202085,-1.0375837977202085
2014-10-02,0.5663869786647536,0.14931061118569186,-0.022821258916724645,-0.8294119511802001,0.5835087631113607,-0.17341921373622055,0.4319376825597868,-1.0370662926564453,2.023851161434357,1.418922397502974,-1.0370662926564453,-1.0370662926564453,-1.0370662926564453
2014-10-03,0.34918085968536067,0.09285653212786477,-0.021331718514410725,-0.8500756986510626,0.5388859215614075,-0.13099050624674988,0.6801182257445572,-1.0278371171416043,2.034465512706072,1.418239340153377,-1.0278371171416043,-1.0278371171416043,-1.0278371171416043
2014-10-06,0.29865872890960293,0.06402331156083621,-0.003033457585532099,-0.767398160047215,0.5738949427894283,-0.08000069453009671,0.8940019301304429,-1.0661015072094184,1.9909349496692834,1.2933244779409259,-1.0661015072094184,-1.0661015072094184,-1.0661015072094184
2014-10-07,0.3649663780498565,0.14509519010566568,0.07022307006117491,-0.7874358124163047,0.5074179027989096,-0.122143337267076,0.5649153168169995,-1.0466822328417371,2.1203192572154914,1.3233709660022328,-1.0466822328417371,-1.0466822328417371,-1.0466822328417371
2014-10-08,0.2611781477742896,0.23760334621544874,0.0984457304175583,-0.7431694165104642,0.5525731092564009,-0.1818589478732207,0.5498393285148907,-1.0518171886005763,2.138086405292654,1.2945710513147475,-1.0518171886005763,-1.0518171886005763,-1.0518171886005763
2014-10-09,0.258232658131137,0.2546862143792192,0.05034495957285566,-0.8004872294339404,0.7377308120327808,-0.2281373076280351,0.6445120593083007,-1.0500833680022725,2.0957194154422263,1.1877318902045446,-1.0500833680022725,-1.0500833680022725,-1.0500833680022725
2014-10-10,0.2861217067295522,0.20617773628265854,0.006819749794692644,-0.7563206084220092,0.7582495851781662,-0.19440913644601354,0.7859098236578609,-1.064779264686907,2.0954215447984716,1.0711466571742512,-1.064779264686907,-1.064779264686907,-1.064779264686907
2014-10-13,0.3634923934597312,0.21477024091277502,0.004136659406039597,-0.8094458648936463,0.6738110618277251,-0.21441982822939779,0.7687931624620882,-1.0530688526441978,2.0974879103431494,1.1136496752883254,-1.0530688526441978,-1.0530688526441978,-1.0530688526441978
2014-10-14,0.3437510179931163,0.14562838530414235,-0.04662093407380874,-0.8337611189930889,0.6332758649756381,-0.22784326814665118,0.5894474586639391,-1.0209213370681343,2.0037639237302254,1.4760440188190258,-1.0209213370681343,-1.0209213370681343,-1.0209213370681343
2014-10-15,0.47346568655045806,0.2018383520091433,0.03003769258353292,-0.8691684156751475,0.5994931428189708,-0.24080495018386483,0.3024867596553198,-1.0034567336172198,2.1183403343021068,1.3981383324083607,-1.0034567336172198,-1.0034567336172198,-1.0034567336172198
2014-10-16,0.334140941261245,0.17614490936089433,-0.0049956734669174534,-0.791022829760467,0.5997210186825471,-0.208468025176978,0.2442465799496799,-0.9985234513286022,2.0867806817574865,1.5575462027069173,-0.9985234513286022,-0.9985234513286022,-0.9985234513286022
2014-10-17,0.3695874364231074,0.16172473907113738,-0.022049723228109736,-0.849139871618383,0.500278045216033,-0.2286337538724865,0.2887361982686781,-0.9791703126538144,2.0267519576416033,1.6694262227136756,-0.9791703126538144,-0.9791703126538144,-0.9791703126538144
2014-10-20,0.3354612222267353,0.13029948702872585,0.03404599089380268,-0.8474517545526787,0.42624582549955126,-0.18949360007290947,0.3324076173274511,-0.9832830187464433,2.0397007760277748,1.6719165106073206,-0.9832830187464433,-0.9832830187464433,-0.9832830187464433
2014-10-21,0.36243085949759174,0.29538400222050903,-0.3257036781296257,-0.9052326784126272,0.41412026800227086,-0.22175003936439688,0.34357911381175543,-0.9274485027115136,2.041749502264306,1.7052166609562716,-0.9274485027115136,-0.9274485027115136,-0.9274485027115136
2014-10-22,0.31161142933754016,0.29890055481560285,-0.3239988292941739,-0.9511121180719659,0.4357945591764849,-0.24282189364791107,0.5077405285851653,-0.9320387638660953,1.9048409196786469,1.787199904884993,-0.9320387638660953,-0.9320387638660953,-0.9320387638660953
2014-10-23,0.35932864196443226,0.27186541097756545,-0.3864245909142812,-1.0065951625050933,0.5860554338868414,-0.25445509998872096,0.5037963176255446,-0.9235111943469376,1.869347710138049,1.7511261162034135,-0.9235111943469376,-0.9235111943469376,-0.9235111943469376
2014-10-24,0.17909986805406572,0.31302001302569327,-0.4687185433882361,-0.9083190949041829,0.5363475544326515,-0.22883648993057984,0.5919067058671587,-0.9210075307134388,1.9020984469885418,1.7674316627086422,-0.9210075307134388,-0.9210075307134388,-0.9210075307134388
2014-10-27,0.08177078033215698,0.3478380537746845,-0.4559885418055048,-0.9768066956495216,0.5542538896337451,-0.19445982836161083,0.41380849206602444,-0.8825117057056349,1.9549047794104244,1.8047258934221413,-0.8825117057056349,-0.8825117057056349,-0.8825117057056349
2014-10-28,0.18345148162006583,0.08764130313064535,-0.40282941738182193,-1.1360786794416982,0.5819016302782539,-0.17539409174316573,0.40896727434613983,-0.8330968795756288,1.768253779465189,2.016474238028907,-0.8330968795756288,-0.8330968795756288,-0.8330968795756288
2014-10-29,0.10336984470789727,0.07834760165251023,-0.42082582952428893,-1.1151076595403366,0.6951630761012578,-0.1966938780074451,0.5157607074161383,-0.8426915239000928,1.6983562424672594,2.0123959903273803,-0.8426915239000928,-0.8426915239000928,-0.8426915239000928
2014-10-30,0.2553689258189045,0.10622213117232965,-0.4776093474683059,-1.1666291134957667,0.8289272521337112,-0.1966893987749183,0.4791525165218051,-0.8551631892939929,1.7582000633434027,1.833709727924811,-0.8551631892939929,-0.8551631892939929,-0.8551631892939929
2014-10-31,0.16111780998623723,0.093131260684133,-0.4873080395210697,-1.1816294093858684,0.7551900471390244,-0.20541731044158806,0.6046194790049446,-0.838923641704749,1.8268561193451227,1.7891346100080607,-0.838923641704749,-0.838923641704749,-0.838923641704749
2014-11-03,0.22132571293748268,0.10870854161950727,-0.48606651878067986,-1.2216663057457247,0.7104520617971752,-0.21040146201125928,0.8176899984109727,-0.8551470095963033,1.6673537992084324,1.813192210949307,-0.8551470095963033,-0.8551470095963033,-0.8551470095963033
2014-11-04,0.1995522702700689,0.09442268598301044,-0.4627739854148196,-1.1562823012427854,0.7317212035839832,-0.24102042525513567,0.7809333494988459,-0.8662919788521902,1.7114655284089126,1.8071495895766818,-0.8662919788521902,-0.8662919788521902,-0.8662919788521902
2014-11-05,0.20024202361058288,0.09440575770303564,-0.44087548884954747,-1.196122768312151,0.9806145641809246,-0.12981858020652023,0.6104245598683389,-0.8839350268060686,1.7857943172386352,1.6310757219909762,-0.8839350268060686,-0.8839350268060686,-0.8839350268060686
2014-11-06,0.24630864762777918,0.03195288158981606,-0.4653731500773818,-1.2328913156284884,0.8142165421213263,-0.10885939605929508,0.6396070579628644,-0.8589517131530479,1.7979152688714761,1.712930316204096,-0.8589517131530479,-0.8589517131530479,-0.8589517131530479
2014-11-07,0.21493401327027184,-0.12404059785102689,-0.47274812396629057,-1.153759314418577,0.7993067679870789,-0.15798775844438898,1.1976387021657575,-0.8806418326532011,1.6392384622148481,1.5799851796551305,-0.8806418326532011,-0.8806418326532011,-0.8806418326532011
2014-11-10,0.2726592473514141,-0.14547836822007082,-0.5094825180950122,-1.125168256887234,0.8301116560693529,-0.1530004220706505,1.5299338933420386,-0.8886583073306671,1.6410615417806569,1.2139964560521728,-0.8886583073306671,-0.8886583073306671,-0.8886583073306671
2014-11-11,0.49160713912809356,-0.13425584355075165,-0.5103806635645263,-1.2229488346245312,1.0427955928052348,-0.4697534285772908,1.6868604143826662,-0.8327335743083704,1.4008562015256603,1.0461537197089246,-0.8327335743083704,-0.8327335743083704,-0.8327335743083704
2014-11-12,0.5864573692673806,-0.07807648185824398,-0.5270767224001759,-1.3379856271406925,1.3942191668161896,-0.47652736668806794,1.2882966582234279,-0.8213258479924028,1.4253371679176012,1.010659227832192,-0.8213258479924028,-0.8213258479924028,-0.8213258479924028
2014-11-13,0.45543802046556375,-0.08518919219944411,-0.5273527679384236,-1.2664860132467826,1.290521611929769,-0.41678104071538213,1.542685307248101,-0.8339801369116129,1.4517980650224718,0.8912865570805792,-0.8339801369116129,-0.8339801369116129,-0.8339801369116129
2014-11-14,0.45269012887481014,-0.17005606063871329,-0.6103634467656752,-1.30525621852086,1.0817492719111372,-0.4105935589830339,1.6492287071104288,-0.7825112422480669,1.5364705700059205,0.9061755759982516,-0.7825112422480669,-0.7825112422480669,-0.7825112422480669
2014-11-17,0.2755865744646921,-0.2003659502395629,-0.6067175752031948,-1.3239771063185763,0.9034532849326984,-0.4029433327303688,1.4531661786674641,-0.7295128656010116,1.9428737770763225,0.8769756117545707,-0.7295128656010116,-0.7295128656010116,-0.7295128656010116
2014-11-18,0.33158847426080285,-0.12418474050280619,-0.7028046789040201,-1.3258555891028592,1.0776185616536178,-0.41566828842792364,1.5064624830887108,-0.7391127176302428,1.7683115087729504,0.8409831396825003,-0.7391127176302428,-0.7391127176302428,-0.7391127176302428
2014-11-19,0.2818047760281783,-0.14464024219630567,-0.6786390384340202,-1.2330613012689295,1.163953085600315,-0.3845264727070503,1.7800241335605829,-0.7673397296950549,1.5183587021347478,0.7660852760627008,-0.7673397296950549,-0.7673397296950549,-0.7673397296950549
2014-11-20,0.2757333729814454,-0.14596161362338092,-0.6812472125825471,-1.1787606343920414,1.0678209826807188,-0.26563612860640745,1.5235820510145057,-0.812212422330237,1.7498490226799666,0.9034698491686874,-0.812212422330237,-0.812212422330237,-0.812212422330237
2014-11-21,0.3293474691140717,-0.21179978043074144,-0.6455405408894075,-1.1765414740398228,1.0413428676006422,-0.291937576335076,1.6337442571386063,-0.8086509521072731,1.6809530859841366,0.875035500286684,-0.8086509521072731,-0.8086509521072731,-0.8086509521072731
2014-11-24,0.3544060033695772,-0.19037317651816116,-0.6184738265680136,-1.2124699921760125,1.1139248154056136,-0.24427764195215934,1.6870463822233386,-0.8061253300105293,1.6743739241256168,0.6603448321323172,-0.8061253300105293,-0.8061253300105293,-0.8061253300105293
2014-11-25,0.36472505034102903,-0.12195216029544924,-0.6183942362315319,-1.377921723928751,1.1570906268737686,-0.1732055728313015,1.6596218406000216,-0.7818983086839298,1.6182481377621032,0.6193812724458315,-0.7818983086839298,-0.7818983086839298,-0.7818983086839298
2014-11-26,0.34829476655895014,-0.13475696653873848,-0.6490532196953527,-1.3898001221988268,1.3066068389311771,-0.2320010178088299,1.4207818342373668,-0.7823027929353223,1.5876036310891568,0.8715354271663854,-0.7823027929353223,-0.7823027929353223,-0.7823027929353223
2014-11-28,0.2832210651528167,-0.10132556473518295,-0.6421666384698802,-1.3448345738279366,1.1259903722031819,-0.2117802322223881,1.7646869404956271,-0.7805274591805801,1.5097596278970637,0.7385588402290189,-0.7805274591805801,-0.7805274591805801,-0.7805274591805801
2014-12-01,0.3216147237559476,-0.041291035436463196,-0.630155706581428,-1.4170631677566508,0.9548473967737121,-0.18250104560506616,1.6190085681346271,-0.7651319524883025,1.772355425926562,0.6637126507419685,-0.7651319524883025,-0.7651319524883025,-0.7651319524883025
2014-12-02,0.2907934619866961,-0.09518108852497333,-0.5958283693209236,-1.437092241548587,0.8788653726769393,-0.1483734153429369,1.7257216063858798,-0.7559594924772132,1.7200813152267875,0.6848513283699712,-0.7559594924772132,-0.7559594924772132,-0.7559594924772132
2014-12-03,0.2726553228785033,-0.12136683410059745,-0.5766665427594375,-1.3702367695937334,0.8041975815264902,-0.09245799612326401,1.7462754612653981,-0.7795308276590147,1.7523206250997427,0.7034024624429563,-0.7795308276590147,-0.7795308276590147,-0.7795308276590147
2014-12-04,0.3031652629929082,-0.022854932943970244,-0.5975755462459609,-1.4082658069856504,0.911867688293396,0.02195907795107883,1.19368205820504,-0.8026635053465576,2.032427178037668,0.7762490420817193,-0.8026635053465576,-0.8026635053465576,-0.8026635053465576
2014-12-05,0.28784402854044594,-0.06578170341326507,-0.5989173150569466,-1.421566394352167,0.8456026074792251,0.02614738538628161,1.3184995763749723,-0.7902665845572691,1.9956313338888312,0.7736068193816993,-0.7902665845572691,-0.7902665845572691,-0.7902665845572691
2014-12-08,0.3260429558251724,0.08213182145651225,-0.6508614383200907,-1.521264254775586,0.8987931109104215,0.12512417363260078,1.1984021568963819,-0.8084056935756437,1.8482434676154138,0.9270107810617484,-0.8084056935756437,-0.8084056935756437,-0.8084056935756437
2014-12-09,0.3416191257190941,0.0738213523154557,-0.7071216123382157,-1.4819977934515718,0.8781185786344335,0.1575868710917952,1.4252433369762503,-0.7962393416642967,1.8400518884549308,0.657635619255015,-0.7962393416642967,-0.7962393416642967,-0.7962393416642967
2014-12-10,0.39071663850834193,0.1010351769746959,-0.7270188090065234,-1.4987457927199457,0.9369407566942388,0.21323204075076405,1.4070469732949547,-0.7988307641364462,1.8158359108284967,0.5562801612207645,-0.7988307641364462,-0.7988307641364462,-0.7988307641364462
2014-12-11,0.38023199038185757,0.17445493530500042,-0.7078322722252481,-1.4649444746225835,0.7481109440354817,0.1572710555446716,1.4026231124565323,-0.7966321816255113,1.9451258657746342,0.5514875698516998,-0.7966321816255113,-0.7966321816255113,-0.7966321816255113
2014-12-12,0.3655188533075075,0.15615155872372521,-0.6965926898269548,-1.367460649134449,0.7066160255344494,0.07926018909975266,1.5636044461101992,-0.819137529888342,1.8684977183094882,0.6009546674296492,-0.819137529888342,-0.819137529888342,-0.819137529888342
2014-12-15,0.47021485721165385,0.22188184789134827,-0.6900230511821231,-1.3855036052116638,0.5416053445747815,0.15945008569651803,1.3052932555437782,-0.821109740652768,2.0630965918017,0.5984236362850793,-0.821109740652768,-0.821109740652768,-0.821109740652768
2014-12-16,0.5683203411073651,0.34161808856062215,-0.6775121940345055,-1.365706751336736,0.3786690356653825,0.15353829614462572,1.3357215071778765,-0.824972460692889,2.0802625671328476,0.48497895235407834,-0.824972460692889,-0.824972460692889,-0.824972460692889
2014-12-17,0.6501739309131229,0.35325522601996906,-0.7452293459100555,-1.3653456542051277,0.41568124849428506,0.22670342940927732,1.5741807109299253,-0.855075651302617,1.76207613157362,0.5488069279854504,-0.855075651302617,-0.855075651302617,-0.855075651302617
2014-12-18,0.8108041932806623,0.5059267374042629,-0.7871162613370951,-1.4573167420564161,0.4007946646600544,0.2860522533733031,1.5180097997490598,-0.8617625925849902,1.5706081352544432,0.599287590011686,-0.8617625925849902,-0.8617625925849902,-0.8617625925849902
2014-12-19,0.7826510283939,0.361203962074418,-0.8293282080014233,-1.4225155107508414,0.25984713034727863,0.24906528207487158,1.5732346289058938,-0.8389888858340653,1.5709931703706088,0.8108040599215556,-0.8389888858340653,-0.8389888858340653,-0.8389888858340653
2014-12-22,0.7800534906248136,0.335966762512811,-0.8170724794992564,-1.3944250902747122,0.2252548858675746,0.20048657578106627,1.5973072469921548,-0.8380821496718385,1.5832145044244637,0.8415427022584401,-0.8380821496718385,-0.8380821496718385,-0.8380821496718385
2014-12-23,0.8300661008261118,0.3321917828796925,-0.8677953816516398,-1.4002966007040265,0.2537189471463246,0.2042715970216977,1.5458026665155864,-0.8263120979136211,1.6293474994834876,0.7779417801372492,-0.8263120979136211,-0.8263120979136211,-0.8263120979136211
2014-12-24,0.6853958378998596,0.313714858253562,-0.8846748043106974,-1.3816443836405916,0.08742478985398189,0.22663877395409396,1.437941743758895,-0.8135236937066355,1.6413115408614356,1.1279864181960018,-0.8135236937066355,-0.8135236937066355,-0.8135236937066355
2014-12-26,0.8245756065726885,0.23919409199885813,-0.8805227393505918,-1.3592674639888822,0.09981222288652536,0.2580348615526825,1.2792898707393723,-0.8266108352835612,1.692590685248151,1.15273620547544,-0.8266108352835612,-0.8266108352835612,-0.8266108352835612
2014-12-29,0.8222215680568495,0.19076701380006011,-0.8862737482491039,-1.4022510213392547,0.2157359396220403,0.3036768659600881,1.1745749045916483,-0.8259861523719643,1.6930813607079556,1.1924117263375729,-0.8259861523719643,-0.8259861523719643,-0.8259861523719643
2014-12-30,0.7827032461316742,0.14557737055718137,-0.9122466108041755,-1.353458826816489,0.4108690803641543,0.25681673989370446,1.1763963374979634,-0.8449005332478021,1.6613368635468257,1.2116079326203684,-0.8449005332478021,-0.8449005332478021,-0.8449005332478021
2014-12-31,0.8152590282506662,0.13472852743990293,-0.9013222400217807,-1.3052265398251608,0.5431690978247058,0.19562616702732696,1.0396836271320662,-0.8661688659812248,1.638789753009769,1.3039680430874017,-0.8661688659812248,-0.8661688659812248,-0.8661688659812248
2015-01-02,0.7573446307962834,0.3144180598689447,-0.9498062147618419,-1.4398740373909318,0.44649102503490523,0.2200514102525133,1.0077038837783365,-0.8213923751139305,1.6882159083562107,1.2410248345213017,-0.8213923751139305,-0.8213923751139305,-0.8213923751139305
2015-01-05,0.754943084793477,0.29044417425254004,-0.9349033616713324,-1.417325159407002,0.4201750819123788,0.23463677288838578,0.9541392567271261,-0.8258215875129385,1.7120233585011542,1.2891531420550277,-0.8258215875129385,-0.8258215875129385,-0.8258215875129385
2015-01-06,0.8141441448615163,0.22101143070009302,-0.9059390286634855,-1.4354643643878415,0.325953942494516,0.3284147244657477,0.8188260201815105,-0.8168452043483871,1.7037940798839324,1.3966398678575602,-0.8168452043483871,-0.8168452043483871,-0.8168452043483871
2015-01-07,0.6750759695068022,0.31091254965791415,-0.8728130015173436,-1.3399549186909616,0.10325702657837431,0.18045672317938963,0.7751436802006847,-0.7888238993893255,2.0046755806060874,1.318541988036356,-0.7888238993893255,-0.7888238993893255,-0.7888238993893255
2015-01-08,0.7457896223001412,0.29846312833162786,-0.9646503446203184,-1.3699186568142705,0.16088865677677325,0.19078270928309168,0.6762373722212638,-0.7535373871342674,2.0791427605247805,1.1974143005339806,-0.7535373871342674,-0.7535373871342674,-0.7535373871342674
2015-01-09,0.8005933657612055,0.4545600100781819,-0.9591483780305181,-1.492161725065908,0.2744966476627625,0.21011217725237105,0.6042810506813807,-0.7322951229301433,2.13718703387528,0.8992603095058166,-0.7322951229301433,-0.7322951229301433,-0.7322951229301433
2015-01-12,0.8214677434443911,0.38182214210461907,-0.9246329959431661,-1.4384567547699678,0.2805021239664045,0.2705238374096064,0.6686036521808594,-0.7652483959858843,2.1371706938851904,0.8639931416656004,-0.7652483959858843,-0.7652483959858843,-0.7652483959858843
2015-01-13,0.8867218696335007,0.353651297843436,-0.9544654620504283,-1.4875943717824607,0.2818449211210675,0.271924233767535,0.6877791349274299,-0.7389214431230599,2.1299460896002076,0.7858780594319517,-0.7389214431230599,-0.7389214431230599,-0.7389214431230599
2015-01-14,0.7318450492160732,0.4111908630734539,-0.9446065097767153,-1.4410829593670396,0.426232011545487,0.2792493682178379,0.7624846789447466,-0.7800425364661904,2.1036759921707557,0.7911816518401619,-0.7800425364661904,-0.7800425364661904,-0.7800425364661904
2015-01-15,0.8236589617987006,0.5174112348645762,-1.0321892116840563,-1.5007871604123089,0.5168312059873593,0.21302261664168984,0.29087779697766397,-0.7043100056221357,2.161092081918185,0.8273224963967337,-0.7043100056221357,-0.7043100056221357,-0.7043100056221357
2015-01-16,0.7757343952314294,0.46166840627673883,-1.069690017609723,-1.5368440903397582,0.5831665207002134,0.2357498480451465,0.2314638820365853,-0.6834051009274081,2.119093537707268,0.9332779216617317,-0.6834051009274081,-0.6834051009274081,-0.6834051009274081
2015-01-20,0.7783888510123673,0.34351132095483133,-1.1089238038424887,-1.5311709750592668,0.5203032430000188,0.22784165982259463,-0.025102539481621975,-0.5996459754707277,2.2450888376914913,0.9486473077849847,-0.5996459754707277,-0.5996459754707277,-0.5996459754707277
2015-01-21,0.8713370824160278,0.33889262724627256,-1.0804718793003179,-1.5337793643867643,0.5460834520209148,0.30649834031121986,0.05968528528980493,-0.6656633757102549,2.058212528009734,1.0961954312341278,-0.6656633757102549,-0.6656633757102549,-0.6656633757102549
2015-01-22,0.8771370949319933,0.4910559817883139,-1.052411332516129,-1.5562324775743352,0.4585082305228933,0.26746061782392616,0.11217231498394457,-0.6670348773437322,2.1149429668663298,0.9555061125479918,-0.6670348773437322,-0.6670348773437322,-0.6670348773437322
2015-01-23,0.8611228314674085,0.564185224376821,-1.0651100095207096,-1.5860442828948775,0.654791105891272,0.3352961846667807,0.09815061443588556,-0.691070749459856,2.00707355836544,0.8948177710514034,-0.691070749459856,-0.691070749459856,-0.691070749459856
2015-01-26,0.7932816519095852,0.5108759978095662,-1.0001772159959297,-1.504052204435685,0.7494167716936122,0.3670154126638831,0.038723045756797636,-0.7209666999251645,2.089411388490107,0.8393719518087208,-0.7209666999251645,-0.7209666999251645,-0.7209666999251645
2015-01-27,0.7673048636778166,0.37613365008370864,-0.9042818669311776,-1.4483812434655319,0.7915211788139939,0.37103131400903067,0.09424045261865019,-0.7675608342659104,2.084181690772847,0.9384932974843037,-0.7675608342659104,-0.7675608342659104,-0.7675608342659104
2015-01-28,0.6813843181373374,0.4180441358195571,-0.8686281928858138,-1.481218060161859,0.855887352637166,0.3582799113016545,0.2167127479958666,-0.7852861682230811,2.052636076785054,0.9080463832633603,-0.7852861682230811,-0.7852861682230811,-0.7852861682230811
2015-01-29,1.1511969194332623,0.3527041792761234,-0.8904658748278237,-1.459614748880616,0.6966770977357158,0.30970722857257654,0.10239100840005265,-0.774835020478813,1.970704912559709,0.8660393596462514,-0.774835020478813,-0.774835020478813,-0.774835020478813
2015-01-30,1.13636372460674,0.22409291552522173,-0.884706526578871,-1.370581854863293,0.7327302561907458,0.2976328968746158,0.09564484151753998,-0.7919136957967623,1.989137720283825,0.9473408096305255,-0.7919136957967623,-0.7919136957967623,-0.7919136957967623
2015-02-02,1.2671657059621146,0.2999760334378599,-0.8940368688360656,-1.4513742658071858,0.25597698427800386,0.32710231650295,-0.008205023017689064,-0.7060960037100315,2.083064101557056,0.9447150307630818,-0.7060960037100315,-0.7060960037100315,-0.7060960037100315
2015-02-03,1.2168281652437458,0.16283846815958503,-1.053630480415468,-1.1627319947005479,0.11521597939022932,0.2926426962512408,0.04516827086696632,-0.7115237108979146,2.201833510347514,1.0279302284483927,-0.7115237108979146,-0.7115237108979146,-0.7115237108979146
2015-02-04,1.0951281772482244,0.29398761123015993,-0.9796336617959899,-1.119771959417455,0.15818170435348897,0.3128009751390469,0.03280669244175279,-0.758730290594736,2.2612802229877427,0.9801414001919699,-0.758730290594736,-0.758730290594736,-0.758730290594736
2015-02-05,1.0350410442686342,0.38646840810517186,-1.0199907579966816,-1.1736755734912154,0.10619839752261444,0.32855555032564676,-0.08724473080423126,-0.7082408123727846,2.3078354981443234,0.949775413416877,-0.7082408123727846,-0.7082408123727846,-0.7082408123727846
2015-02-06,1.0751143109874792,0.4430647301893193,-1.1115629821276107,-1.2330338291532235,0.13180196114233284,0.2808746524995628,0.08359172617426892,-0.6915682330636684,2.283617893396948,0.8128044691455967,-0.6915682330636684,-0.6915682330636684,-0.6915682330636684
2015-02-09,1.1547999542171943,0.4917330810163582,-1.1303332313482743,-1.2348836424774827,0.1703287821597195,0.24506091411864717,0.014655731598488264,-0.6544570814902728,2.3464669745526616,0.5599997621237797,-0.6544570814902728,-0.6544570814902728,-0.6544570814902728
2015-02-10,1.1813614374306383,0.5206142811789946,-1.1184608351431686,-1.214853576085911,0.1017721635672925,0.3030047022658096,-0.194616443163141,-0.638162586857505,2.328235537072015,0.6455930803074913,-0.638162586857505,-0.638162586857505,-0.638162586857505
2015-02-11,1.1096024188876628,0.47800668417057945,-1.0914237688791502,-1.1932012187322296,0.16001347972676427,0.3345067864997569,-0.42096717169296255,-0.594569218345709,2.4204822233201133,0.581257440082302,-0.594569218345709,-0.594569218345709,-0.594569218345709
2015-02-12,1.1107743456672141,0.5200509492795293,-1.149905280136916,-1.2567204336722138,0.13392954882173652,0.3193274404019437,-0.4354839867939672,-0.5402121477138573,2.4231055524798095,0.49577045480829274,-0.5402121477138573,-0.5402121477138573,-0.5402121477138573
2015-02-13,1.2427501074944187,0.5017991943031728,-1.1580490737266358,-1.1619849870103571,0.1714325251655146,0.181612533391474,-0.37576731812359404,-0.5538899003366698,2.4371969245857232,0.37656969526696205,-0.5538899003366698,-0.5538899003366698,-0.5538899003366698
2015-02-17,1.1980318345074061,0.512887040410934,-1.0803374889794137,-1.1630600103925193,0.04049056493475072,0.13579454801901206,-0.6066569928461215,-0.47248977902924266,2.529008285392841,0.323801335070081,-0.47248977902924266,-0.47248977902924266,-0.47248977902924266
2015-02-18,1.1282640524747067,0.526825582583534,-1.063339861103737,-1.1980077724239173,-0.0165313418611465,0.02353040822763506,-0.5501024496141137,-0.42405413049641116,2.6085749052589016,0.23700299844378236,-0.42405413049641116,-0.42405413049641116,-0.42405413049641116
2015-02-19,1.0292936530438486,0.5711134992522593,-1.0358302833005206,-1.1133449957965627,0.021085419915905502,0.09027191377137916,-0.6299627360700323,-0.42924026624333556,2.673418138708205,0.11091645544886021,-0.42924026624333556,-0.42924026624333556,-0.42924026624333556
2015-02-20,1.1525177817475802,0.5018354475776547,-1.0252633101603785,-1.077762973746536,-0.018479321267282547,-0.006313750556645854,-0.49469903238917906,-0.4621026309582282,2.661546180209683,0.1550295024180164,-0.4621026309582282,-0.4621026309582282,-0.4621026309582282
2015-02-23,1.2933151555402846,0.44946079584353377,-0.9646443751096494,-1.0160638492013512,-0.06945850892044113,-0.07629453375345463,-0.6919803513804661,-0.4525629670451454,2.6025710458631766,0.28334648929894823,-0.4525629670451454,-0.4525629670451454,-0.4525629670451454
2015-02-24,1.4037080522491574,0.456850944530743,-0.9304590384760202,-0.9190185941008164,-0.03824463405530327,-0.05463385027188349,-0.6701528139402726,-0.5287659154686011,2.535489638850216,0.33152395708858406,-0.5287659154686011,-0.5287659154686011,-0.5287659154686011
2015-02-25,1.4037554258971228,0.5070046440136281,-0.8961510814842921,-0.9146127129760224,-0.14029104621381341,-0.08449930766090093,-0.7798305377339847,-0.504766623000182,2.5117775086986396,0.4119135994603502,-0.504766623000182,-0.504766623000182,-0.504766623000182
2015-02-26,1.4048039581484473,0.49729578056290297,-0.8800489088359582,-0.9313208376231675,-0.08251493697386424,-0.06437495030450198,-1.0397705888893496,-0.46131884594806133,2.4372197519555097,0.5039861157522262,-0.46131884594806133,-0.46131884594806133,-0.46131884594806133
2015-02-27,1.5434362789324687,0.240793676293952,-0.9449319166534854,-0.9482931849388524,-0.01697118670751958,-0.13711899038857,-1.0964932704018389,-0.37989774603227705,2.3946192168309914,0.4845503611619617,-0.37989774603227705,-0.37989774603227705,-0.37989774603227705
2015-03-02,1.6760638369665415,0.05173612745665326,-0.936660658951704,-0.9215354721872958,0.03874837948003385,-0.137680357533918,-1.1210659784618742,-0.3493521480280005,2.353934201667829,0.39386851367573583,-0.3493521480280005,-0.3493521480280005,-0.3493521480280005
2015-03-03,1.7657765866787547,0.01626671747089882,-0.9704237693995982,-0.9075876310334612,0.09216494658861135,-0.08320461060702244,-0.9896074539305949,-0.40840664876525234,2.29896973965541,0.41127206963801044,-0.40840664876525234,-0.40840664876525234,-0.40840664876525234
2015-03-04,1.8456132163295276,-0.0793800378125043,-0.8600790732008987,-0.4949089704296501,0.06156398152046736,-0.18416376009174104,-1.1782775179560767,-0.43709209405432026,2.302100982705436,0.33589955515272096,-0.43709209405432026,-0.43709209405432026,-0.43709209405432026
2015-03-05,1.9960985988106519,-0.025503486892808257,-0.9347955807090348,-0.41422261864707877,-0.05006895015493864,-0.10817363026566501,-1.1305948652056272,-0.4207900717894311,2.225583549298657,0.12483727092356824,-0.4207900717894311,-0.4207900717894311,-0.4207900717894311
2015-03-06,1.9506662564721438,0.026566417772640284,-0.9488583455008464,-0.5330758413430563,-0.21730195695306084,-0.05436211618145072,-0.9915291412178227,-0.43618560915807636,2.2708834270197324,0.24175373656402524,-0.43618560915807636,-0.43618560915807636,-0.43618560915807636
2015-03-09,1.9555563988435787,0.02761261331270092,-0.9979826831089192,-0.525256016352718,-0.17538074820860106,0.0008451489366351301,-0.9894606481083108,-0.44573933070094157,2.245011842267552,0.24201141522184963,-0.44573933070094157,-0.44573933070094157,-0.44573933070094157
2015-03-10,1.8847534649965774,0.053404443495283165,-0.9998219294234063,-0.48067993037570306,-0.17560469388481875,0.008570011659268314,-0.8982579002348292,-0.4997128344619639,2.298391253164465,0.30809661845102,-0.4997128344619639,-0.4997128344619639,-0.4997128344619639
2015-03-11,1.9200921655474676,0.08974982095360536,-0.9699693851109937,-0.44770804970971617,-0.35190019415998414,0.08623513530153835,-0.8507040857680392,-0.48837262531822273,2.3078242723618563,0.16987082185715646,-0.48837262531822273,-0.48837262531822273,-0.48837262531822273
2015-03-12,1.957930445718628,0.06723420662441645,-0.9876568321985204,-0.4767589479503309,-0.24001227468052752,0.04336988940900714,-0.7952251471759167,-0.4962870465451572,2.295096365934185,0.12117048049968712,-0.4962870465451572,-0.4962870465451572,-0.4962870465451572
2015-03-13,1.8834482758055815,0.0034300011293692044,-0.927917579646384,-0.4937663266420545,-0.28353290673100484,0.0950182276058268,-0.9213498642640033,-0.5183561655057634,2.2647729386357,0.45332189613002216,-0.5183561655057634,-0.5183561655057634,-0.5183561655057634
2015-03-16,1.9313030615353932,-0.03843057447876673,-0.9044288299124774,-0.5172226281686031,-0.14463175120427268,0.13799422928314806,-0.9378504466231701,-0.5530946595037882,2.1894501316338832,0.4961954459500182,-0.5530946595037882,-0.5530946595037882,-0.5530946595037882
2015-03-17,1.9098400171328727,-0.01470492070247194,-0.832659823855235,-0.5581492356204105,-0.15329016579068755,0.34154670736730053,-1.0129382772250908,-0.5901464074417752,2.1132680532267365,0.5676732752340854,-0.5901464074417752,-0.5901464074417752,-0.5901464074417752
2015-03-18,1.931471586883019,0.029329787394855613,-0.8497638072994608,-0.5205100295709404,-0.22842012181033605,0.3530449727051974,-1.0342920546180447,-0.583776046016665,2.0831868689132675,0.5710569814691008,-0.583776046016665,-0.583776046016665,-0.583776046016665
2015-03-19,1.9486815923868444,-0.07761872672385535,-0.884494750840487,-0.5646246685294941,-0.21285290185607703,0.30903988242355285,-1.049959675271789,-0.5342207401032468,2.092536971466474,0.5761752373578177,-0.5342207401032468,-0.5342207401032468,-0.5342207401032468
2015-03-20,2.019044762389772,-0.06518324622105183,-0.8931694199299008,-0.5529746275289664,-0.11566766425615489,0.1808187571288591,-1.0245255820549366,-0.5543002240278738,2.016174327852699,0.6526835887311755,-0.5543002240278738,-0.5543002240278738,-0.5543002240278738
2015-03-23,2.0575883779643687,-0.19975800427341098,-0.9061778382538344,-0.4906042654501342,0.08256050335910588,0.1700487320802794,-0.9452886236077517,-0.5886474185899188,2.0019758522348483,0.5842449403062044,-0.5886474185899188,-0.5886474185899188,-0.5886474185899188
2015-03-24,1.9610424767562114,-0.20104639077787403,-0.9304585366404341,-0.4045483373491465,0.0347036172505831,0.14963633844327073,-0.8121462485125054,-0.6303011753375016,2.1043173581995576,0.6197044239803422,-0.6303011753375016,-0.6303011753375016,-0.6303011753375016
2015-03-25,1.9643004778696618,-0.22695728021642123,-0.8995059929345287,-0.36111023222969224,0.15114662501725748,0.10671335483061045,-0.8359903385322653,-0.6363478613309116,2.128032010907973,0.5187628206110514,-0.6363478613309116,-0.6363478613309116,-0.6363478613309116
2015-03-26,1.9467341604951098,-0.19459123457138403,-0.8772165943095123,-0.389191360111337,0.11039024823277567,0.18463783701350578,-0.8875053435624103,-0.6263315837417613,2.153625711697128,0.4584429100831696,-0.6263315837417613,-0.6263315837417613,-0.6263315837417613
2015-03-27,1.7861467216735605,-0.22940193714877108,-0.831761794220006,-0.276416393257956,0.41870217863354114,0.17461679090196278,-0.8648541800117135,-0.7111513477370288,2.1864666467189164,0.4811073576585825,-0.7111513477370288,-0.7111513477370288,-0.7111513477370288
2015-03-30,1.4816751830966877,-0.25862242585219475,-0.6975476953181314,-0.2964983508495474,0.24837622919749616,0.10036183233062299,-0.7080649670057301,-0.706202091005043,2.5332327440858107,0.4218958143351581,-0.706202091005043,-0.706202091005043,-0.706202091005043
2015-03-31,1.5074791987101341,-0.3268410898706359,-0.6812863184966249,-0.30730403582277077,0.29098806113708986,0.09693283712035364,-0.8248333802228772,-0.6924751238292721,2.462679045683156,0.5520861770792633,-0.6924751238292721,-0.6924751238292721,-0.6924751238292721
2015-04-01,1.5310938176451652,-0.38236064574330136,-0.5952531506022911,-0.23586009042556044,0.31481979610997024,0.18917944032488007,-0.8568335603488402,-0.6910709336773182,2.495563971298147,0.30393415645110367,-0.6910709336773182,-0.6910709336773182,-0.6910709336773182
2015-04-02,1.6229332992275876,-0.385952118102729,-0.5583340029034211,-0.23225105161898257,0.24516308863288633,0.050021119672159456,-0.8746471932962686,-0.6189324109249366,2.547100424133938,0.061696077954575636,-0.6189324109249366,-0.6189324109249366,-0.6189324109249366
2015-04-06,1.5368720761641912,-0.3867529505471847,-0.5458369043009365,-0.2322063476093782,0.29658406587716185,0.1153412929607025,-0.9766397134154877,-0.6016940814492873,2.575418199674947,0.023996606993133048,-0.6016940814492873,-0.6016940814492873,-0.6016940814492873
2015-04-07,1.40762974174027,-0.3917796794902635,-0.5802264238239182,-0.14049286589662124,0.47332954964597657,0.09944560520484506,-0.965858851037741,-0.6328931386029173,2.595866874941337,0.03365860312778506,-0.6328931386029173,-0.6328931386029173,-0.6328931386029173
2015-04-08,1.3948365730798091,-0.4047837261403613,-0.5246678316061927,-0.1507874777293986,0.5402837211685501,0.10740407690505302,-0.9313860128512232,-0.6750389800837199,2.5667950776963036,0.10246151981234054,-0.6750389800837199,-0.6750389800837199,-0.6750389800837199
2015-04-09,1.4162681191472957,-0.3861083726196489,-0.512030496275046,-0.13980162511650315,0.44564767444741066,0.06625242261758847,-0.9207018834145364,-0.6900814988626395,2.560211085943324,0.23058907072067455,-0.6900814988626395,-0.6900814988626395,-0.6900814988626395
2015-04-10,1.428033483309739,-0.3661090135764875,-0.5996868032577485,-0.23210611163763484,0.3622190246656651,0.09149199054356622,-0.9537515454047112,-0.6120708150819613,2.618295146862224,0.09989708882323328,-0.6120708150819613,-0.6120708150819613,-0.6120708150819613
2015-04-13,1.4498334378993447,-0.38165250709301396,-0.6516128031789975,-0.25853756984097975,0.1803106285095638,0.15645455000183603,-0.9265565239368729,-0.5883047988877744,2.6340453882468466,0.15093459494337158,-0.5883047988877744,-0.5883047988877744,-0.5883047988877744
2015-04-14,1.3732615510397992,-0.45011482694592414,-0.5779347321929041,-0.12995463914351757,0.31914700886550557,0.08784386078168638,-0.8424305869223099,-0.6550932831418671,2.6430666380655405,0.19748885901959165,-0.6550932831418671,-0.6550932831418671,-0.6550932831418671
2015-04-15,1.3156381691561603,-0.429418904856124,-0.5874617163044877,-0.1306711428457287,0.28164228159301913,0.11298453384317375,-0.879290638094802,-0.6682557059129823,2.635447291157348,0.3541529500033708,-0.6682557059129823,-0.6682557059129823,-0.6682557059129823
2015-04-16,1.2872749899016669,-0.4176968118482914,-0.580898733164246,-0.16309244295187322,0.23318081218197548,0.09485455300757417,-0.6970876220295694,-0.6638640108516651,2.7321091033132183,0.1668121949962062,-0.6638640108516651,-0.6638640108516651,-0.6638640108516651
2015-04-17,1.401455270782423,-0.445434673627229,-0.6130665982670455,-0.17229036172527712,0.28502444520687936,0.11707744331135464,-0.6460395890703525,-0.6576649965100317,2.68124137144652,0.022692677982852974,-0.6576649965100317,-0.6576649965100317,-0.6576649965100317
2015-04-20,1.4214344045146918,-0.42999220249046977,-0.6363493577849284,-0.21758760994648,0.3115636683035543,0.05086451162015054,-0.6254441135657777,-0.6471635545629005,2.6786115624858247,0.03555335511503654,-0.6471635545629005,-0.6471635545629005,-0.6471635545629005
2015-04-21,1.3810627183450515,-0.41149958486881844,-0.5443949530747615,-0.2360530948108207,0.4711636218621046,0.10650402451529357,-0.6826224429163148,-0.648074232586229,2.6764887430784197,-0.16835210178523738,-0.648074232586229,-0.648074232586229,-0.648074232586229
2015-04-22,1.3232675787643333,-0.34522145628078643,-0.5016733432584822,-0.22795924891354874,0.4089414290299316,0.14617715589565272,-0.7237556049281132,-0.6362967793826172,2.725203439749389,-0.25979283252790714,-0.6362967793826172,-0.6362967793826172,-0.6362967793826172
2015-04-23,1.426428053238545,-0.30077129666092917,-0.4834952661344538,-0.19101681287301026,0.3802857383150841,0.05179107155229155,-0.8352367193902827,-0.5874199163952846,2.688787023686917,-0.3870921261530224,-0.5874199163952846,-0.5874199163952846,-0.5874199163952846
2015-04-24,1.5139440763542829,-0.3060424693594483,-0.411897689702716,-0.1796130508144674,0.5274168905681611,-0.057764343555785684,-0.7229518398158529,-0.6333063282285446,2.6097272060043895,-0.43959346676438515,-0.6333063282285446,-0.6333063282285446,-0.6333063282285446
2015-04-27,1.3473088032558016,-0.3348630390139681,-0.36043036179050747,-0.22278878567454252,0.6917505290453827,-0.1849216636125124,-0.8008142969166007,-0.5730395470109405,2.675239595117324,-0.5183225923666142,-0.5730395470109405,-0.5730395470109405,-0.5730395470109405
2015-04-28,1.152517871942765,-0.42933935650143024,-0.3741426737544081,0.05142275956308616,0.7933052355343647,-0.17628119490231303,-0.7777484310122825,-0.6248769217976476,2.705365967033172,-0.4455924907123625,-0.6248769217976476,-0.6248769217976476,-0.6248769217976476
2015-04-29,0.8305982439545497,-0.5179804281827031,-0.40843463756425663,0.1407400319552126,0.8425700809228751,-0.10853507032235542,-0.8101880946417865,-0.6063484671107079,2.807699934938573,-0.35107619261727635,-0.6063484671107079,-0.6063484671107079,-0.6063484671107079
2015-04-30,0.9347542308542887,-0.47298814637976216,-0.45012497341511576,0.13461566124210325,0.6695530928135062,-0.093932137212108,-0.8149697262403109,-0.5848349176957547,2.8339292195360968,-0.40149755041567886,-0.5848349176957547,-0.5848349176957547,-0.5848349176957547
2015-05-01,1.0653789440491521,-0.4674433171952928,-0.45572958888025694,0.15134042696877442,0.6459646305919082,-0.08052784705882149,-0.8760357318012172,-0.576480295011126,2.7735128835449565,-0.45053922017469944,-0.576480295011126,-0.576480295011126,-0.576480295011126
2015-05-04,1.0970787355560803,-0.41154556436839784,-0.4953656440250486,0.11188532063815729,0.5544741219736029,-0.060001128485728306,-0.8860224791264605,-0.5630486278459217,2.7930680903066527,-0.45137694108517057,-0.5630486278459217,-0.5630486278459217,-0.5630486278459217
2015-05-05,1.1556528581288839,-0.4244092931473386,-0.5212282014939281,0.13864826564722035,0.6145421337266779,-0.01765418718197709,-0.8887224898677587,-0.5685878416510581,2.7326097490637467,-0.5150874682712937,-0.5685878416510581,-0.5685878416510581,-0.5685878416510581
2015-05-06,1.1362034768850053,-0.3238490043187331,-0.5481428712460276,0.1315373814428578,0.5755682711431246,0.018958355447500224,-0.8149776349483274,-0.6029180286778684,2.751565279128761,-0.5151911388226885,-0.6029180286778684,-0.6029180286778684,-0.6029180286778684
2015-05-07,1.190837388875202,-0.34099601237802807,-0.5206812163887161,0.2683243733583135,0.8057032196391911,0.12013997747394085,-0.7470608427267056,-0.6761692109320904,2.5786132678524587,-0.6502033119772935,-0.6761692109320904,-0.6761692109320904,-0.6761692109320904
2015-05-08,1.116465649350425,-0.43094584184249646,-0.5003406894555362,0.3664670651057492,0.8349527960891177,0.0921553953659632,-0.600736096098201,-0.7127936262877259,2.5893346157346575,-0.6161783890987745,-0.7127936262877259,-0.7127936262877259,-0.7127936262877259
2015-05-11,1.1433252013761357,-0.5085800593841022,-0.585625239643019,0.42535007559153354,0.8544080772607044,0.09018077054230388,-0.1369060029995786,-0.7813951167164823,2.504742431750515,-0.6613147876285642,-0.7813951167164823,-0.7813951167164823,-0.7813951167164823
2015-05-12,1.176141872389485,-0.477838144236781,-0.6302345444905023,0.34103288367837625,0.7902376857746988,0.2439677004796562,-0.21119909116302485,-0.7810812567390335,2.5138563076767984,-0.621639643152572,-0.7810812567390335,-0.7810812567390335,-0.7810812567390335
2015-05-13,1.2683623923254679,-0.45798803617797157,-0.6677798031402195,0.27758222849490966,0.7624885563216781,0.16908829832469777,-0.2135149253006635,-0.741282884216817,2.5159731382633277,-0.6890803122439602,-0.741282884216817,-0.741282884216817,-0.741282884216817
2015-05-14,1.2558181874530834,-0.5114302762008003,-0.7200730918591891,0.3118396198547836,0.8200273957317403,0.2346117941051826,-0.35650135734258476,-0.7075808822579758,2.49104462190215,-0.6950133646124607,-0.7075808822579758,-0.7075808822579758,-0.7075808822579758
2015-05-15,1.201881187895683,-0.4762521939497531,-0.6975054872017501,0.3471443051746581,0.7555678730158539,0.28429379289192,-0.4027645947887307,-0.7444580436053309,2.525347554438668,-0.5598802630552271,-0.7444580436053309,-0.7444580436053309,-0.7444580436053309
2015-05-18,1.1809009953116063,-0.4546196424026445,-0.6751107308917007,0.38163149048812167,0.8088160801553506,0.2432947971452712,-0.415819025603106,-0.7775398480939566,2.505431456777331,-0.46436602860440157,-0.7775398480939566,-0.7775398480939566,-0.7775398480939566
2015-05-19,1.191888245781758,-0.4909279979163098,-0.7222632773558139,0.30316517243604224,0.8324820623452894,0.28666599483111516,-0.4342130716680968,-0.7562549341482308,2.504788728930048,-0.4465661207911106,-0.7562549341482308,-0.7562549341482308,-0.7562549341482308
2015-05-20,1.2034229793346898,-0.345494199425292,-0.6978777944628493,0.48246222481975193,0.8371495646018211,0.08964514772436476,-0.556267151107629,-0.7392446899107763,2.491662481269537,-0.5477244931112896,-0.7392446899107763,-0.7392446899107763,-0.7392446899107763
2015-05-21,1.1312429071297516,-0.3831921122638131,-0.7341224846529316,0.39924993768238387,0.8972276954641026,0.11300545577494746,-0.4737447703020596,-0.7522328318146968,2.521140410688456,-0.4618757122620493,-0.7522328318146968,-0.7522328318146968,-0.7522328318146968
2015-05-22,1.1395994678247354,-0.4230437434732059,-0.7493363880809173,0.2928170448813342,0.7450060455298338,0.145269938506762,-0.3714023124492431,-0.7457760248311698,2.6032732196152635,-0.39907917302988244,-0.7457760248311698,-0.7457760248311698,-0.7457760248311698
2015-05-26,1.2798161267654822,-0.3482004194141872,-0.7373081943463674,0.3498398073510205,0.6761987167288851,0.14875906488143073,-0.48729587528866325,-0.7516296996213166,2.535616549422569,-0.41090697761490286,-0.7516296996213166,-0.7516296996213166,-0.7516296996213166
2015-05-27,1.31789724598066,0.09113000271765583,-0.7580584812253015,0.9803602577663955,0.5688209530349844,0.04689713599297696,-0.6038647301691967,-0.8325214644361056,2.2279163311104497,-0.5410128574642008,-0.8325214644361056,-0.8325214644361056,-0.8325214644361056
2015-05-28,1.347648596250948,0.1266091867281705,-0.8749701052346763,0.9496347258810813,0.4330922274792587,0.02306641154079669,-0.40530567393847694,-0.8098397540344582,2.265575689601745,-0.6259920421710152,-0.8098397540344582,-0.8098397540344582,-0.8098397540344582
2015-05-29,1.3260610138940752,0.3075605217877032,-0.8535191580702487,0.8859677430823237,0.3844873174058419,0.030642214322133408,-0.38242506219804917,-0.806522825835352,2.2753216956811357,-0.7480049825635064,-0.806522825835352,-0.806522825835352,-0.806522825835352
2015-06-01,1.2117878530219652,0.30538649769581194,-0.8807528563094063,0.8985286186461984,0.3997045599380305,0.04052960370819576,-0.3174937751813864,-0.8063858679067026,2.327122388496175,-0.7592694183887725,-0.8063858679067026,-0.8063858679067026,-0.8063858679067026
2015-06-02,1.1234070367537548,0.23347945625060254,-0.9401922875786423,0.8764188407768382,0.38644735492871485,0.09886111996123115,-0.34315040914448086,-0.7535624844292084,2.4075889819550285,-0.8286101561862148,-0.7535624844292084,-0.7535624844292084,-0.7535624844292084
2015-06-03,1.1939291154207423,0.15817127845397147,-0.8830058298869231,0.8217363414734583,0.3135961223317972,0.1569726781336831,-0.32915068955284804,-0.7816043438666664,2.425773107355596,-0.7316047482628124,-0.7816043438666664,-0.7816043438666664,-0.7816043438666664
2015-06-04,1.1259709138711527,0.18360747468558647,-0.817601050152539,0.881003943058821,0.3288712814954042,0.15099713634017084,-0.24657571004306922,-0.8041220934765531,2.414336478127239,-0.8041220934765531,-0.8041220934765531,-0.8041220934765531,-0.8041220934765531
2015-06-05,1.0653406654165487,0.19958431488198838,-0.8747536281054679,1.0130497941841339,0.2985549729199795,0.09259738313919791,-0.09857359052732208,-0.7817664875442368,2.367515108172876,-0.9362490699049886,-0.7817664875442368,-0.7817664875442368,-0.7817664875442368
2015-06-08,1.1036796351290792,-0.004170175172844853,-0.9818245690465558,0.7356856971663814,0.4436900816080495,0.16855393709431207,-0.159774216773078,-0.7209733296374223,2.477446751675661,-0.8993938231313149,-0.7209733296374223,-0.7209733296374223,-0.7209733296374223
2015-06-09,1.0039200915446653,-0.03540148335321429,-0.8818281329816776,0.6164205407807041,0.4385930502936989,0.179946191108002,-0.08252608560209723,-0.6935884070214853,2.570254007112576,-1.035024550816716,-0.6935884070214853,-0.6935884070214853,-0.6935884070214853
2015-06-10,1.0076238858924689,0.10130045573882746,-0.8582817035103261,0.7364558485201868,0.4033062168924123,-0.2204469213224046,-0.019547703061041352,-0.6903481260985045,2.5774715218230844,-0.9664890965791911,-0.6903481260985045,-0.6903481260985045,-0.6903481260985045
2015-06-11,0.9721940321176686,0.11837095233286349,-0.8532503906669068,0.6933002270465812,0.16820541621474622,-0.26369739266388276,0.1579429307970325,-0.6738736647697974,2.6461789798426736,-0.943750095941585,-0.6738736647697974,-0.6738736647697974,-0.6738736647697974
2015-06-12,0.9717808953629743,0.17298241967186975,-0.8431024489959873,0.6279385132411572,0.15446712547353877,-0.23989856640422308,0.23930370935055664,-0.6216089085437072,2.6057099553335585,-1.2027459688586155,-0.6216089085437072,-0.6216089085437072,-0.6216089085437072
2015-06-15,1.0242880271134331,0.19156920920492707,-0.8147352466672003,0.6801015001206195,0.2921728619416029,-0.2855248719998305,0.18302924441002377,-0.6600122386668579,2.543023267860274,-1.1738750373164184,-0.6600122386668579,-0.6600122386668579,-0.6600122386668579
2015-06-16,1.0797553642544766,0.15635624926206587,-0.7373655795340087,0.6327157709504103,0.38079767431596445,-0.24805391699734147,0.06689341039702881,-0.6583529721924509,2.531702586105084,-1.229389669983876,-0.6583529721924509,-0.6583529721924509,-0.6583529721924509
2015-06-17,1.0322043409970223,0.12168115570343838,-0.6447474417755297,0.5626634048842608,0.37831882507464526,-0.1872653499379159,-0.184845467090017,-0.6039252354812112,2.6209580842627322,-1.283266610193791,-0.6039252354812112,-0.6039252354812112,-0.6039252354812112
2015-06-18,1.0863090747441357,0.07679179699637546,-0.6184249668209885,0.5787125103188321,0.38739767149305004,-0.21490456980496944,-0.3092421007517827,-0.5911361595031767,2.6199765830001507,-1.2420713611620966,-0.5911361595031767,-0.5911361595031767,-0.5911361595031767
2015-06-19,1.1122878855031921,0.09702971899823383,-0.6468200815767062,0.4388764948291534,0.3151518067507969,-0.21179516709566554,-0.2285320013139209,-0.5685016264259863,2.6580233161141558,-1.2602154665052951,-0.5685016264259863,-0.5685016264259863,-0.5685016264259863
2015-06-22,1.0970193886634727,0.08430202368332561,-0.677162666886438,0.5431307786057591,0.3733257312419568,-0.13940725657519532,-0.3137000455238879,-0.5923923275013916,2.6235400286238755,-1.2214786718273003,-0.5923923275013916,-0.5923923275013916,-0.5923923275013916
2015-06-23,1.1892639962004647,0.033643777456936017,-0.6719976518368145,0.6579743741872442,0.33877480477925265,-0.1388202809742128,-0.34015118513751114,-0.6065779997971635,2.557235182827721,-1.1996110183144253,-0.6065779997971635,-0.6065779997971635,-0.6065779997971635
2015-06-24,1.1972238891502978,-0.04675896030733084,-0.7117213918755583,0.5427942345965869,0.2679495234683742,-0.09205887906293632,-0.4223013671791867,-0.5851698793742605,2.6529236464882766,-1.0473711777814827,-0.5851698793742605,-0.5851698793742605,-0.5851698793742605
2015-06-25,1.1280941764338719,-0.03295057585797357,-0.7317735757543661,0.5818416349994211,0.19388220841884488,-0.0361637641627099,-0.33199036226144335,-0.5687783148757632,2.659685476275322,-1.1555119585879146,-0.5687783148757632,-0.5687783148757632,-0.5687783148757632
2015-06-26,1.057825415496045,-0.024705050420597376,-0.7483366629349559,0.49227239385777294,0.08111592561780545,0.07916641483369273,-0.4193296724441972,-0.5678515067452613,2.7558405068383256,-1.002443243862845,-0.5678515067452613,-0.5678515067452613,-0.5678515067452613
2015-06-29,0.9818993444441158,-0.03098783411385922,-0.7540758691691459,0.4374463446041007,0.05617165189863278,0.16400660143190177,-0.36052179951883284,-0.5819164487568568,2.798234096134264,-0.9645067406837492,-0.5819164487568568,-0.5819164487568568,-0.5819164487568568
2015-06-30,0.825518029322689,-0.11304233155329711,-0.7556378890006424,0.4573175025218132,-0.010653739637812512,0.1548005254982341,-0.38983863641613087,-0.542049899899837,2.8939137316804437,-0.8941775928159499,-0.542049899899837,-0.542049899899837,-0.542049899899837
2015-07-01,0.8277775381374324,-0.030373401322686688,-0.7482891253148709,0.49804832664709925,0.06823905038856286,0.17968137451641317,-0.42742976584438475,-0.553260356796835,2.8409115612022773,-0.9955241312225025,-0.553260356796835,-0.553260356796835,-0.553260356796835
2015-07-02,0.8948629215868616,-0.009842621488989216,-0.7426921606948065,0.49224699132015515,0.09902606875697198,0.12611031156131194,-0.4015541491584739,-0.5250296919128972,2.791719863972158,-1.149758458203601,-0.5250296919128972,-0.5250296919128972,-0.5250296919128972
2015-07-06,0.8926198156557106,-0.04004477437541976,-0.761189516419926,0.5291320744418669,0.2825727063307507,0.0776449395677138,-0.25668313539698706,-0.5526875925566973,2.726211151003137,-1.2395128905800568,-0.5526875925566973,-0.5526875925566973,-0.5526875925566973
2015-07-07,0.9069732482443598,-0.04067192444119785,-0.7952185668775208,0.459426459983633,0.3193953444480622,0.15445336864135994,-0.2787232941971266,-0.5422840337498489,2.710545358688854,-1.2670438594910278,-0.5422840337498489,-0.5422840337498489,-0.5422840337498489
2015-07-08,0.7256002799670608,-0.10434535135601439,-0.7988626160038695,0.4302209930645552,0.3531605010571323,0.18716063236075076,-0.13578198340278283,-0.5536394455445204,2.7814925039762595,-1.224087177485011,-0.5536394455445204,-0.5536394455445204,-0.5536394455445204
2015-07-09,0.7321047350709704,-0.1290193073264907,-0.7876095166615601,0.5314177964821515,0.45093567357121433,0.11868662527096872,0.03731234305981779,-0.5713184590226013,2.6823819453092725,-1.3509364586859398,-0.5713184590226013,-0.5713184590226013,-0.5713184590226013
2015-07-10,0.7557256040221857,-0.08593136613623714,-0.7853063309383359,0.5054554145361754,0.33421689951722366,0.05460420947091578,-0.0027149432270226798,-0.5321617105112812,2.724110842744929,-1.371513487944708,-0.5321617105112812,-0.5321617105112812,-0.5321617105112812
2015-07-13,0.742370766571252,-0.04529448282113807,-0.7067293159561661,0.5176553141614528,0.35762888234060064,-0.03984735777589525,-0.06344954166779791,-0.546244807090569,2.7534287139962657,-1.3307837504862967,-0.546244807090569,-0.546244807090569,-0.546244807090569
2015-07-14,0.7702750145003872,-0.06350133653879855,-0.7360667828058739,0.34420665662532757,0.2849295244807859,0.0267087110090138,0.005737393501739543,-0.5207135371174735,2.7897195294527504,-1.3391545617554383,-0.5207135371174735,-0.5207135371174735,-0.5207135371174735
2015-07-15,0.7624243927985346,-0.033364226077909606,-0.7449597986314321,0.2902041838469587,0.25713683942902016,-0.05709158587637129,-0.08315701350733515,-0.4626248554895138,2.825034361922989,-1.3657277319463987,-0.4626248554895138,-0.4626248554895138,-0.4626248554895138
2015-07-16,0.7573121540025636,-0.10416953838354757,-0.7250453873725387,0.2190169160072605,0.24033124421127905,-0.08060407233538054,0.03314616434200747,-0.4401422010462832,2.830748951541359,-1.4101676278278694,-0.4401422010462832,-0.4401422010462832,-0.4401422010462832
2015-07-17,0.8156306771335897,-0.21441459756934622,-0.706611401864985,0.23925416178374462,0.23088934190477453,-0.029761840530087305,0.12047620980250047,-0.44297527758480676,2.780965961888009,-1.464527402208972,-0.44297527758480676,-0.44297527758480676,-0.44297527758480676
2015-07-20,0.8180695094056492,-0.2909776292701281,-0.6870751283616224,0.22430603100350746,0.28376212464283146,-0.03090172793966694,0.2081013741496068,-0.4902062208083785,2.792297852343735,-1.356757522740398,-0.4902062208083785,-0.4902062208083785,-0.4902062208083785
2015-07-21,0.8106271698505728,-0.24761724326385307,-0.7818325040554286,0.2800934656626466,0.23359024462782363,0.22821489992973,0.1592677255330575,-0.5011253226410246,2.732465451557567,-1.4103079192780175,-0.5011253226410246,-0.5011253226410246,-0.5011253226410246
2015-07-22,0.8204127152274556,-0.2945942695792263,-0.731406892776878,0.24723258847660612,0.1766006377734186,0.21288444473386958,0.18154938158377476,-0.4900570776507161,2.7553632588268893,-1.4078135536630463,-0.4900570776507161,-0.4900570776507161,-0.4900570776507161
2015-07-23,0.8039849329306655,-0.2871726886913255,-0.7454325374096092,0.23899960740803097,0.28864033959524893,0.20411279661754908,0.1481644019786118,-0.49144291641363347,2.740676276275923,-1.4262014630505604,-0.49144291641363347,-0.49144291641363347,-0.49144291641363347
2015-07-24,0.6412402448616606,-0.3194674545249884,-0.7291911686797052,0.35055935838553276,0.3072582958051745,0.17399260311493553,0.2054374416039815,-0.49192199715449236,2.766829752058724,-1.428971084007346,-0.49192199715449236,-0.49192199715449236,-0.49192199715449236
2015-07-27,0.7050736398663293,-0.2765768618013275,-0.7143733516910623,0.3164575417805248,0.16623906926967616,0.14926170220439722,0.1700107483797015,-0.46364752140914434,2.7883782894542124,-1.4498806918258755,-0.46364752140914434,-0.46364752140914434,-0.46364752140914434
2015-07-28,0.5615241601701735,-0.32147171345740533,-0.7064977628101494,0.6578064978441347,0.05423329843889552,0.18386798928341525,0.1573149015426994,-0.49127464202270404,2.771552691110386,-1.3932314940313333,-0.49127464202270404,-0.49127464202270404,-0.49127464202270404
2015-07-29,0.5434964553897452,-0.25629489043690834,-0.6895325525472235,0.7540771505275661,0.12798009839249108,0.18010197337569894,0.17122427964441148,-0.44013280132667487,2.622269277151936,-1.692790586191017,-0.44013280132667487,-0.44013280132667487,-0.44013280132667487
2015-07-30,0.5534053365353145,-0.269601594833511,-0.6855922313081847,0.7352569754097502,0.14560229156059235,0.10299703552050021,0.1471162952283667,-0.39381580503133096,2.611495390609882,-1.7654162785973868,-0.39381580503133096,-0.39381580503133096,-0.39381580503133096
2015-07-31,0.5986271346319302,-0.256481138853416,-0.6929079695109281,0.7487776126255113,0.10007508047906613,0.04388410708000496,0.17682445364308233,-0.38744370564832564,2.6002251938492376,-1.7692496513511857,-0.38744370564832564,-0.38744370564832564,-0.38744370564832564
2015-08-03,0.6257054354057725,-0.28412174876758634,-0.6584747322097444,0.7820902334360287,0.1521149103744423,0.11967398247960247,0.18043062775621613,-0.462580863367818,2.602033975022271,-1.6691292300257305,-0.462580863367818,-0.462580863367818,-0.462580863367818
2015-08-04,0.5872904347122169,-0.2720773624285326,-0.6128611415346489,0.8595113600480697,0.17454770338592102,0.07433938256914603,0.15625983521987993,-0.46985386582390015,2.590096088840475,-1.6776908375169273,-0.46985386582390015,-0.46985386582390015,-0.46985386582390015
2015-08-05,0.6767319710102948,-0.2679014866385949,-0.6367820417933112,0.8356535807607902,0.1884480622551251,0.09557468227948429,0.12909276057691027,-0.4322161096060157,2.5112478231521047,-1.8032009131787408,-0.4322161096060157,-0.4322161096060157,-0.4322161096060157
2015-08-06,0.6857603145816956,-0.2501680560357819,-0.560393974607724,0.8597474014869345,0.2173285632289843,0.023331097663090935,-0.03082961469221797,-0.4298281564312381,2.5466957493089875,-1.7721588552090162,-0.4298281564312381,-0.4298281564312381,-0.4298281564312381
2015-08-07,0.6904764674428412,-0.167021875677117,-0.5754131039407773,0.8801151702446378,0.24104132160141575,0.07479833901024656,-0.297640176885748,-0.38041065206037256,2.509106177881535,-1.8338197114355435,-0.38041065206037256,-0.38041065206037256,-0.38041065206037256
2015-08-10,0.6241900136979679,-0.17975044079149075,-0.5457108467131649,1.002087123208505,0.22853832616006894,0.07806926302980548,-0.30274898901025704,-0.37944304318361866,2.470141203870235,-1.857043480717194,-0.37944304318361866,-0.37944304318361866,-0.37944304318361866
2015-08-11,0.6790742399856707,-0.18555556063467563,-0.5134409087229205,0.9558828108806573,0.29738003757776377,-0.1943689385365834,-0.23762236450978308,-0.3866963775934362,2.5254421067414756,-1.7800059124078595,-0.3866963775934362,-0.3866963775934362,-0.3866963775934362
2015-08-12,0.6888758844348495,-0.12656194296216364,-0.43333755422815257,1.0426960646708914,0.35850988282936863,-0.16662805059912553,-0.36462370295267704,-0.4012997305854322,2.4382271822900234,-1.8319588411412857,-0.4012997305854322,-0.4012997305854322,-0.4012997305854322
2015-08-13,0.64648464954534,-0.1910382467291508,-0.37535932149468204,1.092727156046069,0.3311035384351619,-0.20934817210915055,-0.3727124171278684,-0.44624824174444483,2.5231214170647847,-1.659985636652724,-0.44624824174444483,-0.44624824174444483,-0.44624824174444483
2015-08-14,0.688468783511006,-0.18003172860958397,-0.40682799680525816,1.0052649455826774,0.33504207529705143,-0.20970978653410258,-0.36626576891869833,-0.40330525256609584,2.506398564281843,-1.7591180775405515,-0.40330525256609584,-0.40330525256609584,-0.40330525256609584
2015-08-17,0.7103423976520029,-0.1666921215478035,-0.34904619169618467,1.0309648089347256,0.3225541741336548,-0.1294301784059194,-0.380338433932409,-0.4507253493225262,2.4932656154702624,-1.7287186733182243,-0.4507253493225262,-0.4507253493225262,-0.4507253493225262
2015-08-18,0.680738695950232,-0.2792684751179268,0.18179906387072417,1.0640697534065937,0.5049457867893952,-0.2657338594721117,-0.35036747219696207,-0.5213438248113828,2.349079351373804,-1.799887545358218,-0.5213438248113828,-0.5213438248113828,-0.5213438248113828
2015-08-19,0.698044885731675,-0.26367744191442616,0.08318970521155589,1.0765045176128254,0.5751068909027853,-0.3638978944788424,-0.2011896501424172,-0.4951314051030022,2.2765592553892104,-1.9001146479003586,-0.4951314051030022,-0.4951314051030022,-0.4951314051030022
2015-08-20,0.6227092533110713,-0.2476139665026553,0.09847233810598993,1.1017631116725133,0.5880385331740332,-0.3478970193212277,-0.3334404960229424,-0.4675950502688083,2.2917144201701065,-1.9033659735116566,-0.4675950502688083,-0.4675950502688083,-0.4675950502688083
2015-08-21,0.5079540807586387,-0.30402645173024617,0.17473936335524823,1.1993415119961592,0.6382952041511454,-0.3489586604364832,-0.2536002837962697,-0.42353190319317385,2.1457012021122246,-2.065318353637723,-0.42353190319317385,-0.42353190319317385,-0.42353190319317385
2015-08-24,0.4956423042105118,-0.29046363165769123,0.0629271477473906,1.1693336651608461,0.5668654997465391,-0.27859666226122337,-0.2531680291982775,-0.433978676101853,2.2586085587399496,-1.9952341480806326,-0.433978676101853,-0.433978676101853,-0.433978676101853
2015-08-25,0.412539010268107,-0.2933544881296044,-0.06365591056807739,1.6186879128421654,0.6040616714978422,-0.3179780880772603,-0.3080593991868294,-0.4230796238865597,2.0001730211265176,-1.960095234226621,-0.4230796238865597,-0.4230796238865597,-0.4230796238865597
2015-08-26,0.4057356488143144,-0.2949674553151175,0.022056902700759978,1.690158652503007,0.5144788305887568,-0.2973716271241313,-0.5066838719213086,-0.37943675407965777,1.954998474045282,-1.970658537972932,-0.37943675407965777,-0.37943675407965777,-0.37943675407965777
2015-08-27,0.43560688667446135,-0.32691611487970185,0.013548520626215475,1.5239467351722036,0.4944412973142716,-0.329669655556519,-0.38440612858614376,-0.4270302045523522,2.154586158073333,-1.8730168806287115,-0.4270302045523522,-0.4270302045523522,-0.4270302045523522
2015-08-28,0.34430917188144233,-0.25971706042790976,0.03760331353130186,1.509686072855852,0.6347994896835374,-0.2616748150850457,-0.4412100711243255,-0.4490427496801074,2.1204036491749987,-1.8880287517694216,-0.4490427496801074,-0.4490427496801074,-0.4490427496801074
2015-08-31,0.3075271205556607,-0.22123213557359606,0.06684302011987804,1.6340149148020313,0.5873827935263713,-0.29265289737983863,-0.4179611452067246,-0.45810485088091013,2.0493212488793455,-1.8808235161994864,-0.45810485088091013,-0.45810485088091013,-0.45810485088091013
2015-09-01,0.3637024672001733,-0.21361629479413036,0.09665056791095981,1.8417256187340658,0.588469691004579,-0.25159306570904916,-0.4517775754013349,-0.40099118776170795,1.698764625397891,-2.0683612832963236,-0.40099118776170795,-0.40099118776170795,-0.40099118776170795
2015-09-02,0.2769001352402043,-0.1396588174970469,0.14760798321953747,1.9187319469857225,0.5498315812937944,-0.1595339403496671,-0.7276201969151271,-0.38059858722731676,1.659018653887054,-2.0028829969552038,-0.38059858722731676,-0.38059858722731676,-0.38059858722731676
2015-09-03,0.32247379174040214,-0.07059646190304344,0.10864345327319867,1.9675200026342656,0.6018853707475804,-0.19842868850697806,-0.617560795171499,-0.39720434605036364,1.534118797862151,-2.0592380864746227,-0.39720434605036364,-0.39720434605036364,-0.39720434605036364
2015-09-04,0.3859463861747536,-0.10182370953821464,0.15658585631541555,1.8738681374162574,0.7109990168953338,-0.23275770536870238,-0.6285921565255069,-0.3996281404159079,1.5269950458899961,-2.092708309595701,-0.3996281404159079,-0.3996281404159079,-0.3996281404159079
2015-09-08,0.4416142223150567,-0.17686881257593048,0.18086774433824518,1.891448642499813,0.643099534854442,-0.1715758582257423,-0.8003317542766939,-0.3272756662531507,1.4402587453821702,-2.1394097992987575,-0.3272756662531507,-0.3272756662531507,-0.3272756662531507
2015-09-09,0.4677970824354642,-0.23103395453509054,0.0936769996544044,1.8445674400728125,0.5347184997114152,0.39067462332667735,-0.9207270009719861,-0.3387514459753816,1.352778973900429,-2.1774468796926008,-0.3387514459753816,-0.3387514459753816,-0.3387514459753816
2015-09-10,0.5409048610263983,-0.2817111789506213,0.06160925864228439,1.8968029666983999,0.4835668377575122,0.5015887846318123,-0.9337278398943862,-0.40887926189808144,1.3861402374774718,-2.019656879796547,-0.40887926189808144,-0.40887926189808144,-0.40887926189808144
2015-09-11,0.21186810247909635,-0.3067465547217416,0.2919071028222903,1.9740326068777285,0.47170365926508856,0.5220896837769838,-0.959065500763416,-0.3486951184116501,1.275104909170025,-2.086113535259455,-0.3486951184116501,-0.3486951184116501,-0.3486951184116501
2015-09-14,0.24034533484845583,-0.3126799038467949,0.2959490004277714,1.9466855086558843,0.4489228358832247,0.5616962033474263,-0.9580901476765137,-0.36914378547786947,1.3163713390105511,-2.0626250287385277,-0.36914378547786947,-0.36914378547786947,-0.36914378547786947
2015-09-15,0.21502791424246528,-0.2965193875216995,0.29940312752868964,1.9579545522890172,0.42470736440181317,0.5803591186672408,-0.8898875577640059,-0.377670979398353,1.3066539137968753,-2.087015128046985,-0.377670979398353,-0.377670979398353,-0.377670979398353
2015-09-16,0.17327552466610396,-0.3023753001770436,0.26828733332106774,2.0214609195451736,0.5790264547908507,0.5705471620717901,-0.6062147812512474,-0.44397336226967027,1.190153349373265,-2.1182672132612783,-0.44397336226967027,-0.44397336226967027,-0.44397336226967027
2015-09-17,0.2622028153066903,-0.3097797625338765,0.2523406755725892,1.993097182389019,0.4659672495099241,0.4788116477527953,-0.5180534327617005,-0.4334956923561671,1.2775079811438381,-2.16811158695461,-0.4334956923561671,-0.4334956923561671,-0.4334956923561671
2015-09-18,0.2194981566257184,-0.24567316538082737,0.1982395696202812,2.0507159906440733,0.5167791152575998,0.44332018835128495,-0.41889178026664226,-0.40935413225278744,1.1253233500777593,-2.2518948959180967,-0.40935413225278744,-0.40935413225278744,-0.40935413225278744
2015-09-21,0.20292911271181174,-0.2668408035312809,0.2515189338019486,2.0621880852655177,0.5387331909619084,0.4061070835260435,-0.4856195429725328,-0.36250978092960295,1.038232537577179,-2.2972094736221824,-0.36250978092960295,-0.36250978092960295,-0.36250978092960295
2015-09-22,0.2827854245058392,-0.31887545534464495,0.23205448045733196,1.9947630991517804,0.39439134840691753,0.4707513263317435,-0.5326885030663024,-0.26446711294943637,0.9660444065948128,-2.431357675239733,-0.26446711294943637,-0.26446711294943637,-0.26446711294943637
2015-09-23,0.08686754267663623,-0.44150433246462717,0.14568173041577795,2.0339979018646677,0.32497288525763834,0.473992900824229,-0.512521478432523,-0.1860517897627459,1.0445113360983296,-2.411791327189145,-0.1860517897627459,-0.1860517897627459,-0.1860517897627459
2015-09-24,0.03247082911840338,-0.43248655501218447,0.13987644551482709,1.8885418215186194,0.15331608588372733,0.47545661531463485,-0.636782302308676,-0.06647507597994176,1.1442486701404726,-2.498741306250057,-0.06647507597994176,-0.06647507597994176,-0.06647507597994176
2015-09-25,0.14784345439530086,-0.5520727361745278,0.08656059239181334,1.8887541096088893,0.23792602184970899,0.3883294285720548,-0.5972716782667198,-0.019858799418386815,1.0252627165001744,-2.545896711203147,-0.019858799418386815,-0.019858799418386815,-0.019858799418386815
2015-09-28,0.2995229608944054,-0.4343080484866913,0.25003732505075454,1.9270955105789156,0.25716465770834257,0.5279914607921404,-0.5989523108755449,-0.24838562309575202,1.147770073814728,-2.3827791370940434,-0.24838562309575202,-0.24838562309575202,-0.24838562309575202
2015-09-29,0.19421010348264298,-0.4292966969461721,0.18024509947209716,1.9088534167071647,0.19016477307853816,0.5677547029367267,-0.37715555399114503,-0.3230446643447995,1.3643683987706738,-2.306965586131329,-0.3230446643447995,-0.3230446643447995,-0.3230446643447995
2015-09-30,0.21165145664718274,-0.44428991454620365,0.10684763059209003,1.8857402212918062,0.21541942669665534,0.5672325442558157,-0.29157496455173315,-0.33947991283944196,1.407819431624424,-2.3009261806522696,-0.33947991283944196,-0.33947991283944196,-0.33947991283944196
2015-10-01,0.19388352819586194,-0.4652087379443088,0.05266670292371261,1.902825329842494,0.16787165986463864,0.5743933941497119,-0.22943808771994065,-0.3287516993121241,1.415139613733626,-2.2971266057973,-0.3287516993121241,-0.3287516993121241,-0.3287516993121241
2015-10-02,0.13751976326945936,-0.5247515608838305,0.065007431826981,1.936241977788584,0.2739500421487383,0.510564737025263,-0.2985052979850236,-0.2722758889931029,1.3275841833719255,-2.3385077205896856,-0.2722758889931029,-0.2722758889931029,-0.2722758889931029
2015-10-05,0.18559970092565864,-0.4400467491065539,0.06289281526958782,1.8691664098639802,0.267785571485844,0.5448298295593983,-0.3952212941592804,-0.3408986336215479,1.5074058974351647,-2.2388176467876075,-0.3408986336215479,-0.3408986336215479,-0.3408986336215479
2015-10-06,0.16680443291414015,-0.4291293522784784,0.014965363347318105,1.817519012940638,0.21006674434790756,0.6033602630194446,-0.4550368120900336,-0.3123499798360998,1.5641481428104094,-2.243297875666946,-0.3123499798360998,-0.3123499798360998,-0.3123499798360998
2015-10-07,0.16274433155681364,-0.48833192001097275,-0.015630836048810607,1.857764299348295,0.25047244079976144,0.5734226992854182,-0.5703988815136907,-0.28974042580538073,1.5711724800584985,-2.1822529102537898,-0.28974042580538073,-0.28974042580538073,-0.28974042580538073
2015-10-08,0.1527799695941204,-0.43764939365144795,0.02828405968885418,1.835973375638244,0.21215561589998924,0.612364418951074,-0.5568806510801521,-0.40156756535132604,1.7517056702924898,-1.992462803927867,-0.40156756535132604,-0.40156756535132604,-0.40156756535132604
2015-10-09,0.0729826123093592,-0.5391636304145876,0.038995014626855465,1.8803038926303286,0.27657224089030674,0.5399659204943824,-0.48514830043008383,-0.33774395526176587,1.6558297768110042,-2.089361705870502,-0.33774395526176587,-0.33774395526176587,-0.33774395526176587
2015-10-12,0.05402535554390601,-0.5195376911574441,0.07943735035379074,1.882212589337792,0.3280511616833753,0.5740282949856828,-0.5287878741599688,-0.4126589318184774,1.7285776710615048,-1.94737113037473,-0.4126589318184774,-0.4126589318184774,-0.4126589318184774
2015-10-13,-0.04755888974457191,-0.4755953867022555,0.03578206323185098,1.633787496090905,0.2884302200173439,0.6109999802055432,-0.34553382055877235,-0.5184933184189673,2.1077610318050017,-1.7340994206691764,-0.5184933184189673,-0.5184933184189673,-0.5184933184189673
2015-10-14,-0.02619728870286859,-0.5131056991755747,0.041813609913394285,1.5495634439612418,0.24223572970867358,0.5716881857496344,-0.1690444469955463,-0.5503335814800491,2.199032871144816,-1.6946520796835765,-0.5503335814800491,-0.5503335814800491,-0.5503335814800491
2015-10-15,0.04899514586342703,-0.45476642399439704,0.09309718480340741,1.5653247857544608,0.2466964701960533,0.539907581108572,-0.1979726492791788,-0.5544602518317111,2.142726014837803,-1.7661671019633036,-0.5544602518317111,-0.5544602518317111,-0.5544602518317111
2015-10-16,0.08446631612398652,-0.4171766817792149,0.13696409746985494,1.66873536409783,0.2790467338848626,0.49826993180306584,-0.13976456414726826,-0.5801519004254303,2.0157070600662634,-1.8056406558176596,-0.5801519004254303,-0.5801519004254303,-0.5801519004254303
2015-10-19,0.04951725764090939,-0.38833285366342496,0.19668646628688913,1.8415647873775438,0.34598497846678433,0.5307662748522011,-0.09334918130434909,-0.5846496335923275,1.7484439746286515,-1.8926831699158964,-0.5846496335923275,-0.5846496335923275,-0.5846496335923275
2015-10-20,0.035958532767091496,-0.4616469612651196,0.2951103081472749,1.916854510593149,0.2294473670833242,0.5975365413738979,-0.07646148775930779,-0.5348049257176987,1.5880408210703605,-1.9856199291398757,-0.5348049257176987,-0.5348049257176987,-0.5348049257176987
2015-10-21,0.022061774227595705,-0.4408158228292619,0.26818266390800044,1.9607792326874067,0.233161959118975,0.6118130883711976,-0.06686250948290538,-0.52726998407228,1.5251144506280325,-2.004354900339922,-0.52726998407228,-0.52726998407228,-0.52726998407228
2015-10-22,-0.0016236209425011469,-0.4188310059773108,0.3028412111022946,2.0010776909289474,0.19029615148054846,0.496947899663872,-0.05944720522950811,-0.4338413305951406,1.3992243184341249,-2.175120117079906,-0.4338413305951406,-0.4338413305951406,-0.4338413305951406
2015-10-23,-0.019609792372489023,-0.4006901335950159,0.23053360588755895,1.9320270686199463,0.21462966329312597,0.5766810359108008,-0.017428484374763863,-0.45077908750402007,1.4610740028285927,-2.174100616181675,-0.45077908750402007,-0.45077908750402007,-0.45077908750402007
2015-10-26,-0.03737410146413419,-0.42897249578186997,0.19260346696965275,1.9790356341629347,0.18108239114055696,0.6065951534842751,-0.028772945477284675,-0.43399453193221355,1.4304342969397297,-2.158653272245006,-0.43399453193221355,-0.43399453193221355,-0.43399453193221355
2015-10-27,-0.06119996335632269,-0.47107104994715854,0.11869064202555472,2.1871940447168026,0.06780352766925264,0.5351868736827726,-0.1135755976662073,-0.4022373029084589,1.3775762204527329,-2.031655485943591,-0.4022373029084589,-0.4022373029084589,-0.4022373029084589
2015-10-28,-0.059511001850890526,-0.4551194369854086,0.09630245131498105,2.0870207686373394,0.01711019570432652,0.5794328181144519,0.04842128957702762,-0.35009633701758053,1.3010206260964061,-2.2142923625379125,-0.35009633701758053,-0.35009633701758053,-0.35009633701758053
2015-10-29,-0.1411598214854695,-0.4203194687853066,0.12029396522710846,2.095115973426389,-0.022749356659373013,0.6801509430711935,-0.22242783073795117,-0.2783346436029966,1.258796864489598,-2.2343626941342025,-0.2783346436029966,-0.2783346436029966,-0.2783346436029966
2015-10-30,-0.2125611575003373,-0.4457323165463471,0.11219589916387838,2.0923456563437104,0.25128997827041405,0.7422888260040529,-0.2187981869044615,-0.3622080165753364,1.2666183539321045,-2.1388149864616692,-0.3622080165753364,-0.3622080165753364,-0.3622080165753364
2015-11-02,-0.2264844093723554,-0.3819844846875302,0.11682009213934112,2.0802260104914767,0.3851554578355849,0.674855503794191,-0.3475635094628922,-0.3644195821775309,1.2886495171273273,-2.13199584915502,-0.3644195821775309,-0.3644195821775309,-0.3644195821775309
2015-11-03,-0.23438086692382776,-0.38058599584898994,0.16569934220139979,2.164219845196203,0.40710024171655146,0.621384619261155,-0.28622932480931146,-0.3690016104845304,1.1569903432996813,-2.1381917621547397,-0.3690016104845304,-0.3690016104845304,-0.3690016104845304
2015-11-04,-0.30306618248855893,-0.3736531557583453,0.24829852439909492,2.2523658549486276,0.5250493055692296,0.6223815936558271,-0.3551366949543211,-0.40523521401930207,1.0340819593697452,-2.0293803486640907,-0.40523521401930207,-0.40523521401930207,-0.40523521401930207
2015-11-05,-0.2537187818352876,-0.3713542030552057,0.2675127863772382,2.3263877483315376,0.3889821225502283,0.6563721281908391,-0.3660557888959401,-0.4033414886026422,0.9678556214448815,-2.0026156786977216,-0.4033414886026422,-0.4033414886026422,-0.4033414886026422
2015-11-06,-0.2890223123425645,-0.39412428018557477,0.28790582203402376,2.399013141632781,0.38843229771178667,0.6589060047410752,-0.3932904805681821,-0.4078263575693617,0.899383502357347,-1.9258982651032446,-0.4078263575693617,-0.4078263575693617,-0.4078263575693617
2015-11-09,-0.3098680009245772,-0.37841073702597555,0.3462304274126495,2.3902518642496347,0.4146004440891758,0.718987926440531,-0.5887216127082417,-0.3798930193581599,0.8304932343414805,-1.9039914684420371,-0.3798930193581599,-0.3798930193581599,-0.3798930193581599
2015-11-10,-0.24553152382109517,-0.4074545731744394,0.345007477432263,2.3171407283593197,0.4021672666067282,0.7612206356426944,-0.6604466771928827,-0.38606340291921254,0.9379739047492419,-1.9058236269249802,-0.38606340291921254,-0.38606340291921254,-0.38606340291921254
2015-11-11,-0.2460946904440674,-0.4176184855802363,0.33222018909126944,2.3063056840750087,0.4825453540343673,0.754978909305368,-0.7380474312370467,-0.37452558023393717,0.9173441363053346,-1.893531344614249,-0.37452558023393717,-0.37452558023393717,-0.37452558023393717
2015-11-12,-0.2520870476283692,-0.4135542770373025,0.3863906380954799,2.2557829111263104,0.5394012316879672,0.870085804117718,-0.7996477453104268,-0.36244305053793724,0.7860899371672116,-1.92268925006684,-0.36244305053793724,-0.36244305053793724,-0.36244305053793724
2015-11-13,-0.3674114118744096,-0.43809166579295666,0.37028110311396345,2.1843594744418486,0.5076127668149598,1.0466636553085722,-0.8210783015772557,-0.37848298527349633,0.8750819255043514,-1.843485604845088,-0.37848298527349633,-0.37848298527349633,-0.37848298527349633
2015-11-16,-0.3846248368200625,-0.48677614844734235,0.40778278770864906,2.153306490258831,0.5618167427629959,1.0040774406989625,-0.7944070364991385,-0.39803906531000494,0.9521892638147141,-1.82120844223759,-0.39803906531000494,-0.39803906531000494,-0.39803906531000494
2015-11-17,-0.4442918296467983,-0.44745707432847287,0.45645116209330877,2.101626829537468,0.6254562643530451,1.0607273702624933,-0.8054664530528902,-0.39329936052327946,0.8767400110852615,-1.8505888382102977,-0.39329936052327946,-0.39329936052327946,-0.39329936052327946
2015-11-18,-0.4496496028569631,-0.46317245820035335,0.5137341011983603,2.166152965065679,0.6674166340923376,1.0344625795457223,-0.7660072961604433,-0.4249616681606529,0.7828526797140635,-1.7859429297557916,-0.4249616681606529,-0.4249616681606529,-0.4249616681606529
2015-11-19,-0.3558152383354808,-0.34829330160912064,0.48509514599231013,2.083707813405397,0.6725906584003761,0.9914036892887124,-0.9290395539121562,-0.34842229723680723,0.7504961788836294,-1.956456203166439,-0.34842229723680723,-0.34842229723680723,-0.34842229723680723
2015-11-20,-0.33468000008953225,-0.3544894331591005,0.4131597196284628,2.003691701605026,0.7370623028714435,0.9477833970487763,-0.8599336993968281,-0.3503370162581706,0.8807728101797009,-2.0320187336552658,-0.3503370162581706,-0.3503370162581706,-0.3503370162581706
2015-11-23,-0.3599378437082351,-0.3577932969363782,0.4476033113894809,1.929804445625392,0.7796111233035163,0.9745315638250348,-0.8646237982556025,-0.37841048723677784,0.9661187077690154,-2.0016722640651112,-0.37841048723677784,-0.37841048723677784,-0.37841048723677784
2015-11-24,-0.3390559399257939,-0.06635283214452467,0.5265655393917198,2.0079201682542993,0.7347947767348291,0.8261969829196075,-0.8730466545978345,-0.44757691924165255,0.9458406860852324,-1.9725550497509248,-0.44757691924165255,-0.44757691924165255,-0.44757691924165255
2015-11-25,-0.47461863073279825,0.06994940996991246,0.5940993997669963,2.0480522499723626,0.7969652222294531,0.7923072289387763,-0.814330107857492,-0.426387696708898,0.7094915832470422,-2.0163655686986606,-0.426387696708898,-0.426387696708898,-0.426387696708898
2015-11-27,-0.45044674105499677,0.05998401055904637,0.6087648710649904,2.099464772042785,0.7212091224248988,0.8094089624458822,-0.8724230082278887,-0.40914141025519657,0.6554748748549599,-1.9948712230888914,-0.40914141025519657,-0.40914141025519657,-0.40914141025519657
2015-11-30,-0.3720911310732889,0.04555805335069299,0.6245424797093517,2.146255563620439,0.615501081443898,0.7533361392972558,-0.8481085411049354,-0.41734399710537406,0.7052145969367584,-2.0008322537586753,-0.41734399710537406,-0.41734399710537406,-0.41734399710537406
2015-12-01,-0.3118208414385007,0.029859211357429395,0.6914087706108217,2.19111837124835,0.6709350700870059,0.630966355811608,-0.8004596663853599,-0.3918140829399931,0.5252998514068072,-2.060050790938189,-0.3918140829399931,-0.3918140829399931,-0.3918140829399931
2015-12-02,-0.282457288373873,-0.12820023113437384,0.6332470110580302,2.2436198249420434,0.608124177647689,0.7196024450222892,-0.7432105283461519,-0.432841783760711,0.645921324032682,-1.9652795998054895,-0.432841783760711,-0.432841783760711,-0.432841783760711
2015-12-03,-0.25331213218587023,-0.10645717656139794,0.6722076621908832,2.237155666816471,0.6161002644661034,0.735440371087222,-0.6808838518279087,-0.4588694480243435,0.5887601466763916,-1.9735331585645197,-0.4588694480243435,-0.4588694480243435,-0.4588694480243435
2015-12-04,-0.24592332307009168,-0.019695282478026176,0.6878641641681201,2.3636927358710214,0.616877212084782,0.6034838387098431,-0.713301459217799,-0.4498285214420949,0.41515545451953806,-1.9088392548190078,-0.4498285214420949,-0.4498285214420949,-0.4498285214420949
2015-12-07,-0.2558444820350244,-0.06574053434843173,0.6624174512019733,2.458485294580973,0.6322412319696357,0.5565462242529963,-0.41289800687760353,-0.4547085477986671,0.17011094282159325,-1.926483930371445,-0.4547085477986671,-0.4547085477986671,-0.4547085477986671
2015-12-08,-0.2617718604473263,-0.057375262704384346,0.7289871684990894,2.482973059323313,0.6859543170116578,0.439134885836158,-0.35086221336518186,-0.4470604895792992,0.030326526879476796,-1.9091246627156058,-0.4470604895792992,-0.4470604895792992,-0.4470604895792992
2015-12-09,-0.27270201103636876,-0.07070075990774871,0.5899386278894946,2.4073073412300836,0.5000330429872171,0.8470408671094224,-0.30172755131266954,-0.515049257581201,0.2563003726537364,-1.8952928992883622,-0.515049257581201,-0.515049257581201,-0.515049257581201
2015-12-10,-0.28531540723164683,-0.05951501250439692,0.5830673768172739,2.3795140666480328,0.5256433661566061,0.913009299672783,-0.3780512629660724,-0.47941652807165996,0.1662751249942217,-1.9269614393001606,-0.47941652807165996,-0.47941652807165996,-0.47941652807165996
2015-12-11,-0.32456178241415534,-0.06558939280721557,0.6157536041838715,2.422673415912458,0.566872903123766,0.8745721033626538,-0.3974641272269296,-0.4770113707577172,0.0814947716101439,-1.8657060127137237,-0.4770113707577172,-0.4770113707577172,-0.4770113707577172
2015-12-14,-0.3266856662519838,-0.07318738535320085,0.6130076756403673,2.472324363050878,0.5246747213754217,0.8273581752068484,-0.3492118518313084,-0.469900131657629,0.04411018639348275,-1.8527896915999915,-0.469900131657629,-0.469900131657629,-0.469900131657629
2015-12-15,-0.2997439321739799,-0.08496066463572349,0.6420560421540547,2.4234320239502174,0.4857439030090608,0.935251465766061,-0.4089921645039603,-0.48046914370866933,0.07587106838627701,-1.8467811671173289,-0.48046914370866933,-0.48046914370866933,-0.48046914370866933
2015-12-16,-0.3178073238693675,-0.05908777909069933,0.6672562424488594,2.3932687441524063,0.4476316818198,0.9466879655266469,-0.42248747381548235,-0.46261745783797076,0.08805801368740038,-1.8930502395076796,-0.46261745783797076,-0.46261745783797076,-0.46261745783797076
2015-12-17,-0.30855343854217654,0.0006936147945871843,0.7111909017431747,2.3898976140371135,0.43478213958252643,0.9180915102930685,-0.31930714313771547,-0.5225174316779341,0.11989357183068981,-1.8566190438895325,-0.5225174316779341,-0.5225174316779341,-0.5225174316779341
2015-12-18,-0.34465669124289466,-0.010096537057128112,0.7038353304392959,2.4159083038254336,0.47294610080747346,0.8437508848484158,-0.3876856858153062,-0.4878442214870857,0.126906100762454,-1.8695309206193997,-0.4878442214870857,-0.4878442214870857,-0.4878442214870857
2015-12-21,-0.335660020055568,-0.08261616916606132,0.6702971207820896,2.479721807113656,0.42419618205672277,0.8703613341881182,-0.446522166560087,-0.4775057841003844,0.12409261098541755,-1.7938475629427493,-0.4775057841003844,-0.4775057841003844,-0.4775057841003844
2015-12-22,-0.2789439138886135,-0.07740154029900236,0.6581936563559125,2.4894536381793246,0.335462912393644,0.8745753222278021,-0.4495320696075455,-0.4777279299063681,0.16619726881329341,-1.8070935545493418,-0.4777279299063681,-0.4777279299063681,-0.4777279299063681
2015-12-23,-0.27753076566491564,-0.0644120349060357,0.6791006539728912,2.4684319827372527,0.32637104048030446,0.8676363914192439,-0.4908558269440517,-0.461971620121567,0.17738016362845394,-1.838235124236876,-0.461971620121567,-0.461971620121567,-0.461971620121567
2015-12-24,-0.29180539829271207,-0.08505332697513615,0.6286732047148749,2.5189182982498437,0.34853423219537694,0.8248166313633808,-0.48366432079439287,-0.44814607134664597,0.15034106910370806,-1.8181761041783595,-0.44814607134664597,-0.44814607134664597,-0.44814607134664597
2015-12-28,-0.2666165844291479,-0.07547711553484332,0.5988100002400284,2.5094411449872,0.2950075654213017,0.860195456058457,-0.50488493910389,-0.46078102776142016,0.2376489656115736,-1.8110003822049983,-0.46078102776142016,-0.46078102776142016,-0.46078102776142016
2015-12-29,-0.32590019274656895,-0.08006772976970107,0.5885660317765526,2.4904320064488688,0.300929103549858,0.8776267151743632,-0.4381143919434007,-0.45798827970347356,0.2571845256631014,-1.8387029493391795,-0.45798827970347356,-0.45798827970347356,-0.45798827970347356
2015-12-30,-0.34083117755209946,-0.05109381023493187,0.623386602032372,2.4293965087249916,0.3254295219369264,0.9118807368473906,-0.40525528085497625,-0.47075430653890843,0.2689844980876208,-1.8788803728316599,-0.47075430653890843,-0.47075430653890843,-0.47075430653890843
2015-12-31,-0.3139127281629863,-0.015272072427777275,0.5861169802514085,2.400299411843459,0.3096734903180892,0.9850074079474728,-0.39773624569220806,-0.48913630764580646,0.28254799803345304,-1.880179011527685,-0.48913630764580646,-0.48913630764580646,-0.48913630764580646
2016-01-04,-0.34013611497307294,0.00042195346036740135,0.6227716946706656,2.352106071909614,0.3696836687221402,1.0692286839694838,-0.37590468483017314,-0.5375602992743652,0.27219730636288586,-1.8201273821944486,-0.5375602992743652,-0.5375602992743652,-0.5375602992743652
2016-01-05,-0.3233933836798977,-0.005002660148326734,0.6165262782603919,2.3698424313442246,0.33293337731384726,1.035305745796364,-0.38135174211134704,-0.5216970198514259,0.28598440803070946,-1.844056375400261,-0.5216970198514259,-0.5216970198514259,-0.5216970198514259
2016-01-06,-0.315986375619999,-0.07976051739705545,0.5802738761403988,2.3097371364279917,0.27858227824684795,1.0257593527230122,-0.3041611140393488,-0.5607023030921207,0.5905373414940827,-1.8421727656074456,-0.5607023030921207,-0.5607023030921207,-0.5607023030921207
2016-01-07,-0.28972791838416945,-0.02544846760552027,0.5969942737981957,2.242321051026589,0.2775487778614072,1.152649601432048,-0.3983790873194151,-0.5994346462867318,0.6164318892221973,-1.7746515348844045,-0.5994346462867318,-0.5994346462867318,-0.5994346462867318
2016-01-08,-0.3214211719564826,-0.040699936567080035,0.6179622962123082,2.239682896077492,0.2924771178163528,1.136618214663455,-0.3685543345915061,-0.5857286916253456,0.5924910830064335,-1.8056413981595907,-0.5857286916253456,-0.5857286916253456,-0.5857286916253456
2016-01-11,-0.36976479045178645,-0.07576129352085453,0.6616421342248762,2.307343475527069,0.282732491392313,1.089242612401141,-0.3656735591284803,-0.5392087856700419,0.45160084284488644,-1.8245267706089983,-0.5392087856700419,-0.5392087856700419,-0.5392087856700419
2016-01-12,-0.4067082240575656,-0.06709542855035804,0.6864973433027425,2.3406557041649476,0.27650546009862476,1.0205264592212135,-0.32211812570903964,-0.5218121130092856,0.40444508085896125,-1.845459817292383,-0.5218121130092856,-0.5218121130092856,-0.5218121130092856
2016-01-13,-0.37748361696537536,-0.06450822859509343,0.6459229298864555,2.346369485059292,0.2916074123290937,1.0428577878759338,-0.28264732761833883,-0.5637478888130999,0.4443765599724444,-1.7915034466920112,-0.5637478888130999,-0.5637478888130999,-0.5637478888130999
2016-01-14,-0.42244654376135793,-0.05366079068008756,0.6605420772652698,2.2845889822354866,0.2771781113466048,1.10464308041068,-0.37882966707694604,-0.5289192510605188,0.48018570453473525,-1.8365239500323105,-0.5289192510605188,-0.5289192510605188,-0.5289192510605188
2016-01-15,-0.4501590940080679,-0.005529414789990064,0.6349441336084308,2.3515314788872006,0.31980601798034114,1.0314458059114258,-0.23445988118745975,-0.5477780635384385,0.3631998599802943,-1.8196666522284215,-0.5477780635384385,-0.5477780635384385,-0.5477780635384385
2016-01-19,-0.4574201210009167,-0.013816399099933915,0.5813098671744726,2.374018594561497,0.3622588865312157,1.041118135931716,-0.22897239118964274,-0.5758073181870763,0.39579838388963523,-1.7510656840497385,-0.5758073181870763,-0.5758073181870763,-0.5758073181870763
2016-01-20,-0.4326711912620768,-0.02838744594239332,0.5930008748398162,2.411051580773892,0.3645173355561018,0.9728530406448942,-0.10150115834924867,-0.5874820271974094,0.32382044818923855,-1.752755375660587,-0.5874820271974094,-0.5874820271974094,-0.5874820271974094
2016-01-21,-0.5155347460357843,-0.026727557561454257,0.6045762074415849,2.4497229166861794,0.338562983424996,0.9454831410581878,-0.0663996120162878,-0.5600291777459462,0.25270041103885027,-1.7422670330524874,-0.5600291777459462,-0.5600291777459462,-0.5600291777459462
2016-01-22,-0.561809780445978,-0.018018174427704665,0.5666405326934427,2.438626338376489,0.32973182240638443,0.9389895119047406,-0.11038652819763928,-0.5242673734682979,0.3075726675168206,-1.7942768959533624,-0.5242673734682979,-0.5242673734682979,-0.5242673734682979
2016-01-25,-0.5985325473040122,-0.03683767053520694,0.5173750366638958,2.337399820465501,0.35005795170728404,1.0277214332514104,-0.1411777476982791,-0.526182076170558,0.4841363087777367,-1.8354142806460967,-0.526182076170558,-0.526182076170558,-0.526182076170558
2016-01-26,-0.6072292765754538,-0.0002723203385706344,0.5322497107073991,2.322560918878059,0.38072359190127925,1.0403792233319071,-0.159004293267795,-0.5193520400224291,0.4234858246005701,-1.8554852191476796,-0.5193520400224291,-0.5193520400224291,-0.5193520400224291
2016-01-27,-0.5758036138724707,0.02719767024123108,0.5533730940151607,2.3183719906472136,0.3507431696242347,1.0446561727597568,-0.23987053503587394,-0.5179044328599194,0.4479912157929719,-1.8550414327325466,-0.5179044328599194,-0.5179044328599194,-0.5179044328599194
2016-01-28,-0.5605108552722912,0.24628135772433637,0.557877493779413,2.228550839951473,0.3559075334639075,1.15829199833022,-0.2881516814003263,-0.5766835106589753,0.42177573738893737,-1.8132883813297687,-0.5766835106589753,-0.5766835106589753,-0.5766835106589753
2016-01-29,-0.7110458785283833,0.33142328096719337,0.6333452444244027,2.232311787328639,0.31787371604461706,1.1346847805955775,-0.23666889612451586,-0.5779783647077409,0.3664475313415049,-1.756458107218071,-0.5779783647077409,-0.5779783647077409,-0.5779783647077409
2016-02-01,-0.7314603086445899,0.3071046611853061,0.6839262192732604,2.24166111277669,0.28960565027241286,1.1060141002884554,-0.2134240444235393,-0.5711418448067109,0.3593305401523053,-1.758190551653457,-0.5711418448067109,-0.5711418448067109,-0.5711418448067109
2016-02-02,-0.774365436861333,0.5048142128850037,0.6031363175696676,1.8141886904445084,0.4217890342899401,1.3637330234681873,-0.16618615166833517,-0.5994689806753782,0.5503572825565105,-1.9195910499826363,-0.5994689806753782,-0.5994689806753782,-0.5994689806753782
2016-02-03,-0.8452105141441026,0.45483111551012384,0.6759409419715068,1.7431108834924358,0.4957953491910005,1.3442861003048914,-0.20521551050197576,-0.5798977286016094,0.6008502412684645,-1.9447976926859076,-0.5798977286016094,-0.5798977286016094,-0.5798977286016094
2016-02-04,-0.8097207020474592,0.5071003366350031,0.7144068560722878,1.6741952464633567,0.5145179513167986,1.3349045409373708,-0.45839929227367077,-0.5260620675492929,0.6304113912659745,-2.00316805817249,-0.5260620675492929,-0.5260620675492929,-0.5260620675492929
2016-02-05,-0.8879573071568105,0.5157195319503942,0.7975473988639131,1.649701792583034,0.5356315573677304,1.4169007368379625,-0.45136892337435575,-0.5169539620387528,0.44648401776055574,-1.9548429566774128,-0.5169539620387528,-0.5169539620387528,-0.5169539620387528
2016-02-08,-0.9174148207587375,0.4825130711946479,0.8658042120552127,1.6584857565901512,0.6473404300640805,1.2677495373930123,-0.48695097517061015,-0.45994395976175034,0.3670183498209855,-2.0447697221417425,-0.45994395976175034,-0.45994395976175034,-0.45994395976175034
2016-02-09,-0.9890743881936289,0.4490234716835987,0.853423427687181,1.622311608758124,0.6158354755449479,1.246885734790735,-0.4341690330185118,-0.40857647329606317,0.39466462777293965,-2.124595031841132,-0.40857647329606317,-0.40857647329606317,-0.40857647329606317
2016-02-10,-0.9843483534480264,0.4732774619985018,0.8369650134968045,1.673148365847305,0.5983761145669975,1.152859635861947,-0.49769941360684794,-0.40087268994765934,0.47348244591873917,-2.1225705108447825,-0.40087268994765934,-0.40087268994765934,-0.40087268994765934
2016-02-11,-0.9201414401468685,0.4858084748934655,0.7905759090699739,1.7391946361176671,0.5992087130648316,1.0540943479080378,-0.46652706775868374,-0.34272621366712996,0.3256169987636492,-2.2369257172435515,-0.34272621366712996,-0.34272621366712996,-0.34272621366712996
2016-02-12,-0.959326427619202,0.5124796377946228,0.8459078964311109,1.668179402324883,0.5737122338881632,1.1247579646515122,-0.4069139787596789,-0.36512053034018466,0.32045255079132456,-2.218767158141998,-0.36512053034018466,-0.36512053034018466,-0.36512053034018466
2016-02-16,-1.0134482559242128,0.5425179172828234,0.8421416960842492,1.6175115396539383,0.6148440027814309,0.8970104396417657,-0.29851881188350543,-0.2548119652004649,0.21993531894998883,-2.4027459857846183,-0.2548119652004649,-0.2548119652004649,-0.2548119652004649
2016-02-17,-0.9881564178963402,0.5549424339874938,0.8408746400860425,1.6154361495685536,0.7441405680881341,0.7701426253922995,-0.23935880463184325,-0.27987663186587786,0.23521188002011206,-2.41372654715094,-0.27987663186587786,-0.27987663186587786,-0.27987663186587786
2016-02-18,-1.0016625733906788,0.486260037523611,0.8734434161620878,1.628800081420276,0.7068820458535571,0.6208104460320911,-0.18195710626506198,-0.1929654864432825,0.14076069225944066,-2.501475093822193,-0.1929654864432825,-0.1929654864432825,-0.1929654864432825
2016-02-19,-1.018002889927698,0.4358817606901806,0.9174820357648826,1.6496109935495018,0.6318074334337724,0.6805524716856516,-0.1931474676396235,-0.19750017991170044,0.1614871712219853,-2.475670789131851,-0.19750017991170044,-0.19750017991170044,-0.19750017991170044
2016-02-22,-0.9759646341081616,0.4954469953821085,0.9223998105894726,1.5890137405710267,0.48545894592886824,0.7323203614656464,-0.3729421843717244,-0.16153069362088146,0.2861303139052567,-2.515740574878967,-0.16153069362088146,-0.16153069362088146,-0.16153069362088146
2016-02-23,-1.0180699663112178,0.44633558138870455,1.0282063242206114,1.5766969029010072,0.4619947573943784,0.764149118866891,-0.4343300721467437,-0.15951434402468465,0.27438799779256423,-2.461313268007457,-0.15951434402468465,-0.15951434402468465,-0.15951434402468465
2016-02-24,-0.9933217883817012,0.4509883922315179,1.065727215611704,1.6475981751986457,0.5645781149769785,0.7734324672977045,-0.31539887984945203,-0.23886288171872894,0.14786114566685332,-2.3860133158773342,-0.23886288171872894,-0.23886288171872894,-0.23886288171872894
2016-02-25,-1.002209334235092,0.4421580416442972,0.9850390789596657,1.6934115698414507,0.5696750466871445,0.7463926361278367,-0.33968194617301994,-0.2142060312040476,0.16112517403282609,-2.399086142068918,-0.2142060312040476,-0.2142060312040476,-0.2142060312040476
2016-02-26,-0.9392879488118931,0.4871826614980542,0.9289659641706429,1.6689695642121303,0.5338900911773597,0.8348979396884364,-0.3882993315455233,-0.2195366487235493,0.17575221270876007,-2.4239245582037703,-0.2195366487235493,-0.2195366487235493,-0.2195366487235493
2016-02-29,-1.048270108312011,0.5392933459592079,0.874495826306409,1.6783025564896006,0.5005246177379892,0.9109113381508088,-0.42022897521018093,-0.10185898757399334,-0.24647474491299784,-2.381117905912853,-0.10185898757399334,-0.10185898757399334,-0.10185898757399334
2016-03-01,-0.9885166357206228,0.43421055640635875,0.7957965721167962,1.8316327826118475,0.9526885289246986,0.6670509897587755,-0.40911664832795186,-0.20555649832829917,-0.1993480090698327,-2.2621721433868727,-0.20555649832829917,-0.20555649832829917,-0.20555649832829917
2016-03-02,-1.0184072600324803,0.6702704657852677,0.8125163698400936,1.4597020629902486,1.0836855782085413,0.7753766830635198,-0.34810868380456766,-0.24666268321306173,-0.08725669005847975,-2.3611277931398966,-0.24666268321306173,-0.24666268321306173,-0.24666268321306173
2016-03-03,-1.0759816051407138,0.6697534114840052,0.808164170204639,1.3401366350662585,1.181285493849915,0.8276180104055499,-0.31873599287090915,-0.2758211332816941,0.0073354462032899645,-2.336291036075258,-0.2758211332816941,-0.2758211332816941,-0.2758211332816941
2016-03-04,-1.0594824186629281,0.6554662684306107,0.9733797195968358,1.2831415545039115,1.1965584746199505,0.693490590899818,-0.528188858548913,-0.20229165903056673,-0.06108768444338805,-2.3441110102736307,-0.20229165903056673,-0.20229165903056673,-0.20229165903056673
2016-03-07,-0.9686702313254578,0.6869471405252908,0.8831679434301516,1.1716617005201815,1.2372495593108535,0.7408961705056021,-0.6370274630572995,-0.15202124846087656,-0.08716318385288277,-2.418976642212933,-0.15202124846087656,-0.15202124846087656,-0.15202124846087656
2016-03-08,-1.0129966097923009,0.7077786542103726,0.7882323871843451,1.2830120693764848,1.175054667923249,0.760929598014066,-0.552279624660074,-0.2056194900102295,0.07401343804281654,-2.401266620258041,-0.2056194900102295,-0.2056194900102295,-0.2056194900102295
2016-03-09,-1.0415187758011932,0.6836502771077103,0.8083781421195467,1.2021897013474045,1.1379816285952473,0.6438730909652395,-0.6554397607092893,-0.07555374827835684,0.010470086491722522,-2.4873693970029604,-0.07555374827835684,-0.07555374827835684,-0.07555374827835684
2016-03-10,-0.8871619261826792,0.7456165526163351,0.9727747631477269,1.2172231655107628,1.0831623248492315,0.4034963458838477,-0.8857395891269232,-0.024861630663368037,-0.0801904637914845,-2.469734650253345,-0.024861630663368037,-0.024861630663368037,-0.024861630663368037
2016-03-11,-0.8215922531808914,0.7357738275265783,0.9821374383446094,1.1903518967663742,1.065361678176284,0.4708436744923847,-0.9224464055858215,-0.021440024053042375,-0.12953881554093635,-2.485130944786412,-0.021440024053042375,-0.021440024053042375,-0.021440024053042375
2016-03-14,-0.8744189186076715,0.871088730443656,0.9595597966161954,1.1512616866527035,1.0348275759443826,0.49466884027118374,-0.9481165361348236,-0.01590637044180478,-0.17926993640553926,-2.445975757012868,-0.01590637044180478,-0.01590637044180478,-0.01590637044180478
2016-03-15,-0.8722833998897689,0.7800340986200549,0.9717196211487018,1.2719707461036025,1.075371395608909,0.4287141343157478,-0.7800057652891799,-0.040655947832244195,-0.25341301804239946,-2.4594840212466904,-0.040655947832244195,-0.040655947832244195,-0.040655947832244195
2016-03-16,-0.8950758964454776,0.8394702453617259,0.9100308268176116,1.27487079586545,1.0860873589747808,0.4542787785021717,-0.8744584026486677,-0.037946390980122785,-0.22844439960741322,-2.4149737428996905,-0.037946390980122785,-0.037946390980122785,-0.037946390980122785
2016-03-17,-0.9360212145906793,0.8581491483083409,0.9628877018647263,1.3858628332380416,0.9379655749839484,0.5494832113552143,-0.8543043502426807,-0.10116428808028954,-0.13977809918279882,-2.3595876534129543,-0.10116428808028954,-0.10116428808028954,-0.10116428808028954
2016-03-18,-0.9732450176789316,0.830630954708959,0.9257097580387726,1.4083687094790776,0.9528138680471637,0.6744644558811664,-0.7427752837019047,-0.1542560843437648,-0.11377595850697986,-2.3451671488922634,-0.1542560843437648,-0.1542560843437648,-0.1542560843437648
2016-03-21,-1.0007612486991624,0.8467277402106853,0.8652123441466125,1.360247652579425,0.7817978043058965,1.0041765017408248,-0.6919774885378331,-0.14538762610635836,-0.2523445797671895,-2.3315282215538264,-0.14538762610635836,-0.14538762610635836,-0.14538762610635836
2016-03-22,-0.949172814726389,0.7491844767035074,0.8834162299450783,1.3771384864520384,0.7725341804090459,1.0124257266725034,-0.7151524272081063,-0.13369612382103238,-0.22831809204211184,-2.3672712709214365,-0.13369612382103238,-0.13369612382103238,-0.13369612382103238
2016-03-23,-0.9713426864543132,0.6999739499638312,0.7941031317359872,1.488342449054796,0.7245009159556268,1.1933313296707373,-0.5773959785384519,-0.20059736992195262,-0.26747030918344844,-2.281653322516955,-0.20059736992195262,-0.20059736992195262,-0.20059736992195262
2016-03-24,-0.9796683518641391,0.6183930604260761,0.6749963341157463,1.487438326084663,0.6549837442056762,1.3167594966258378,-0.576187454003735,-0.15797849547961396,-0.2562513509670177,-2.308549822704652,-0.15797849547961396,-0.15797849547961396,-0.15797849547961396
2016-03-28,-0.9496851434968542,0.6422287664530433,0.6384675197935152,1.376113253620593,0.6965878891309758,1.5024695460401258,-0.5247770058137854,-0.26321645858606896,-0.07383540420137026,-2.2547035871819667,-0.26321645858606896,-0.26321645858606896,-0.26321645858606896
2016-03-29,-0.9802857980724722,0.6778445697450756,0.6608985817286994,1.3747447680020592,0.6881245962531787,1.4704627541791628,-0.3533913778246025,-0.30212311947615383,-0.06657875148219668,-2.2633268646242892,-0.30212311947615383,-0.30212311947615383,-0.30212311947615383
2016-03-30,-0.9717638087180218,0.6643816231647379,0.7108596366172122,1.3791720971311494,0.6955653856607418,1.3865927622803569,-0.20329948393269598,-0.30058682423892175,-0.14010633472793424,-2.3190545805198597,-0.30058682423892175,-0.30058682423892175,-0.30058682423892175
2016-03-31,-1.0222536908633284,0.6756902545222073,0.6828267711919349,1.3557103218489255,0.7067357866183315,1.3874976547121964,-0.2435877279171316,-0.26796208633166274,-0.1466459767792155,-2.324125048007269,-0.26796208633166274,-0.26796208633166274,-0.26796208633166274
2016-04-01,-0.9095915599939666,0.6766689583326051,0.7059866072437978,1.3903543277153663,0.6990839261440244,1.4992983367188049,-0.39431349733367693,-0.3540851858697836,-0.04025574389140868,-2.210890611456413,-0.3540851858697836,-0.3540851858697836,-0.3540851858697836
2016-04-04,-0.9250008825448487,0.6834881560038178,0.7149089351778183,1.4128704138450987,0.7167030840507026,1.4958292793060162,-0.3632147153175757,-0.37582597425195735,-0.060131721269266275,-2.172148652243935,-0.37582597425195735,-0.37582597425195735,-0.37582597425195735
2016-04-05,-0.9488648245854748,0.6923716464893668,0.7461287629609862,1.3894533104990172,0.7208657669555331,1.4675518454568326,-0.30544619030168446,-0.38533328328486804,-0.03644702275100606,-2.184280161584098,-0.38533328328486804,-0.38533328328486804,-0.38533328328486804
2016-04-06,-0.9496643972021819,0.5925228918695863,0.7786987860192024,1.3886559882015834,0.6865900202617046,1.3936970659426207,-0.3963908850506687,-0.3625919924128283,0.20838579399237564,-2.252127294382909,-0.3625919924128283,-0.3625919924128283,-0.3625919924128283
2016-04-07,-0.9505078206368541,0.5668409463607966,0.7256716464156439,1.3995360426673478,0.6432507994420326,1.4005501793405382,-0.30528000663633603,-0.3399818675000386,0.18724636087993946,-2.307380677832954,-0.3399818675000386,-0.3399818675000386,-0.3399818675000386
2016-04-08,-0.9154701067672757,0.6763436486353751,0.7420870688267228,1.3269556939166935,0.6987603225350679,1.3123743847913922,-0.37663175279742894,-0.2924637886876979,0.09083600446529826,-2.385400108855053,-0.2924637886876979,-0.2924637886876979,-0.2924637886876979
2016-04-11,-0.9456612533140071,0.7566450976771351,0.8084509795103071,1.2730126100612578,0.7557989383499675,1.1797795399275657,-0.32752217157735336,-0.3050967901503815,0.1281834678643827,-2.4083000478977294,-0.3050967901503815,-0.3050967901503815,-0.3050967901503815
2016-04-12,-0.9510524309115919,0.6746109508418963,0.8580246207075057,1.2924494347277524,0.7660858162655223,1.1343184709262144,-0.39132392840199,-0.2977016561406847,0.21713635583534108,-2.4094426654279117,-0.2977016561406847,-0.2977016561406847,-0.2977016561406847
2016-04-13,-0.953358006102119,0.6844627940222086,0.8608159969387952,1.307361515644499,0.7268048554649114,1.1801941134227112,-0.3852215604898092,-0.3484750003580494,0.32105384983064533,-2.348213557299644,-0.3484750003580494,-0.3484750003580494,-0.3484750003580494
2016-04-14,-0.9494681813061372,0.6682303564797085,0.930113461384756,1.2603648837332093,0.6828494083578116,1.1916616752108695,-0.24754218087654964,-0.3712478322986224,0.3152268923808683,-2.366444986170046,-0.3712478322986224,-0.3712478322986224,-0.3712478322986224
2016-04-15,-0.8985600271516425,0.6368608445177236,0.9169924770698964,1.3069067216458474,0.7538975070248045,1.1032557101988263,-0.20037775622657764,-0.36820583903743115,0.26242857808506403,-2.4085806990142173,-0.36820583903743115,-0.36820583903743115,-0.36820583903743115
2016-04-18,-0.8655471518902778,0.6611719033085169,0.8862841425982209,1.1929408826875236,0.7868163816018827,1.2197356562126893,-0.1549754445182576,-0.39489859577397074,0.2581237993345814,-2.4049557862389954,-0.39489859577397074,-0.39489859577397074,-0.39489859577397074
2016-04-19,-0.8664411713543291,0.6890636411710274,0.927600664174947,1.138592833376912,0.7695458328145908,1.1796526934374805,-0.12659630330433047,-0.43012050657130846,0.4002214370646012,-2.3911576010956654,-0.43012050657130846,-0.43012050657130846,-0.43012050657130846
2016-04-20,-0.9185954221733473,0.517486602742772,0.8690317865030056,0.9682040621803553,0.7173712531175703,1.4241911750694516,0.03276363281510887,-0.4087733736166303,0.4322381206032096,-2.4075977163916042,-0.4087733736166303,-0.4087733736166303,-0.4087733736166303
2016-04-21,-0.9170540066344023,0.5586429896111846,0.9080609627370534,0.9489225607242462,0.6899430071500843,1.4314358892368395,0.032298358618605416,-0.4226830038439788,0.42590532955185195,-2.3874230756195467,-0.4226830038439788,-0.4226830038439788,-0.4226830038439788
2016-04-22,-0.8931226718879973,0.5809950861386556,0.8836250810628087,1.061243515046413,0.6935880394567419,1.4047640305099096,-0.1600631855003374,-0.3824419825750169,0.3594552946472766,-2.4007172591734025,-0.3824419825750169,-0.3824419825750169,-0.3824419825750169
2016-04-25,-0.8880062505485725,0.5163323418814167,0.7675011215013421,1.087894754114475,0.7884970701526216,1.4481378262601903,-0.30632400990433584,-0.36371647696335213,0.4188587656938707,-2.3780257112976004,-0.36371647696335213,-0.36371647696335213,-0.36371647696335213
2016-04-26,-0.8931467144448203,0.20949015973514223,0.7080895895015925,0.6881428791569734,0.939557312359036,1.6063646941005865,-0.1850468373607446,-0.324628984235686,0.6437607294574649,-2.4186958755624866,-0.324628984235686,-0.324628984235686,-0.324628984235686
2016-04-27,-0.9222535506454583,0.1632150555182138,0.759790701323766,0.7328736839298862,0.9443460428690336,1.6084222318990646,-0.32157333157072443,-0.3036528449496126,0.6291834418811036,-2.379392895406435,-0.3036528449496126,-0.3036528449496126,-0.3036528449496126
2016-04-28,-0.84737937181009,0.09583138361956672,0.7602307866375856,0.841709725298327,1.0166426598023826,1.554550300207265,-0.3547246695236429,-0.3500094876843275,0.6717703040822559,-2.3385931675763407,-0.3500094876843275,-0.3500094876843275,-0.3500094876843275
2016-04-29,-0.771615110999977,0.10344296560559131,0.765834580813837,0.8446553212769015,0.9401248055297983,1.6033817000918587,-0.43842387060409144,-0.3650412269085091,0.7318990244365067,-2.3191345085163895,-0.3650412269085091,-0.3650412269085091,-0.3650412269085091
2016-05-02,-0.7434410401564554,0.12024616995677032,0.8116764865690802,0.8650680658211047,0.9919180940418969,1.558063325633765,-0.34339528352217885,-0.39425656536262615,0.6514471975687091,-2.334556754462188,-0.39425656536262615,-0.39425656536262615,-0.39425656536262615
2016-05-03,-0.8087734420972325,0.13943586124556714,0.8343965189522196,0.8929980125368681,1.0611674419095212,1.5147339574550345,-0.24092650549979394,-0.4001656700080114,0.5368917261572068,-2.3292608906273435,-0.4001656700080114,-0.4001656700080114,-0.4001656700080114
2016-05-04,-0.7820715121576639,0.1733810510447393,0.8195461232719652,0.8775393150946157,0.9597200980731478,1.5347006134166623,-0.17232730343462693,-0.3992797509106882,0.5644806957221064,-2.3778500773881923,-0.3992797509106882,-0.3992797509106882,-0.3992797509106882
2016-05-05,-0.7606864259910541,0.12933603489935025,0.8062584123236296,0.7900105857363671,0.9606259189000245,1.584758452096691,-0.12007736224041635,-0.4183878804268881,0.6430123912315053,-2.3596864852485435,-0.4183878804268881,-0.4183878804268881,-0.4183878804268881
2016-05-06,-0.755099422904315,0.21244977693401965,0.8544200264623524,0.8578533331683111,0.9164703924574361,1.493407522768901,-0.0046049676864953855,-0.46452266966868505,0.643546106170165,-2.360352088695635,-0.46452266966868505,-0.46452266966868505,-0.46452266966868505
2016-05-09,-0.7959809549301502,0.22259564900890205,0.874853241335964,0.8209948499267854,1.0239653185601316,1.5098946282367123,-0.13442793865401484,-0.4094308250563921,0.4871660884640259,-2.3713375817227873,-0.4094308250563921,-0.4094308250563921,-0.4094308250563921
2016-05-10,-0.810489485919548,0.1291043533925494,0.779719036699862,0.7414993883389484,0.8581577527673622,1.871535080139293,-0.21929922858970438,-0.39329864126603226,0.4686551690285971,-2.245687500793232,-0.39329864126603226,-0.39329864126603226,-0.39329864126603226
2016-05-11,-0.7613198327111936,0.1440714220046859,0.7734682856194178,0.7397411259623968,0.8007478153989283,1.9104088717733716,-0.2578491416943086,-0.38823237742962574,0.45838966422612293,-2.2547287008609183,-0.38823237742962574,-0.38823237742962574,-0.38823237742962574
2016-05-12,-0.7255731095018733,0.15389620397471038,0.8470420191964856,0.7895641460850277,0.8745805374175661,1.828025922855072,-0.3609402083440864,-0.3983669596209774,0.4338874410142551,-2.247015114213246,-0.3983669596209774,-0.3983669596209774,-0.3983669596209774
2016-05-13,-0.7234403476024098,0.13698762738031792,0.8348919338082398,0.8627046558269458,0.7701303045751843,1.871209770834579,-0.2967896700444327,-0.4342928936477617,0.48291084134146356,-2.201433541528841,-0.4342928936477617,-0.4342928936477617,-0.4342928936477617
2016-05-16,-0.749537060656054,0.1083515396498304,0.8431452922668128,0.9156954476050659,0.6938166537690477,1.8854174879679038,-0.2987621574729907,-0.39428695479570475,0.40704413167857023,-2.228023515625368,-0.39428695479570475,-0.39428695479570475,-0.39428695479570475
2016-05-17,-0.7990963435250182,0.1483584795841382,0.8729200374483606,0.9977603290615177,0.6826761215411313,1.897218191323239,-0.3304809527551673,-0.3982693220088315,0.2891614216498712,-2.1654399962927475,-0.3982693220088315,-0.3982693220088315,-0.3982693220088315
2016-05-18,-0.873839600731827,0.215317348646114,0.8991349553927103,1.055618926788304,0.6780539118349042,1.8555217322142377,-0.3354589838738357,-0.3960472645197632,0.22818898822211714,-2.138348220413673,-0.3960472645197632,-0.3960472645197632,-0.3960472645197632
2016-05-19,-0.8762607893194301,0.240239605952054,0.8447645394361323,1.069588527554109,0.7837397827493102,1.833189127380084,-0.3796083396543058,-0.38236618800647976,0.15594616116374602,-2.1421338632357823,-0.38236618800647976,-0.38236618800647976,-0.38236618800647976
2016-05-20,-0.8753965657014982,0.18259292601155058,0.8051107083360389,1.0744085723598087,0.7846959326568783,1.8433738682893148,-0.31966393921554936,-0.38782966700911276,0.20940962371668648,-2.153212458416781,-0.38782966700911276,-0.38782966700911276,-0.38782966700911276
2016-05-23,-0.9065528917234547,0.21805919934587453,0.8067689238748524,0.9861834455027919,0.8323380752706354,1.8726793029101159,-0.3397138502515856,-0.37167216730205516,0.1645789461582301,-2.147652481879238,-0.37167216730205516,-0.37167216730205516,-0.37167216730205516
2016-05-24,-0.9032720082555923,0.055319276560641686,0.6689099318163254,1.032064094285119,0.7962689822205253,1.9599799519866343,-0.25370909112866236,-0.3269495179055737,0.11722712140438514,-2.1649901872670814,-0.3269495179055737,-0.3269495179055737,-0.3269495179055737
2016-05-25,-0.8664784043439315,0.07439115110555655,0.7073843959412284,1.0472323722081371,0.7998034611941842,1.9528730159346388,-0.2908209319134696,-0.34279663590019716,0.09829344564474606,-2.1514919621703013,-0.34279663590019716,-0.34279663590019716,-0.34279663590019716
2016-05-26,-0.9284949450181728,0.03428367862101333,0.6926991479929188,1.0799170256798165,0.8252988327178229,1.910983538432575,-0.2126706005462933,-0.2941943703465667,-0.04247526412385836,-2.1827639323695553,-0.2941943703465667,-0.2941943703465667,-0.2941943703465667
2016-05-27,-1.0442261357225568,0.029441524129361768,0.6749883356762417,1.0511874494961646,0.8529576949773934,1.9368356841325396,-0.2701046241308682,-0.270366190135252,-0.027553873160949503,-2.1220612948563193,-0.270366190135252,-0.270366190135252,-0.270366190135252
2016-05-31,-1.0726395936018058,0.01544454328684358,0.6586427559680834,1.0006408805232963,1.224026645028833,1.7886033043154599,-0.2941940256465021,-0.2557342050835386,-0.2189643835998371,-2.0786233059402166,-0.2557342050835386,-0.2557342050835386,-0.2557342050835386
2016-06-01,-1.0569209975735727,-0.008246387747623197,0.6257736049828054,1.3516102288151097,1.1527490896353731,1.5776784884046435,-0.34610895835954625,-0.24153238634767227,-0.22234291647781365,-2.1080626062886876,-0.24153238634767227,-0.24153238634767227,-0.24153238634767227
2016-06-02,-1.0491082486631413,0.01953992297110773,0.5645472239639342,1.42218246090406,1.0965764046298048,1.6348258719074291,-0.3480430612963095,-0.2718814137533878,-0.1970532514146053,-2.055941667988728,-0.2718814137533878,-0.2718814137533878,-0.2718814137533878
2016-06-03,-1.0093715798292755,0.010701922927754891,0.5804184698708122,1.360051380676056,1.0230083533172747,1.719608259830641,-0.4402565601730888,-0.24089069815423067,-0.20106261717873855,-2.0795348368245135,-0.24089069815423067,-0.24089069815423067,-0.24089069815423067
2016-06-06,-1.0135172392479008,0.06091411892463281,0.6334070432408457,1.4345419196021232,1.080183543554731,1.5374928337379687,-0.5158481620822103,-0.2318580927965215,-0.17618976827250474,-2.113551918271599,-0.2318580927965215,-0.2318580927965215,-0.2318580927965215
2016-06-07,-0.9959079193496067,0.09617560824408178,0.6821485479669493,1.4092158001502013,1.0818774292230613,1.5452843076508507,-0.6685528306776903,-0.21703109518629554,-0.20566033984928425,-2.0764562226133814,-0.21703109518629554,-0.21703109518629554,-0.21703109518629554
2016-06-08,-0.9938888868329242,0.09718718449079765,0.6924613242615245,1.4223121458403352,1.1095017112336676,1.569816108177883,-0.7149188492294701,-0.25675010810718396,-0.15384912264717066,-2.001621182865907,-0.25675010810718396,-0.25675010810718396,-0.25675010810718396
2016-06-09,-0.9812235195213324,0.08764970656063177,0.7277075214031931,1.4456580552942448,1.1062601787247957,1.5452679413859383,-0.774013323350424,-0.2516912057079071,-0.17153901400533098,-1.9790027236600887,-0.2516912057079071,-0.2516912057079071,-0.2516912057079071
2016-06-10,-0.9865284840002307,0.059238002906999224,0.670803630662499,1.4855087004445764,1.0271734356883793,1.6580049740313223,-0.729663345291094,-0.2654879789794474,-0.19658288471185162,-1.9260021138128096,-0.2654879789794474,-0.2654879789794474,-0.2654879789794474
2016-06-13,-1.0018450054386616,0.07514482390805356,0.647778762985191,1.5339239256238193,1.015499680213747,1.628125162008538,-0.7324657935891997,-0.2635767682143096,-0.19229332206695376,-1.9195611607872962,-0.2635767682143096,-0.2635767682143096,-0.2635767682143096
2016-06-14,-1.0026119701641383,0.12247328326699009,0.6229161597670163,1.5364209031932796,1.0135609377246901,1.6301534930116095,-0.728798747133538,-0.2635267238444335,-0.219209444030921,-1.9207977202572537,-0.2635267238444335,-0.2635267238444335,-0.2635267238444335
2016-06-15,-0.9481339202297322,0.06571959419528149,0.5220602308146791,1.3471761061913436,0.8842606141572156,2.0544120749084143,-0.7026379739442336,-0.2889606012111544,-0.311426932907867,-1.7555873883404842,-0.2889606012111544,-0.2889606012111544,-0.2889606012111544
2016-06-16,-0.9028533781910364,0.07304890558875198,0.5230364388781521,1.3042186219162573,0.8221138896564099,2.1209539542397464,-0.7284938515179595,-0.3001108613716822,-0.25864578856718046,-1.752935346516412,-0.3001108613716822,-0.3001108613716822,-0.3001108613716822
2016-06-17,-0.8882825690031059,0.047076742568277596,0.5106619871753353,1.2681018637385681,0.7992529506042023,2.1472300203311154,-0.7984808456305441,-0.2713136499675883,-0.23928135917433888,-1.7610241907391557,-0.2713136499675883,-0.2713136499675883,-0.2713136499675883
2016-06-20,-0.885755056308822,0.023524511531301702,0.47413860897148086,1.1990595027190005,0.7779304685999868,2.2308931588650354,-0.7562011451319357,-0.27132807696632705,-0.23178621788114376,-1.7464915234995948,-0.27132807696632705,-0.27132807696632705,-0.27132807696632705
2016-06-21,-0.8737632235303975,0.027525102940010385,0.4280588688495143,1.2311809253686636,0.7579185712549567,2.2470178639434057,-0.7233676618966707,-0.2754529362176675,-0.2544535416284751,-1.7383051604303363,-0.2754529362176675,-0.2754529362176675,-0.2754529362176675
2016-06-22,-0.8867743649726274,0.014873144069445966,0.42148155187215636,1.217506324400841,0.657616316350904,2.329813776953459,-0.672578308945065,-0.2957900045091124,-0.21184532205090933,-1.686933099641756,-0.2957900045091124,-0.2957900045091124,-0.2957900045091124
2016-06-23,-0.8374225405521142,0.014330112889288744,0.3918895259391925,1.1049070094356894,0.5066351712847333,2.4726579202984635,-0.7557175254169883,-0.2816833584390471,-0.1444975742012149,-1.6260486659208615,-0.2816833584390471,-0.2816833584390471,-0.2816833584390471
2016-06-24,-0.8442141297809765,0.06348415802118201,0.42087325711045653,1.0980770552868033,0.4498702083114783,2.5059159022624207,-0.7445818606747028,-0.3211699354152867,-0.1024146617934812,-1.5623301870820332,-0.3211699354152867,-0.3211699354152867,-0.3211699354152867
2016-06-27,-0.8238620106844086,0.08032952403458973,0.43951454546473745,1.1286169776699588,0.48055626963317394,2.4618661625333838,-0.7767644477134139,-0.3366665017512298,-0.0639387081348453,-1.5796523057982566,-0.3366665017512298,-0.3366665017512298,-0.3366665017512298
2016-06-28,-0.8559546270601786,0.03400505057893644,0.4046697773395955,1.1249968483262673,0.4648820829783051,2.5699595784642244,-0.7730749604279158,-0.39505444271200024,-0.0507947788100817,-1.3384712005411508,-0.39505444271200024,-0.39505444271200024,-0.39505444271200024
2016-06-29,-0.8494920394305877,0.05289650943846285,0.44497055010403186,1.0834533670469229,0.46845015335771645,2.6049019587852063,-0.7825567661810664,-0.43799745999014517,-0.038777741332998696,-1.231856151827106,-0.43799745999014517,-0.43799745999014517,-0.43799745999014517
2016-06-30,-0.8625453731990255,0.09050947758621888,0.4361782645426116,1.0659275586769792,0.43314320027293585,2.6300558282710282,-0.818065050968722,-0.43837848657437845,-0.04854284194524365,-1.1731471169392695,-0.43837848657437845,-0.43837848657437845,-0.43837848657437845
2016-07-01,-0.901904870233004,0.08696521036818418,0.44570763360884663,1.0622976856525796,0.42051485605476147,2.63732010072811,-0.8508992995890674,-0.4257165092021038,-0.07223661769637732,-1.1248986620856172,-0.4257165092021038,-0.4257165092021038,-0.4257165092021038
2016-07-05,-0.8863337444158574,0.07946001545348563,0.4079239888426118,1.0967580956097962,0.41420860644539037,2.6335949953966797,-0.9016090258109196,-0.40742186459036334,-0.09859271788673486,-1.1157227552729982,-0.40742186459036334,-0.40742186459036334,-0.40742186459036334
2016-07-06,-0.8950030994820516,0.03260128570154064,0.3742238338457225,1.0943376773879763,0.38445118445660137,2.632816518369756,-0.9182266509567132,-0.42227806211884306,0.0869891499818737,-1.1030776508293343,-0.42227806211884306,-0.42227806211884306,-0.42227806211884306
2016-07-07,-0.8866835566278389,0.03946243090169255,0.30653574780532017,1.069719676143888,0.38504774304271555,2.6694646893413987,-0.8345039915981577,-0.43520704811262745,0.10309995980981052,-1.111314506368318,-0.43520704811262745,-0.43520704811262745,-0.43520704811262745
2016-07-08,-0.8874314086850162,-0.008473890221599247,0.3085753112356549,1.0708724665686624,0.3661815267327272,2.681828948062221,-0.6897579613635475,-0.4876870777907653,0.19479252907456104,-1.0858392102406025,-0.4876870777907653,-0.4876870777907653,-0.4876870777907653
2016-07-11,-0.852953362469486,-0.03903419975518128,0.3282080922501384,1.025101983960389,0.36092593649036464,2.696909942895626,-0.6898228560622536,-0.4937381322712047,0.24095944570756425,-1.0953424539323426,-0.4937381322712047,-0.4937381322712047,-0.4937381322712047
2016-07-12,-0.8466274900085063,-0.03163478678813682,0.2946867574507359,0.9777391398313696,0.3233670858241223,2.7505194657515513,-0.7120572161001932,-0.45498162659723806,0.1629638508836862,-1.099030300455677,-0.45498162659723806,-0.45498162659723806,-0.45498162659723806
2016-07-13,-0.865458091407319,-0.027073786126729976,0.25429469115081216,0.9390018681533446,0.2820946802183866,2.7621606943665586,-0.7908316743973999,-0.4047784203243698,0.19456933680183672,-1.1296440374620094,-0.4047784203243698,-0.4047784203243698,-0.4047784203243698
2016-07-14,-0.8290969209384811,-0.0588902215629515,0.22120602346443236,0.8654006079099209,0.2616387356814359,2.7976331866030826,-0.7624116077263343,-0.35355923054714145,0.14866898582459942,-1.2299118670671394,-0.35355923054714145,-0.35355923054714145,-0.35355923054714145
2016-07-15,-0.841485155525858,-0.0903590248077232,0.21562331322095638,0.8971900798920429,0.27138153177617313,2.7991039416805545,-0.768215958194843,-0.3576600871720517,0.13242811753268924,-1.1850264968857842,-0.3576600871720517,-0.3576600871720517,-0.3576600871720517
2016-07-18,-0.8485462189455388,-0.10860817087722947,0.17115124161040127,0.8247660654650139,0.27348397774709365,2.8329305777813025,-0.7456092099884192,-0.32506991144033004,0.11199003520816263,-1.2112786522394656,-0.32506991144033004,-0.32506991144033004,-0.32506991144033004
2016-07-19,-0.7991490294030578,-0.0267774413249808,-0.1973118598596113,0.8169069075512075,0.18398265912387857,2.883310148081417,-0.741805184004878,-0.2765881048466259,0.1783912549262748,-1.1911950357037466,-0.2765881048466259,-0.2765881048466259,-0.2765881048466259
2016-07-20,-0.8492480779927408,-0.028881315099351077,-0.21415944029590187,0.7633910644588936,0.0986811534040351,2.9378987047980516,-0.7884707580464286,-0.25151597936688613,0.14204145805527144,-1.0551888718142846,-0.25151597936688613,-0.25151597936688613,-0.25151597936688613
2016-07-21,-0.8481681124712959,-0.07035299688443442,-0.23422594803426275,0.771489117821024,0.07301927908080609,2.9608775886166288,-0.6654650560747041,-0.26905818426769756,0.1387332286228962,-1.049674363605867,-0.26905818426769756,-0.26905818426769756,-0.26905818426769756
2016-07-22,-0.8018928422309147,0.03463619136011297,-0.2686436293575744,0.7301370456044649,0.08697723993495166,2.9790044806769753,-0.7163300132439616,-0.3130329834689384,0.17418289897497718,-0.9659394378432773,-0.3130329834689384,-0.3130329834689384,-0.3130329834689384
2016-07-25,-0.7845839388195868,0.016318209106323183,-0.17100807695183437,0.7716054411097956,0.14390801936723757,2.93191955729367,-0.8810256086653888,-0.2896279251624926,0.13739079127066406,-1.0060126930609108,-0.2896279251624926,-0.2896279251624926,-0.2896279251624926
2016-07-26,-0.7806769182773343,0.03643817004116052,-0.11572879560335024,0.4793606384848465,0.09253488270054923,3.03561062158676,-0.8850022365088438,-0.31641483739721193,0.2310461688161203,-0.827923181651061,-0.31641483739721193,-0.31641483739721193,-0.31641483739721193
2016-07-27,-0.8097614373057889,0.022963025565097096,-0.18565641235562275,0.4616204020955849,0.1665439463574029,3.0250855609231655,-0.8402807656677618,-0.2821390295468447,0.2094385080698229,-0.9213967094945207,-0.2821390295468447,-0.2821390295468447,-0.2821390295468447
2016-07-28,-0.7940380211569512,0.0175729507994623,-0.13983218012645943,0.539590670040136,0.12782187447003618,2.9789460345699763,-0.8217855246514827,-0.2183546178177351,0.10164908305347593,-1.1365064157272535,-0.2183546178177351,-0.2183546178177351,-0.2183546178177351
2016-07-29,-0.7933931702979711,-0.014632859268317021,-0.1422033848419863,0.5686161101597925,0.1411148605870078,2.975592379576771,-0.8216578064462916,-0.2516002607794626,0.18406187162669987,-1.0910969579778542,-0.2516002607794626,-0.2516002607794626,-0.2516002607794626
2016-08-01,-0.787143499437901,-0.020735577481926684,-0.1687240268925102,0.5171391442174378,0.19663975408597772,2.9779738157953664,-0.7856545316285292,-0.27883204237289305,0.2701916233807366,-1.0843585325470795,-0.27883204237289305,-0.27883204237289305,-0.27883204237289305
2016-08-02,-0.7895762413328946,-0.018293573542358447,-0.15280544375389676,0.48149286415475895,0.1960028257372726,3.0098868265842174,-0.8055616329484617,-0.3206022892711773,0.29672794859813295,-0.9354644164120602,-0.3206022892711773,-0.3206022892711773,-0.3206022892711773
2016-08-03,-0.7385743046040418,-0.009255386193899802,-0.14383068895884304,0.5626800233585798,0.21086263171390862,2.9590740408916245,-0.7225349962221252,-0.3119271966163425,0.28096166089657143,-1.151674194416405,-0.3119271966163425,-0.3119271966163425,-0.3119271966163425
2016-08-04,-0.6683513352425111,-0.04449088598262682,-0.14099618906663294,0.5838674327956918,0.20846395774436338,2.9504810475519023,-0.7687852635238756,-0.2987921317697116,0.2674834987151528,-1.1925037359126172,-0.2987921317697116,-0.2987921317697116,-0.2987921317697116
2016-08-05,-0.6631836332861241,-0.027379808222875363,-0.16378222987593605,0.60493887202754,0.2129043336405344,2.943328432969473,-0.7853206306262048,-0.29089974669097113,0.24359101277647427,-1.2014973626389973,-0.29089974669097113,-0.29089974669097113,-0.29089974669097113
2016-08-08,-0.6872048874428776,-0.020170715926728314,-0.2004510484427024,0.5822283761403738,0.17840447022288292,2.991178308900481,-0.6154429300740758,-0.32954906680451845,0.23099482331673693,-1.1413401294760164,-0.32954906680451845,-0.32954906680451845,-0.32954906680451845
2016-08-09,-0.7623645464588512,0.019065313123468902,-0.16252492165449278,0.7408829775174548,0.26196928194078367,2.8708705755250117,-0.648473493752461,-0.3719850376651916,0.3630052212836291,-1.1944902568637765,-0.3719850376651916,-0.3719850376651916,-0.3719850376651916
2016-08-10,-0.8385966802117514,0.004025246103106021,-0.11590474631971937,0.7869433420402854,0.2942628349596122,2.8468338997929994,-0.5501509006580014,-0.37099475151258887,0.29467830786104526,-1.2381122975172212,-0.37099475151258887,-0.37099475151258887,-0.37099475151258887
2016-08-11,-0.7489841313771121,0.05804233115156885,-0.2507786657772481,0.6906555823081538,0.27213947402611716,2.916171701793537,-0.5530483056268007,-0.41188434417293124,0.36031562804935685,-1.0969762378558467,-0.41188434417293124,-0.41188434417293124,-0.41188434417293124
2016-08-12,-0.7760831042443238,0.07491363990084403,-0.24600564393886115,0.695813593223633,0.2414714863736914,2.923567666948374,-0.5641018628271123,-0.39093775991963553,0.31544868014255856,-1.1012734159002626,-0.39093775991963553,-0.39093775991963553,-0.39093775991963553
2016-08-15,-0.7379268680399523,0.06159821704802536,-0.22216763207605586,0.6215616178593791,0.25064123240071534,2.939058943478238,-0.6298929001724571,-0.40708655194727583,0.39427629174692597,-1.0488026944557158,-0.40708655194727583,-0.40708655194727583,-0.40708655194727583
2016-08-16,-0.7629311854905074,0.050153801829839514,-0.23196592983832023,0.6011166232065764,0.2168768118791549,2.9361866987359493,-0.6548520697089477,-0.4086017882345934,0.48156410129298544,-1.0017416989683565,-0.4086017882345934,-0.4086017882345934,-0.4086017882345934
2016-08-17,-0.7534699210447513,0.03948107839376895,-0.18531921214899721,0.5655254973138308,0.29524688331629234,2.9512963579691114,-0.6973665891741339,-0.40568102698882025,0.3961185106910106,-0.9887884973608502,-0.40568102698882025,-0.40568102698882025,-0.40568102698882025
2016-08-18,-0.7333620549019088,-0.03816348348062279,-0.171345080933327,0.557153083099055,0.26551788181337344,2.9736570224435477,-0.7506753051025361,-0.4079872498631285,0.42323338770317837,-0.8940664511882462,-0.4079872498631285,-0.4079872498631285,-0.4079872498631285
2016-08-19,-0.7418771851371322,0.10642005909960574,-0.22603371554946017,0.5394811001409251,0.24140455129310023,2.977912874737532,-0.7128244238299131,-0.4514009254431817,0.43304554845976073,-0.811925107441692,-0.4514009254431817,-0.4514009254431817,-0.4514009254431817
2016-08-22,-0.744973111560293,0.10182276255136959,-0.2298083200940779,0.5732915398675714,0.3043867549837615,2.94251249662177,-0.7116475471930963,-0.4957776867937459,0.49852113428503764,-0.7509949622870598,-0.4957776867937459,-0.4957776867937459,-0.4957776867937459
2016-08-23,-0.6744808645558237,0.19880936114606282,-0.16114566291986873,0.5656021331846875,0.34285527726365905,2.9314010948950515,-0.6401081227778781,-0.5583447034116577,0.4426674015037284,-0.7722218040929892,-0.5583447034116577,-0.5583447034116577,-0.5583447034116577
2016-08-24,-0.6964876917850459,0.19244954268700978,-0.14639692611950464,0.6183068316817549,0.3820786237351952,2.9279168042466575,-0.5067298066602187,-0.6117559545309412,0.3619520440316977,-0.6860656036937824,-0.6117559545309412,-0.6117559545309412,-0.6117559545309412
2016-08-25,-0.7199096264173778,0.23364780925173517,-0.14949017011525406,0.5188691740277434,0.2894854301945409,2.961342505916672,-0.5304590662217827,-0.6150955462202726,0.4169246473634921,-0.5600285191186798,-0.6150955462202726,-0.6150955462202726,-0.6150955462202726
2016-08-26,-0.6842564949928084,0.18648943844835553,-0.2342370399563288,0.4717907990344746,0.3457015747549966,2.9847686752937945,-0.5440368265842823,-0.5803039499934093,0.41092135253166995,-0.6159256785562351,-0.5803039499934093,-0.5803039499934093,-0.5803039499934093
2016-08-29,-0.6591946570780122,0.197071633266049,-0.17649988732675168,0.5326477049873112,0.3960715401448683,2.98440603832116,-0.635117166554402,-0.5167961276231631,0.22026599105634612,-0.792466686323917,-0.5167961276231631,-0.5167961276231631,-0.5167961276231631
2016-08-30,-0.6590500806033363,0.21381206221206833,-0.05480657500250556,0.5498603244000742,0.3150333374289303,2.9949132679257735,-0.6352318210890023,-0.509663023565489,0.14083558685410222,-0.826714007864147,-0.509663023565489,-0.509663023565489,-0.509663023565489
2016-08-31,-0.6194659394038989,0.21306888753559436,0.009211518620905123,0.5920979058077765,0.3530287912484406,2.945975268433523,-0.6908799052270855,-0.5197241920547713,0.18420936488272024,-0.9083491236788892,-0.5197241920547713,-0.5197241920547713,-0.5197241920547713
2016-09-01,-0.5910100684291117,0.25961771740451517,0.02228345813645928,0.5824279132942353,0.32330449183901755,2.9311758752092034,-0.6623552997455735,-0.5594963477763867,0.2605343992524165,-0.8879930958556153,-0.5594963477763867,-0.5594963477763867,-0.5594963477763867
2016-09-02,-0.6142893068335074,0.24480184532048335,0.01542036597953899,0.5494741959755173,0.29242382298765607,2.954206369434406,-0.7148606531810316,-0.5175219737491864,0.2413194372351199,-0.8984081819214368,-0.5175219737491864,-0.5175219737491864,-0.5175219737491864
2016-09-06,-0.5899194262269308,0.21353750048902573,0.004394245621416822,0.5639895047672918,0.35279000343719236,2.9440036421418907,-0.6788354220953035,-0.5456016259875729,0.2555303995082347,-0.8830839436925257,-0.5456016259875729,-0.5456016259875729,-0.5456016259875729
2016-09-07,-0.5574569356582841,0.23631165689591963,0.017492076316763645,0.5382032441510628,0.2963743244828537,2.950863957494268,-0.6686858906709785,-0.5670651404872205,0.3047165603326721,-0.8495584313953951,-0.5670651404872205,-0.5670651404872205,-0.5670651404872205
2016-09-08,-0.5522919326246617,0.23621161776966834,0.02000632068982432,0.5178923494191281,0.3406572370887516,2.9688665990212244,-0.7126115947130034,-0.5210938236082712,0.16982304092566505,-0.9041783431435133,-0.5210938236082712,-0.5210938236082712,-0.5210938236082712
2016-09-09,-0.5195730331519711,0.26074624842734756,-0.0017712126446024902,0.4851104044844151,0.2671378772012916,2.988357795794332,-0.7060701172739585,-0.5384138585934395,0.22586568709055965,-0.8461482155536547,-0.5384138585934395,-0.5384138585934395,-0.5384138585934395
2016-09-12,-0.5620487233786323,0.2770523862240048,0.003365886577117006,0.49983507448590236,0.2537221674449895,2.973700683594904,-0.7170821148917262,-0.518677335828049,0.24148494745717072,-0.8953209642015338,-0.518677335828049,-0.518677335828049,-0.518677335828049
2016-09-13,-0.5836613935107077,0.27162151292516945,-0.015850067911025677,0.45718759354709537,0.24578080093010243,3.010207956146427,-0.7243740111307961,-0.5100059801480135,0.18787088410144098,-0.8087593545056513,-0.5100059801480135,-0.5100059801480135,-0.5100059801480135
2016-09-14,-0.585853427238932,0.23344801512342614,-0.037403067821562025,0.44445446423837615,0.190722773316262,3.0508056693523975,-0.7180121889965574,-0.5036459164929215,0.1486522742555288,-0.712230846257252,-0.5036459164929215,-0.5036459164929215,-0.5036459164929215
2016-09-15,-0.5819786781288921,0.19983501421671912,-0.07742825853045177,0.44546750666417856,0.16826779604070638,3.0705792134149936,-0.7271729387972109,-0.5046472298728284,0.14650997667986101,-0.6254907120685904,-0.5046472298728284,-0.5046472298728284,-0.5046472298728284
2016-09-16,-0.5715067069199476,0.19081404388608897,-0.07177776318370496,0.429289466196592,0.1647184474287995,3.066826603328127,-0.7905855160956704,-0.489029513317945,0.17338556865852173,-0.635046090027026,-0.489029513317945,-0.489029513317945,-0.489029513317945
2016-09-19,-0.5484320915750146,0.22174759872950825,-0.07437684892137772,0.3995691307999005,0.18259853684274255,3.053517673821861,-0.8231196668963643,-0.5036780966477891,0.2238219901283821,-0.6206139363384805,-0.5036780966477891,-0.5036780966477891,-0.5036780966477891
2016-09-20,-0.5644429025971642,0.23865885733849376,-0.0716596216869965,0.3528775853811755,0.13595249003449644,3.06094249457331,-0.8280806586080537,-0.5263854555103119,0.2707625707664653,-0.4894689931604792,-0.5263854555103119,-0.5263854555103119,-0.5263854555103119
2016-09-21,-0.5817211138694276,0.2176805903154226,-0.08953517867140909,0.3010492700232583,0.11264015560088621,3.0723423768887503,-0.834659823770224,-0.5163235348239886,0.3157159519187199,-0.4482180891400216,-0.5163235348239886,-0.5163235348239886,-0.5163235348239886
2016-09-22,-0.5781491394540699,0.18310788514098528,-0.08187584014652766,0.3076730602572369,0.15413784029491379,3.0645071954752137,-0.829627107532734,-0.5318226023404249,0.33584923396837,-0.4283327186416885,-0.5318226023404249,-0.5318226023404249,-0.5318226023404249
2016-09-23,-0.5962079965282533,0.18578389026590675,-0.09258389025708377,0.3215014383024576,0.1199532489857183,3.0671021307407806,-0.823201704053279,-0.5401149210774362,0.3294854756149688,-0.3513729087614709,-0.5401149210774362,-0.5401149210774362,-0.5401149210774362
2016-09-26,-0.6109578112303083,0.2314679860542175,-0.0749064563208656,0.3648849221977432,0.12941020084979224,3.032132309254497,-0.851919707128666,-0.5248550661243112,0.3806113642440313,-0.5013025434231969,-0.5248550661243112,-0.5248550661243112,-0.5248550661243112
2016-09-27,-0.6499686052222382,0.2279828539654321,-0.042667354489639805,0.4200319809680903,0.17409411024994487,3.0146781924855337,-0.863232407886344,-0.5579025791512614,0.3198141286825332,-0.3691225821482673,-0.5579025791512614,-0.5579025791512614,-0.5579025791512614
2016-09-28,-0.6734372978683297,0.18250861035975932,-0.042215776209163135,0.49539307381306624,0.23203076422982488,2.959440722848415,-0.854600857474483,-0.6131572693680818,0.39914913981840927,-0.24563930204517234,-0.6131572693680818,-0.6131572693680818,-0.6131572693680818
2016-09-29,-0.6375076776624676,0.16645262097652594,-0.03992169139351652,0.5549110981887475,0.3511345749476575,2.901378560961038,-0.9126347294717831,-0.6383686184602089,0.4295856288041494,-0.2599239115095161,-0.6383686184602089,-0.6383686184602089,-0.6383686184602089
2016-09-30,-0.6436603500521754,0.19078370040016857,-0.047129043513556734,0.5493059461559039,0.3196784434583291,2.9231577302968157,-0.9448514544366176,-0.6011885841743572,0.38803459241048305,-0.3305652280219223,-0.6011885841743572,-0.6011885841743572,-0.6011885841743572
2016-10-03,-0.6251239851193651,0.13465692812707608,-0.07680891924837328,0.4839114360212071,0.27850796188967636,2.9630752574639407,-0.8639561447531763,-0.6000060173730658,0.44120672984109266,-0.3354451947298172,-0.6000060173730658,-0.6000060173730658,-0.6000060173730658
2016-10-04,-0.5752997125745433,0.11805912964806757,-0.091291872112915,0.4496163431337313,0.2785491627073282,2.9701721169929485,-0.9693424755244167,-0.5476557392411846,0.45547301353205083,-0.44531274883751243,-0.5476557392411846,-0.5476557392411846,-0.5476557392411846
2016-10-05,-0.5357311489591798,0.11056442351735501,-0.08578117512454363,0.460219010694178,0.285349855866258,2.949441115132596,-0.97783754217755,-0.5200318141124733,0.5092849121196015,-0.6353821946188217,-0.5200318141124733,-0.5200318141124733,-0.5200318141124733
2016-10-06,-0.5731279375986463,0.07277976723768399,-0.07376295514553802,0.5415436560204258,0.3793172965897692,2.896137471108634,-0.91774371092639,-0.5458246125196664,0.5583673223435711,-0.700212459550844,-0.5458246125196664,-0.5458246125196664,-0.5458246125196664
2016-10-07,-0.5602426114189654,0.08830394276744954,-0.05727199620189748,0.5300320358173053,0.4589248850121801,2.8908521411975348,-0.8750310274593769,-0.5579846209194816,0.504976699368165,-0.7486055854044682,-0.5579846209194816,-0.5579846209194816,-0.5579846209194816
2016-10-10,-0.5945153006537488,0.03220903772588714,-0.06415684383896866,0.581114723314874,0.4316754361072838,2.8815634798677867,-0.8695136776417532,-0.5564610888262295,0.5479334038874442,-0.7204659034638873,-0.5564610888262295,-0.5564610888262295,-0.5564610888262295
2016-10-11,-0.6867246362408521,0.06445719109028096,-0.06989613892570871,0.5425989402149384,0.42446789317811506,2.9087734061273247,-0.8396163890238666,-0.5280027219377914,0.4909321083546458,-0.7229814870237118,-0.5280027219377914,-0.5280027219377914,-0.5280027219377914
2016-10-12,-0.6502788312595812,0.08793631020515431,-0.0852977650889089,0.49378696163741626,0.39709274690516955,2.929719827189637,-0.7684528786083127,-0.5587067504726215,0.5167557594181807,-0.6864351285082699,-0.5587067504726215,-0.5587067504726215,-0.5587067504726215
2016-10-13,-0.5863087953361114,0.08228522850326793,-0.14065684355059138,0.4738418929905362,0.3814663462122362,2.880763060327302,-0.8303447477565986,-0.5499955221305451,0.6973179445746838,-0.7583819974425444,-0.5499955221305451,-0.5499955221305451,-0.5499955221305451
2016-10-14,-0.4732417960967336,0.08726172855694118,-0.12458976264180849,0.5265022546289663,0.4194352556968349,2.84378299114024,-0.8338044175578719,-0.5724744487842743,0.6950800244560063,-0.8505284830454778,-0.5724744487842743,-0.5724744487842743,-0.5724744487842743
2016-10-17,-0.41877497142925924,0.10133678957441397,-0.14920600584797863,0.41819927492926284,0.3354845190766893,2.940869374178244,-0.8186377146069282,-0.5664194223924734,0.5960885539995575,-0.7396821303041087,-0.5664194223924734,-0.5664194223924734,-0.5664194223924734
2016-10-18,-0.41080021992487453,0.08421910520119105,-0.16310647567109432,0.42869791018381326,0.31725631379335445,2.9410495857196484,-0.8272591096862687,-0.5668892513524438,0.6151867428324781,-0.7176868470384725,-0.5668892513524438,-0.5668892513524438,-0.5668892513524438
2016-10-19,-0.4309562359724275,0.07038606585613989,-0.17222741023031748,0.3976572704399836,0.27671815248119375,2.9425297996587245,-0.7837082361924043,-0.5319901489346813,0.6638986307839051,-0.8363374410860734,-0.5319901489346813,-0.5319901489346813,-0.5319901489346813
2016-10-20,-0.5372174218214194,0.01657018216255066,-0.10858340593419573,0.47983796596188566,0.3022240219239702,2.9657894302923373,-0.69866656346379,-0.5908443922898714,0.5615073769649513,-0.6180840169268048,-0.5908443922898714,-0.5908443922898714,-0.5908443922898714
2016-10-21,-0.5687991401706746,0.04732052023428891,-0.10544093629870717,0.47137042605095103,0.2566358771001717,2.993468841016175,-0.6793749370561304,-0.6193092185707647,0.48740040270856794,-0.42534417930158297,-0.6193092185707647,-0.6193092185707647,-0.6193092185707647
2016-10-24,-0.5713838607970566,0.040169308618933856,-0.06647362357266193,0.5609901904252182,0.2271482532169788,2.9988079863128703,-0.6770830582524525,-0.6086325467946271,0.3884609826749683,-0.4661059914482896,-0.6086325467946271,-0.6086325467946271,-0.6086325467946271
2016-10-25,-0.6118944668641496,-0.1955933092199307,-0.14851509306045035,0.44308827730384515,0.1840117066605843,3.1029817696026742,-0.5410343433971236,-0.5191696190262786,0.32399639679986453,-0.48036246172019814,-0.5191696190262786,-0.5191696190262786,-0.5191696190262786
2016-10-26,-0.5152309966759301,-0.29759186972612417,-0.24077485160338769,0.3636493241749107,0.12151971567606244,3.1004530007740367,-0.5973566204900143,-0.515556522760305,0.5110052400502891,-0.38344685113862187,-0.515556522760305,-0.515556522760305,-0.515556522760305
2016-10-27,-0.517628885024115,-0.2512351102929204,-0.25815213487597,0.34923293480083706,0.09844287261905416,3.0821079996450225,-0.5969309094408198,-0.5397808162644405,0.5834788399150904,-0.3301923422884166,-0.5397808162644405,-0.5397808162644405,-0.5397808162644405
2016-10-28,-0.5714260562080749,-0.2291993257460979,-0.24323734297760663,0.4048133010851256,0.13167942840635788,3.1014545046568536,-0.5906715346764619,-0.5071311764202838,0.4505090134647243,-0.4253972823236848,-0.5071311764202838,-0.5071311764202838,-0.5071311764202838
2016-10-31,-0.6156302598139369,-0.23712043480006798,-0.3047542826564419,0.29668541682934213,0.04710864409869629,3.090164488943104,-0.6211877351562188,-0.4947295577971599,0.6174911507811068,-0.293838757036943,-0.4947295577971599,-0.4947295577971599,-0.4947295577971599
2016-11-01,-0.6048116602783375,-0.20894404239294206,-0.293657143364132,0.3261694412672026,0.1260249854569522,3.0981258174084854,-0.5553589742421078,-0.5202478982012664,0.5290947569850213,-0.3356515880350772,-0.5202478982012664,-0.5202478982012664,-0.5202478982012664
2016-11-02,-0.6314484493929825,-0.22400141802691403,-0.32018959271613345,0.34629131088362874,0.12898463815846042,3.1065463854211743,-0.50085069023792,-0.4997766714855614,0.49801614802475525,-0.4042416461718231,-0.4997766714855614,-0.4997766714855614,-0.4997766714855614
2016-11-03,-0.6356215738196105,-0.2719320046585871,-0.30715665527293495,0.3519406605953669,0.14008886100156198,3.099710095270557,-0.4516554264665608,-0.4886409854929382,0.5227802413092861,-0.49359025598732686,-0.4886409854929382,-0.4886409854929382,-0.4886409854929382
2016-11-04,-0.5861961916188172,-0.24104643047454027,-0.30858015530525496,0.31421968480163864,0.11676260633614931,3.096495535846721,-0.6990467511771765,-0.4561933460066446,0.5521623561844834,-0.4199972705666256,-0.4561933460066446,-0.4561933460066446,-0.4561933460066446
2016-11-07,-0.5560990414131569,-0.23304295850314613,-0.3184019976541981,0.23517669000218122,-0.007660700494068339,3.089864632011596,-0.7762954318267533,-0.4538450854982462,0.656214204888714,-0.27437505501818393,-0.4538450854982462,-0.4538450854982462,-0.4538450854982462
2016-11-08,-0.594134575519732,-0.21880268636964229,-0.3101206506044273,0.3659856597866853,0.15670192992080742,3.022169501957835,-0.9359119621839019,-0.4667301099720239,0.6327116105455218,-0.25167838764505035,-0.4667301099720239,-0.4667301099720239,-0.4667301099720239
2016-11-09,-0.5839788522255644,-0.21271140696815877,-0.28065765044592533,0.3437728397121831,0.15816952011121876,3.011548395316517,-0.848740401442303,-0.5198362494647097,0.693212726681748,-0.20127017288087745,-0.5198362494647097,-0.5198362494647097,-0.5198362494647097
2016-11-10,-0.4865126630511576,-0.22904566740083096,-0.3210367389958438,0.2596646518715474,0.06200258853217889,3.0184034423241584,-0.7546825719694179,-0.5256314584024294,0.8235564467188713,-0.26982365441978745,-0.5256314584024294,-0.5256314584024294,-0.5256314584024294
2016-11-11,-0.43011409673964807,-0.2350285432293013,-0.3324773898389219,0.19493735677398022,0.031902775782339556,3.0504018120657705,-0.7498921567791276,-0.5124312215546798,0.7879056606930027,-0.26791053250937624,-0.5124312215546798,-0.5124312215546798,-0.5124312215546798
2016-11-14,-0.44343134753988445,-0.2341990752368539,-0.33755772337581386,0.21999230806534237,0.029258953309138542,3.0512032454614744,-0.7106893191576316,-0.5290238271714771,0.7729120512434932,-0.23139378408335654,-0.5290238271714771,-0.5290238271714771,-0.5290238271714771
2016-11-15,-0.38666672507665634,-0.23705646731036173,-0.3220544625923656,0.24072244087396397,0.09291101637800911,3.0247388748370607,-0.7245800568002311,-0.5750201180595056,0.7750893616626324,-0.16302350973402738,-0.5750201180595056,-0.5750201180595056,-0.5750201180595056
2016-11-16,-0.4008656711622823,-0.2605983540015649,-0.31593578029300334,0.228086287352075,0.14009652036443723,3.0395196854628006,-0.8306633930491034,-0.5433587195140283,0.6904274287067135,-0.11663184532395934,-0.5433587195140283,-0.5433587195140283,-0.5433587195140283
2016-11-17,-0.41273342570844873,-0.2348425891201197,-0.26353178327377086,0.23945056911349727,0.09703907272727515,3.0424317680527193,-0.7695568642570846,-0.5633228475477463,0.705493278611624,-0.15045863595470643,-0.5633228475477463,-0.5633228475477463,-0.5633228475477463
2016-11-18,-0.4761822959542488,-0.24446975124325174,-0.25082811841774294,0.19591204314945546,0.11829109407558419,3.0704049091141674,-0.7699645061952847,-0.5244023521703913,0.660069613245512,-0.20562357909262438,-0.5244023521703913,-0.5244023521703913,-0.5244023521703913
2016-11-21,-0.496367504808899,-0.2551874333286542,-0.26116671219797377,0.16890907136626807,0.1630338908877262,3.057680072617196,-0.8084534461475962,-0.5032269724362044,0.6968108592563649,-0.25235090789961495,-0.5032269724362044,-0.5032269724362044,-0.5032269724362044
2016-11-22,-0.5344437985158966,-0.13852806338592102,-0.3310744580352523,0.17210258372244658,0.18863774547248022,3.0564085963251975,-0.792842917805636,-0.5161403569661658,0.6613701298070039,-0.21706838971975878,-0.5161403569661658,-0.5161403569661658,-0.5161403569661658
2016-11-23,-0.4884482014374548,-0.12204744650561349,-0.32310260999320733,0.11418985963037337,0.14698457749136917,3.0732665385235554,-0.7232778723431015,-0.5330966637781115,0.6741691953397925,-0.21934738559326594,-0.5330966637781115,-0.5330966637781115,-0.5330966637781115
2016-11-25,-0.49091453602112084,-0.11820175339101224,-0.3126033182752668,0.14833294489102797,0.16675551257543147,3.114855417086889,-0.7230981277093903,-0.5228744032297111,0.4936140611111531,-0.18724258734886676,-0.5228744032297111,-0.5228744032297111,-0.5228744032297111
2016-11-28,-0.5077188047646191,-0.0852934060333073,-0.31149117324321207,0.09179955130175645,0.1595419440782111,3.1126064863515555,-0.8190740119050199,-0.49693404160031257,0.4873167677949056,-0.13995118717901936,-0.49693404160031257,-0.49693404160031257,-0.49693404160031257
2016-11-29,-0.5236884067796288,-0.10106259987219471,-0.3237379036413176,0.12075630657137515,0.16143645885168742,3.110739815602241,-0.828404276779735,-0.4904519451418874,0.47717072004609823,-0.13140233343097685,-0.4904519451418874,-0.4904519451418874,-0.4904519451418874
2016-11-30,-0.5324888104931006,-0.10967985804029201,-0.25347035946389546,0.01597929186813406,0.2806825686782444,3.1171826839957983,-0.8475753181317713,-0.46801898950587734,0.43944963523675484,-0.23800387562636274,-0.46801898950587734,-0.46801898950587734,-0.46801898950587734
2016-12-01,-0.4752371860506471,-0.10822693299492178,-0.32881010471855815,0.057542660414010106,0.23528843634047322,3.1145624657347253,-0.9230396698886335,-0.42789959828484286,0.4577168789909403,-0.3181981546880177,-0.42789959828484286,-0.42789959828484286,-0.42789959828484286
2016-12-02,-0.5115766641730312,-0.10909426001836532,-0.324994083804908,0.06528969222653815,0.24779925489416457,3.0931591073073506,-0.9834780597638088,-0.43473629216309073,0.4700176561990805,-0.20817747421465738,-0.43473629216309073,-0.43473629216309073,-0.43473629216309073
2016-12-05,-0.4582351045060032,-0.04105584066838812,-0.3299873658013804,0.05249503778443214,0.2684537632087707,3.132271763812569,-1.01046062440948,-0.41198167077687736,0.23280812288162273,-0.19836306919463378,-0.41198167077687736,-0.41198167077687736,-0.41198167077687736
2016-12-06,-0.5613494022974806,-0.09210842023997176,-0.3546401387171173,0.11108719278622009,0.0763664729218292,3.1457834795919553,-1.0038625137275214,-0.3676976711605683,0.2706956202478769,-0.12118160592351733,-0.3676976711605683,-0.3676976711605683,-0.3676976711605683
2016-12-07,-0.5771459006028279,-0.1326079203344749,-0.34363985345090653,0.04682601848839856,0.10078798292062213,3.1580836437850546,-0.9657723715633222,-0.3786902707528845,0.19473824464093728,0.033491239128057175,-0.3786902707528845,-0.3786902707528845,-0.3786902707528845
2016-12-08,-0.5761203032749113,-0.10338769521198678,-0.3247890016732734,0.06490303866568582,0.02788246532143568,3.1476288995173585,-0.8976599459270398,-0.4337262737718753,0.23356709385971922,0.1628805438105137,-0.4337262737718753,-0.4337262737718753,-0.4337262737718753
2016-12-09,-0.532589818703079,-0.10666903605032088,-0.28135167536128364,0.08277849611772356,0.09070612340083418,3.138164081832856,-0.8771530026916947,-0.4778269716524404,0.22121795676878936,0.17620476129593782,-0.4778269716524404,-0.4778269716524404,-0.4778269716524404
2016-12-12,-0.5184593754296852,-0.09166587556823136,-0.25283932150470956,0.07988897052535249,0.08951422804515026,3.1483729633650968,-0.9558581706184316,-0.44181866526268376,0.16369230707034965,0.10462893516584343,-0.44181866526268376,-0.44181866526268376,-0.44181866526268376
2016-12-13,-0.5384535726314365,-0.10079047184379121,-0.3230642611604295,0.06682591127606363,0.14240311689592627,3.1342266008757083,-0.9270894594226208,-0.45249085937494504,0.12505376673370452,0.23085180677665534,-0.45249085937494504,-0.45249085937494504,-0.45249085937494504
2016-12-14,-0.4229769250220553,-0.19764293890854837,-0.36684240743155083,-0.13250114557754625,-0.10313180078755495,3.2384499629302197,-0.6817457588179991,-0.3922951739675245,0.009164391627598589,0.22640731785753476,-0.3922951739675245,-0.3922951739675245,-0.3922951739675245
2016-12-15,-0.4092525142780467,-0.18663160401945394,-0.37941025298183245,-0.14687881035499817,-0.12622723203341488,3.234074684341541,-0.7721309347438147,-0.3585566222371299,0.0049968848260372005,0.21568626819250247,-0.3585566222371299,-0.3585566222371299,-0.3585566222371299
2016-12-16,-0.3956241160300239,-0.1876807067478658,-0.3630694904373962,-0.1386011024928859,-0.14377224414090548,3.216529769976702,-0.8367131028022101,-0.35900186213014695,0.011548540008602406,0.27338990118657186,-0.35900186213014695,-0.35900186213014695,-0.35900186213014695
2016-12-19,-0.309530852502117,-0.17402803426455155,-0.3461457887560667,-0.14877504871002045,-0.18395882276135822,3.2386248300117346,-0.7909384242172853,-0.37221296721433383,0.0349384304985144,0.16866557955848616,-0.37221296721433383,-0.37221296721433383,-0.37221296721433383
2016-12-20,-0.2944222133303614,-0.11991363765076515,-0.33534251279095306,-0.14310553906019546,-0.1560584099278457,3.231293635225925,-0.7575770942984218,-0.4096105514763817,-0.020765588474822856,0.23433356621296653,-0.4096105514763817,-0.4096105514763817,-0.4096105514763817
2016-12-21,-0.2927321636631258,-0.1318402574146822,-0.347856451077934,-0.1064356557303895,-0.1590131801669563,3.2375016431075636,-0.7847511791464654,-0.3866935566332679,-0.06677124442071217,0.19867271504577402,-0.3866935566332679,-0.3866935566332679,-0.3866935566332679
2016-12-22,-0.28515199372497185,-0.15814944710459616,-0.3679787378223841,-0.06675597347083095,-0.11018401196994806,3.2180306210005636,-0.8018742843437999,-0.4132893547375097,-0.01844995711171302,0.24367120349771842,-0.4132893547375097,-0.4132893547375097,-0.4132893547375097
2016-12-23,-0.3242177120885205,-0.18178395522315602,-0.3845426259427702,-0.06762942939581394,-0.11136439539037592,3.208942703840365,-0.7551456180247524,-0.42660542724616074,0.0036531166988069716,0.3185096245108608,-0.42660542724616074,-0.42660542724616074,-0.42660542724616074
2016-12-27,-0.31933227214036286,-0.1977397649584964,-0.388425857254692,-0.07602428067679179,-0.12755055581334282,3.2140616673491573,-0.739318944249946,-0.4220105820565181,0.01137993750954094,0.31099239846100696,-0.4220105820565181,-0.4220105820565181,-0.4220105820565181
2016-12-28,-0.2883816281561882,-0.2072589346751292,-0.4290914652348426,-0.12128342686942568,-0.15892110709121918,3.2079547981267824,-0.6983123032823877,-0.4240840717563361,0.0020314438969035145,0.3895989103108506,-0.4240840717563361,-0.4240840717563361,-0.4240840717563361
2016-12-29,-0.29961163530985513,-0.1959021377844267,-0.4167637407515529,-0.1886320218826708,-0.15351069107949647,3.211831203260564,-0.7394353002824348,-0.39639936973642964,-0.01654959253284963,0.38417139530844086,-0.39639936973642964,-0.39639936973642964,-0.39639936973642964
2016-12-30,-0.2754977114828475,-0.17050441653298498,-0.399929759495821,-0.18652102859455438,-0.1243841544905705,3.208538780372147,-0.8016692674344634,-0.3977566774204244,0.0024953956241969546,0.3384988717165958,-0.3977566774204244,-0.3977566774204244,-0.3977566774204244
2017-01-03,-0.2512185116506249,-0.1670191416819738,-0.40148720493486406,-0.1778267109512169,-0.13637161682651996,3.2069292396393547,-0.8125633797280953,-0.39606438512624015,-0.029184058206156424,0.35299892484505707,-0.39606438512624015,-0.39606438512624015,-0.39606438512624015
2017-01-04,-0.2660909584665589,-0.16665436979413653,-0.38322984664006754,-0.04630845085597366,-0.13302241338641965,3.2308977589604835,-0.7857557383556758,-0.39672368610086756,-0.07227842813692674,0.2093371910787459,-0.39672368610086756,-0.39672368610086756,-0.39672368610086756
2017-01-05,-0.2078875340078404,-0.18243802990466454,-0.3984520442574933,-0.050555634227571145,-0.14536561144410767,3.2258660123825953,-0.8043256187719285,-0.4065784210637548,0.028694622349358646,0.16077752213667054,-0.4065784210637548,-0.4065784210637548,-0.4065784210637548
2017-01-06,-0.22958909184615411,-0.15952553849067383,-0.38587155564580433,-0.054647482372921226,-0.1676557298715854,3.234458454535894,-0.710785321880054,-0.43282841429450675,0.054759335349691726,0.1501705873996345,-0.43282841429450675,-0.43282841429450675,-0.43282841429450675
2017-01-09,-0.18238188204621872,-0.15565874006894087,-0.387847694247085,-0.021017577125451537,-0.12540469972494014,3.2147730248220596,-0.7115539858998207,-0.47062949316712677,0.03302421004664259,0.21858531691226118,-0.47062949316712677,-0.47062949316712677,-0.47062949316712677
2017-01-10,-0.22053561127131774,-0.1638528331861935,-0.3653027178677611,-0.05794110874792639,-0.15242135024436176,3.1937088906900217,-0.6417158611718867,-0.5020891814514241,0.03816575720389543,0.37825156040122704,-0.5020891814514241,-0.5020891814514241,-0.5020891814514241
2017-01-11,-0.24395269275897313,-0.18457460805392187,-0.37607730831713454,-0.11120233279343002,-0.14940777963326132,3.147604645349035,-0.644445116768193,-0.518524109547268,0.06336171811295163,0.5727899130519992,-0.518524109547268,-0.518524109547268,-0.518524109547268
2017-01-12,-0.2376371714880353,-0.16509296491913888,-0.37790470713121116,-0.09851137244069127,-0.16854564573933373,3.1335185039375615,-0.6798289589487001,-0.5299937623967074,0.16232516022241567,0.551652206093964,-0.5299937623967074,-0.5299937623967074,-0.5299937623967074
2017-01-13,-0.24344575765053536,-0.1595712746827305,-0.360391512143137,-0.037354306790385,-0.16481142818480288,3.101233627733659,-0.6453920456038621,-0.5762223646231168,0.23022834356638236,0.5843938122478785,-0.5762223646231168,-0.5762223646231168,-0.5762223646231168
2017-01-17,-0.2504992834288491,-0.19197246564771175,-0.3643660069630959,-0.04650554187800285,-0.1842443870342643,3.1234255338145505,-0.6201692751682334,-0.5553652255415934,0.18842956714545622,0.5673627613265243,-0.5553652255415934,-0.5553652255415934,-0.5553652255415934
2017-01-18,-0.25706894623802057,-0.18506563212590485,-0.3439759984691111,-0.06372107746681197,-0.18112039435602797,3.124493110026742,-0.6024805916271166,-0.5588056308448652,0.15632857953792043,0.5878334740977916,-0.5588056308448652,-0.5588056308448652,-0.5588056308448652
2017-01-19,-0.24601492886148327,-0.181194888577789,-0.371410163556928,-0.10784853921994049,-0.1895037186249844,3.1063846875754417,-0.6056697238384641,-0.5573807213446295,0.16553919559098304,0.659240964891683,-0.5573807213446295,-0.5573807213446295,-0.5573807213446295
2017-01-20,-0.2574268391408467,-0.20944071986948284,-0.38977475966374675,-0.12145657967484665,-0.19564916776258762,3.0771151019107323,-0.5358335214390431,-0.5616366292158242,0.0646187240503146,0.8143942784528032,-0.5616366292158242,-0.5616366292158242,-0.5616366292158242
2017-01-23,-0.2321301753502993,-0.15450975145441442,-0.3964295550268562,-0.10354347704875282,-0.19355309210856644,3.124604245759586,-0.5391670855355155,-0.5580550577846459,0.08678002409150536,0.6401690978118953,-0.5580550577846459,-0.5580550577846459,-0.5580550577846459
2017-01-24,-0.2912787299956599,-0.1976279525211422,-0.405768019293692,-0.1376083775596354,-0.24135227576070023,3.138736647840839,-0.49006854612176376,-0.5314554894321385,0.11965222680412374,0.6311369843361849,-0.5314554894321385,-0.5314554894321385,-0.5314554894321385
2017-01-25,-0.276595597859494,-0.20085441233681248,-0.40417761167159433,-0.15946362930441776,-0.24518595231518897,3.1107591472889675,-0.4697030445256546,-0.546085882761815,0.0986520332484262,0.7309125985230285,-0.546085882761815,-0.546085882761815,-0.546085882761815
2017-01-26,-0.30660630414597984,-0.2256582923693029,-0.4170084477414043,-0.19595134650978926,-0.2843998911938837,3.0245324735832027,-0.45122864003709373,-0.5505995554852595,0.06170103432414061,0.9970176360311486,-0.5505995554852595,-0.5505995554852595,-0.5505995554852595
2017-01-27,-0.23174708208147,-0.2397654219269764,-0.4168251172520195,-0.19604217372148075,-0.27316501148827227,3.032268027806901,-0.4061091912590992,-0.5726760503044958,0.05923133211724136,0.9628588390231596,-0.5726760503044958,-0.5726760503044958,-0.5726760503044958
2017-01-30,-0.2163065204923064,-0.24395767180578876,-0.42832458440263954,-0.2825531860524899,-0.42922154276726404,3.046742499653402,-0.34548397621120275,-0.5194775196609562,-0.005183128375621396,0.9821981890977366,-0.5194775196609562,-0.5194775196609562,-0.5194775196609562
2017-01-31,-0.22267682817909512,-0.2896324263619865,-0.44329937363924565,-0.10650869870220962,-0.4625739588611671,3.0841617619484283,-0.322857842582553,-0.5172306303446834,-0.03767544730849928,0.8699853350650607,-0.5172306303446834,-0.5172306303446834,-0.5172306303446834
2017-02-01,-0.19561002263412544,-0.26693507662460464,-0.44410134005761526,-0.07666005790550721,-0.4830645032180701,3.106848244894796,-0.38263386684710726,-0.49695562603356347,-0.0826817852124296,0.8126609117389164,-0.49695562603356347,-0.49695562603356347,-0.49695562603356347
2017-02-02,-0.1921101752993192,-0.2536209126458259,-0.49432210184513925,-0.05888858876239232,-0.5081665701223197,3.087756962842734,-0.2986419394991395,-0.5130341420189619,-0.07314811753964137,0.8432780109468908,-0.5130341420189619,-0.5130341420189619,-0.5130341420189619
2017-02-03,-0.2461242488478733,-0.24561813225198417,-0.4553398441252382,0.00752471934545662,-0.5113515070469561,3.039642733132725,-0.22101382154703736,-0.5616002935355823,-0.047654343386963366,0.9263356188702007,-0.5616002935355823,-0.5616002935355823,-0.5616002935355823
2017-02-06,-0.2583887396987602,-0.2452627042859366,-0.4116494964110899,-0.003273578267455882,-0.4548019044606145,3.103768804101662,-0.16011600408309254,-0.5540155332555853,-0.1251586138047591,0.7709443699323897,-0.5540155332555853,-0.5540155332555853,-0.5540155332555853
2017-02-07,-0.26432074744551254,-0.2449962750884824,-0.39981633941776246,0.1113408176752732,-0.3943613821260021,3.098978344018547,-0.09329073470111515,-0.598700093390683,-0.11388362403270365,0.6951503146804893,-0.598700093390683,-0.598700093390683,-0.598700093390683
2017-02-08,-0.31922437125926767,-0.26624821130955734,-0.4252507610575956,0.11604944619789513,-0.3482380167056581,3.0607147124967,0.0177383541599354,-0.6280171339932441,-0.07214851423904203,0.7486758976895672,-0.6280171339932441,-0.6280171339932441,-0.6280171339932441
2017-02-09,-0.3190015257423725,-0.28231897685090895,-0.4251397929655942,0.11109302614565751,-0.3403524523566872,3.053299616590635,0.005673100494982545,-0.6291278764414182,-0.061319068296306324,0.7745775787462664,-0.6291278764414182,-0.6291278764414182,-0.6291278764414182
2017-02-10,-0.30926242898877077,-0.29831700184680776,-0.441171095261735,0.07501310105197748,-0.37002515701729366,3.0355722715608056,0.04920185234616162,-0.6328243776869891,-0.02134448986750521,0.811630458771125,-0.6328243776869891,-0.6328243776869891,-0.6328243776869891
2017-02-13,-0.2942773489083337,-0.28608569589697397,-0.4363687903607785,0.03259588060012751,-0.36516267857910256,3.011072545673213,-0.034909494813498726,-0.635841971638086,0.010040892211049021,0.906462576626641,-0.635841971638086,-0.635841971638086,-0.635841971638086
2017-02-14,-0.28701575169936944,-0.30639463018776647,-0.42670297453645156,0.09020947258934918,-0.3454428654076358,3.0334002422436,-0.011110993014610982,-0.6347486266600578,-0.044010010862150166,0.8360620175152668,-0.6347486266600578,-0.6347486266600578,-0.6347486266600578
2017-02-15,-0.3090707981001494,-0.30966740855591723,-0.43095264281708623,0.09797613199715544,-0.2953102733766292,3.064245364440668,0.051663700113202024,-0.6344876483286565,-0.052546563175764754,0.7216130827891465,-0.6344876483286565,-0.6344876483286565,-0.6344876483286565
2017-02-16,-0.26950541121369315,-0.306215011299464,-0.4254714289078136,0.10676352729018874,-0.30809711239745363,3.1085064804485576,-0.05809878623659117,-0.6055577956209071,-0.06519157947001744,0.6395405042699133,-0.6055577956209071,-0.6055577956209071,-0.6055577956209071
2017-02-17,-0.26031323682825097,-0.32902453937365317,-0.42848962587159173,0.1462871512368515,-0.30698964709829385,3.0331696229816307,-0.017118096326064855,-0.6619599769141319,0.05641062981805751,0.7539076491178414,-0.6619599769141319,-0.6619599769141319,-0.6619599769141319
2017-02-21,-0.25634541543683625,-0.31816398568550597,-0.4441186184493425,0.10662005450281421,-0.3280695451108051,3.039784889990114,0.03359871826526347,-0.6543588733923562,0.034834204911164166,0.7492951905825583,-0.6543588733923562,-0.6543588733923562,-0.6543588733923562
2017-02-22,-0.24701653802776283,-0.31555810929827205,-0.44032451026892694,0.04337100557138391,-0.3627045345429635,2.9986140714471574,-0.06291706599713869,-0.6532987800191912,0.10647521023160321,0.8932555909616821,-0.6532987800191912,-0.6532987800191912,-0.6532987800191912
2017-02-23,-0.23994682650677132,-0.29303553453533204,-0.4127562377613075,0.05257968309465425,-0.34290630449194315,2.9479859014785452,-0.06222326003781347,-0.6859370035092303,0.10496513246999667,0.9890854603268918,-0.6859370035092303,-0.6859370035092303,-0.6859370035092303
2017-02-24,-0.2792655331948877,-0.29072306070981474,-0.4156035652030389,0.043620506153366205,-0.3675811612374988,2.9261299981357625,-0.04947159325040851,-0.6833469803535991,0.12756347844006727,1.0387188522808488,-0.6833469803535991,-0.6833469803535991,-0.6833469803535991
2017-02-27,-0.26267677353893243,-0.3129251056911752,-0.41610465049252554,0.07314156673732553,-0.3578181559457823,2.9033473017087195,-0.1483226119897306,-0.679528971356889,0.14018514885008967,1.0992891657895665,-0.679528971356889,-0.679528971356889,-0.679528971356889
2017-02-28,-0.2695224709767919,-0.2714063579759962,-0.40966229452008834,0.06546386267031015,-0.3402397387829606,2.928997460780313,-0.2012234977122492,-0.6728909215109069,0.13190580532324828,1.0572509172378417,-0.6728909215109069,-0.6728909215109069,-0.6728909215109069
2017-03-01,-0.27548046757878064,-0.22471432958874277,-0.42030447072511734,0.04482997209732268,-0.3395868681123492,2.9275854725614385,-0.22599949440061357,-0.668151147828035,0.10915962704918755,1.0771151500097953,-0.668151147828035,-0.668151147828035,-0.668151147828035
2017-03-02,-0.30402353551962474,-0.25387693989287063,-0.48395218288086495,0.0015282550865297305,-0.3601445312135295,2.916067492731575,-0.13199379571270142,-0.6488362394334125,0.08615043367889913,1.1255897614562371,-0.6488362394334125,-0.6488362394334125,-0.6488362394334125
2017-03-03,-0.29493112682748096,-0.26259472791859056,-0.473554803629439,0.006132306591540312,-0.35579408170883414,2.968344601278379,-0.12012188959951421,-0.6423668142328459,0.09825108666348782,1.0037358920818344,-0.6423668142328459,-0.6423668142328459,-0.6423668142328459
2017-03-06,-0.21376441335719953,-0.2870794223093015,-0.4671112964819405,0.005286074753525144,-0.3204891197768389,2.995349127597231,-0.23741598248841367,-0.6322974746189262,0.09861824139743337,0.9557966891412086,-0.6322974746189262,-0.6322974746189262,-0.6322974746189262
2017-03-07,-0.23171868696339093,-0.2743643868905258,-0.44154793804297865,0.04014757259571025,-0.3188797848646057,3.0241950912525986,-0.2563497264532042,-0.6124237468237058,-0.01950845429887694,0.9277213009600975,-0.6124237468237058,-0.6124237468237058,-0.6124237468237058
2017-03-08,-0.21928460795386237,-0.24102661651598356,-0.4148808327116113,-0.004456207704251626,-0.28957548552510953,3.0038544152299433,-0.3102246664708072,-0.6286934552734581,0.022424057257174713,0.9679437654883396,-0.6286934552734581,-0.6286934552734581,-0.6286934552734581
2017-03-09,-0.21745589134864554,-0.2892558828358105,-0.42875740012727676,-0.04499269022370183,-0.3028174017824955,2.9651929489793587,-0.2689019405699441,-0.629183910352705,0.03503602783856729,1.0686878714807688,-0.629183910352705,-0.629183910352705,-0.629183910352705
2017-03-10,-0.19271326874524838,-0.31950777886514775,-0.4249635800450305,-0.0247237928655208,-0.3172565867895498,2.9849570831525756,-0.3077969354033839,-0.6102611603445586,0.0016398038601525065,1.0414096970793891,-0.6102611603445586,-0.6102611603445586,-0.6102611603445586
2017-03-13,-0.19052690331221514,-0.3025946349302696,-0.443934981959543,-0.007652324352245972,-0.29071455775406163,3.0036313709206346,-0.25554746388410243,-0.6187009163583831,-0.023584372018410852,0.9857275327237448,-0.6187009163583831,-0.6187009163583831,-0.6187009163583831
2017-03-14,-0.17223325095708936,-0.2975961576802824,-0.45885140662292745,-0.007328173754174156,-0.304956166197258,3.013581565158221,-0.20663448105344298,-0.6165189680307476,-0.0639262240375042,0.9640201672674471,-0.6165189680307476,-0.6165189680307476,-0.6165189680307476
2017-03-15,-0.1714418835303452,-0.2965885154527202,-0.4602014876119624,0.009242765096620755,-0.3062118507475935,2.9864221412094807,-0.263243305595738,-0.6204225284463201,-0.03986316311689467,1.023575413534433,-0.6204225284463201,-0.6204225284463201,-0.6204225284463201
2017-03-16,-0.19324416130429142,-0.2967330000552521,-0.4668506439942384,0.027550312107313013,-0.3275919780300947,2.920689228542401,-0.2175436483932027,-0.6422216514063339,-0.026448357612366954,1.1490588543650693,-0.6422216514063339,-0.6422216514063339,-0.6422216514063339
2017-03-17,-0.17721817498481526,-0.30349674600736404,-0.47352462084864955,0.06266842834472251,-0.3438296643887914,2.918588728242127,-0.23124905752939942,-0.6420869118538794,-0.027538208086787017,1.1439469626744763,-0.6420869118538794,-0.6420869118538794,-0.6420869118538794
2017-03-20,-0.1646244796801785,-0.3118757614521888,-0.47659768558497034,0.1389130902245538,-0.32668152187366817,2.9450780610324556,-0.2748896904033793,-0.6355736565511558,-0.06120546479606051,1.0741780787380593,-0.6355736565511558,-0.6355736565511558,-0.6355736565511558
2017-03-21,-0.1524040393638504,-0.26138058889574667,-0.4618853103134453,0.21288762791919957,-0.32171174298524624,2.920957320725154,-0.39554893842333155,-0.6490363451807415,-0.027405167589054924,1.0826362196492876,-0.6490363451807415,-0.6490363451807415,-0.6490363451807415
2017-03-22,-0.13894987265306724,-0.26581243337965393,-0.4639211360775137,0.21736510989992827,-0.32740544439710545,2.936737578276226,-0.4120772552387596,-0.64581364101275,-0.0008702532000673073,1.0381882708210126,-0.64581364101275,-0.64581364101275,-0.64581364101275
2017-03-23,-0.15813565922861234,-0.28897522112611485,-0.4553444827759996,0.184928275831483,-0.3401316894481156,2.9486344774355526,-0.35113025071827975,-0.6383339843183655,-0.028539485688844356,1.042029972992393,-0.6383339843183655,-0.6383339843183655,-0.6383339843183655
2017-03-24,-0.1618436062265741,-0.3110656325477137,-0.46766693189286823,0.12429956021101558,-0.333519324866561,2.844692879184853,-0.3033388366335816,-0.6614703061286065,-0.009438711512338561,1.263761828798193,-0.6614703061286065,-0.6614703061286065,-0.6614703061286065
2017-03-27,-0.11646347619269762,-0.28422168943770965,-0.45200265205477097,0.13259933002272004,-0.32973409501868095,2.7085027152523575,-0.45793600903727844,-0.6746737855046085,0.01185920377164609,1.4860918147128472,-0.6746737855046085,-0.6746737855046085,-0.6746737855046085
2017-03-28,-0.103916934057592,-0.2576223745913928,-0.4554655213601608,0.12499096637628632,-0.34042939798779204,2.7052469262362817,-0.4718297043418274,-0.6747827149366228,0.00768782191247068,1.490469077560218,-0.6747827149366228,-0.6747827149366228,-0.6747827149366228
2017-03-29,-0.13731671254802733,-0.2963200540209236,-0.458471010413719,0.08430665437370925,-0.3478587949249112,2.703893389264001,-0.5254517523845675,-0.6442536561993571,0.03555746499038326,1.5186754404614846,-0.6442536561993571,-0.6442536561993571,-0.6442536561993571
2017-03-30,-0.15453468374974455,-0.305128012679496,-0.4719986020997713,0.0868348020056807,-0.32500141919125825,2.6799401911344067,-0.46819224141294374,-0.6506844389082328,-0.005131304455345457,1.565949026081404,-0.6506844389082328,-0.6506844389082328,-0.6506844389082328
2017-03-31,-0.13260522191572727,-0.3097186809083713,-0.4537209877124331,0.08637896324303734,-0.3137514045634584,2.6123083445024804,-0.5137079312539294,-0.6652885627540462,0.03831466286614994,1.6476565067584383,-0.6652885627540462,-0.6652885627540462,-0.6652885627540462
2017-04-03,-0.12104363126206187,-0.32145638659499093,-0.46629995704609006,0.11717085256755003,-0.3285554963633888,2.6056024410300997,-0.5589978327434459,-0.6597530857780779,0.07090602567153921,1.6416863278531018,-0.6597530857780779,-0.6597530857780779,-0.6597530857780779
2017-04-04,-0.15227954975553867,-0.32180373445284327,-0.4644447096627446,0.11241966643261035,-0.2697520111277569,2.5000191371929263,-0.6273570298122773,-0.660475350907018,0.08276794296005092,1.7823316918536447,-0.660475350907018,-0.660475350907018,-0.660475350907018
2017-04-05,-0.1443135208930283,-0.295684444092291,-0.456159506680496,0.1149451578426785,-0.26846860704194914,2.395150070820793,-0.6891851855944732,-0.6601030539204032,0.07682417581751806,1.9073040755028605,-0.6601030539204032,-0.6601030539204032,-0.6601030539204032
2017-04-06,-0.1441474568140098,-0.2908693284653414,-0.44806132557909595,0.0653228741984004,-0.27639072653292446,2.4385332197497003,-0.7445824787198186,-0.6349829748613067,0.0707607162431044,1.8693664053652117,-0.6349829748613067,-0.6349829748613067,-0.6349829748613067
2017-04-07,-0.12239081686628338,-0.2665215175385817,-0.4431969969902222,0.1040606354488728,-0.2888290153675896,2.473130100260412,-0.7267022390453686,-0.6569287778679941,0.09728821277026921,1.8008767488004689,-0.6569287778679941,-0.6569287778679941,-0.6569287778679941
2017-04-10,-0.12959653624861286,-0.27705635589095656,-0.44008148823333393,0.10507555577172822,-0.22553930081865864,2.5151811437205467,-0.7084467334292643,-0.6715092672375848,0.11258719688599153,1.7339135871928975,-0.6715092672375848,-0.6715092672375848,-0.6715092672375848
2017-04-11,-0.14448128650376146,-0.27864117324810594,-0.4367470666406943,0.07922744843793268,-0.19697552865043047,2.4572968287959376,-0.7217391536335501,-0.6778960702787455,0.15222838419410462,1.8014158283635475,-0.6778960702787455,-0.6778960702787455,-0.6778960702787455
2017-04-12,-0.18351432233162915,-0.3027232639529285,-0.4421620378251048,0.03189593036134007,-0.22494567588562114,2.430488792753554,-0.67091261770853,-0.6598641480456667,0.12721964659608265,1.874110140175503,-0.6598641480456667,-0.6598641480456667,-0.6598641480456667
2017-04-13,-0.18393759884325292,-0.3132043794565949,-0.4425322582057547,0.029886579473342334,-0.19474190076291673,2.533098870240347,-0.6354319379846806,-0.6597442345416585,0.09574318052063568,1.7500963831855088,-0.6597442345416585,-0.6597442345416585,-0.6597442345416585
2017-04-17,-0.17947495012276374,-0.31405595456836655,-0.4509208443863284,-0.018507415905334054,-0.21166652258098198,2.413886200670549,-0.6288341569123894,-0.6549769903043112,0.09276049239254723,1.916721112630314,-0.6549769903043112,-0.6549769903043112,-0.6549769903043112
2017-04-18,-0.13173395747127511,-0.33207153817863383,-0.46487655907768916,-0.035330800368709774,-0.18539714098537322,2.479211071971668,-0.6133184163071757,-0.6646072724355638,0.12079447411092865,1.8211519560485148,-0.6646072724355638,-0.6646072724355638,-0.6646072724355638
2017-04-19,-0.08759899279526935,-0.3458687151269363,-0.4685920131237519,-0.06796989615372115,-0.19704433355534665,2.5830007863652376,-0.6012621529892925,-0.6526532987365538,0.10433507001581595,1.6916134423094793,-0.6526532987365538,-0.6526532987365538,-0.6526532987365538
2017-04-20,-0.08932922266511995,-0.3604129835006683,-0.46223855660313007,-0.06742043432536739,-0.2571929516380539,2.606813232553013,-0.5570813794069732,-0.6511983170576696,0.1307467914812902,1.660908772335689,-0.6511983170576696,-0.6511983170576696,-0.6511983170576696
2017-04-21,-0.0760173749063117,-0.3239417780538009,-0.47249147844545614,-0.07745663355840311,-0.24554869688023898,2.6028207080490073,-0.6309057796103457,-0.6356771201068396,0.09228242887088477,1.6739670849620225,-0.6356771201068396,-0.6356771201068396,-0.6356771201068396
2017-04-24,-0.05372325904624351,-0.322943023519623,-0.4962590375938585,-0.08408329534966384,-0.2678354662543671,2.580521891661817,-0.5973069440230709,-0.6411352224109085,0.10416969869540019,1.7020003250732432,-0.6411352224109085,-0.6411352224109085,-0.6411352224109085
2017-04-25,-0.07983724936911103,-0.20305025363057871,-0.4427444762218144,-0.07335816185608887,-0.24155672901330819,2.5375670185428265,-0.66034276881434,-0.6669257745974332,0.09032913102549789,1.7406965877266491,-0.6669257745974332,-0.6669257745974332,-0.6669257745974332
2017-04-26,-0.0990152706526866,-0.23353297362965106,-0.4726941712065484,-0.1242442470351936,-0.24144742495881089,2.3812072011153402,-0.5967736538988211,-0.6664570771155119,0.09624197272378669,1.956086876004633,-0.6664570771155119,-0.6664570771155119,-0.6664570771155119
2017-04-27,-0.07530934007224037,-0.2046578722184354,-0.43632340867171254,-0.08481812640109153,-0.21869572796900985,2.535478970486591,-0.5838836340108566,-0.689195059576633,0.08417788207592093,1.7408114950873652,-0.689195059576633,-0.689195059576633,-0.689195059576633
2017-04-28,0.10937170948120101,-0.20297802813558996,-0.45565056285026917,-0.0418909767661296,-0.22577058756127238,2.4742100953788717,-0.5597176619846171,-0.7334807232283888,0.0775112894539266,1.7588376158974348,-0.7334807232283888,-0.7334807232283888,-0.7334807232283888
2017-05-01,0.16686619449118953,-0.1713803081246492,-0.4038601859964157,0.002923384976041033,-0.37640277576480313,2.5300051319609977,-0.5448487640338364,-0.7421254105614782,0.11473117284890028,1.6504677918884894,-0.7421254105614782,-0.7421254105614782,-0.7421254105614782
2017-05-02,0.14275700621079887,-0.18065913965987557,-0.4090892678049012,-0.2161919724485215,-0.39232924549450987,2.4432457477882332,-0.47759029516943274,-0.7091230134814204,0.09294683811659937,1.8334023823872907,-0.7091230134814204,-0.7091230134814204,-0.7091230134814204
2017-05-03,0.15564330726830966,-0.19352561289640546,-0.4184702097464562,-0.2527244104552835,-0.4013379520051762,2.3939747655405808,-0.4724935726911001,-0.700607273865339,0.0907688315956536,1.900593948851232,-0.700607273865339,-0.700607273865339,-0.700607273865339
2017-05-04,0.08406929281127053,-0.20146114070338753,-0.41467591934093745,-0.23660300967076384,-0.4112740274569479,2.3761697504283346,-0.3012255203095015,-0.7288566919411995,0.10127164694047848,1.9191556950662525,-0.7288566919411995,-0.7288566919411995,-0.7288566919411995
2017-05-05,0.12018895863688,-0.21188802218221195,-0.44808470894592717,-0.21344171452074867,-0.445012599508792,2.189109611556844,-0.19367597028452677,-0.7521111533027582,0.11590806103486963,2.0953409974246466,-0.7521111533027582,-0.7521111533027582,-0.7521111533027582
2017-05-08,0.12825856693782262,-0.21810578975433692,-0.468822012108558,-0.1673883606251154,-0.4431961232227791,2.1921874091240747,-0.1437782768539042,-0.763837013975868,0.09721517676510123,2.078977465641165,-0.763837013975868,-0.763837013975868,-0.763837013975868
2017-05-09,0.13863681857731858,-0.2224944896732156,-0.4902289066751713,-0.2315952057352484,-0.46540235024633386,2.1464562961937315,-0.14370681933868584,-0.7456068548194709,0.11639481525282923,2.1343672609226583,-0.7456068548194709,-0.7456068548194709,-0.7456068548194709
2017-05-10,0.12489278181532056,-0.21576240859861748,-0.509842283286137,-0.26156182984089826,-0.47033334722663894,2.1177311556630483,-0.05921305206656361,-0.7479853087390075,0.10963463826291288,2.1563955802336023,-0.7479853087390075,-0.7479853087390075,-0.7479853087390075
2017-05-11,0.15826782246591276,-0.23498124771341766,-0.5329740356160727,-0.2815224614376863,-0.4797881638176754,2.118536072660255,0.0612173514779388,-0.7622863308067124,0.12012396767916614,2.120266017528427,-0.7622863308067124,-0.7622863308067124,-0.7622863308067124
2017-05-12,0.16768214678126928,-0.23110217219889884,-0.5111369219579756,-0.3171524319582363,-0.4758054915044183,2.160695082557077,0.03919885419046647,-0.7624198201559614,0.13995222872975804,2.0773479859848027,-0.7624198201559614,-0.7624198201559614,-0.7624198201559614
2017-05-15,0.22392463185988584,-0.2543044433187667,-0.4889018657166856,-0.33787312532746955,-0.48116687608524966,2.1182844547186233,-0.03852687980464087,-0.7426634330891357,0.08481116301853614,2.1444066730123104,-0.7426634330891357,-0.7426634330891357,-0.7426634330891357
2017-05-16,0.27270071573369287,-0.22684199747252465,-0.49028036770080174,-0.3330662707441264,-0.4825291463426203,1.655117198432416,0.06091613617357205,-0.7777234687648378,0.1865382325797998,2.468339374399944,-0.7777234687648378,-0.7777234687648378,-0.7777234687648378
2017-05-17,0.18429794210482528,-0.24252678194172078,-0.46903304491495146,-0.2918215891579129,-0.43159613284397585,1.6904597638921153,0.02900447270712809,-0.7771837297984127,0.1674636409946442,2.4724866483534997,-0.7771837297984127,-0.7771837297984127,-0.7771837297984127
2017-05-18,0.16900009129809046,-0.21694960841320352,-0.45849770866003237,-0.25226378826321394,-0.4306601618458835,1.6736354985494775,0.0499629598672954,-0.7943487921101999,0.17172174168515908,2.4714461442231124,-0.7943487921101999,-0.7943487921101999,-0.7943487921101999
2017-05-19,0.16751057920521326,-0.22272897405427597,-0.44681837144410996,-0.25190385850522706,-0.40388323312169006,1.6980221367332182,0.04744376441639991,-0.8014938061438182,0.16610612946560982,2.452227051880136,-0.8014938061438182,-0.8014938061438182,-0.8014938061438182
2017-05-22,0.18249765119815028,-0.20107041885098698,-0.43001686892486485,-0.26601551008670216,-0.37722691890370263,1.6702393852691926,-0.055403656146654746,-0.8031033620246791,0.21794966546896183,2.4714601190753216,-0.8031033620246791,-0.8031033620246791,-0.8031033620246791
2017-05-23,0.2256265206955296,-0.1420532222506545,-0.4424703056410943,-0.2615482161081618,-0.37240192051309495,1.8505165516239934,-0.03877736893523529,-0.8317532383850801,0.20822617974810056,2.2998947349209384,-0.8317532383850801,-0.8317532383850801,-0.8317532383850801
2017-05-24,0.21942647980448252,-0.07468925769540967,-0.3991983509578472,-0.23304293488398783,-0.3366382096594025,1.9979579175032824,0.030998954810606622,-0.8859723005464737,0.23383957448873477,2.1052350287754353,-0.8859723005464737,-0.8859723005464737,-0.8859723005464737
2017-05-25,0.21746708812254711,-0.1268770842415526,-0.4109964012108536,-0.24320510765629066,-0.34052991736866156,2.0231501397797365,0.08908508291509752,-0.8783278198298913,0.21755328896218537,2.087664190017358,-0.8783278198298913,-0.8783278198298913,-0.8783278198298913
2017-05-26,0.17333319588188484,-0.13477290659457228,-0.40753015151933575,-0.23045992981719318,-0.3211654194494089,2.077140326425074,0.05836590813410161,-0.8661370527495059,0.18133404019930857,2.0683031477381655,-0.8661370527495059,-0.8661370527495059,-0.8661370527495059
2017-05-30,0.1509289039551193,-0.09999186668267225,-0.3924880539884839,-0.22549539002908758,-0.33316300571816293,2.093269516719302,-0.03297163200602145,-0.8599084750442362,0.2144265512290463,2.0651188766979067,-0.8599084750442362,-0.8599084750442362,-0.8599084750442362
2017-05-31,0.16236206260592398,-0.11615779635404974,-0.3424124387532141,-0.1975004645193217,-0.2911677837086612,2.099493126155421,0.05787229041127984,-0.8946959935120046,0.18878938104025575,2.017505597170385,-0.8946959935120046,-0.8946959935120046,-0.8946959935120046
2017-06-01,0.23132453569854183,-0.13263121329018437,-0.3416720280299089,-0.1862096973193384,-0.25351191799556044,2.1166970922118384,0.12891668367794154,-0.9181765026097002,0.15534499046458522,1.9544475650208872,-0.9181765026097002,-0.9181765026097002,-0.9181765026097002
2017-06-02,0.3442340331847589,-0.11861736122406957,-0.3306172720751003,-0.169323955291269,-0.24465106536235692,2.1036074129851885,0.17290575117890816,-0.963957208388723,0.2440765140579602,1.854214776100872,-0.963957208388723,-0.963957208388723,-0.963957208388723
2017-06-05,0.36360839674633355,-0.10101183448933634,-0.2689654404431034,-0.22433011153094184,-0.2638989525721033,2.098725696451999,0.0962071449292444,-0.9547368517935831,0.23437540519006317,1.8842371028921785,-0.9547368517935831,-0.9547368517935831,-0.9547368517935831
2017-06-06,0.3515125998402237,-0.053778990052841195,-0.19326234953145646,-0.20612434908091132,-0.2525635888642873,2.1373206312534934,-0.06586753857528166,-0.9251324098274222,0.051636814381242756,1.9316564099395086,-0.9251324098274222,-0.9251324098274222,-0.9251324098274222
2017-06-07,0.35395317458128484,-0.08717341965391308,-0.2006944894966035,-0.23974709717917797,-0.2892329050595294,2.0894522128003232,0.028650240042696867,-0.9243133575782653,0.06795469179122117,1.9740910224867592,-0.9243133575782653,-0.9243133575782653,-0.9243133575782653
2017-06-08,0.4693882342532243,-0.07371622665649583,-0.16587810965104177,-0.16594962597999477,-0.23648453442486017,2.1020518954998075,-0.1390961163503679,-0.9358247438099696,0.023825223440924522,1.9291582351086816,-0.9358247438099696,-0.9358247438099696,-0.9358247438099696
2017-06-09,0.4341380368214613,-0.09621197441916876,-0.24617747675041202,-0.19138490499161057,-0.285111593942656,1.971419729930705,-0.06839053657082084,-0.9167678057330272,0.05899546797520356,2.0897944748794064,-0.9167678057330272,-0.9167678057330272,-0.9167678057330272
2017-06-12,0.2693381801787761,-0.11820937062481009,-0.2842714072647045,-0.24765207899947145,-0.3211274377426028,2.3038854462564755,-0.01857745587290237,-0.8597646408031612,0.010927381393414707,1.8447453058884695,-0.8597646408031612,-0.8597646408031612,-0.8597646408031612
2017-06-13,0.2436038215526502,-0.18756647467755871,-0.283386100083205,-0.2532558284733901,-0.3152350650376062,2.4031978596506267,0.03788384797015265,-0.847305021566173,0.008152037387372291,1.7358259879756515,-0.847305021566173,-0.847305021566173,-0.847305021566173
2017-06-14,0.30257014584917225,-0.1514760780135043,-0.3091543950548679,-0.23658345840543157,-0.2827460139780827,2.366937295180178,0.03596620075678172,-0.8757550804372405,0.051264700491567027,1.726241924923147,-0.8757550804372405,-0.8757550804372405,-0.8757550804372405
2017-06-15,0.2570142034668733,-0.14550450615792052,-0.3065422070524733,-0.26485657329060924,-0.30913849591529685,2.4580928485768525,-0.022439049445048646,-0.8491962533436802,0.08114617100850013,1.6490126221838421,-0.8491962533436802,-0.8491962533436802,-0.8491962533436802
2017-06-16,0.24941600425855656,-0.09944363639563657,-0.2996057110672561,-0.2381278702486315,-0.3179020910483944,2.473624034939374,-0.056768190138131086,-0.8551878184658489,0.08938614398335686,1.620172589580155,-0.8551878184658489,-0.8551878184658489,-0.8551878184658489
2017-06-19,0.2627437978424142,-0.12389469816203261,-0.2646949009851602,-0.2336588543202812,-0.3325666871896706,2.47698899773681,-0.06117925936267515,-0.854973289927441,0.08036970541472342,1.6157850587356375,-0.854973289927441,-0.854973289927441,-0.854973289927441
2017-06-20,0.2925254340956315,-0.16190680916115793,-0.2260812900695784,-0.2128171456002094,-0.30577692306103144,2.5633333907489146,-0.035624724583228774,-0.8712838285101572,0.13189063752187494,1.439592744149415,-0.8712838285101572,-0.8712838285101572,-0.8712838285101572
2017-06-21,0.31489941836587615,-0.15130187054795596,-0.21315348483672186,-0.22720545772204223,-0.29733000606123955,2.577221073494923,-0.09807045563297412,-0.8576949732893396,0.07936801762109773,1.4463526584763964,-0.8576949732893396,-0.8576949732893396,-0.8576949732893396
2017-06-22,0.29454198572421725,-0.18227247038156433,-0.20133962354928167,-0.20844366709931914,-0.31614061113873343,2.6614242398497976,-0.10589025188633876,-0.847402713548844,0.1401831710605989,1.3075480816159994,-0.847402713548844,-0.847402713548844,-0.847402713548844
2017-06-23,0.2847261400885764,-0.18677038843577237,-0.2131488107624405,-0.21110287323373028,-0.3332732254794131,2.602456010829325,0.11169182354666866,-0.877449509956134,0.11148252501229806,1.343736838259024,-0.877449509956134,-0.877449509956134,-0.877449509956134
2017-06-26,0.3046298806668162,-0.20616235666932609,-0.18783323665099683,-0.20661873161990912,-0.30926076638401917,2.6804016849970362,0.21579881668357528,-0.8877007937183751,0.12282365218207497,1.137024231668249,-0.8877007937183751,-0.8877007937183751,-0.8877007937183751
2017-06-27,0.2587016560242415,-0.16902342557085165,-0.14225410521584322,-0.18785899413484386,-0.30118860204706,2.6177799196638865,0.19173749029553178,-0.9176394864969686,0.19302811370936748,1.209635893263448,-0.9176394864969686,-0.9176394864969686,-0.9176394864969686
2017-06-28,0.2111190760215798,-0.1423545093475636,-0.1784133293121061,-0.20715549666054148,-0.278171840216635,2.542020613497772,0.10944652081310006,-0.9139132087449215,0.2123911282029318,1.3867706719811488,-0.9139132087449215,-0.9139132087449215,-0.9139132087449215
2017-06-29,0.1982299804915179,-0.14599744035913312,-0.1761067847028955,-0.22966524318156364,-0.3195152706712435,2.616517845101116,0.1776672549649196,-0.8868621499753255,0.11628442530483428,1.3100338329537489,-0.8868621499753255,-0.8868621499753255,-0.8868621499753255
2017-06-30,0.20431714985865287,-0.180939871048673,-0.17526824033497707,-0.22485012769221674,-0.3294175327860004,2.6253561729242754,0.1599235608193653,-0.8701987779132341,0.06588677156054423,1.3357872283519656,-0.8701987779132341,-0.8701987779132341,-0.8701987779132341
2017-07-03,0.21087439875962039,-0.17807726998329468,-0.17716050049122045,-0.1992703528356822,-0.3111160640253067,2.6848327354530466,0.16057205405098962,-0.8652903192580033,0.035328098986069714,1.2351781771177912,-0.8652903192580033,-0.8652903192580033,-0.8652903192580033
2017-07-05,0.17579223749011827,-0.1696503775646451,-0.22640596365360863,-0.25090579006748004,-0.3187227217250237,2.5014103449694414,0.04301071197480532,-0.874846109666358,0.2083758296591172,1.5364801675827087,-0.874846109666358,-0.874846109666358,-0.874846109666358
2017-07-06,0.13401408451091018,-0.18076356293123916,-0.21738589239930342,-0.2717528703567577,-0.3357162155454156,2.440346605526835,0.09015416155118654,-0.8730545502245026,0.2015727557671339,1.6317491347746613,-0.8730545502245026,-0.8730545502245026,-0.8730545502245026
2017-07-07,0.12927349699293805,-0.1786644071189662,-0.24141511777237382,-0.311914810083228,-0.38905414248358017,2.369074664130001,0.12576830274079007,-0.8631468028978866,0.22120221242730187,1.7283170127586625,-0.8631468028978866,-0.8631468028978866,-0.8631468028978866
2017-07-10,0.13812488771160444,-0.18431666036672248,-0.2280892790366125,-0.2981678546021624,-0.3756819033491059,2.3526994838888475,0.16164229753120157,-0.8784943619602559,0.22566749026693358,1.722098985797039,-0.8784943619602559,-0.8784943619602559,-0.8784943619602559
2017-07-11,0.12066003710179926,-0.22473212361212075,-0.24171352988092198,-0.310428218205305,-0.36450978281581164,2.4820561902012113,0.23333793515590787,-0.8579771913654866,0.16907256543845167,1.5681656920787375,-0.8579771913654866,-0.8579771913654866,-0.8579771913654866
2017-07-12,0.14043535297374418,-0.19998519076259882,-0.2637435683038734,-0.3269209240808293,-0.3769499494805088,2.4560084944800264,0.1823825459445848,-0.8468247519700731,0.14276820643473168,1.6333040406750166,-0.8468247519700731,-0.8468247519700731,-0.8468247519700731
2017-07-13,0.0946455333965554,-0.22264932743630725,-0.27851127752262794,-0.32045722739790683,-0.3758422305449421,2.486830385306248,0.23222954491156955,-0.8393856817913581,0.14699013053062793,1.594307195922217,-0.8393856817913581,-0.8393856817913581,-0.8393856817913581
2017-07-14,0.09523194461306514,-0.23843474024067368,-0.27892692455769164,-0.2960963366579852,-0.3497970275162913,2.4664848123347975,0.35520957684113097,-0.8625335679549742,0.1335016654847882,1.5629613015187573,-0.8625335679549742,-0.8625335679549742,-0.8625335679549742
2017-07-17,0.039002426700360256,-0.2427655211075664,-0.28722185551715573,-0.28375260029962124,-0.3490095844117578,2.4838566711367354,0.43470875065564096,-0.8526486754581492,0.07208841690673759,1.5436879977692235,-0.8526486754581492,-0.8526486754581492,-0.8526486754581492
2017-07-18,0.02595089923229503,-0.24683265169396254,-0.2980452043650276,-0.287824916805229,-0.3392932898242013,2.531916793681025,0.4044112451555815,-0.8370997256419117,0.05082438189012768,1.5072916452970364,-0.8370997256419117,-0.8370997256419117,-0.8370997256419117
2017-07-19,-0.0023407591466670136,-0.22629503880495008,-0.3302876879099569,-0.20410449756676557,-0.34994306014051296,2.600369661205095,0.34285120003743075,-0.8280418291094,0.049780701288438714,1.4321367974754888,-0.8280418291094,-0.8280418291094,-0.8280418291094
2017-07-20,0.02113920283377532,-0.19513256764739634,-0.32290037345164996,-0.2355618266049762,-0.3694445296622256,2.550161393509198,0.27754477904736014,-0.831943367388119,0.08223128217688258,1.5197361093515054,-0.831943367388119,-0.831943367388119,-0.831943367388119
2017-07-21,0.039301261860257654,-0.3117825192701876,-0.31494812577917686,-0.22367431947815436,-0.37048967121852666,2.6000375786886347,0.30977513844549226,-0.814336508492841,0.08012346834590338,1.4490032223771208,-0.814336508492841,-0.814336508492841,-0.814336508492841
2017-07-24,0.0034907619492738715,-0.33563207322997923,-0.3251107222631435,-0.24355265010038002,-0.360063462295297,2.5231939127570726,0.35511662589520554,-0.8182801412386574,0.10289138060831961,1.5527867916335596,-0.8182801412386574,-0.8182801412386574,-0.8182801412386574
2017-07-25,0.03454997608133494,-0.36189425012419374,-0.3392800606262516,-0.23982601021193545,-0.3709825476366106,2.44952100884882,0.4065710172315612,-0.829975142947666,0.1220439575435023,1.6191974806844358,-0.829975142947666,-0.829975142947666,-0.829975142947666
2017-07-26,0.12564716392287228,-0.3335124060873997,-0.30520433683365333,-0.20141127452819765,-0.35546216205817,2.463166513132787,0.3797672618165642,-0.8709023206998234,0.18281055983247857,1.5278079636020112,-0.8709023206998234,-0.8709023206998234,-0.8709023206998234
2017-07-27,0.18107947370150604,-0.33642028806679203,-0.3180362727782484,-0.18415777856202192,-0.3494568248418129,2.467143479431187,0.39198048691417836,-0.8736351206342776,0.13029923353617137,1.5121089732029416,-0.8736351206342776,-0.8736351206342776,-0.8736351206342776
2017-07-28,0.019899281588640558,-0.3030134588535968,-0.33980921248473894,-0.17532531111871438,-0.38694123519554746,2.45019523921754,0.3483523147072164,-0.8317571601242001,0.06581277105891624,1.6478582515770834,-0.8317571601242001,-0.8317571601242001,-0.8317571601242001
2017-07-31,-0.019046496148538285,-0.3055389120945956,-0.33955332974749153,-0.2242179521974091,-0.3942064638364267,2.4231223617181126,0.3313847910545114,-0.8212093614336219,0.11173109248687726,1.7011623544994465,-0.8212093614336219,-0.8212093614336219,-0.8212093614336219
2017-08-01,0.008146730809697137,-0.32638989163991206,-0.4338069391980802,-0.23096295850152254,-0.36642308784684424,2.3745928451715907,0.27188239593099756,-0.8055637479756093,0.1391901050024207,1.7860257921740896,-0.8055637479756093,-0.8055637479756093,-0.8055637479756093
2017-08-02,-0.010123525141870898,-0.2902271628472376,-0.47247117613160405,-0.2651849440621106,-0.36103621443958483,2.4299567677316007,0.37928567127209717,-0.8051919220882121,0.12720826551469694,1.683360006456861,-0.8051919220882121,-0.8051919220882121,-0.8051919220882121
2017-08-03,0.04791893727814005,-0.3049051667354266,-0.48867999787734406,-0.26448232769098284,-0.3672428534913425,2.404299517641487,0.3739055517444654,-0.8080132298378648,0.12429523372152083,1.7069440247609426,-0.8080132298378648,-0.8080132298378648,-0.8080132298378648
2017-08-04,0.004725439019544227,-0.29349849696081337,-0.44955566611232306,-0.2024493301318928,-0.32580396298548775,2.411689348046844,0.12900093804898177,-0.7922891307477719,0.10336090552849819,1.7916873485377351,-0.7922891307477719,-0.7922891307477719,-0.7922891307477719
2017-08-07,0.017751916489001946,-0.2881492686317472,-0.419851303209699,-0.19344431937573986,-0.34851945541259444,2.5074279219817175,-0.041291734230830185,-0.7725969028053306,0.15955106711420128,1.6969127864970133,-0.7725969028053306,-0.7725969028053306,-0.7725969028053306
2017-08-08,0.004073939567168876,-0.28326364253756126,-0.4198775095740168,-0.175233115525645,-0.3233385731481591,2.5763305359620516,0.008159434607184294,-0.7827149455565054,0.16514724041662307,1.5788614724583752,-0.7827149455565054,-0.7827149455565054,-0.7827149455565054
2017-08-09,-0.042377298771146744,-0.2944755835556194,-0.40755201585620804,-0.1605566095463334,-0.3152503872601758,2.6046790535115782,0.041987831057915606,-0.7834633462486494,0.1750061270480751,1.5323922683665117,-0.7834633462486494,-0.7834633462486494,-0.7834633462486494
2017-08-10,-0.05743600005929545,-0.3064072094193344,-0.4111469826026735,-0.18243186777433135,-0.2883822818857935,2.5846911032082467,0.08956110966184924,-0.777028380708843,0.0972198378552061,1.5824458138514987,-0.777028380708843,-0.777028380708843,-0.777028380708843
2017-08-11,-0.080071351900975,-0.29034649966664927,-0.4042873059980484,-0.1905327951731027,-0.2610592901169289,2.6224808417026093,0.09519718136022338,-0.7775746098754637,0.09322562529424966,1.5256920340004747,-0.7775746098754637,-0.7775746098754637,-0.7775746098754637
2017-08-14,-0.021935769996865445,-0.2734891635605459,-0.3994193450628341,-0.20240283414456142,-0.24702570472918606,2.609817995759531,0.0781471024007424,-0.7962850324268034,0.12700704873461305,1.5144408003063208,-0.7962850324268034,-0.7962850324268034,-0.7962850324268034
2017-08-15,-0.0012658905001226533,-0.2280607537740019,-0.38849499561367495,-0.2089018101211338,-0.2417212826203209,2.5689894184551827,0.11598752120799227,-0.8265152804430431,0.16577055664300128,1.5237583580952518,-0.8265152804430431,-0.8265152804430431,-0.8265152804430431
2017-08-16,-0.0027021087428498567,-0.1979695340360709,-0.3751282868104328,-0.1536424484477041,-0.20746209149509068,2.6494992274266678,0.06553330469353086,-0.827017083674294,0.12344671705949081,1.4064935550496356,-0.827017083674294,-0.827017083674294,-0.827017083674294
2017-08-17,-0.028644933519957443,-0.2189873424804584,-0.36154856100026883,-0.13331946655871105,-0.17521365456892582,2.64176557852415,0.1327524458397099,-0.8470037423082047,0.15999857062294903,1.3712123323743335,-0.8470037423082047,-0.8470037423082047,-0.8470037423082047
2017-08-18,-0.01610289318144209,-0.20992777127570528,-0.36283812939414717,-0.1364731389983854,-0.18399445790253247,2.6793006476130214,0.09755253171039871,-0.8400877702488048,0.17803997153765364,1.3147943208863548,-0.8400877702488048,-0.8400877702488048,-0.8400877702488048
2017-08-21,-0.025030561077843797,-0.19953884181085194,-0.35782137523034996,-0.13124405182726748,-0.16807187327634854,2.691935253361513,0.13816224981056457,-0.8452083858420235,0.15186809353061165,1.2805746498880661,-0.8452083858420235,-0.8452083858420235,-0.8452083858420235
2017-08-22,-0.021757928948017567,-0.20645837590647134,-0.33550798641994434,-0.102270820733572,-0.1516004430554114,2.743628799010128,0.11772471750424293,-0.8433125586492599,0.1446227506648332,1.1848695224812538,-0.8433125586492599,-0.8433125586492599,-0.8433125586492599
2017-08-23,0.026738429316450936,-0.23124396307526704,-0.33253275793563364,-0.08604666072829938,-0.152086700076123,2.7018584767770526,0.27395900308221205,-0.8724526889517693,0.11830392078405982,1.1708610076626234,-0.8724526889517693,-0.8724526889517693,-0.8724526889517693
2017-08-24,0.06791127854370425,-0.19141091338037805,-0.38890033452539513,-0.06194336937653388,-0.13939089657190445,2.7653437267580783,0.26318697855460077,-0.8690972547558595,0.1495900845236695,1.0120024644975958,-0.8690972547558595,-0.8690972547558595,-0.8690972547558595
2017-08-25,0.05838117738731605,-0.2327489178093592,-0.41232334517156105,-0.04618146105217704,-0.14953576653284123,2.734267856746522,0.27869691839842814,-0.8679803708253346,0.16793013564163964,1.0734348856933695,-0.8679803708253346,-0.8679803708253346,-0.8679803708253346
2017-08-28,0.05386038904756552,-0.24996318630090247,-0.42094678134823665,-0.03675010351576248,-0.041155529112210695,2.747549714462336,0.26338910812677657,-0.870780178705475,0.12431008408625091,1.042827019376085,-0.870780178705475,-0.870780178705475,-0.870780178705475
2017-08-29,0.07049951656167637,-0.22881700476835676,-0.39301144828432183,-0.1305471231342518,-0.011653646370755803,2.828451536487179,0.305722327783853,-0.8547243455449581,0.11715383693577877,0.8610993869690312,-0.8547243455449581,-0.8547243455449581,-0.8547243455449581
2017-08-30,0.11305046572684478,-0.19946795852213103,-0.3973982778877566,-0.18562495042285318,-0.05573531185024253,2.9020670969648505,0.32278063858101474,-0.8272803125071857,0.1213630221139438,0.6880865253250732,-0.8272803125071857,-0.8272803125071857,-0.8272803125071857
2017-08-31,0.13419827359497508,-0.21575913182487164,-0.397418810389552,-0.16986002210934856,-0.05457058252991513,2.8946422295009335,0.3055078184824604,-0.8306310488724042,0.11910116405731967,0.7066832567076152,-0.8306310488724042,-0.8306310488724042,-0.8306310488724042
2017-09-01,0.24731616015416447,-0.23357595615491017,-0.41098228685137794,-0.20355893241712306,-0.09965367604709115,2.8430986938287033,0.32560997772131284,-0.8472139426113798,0.16035779327026833,0.760243996941573,-0.8472139426113798,-0.8472139426113798,-0.8472139426113798
2017-09-05,0.197611953153366,-0.2470344681538002,-0.4415379046310984,-0.23714101868805482,-0.11448452864049617,2.779144052204154,0.7526206096252785,-0.8571068907677565,0.11100075195151787,0.6282481162501602,-0.8571068907677565,-0.8571068907677565,-0.8571068907677565
2017-09-06,0.15539045660730508,-0.2468469509785651,-0.4545252713761227,-0.258152204962267,-0.12477504740583693,2.7541454688810725,0.8690872529188932,-0.8549577601875233,0.14083663307284514,0.5846707039927687,-0.8549577601875233,-0.8549577601875233,-0.8549577601875233
2017-09-07,0.19723761627748718,-0.2506808057194869,-0.4797920467171239,-0.2973478512839233,-0.15568933653920994,2.7995293899960227,0.7325455125589143,-0.8357110328515482,0.21127235408104916,0.5857692987524632,-0.8357110328515482,-0.8357110328515482,-0.8357110328515482
2017-09-08,0.18908364751741727,-0.24698768660409182,-0.4890747595421176,-0.2968485777893424,-0.20444422430046122,2.7688742140681484,0.8346997507119662,-0.83655455008614,0.22417198875757785,0.5667438475254627,-0.83655455008614,-0.83655455008614,-0.83655455008614
2017-09-11,0.2834061381332442,-0.25248330919464246,-0.4868559731826241,-0.3199515254540837,-0.19390988416846408,2.7625599660120588,0.8868729349105008,-0.83684281409439,0.19878127891268715,0.468951630408884,-0.83684281409439,-0.83684281409439,-0.83684281409439
2017-09-12,0.24807368658919496,-0.23709749075848974,-0.4868322693955893,-0.3088099323231694,-0.19040661685451093,2.782327466236497,0.8479650952095672,-0.83542195486147,0.22945579009990008,0.4570120906424807,-0.83542195486147,-0.83542195486147,-0.83542195486147
2017-09-13,0.2934248450878031,-0.21419262361231758,-0.507427937421219,-0.30392136907545814,-0.18817116642580287,2.6743879925828637,0.9349116622795333,-0.87761977153932,0.2727441668917959,0.5487235158500822,-0.87761977153932,-0.87761977153932,-0.87761977153932
2017-09-14,0.1461452892832821,-0.2109844470877193,-0.4788734482102699,-0.2781364846083532,-0.17901719982865041,2.746527752358949,0.8349242995726599,-0.8550082856548736,0.2217409025527452,0.6177064785868518,-0.8550082856548736,-0.8550082856548736,-0.8550082856548736
2017-09-15,0.09523342135889083,-0.18503513424222578,-0.4805956220734206,-0.26920666843715535,-0.17384686910764646,2.73309596586728,0.8508019457744659,-0.8584168541807573,0.19788462697859824,0.6653357506042415,-0.8584168541807573,-0.8584168541807573,-0.8584168541807573
2017-09-18,0.03513529639244784,-0.17737946430265972,-0.48046974967196227,-0.2810138313861202,-0.16514669244660254,2.685779200556632,0.8851372802446515,-0.8660596876562465,0.18939478358832304,0.7728019276502773,-0.8660596876562465,-0.8660596876562465,-0.8660596876562465
2017-09-19,0.0594734165591502,-0.17451829387298706,-0.47628840392749927,-0.3139254292930653,-0.17889991926828286,2.74885177743649,0.7775774390600618,-0.8462693290939172,0.2080982798522781,0.7347084498295222,-0.8462693290939172,-0.8462693290939172,-0.8462693290939172
2017-09-20,0.07451777428413264,-0.17077132378237742,-0.4901949326655081,-0.32506618362461986,-0.17698448225397728,2.6725567409543407,0.6988905837905297,-0.8666266294218219,0.23651726759365077,0.9470410733911153,-0.8666266294218219,-0.8666266294218219,-0.8666266294218219
2017-09-21,0.08772181903269571,-0.16360205900720493,-0.5106642328508231,-0.34684465617167504,-0.15514293654294317,2.7010032592037034,0.651334625615516,-0.8628107641640856,0.31268295580228966,0.8747542815747852,-0.8628107641640856,-0.8628107641640856,-0.8628107641640856
2017-09-22,0.13698055184550909,-0.17962430713312524,-0.48256480960254716,-0.3506050221677981,-0.15993286067327978,2.687345789133362,0.6803725509642655,-0.8774101676573681,0.3542925417103537,0.8233762365527328,-0.8774101676573681,-0.8774101676573681,-0.8774101676573681
2017-09-25,0.09900866648494121,-0.20099883854265907,-0.5019981141368024,-0.4219590413352222,-0.18066234828990352,2.6862152798799372,0.7529783896674356,-0.8537321058081287,0.37907066654155847,0.8032737629632284,-0.8537321058081287,-0.8537321058081287,-0.8537321058081287
2017-09-26,0.13628455474960088,-0.18615148846032437,-0.5194425164013929,-0.4456785504219089,-0.15279427838638412,2.6768143689388744,0.7348549539117977,-0.8596352546369473,0.39715076346895395,0.7975032111485709,-0.8596352546369473,-0.8596352546369473,-0.8596352546369473
2017-09-27,0.15339522587448717,-0.1451907576228072,-0.4913369972935505,-0.43748226069690316,-0.15481379763762074,2.707711973458393,0.6661573902548384,-0.855587716569917,0.276086757654597,0.8478233322882334,-0.855587716569917,-0.855587716569917,-0.855587716569917
2017-09-28,0.21897939337351172,-0.1734700709974518,-0.509881032263619,-0.4759160658482399,-0.14388045781213699,2.6738126938423683,0.7547048219687729,-0.8523541491292114,0.1988335367652631,0.8662337774883762,-0.8523541491292114,-0.8523541491292114,-0.8523541491292114
2017-09-29,0.20914967616410676,-0.1796735767664449,-0.49402519389713323,-0.5032522420904038,-0.15332752050258006,2.609598907691035,0.746737141902279,-0.8581100226541988,0.1665149501874553,1.0307179479284798,-0.8581100226541988,-0.8581100226541988,-0.8581100226541988
2017-10-02,0.23615938820971888,-0.1411308455389596,-0.47955701642625753,-0.49957304363376126,-0.12679234402024075,2.545528391523927,0.8858252890769784,-0.8902139180321903,0.15540249109564236,0.9849933618417137,-0.8902139180321903,-0.8902139180321903,-0.8902139180321903
2017-10-03,0.21097447431819485,-0.1314361043235252,-0.46088709009567447,-0.5002599904315377,-0.10504077734086312,2.560916490604818,0.8357752575902238,-0.8990812185354711,0.2252630214352205,0.9610195923850282,-0.8990812185354711,-0.8990812185354711,-0.8990812185354711
2017-10-04,0.22780054186416632,-0.15397189099261413,-0.4532172359781206,-0.5001959043110694,-0.11429481291656016,2.5846777207743306,0.6429939302606021,-0.8916413205236148,0.28330976321523427,1.0494631701784898,-0.8916413205236148,-0.8916413205236148,-0.8916413205236148
2017-10-05,0.21213717773942908,-0.13114785857913824,-0.47811810899865215,-0.5151560827620003,-0.09552959428451883,2.5726008726060825,0.6788940628092229,-0.8938568884390974,0.2965353899179639,1.0352116953080026,-0.8938568884390974,-0.8938568884390974,-0.8938568884390974
2017-10-06,0.21187168663354025,-0.15572542859545427,-0.46342483885444197,-0.5342080026313373,-0.07080207643591081,2.570700733596914,0.6799356051706626,-0.884616270407946,0.21442400860866065,1.08569339413915,-0.884616270407946,-0.884616270407946,-0.884616270407946
2017-10-09,0.13595170286884303,-0.14670799615189467,-0.46014028419677483,-0.5041327144605103,-0.08456983136458228,2.5480428283078926,0.8366841299152423,-0.8822987756529234,0.12469367728444242,1.0793735904090367,-0.8822987756529234,-0.8822987756529234,-0.8822987756529234
2017-10-10,0.09889818070088736,-0.14538965488172884,-0.46095607128128974,-0.5195955596944699,-0.11143041884725578,2.540578663127715,0.8731911207549631,-0.8716678815111036,0.11361703993510681,1.097758226230488,-0.8716678815111036,-0.8716678815111036,-0.8716678815111036
2017-10-11,0.0564311542299579,-0.15740083570056465,-0.5109213062632123,-0.5037477355149402,-0.12851113762286728,2.51069344882831,0.9234697489800119,-0.8602473635775694,0.10502080396705098,1.1459553134065297,-0.8602473635775694,-0.8602473635775694,-0.8602473635775694
2017-10-12,-0.004667027714593282,-0.1525727666752287,-0.5061233579096645,-0.4786041135516311,-0.14259646850282032,2.456760886342338,0.848531172809137,-0.8625908414886252,0.11595023672545246,1.313684804431512,-0.8625908414886252,-0.8625908414886252,-0.8625908414886252
2017-10-13,-0.058780046575631024,-0.13397398466827637,-0.5062433526502302,-0.4485048204970385,-0.15010924982589494,2.436955650522485,0.8473662387735852,-0.8638843311812038,0.11074244468737743,1.3580844449584386,-0.8638843311812038,-0.8638843311812038,-0.8638843311812038
2017-10-16,-0.08687699959413141,-0.15180446148302476,-0.5126769144407212,-0.4567226383071797,-0.16765994212584925,2.429029191279509,0.9564768675617737,-0.8594603077435089,0.13075205235341705,1.297324075730243,-0.8594603077435089,-0.8594603077435089,-0.8594603077435089
2017-10-17,-0.09534988974840838,-0.17265528228983146,-0.521955714698724,-0.451129262112939,-0.17452932804053106,2.531492282964898,0.9669688236538903,-0.8359299632485163,0.11995980694658594,1.1409184163191228,-0.8359299632485163,-0.8359299632485163,-0.8359299632485163
2017-10-18,-0.13765731659971836,-0.18883536835414544,-0.5357388954881741,-0.4530069375663201,-0.21073780511652523,2.557966540396492,0.9621666712347825,-0.8098326572799868,0.10237166659334164,1.1428020740202156,-0.8098326572799868,-0.8098326572799868,-0.8098326572799868
2017-10-19,-0.10884633636883667,-0.17437195052030327,-0.5456755261870737,-0.46062178302838064,-0.17072966329699546,2.5923314354908125,0.8387058319024723,-0.807200661982551,0.08243999482461357,1.175570645113897,-0.807200661982551,-0.807200661982551,-0.807200661982551
2017-10-20,-0.1292853683978733,-0.17070396593092765,-0.52426514377482,-0.4406541980944347,-0.19085437055489282,2.5979427714150556,0.7731598000203607,-0.7976570883998924,0.02797271825465214,1.2473161106624497,-0.7976570883998924,-0.7976570883998924,-0.7976570883998924
2017-10-23,-0.1532086098485045,-0.16507278382206328,-0.5095857389182734,-0.43601002716808906,-0.1872993447803816,2.5123539960406513,0.8498566506548079,-0.8126771670697858,0.002343769947763186,1.3373307561732315,-0.8126771670697858,-0.8126771670697858,-0.8126771670697858
2017-10-24,-0.14169994983379264,-0.2376987443458247,-0.5010290181634883,-0.4582736524595702,-0.20990272861844103,2.512988847782992,0.7100460276208413,-0.788186627083268,0.024533200211905946,1.453782526138449,-0.788186627083268,-0.788186627083268,-0.788186627083268
2017-10-25,-0.10295377290508755,-0.2646263390474645,-0.5150867127355835,-0.5073931629989957,-0.2822898840605201,2.418054713452717,0.7897889768695177,-0.7787270787604629,0.02379930815565915,1.5556151883116094,-0.7787270787604629,-0.7787270787604629,-0.7787270787604629
2017-10-26,-0.06494247997443094,-0.2693188046730501,-0.49914758492221745,-0.5167860970802195,-0.24330594717958573,2.463505335146708,0.8393273362848843,-0.8050907945022681,0.10735899685667966,1.4036724235503049,-0.8050907945022681,-0.8050907945022681,-0.8050907945022681
2017-10-27,-0.03549414209117716,-0.2796027975989997,-0.4559588175866154,-0.48174647514308594,-0.2083784562115722,2.3717326797771148,0.6898725341955511,-0.826467448323806,0.09454812257405591,1.610897145379952,-0.826467448323806,-0.826467448323806,-0.826467448323806
2017-10-30,-0.05298365030160021,-0.2746433885273158,-0.44185318865959455,-0.4669220527467776,-0.18432096395173353,2.3699318655385366,0.5920086527387018,-0.8270839375006901,0.10578594976036089,1.6613325261521827,-0.8270839375006901,-0.8270839375006901,-0.8270839375006901
2017-10-31,-0.0699050586379364,-0.2823856253087704,-0.456588772343561,-0.3548707486735855,-0.22712851043263088,2.2905479365046366,0.5910687703439697,-0.837257127618848,0.09165323936804652,1.7666372796552243,-0.837257127618848,-0.837257127618848,-0.837257127618848
2017-11-01,-0.07088696784392455,-0.2781010442956666,-0.43957660111501473,-0.39973641569671825,-0.24082214307585328,2.2310031675019544,0.6277826580639624,-0.829444365427905,0.049424527672000056,1.8386902805008813,-0.829444365427905,-0.829444365427905,-0.829444365427905
2017-11-02,-0.050705398197813674,-0.3137128273988969,-0.43708712117588855,-0.41476475144575803,-0.2363109435389605,2.230801533272113,0.7378685317587188,-0.830417615789983,0.016581341058732615,1.789000098827685,-0.830417615789983,-0.830417615789983,-0.830417615789983
2017-11-03,-0.09159532868089934,-0.3029714812554463,-0.41710591867661506,-0.35165565401335314,-0.2329191259045771,2.242141800172535,0.8253665012546498,-0.8418093961219417,-0.03709849875853842,1.7330752903500113,-0.8418093961219417,-0.8418093961219417,-0.8418093961219417
2017-11-06,-0.06652275891131505,-0.2881433439419975,-0.3899968162194458,-0.35402350482507217,-0.07669188799704472,2.2533284564034655,0.8005868982027091,-0.8755568916093512,-0.06171723657804623,1.6854077603041522,-0.8755568916093512,-0.8755568916093512,-0.8755568916093512
2017-11-07,-0.057319024032570665,-0.2787727795935279,-0.3785573583380778,-0.3068664462463859,-0.0913552692705253,2.2722652629780877,0.7399641780853232,-0.8852093873390214,-0.03973599018834305,1.6812149759621042,-0.8852093873390214,-0.8852093873390214,-0.8852093873390214
2017-11-08,-0.03291787463196902,-0.2961767131127883,-0.40432889731501237,-0.35536237418643263,-0.06552499352257661,2.2605148085570397,0.6369574605870328,-0.8637149572331644,-0.05314092724860014,1.7648393398059647,-0.8637149572331644,-0.8637149572331644,-0.8637149572331644
2017-11-09,-0.058160506403335005,-0.29804007837430574,-0.43818310363187696,-0.3701465410560438,-0.13218061469466008,2.2558309798633207,0.6898446377580245,-0.8401928459247001,-0.06816617694372978,1.7799727871814075,-0.8401928459247001,-0.8401928459247001,-0.8401928459247001
2017-11-10,-0.08129430102218184,-0.3139797147311091,-0.4085167477421037,-0.33494925284220717,-0.13028866065991862,2.2904281492422167,0.7069451636600587,-0.8572151530027654,-0.006414285102312061,1.70693026120862,-0.8572151530027654,-0.8572151530027654,-0.8572151530027654
2017-11-13,-0.0647659894236527,-0.27664190424900564,-0.3768214233671586,-0.2716775876200386,-0.12996332563359278,2.352290456605507,0.7375658982756064,-0.8875476250098479,0.012342220442608064,1.5678621550091185,-0.8875476250098479,-0.8875476250098479,-0.8875476250098479
2017-11-14,0.03844838804997166,-0.23619785682654854,-0.3236276993830249,-0.20779207067990677,0.024636100719677884,1.7516444658517067,0.9892028674574419,-1.0164976594324764,0.13320080174371032,1.896475640796878,-1.0164976594324764,-1.0164976594324764,-1.0164976594324764
2017-11-15,0.09111260334715454,-0.25130334643138297,-0.3104971458454338,-0.18564061673381227,0.06011585494357544,1.8685102138079381,0.9331379386235445,-1.0246010219813622,0.09763524686014192,1.7953333393537234,-1.0246010219813622,-1.0246010219813622,-1.0246010219813622
2017-11-16,0.1261486235429763,-0.26470419409833634,-0.3455299806748727,-0.22681761873756923,0.09468629187261268,1.875553054251234,1.0559965883040956,-1.020697372907941,0.05543393599874002,1.712022791172885,-1.020697372907941,-1.020697372907941,-1.020697372907941
2017-11-17,0.050611900317008754,-0.2831129658942997,-0.3400645980400597,-0.25572296276988615,0.14703376912654614,1.6295553586603666,1.1506394351105185,-1.017141514455294,0.07454231984860313,1.895083801462379,-1.017141514455294,-1.017141514455294,-1.017141514455294
2017-11-20,0.038971769056723914,-0.27538393602162525,-0.354536136871638,-0.2815985244528944,0.14991548526243081,1.7754742153810876,1.0801061520777135,-1.0211300020535146,0.16921929219963255,1.782351691582625,-1.0211300020535146,-1.0211300020535146,-1.0211300020535146
2017-11-21,0.040060942809969954,-0.22753797258051492,-0.30890082605150493,-0.3142880076521518,0.18238832868613708,1.7137642144494254,1.0907358971594125,-1.0339027396941465,0.14391733049857489,1.8154710514572387,-1.0339027396941465,-1.0339027396941465,-1.0339027396941465
2017-11-22,0.04546720143978254,-0.19725021373395255,-0.3510226245987067,-0.3931130319948117,0.024008565269244178,1.8105448516833078,1.0688287983961577,-0.9873316494553482,0.11200339211997837,1.8298596592403955,-0.9873316494553482,-0.9873316494553482,-0.9873316494553482
2017-11-24,0.08096607993412651,-0.19888380605072856,-0.3341073297066336,-0.37618230122346524,0.059820449096071676,1.8809152607995219,0.9492537128086229,-0.9923526861360876,0.08788519240768634,1.8197434864791484,-0.9923526861360876,-0.9923526861360876,-0.9923526861360876
2017-11-27,0.12404704968445403,-0.1444345584857854,-0.283514983720572,-0.3525864483740845,0.09192568680649034,1.8621310565325169,0.8351513281261995,-1.0198310615112132,0.09844954726992496,1.8481555682057071,-1.0198310615112132,-1.0198310615112132,-1.0198310615112132
2017-11-28,0.1443641007108637,-0.1355508222479103,-0.2807124139243162,-0.34808541864163084,0.12191403396158107,1.9531664110844869,0.7836753933952711,-1.0232917058008344,0.08783556757660743,1.766559971288385,-1.0232917058008344,-1.0232917058008344,-1.0232917058008344
2017-11-29,0.16637564388516887,-0.027734745737630993,-0.27004013193376897,0.05009057239156334,0.16021889735761896,1.9534061067628723,0.5824222245942918,-1.108725086208961,0.15448234631878582,1.6656794311969443,-1.108725086208961,-1.108725086208961,-1.108725086208961
2017-11-30,0.18771881936711665,-0.10513516563658898,-0.3248607181353596,0.044271906484505734,0.12224410681449428,1.8784757314782417,0.6214251388457485,-1.0940157194284157,0.1936743490036234,1.7582487094918822,-1.0940157194284157,-1.0940157194284157,-1.0940157194284157
2017-12-01,0.17881683186688888,-0.15446595485452144,-0.32217828105189356,0.003505482913962331,0.11416471981112065,1.7983476936849239,0.6447722341416813,-1.0871628469232766,0.24447298432428016,1.8412156768566663,-1.0871628469232766,-1.0871628469232766,-1.0871628469232766
2017-12-04,0.08006140205613285,-0.1605641179173636,-0.2982457939190314,-0.0447293434430346,0.17244450265815042,1.829822493524176,0.5491266115955696,-1.0670397704931331,0.24771229764427405,1.8925310297736593,-1.0670397704931331,-1.0670397704931331,-1.0670397704931331
2017-12-05,0.13393428425285722,-0.09778968528056652,-0.2702507149897244,-0.02105543487346214,0.1377589996791941,1.8592657193269253,0.3540209340364281,-1.0689300371815165,0.26786135451575416,1.911974692058658,-1.0689300371815165,-1.0689300371815165,-1.0689300371815165
2017-12-06,0.258177056360996,-0.1416331361950525,-0.3021990793318906,-0.04669462412325254,0.08653464033095772,1.7693873265395619,0.34277940956031566,-1.0806060210374868,0.4304781441963725,1.9255943468119388,-1.0806060210374868,-1.0806060210374868,-1.0806060210374868
2017-12-07,0.28557495190908666,-0.10924806303725554,-0.3165630063683283,-0.03505747081332186,0.12723400178965227,1.7779997490781603,0.34236263603052086,-1.1081230833084437,0.5423673647232814,1.8178221699219779,-1.1081230833084437,-1.1081230833084437,-1.1081230833084437
2017-12-08,0.33835563376008143,-0.1425854698809585,-0.3062833250827246,0.00637011699240159,0.17781367989008154,1.9071138575951347,0.31515007998591443,-1.1101177709922871,0.45003438975788773,1.6945021209513274,-1.1101177709922871,-1.1101177709922871,-1.1101177709922871
2017-12-11,0.33610386156442423,-0.10889730205458215,-0.3023916189675068,0.054091972443353314,0.13662273905898517,1.9370886529308373,0.31536629620521356,-1.113406570972278,0.41963249391972646,1.6660091887886617,-1.113406570972278,-1.113406570972278,-1.113406570972278
2017-12-12,0.31614380917588714,-0.13604035081680046,-0.34915610604773506,0.08378025652244048,0.15614150575075192,2.0034330601876964,0.35061050446357656,-1.0789737234473207,0.18821935177980262,1.7027628627736622,-1.0789737234473207,-1.0789737234473207,-1.0789737234473207
2017-12-13,0.23723603814443883,-0.19351139807447948,-0.37063097832049396,0.04657185849670924,0.12382003048468877,2.1312884377716865,0.2551710355622161,-1.01931431631734,0.12315186747254896,1.7241603737320463,-1.01931431631734,-1.01931431631734,-1.01931431631734
2017-12-14,0.1981933250870432,-0.20742045743327553,-0.3854618004792695,0.025224700118527052,0.08793095632670231,2.0227116730080525,0.32772246883382883,-1.0132944243167965,0.13009344642729656,1.8541833853782792,-1.0132944243167965,-1.0132944243167965,-1.0132944243167965
2017-12-15,0.17511715808166953,-0.17122860341103593,-0.3838981527956439,0.09827312756884005,0.10449346564612588,1.8589512243269,0.27455546804641007,-1.026910608486087,0.15141039574415843,1.999968350736924,-1.026910608486087,-1.026910608486087,-1.026910608486087
2017-12-18,0.14844331343553288,-0.1686254901192535,-0.3794782481005689,0.14156091250463826,0.13002585042053072,1.7637577295490767,0.3774010375964051,-1.051298258876423,0.17634572462915107,2.0157622055901796,-1.051298258876423,-1.051298258876423,-1.051298258876423
2017-12-19,0.1605122474810322,-0.168089085282871,-0.34152397895754616,0.16474027240149244,0.15830480229492508,1.6709412483466548,0.26899582795833304,-1.0651067950139825,0.27277544135704546,2.0737704044568623,-1.0651067950139825,-1.0651067950139825,-1.0651067950139825
2017-12-20,0.14851388466471227,-0.24450840456998865,-0.36670852067103576,0.13066889696419204,0.19562359752135247,1.6501309125475871,0.32704480209631037,-1.0501757634671964,0.2573853704570165,2.1025525148586377,-1.0501757634671964,-1.0501757634671964,-1.0501757634671964
2017-12-21,0.15436295333715114,-0.21636069052274914,-0.36233566683598284,0.11360365827532085,0.21425752400096604,1.5612980101730796,0.1590951733687588,-1.032412637631874,0.2850181218602301,2.220711466870722,-1.032412637631874,-1.032412637631874,-1.032412637631874
2017-12-22,0.15935015776141115,-0.21080360280781496,-0.3387099897046924,0.1020177002138501,0.2184101164022294,1.4541792500673485,0.2241405936491144,-1.0350370926123849,0.24039376016827785,2.2911703846998144,-1.0350370926123849,-1.0350370926123849,-1.0350370926123849
2017-12-26,0.3096842466004666,-0.21133844499967513,-0.31403037209034684,0.2552453670656774,0.3420598457287961,1.6297377432129645,0.2306751351070928,-1.1271590646636607,0.35268905321276595,1.9139136848169,-1.1271590646636607,-1.1271590646636607,-1.1271590646636607
2017-12-27,0.28515263544944747,-0.2026324136430242,-0.305890367263195,0.37607793217883884,0.37424112697725476,1.5281701642198906,0.1585066962055538,-1.141172870787287,0.41091444028607965,1.9401512687383022,-1.141172870787287,-1.141172870787287,-1.141172870787287
2017-12-28,0.32007243459488677,-0.13516940037880248,-0.22821806181463175,0.4436893997683956,0.44591879406140017,1.2801255366258122,0.1262047135057934,-1.1875792521612478,0.536024254634562,1.9616693376475764,-1.1875792521612478,-1.1875792521612478,-1.1875792521612478
2017-12-29,0.2649509422177276,-0.09688039533267247,-0.25467498309246994,0.37679685117035094,0.4172896550825407,1.4759898559993299,0.09322271751133591,-1.1600819285550026,0.41511195838148357,1.9485211122823811,-1.1600819285550026,-1.1600819285550026,-1.1600819285550026
2018-01-02,0.3330110889346742,-0.05743327828978814,-0.25952532152449953,0.47032845479234264,0.4298982376088981,1.285150763925374,0.1949076948476097,-1.2043235221585868,0.5066553954029481,1.9143010529367872,-1.2043235221585868,-1.2043235221585868,-1.2043235221585868
2018-01-03,0.33813867866743447,-0.03943980757250129,-0.2766963449048676,0.5275570917033052,0.4377003122414221,1.5061759854096983,0.14664525393170447,-1.221904767445496,0.5995273355627758,1.648010564743014,-1.221904767445496,-1.221904767445496,-1.221904767445496
2018-01-04,0.36327533250519817,-0.012064738851516663,-0.34994595034810694,0.5070640816186366,0.3696237105215937,1.7697184018848362,0.10112333493171474,-1.191213251296915,0.5073519571886809,1.508706875736621,-1.191213251296915,-1.191213251296915,-1.191213251296915
2018-01-05,0.5132247479887291,-0.040236682351451634,-0.3154204507267241,0.5504595566281144,0.3633867102567432,1.6019950386175377,0.009418136607788346,-1.2085333040049846,0.5869359862078706,1.5643701727913297,-1.2085333040049846,-1.2085333040049846,-1.2085333040049846
2018-01-08,0.42893036814253876,-0.03514779870840179,-0.31759349380315177,0.3774203787048752,0.2759669727998181,1.6759902436542784,-0.033530790511810696,-1.164213240498019,0.5707959993129635,1.7140210824009687,-1.164213240498019,-1.164213240498019,-1.164213240498019
2018-01-09,0.3566463057634168,-0.008298357328415067,-0.325188686558065,0.32747233528812103,0.25749620420432034,1.642012218383751,0.06209777243834601,-1.1617439889271006,0.5471728811737715,1.7875652823431558,-1.1617439889271006,-1.1617439889271006,-1.1617439889271006
2018-01-10,0.3205044744478671,-0.009502543067715918,-0.2862091098115796,0.3519602638278617,0.30858396181806264,1.482962792463785,-0.011396129418589893,-1.1572559601374959,0.5345588441184437,1.937561286171849,-1.1572559601374959,-1.1572559601374959,-1.1572559601374959
2018-01-11,0.31835398381287,0.08144561429129452,-0.26490264617484693,0.36902864932581353,0.30048823650428774,1.524532344744098,0.07112762356670663,-1.1692788027438947,0.36237633648864614,1.9146650684167092,-1.1692788027438947,-1.1692788027438947,-1.1692788027438947
2018-01-12,0.3582610483132279,0.07294598910991631,-0.29532904762209977,0.3510929632388602,0.20876690501639253,1.65964668236198,0.24776863615113986,-1.1811885744416917,0.3661708360459822,1.75543028515137,-1.1811885744416917,-1.1811885744416917,-1.1811885744416917
2018-01-16,0.3550438900952755,0.13655965795588862,-0.30676820686128553,0.251610683573708,0.13710773747257482,1.6513693104371032,0.42964792270944335,-1.187146790422314,0.36226641724482056,1.7317497490617284,-1.187146790422314,-1.187146790422314,-1.187146790422314
2018-01-17,0.4099218271426518,0.1432591310519015,-0.28427883115113406,0.2549821900170054,0.13525470104480808,1.5490983929686037,0.25952339846101813,-1.1821555614691874,0.41121441443636214,1.8496470219055337,-1.1821555614691874,-1.1821555614691874,-1.1821555614691874
2018-01-18,0.32296505384919655,0.08443707003603988,-0.2612006648484358,0.29691064607489037,0.11833008960512176,1.5968007681536438,0.24535095477967306,-1.1618780575518775,0.3503429101318599,1.893575402425519,-1.1618780575518775,-1.1618780575518775,-1.1618780575518775
2018-01-19,0.3612428605584618,0.18893381570007653,-0.22918031244062415,0.3189060314213543,0.1492757835569172,1.6554893846591014,0.2553529768375709,-1.190105045161661,0.30101328081403106,1.7593863595397559,-1.190105045161661,-1.190105045161661,-1.190105045161661
2018-01-22,0.37570035617523145,0.1328133537772837,-0.17800430407144666,0.2990457341094222,0.1333284098323139,1.5818285697772856,0.04894772903232555,-1.1495210490274317,0.24128125828787053,1.9631430891894397,-1.1495210490274317,-1.1495210490274317,-1.1495210490274317
2018-01-23,0.356133109460542,0.11045332440820331,-0.18306499676454524,0.3283258521481145,0.15520037948582247,1.641285559556093,-0.03095020594455977,-1.1240991500505744,0.13720250506537862,1.9818110727872458,-1.1240991500505744,-1.1240991500505744,-1.1240991500505744
2018-01-24,0.3466240003887063,0.08879082162612624,-0.26032903817851055,0.24112326953431037,0.06226207139083126,1.5507412557229527,-0.1106556008894951,-1.0677163038304873,0.17655760594490744,2.17575082978212,-1.0677163038304873,-1.0677163038304873,-1.0677163038304873
2018-01-25,0.48693469075872786,0.13747115893819237,-0.24298956062687607,0.3096358886923915,0.12283680037115823,1.6392015251269545,-0.1043863388625555,-1.1006484548777755,0.04685005983733719,2.0070395952757734,-1.1006484548777755,-1.1006484548777755,-1.1006484548777755
2018-01-26,0.4945404457155344,0.19580494906174353,-0.24665791986977412,0.27861067314058313,0.1089877240702586,1.7404844078229988,-0.13280711532181652,-1.095830962356775,0.01662477715726866,1.9277359076503064,-1.095830962356775,-1.095830962356775,-1.095830962356775
2018-01-29,0.44311580702245484,0.21338432268776503,-0.2058605391288498,0.3738270774225592,0.09272591374179023,1.854964761424205,-0.1589921757133062,-1.096565685447349,-0.04066658150895553,1.813764155841732,-1.096565685447349,-1.096565685447349,-1.096565685447349
2018-01-30,0.4799123993358634,0.14258173729152457,-0.14985205765259696,0.45396403746930936,0.18675551812431576,1.7991865062001835,-0.23510610770504448,-1.1110029855715045,-0.03755591200287394,1.804125821225337,-1.1110029855715045,-1.1110029855715045,-1.1110029855715045
2018-01-31,0.47821861073521166,0.16128015198745674,-0.08032888689647366,0.4752002555306671,0.2099857307700832,1.8876325863041705,-0.16932073992288407,-1.1478220822939973,0.014022029280274026,1.6145985913874843,-1.1478220822939973,-1.1478220822939973,-1.1478220822939973
2018-02-01,0.4667337344989664,0.21640362442534813,-0.049530226449191236,0.47909637901457836,0.22179035738761022,1.876334761031712,-0.23816774911151245,-1.1560863955761642,0.06209457132806088,1.5895901301790865,-1.1560863955761642,-1.1560863955761642,-1.1560863955761642
2018-02-02,0.20110605485546024,0.28765538081390424,0.03609790506519819,0.46589553252007193,0.20972167710551812,1.723009683352135,-0.08055173922362628,-1.1777026406319888,0.11332839619886802,1.7545476718404245,-1.1777026406319888,-1.1777026406319888,-1.1777026406319888
2018-02-05,0.13256094419950917,0.25911150747344025,0.03536800833316791,0.38655079128564035,0.3082742506916657,1.8482515866773743,-0.22107478401050581,-1.1412937627320963,0.08791378866650515,1.7282189576115892,-1.1412937627320963,-1.1412937627320963,-1.1412937627320963
2018-02-06,0.0866101022464267,0.20653685701932667,0.0011404583221760417,0.5174563538562739,0.2356241273358654,1.7737396181527785,-0.2761766313636843,-1.1050602877309588,-0.0007230134446464555,1.8760332787993188,-1.1050602877309588,-1.1050602877309588,-1.1050602877309588
2018-02-07,0.09761889050693419,0.2718463504973975,0.05259800500534221,0.6246373385018925,0.2657500248459764,1.702759549651667,-0.36058064748074603,-1.1257732211128346,0.017112511775669248,1.8313508611472056,-1.1257732211128346,-1.1257732211128346,-1.1257732211128346
2018-02-08,0.014479461776730852,0.2701777527420731,0.00368516735666406,0.646251133154386,0.28785175905157595,1.7776317795506578,-0.12121134719228221,-1.152855358879646,0.019390015166604165,1.7131657139121719,-1.152855358879646,-1.152855358879646,-1.152855358879646
2018-02-09,0.04160880949439537,0.3283045895816188,0.03943632921040266,0.6912932869952201,0.24488160130585873,1.9102265102538847,-0.1960106933108112,-1.146894108547155,-0.0219206766157811,1.5497566772738318,-1.146894108547155,-1.146894108547155,-1.146894108547155
2018-02-12,0.0163918204151416,0.253171062921696,0.036156521685342016,0.6785682229993915,0.2491764747328429,2.0408464848977776,-0.2812303547103923,-1.1063209436015182,-0.07328158917938031,1.5054851306436536,-1.1063209436015182,-1.1063209436015182,-1.1063209436015182
2018-02-13,0.025687875192920494,0.23749604226649734,-0.007412970428045123,0.681789022673467,0.21233236266965114,2.1103152702314034,-0.2585325818965472,-1.0929311289814079,-0.08833747381171188,1.458386969027998,-1.0929311289814079,-1.0929311289814079,-1.0929311289814079
2018-02-14,0.025986668504240265,0.2450185429356511,0.03693522375959947,0.6909465236593689,0.007340349816373078,2.245120049755077,-0.42299314309358277,-1.0328511753792113,-0.09843532021268858,1.4014858063928077,-1.0328511753792113,-1.0328511753792113,-1.0328511753792113
2018-02-15,-0.045384756048570694,0.1699581613511364,0.03381177816944429,0.6903136888033321,-0.00678361072812108,2.1354799358872154,-0.38244789633096493,-1.0272420804082214,-0.08493849719027023,1.598959517719684,-1.0272420804082214,-1.0272420804082214,-1.0272420804082214
2018-02-16,-0.034117811028878085,0.20782280807612322,0.03430661678853472,0.5524868326732355,-0.05232721854222306,2.1187852631940753,-0.31689676830202707,-1.0249581449496452,-0.09701285288607758,1.6867857098258157,-1.0249581449496452,-1.0249581449496452,-1.0249581449496452
2018-02-20,-0.0406701651718697,0.1896023761880617,-0.014745684963418973,0.51881776710339,-0.030671152596779827,2.174562008232283,-0.21185230846108916,-1.0304991278600444,-0.09455225272164265,1.631505923831241,-1.0304991278600444,-1.0304991278600444,-1.0304991278600444
2018-02-21,-0.05690998178128428,0.1907177279732974,0.002772370990330252,0.5305307229218801,0.02285609317851853,2.343940424663519,-0.18668685982248714,-1.0192839407364542,-0.17161136726853318,1.4015266320905777,-1.0192839407364542,-1.0192839407364542,-1.0192839407364542
2018-02-22,-0.1081657917509339,0.29081110682768313,0.07359651429564298,0.6084257717330724,0.11980458297545407,2.2885890841781737,-0.23534611789717436,-1.0341599686275724,-0.26876273775012266,1.3676874618984944,-1.0341599686275724,-1.0341599686275724,-1.0341599686275724
2018-02-23,-0.15186595732818586,0.25914451885042056,0.06170764496180247,0.661065732851405,0.08882772889396404,2.2812345161367524,-0.19865325600720132,-1.0221763211379293,-0.30701077523434045,1.3942551314270997,-1.0221763211379293,-1.0221763211379293,-1.0221763211379293
2018-02-26,-0.21449722877425997,0.1795884147818991,0.005534870370483409,0.5637368123847212,0.010222403531270857,2.521606840325669,-0.05934351919109412,-0.9643789104804076,-0.33619715737511835,1.1868642058680599,-0.9643789104804076,-0.9643789104804076,-0.9643789104804076
2018-02-27,-0.26765648612222437,0.20661221659604245,0.059148828249420166,0.6633528623880328,0.03326191929556037,2.469864877655183,-0.14717826669856834,-0.950771505718937,-0.4422117801199729,1.2278918516322728,-0.950771505718937,-0.950771505718937,-0.950771505718937
2018-02-28,-0.2932444880893898,0.27179343262520783,0.04050995226320095,0.6912658340739096,0.028185099357422215,2.4421205156299632,0.02702150093345585,-0.9766402918349811,-0.4677439565521944,1.1666532770983506,-0.9766402918349811,-0.9766402918349811,-0.9766402918349811
2018-03-01,-0.35727314338068106,0.24703477311276964,0.03667041503536794,0.6942543684211812,-0.04048499134790468,2.5250807133460373,0.022131422365002967,-0.935469799507773,-0.4866926914928635,1.101158331972183,-0.935469799507773,-0.935469799507773,-0.935469799507773
2018-03-02,-0.38614812038013946,0.23505570613798782,0.03817894190296323,0.8344969824752222,0.006007264477051557,2.579859430935464,0.061043593323474164,-0.9194074214169191,-0.5558319381464624,0.8649678249421142,-0.9194074214169191,-0.9194074214169191,-0.9194074214169191
2018-03-05,-0.3963381427733951,0.28584338947662735,0.00949970808720966,0.759419169948184,-0.048344567934111814,2.5988698259530394,0.06474118674813316,-0.9126218081001429,-0.5261808458706443,0.9029775087655292,-0.9126218081001429,-0.9126218081001429,-0.9126218081001429
2018-03-06,-0.37325326329177133,0.30820174996963967,0.06364274852853231,0.6649548684375625,0.10330098015145489,2.6721669813098585,0.05549140610179189,-0.9016408347399675,-0.6174501969285445,0.7295080646813483,-0.9016408347399675,-0.9016408347399675,-0.9016408347399675
2018-03-07,-0.4519525159781108,0.2728394332263813,-0.057334699995268024,0.8761615418880044,0.10427086226268364,2.67202588214818,0.06299552448592931,-0.8712456983774979,-0.613247756804057,0.6192245222762481,-0.8712456983774979,-0.8712456983774979,-0.8712456983774979
2018-03-08,-0.47294464549411336,0.2735395572355936,-0.13929882139276475,1.0218823296895672,0.07242217880689078,2.571671969289053,0.13096376922136463,-0.869272014773615,-0.6903046517971192,0.7091563735359876,-0.869272014773615,-0.869272014773615,-0.869272014773615
2018-03-09,-0.4028917427477422,0.2313154694832451,-0.18284331547298704,0.9365273172170228,0.014697355971796267,2.5083132683470883,0.033777463054314706,-0.8930822718620782,-0.588375888117079,1.0218091597126526,-0.8930822718620782,-0.8930822718620782,-0.8930822718620782
2018-03-12,-0.42770538209855236,0.20561963209306955,-0.2544263711745617,0.8684546652329508,-0.0639158036176081,2.6079426248572513,0.21080040826619684,-0.8550359125736036,-0.6197003060646237,0.8930741828002937,-0.8550359125736036,-0.8550359125736036,-0.8550359125736036
2018-03-13,-0.4207490976821511,0.16164055780175118,-0.3005542154269405,0.8922619751012696,-0.10941724650887931,2.6656902882443068,0.05554671802570436,-0.7895069897366171,-0.6911041605530025,0.90471313994441,-0.7895069897366171,-0.7895069897366171,-0.7895069897366171
2018-03-14,-0.40467259339866085,0.26710401641896053,-0.21492476026670848,0.7717732501170103,-0.07304519598972387,2.7517634796784853,-0.07449145862171566,-0.7951038663103029,-0.6282673994904013,0.7851761267939656,-0.7951038663103029,-0.7951038663103029,-0.7951038663103029
2018-03-15,-0.31528307003365086,0.2871375627653972,-0.23563603157866642,0.8975113671849019,-0.10140597657052002,2.6197121058330954,-0.21927292005706614,-0.8405120401865348,-0.5329728114001681,0.9622579346028164,-0.8405120401865348,-0.8405120401865348,-0.8405120401865348
2018-03-16,-0.32250898095515945,0.27954402170042003,-0.2534392426207983,0.9559347279240304,-0.1844326678680094,2.632433229861693,-0.11268990724536529,-0.8355212749346266,-0.5372609199252425,0.8845048388669381,-0.8355212749346266,-0.8355212749346266,-0.8355212749346266
2018-03-19,-0.30164153853459164,0.2851142926688028,-0.23790766257973625,0.9762965974621437,-0.10957269969144073,2.6168291904895598,-0.2457890349027254,-0.8432872085215668,-0.5041040045473029,0.8939236937215581,-0.8432872085215668,-0.8432872085215668,-0.8432872085215668
2018-03-20,-0.21959440003085928,0.3086385112429819,-0.2306120970328997,0.9765847520299987,-0.13732274784222467,2.576660049161176,-0.16178911904011922,-0.8837730544681206,-0.47863733381596085,0.9011646032003875,-0.8837730544681206,-0.8837730544681206,-0.8837730544681206
2018-03-21,-0.24425769407424702,0.3303775921196024,-0.17804775148773247,1.0029736549325348,-0.16376046124358823,2.5012873308882515,-0.12657207391223188,-0.9012111709705759,-0.509896755932227,0.9927408425919422,-0.9012111709705759,-0.9012111709705759,-0.9012111709705759
2018-03-22,-0.27704083809012225,0.2918606307875823,-0.1516397355026628,0.9646101880557052,-0.22064670994887037,2.517296644979436,-0.05769071563083631,-0.9024617968874997,-0.46688731932720945,1.0099850422269763,-0.9024617968874997,-0.9024617968874997,-0.9024617968874997
2018-03-23,-0.3003520331311337,0.26163214032701654,-0.07881237445699216,1.1070943273510694,-0.1765579219985033,2.439394314767672,-0.08859043735409029,-0.9198475257436931,-0.4846414865541061,1.0002235740238399,-0.9198475257436931,-0.9198475257436931,-0.9198475257436931
2018-03-26,-0.278452162218874,0.2600969335115746,-0.0675865611812667,1.0918036037809853,-0.17262612900817698,2.4790473349031474,0.031539687777452516,-0.9333569457687588,-0.4838814442090472,0.8734865197192403,-0.9333569457687588,-0.9333569457687588,-0.9333569457687588
2018-03-27,-0.23360285888108753,0.32469627089911635,-0.01270603452090154,1.1108221536589105,-0.13151322633792345,2.497014567234475,-0.04724979074012806,-0.944296870111639,-0.4767503362546686,0.7464767353887634,-0.944296870111639,-0.944296870111639,-0.944296870111639
2018-03-28,-0.19050140904452362,0.35313008130495854,0.0034835465592395194,1.1471301773357696,-0.11807340825116518,2.4350974845644076,-0.10544080596507302,-0.9571671234905489,-0.5028662947245112,0.8067091221830951,-0.9571671234905489,-0.9571671234905489,-0.9571671234905489
2018-03-29,-0.22899605749966273,0.32960616648372065,-0.04736917995358189,1.0994418213506765,-0.17682130409898608,2.4799764183559145,-0.2161707605358445,-0.9118044980395285,-0.5001518186447672,0.9077027067006455,-0.9118044980395285,-0.9118044980395285,-0.9118044980395285
2018-04-02,-0.2085478728406096,0.342626636960244,-0.09272403375062409,1.0559478700634202,-0.2229703198798745,2.473948375412814,-0.258334395201581,-0.8894828447590972,-0.5420210277963172,1.0100061460689163,-0.8894828447590972,-0.8894828447590972,-0.8894828447590972
2018-04-03,-0.2044130996505536,0.4024672642121212,-0.12788572940087758,1.1674947726724885,-0.20340594882445748,2.4112744719599823,-0.3341730060459365,-0.8920038479006357,-0.5341004536705233,0.9907571203502987,-0.8920038479006357,-0.8920038479006357,-0.8920038479006357
2018-04-04,-0.2070239943589778,0.34948798340559434,-0.11410348489346993,1.0572386252305437,-0.21444709918186386,2.434845472130478,-0.32548048348612785,-0.903866410199649,-0.44224626148116913,1.0771948834335885,-0.903866410199649,-0.903866410199649,-0.903866410199649
2018-04-05,-0.20215571736123855,0.3602077948586185,-0.12695958942024632,1.0360600207771964,-0.1536603698824698,2.310004983827462,-0.5616169549958677,-0.8763194117207208,-0.48309230497020933,1.32648978404964,-0.8763194117207208,-0.8763194117207208,-0.8763194117207208
2018-04-06,-0.24751257037392346,0.24771413052732197,-0.1257124063156119,0.8286243957769764,-0.1795123934086657,2.516296197120557,-0.622758125427166,-0.813157818704146,-0.4276025058888824,1.2630945528059763,-0.813157818704146,-0.813157818704146,-0.813157818704146
2018-04-09,-0.28234976443140297,0.2480887967490816,-0.09792181153961069,0.8028078456418699,-0.14090091971421564,2.4992874504035894,-0.534847808941331,-0.8301620401165986,-0.4682548851375587,1.2947392574359742,-0.8301620401165986,-0.8301620401165986,-0.8301620401165986
2018-04-10,-0.2503587038690884,0.25307232744974256,-0.051261149364805705,0.862290927935097,-0.1558149710021796,2.4357407819198005,-0.5991861014685862,-0.8368661555152194,-0.48064692532653314,1.3336284357874306,-0.8368661555152194,-0.8368661555152194,-0.8368661555152194
2018-04-11,-0.22434008735120023,0.28768182091817945,0.009983470710920418,0.8874328069682272,-0.13277429459307657,2.4537706881093677,-0.6656646225309648,-0.8507984996713219,-0.4408177659233964,1.2279219823772303,-0.8507984996713219,-0.8507984996713219,-0.8507984996713219
2018-04-12,-0.2428407771104278,0.20654213741719168,-0.045492592532331316,0.730552442795315,-0.20036519626577073,2.378785890524404,-0.6202010347361115,-0.8384423077410303,-0.37783413614156314,1.524622497013415,-0.8384423077410303,-0.8384423077410303,-0.8384423077410303
2018-04-13,-0.22932025317949,0.14453965411900496,-0.09227846164723934,0.7388114581303192,-0.21059404387503455,2.333165796269084,-0.6079271463404485,-0.8293470004810052,-0.3778230389504942,1.618814037398318,-0.8293470004810052,-0.8293470004810052,-0.8293470004810052
2018-04-16,-0.27166407330439213,0.11110223875414924,-0.09678208326473374,0.7262953868607095,-0.188723882492388,2.3114357012849216,-0.6290444320983352,-0.8306015781498698,-0.2996029969949071,1.6593904538544537,-0.8306015781498698,-0.8306015781498698,-0.8306015781498698
2018-04-17,-0.25812849770774743,0.12542015216370833,-0.09412066410835061,0.735344630041002,-0.19395117651178928,2.3802214695936645,-0.6847493995404913,-0.8253731466593281,-0.25903803220563015,1.5504941049129466,-0.8253731466593281,-0.8253731466593281,-0.8253731466593281
2018-04-18,-0.24867906683049285,0.15691906078273224,-0.14403378308726303,0.6994846244919527,-0.18016880372501948,2.3021214487484496,-0.6725879385631204,-0.8065675447547959,-0.38128501760267164,1.694499654804615,-0.8065675447547959,-0.8065675447547959,-0.8065675447547959
2018-04-19,-0.2268494060390932,0.17145099069716901,-0.1699554057142768,0.7170623172605255,-0.30467981219484536,2.245203644214878,-0.6833801808398163,-0.7767187773256969,-0.4255295132399833,1.783552475158232,-0.7767187773256969,-0.7767187773256969,-0.7767187773256969
2018-04-20,-0.2192457366106108,0.17342602398903353,-0.19124136799524388,0.7779033098065636,-0.38602432616076826,2.271864550413177,-0.7166430038157559,-0.7495393295962619,-0.44665797248894806,1.7347758412476004,-0.7495393295962619,-0.7495393295962619,-0.7495393295962619
2018-04-23,-0.2932553247749293,0.16421676936244212,-0.1881870777209788,0.8131246655448476,-0.38361866238755554,2.2871924255025755,-0.6572338771691584,-0.7535874802225224,-0.4361780711725458,1.708289073705393,-0.7535874802225224,-0.7535874802225224,-0.7535874802225224
2018-04-24,-0.28263853877130174,0.09443276935341938,-0.23844211662174125,0.8245321829171208,-0.40759048767748174,2.2618435081561774,-0.7010279665484884,-0.7257162143255679,-0.41515526740390096,1.7669107738984677,-0.7257162143255679,-0.7257162143255679,-0.7257162143255679
2018-04-25,-0.2962385303616176,0.059144013135172376,-0.2927039844798458,0.8332328730141781,-0.4621756015002067,2.291988121977118,-0.7359385431887845,-0.6865424631798993,-0.4038305346240364,1.7526920387476188,-0.6865424631798993,-0.6865424631798993,-0.6865424631798993
2018-04-26,-0.2296479157016569,0.20712545249285252,-0.2931505250463208,0.888084271163682,-0.5016834757996879,2.291200041253728,-0.7772684811898897,-0.7088013958166716,-0.4073858757897233,1.6579320918837026,-0.7088013958166716,-0.7088013958166716,-0.7088013958166716
2018-04-27,-0.19776107725239184,0.18895116331942585,-0.3403466239106653,0.929597353358753,-0.5722605719182783,2.236289189992699,-0.9146053615715072,-0.667700502288725,-0.3537071297922312,1.6946450669290958,-0.667700502288725,-0.667700502288725,-0.667700502288725
2018-04-30,-0.1689379427133236,0.2554720005095758,-0.2971482822406508,0.8415316911409644,-0.5388462767252417,2.2773005275792246,-1.0694088995866673,-0.6341734177772056,-0.4102690190506206,1.6469998721955614,-0.6341734177772056,-0.6341734177772056,-0.6341734177772056
2018-05-01,-0.17582526293287823,0.25616727700699826,-0.33570194829580574,0.7597367837914277,-0.4799687945543041,2.3994684970140012,-1.0145802893993674,-0.6370237625103237,-0.41160705726908575,1.5504058446803093,-0.6370237625103237,-0.6370237625103237,-0.6370237625103237
2018-05-02,-0.14347272491354607,0.26228502362012196,-0.3355646299573218,0.6623859599660086,-0.5188104675668561,2.409761416882386,-1.1737658932737887,-0.571895730774505,-0.4287325057718814,1.5534967441128973,-0.571895730774505,-0.571895730774505,-0.571895730774505
2018-05-03,-0.18511125392351044,0.23004060856826491,-0.3709902761601703,0.6103451741545439,-0.5382475435258045,2.441931114395396,-1.0068022979325721,-0.5941001329443832,-0.4049187907291882,1.6001537969305737,-0.5941001329443832,-0.5941001329443832,-0.5941001329443832
2018-05-04,-0.1632356516163145,0.2947218364337897,-0.41817683181700077,0.6382867137100232,-0.5815867028091487,2.3721010630579737,-0.8350708224655924,-0.6371545691885203,-0.43919626871726125,1.680774940977612,-0.6371545691885203,-0.6371545691885203,-0.6371545691885203
2018-05-07,-0.154687175332057,0.3210260552470645,-0.47507359863923815,0.8108280332507252,-0.5448693516725369,2.4363244821550065,-0.6042389104145125,-0.6998861758732933,-0.475331977603197,1.4855671465019193,-0.6998861758732933,-0.6998861758732933,-0.6998861758732933
2018-05-08,-0.21538616612466044,0.3286530565089706,-0.4642829832089055,0.8215522808733235,-0.512222311424736,2.467758664393283,-0.7326239078396465,-0.6471405175479227,-0.5500327227126335,1.4451461597266944,-0.6471405175479227,-0.6471405175479227,-0.6471405175479227
2018-05-09,-0.26671215779980334,0.3505358404214777,-0.4528045242767214,0.744377448553253,-0.5060492077765353,2.525793049868309,-0.8000548148033415,-0.6364417779174159,-0.44632224349981614,1.3970037209828419,-0.6364417779174159,-0.6364417779174159,-0.6364417779174159
2018-05-10,-0.27318541001491314,0.33740608307284736,-0.43068767723353696,0.6918272360771865,-0.39528868593058103,2.581999025570138,-0.78796323692825,-0.6514786842689299,-0.45827977259216196,1.3400871750549905,-0.6514786842689299,-0.6514786842689299,-0.6514786842689299
2018-05-11,-0.22727731227110629,0.460926910981528,-0.4545398491762529,0.954389257884507,-0.3461008827995361,2.157992644826622,-0.9399647428660711,-0.6953882532670351,-0.49181558486436555,1.667942571352817,-0.6953882532670351,-0.6953882532670351,-0.6953882532670351
2018-05-14,-0.24180434854154947,0.539155835085356,-0.4256819074974114,0.9526202101910507,-0.4038984271593958,1.9845754012704466,-0.9696255473908514,-0.6904240612529768,-0.5060003499069231,1.8323553789611855,-0.6904240612529768,-0.6904240612529768,-0.6904240612529768
2018-05-15,-0.2702765593236972,0.5633359229108447,-0.4247084689230817,0.8826852756274165,-0.39332296083337986,1.9443303643408432,-0.9431326052772492,-0.6990993516724927,-0.4723333459833347,1.9098197841516082,-0.6990993516724927,-0.6990993516724927,-0.6990993516724927
2018-05-16,-0.2343266641210485,0.6559406095508507,-0.4098946813070633,0.9941535339756885,-0.3865221861182289,1.7551023822581249,-0.9817868555220192,-0.7170054431749459,-0.49115587488133294,1.9665115088648133,-0.7170054431749459,-0.7170054431749459,-0.7170054431749459
2018-05-17,-0.20601433352677181,0.6061787366378378,-0.3413566597887208,1.1082815833892539,-0.31783469012638416,1.7220561049120884,-1.0416821189650276,-0.7353374413076544,-0.5054057779640737,1.917126920662414,-0.7353374413076544,-0.7353374413076544,-0.7353374413076544
2018-05-18,-0.19867450429992578,0.5218745133818274,-0.3579717700868721,0.9950855101099404,-0.3377702144951096,1.6763619350476229,-0.8786259668121617,-0.760089083122086,-0.4647770040297624,2.084853833672785,-0.760089083122086,-0.760089083122086,-0.760089083122086
2018-05-21,-0.2917802758363456,0.6411198283449728,-0.2912531854151629,1.221397443656322,-0.31577721778784074,1.5455180121194811,-0.884861708090156,-0.7536865879662652,-0.6119255427674624,2.002308997641252,-0.7536865879662652,-0.7536865879662652,-0.7536865879662652
2018-05-22,-0.40627092754041927,0.6822083381428766,-0.2966619256431962,1.233217162729877,-0.3145894344634976,1.5438443278687939,-0.9402037417895712,-0.7212814968515673,-0.6036162018922789,1.9871983899936851,-0.7212814968515673,-0.7212814968515673,-0.7212814968515673
2018-05-23,-0.39743654562430536,0.7647815407706696,-0.29737940255411316,1.2942509029812928,-0.2800657842048876,1.4769688336646074,-1.007687183178559,-0.7001138368778553,-0.6956085809702078,1.9426315666269254,-0.7001138368778553,-0.7001138368778553,-0.7001138368778553
2018-05-24,-0.39450093837275796,0.7598283993880294,-0.46306718191170165,1.2392826497729912,-0.3690710926939755,1.6747080897125721,-0.9208932907965415,-0.6664649379986883,-0.7150979700537563,1.8546710869498937,-0.6664649379986883,-0.6664649379986883,-0.6664649379986883
2018-05-25,-0.3318964720091843,0.7802203373169596,-0.46257826126660795,1.278755624170133,-0.39223404031540854,1.5835055225326822,-1.0191876521048961,-0.6450379867550259,-0.7346730184923245,1.878239907188751,-0.6450379867550259,-0.6450379867550259,-0.6450379867550259
2018-05-29,-0.3790159339806838,0.6890490367266849,-0.47986288113026526,1.2460215322079067,-0.13837804242984914,1.624694818755049,-1.0264579826361677,-0.6678446028924827,-0.7472072104461382,1.8825350745033935,-0.6678446028924827,-0.6678446028924827,-0.6678446028924827
2018-05-30,-0.41192817305530777,0.8101044723074832,-0.5281495032863632,1.5285841608249424,-0.13791109158580064,1.6042989217423749,-1.037688695760539,-0.6743508241980449,-0.7249997176608891,1.5950929232662792,-0.6743508241980449,-0.6743508241980449,-0.6743508241980449
2018-05-31,-0.2910656192998895,0.7748214799968308,-0.5590107988762636,1.6878319966858792,-0.12398196310250685,1.6244554110251461,-1.154439634131779,-0.6510990345093371,-0.7407016654841734,1.3864869312241042,-0.6510990345093371,-0.6510990345093371,-0.6510990345093371
2018-06-01,-0.21269027196647872,0.8235540452618726,-0.4727421303217212,1.657399602721966,-0.10134673904499313,1.602454938192649,-1.1670660820831498,-0.6886124840103046,-0.753834482091597,1.3787210553726716,-0.6886124840103046,-0.6886124840103046,-0.6886124840103046
2018-06-04,-0.0258570232700459,0.7483874066701253,-0.5526048827339747,1.6623029581503665,-0.0430257934511342,1.642093781868883,-1.1844792534239095,-0.7099629362067796,-0.7226185449647089,1.3156530959815183,-0.7099629362067796,-0.7099629362067796,-0.7099629362067796
2018-06-05,-0.030401969116921126,0.6615145476240768,-0.49626265601032904,1.551057379224334,-0.10092069404832689,1.7979410587163724,-1.2411646396255542,-0.61296346937122,-0.9796741169518787,1.289764967673106,-0.61296346937122,-0.61296346937122,-0.61296346937122
2018-06-06,0.14197115795690493,0.6383135309550484,-0.48167947982537473,1.5155610590658775,-0.08458381429790877,1.7302116460817818,-1.2560907222403488,-0.6632246464457552,-0.9165757007163853,1.365770908803425,-0.6632246464457552,-0.6632246464457552,-0.6632246464457552
2018-06-07,0.09836966401247701,0.590981545041589,-0.45198028154217507,1.503920010750629,-0.07852872263320662,1.857181323481748,-1.204897769227143,-0.6834477209193437,-0.8657688063770789,1.2845139201705345,-0.6834477209193437,-0.6834477209193437,-0.6834477209193437
2018-06-08,0.11998741016415007,0.617713458494171,-0.46197387186804484,1.4952898458221517,-0.041667988438692245,1.8959689590839084,-1.2805179164932214,-0.6763757709479149,-0.8255238324442742,1.1862270194715128,-0.6763757709479149,-0.6763757709479149,-0.6763757709479149
2018-06-11,0.1421572706734733,0.685789808447937,-0.37834389374330907,1.5266882874383931,-0.016562945058394656,1.5683605203626265,-1.3358495815470979,-0.6949518610504182,-0.8652218010144369,1.452789778642482,-0.6949518610504182,-0.6949518610504182,-0.6949518610504182
2018-06-12,0.17833307571117624,0.5813068633863817,-0.31639704092189064,1.339663363903786,0.013509583884795656,1.6604306847074777,-1.253464542273816,-0.7737208573717562,-0.6977363655268658,1.5892378066159811,-0.7737208573717562,-0.7737208573717562,-0.7737208573717562
2018-06-13,0.28296613639739715,0.6351441671337505,-0.29071304558196004,1.4454758030877606,0.08935488145403372,1.579715183395969,-1.3330654282089045,-0.7878522969213636,-0.7019393647409247,1.444470854748333,-0.7878522969213636,-0.7878522969213636,-0.7878522969213636
2018-06-14,0.2677602792477655,0.6181271739183054,-0.2765738711805739,1.3663454285100372,0.05160550758188131,1.5579814969399401,-1.4891751268115336,-0.7442445710866077,-0.643893897330157,1.5248012934707658,-0.7442445710866077,-0.7442445710866077,-0.7442445710866077
2018-06-15,0.2932147919513282,0.629744257297189,-0.3150174472536071,1.3197197785514434,0.036075329923015154,1.3461756991038902,-1.5553552493431566,-0.7153901353326471,-0.6263436701756608,1.7333470512761475,-0.7153901353326471,-0.7153901353326471,-0.7153901353326471
2018-06-18,0.29280448102719797,0.581708334814669,-0.31731999158054164,1.2975887585096928,-0.02408325666827588,1.2097506423840063,-1.4594723259632831,-0.720259177601399,-0.6300373615210215,1.93009742940315,-0.720259177601399,-0.720259177601399,-0.720259177601399
2018-06-19,0.34299456683856044,0.5534166163892578,-0.31581352540856067,1.192377656497174,-0.023000738683737018,1.3068518102227236,-1.4682526543957992,-0.7233094532092312,-0.6217647235429149,1.926428804920223,-0.7233094532092312,-0.7233094532092312,-0.7233094532092312
2018-06-20,0.3281622236117154,0.6511990938911855,-0.3507905860173396,1.3290258344697454,-0.010877555606146018,1.2763107276692356,-1.5566090175784684,-0.6860502650742791,-0.6987086074366085,1.7764889472937957,-0.6860502650742791,-0.6860502650742791,-0.6860502650742791
2018-06-21,0.32600066533414745,0.6876121800093116,-0.32014459473823037,1.2630391118816153,-0.01232308627614559,1.1337786349556307,-1.4926693037258056,-0.712830953845325,-0.6661302065799366,1.932160414520712,-0.712830953845325,-0.712830953845325,-0.712830953845325
2018-06-22,0.31255088817387866,0.6723677926685673,-0.3458671065682414,1.1988524691323699,-0.03828427950158872,1.0291942545403825,-1.5331142198358807,-0.6645201972563355,-0.6950048276050346,2.0573858180208893,-0.6645201972563355,-0.6645201972563355,-0.6645201972563355
2018-06-25,0.290949956548902,0.6572335945014319,-0.33417208612143584,1.178738274282567,-0.0041201615169601784,1.078490156871892,-1.5206548606068147,-0.6813901536907205,-0.6703464868953344,2.049442227698634,-0.6813901536907205,-0.6813901536907205,-0.6813901536907205
2018-06-26,0.24790257471222737,0.5495233494005298,-0.3639256692848168,1.1140837631160703,-0.07138101067775994,1.1664425116408652,-1.4840633493011266,-0.6639889847578768,-0.6315715840754459,2.128945353500964,-0.6639889847578768,-0.6639889847578768,-0.6639889847578768
2018-06-27,0.2528090961357712,0.5825357680333123,-0.34946732424007904,1.1847316168487037,-0.0796381753390025,1.2549037549354884,-1.4940317111825159,-0.699704964112877,-0.5517660052094602,1.9987428364692896,-0.699704964112877,-0.699704964112877,-0.699704964112877
2018-06-28,0.20687676821065254,0.541045109778613,-0.37171065565995964,1.1378901631824472,-0.06396517409316112,1.28033750618608,-1.3600279625864973,-0.7358346096496845,-0.5050008380502727,2.077893521630837,-0.7358346096496845,-0.7358346096496845,-0.7358346096496845
2018-06-29,0.17871447198298532,0.5917609984612642,-0.3673980860103339,1.1701870231896814,-0.06115452352616626,1.262214681992721,-1.3599972818009494,-0.7260821981506878,-0.5680508382022342,2.0580523465157827,-0.7260821981506878,-0.7260821981506878,-0.7260821981506878
2018-07-02,0.19432729263301216,0.6545798368446515,-0.25789599135151176,1.2617461436695647,0.03810239522156148,1.4278537498075652,-1.431334133946367,-0.7868484428375028,-0.49159269161989444,1.7516071700914293,-0.7868484428375028,-0.7868484428375028,-0.7868484428375028
2018-07-03,0.15667071235910895,0.5766228795314773,-0.18259644768680597,1.15341807050941,-0.0025253133328726083,1.4103733788693313,-1.3467220575711372,-0.8038383238313443,-0.46666313658745595,1.9167752092343229,-0.8038383238313443,-0.8038383238313443,-0.8038383238313443
2018-07-05,0.11046517302513373,0.5381693126592575,-0.16123550887071994,1.1304451651589058,-0.034967048063379434,1.550534047589604,-1.243944848208828,-0.8280263380067953,-0.44778127549786234,1.8704203342350691,-0.8280263380067953,-0.8280263380067953,-0.8280263380067953
2018-07-06,0.15953318616072384,0.5670260554485533,-0.19777839693725266,1.2328486040973443,-0.06159866095469463,1.5457310824445016,-1.1613125598414364,-0.853912982823093,-0.46345871150062695,1.7946613323752592,-0.853912982823093,-0.853912982823093,-0.853912982823093
2018-07-09,0.1656668869013275,0.5748134285514523,-0.2440812207712132,1.2388460875113863,-0.10343868665830273,1.5128212843288915,-0.8187752493942348,-0.9171706432999246,-0.5142712371523696,1.857101279882762,-0.9171706432999246,-0.9171706432999246,-0.9171706432999246
2018-07-10,0.17796028746829912,0.5227259190357785,-0.2801596155851583,1.2390107921955347,-0.17262771497000734,1.4447206738322993,-0.8544122702238014,-0.8811822152298394,-0.5173811787360437,1.9648919679024575,-0.8811822152298394,-0.8811822152298394,-0.8811822152298394
2018-07-11,0.15834810511144326,0.5682602535891322,-0.28832036313094284,1.1875314224589386,-0.1675148769609332,1.2504860159075035,-0.8385763308856329,-0.8536423465687527,-0.5982826389856113,2.142637799171115,-0.8536423465687527,-0.8536423465687527,-0.8536423465687527
2018-07-12,0.1572997700475443,0.582451037096653,-0.26921419720054385,1.2846121906100672,-0.15453003041942465,1.2151844849887632,-0.8306173486958961,-0.876720616111948,-0.5602286306485244,2.081925188669153,-0.876720616111948,-0.876720616111948,-0.876720616111948
2018-07-13,0.21701734038494266,0.5774701793753377,-0.27695998120069926,1.3382425398539908,-0.1988016481954737,1.1209525922872807,-0.7486403454520851,-0.8782222204082014,-0.620118956642139,2.1037271612216504,-0.8782222204082014,-0.8782222204082014,-0.8782222204082014
2018-07-16,0.11924696905057054,0.5109090479511508,-0.2965690181277418,1.3811304019235853,-0.2094814392080669,1.1706442002786874,-0.6654528616968642,-0.8775066503550365,-0.6043955327744658,2.1039948340232906,-0.8775066503550365,-0.8775066503550365,-0.8775066503550365
2018-07-17,0.09664500887957589,0.5016099375485796,-0.2812157311620337,1.5088081569987482,-0.13768701904998348,1.1795820048445556,-0.6041935447742436,-0.9108497479420837,-0.601868102214165,1.9817182806973022,-0.9108497479420837,-0.9108497479420837,-0.9108497479420837
2018-07-18,0.05397791898585894,0.4349922665175485,-0.2746565656992903,1.5039578357386842,-0.1413771014037353,1.2276496192555206,-0.5079741501885136,-0.9283108709438831,-0.5634468539802242,1.9801205145496834,-0.9283108709438831,-0.9283108709438831,-0.9283108709438831
2018-07-19,0.05032635612033798,0.4921913008072576,-0.22351811333226426,1.475640302688145,-0.15871945404382679,1.1915378229206817,-0.46775750567759705,-0.9238280697285134,-0.6660282860838594,2.00163985551518,-0.9238280697285134,-0.9238280697285134,-0.9238280697285134
2018-07-20,-0.01724050170999845,0.4750660216649322,-0.2278327993971056,1.4944114062848088,-0.17331859062548796,1.1200601123550966,-0.5824556453198244,-0.8702339057518318,-0.6943107737199491,2.086556393474852,-0.8702339057518318,-0.8702339057518318,-0.8702339057518318
2018-07-23,0.007755171988047873,0.49280840189528685,-0.22306045211241923,1.5423753522700359,-0.10372709348374509,1.0876701694639395,-0.5550882316420854,-0.8954253686502541,-0.6993389293335525,2.032307085555508,-0.8954253686502541,-0.8954253686502541,-0.8954253686502541
2018-07-24,0.014334683928725485,0.5148779632860487,-0.25204616204491775,1.5208731619409424,-0.08267444757091696,0.9888924727843063,-0.6638864310568934,-0.8661008514298415,-0.6876566714571557,2.1116888359092267,-0.8661008514298415,-0.8661008514298415,-0.8661008514298415
2018-07-25,0.012390203494093917,0.5747111564912758,-0.21625096705434002,1.512660838265096,-0.05766433984296334,1.020347334195593,-0.926542211539772,-0.8330648063704291,-0.6461043385300906,2.058711550002825,-0.8330648063704291,-0.8330648063704291,-0.8330648063704291
2018-07-26,-0.0019336824381462226,0.5369766955117098,-0.1378397455935329,1.4830999589460203,-0.09082329085920723,0.9124698195601212,-0.8842773123175569,-0.8100411363908921,-0.743721669403637,2.166213772157797,-0.8100411363908921,-0.8100411363908921,-0.8100411363908921
2018-07-27,0.005874228413348854,0.5330588897702275,-0.16731560935787973,1.4217053615731734,-0.06338821794851528,0.8513694524572196,-0.8231026738033578,-0.8033619202766903,-0.7922115237297509,2.2474577737322954,-0.8033619202766903,-0.8033619202766903,-0.8033619202766903
2018-07-30,0.1256279611741669,0.5934306687239046,-0.15222803387848385,1.5052360615860196,-0.24656149792211834,1.0019658713554636,-0.7219895733394857,-0.84193213078803,-0.8050378229762565,2.0672848884289112,-0.84193213078803,-0.84193213078803,-0.84193213078803
2018-07-31,0.119716213114465,0.5402924668727301,-0.1842835762638086,1.590809400219238,-0.32093583593044045,0.8742204276918274,-0.6582679653476199,-0.8182012760737157,-0.8091310832101637,2.120385057148634,-0.8182012760737157,-0.8182012760737157,-0.8182012760737157
2018-08-01,0.08611104699445357,0.49424208183975343,-0.1529728652179083,1.654064036766277,-0.31140569988058203,0.7653895879979626,-0.6130862858287602,-0.819751470866594,-0.7917144573987545,2.1483784381939337,-0.819751470866594,-0.819751470866594,-0.819751470866594
2018-08-02,0.06621896264587683,0.5194592893198471,-0.13170696133580911,1.5557386941213929,-0.2785011503212888,0.7558995792030393,-0.6509696953716395,-0.810280598430889,-0.81444433790077,2.219428013362906,-0.810280598430889,-0.810280598430889,-0.810280598430889
2018-08-03,-0.08490573748614227,0.6444740026206373,-0.12217860364747153,1.703940220045773,-0.2602742797311815,0.8095982113787178,-0.9045220374358867,-0.743486884108646,-0.8554382105191062,2.0432539712092455,-0.743486884108646,-0.743486884108646,-0.743486884108646
2018-08-06,-0.06342532988098805,0.57888680705708,-0.05215256295770613,1.5858492842838372,-0.17024742572490695,0.7478953020834418,-1.0927791168243486,-0.7407676046878308,-0.7250446105800611,2.1540880712949746,-0.7407676046878308,-0.7407676046878308,-0.7407676046878308
2018-08-07,-0.0480046704907519,0.5795351848512967,-0.04588947581367548,1.5698967809360405,-0.1190602153757396,0.7829157883153168,-1.1712273199060546,-0.7457737013589548,-0.6864628011918679,2.1213915341112526,-0.7457737013589548,-0.7457737013589548,-0.7457737013589548
2018-08-08,-0.058287205892824746,0.6272142007039315,-0.008920052749205064,1.6396607693428171,-0.14803606151614707,0.6782391116857992,-1.082203297527731,-0.7539065006064988,-0.7394664917901215,2.107425030169477,-0.7539065006064988,-0.7539065006064988,-0.7539065006064988
2018-08-09,-0.10772013045045956,0.579742389182924,-0.01959416231721506,1.6001829787824233,-0.1659997080990346,0.7678555455371816,-1.1096085871234849,-0.7483560009117479,-0.6817076128991152,2.1302732910337716,-0.7483560009117479,-0.7483560009117479,-0.7483560009117479
2018-08-10,-0.1564585035098072,0.6235350477846685,0.03529585538331745,1.72309629688431,-0.1610099495502226,0.6471965121920157,-1.1150099924850647,-0.7325271562827633,-0.7284272578990906,2.0618906163309254,-0.7325271562827633,-0.7325271562827633,-0.7325271562827633
2018-08-13,-0.06354487638514601,0.5986634646525939,0.0902180008986214,1.6597492948296644,-0.08548293681729163,0.7123308468957141,-1.0240349609710062,-0.7278340900638561,-1.0161236513274028,2.0395611784796785,-0.7278340900638561,-0.7278340900638561,-0.7278340900638561
2018-08-14,-0.100909233996078,0.5757721098181924,0.07500967685331546,1.617456966581047,-0.08902533607856214,0.8974214100445734,-1.00279349930189,-0.7119955934995876,-1.112800215618899,1.9878504956966503,-0.7119955934995876,-0.7119955934995876,-0.7119955934995876
2018-08-15,-0.08251319305002174,0.6130102975438693,0.10524456938158765,1.7471944184223798,-0.06688564420177036,0.682765037645509,-1.0911430653193432,-0.6726237673854957,-1.1539549165147833,1.9367775656345543,-0.6726237673854957,-0.6726237673854957,-0.6726237673854957
2018-08-16,-0.14268037728695565,0.614893875864568,0.12409123673235313,1.7663575321724803,-0.059371689252898444,0.7729264991222018,-1.0095501764563,-0.7014670624772886,-1.1477267224972307,1.8869280715109378,-0.7014670624772886,-0.7014670624772886,-0.7014670624772886
2018-08-17,-0.13811799786069967,0.5828805899523972,0.1144412039723911,1.8380836416847361,-0.037890291264420894,0.815505597376679,-1.0129916489237163,-0.703549544126158,-1.1510533277250588,1.803340409292323,-0.703549544126158,-0.703549544126158,-0.703549544126158
2018-08-20,-0.08334859373117416,0.5795666341576495,0.09615424562034944,1.789985561744398,-0.0345203217745463,0.8725561183751716,-0.9935714939144332,-0.7371342320624278,-1.098633587088137,1.8203483648604326,-0.7371342320624278,-0.7371342320624278,-0.7371342320624278
2018-08-21,-0.06926785089062949,0.6836263444465362,0.11751767317796437,1.871145709668859,0.0024342734860191093,0.8920678743059238,-1.0269221858856266,-0.7414152667413392,-1.13832245404038,1.63338168269669,-0.7414152667413392,-0.7414152667413392,-0.7414152667413392
2018-08-22,-0.08457830954499389,0.7384229972668939,0.15291319498808295,1.815846598543944,-0.01477825944248477,0.8943800221117538,-1.054539155873019,-0.75795465930392,-1.0765206307545467,1.66067217992005,-0.75795465930392,-0.75795465930392,-0.75795465930392
2018-08-23,-0.0801271990362296,0.7288229823669884,0.2668786427225796,1.9237832482329953,0.050154649428327785,0.8505098943514563,-1.1286516943796436,-0.7438082124335185,-1.124072810181745,1.4879351362293456,-0.7438082124335185,-0.7438082124335185,-0.7438082124335185
2018-08-24,-0.23433437456335532,0.6588258430569469,0.11242247928828533,1.7969004915157114,-0.07113655676805139,0.5918782197836742,-1.2498153578363196,-0.8944740094414892,-1.1752703518181882,1.2503986787438788,-0.8944740094414892,-0.8944740094414892,1.003552956921885
2018-08-27,-0.12185162213860004,0.7466747073624529,0.2850668368278135,1.8296402525118347,-0.6581736384900753,0.7946189684856796,-1.1922480926668424,-0.8072860102319128,-1.1102592176332087,1.4794583780008883,-0.8072860102319128,-0.8072860102319128,0.36893145843579694
2018-08-28,-0.20529010663908784,0.6354439105035133,0.1932257564710964,1.8569159536621707,-0.6586305384581744,0.7563306164958454,-1.2295772122377655,-0.8074568673028689,-1.0313996185424643,1.4494790900679815,-0.8074568673028689,-0.8074568673028689,0.6558727505854933
2018-08-29,-0.22803620279046874,0.6064354800092334,0.17956399750206326,1.850016021402466,-0.7299667278801668,0.653023245895482,-1.2814182465582555,-0.7986488288127834,-0.9526422364727046,1.3233076296735231,-0.7986488288127834,-0.7986488288127834,0.9756635256571785
2018-08-30,-0.23841039555523047,0.666569231295976,0.16543173816788914,1.8802688814289283,-0.7191637767755948,0.7191399184401426,-1.2435313415964986,-0.8029818997840279,-0.9886248207121546,1.3016903471036798,-0.8029818997840279,-0.8029818997840279,0.8655759175549461
2018-08-31,-0.03241221108731492,0.6128168806345732,0.14960337391651604,1.8540991711273798,-0.7679140059590002,0.7186998848230596,-1.258089158121145,-0.7994250787019967,-1.0991967546620394,1.2254036157214636,-0.7994250787019967,-0.7585688691222291,0.9544082301327304
2018-09-04,0.008216802672041786,0.5674545045220771,0.07065490840225118,1.8478829530687484,-0.78067514673298,0.638912088904585,-0.9158575815916571,-0.8602712308835382,-1.2345215960724751,1.224788615872437,-0.8602712308835382,-0.8160680104494594,1.109754923171507
2018-09-05,-0.01270307898507156,0.5858842744206214,0.04158572094888181,1.733223547942803,-0.7606775570979436,0.5857957200066174,-0.9223476647525943,-0.8612468180304688,-1.2119305193856658,1.0007322585288245,-0.8612468180304688,-0.8185652850686553,1.5014962195031187
2018-09-06,-0.01518361155505053,0.5114263299388369,0.012574270414718251,1.720808564926185,-0.6338333846498142,0.6378612384868663,-0.9455717066577791,-0.8836352172006257,-1.1891889546105814,0.9462811360071904,-0.8836352172006257,-0.8518413105423985,1.5739378626430802
2018-09-07,-0.07803826876348299,0.5370224028444333,0.036457939342616597,1.7654432533609017,-0.738446633940272,0.6783804880995173,-0.6402085101257421,-0.9375836659491186,-1.2141624819522232,0.947338018726506,-0.9375836659491186,-0.9079043088438384,1.4892854331498189
2018-09-10,-0.0560356799745049,0.4994084787864801,0.023809089456305305,1.7402927498226943,-0.7187980725536398,0.6736522423264547,-0.7556307660299564,-0.9171106384968402,-1.1688046926227198,0.8857079594003043,-0.9171106384968402,-0.8879824922054279,1.5986024605876916
2018-09-11,0.044275774953896514,0.5404014169706978,0.0765043672347606,1.8786384121175523,-0.7114290792389512,0.7326847897845078,-0.8407376916793302,-0.9170533463258125,-1.1796789169895834,0.8505589400995739,-0.9170533463258125,-0.9023730012113327,1.3452616806098328
2018-09-12,0.02966994169038737,0.5317945103671766,0.09703425011401444,1.8299911556119524,-0.7359914848864645,0.6239613691475554,-0.9131949028512514,-0.8481789716601155,-1.2001253785342956,0.6978759460225287,-0.8481789716601155,-0.8481789716601155,1.583521508298743
2018-09-13,0.1296353169786746,0.599207363548748,0.1324522199002434,2.02754396037351,-0.7300794342303137,0.7342164409212861,-0.9114798144007769,-0.8572631210532682,-1.2439951540837204,0.6854212337590156,-0.8572631210532682,-0.8698600685266787,1.161464177866548
2018-09-14,0.1696057515626379,0.604802108666813,0.13945966485691397,1.947685198977708,-0.7004207023490284,0.787201521894784,-0.9953817280084811,-0.8415621850467754,-1.2574025238771664,0.5628083474206639,-0.8415621850467754,-0.8569575370688013,1.2817242680175087
2018-09-17,0.31435896277509673,0.6926375809763471,0.1930537721211187,2.082318348750695,-0.6460041265002343,0.9068471804340998,-1.1395758788621608,-0.8074375251646159,-1.2667869202241033,0.3947779433813365,-0.8074375251646159,-0.8074375251646159,0.8906857126416536
2018-09-18,0.3689034789323567,0.6931228807811841,0.22172514660799297,2.16462726607536,-0.715597294596542,0.6192106280330109,-1.1493651553609106,-0.7730434707765642,-1.2446655627994538,0.38463707751022747,-0.7730434707765642,-0.7697894282303294,0.9732779046002309
2018-09-19,0.5429062764057497,0.749892367832958,0.2750484415795666,2.259180392151513,-0.6320433396146709,0.2755545078785658,-1.359098513813895,-0.7028750818452446,-1.1636821842282723,0.3447819792967779,-0.7028750818452446,-0.7093266029768401,0.8225368391790364
2018-09-20,0.4969703430120135,0.7012394534044226,0.2627841744260189,2.2687929364981967,-0.7053287719771042,0.3300077347846568,-1.2701429725963027,-0.7049575038680328,-1.1984913219522337,0.36724747482782777,-0.7049575038680328,-0.7114138907508877,0.8682498480594576
2018-09-21,0.4563707440047707,0.5816063845534718,0.10859478180337806,2.0950806797862054,-0.7532230346028972,0.35583274894776573,-1.1860152735270997,-0.7612075505942874,-1.1138284883869454,0.4249206391848714,-0.7612075505942874,-0.7767231556477774,1.3297990750728312
2018-09-24,0.42024962880978134,0.5495981627722936,0.03970213752012339,1.9887366676099827,-0.7412425084849025,0.5158756889245573,-1.1312569171698996,-0.7832861000684844,-1.1209056443688596,0.3516213545940439,-0.7832861000684844,-0.7977346689370102,1.4919282988668594
2018-09-25,0.3908434000804626,0.4746998589362537,0.0018999859344316149,1.8663819276093079,-0.7484051856927044,0.5336080048824603,-1.0212592404742113,-0.7853899414684584,-1.1136526734966747,0.2243627728231985,-0.7853899414684584,-0.7962395613023185,1.7585405936367104
2018-09-26,0.3132875546305661,0.4364582307087868,-0.02421884319440095,1.7512878019527613,-0.6586217977171189,0.6602432576349955,-1.0031818384858568,-0.8410425214039112,-1.078755711283427,0.30435798956936266,-0.8410425214039112,-0.8538605434840443,1.835088942476196
2018-09-27,0.2940819452330475,0.498692025880747,0.02104591486400203,1.8848936383873485,-0.6564726358166846,0.719549300011469,-1.0637272720515891,-0.8672023901980199,-1.0860353198382164,0.49973781631642106,-0.8672023901980199,-0.8937117318958494,1.5163510993053442
2018-09-28,0.3383797524774005,0.5306119883711496,-0.046951387291102105,1.8644251608292202,-0.6888309169246682,0.6462293786906246,-1.0440168631126316,-0.8219332710476676,-1.0567089931313591,0.24765629228167804,-0.8219332710476676,-0.848338561541963,1.7014106914469878
2018-10-01,0.39771189758750614,0.5676486386379214,-0.022858172671028028,1.9498363148850462,-0.7027112364033391,0.6826410132042076,-1.0685176504558573,-0.8103954639006722,-1.0554684575480735,0.1155701776442205,-0.8103954639006722,-0.8232700995293492,1.580208502450091
2018-10-02,0.4428368087847244,0.5660072219111548,-0.05678278824498352,1.9908375265743101,-0.6976446611583763,0.6378829577324514,-1.0864648385797666,-0.7997484946087883,-1.0271193411650796,0.08024000464949076,-0.7997484946087883,-0.8128407624384485,1.5625448611521016
2018-10-03,0.4593073494509651,0.5347353731859307,-0.10961828160075077,1.93931679529642,-0.6963128148017208,0.6321614230868977,-1.0779300023284322,-0.7880449198780678,-0.9625194164328149,-0.0116221403757126,-0.7880449198780678,-0.8182915225351904,1.6868630768105426
2018-10-04,0.4896201332347599,0.5662175720973,-0.14302309717020714,2.0564027464724735,-0.7371385162906875,0.700845657031501,-1.1772957031035787,-0.7546930725937242,-0.9158544177903554,-0.042934348934832396,-0.7546930725937242,-0.7698312864938173,1.4823774061348942
2018-10-05,0.5597942441905979,0.5037647983459661,-0.10876521664153035,2.012978019103714,-0.7449713079284473,0.6692898671023277,-1.2634922871712497,-0.7260477625700877,-0.8958226839025145,-0.07796055345343535,-0.7260477625700877,-0.7390991177647406,1.5363797632594873
2018-10-08,0.5264608281164496,0.5256707664925759,-0.1376290186865755,1.9267909641303844,-0.7939471750018462,0.6691761215133647,-1.2055843167658677,-0.6618296039599395,-0.909464400526594,-0.313455893337774,-0.6618296039599395,-0.675026412604891,1.7106677445906529
2018-10-09,0.46706098898312653,0.47440327453904363,-0.18466438208416605,1.7787859395555747,-0.7793024912891487,0.6083894415346436,-1.3004708082634848,-0.6462671888514988,-0.7310224928357831,-0.3200714696354938,-0.6462671888514988,-0.6639954996139077,1.9434218768125928
2018-10-10,0.450147434643637,0.5512907773498623,-0.19337851330576,1.8952454810036963,-0.8217508761913914,0.6216226278414669,-1.1442267558408519,-0.6913430303368362,-0.700426531894755,-0.43125204481530593,-0.6913430303368362,-0.6858539482613354,1.8412684101444108
2018-10-11,0.5214590249976773,0.5902418745863405,-0.12685235286109772,1.945150065140174,-0.7359526803334961,0.4956537761091369,-1.2005305146776228,-0.6515389414928033,-0.7414698564173196,-0.5526075576391477,-0.6515389414928033,-0.6775602234092304,1.7855463274901928
2018-10-12,0.4281710551047385,0.5592209242173012,-0.21565664549552582,1.7868161478663354,-0.7605687983273077,0.3673680288651592,-1.044711865277461,-0.6114512632240116,-0.7623416037704964,-0.6039549792336626,-0.6114512632240116,-0.6236352690462301,2.0921955315451735
2018-10-15,0.5072287175595177,0.5490982061892533,-0.21873990030824308,1.7621837487224947,-0.8047299435082066,0.38689681196905595,-1.1005295170837823,-0.6466325047309557,-0.7294914872316378,-0.4639984248771436,-0.6466325047309557,-0.6590180977603721,2.0643648957909764
2018-10-16,0.5105994597069865,0.6212137861146463,-0.2229643045466194,1.8719296517457342,-0.8403743052013649,0.4493275172164984,-1.1143368302773122,-0.6673092335384964,-0.7388287992425642,-0.4131374147085461,-0.6673092335384964,-0.6806852802299836,1.8918749864995188
2018-10-17,0.42478039681082796,0.6655321665867513,-0.22486246228246384,1.8463027515782573,-0.8597768887871727,0.43600491055238527,-1.0792975483105354,-0.6382904872414468,-0.716827996714653,-0.4986092824464202,-0.6382904872414468,-0.6664369740359541,1.9497719015318697
2018-10-18,0.3682670923473609,0.6480355825004525,-0.23544757140003003,1.8175293539019697,-0.8872803549538804,0.3505024939825093,-1.1788331412931454,-0.6476403843317218,-0.6045827288298993,-0.32115199627012087,-0.6476403843317218,-0.6693172174059612,2.007559256084188
2018-10-19,0.4031238421316262,0.615975655546336,-0.22189717279773,1.8961017312263502,-0.8610400381794243,0.3824139011946222,-1.12115861601552,-0.6590836335449844,-0.6069496760937693,-0.4346746942943271,-0.6590836335449844,-0.6785731687955355,1.9448455031673413
2018-10-22,0.4619061268777628,0.6003523988649575,-0.1836341404628517,1.895600156603938,-0.8178865737124843,0.242602026294707,-1.0922394541922944,-0.6876817648722161,-0.6050100568202932,-0.3816667183002071,-0.6876817648722161,-0.7200984630598853,1.9754382276510845
2018-10-23,0.4150620772888878,0.5768109531344633,-0.23309023789082545,1.8119229275123676,-0.847758265294741,0.22474659643240733,-1.0162390453137127,-0.6676951914611617,-0.5510008813797234,-0.4635485163509709,-0.6676951914611617,-0.6942367667195373,2.112721541503707
2018-10-24,0.3933302272794959,0.5071190942981294,-0.1998616673792812,1.804053325868501,-0.7751837569397825,0.19301266409028134,-0.965832408703568,-0.6900097384116936,-0.5649835982173297,-0.4743570020441633,-0.6900097384116936,-0.7102256510200592,2.1729482495911623
2018-10-25,0.34930821614760754,0.4466226168593377,-0.18191713162629364,1.7188572702866782,-0.759705831727744,0.1596015085446852,-0.9173826860867803,-0.6662331119351381,-0.6003678735661813,-0.49590843695033093,-0.6662331119351381,-0.6851599217603587,2.2985184937496563
2018-10-26,0.28592776760507405,0.38682744265277724,-0.21966928779336034,1.6253150204655635,-0.7242245822660159,0.17680780617047184,-0.7879354971431082,-0.676400488086321,-0.6166398449334576,-0.49731270235665553,-0.676400488086321,-0.6992245509927364,2.4229294047640875
2018-10-29,0.35668249337586827,0.42320209577838963,-0.19377789067126516,1.820719768383361,-0.7334298791334841,0.16561242677913005,-0.8438076566049957,-0.7086402069675838,-0.6147393017916368,-0.45304597387569084,-0.7086402069675838,-0.7326341103975461,2.2224984420930376
2018-10-30,0.3713501538358152,0.33169840667350364,-0.21077062234487842,1.3851440775718815,-0.8064414968959726,0.3473574734230346,-1.0498880949809923,-0.621651885175613,-0.6135125270946215,-0.35902755484317367,-0.621651885175613,-0.6465138354001296,2.4939077904067606
2018-10-31,0.35352652849678523,0.4047650392862018,-0.21702066496316294,1.47507187554049,-0.9281227774566416,0.458403159972585,-0.7478775794170899,-0.669725426576336,-0.7172259307571094,-0.44564817962727094,-0.669725426576336,-0.6967922479307023,2.400371630008586
2018-11-01,0.43018810454814616,0.5218914596182371,-0.1577851367017669,1.580494096837761,-0.9614700057480784,0.46357090788745825,-0.8961321322160072,-0.6358250240484126,-0.7297969426302258,-0.5432605532350919,-0.6358250240484126,-0.6702785861247694,2.234228835861162
2018-11-02,0.5230602035464562,0.5172561022033906,-0.18633902164322136,1.539972034795949,-0.9617496903103937,0.4539100582254443,-0.8795829938264201,-0.6469164289315292,-0.6775814707856324,-0.5975954551114774,-0.6469164289315292,-0.6806133695139388,2.2430964602829007
2018-11-05,0.5345984781623814,0.5016663729113802,-0.23798709964514334,1.6814207969986161,-0.9876475863096913,0.4812252042801236,-0.8197195190893112,-0.6383619129681875,-0.6898343097183339,-0.6510005628742238,-0.6383619129681875,-0.666823488889772,2.130825540110348
2018-11-06,0.4742768849137844,0.592900183234462,-0.19535726420146413,1.69984511605984,-0.9463906055145358,0.39827225925435134,-1.0223019225226835,-0.557274884023385,-0.8220215299865934,-0.5668625461069444,-0.557274884023385,-0.5998433033121751,2.102032496228728
2018-11-07,0.476001843517702,0.5825081049321299,-0.1661612246090485,1.661794635592116,-0.9427911852829394,0.36846220226115,-1.091821898518358,-0.5238500029225631,-0.8715543848182232,-0.5375538643004407,-0.5238500029225631,-0.5572777289892394,2.126093506060278
2018-11-08,0.5537098807077734,0.6868428893146598,-0.23463382160689808,1.7494726643474665,-0.9640952294695689,0.3406852707794828,-1.023651620761079,-0.5377528713948896,-0.7871564672800593,-0.6691885517250162,-0.5377528713948896,-0.5831422032566755,2.0066629317396942
2018-11-09,0.4148655729748376,0.5231484502479801,-0.31326268787324524,1.445339402405588,-0.9554192346338873,0.18157024495310028,-0.9525268505808813,-0.4219931017871964,-0.8461430301184711,-0.613186608281259,-0.4219931017871964,-0.45996193108448774,2.419562875565119
2018-11-12,0.40446296825491695,0.5596584475286961,-0.2822227846104416,1.3994986169687298,-0.9309302388229578,0.09126031716763275,-1.0105406546429736,-0.4255975163205105,-0.8230927104762523,-0.5484025566124635,-0.4255975163205105,-0.4646004149322746,2.4561040428184087
2018-11-13,0.526744701501446,0.6795318580896209,-0.2168778941664496,1.585005175450901,-0.95575776588546,0.0285905100119084,-0.9815722186860889,-0.47225824036880715,-0.8068740372542891,-0.6523244726927006,-0.47225824036880715,-0.5076892722506562,2.2457398966193827
2018-11-14,0.5039351621103078,0.649757122386137,-0.21852960446707545,1.5464851500388985,-0.9237746852444971,-0.03900249087105868,-1.049649976842045,-0.4258650588204021,-0.7710751135873679,-0.6778860669753874,-0.4258650588204021,-0.46880375074727804,2.300274371840171
2018-11-15,0.5564748343302841,0.6706949283719541,-0.21741642862534313,1.558108326148507,-0.8960565762419842,-8.375467536752322e-06,-0.8811475544607571,-0.5212053345186091,-0.7601072776543272,-0.7168853140406088,-0.5212053345186091,-0.5598597953925961,2.2886139020696286
2018-11-16,0.5737828296050033,0.6685283184693415,-0.21625967341859384,1.5898209482627974,-0.8614578498239329,0.027016653522681303,-0.9380812788325033,-0.511734559099301,-0.7861181191368325,-0.7345888155478584,-0.511734559099301,-0.5458241376654378,2.2466502427639377
2018-11-19,0.5888097908573972,0.7484509127879417,-0.24674529569423503,1.6062715416515787,-0.9175085744808708,0.07163536771095964,-0.9833630329134017,-0.4181854524416538,-0.9206768746855987,-0.8022962426344319,-0.4181854524416538,-0.45141029879939165,2.14320361108336
2018-11-20,0.6794216360732875,0.7938969270614243,-0.16726982481687536,1.6001565739136134,-0.9047693090033387,-0.0955396541196582,-1.0311448178624014,-0.4064430541385004,-0.8943683162752774,-0.8486939881408597,-0.4064430541385004,-0.41734812622682954,2.098545007673916
2018-11-21,0.7538420620520689,0.8735645183822639,-0.12481535337579928,1.7677450301310074,-0.8906844051008382,-0.09313833284572862,-0.9669765247024291,-0.3975664214712372,-0.929841960445348,-1.0060316299916914,-0.3975664214712372,-0.4349058761567625,1.84637531499573
2018-11-23,0.7880641142332543,0.81377133695873,-0.1285000724448674,1.7478672260342587,-0.9413593236111022,-0.2652875667282311,-0.6485448989398571,-0.36372689260237223,-0.9311683535871869,-1.193586164074276,-0.36372689260237223,-0.3986817245053593,1.8848792118693816
2018-11-26,0.7365910398927638,0.7505599040969482,-0.19443946705135093,1.5013294581757421,-0.9653210439019743,-0.4890999836387291,-0.514639115222139,-0.21372944074791442,-0.9289425144175967,-1.3026613800593825,-0.21372944074791442,-0.27317535744428084,2.107257341065828
2018-11-27,0.7433285956442378,0.9249833549658214,-0.13185213217786976,1.6415470284362734,-0.9784254488275195,-0.4604200866348906,-0.31278677715713127,-0.3043222798239587,-1.0423068749866047,-1.309467295330725,-0.3043222798239587,-0.33970507294010766,1.8737492686564332
2018-11-28,0.8772810034636751,1.0271882720479573,-0.1732753867701565,1.3775783434237496,-1.0994769438930816,-0.529327544910154,-0.02994840026188181,-0.22003558449382962,-1.2025541600942171,-1.3452999551933398,-0.22003558449382962,-0.2851354032991106,1.8230413444742184
2018-11-29,0.9337672680005279,0.928872063091594,-0.26712739456797535,1.1533531861895516,-1.1398791503281713,-0.6744245271214491,0.09832657024976237,-0.14646150840678937,-1.1168073888018877,-1.3905016064282711,-0.14646150840678937,-0.19207098194844163,1.9594149784783388
2018-11-30,0.9259784364367991,0.8684121859886539,-0.30204307638471345,1.1368098629855734,-1.1327460660653295,-0.19083829289758147,-0.015339932781652122,-0.3569969390846674,-1.1223147180882411,-1.1875041649481857,-0.3569969390846674,-0.40949189066939634,2.1430715345934077
2018-12-03,0.862002069753562,0.8493949837944773,-0.20493421735411801,1.178028980254583,-1.091418421626541,-0.20590032975370914,-0.025328848462279962,-0.4426553553337808,-1.2263818878122028,-0.9414112060652684,-0.4426553553337808,-0.5069908099493857,2.1982503978884447
2018-12-04,0.881519018610859,0.6957265235826258,-0.27941752649847623,1.4233485646264332,-1.1583067687800477,-0.07021882936952503,0.01111786350776408,-0.5503480197423871,-1.1406009309503173,-0.7533867493400196,-0.5503480197423871,-0.6151349206864746,2.1060497947819528
2018-12-06,0.5174205211463389,0.9453415893828474,-0.32124935212784117,1.6205981151270998,-1.1840237925481527,0.12664779445197138,0.0392884375933652,-0.6004432311458918,-1.2578334009553929,-0.5505698474980462,-0.6004432311458918,-0.648535135592292,1.9138015333118856
2018-12-07,0.42563349907519105,1.059459859316944,-0.3696200788552588,1.4948762412240477,-1.2060132374825858,0.08201646324296229,0.053898236503413396,-0.5388227201550212,-1.1834052724282134,-0.6882959708924392,-0.5388227201550212,-0.6018542175854583,2.0109499181914408
2018-12-10,0.8414504401531875,1.4377853375676148,-0.2704467261767173,2.088112841877048,-1.3834620797167927,0.22254113226280609,0.05054579600141867,-0.48617509063794356,-1.1548285131277796,-0.7450950557293913,-0.48617509063794356,-0.5352876618873946,0.4210346700518873
2018-12-11,0.7943058678347863,1.4235281074078625,-0.21390106289704494,2.147688192671648,-1.3603596720801594,0.0709110526434722,0.0870330900074073,-0.531823291054409,-0.9833630316529599,-0.8059466231017716,-0.531823291054409,-0.611280642338997,0.5150313036145743
2018-12-12,0.8188185648896165,1.3276209350059531,-0.27996068788419826,2.2076110591392832,-1.4355994977833089,-0.09604691894840774,0.10336124177915504,-0.5095225561448303,-0.77267673408741,-0.8508869838585255,-0.5095225561448303,-0.5906268748142772,0.5874310088517778
2018-12-13,0.6499876048025253,1.197250144079849,-0.3222910763084364,2.085659214008318,-1.4912161079366788,-0.13321903589965658,-0.09380666012901596,-0.4522520765830593,-0.7498641582422861,-0.9471755225714147,-0.4522520765830593,-0.4578201999219272,1.1669999512848412
2018-12-14,0.5350550199335072,1.1903458934376996,-0.28920633668231055,1.9739651249685919,-1.4123854616277407,-0.32066529603926863,-0.4524491494496632,-0.29243256115363614,-0.9138649207128332,-0.8834169515207267,-0.29243256115363614,-0.30379492166351313,1.4612821216635294
2018-12-17,0.4787442435704385,1.2888064656681981,-0.32723515497336586,2.0720464332079986,-1.5104872642786524,0.12181844810104725,-0.31326866046412516,-0.3080190971988742,-1.0057802155794104,-0.9005622715795849,-0.3080190971988742,-0.36823709045395964,1.0801932611791645
2018-12-18,0.389957619206303,1.4561625765023236,-0.30097696874547675,2.1280386721975946,-1.5594458854148299,0.11302022387164685,-0.1623055193855323,-0.2828151817656251,-0.9697388266162394,-0.9470945431492869,-0.2828151817656251,-0.31667495390739464,0.7346879689721411
2018-12-19,0.5370360482873892,1.4949436741819104,-0.26883826581643355,2.2949390573141444,-1.6439019456931123,0.13740511197058178,-0.1632873295528803,-0.2627866241598503,-0.8473621226681753,-0.6650460529158474,-0.2627866241598503,-0.2975853339891424,-0.05272959279873418
2018-12-20,0.5935134722560612,1.6141182531986122,-0.21948069060681746,2.0113374842752187,-1.561289765524786,-1.1785429119693194,0.16553407616271204,-0.12172404810200489,-0.6378132263607595,-0.7375710916794368,-0.12172404810200489,-0.12172404810200489,0.31536654455453006
2018-12-21,0.6033802625812312,1.5759464948649202,-0.18682302108705248,1.7812857208708555,-1.5230247650249964,-1.4842447957240903,0.5222460031195534,0.10941843547480548,-0.5768495945418493,-0.8839036257692263,0.10941843547480548,0.047398965895303624,-0.09424851613426004
2018-12-24,0.35813243255390176,1.4979180160391676,-0.0891806811090117,1.8787498883682165,-1.456371476326739,-1.3648022729178286,0.5227777234313792,0.16565762042054988,-0.6233049862288159,-1.1703646886689671,0.16565762042054988,0.13988707579883394,-0.024756271781236513
2018-12-26,0.2944925799009653,1.5673628615639752,-0.026883940995195713,1.973206090270283,-1.3822482362116846,-1.5066993154646349,0.259178352927828,0.13485181901155738,-0.5066133859705653,-1.0081700440738899,0.13485181901155738,0.07075095537196885,-0.004079555342164563
2018-12-27,0.15024348469608376,1.5874846422996776,-0.07449661797176202,1.9635561940466544,-1.4697440647519728,-1.466581956277157,0.16733027244793608,0.15506358714878532,-0.5080855155154576,-0.9528850420106869,0.15506358714878532,0.1422091390075603,0.15084228973155364
2018-12-28,0.2144199544286611,1.6099778301577359,-0.08037915515121821,2.0696332150647376,-1.394199659541687,-1.3843113320042848,0.5272298991342566,-0.02373977702699363,-0.4414764913272409,-0.8423465626245821,-0.02373977702699363,-0.08554679684707939,-0.1455213472353122
2018-12-31,0.18826275118901514,1.6093178798408074,-0.07865884395237942,2.0081727472129307,-1.4844875515901503,-1.3572677911632256,0.5928804112767713,-0.03348809204478023,-0.4580524299770396,-0.813575170917982,-0.03348809204478023,0.09544340223617143,-0.2350592200653585
2019-01-02,0.2406678034466401,1.6197627615701529,0.018065040477474825,2.1582997113613596,-1.4736934761860325,-1.2280019145431336,0.4069686003768197,-0.1727400726766947,-0.607282669495339,-0.5896978986133488,-0.1727400726766947,-0.1955725132470417,-0.004035299794161753
2019-01-03,0.18549609173132509,1.4866489542395578,-0.025134407552478425,2.158392938446039,-1.435715597834525,-1.2707804861159728,0.2906041739157099,-0.24296553965560652,-0.5904605686441048,-0.6778624780281685,-0.24296553965560652,-0.23165588551416344,0.5963983446679941
2019-01-04,0.11978240914130951,1.5645461875942916,0.018161128757034538,2.169590035688405,-1.419090157889561,-1.157816704015231,0.34840588396571376,-0.1702999962638005,-0.6791245404889339,-0.819896616279002,-0.1702999962638005,-0.1702999962638005,0.3663423623173747
2019-01-07,0.2590734796973679,1.4470996938154732,-0.08224436904647832,2.2238392076367703,-1.4109071329553273,-1.2131067210129354,0.468489225906475,-0.1990425594997825,-0.6297640263872706,-0.7641687562292128,-0.1990425594997825,-0.21470626564338255,0.31448078321808565
2019-01-08,0.20480384295153156,1.4224393670274051,-0.14785733016407634,2.0130340525649597,-1.3152792732970298,-1.371467891058752,0.7680910296790932,0.012378412902854765,-0.6316359125888612,-1.1126853799479641,0.012378412902854765,-0.0037094714895882126,0.14951014051757244
2019-01-09,0.08112495300803073,1.3913857501220306,-0.1445088056144007,2.0454108954027124,-1.3352744504859548,-1.3905169247525557,0.7913426050027499,0.009863772421990697,-0.7634587018707476,-0.9349639394477809,0.009863772421990697,0.009863772421990697,0.2298673013699436
2019-01-10,0.07364749887218337,1.332886793414296,-0.15707708446030774,1.8802815524006569,-1.3188091031279388,-1.66880121904888,0.535016215995339,0.17959828963168523,-0.6104030437909304,-1.0674201095868143,0.17959828963168523,0.14015660282685755,0.5013253172421673
2019-01-11,-0.021710132785959,1.3853078009869013,-0.2497477117116222,1.7705515347868712,-1.313287531288123,-1.6961187252582732,0.5717975443182989,0.047909278133138805,-0.45057898187379675,-1.008637523388717,0.047909278133138805,0.06480238232074846,0.8518027876273934
2019-01-14,-0.030854679810666197,1.5142910618584717,-0.17504749120792074,1.8062985175549178,-1.2948570291471058,-1.8103936504616343,0.6043777125533654,0.06967725033738742,-0.15736684194469877,-0.9778760295964382,0.06967725033738742,0.06967725033738742,0.31239667918954606
2019-01-15,-0.07115276670455774,1.5540741507091766,-0.15045182690112305,1.804051610159602,-1.2853995889476222,-1.8831537990422067,0.5401174175856752,0.04914920931687262,-0.017125494612159238,-0.8691937050443374,0.04914920931687262,0.06090623375757015,0.2190293504062365
2019-01-16,-0.03490167917289822,1.5561426916273993,-0.2186018365626665,1.7250739412732357,-1.072251805950544,-1.9126912886726923,0.8175646369692557,0.087224851296147,0.07780751416507527,-1.01418024536959,0.087224851296147,0.05647469422925453,-0.15488632512812306
2019-01-17,-0.09670464425867509,1.625376677579594,-0.2458562780596281,1.6196175780482382,-1.0347834385131993,-1.938064801097827,0.6892107172700191,0.2037653741525021,0.13248217474302398,-1.1038083434238708,0.2037653741525021,0.11880692341811581,-0.1738073140107958
2019-01-18,-0.05249858511608371,1.4909521742772647,-0.24329392287827176,1.5790646587781976,-0.9816902332147719,-1.970238121297386,0.4431262119703371,0.4189915446832579,0.2640652035129441,-1.1405049004009806,0.4189915446832579,0.35149420119779123,-0.5784597761955567
2019-01-22,0.01894682472115288,1.5459547784210503,-0.12370265372971634,1.713932232654984,-0.9049783362058723,-1.8363689433301045,0.2660037792530907,0.4090348268514773,0.11707582878323736,-1.059201975648305,0.4090348268514773,0.34267891237993303,-0.8984101010024039
2019-01-23,0.017635945688284676,1.5480562901474133,-0.03926786602457775,1.4457525685815238,-1.055097358108143,-1.8372844607990448,0.23326324515271638,0.5233757933852081,0.19661232258508848,-1.0564132606334309,0.5233757933852081,0.5052098810981138,-1.0052188944583609
2019-01-24,0.05995084696697294,1.4247132288068853,-0.06050184216033799,1.2651005123708914,-1.0161785160691854,-1.8540316165151833,0.04642092840616821,0.6627048764139493,0.37972536024006626,-0.957290379993043,0.6627048764139493,0.6322817653105696,-1.2456000401917025
2019-01-25,0.00013930137989487767,1.3094341999316854,-0.12529830041945708,0.8611072411609956,-1.1981423348243583,-1.8788113283419445,0.2478640043920572,0.796875968198648,0.5722414691779136,-1.022256766571725,0.796875968198648,0.7670757490078787,-1.1271051712902378
2019-01-28,0.02976553778272495,1.1632661800598694,-0.059518325786432034,0.8434555579742842,-1.1215762182839566,-1.874844308110092,0.021089769371101276,0.903852065943445,0.5389666672701884,-1.0695121619594266,0.903852065943445,0.8731342122156923,-1.1519310424208442
2019-01-29,0.18927743538999645,1.2381072290500943,-0.08486731744385108,0.9960527762331703,-1.1040322988708218,-2.005508881380278,0.38911834945123486,0.5933575680737653,0.8075565543422516,-1.089102476459192,0.5933575680737653,0.5630254389365181,-1.086341945396652
2019-01-30,0.19245422511346447,1.2233915821086412,-0.034764922227384726,0.9095916232962888,-1.1165556334962112,-2.1307129077991203,0.18003259912664474,0.6521081172271713,0.8495268461350509,-0.9762426936604485,0.6521081172271713,0.5783294111427617,-0.9792663641940301
2019-01-31,0.2737367489206885,1.1270581331449356,-0.0952174746091516,0.8600490479024311,-1.083816239297945,-2.115838258738829,0.33967774769752346,0.6065359660870601,1.0026118052276172,-1.006015930564013,0.6065359660870601,0.5339854080381402,-1.0493029198955162
2019-02-01,0.3200184546879575,1.1988694938621787,-0.08394800349146966,0.8052153262733825,-1.1422311417606663,-1.98575518955047,0.33952884983704473,0.5526360516327543,1.0583996885574194,-0.7975786871910028,0.5526360516327543,0.5238799262508246,-1.3416708207407066
2019-02-04,0.3794462903356919,1.1273503403094183,-0.009738800929686237,0.9966126631704455,-1.0008079271687291,-2.016396186716544,-0.11021477536129583,0.6338072084609205,0.9628754325670037,-0.863032118816055,0.6338072084609205,0.5732547167326433,-1.3069640510447336
2019-02-05,-0.07680940108430148,1.0594357036745523,-0.03114218165188097,1.2268313352972193,-1.135340434870128,-2.0194172820748633,-0.07792691835687804,0.754845831541581,0.745843426714216,-0.85386272626805,0.754845831541581,0.6944602945370988,-1.0417634790001484
2019-02-06,0.10762651631007643,1.3448901310058927,0.27271623312159704,1.1639738854151935,-1.2610245908994886,-2.1632028879742293,0.021250107252893218,0.5092668802128923,0.6540307208259307,-0.7711937863477224,0.5092668802128923,0.4634966667138406,-0.8510967558497677
2019-02-07,-0.028119341152146766,1.4544889921100743,0.33019087207957043,1.4038073753906812,-1.3595019696212576,-1.9562694735825727,0.2813913987609152,0.24443121899990655,0.7630293382891377,-0.677692576584449,0.24443121899990655,0.21711355224420253,-0.9173006059339681
2019-02-08,-0.026641684371563737,1.3327299222603235,0.3835465472304856,1.3529042799278292,-1.1418153413608854,-2.112940006068172,0.4049968797524894,0.3777977239520536,0.4689024623567862,-1.1432961991537811,0.3777977239520536,0.3443569025126819,-0.6183392109903006
2019-02-11,0.09745758379447964,1.4367474779017635,0.41551382128843806,1.3565390280221912,-1.0267516560772587,-2.1551857304412296,0.13519471402072844,0.25572735401317176,0.7122192440596429,-0.7494970396274093,0.25572735401317176,0.2361214268844922,-0.9698135778521824
2019-02-12,0.05641518393859584,1.4821983694864347,0.4494005783957618,1.4004010822990087,-0.9553327263814047,-1.9984256001210399,0.594527745624014,0.018668943671229288,0.7637441767770865,-0.6054343847924605,0.018668943671229288,-0.030895565937858895,-1.1939367466305966
2019-02-13,0.0001533611933878122,1.249302122171041,0.20530896239040664,1.488873980137247,-1.038533441197404,-2.1126738634064806,0.8325374158988411,0.09760755803857472,0.707043136360905,-0.5766765454543671,0.09760755803857472,0.09129013713141564,-1.041840381302142
2019-02-14,-0.1982898463345333,1.3826829976361636,0.24418030612189717,1.3952244102354252,-0.9300121995985215,-2.0338991846313297,0.6653729757763844,0.26390084772407485,0.6692615146462629,-0.9462967440653924,0.26390084772407485,0.2501171066248864,-1.026143031859392
2019-02-15,-0.194145916822148,1.4124343180988397,0.384080724267869,1.3775012298890108,-0.7217431607032498,-2.111249134704397,0.601229632760723,0.1849214179767853,0.6843404235592792,-1.1298591460785163,0.1849214179767853,0.1849214179767853,-0.8573532241977663
2019-02-19,-0.15032207995367386,1.3690478076376063,0.356893238143886,1.276098973032636,-0.8741625164181259,-2.1674662113404928,0.7252460130785348,0.2573773824870465,0.5696060304801654,-1.185510379286552,0.2573773824870465,0.23158726064317392,-0.6657729009912513
2019-02-20,-0.29096910766155015,1.3428959652201684,0.34142938495818503,1.3343872877945775,-0.8603507576260088,-2.218412859149894,0.5550717319202184,0.29475597078964055,0.6014357619986666,-1.157236056373371,0.29475597078964055,0.29475597078964055,-0.5325192634499131
2019-02-21,-0.23685608609103073,1.5355357955328808,0.3719944615195251,1.4381799100496717,-0.7258653511970735,-2.062014216388353,-0.35956330395431524,0.3001941556132151,0.8454405392673543,-0.9729514924000366,0.3001941556132151,0.3001941556132151,-0.7344827231782682
2019-02-22,-0.18612839171659892,1.4467672093898218,0.3031626266505333,1.1717028173204012,-0.5961477640400175,-2.145946186335254,-0.2434713296620783,0.44957591633278565,0.8908667664245031,-1.140254690100246,0.44957591633278565,0.43643769905712887,-0.8361405896537647
2019-02-25,-0.13935307849214784,1.6112188443410387,0.2740697204558414,1.1271603943497308,-0.7743605067727712,-2.007473303589194,-0.4404695913715277,0.4439578149450499,0.8909552307363356,-1.0473881179394144,0.4439578149450499,0.4635629775154349,-0.8458381991234272
2019-02-26,-0.2703350803308287,1.5797697624911735,0.2752535069400661,1.1923188777213534,-0.8046637090483695,-1.8816490594982331,-0.622181380310379,0.43084091592663126,1.0387146940186227,-0.7236095988983771,0.43084091592663126,0.44437951080993077,-1.0896793557482214
2019-02-27,-0.18104048165609427,1.4856446115856672,0.2796474824578233,1.213758159596889,-0.8323871224883228,-1.9232970497191433,-0.6230092107688683,0.44006672432014016,1.0542208043947474,-0.6668041629521974,0.44006672432014016,0.44693787198497315,-1.1338043510757552
2019-02-28,-0.15486807903561742,1.2612861287457031,0.21920334847137765,1.0241604531958004,-0.6756962142143053,-2.1180735902521977,-0.48186365163106626,0.5596001324249396,1.1219697659020753,-0.6987064118983999,0.5596001324249396,0.5719803501020402,-1.1885923642352891
2019-03-01,-0.13304000337616664,1.1967581171286819,0.3354570337882082,0.8941388415218238,-0.6067441872056872,-2.102261283990986,-0.300972742274575,0.5809142846258384,1.1119834620478224,-0.7510459385070564,0.5809142846258384,0.58675433094828,-1.3928561993320214
2019-03-04,0.06658010163322062,1.2224195490748582,0.3778242589969927,0.9797756006301341,-0.4503507892154288,-1.9554122613812384,-0.14063270025048288,0.4072408979679081,1.1441223252431136,-0.7797628382407376,0.4072408979679081,0.4294960120426417,-1.7085410544688895
2019-03-05,0.05680391058895422,1.0772182547614844,0.5710193798063058,1.1462824801215314,-0.023841611720734117,-1.904958984627033,-0.13701950703110083,0.2785866060577836,1.0736982064045668,-0.8568900692530553,0.2785866060577836,0.2902642361871314,-1.8497495073536179
2019-03-06,0.07424584809047124,1.124696800553067,0.5668536342741672,0.9027867526282272,-0.035712121945096355,-2.128626518149831,-0.07812948606800674,0.3620706323093235,0.9927849074914948,-0.8848670327828126,0.3620706323093235,0.42743190098499506,-1.6856059496953235
2019-03-07,0.18062326813933044,1.2292574579088722,0.5861912240864117,0.7737059726572738,-0.08007892675967407,-2.018242678782876,-0.0773233659529464,0.31430189840094214,1.1911945313236725,-1.2259848680166783,0.31430189840094214,0.3013485780832764,-1.4892949894885468
2019-03-08,0.2650237785377657,1.2863170504899244,0.5692568661706194,0.7683263752128602,-0.008096217704846673,-2.0386032194362556,0.15773797516931484,0.28559228758246563,0.9638224249227512,-1.352320084454416,0.28559228758246563,0.2917785741028457,-1.4744280981754945
2019-03-11,0.34981451548585335,1.1997679803997694,0.354145668771351,0.6917865569857761,-0.1341106803765195,-1.9513237791629237,0.03021170016641253,0.3106940622630778,1.263680531685612,-1.115132582614332,0.3106940622630778,0.37343262021072227,-1.6836606560778768
2019-03-12,0.27178615033960074,1.2093931910526934,0.2878140646126093,0.6640262776826373,-0.12339434342685687,-1.9712171685917712,0.011695527397870836,0.4158854390522114,1.1853067891074993,-1.3514961021900316,0.4158854390522114,0.47842531237070357,-1.494110576459377
2019-03-13,0.2508350513332788,1.1636368823580496,0.1788194435896716,0.5280122576236146,-0.10841767273643255,-1.9586105717753917,0.08599127490557903,0.4913755222616443,1.2041606642726466,-1.3288812118990057,0.4913755222616443,0.5543756905594519,-1.5526728527547506
2019-03-14,0.24968407679623167,1.151039557729704,0.24221197818822313,0.5340174790319199,-0.03714334951986143,-1.841333539746028,0.010136834847075574,0.5609881745357569,1.0442973098562454,-1.479020196155788,0.5609881745357569,0.6141784306418693,-1.6100449307411042
2019-03-15,0.2375649370803209,1.2948909075627364,0.38350659416531063,0.628134040842836,-0.09048826492714815,-1.8053235625656334,-0.06301491397382623,0.4462208720392831,1.0501198728296541,-1.4099585185573038,0.4462208720392831,0.5227423330575102,-1.6406151695930227
2019-03-18,0.2164369210764946,1.3681364281012691,0.30476971884935666,0.6077414149986226,-0.268039047704361,-1.986782996780394,0.06167713051826627,0.4151235045358936,1.1310667160502672,-1.4785038182824939,0.4151235045358936,0.4659098524697871,-1.2526593283686025
2019-03-19,0.23515927526944866,1.4358685572474181,0.30762635239404856,0.6039059098243308,-0.295032234361588,-2.1133941737726576,-0.017920421199948952,0.4326013872974277,1.0057582692268054,-1.4642042118368122,0.4326013872974277,0.4871650441558491,-1.05013514154175
2019-03-20,0.2098029818287587,1.3774512211710208,0.3042182031044539,0.5304305337449375,-0.37844878850228814,-1.9342770672910252,0.12336540307472087,0.38586992390469677,1.2749997528230592,-1.5358770732886757,0.38586992390469677,0.4112968020104994,-1.1547018164848557
2019-03-21,0.19694613961430543,1.3369089177492275,0.40250083462436814,0.5799901408064024,-0.10091168108952005,-1.8429646986042598,0.10550568988816122,0.25769391562280475,1.3850183551142647,-1.5637133806593022,0.25769391562280475,0.2821576498078318,-1.2968257984970895
2019-03-22,0.2108845381969648,1.2803143392127554,0.37123731221263057,0.37004910704839444,0.026542649962719985,-2.010132641219528,0.07296034269288,0.23168163670493577,1.510376148551569,-1.6792984400721163,0.23168163670493577,0.23791284045679842,-0.8542094704529392
2019-03-25,0.3383691660658412,1.4986215035281745,0.3097607220273957,0.398359981608314,-0.08619365408944053,-2.0301353687452797,-0.23798765847168799,0.2525604546925897,1.298772332865205,-1.7110845065610145,0.2525604546925897,0.3148555153629343,-0.5984589429756214
2019-03-26,0.3347230124326481,1.7089444769717768,0.4627804479588754,0.43669063849215944,-0.034218208100530924,-2.0767475127380832,-0.2140573874695558,0.08112803076833151,1.1177035602925953,-1.678249826569714,0.08112803076833151,0.11327375185896851,-0.33309901466580244
2019-03-27,0.3826010853119915,1.8489672387714295,0.48513229217838105,0.5073108284942864,0.12929391935029244,-2.111052217665339,-0.13943357093640582,-0.08065053810958808,1.0555769189938784,-1.4331734709410413,-0.08065053810958808,-0.04821216812138874,-0.5157097792169081
2019-03-28,0.21630441127973882,1.5515444869876194,0.49202885886053527,0.40474650156697395,0.22339585474353568,-2.4026506089718684,-0.09468477625553348,0.04837470305026789,0.9964924353980698,-1.512868489296415,0.04837470305026789,0.11825398744297334,-0.08931206785616502
2019-03-29,0.2138193559621423,1.6505730465961572,0.6087287440869247,0.485223525563472,0.31144031634155445,-2.160416096782522,0.6884576636230623,-0.14236200254109924,0.7620372506656138,-1.5215711075807414,-0.14236200254109924,-0.08939572779006777,-0.6641729656033966
2019-04-01,0.08242428226156107,1.4138805901767852,0.4775102418505351,0.628972775750499,0.0770811296050608,-2.091325115681954,1.2096290076055438,-0.25818113724726527,0.9140396208870598,-1.513681167558317,-0.25818113724726527,-0.20870419193694728,-0.47346489846529544
2019-04-02,0.153401458323728,1.4155532640027235,0.4682970251730977,0.7767333350554374,-0.1259031855478143,-2.3126783610949286,0.47028070060671123,-0.22672844512896564,0.9787514658041465,-1.5375343771141132,-0.22672844512896564,-0.16763562286181874,0.3341911879107619
2019-04-03,0.09107386543629434,1.433531412500739,0.5085922498280208,1.1060149525991236,0.128045989484496,-2.1178756064380173,0.45446059783852377,-0.3456052185662447,1.1130965281459733,-1.450123543058786,-0.3456052185662447,-0.283245073387764,-0.2923609358161142
2019-04-04,0.11154240903056596,1.395532101601893,0.6642348436285164,1.0845761349286542,0.3510538267445351,-2.1212941746525553,-0.04036475864553836,-0.24840820921444795,0.9807935823221731,-1.6335894771380317,-0.24840820921444795,-0.1543276712885985,-0.14134039810271837
2019-04-05,0.11475829849347756,1.2917332042107526,0.701647959926687,1.0093038218160897,0.5883855789965744,-2.0111859183434686,-0.29908220966768584,-0.07778454870278276,0.9516147074663159,-1.796297481545615,-0.07778454870278276,0.03064868577287729,-0.4259575497204396
2019-04-08,0.09891108524914141,1.4310661520127232,0.7661511082067101,0.802632282241118,0.41584817371738114,-2.127745554642882,-0.6194402445695827,0.009984868417060868,1.011076232419448,-1.5818219830946878,0.009984868417060868,0.0904474937012628,-0.3070944820747545
2019-04-09,0.17400188432198782,1.4980732248243047,0.8010898053273516,0.8974605162436604,0.4111216932989241,-2.0264853715138225,-0.4341380660429654,-0.10360815864961001,1.0911120059108312,-1.424694579630339,-0.10360815864961001,-0.024117942827928805,-0.7562068526127844
2019-04-10,0.21712549353772542,1.5622829723952374,0.8210653220041382,1.0414334019829252,0.3645242321845554,-1.9631833300108232,-0.2202478697427595,-0.25010916735609734,0.9494930421826286,-1.5283135716506842,-0.25010916735609734,-0.17349521313582555,-0.5704661450349229
2019-04-11,0.30683342161187827,1.514138502279543,0.9306926848151388,0.9952339334127566,0.18582146769967972,-1.9571245350968316,-0.5478721709455079,-0.08794051329114719,0.9143946583141408,-1.548944070112444,-0.08794051329114719,-0.034611051771426336,-0.5826818136246332
2019-04-12,0.3176738026121491,1.5843507484574193,0.9579224640550016,1.054759980420015,0.14202499284793305,-1.7459892467312472,-0.3844113618452722,-0.12955756350483227,0.8740378262226924,-1.6082203766333063,-0.12955756350483227,-0.06452233429697074,-0.8685113680987497
2019-04-15,0.39326793279871347,1.4545931088988928,0.8719991976489411,0.9602489055844732,0.19395040176705278,-1.821267504158541,-0.12592260542270614,-0.04051229903190514,0.8621279393075681,-1.684717494829721,-0.04051229903190514,0.021384682243555803,-1.0446399657744188
2019-04-16,0.4007401366563507,1.5103960601146402,0.8057722988951558,1.0932339622284681,-0.03457102907813896,-1.6730548304808839,-0.5856353470875064,-0.08783775628283433,1.1415738377263878,-1.5460753330041792,-0.08783775628283433,-0.008609213082736674,-0.9280950303218884
2019-04-17,0.429673639871755,1.5311817838639423,0.7321632251646012,1.1658754037283467,-0.24197268064303668,-1.687875446255211,-0.530292952630079,-0.0835157862219749,1.1606921088895397,-1.4798722468302046,-0.0835157862219749,0.001608150117027422,-0.9141494128327307
2019-04-18,0.3526792625350294,1.5132194237282466,0.6802298609825707,1.0454079186678826,-0.3104528922057409,-1.6806808897859347,-0.4897240566519913,-0.04364273192355085,1.3436153608180037,-1.4876431428288084,-0.04364273192355085,0.04013996333650943,-0.9195053447486654
2019-04-22,0.40729504585337256,1.4215299454601902,0.8149590679722664,1.035553937720383,-0.08240638686034701,-1.645306431974349,-0.46222753033707153,-0.0484010232375971,1.2161743142380257,-1.6279834338750585,-0.0484010232375971,0.02646668157552717,-1.0072531632977444
2019-04-23,0.7424516657935738,1.5479794801373787,0.6685161569947605,0.8853647953489285,-0.2706197763937048,-1.4381209166153635,-0.7497840307820282,-0.19366735381935668,1.495348276208745,-1.1189846234345384,-0.19366735381935668,-0.13519879997833834,-1.2396175196406998
2019-04-24,0.8919926042637016,1.3846123777998942,0.5969118394882292,0.8020528792645946,-0.195171917725093,-1.4476403444052441,-0.6544223140185422,-0.12549035662165417,1.5239758092039881,-1.1871245928850207,-0.12549035662165417,-0.06488088782979914,-1.3993247399133995
2019-04-25,0.8001611321612335,1.3641159609629785,0.536311081116118,0.8553203924639257,-0.12935095590325257,-1.4563508881623417,-0.6251867301765052,-0.14539417619575412,1.5972159383458349,-1.169005901165027,-0.14539417619575412,-0.07323502872223871,-1.4092066485292172
2019-04-26,0.6415636503793516,1.3389684380830356,0.6396572132856313,0.9675062793787365,0.00032359075156048925,-1.3965122841905322,-0.5935640287863695,-0.28164576712016903,1.6617666722026578,-1.0938506638068586,-0.28164576712016903,-0.19012596184391725,-1.4124413712129582
2019-04-29,0.6925200345958089,1.3704663560027839,0.5903003099511455,0.9242456879872152,-0.0628143241350549,-1.3445612266278961,-0.4076529915159378,-0.28680586270839037,1.660457275284507,-1.3045710554561898,-0.28680586270839037,-0.20455439698570282,-1.3402239436838985
2019-04-30,0.7738863885823486,1.3099164363865403,0.5302219051089451,0.7829591918573646,-0.4487085218817254,-1.3597139978519333,-0.30497884780891044,-0.1690544647629626,1.766497867268681,-1.3875345095744567,-0.1690544647629626,-0.08433761407458301,-1.2400993684863457
2019-05-01,0.9262338771231617,1.3210108329420855,0.6341806562566286,0.5805198547612116,-0.4879547596901856,-1.5083502118680354,-0.5412958095677856,-0.2411817135610625,1.8440247074633023,-1.0499021151120198,-0.2411817135610625,-0.1340184656042458,-1.102085139581993
2019-05-02,0.6996129598903809,1.4130597467078079,0.7132104157475442,0.6013217624733912,-0.46042776262384444,-1.4632692398298515,-0.44171962193444475,-0.34571506647479766,1.9158970947779532,-0.8307512398453267,-0.34571506647479766,-0.26074714854815817,-1.194756833865857
2019-05-03,0.7086233430625549,1.3964388492280155,0.668360174226321,0.5946294598524493,-0.3009634860011785,-1.501655019449879,-0.6032529997744676,-0.31309764521268585,1.9198460987635482,-0.8893416035759301,-0.31309764521268585,-0.21869316836645075,-1.1477963575396117
2019-05-06,0.3920005677251955,1.537007901461655,0.7509283792570508,0.6237128556954775,-0.47633420695813394,-1.419964646272414,-0.5813819103472633,-0.3856216793106808,1.9822012868737267,-0.6593149007636528,-0.3856216793106808,-0.276678150013762,-1.1009338180365176
2019-05-07,0.4165162543262525,1.4058790215945314,0.801731902828389,0.6169060181439868,-0.2443030455572188,-1.433437225401408,-0.6592359557553362,-0.31233211679941286,1.974686569613721,-0.7859556228775596,-0.31233211679941286,-0.24022814585584937,-1.2278955374606826
2019-05-08,0.27832400028666743,1.4561520599816475,0.6727772175853025,0.7305274584123362,-0.2887043690806567,-1.4694331767417241,-0.6545607934864736,-0.25797346858609116,1.9668470648350684,-0.8038602358021619,-0.25797346858609116,-0.1589537515580778,-1.2131685372597458
2019-05-09,0.4077574747775509,1.4337295219200366,0.6687367517579468,0.7627007305192786,-0.28029815670511493,-1.5406839695007029,-0.7657900138906704,-0.17742816006205328,1.8364997694208858,-0.870795680656901,-0.17742816006205328,-0.06736276688216994,-1.229637340636033
2019-05-10,0.39125811504117886,1.458482693124879,0.6771123973047943,0.7779158646801425,-0.1870659391888375,-1.596658822929406,-0.7330128458260066,-0.14198992212581038,1.7459821220731517,-0.9906300693589376,-0.14198992212581038,-0.05034117398441132,-1.2090624966849268
2019-05-13,0.40986684013837066,1.4109988792284607,0.5299062368652363,0.7658813553008644,-0.24479362639546903,-1.5131785786093903,-0.6704230192169034,-0.0920458800676049,1.8435531085178434,-1.0909395380020648,-0.0920458800676049,-0.004256057871773622,-1.2525238398199652
2019-05-14,0.3279716207473392,1.4294281187360132,0.512789788331531,0.8183302726841949,-0.29700036755914283,-1.5822181823735937,-0.7493952570304653,-0.04226649283845875,1.8075524519898964,-1.2038772881793516,-0.04226649283845875,0.04147885915326674,-1.0205270308227705
2019-05-15,0.30164417337526594,1.401897887624879,0.5401932281374632,0.7783046402466313,-0.31962285982593674,-1.5141819780503503,-0.7119738590927214,-0.07835515417668486,1.9058791878226535,-1.1608533696964964,-0.07835515417668486,0.00873692983576263,-1.0733136720237808
2019-05-16,0.338636028601462,1.3640593391383578,0.5467552287319994,0.7884545414263483,-0.262513566065576,-1.577370805818777,-0.5410662836172122,-0.05470048188050704,1.81373601409926,-1.2252706629180918,-0.05470048188050704,0.06921929668705801,-1.2052381665038145
2019-05-17,0.29615264061557567,1.317914792424496,0.6049271219579534,0.8673113365518524,-0.32664668835892524,-1.4637643214356362,-0.3746377891040671,-0.15982055635535267,1.8900529700806818,-1.3350766132719458,-0.15982055635535267,-0.033822576256840375,-1.1227697604924398
2019-05-20,0.3384920882231118,1.3130432142057846,0.6256437399717236,0.7954264106475479,-0.29763441283710584,-1.462926957092904,-0.4575426412421981,-0.16510743857830565,1.9119385768349946,-1.4631054067841334,-0.16510743857830565,-0.05358638605513561,-0.9195333487150741
2019-05-21,0.3648451235047386,1.4364257169033405,0.6139203574747004,0.7713615672289762,-0.35839813667188,-1.5367189211642882,-0.41205239229843904,-0.19548228723785505,1.85865000207864,-1.3240391009844754,-0.19548228723785505,-0.08457803524351697,-0.9384516063520855
2019-05-22,0.3642969312790817,1.404747227254143,0.7029943776377104,0.8488189952933919,-0.2759637058455391,-1.5039035680788542,-0.5169003855890468,-0.23880700899560614,1.841666873346979,-1.2625786504611485,-0.23880700899560614,-0.14994809338093493,-0.9756159834645699
2019-05-23,0.416902469122165,1.3977240360942218,0.7052913787824616,0.9265061716533871,-0.2379363726454305,-1.3795621411896408,-0.6052670712593288,-0.21730995649571966,1.7413228117364101,-1.4453006527372627,-0.21730995649571966,-0.10302389444644805,-0.9820368221190957
2019-05-24,0.43083678512526435,1.3782396777786399,0.7085931838166031,0.8716714533349651,-0.2370926435524723,-1.3137051849488657,-0.5169713272543408,-0.20190292052722783,1.7211927197767631,-1.6383291295077238,-0.20190292052722783,-0.06739461214952124,-0.9332350813648564
2019-05-28,0.3753885360701843,1.5001704859645493,0.7021623842206727,0.8055090049634909,0.032022622854311955,-1.3637577852706213,-0.7071333608777928,-0.13944996873167573,1.575690450548242,-1.5863485293031203,-0.13944996873167573,-0.021785178814906162,-1.0330186928916596
2019-05-29,0.36489948971593367,1.5025468015322943,0.738636871773277,0.9283803454199804,0.04094373340243499,-1.4264698743608832,-0.8309215291619725,-0.10105902923349304,1.4090642614914137,-1.598327378054366,-0.10105902923349304,0.0290948144678247,-0.9557294777589511
2019-05-30,0.34579179561032286,1.525039546629103,0.8321044969470289,0.8727563546416375,0.12840465318608232,-1.5133854073028452,-0.7979608387906919,-0.13522012116763324,1.3147996064760028,-1.6856946006065459,-0.13522012116763324,-0.00973607018052518,-0.7416792942743026
2019-05-31,0.2869884857473878,1.6142215473553068,0.4965080600950145,0.8512953817157645,0.09550491419850429,-1.4395878597627703,-0.8912319817037698,-0.10787392161950754,1.4635887765618132,-1.7272333956901054,-0.10787392161950754,0.027322009130748823,-0.5616280944088791
2019-06-03,0.586052580224793,1.44637166077438,0.3546116285189584,0.78942431478735,0.054352041458894475,-1.5038608786738439,-1.0713322834821617,-0.08766836644674435,1.5144683773095562,-1.7302989147018173,-0.08766836644674435,0.048631819899495304,-0.31308361322211514
2019-06-04,0.633106579268098,1.533262234962146,0.23350844903124718,0.8261306696751337,-0.082729767797667,-1.6242401077784534,-0.9026253023673005,-0.10457728269298139,1.5484602074423677,-1.5641419225224882,-0.10457728269298139,0.03736886500071077,-0.4289453395278314
2019-06-05,0.5721024263103638,1.5239569970257225,0.13545865197674026,0.9649179514845441,-0.09199611296506181,-1.7539194890611463,-0.8441842433770209,-0.1349247511259859,1.4038797079700345,-1.610821297753064,-0.1349247511259859,0.00786557613568937,-0.03741066549483018
2019-06-06,0.5156799693502909,1.5084700492720957,0.15660051839997605,0.9204698095259026,-0.022533690699894936,-1.8293111687863968,-0.822104415980714,-0.03994199467614632,1.3445788343334433,-1.6497258133218733,-0.03994199467614632,0.10235212548497465,-0.14459222822551135
2019-06-07,0.4223305509978593,1.4475043738583435,0.2137927428178094,0.8222531726618894,-0.014598528585182353,-1.8631558685896756,-0.7732541640928714,0.07776933378794354,1.3463137716983749,-1.7343915699353722,0.07776933378794354,0.21472615863068664,-0.23705930703774894
2019-06-10,0.4692280339576102,1.4674564185286338,0.26611229451429336,0.869981679389257,0.1005662542647819,-1.7249828364723612,-1.1290065309919175,0.15215734004041181,1.1968514337314573,-1.6627834237363859,0.15215734004041181,0.2968511812744754,-0.4545891845406679
2019-06-11,0.4048740647193396,1.5352007416131124,0.2989816441068784,0.8099880321486108,0.15342787126255186,-1.7463185448508836,-1.1200839388059056,0.14002571278298728,1.1500725707611283,-1.6950439048701145,0.14002571278298728,0.2546164393902521,-0.325766401040944
2019-06-12,0.3733647535073704,1.510861227435455,0.30473772422687556,0.7728806144078092,0.1264295350311299,-1.667944634511605,-1.1117591707910934,0.1469756144954584,1.2644282169016559,-1.7243313195376344,0.1469756144954584,0.26646639444391734,-0.40908457010479765
2019-06-13,0.23713605976556587,1.5082652748377328,0.289259559302512,0.7105844442369775,0.042998940981050664,-1.6770899845722265,-1.3007346208213675,0.30848112126225063,1.1379122421988421,-1.6804385655975942,0.30848112126225063,0.41690656072728094,-0.30176215358327546
2019-06-14,0.2517841898535658,1.5270421761017592,0.16812092950879148,0.6953345448307953,-0.03724835529225082,-1.6699274770055137,-1.3693381322876153,0.27160777110578604,1.2621607761987494,-1.5818749026601653,0.27160777110578604,0.3906167240771486,-0.179886015536837
2019-06-17,0.3048799743839345,1.5506864561519356,0.3384832562364771,0.7037343359673074,0.06748638421620298,-1.6938430022361355,-1.3840902400439052,0.22431473759809334,1.1781326275253716,-1.5468385242238067,0.22431473759809334,0.3490604940469245,-0.3163212372204933
2019-06-18,0.3159427082310192,1.6553289897896855,0.36191354077835775,0.7704484326851864,0.023300413792348835,-1.6402735563583497,-1.465593919038739,0.26155509751491607,0.9544146681371761,-1.5030485438304229,0.26155509751491607,0.3827504158921511,-0.3782933451082453
2019-06-19,0.3948997720982041,1.6935293195320247,0.3588416699108555,0.7294444366730493,0.07474941710279048,-1.5479024840740012,-1.5590240824365493,0.3212886225304574,0.8214272310412013,-1.4213591720234393,0.3212886225304574,0.43746117635221504,-0.6246445292372648
2019-06-20,0.3459296408139483,1.6521026433780828,0.2653177731828734,0.7719711961347476,0.057101730671547626,-1.524635232489596,-1.616316330149163,0.4149812233398924,0.7141241668571509,-1.4409842587977104,0.4149812233398924,0.5258802982727915,-0.5804540745544571
2019-06-21,0.4581438467681477,1.6699117640701955,0.2669231347632886,0.69522107643137,0.06260814675143259,-1.5238462817976153,-1.598041828300559,0.36344504123486393,0.7565160719460291,-1.5051343488181994,0.36344504123486393,0.4776804584158627,-0.48687212269967994
2019-06-24,0.391830880254369,1.654747697278923,0.3065600205558582,0.6984683152872395,0.04035074060393291,-1.481198188354218,-1.7061627499120011,0.4146245298623774,0.6805079267096853,-1.4475398953524812,0.4146245298623774,0.525038546546568,-0.4918523533426296
2019-06-25,0.38069112116669557,1.688690492821203,0.3619243087004536,0.6833788006798268,-0.014214466639093204,-1.5006441025826964,-1.5554445612356596,0.4567182550467046,0.5899489853361666,-1.5258697399676249,0.4567182550467046,0.554789426859915,-0.5766867752325946
2019-06-26,0.37621746655834143,1.7468895356693894,0.33541647136755853,0.7485382112356784,-0.018881969535977604,-1.4940116680435862,-1.5335414810484624,0.4572444857745785,0.5143853483611628,-1.4217703787156348,0.4572444857745785,0.5609648558882384,-0.7286953632858659
2019-06-27,0.34323057324854445,1.758846125943029,0.3751458646972946,0.8500906657962429,0.09380895338173847,-1.4494042322071523,-1.606154227278502,0.37401435719541054,0.5366283660155347,-1.3640243892631656,0.37401435719541054,0.4760545034837326,-0.762250918208118
2019-06-28,0.3189083007873985,1.714002472638699,0.3755897197648661,0.773238677109543,0.04045065994423445,-1.4873966694572576,-1.6076165350092988,0.42676758790853814,0.5994694787721365,-1.357586493136477,0.42676758790853814,0.5335557633562316,-0.7561505505871519
2019-07-01,0.2958079619840354,1.754050211380705,0.3898403653071603,0.7903638712184161,0.07984990251401244,-1.445834578150946,-1.6508795066079274,0.3719806435048855,0.6695669651231868,-1.2440918119002078,0.3719806435048855,0.47610680652494813,-0.858741474403153
2019-07-02,0.2721498564875188,1.692662389631013,0.37930266709243127,0.654586768835229,0.030719023759850403,-1.4962867774437654,-1.6551204276786922,0.46020579221160995,0.7095213097816919,-1.2753854706803565,0.46020579221160995,0.5651089670370005,-0.7976698912451401
2019-07-03,0.3175146807216926,1.6423454752289512,0.1753387150584031,0.5287516582919619,-0.17460636048815525,-1.468471180927012,-1.677771028928838,0.5481971426822477,0.882528672018265,-1.205131350043946,0.5481971426822477,0.666357492268438,-0.7832510585642558
2019-07-05,0.35852335707854127,1.6727532545505484,0.11648581454201251,0.5239326796854822,-0.23718307549827766,-1.4519400805439728,-1.5218410954291683,0.48026975970682173,1.0852668014210614,-1.2596766781309958,0.48026975970682173,0.600627596201002,-0.8474880932898771
2019-07-08,0.4396635557149353,1.7841711628117902,0.09910809873491891,0.5283249612014175,-0.20101368897963118,-1.5001685997314176,-1.3404141768452773,0.40357954557441106,1.0711814003004423,-1.2681908776015693,0.40357954557441106,0.5239974479353844,-0.9438183746898154
2019-07-09,0.47686798058258106,1.8118701783957831,0.030719004453317805,0.5598822076252099,-0.29308074165273207,-1.469564157265806,-1.1374836773143109,0.410845697233966,1.0687943195288558,-1.2893183124541465,0.410845697233966,0.5238307372364315,-1.1042089336031156
2019-07-10,0.5026624759576992,1.8383170826067508,0.03744707785278307,0.6284859965643284,-0.29054708188333417,-1.4870120959937774,-1.1609017188660977,0.37961643609728274,1.0178178094562933,-1.26791215981162,0.37961643609728274,0.49530676414412544,-1.0728970222217147
2019-07-11,0.4711058511741723,1.8256941866521785,0.023148024787771476,0.671945623010867,-0.3129516648421792,-1.4804540586256811,-1.1584788442306784,0.3531687708052534,1.0975004966150583,-1.2725166677103046,0.3531687708052534,0.46420988911586264,-1.035540377557574
2019-07-12,0.526934397381571,1.7834309305412595,0.012775227473789565,0.6645978003768693,-0.22079694861644322,-1.4862628763776766,-1.14080311169299,0.3490796326303463,1.0886178737121226,-1.3605466806289253,0.3490796326303463,0.45876010615391405,-1.0248659835841838
2019-07-15,0.5742165665732051,1.736648040968965,0.0033445327780319057,0.6091495565185017,-0.2501849639852349,-1.4589333946105192,-1.1772970768258855,0.35455012739975383,1.1578830457176006,-1.3898840230796947,0.35455012739975383,0.4675975194616827,-0.9816400583161611
2019-07-16,0.4026227519870356,1.4779621274825085,-0.11091309990557709,0.44087967067525846,-0.3208840369234388,-1.4233436893341511,-1.078168084079775,0.2704820727013771,1.839637368360451,-1.3832738241309446,0.2704820727013771,0.3717023569669165,-0.7571856865010371
2019-07-17,0.3988988029131802,1.463833057072938,-0.1074671911254622,0.4346924262459164,-0.2219452541143226,-1.4477285456268605,-1.0631940030957843,0.3037017398245611,1.7681330082518736,-1.4590689866035425,0.3037017398245611,0.4101253737240401,-0.7836821672910981
2019-07-18,0.39197200925209347,1.497185408309941,-0.11282509774492122,0.40837114842517663,-0.12209183888918085,-1.5287068909503259,-0.9274475247866388,0.2577464180448775,1.744785174515975,-1.567333532006444,0.2577464180448775,0.3674018459762696,-0.6668035381917001
2019-07-19,0.4568992759391817,1.5017921917410921,-0.14773292037126945,0.36617286690060735,-0.20591059689391983,-1.4587729814647337,-1.0666949573679323,0.23281211571000904,1.821668884987469,-1.4710800904165025,0.23281211571000904,0.3414731694662227,-0.6034390739402333
2019-07-22,0.45917117309525507,1.5510654530626127,-0.15514814204896857,0.37706380479396545,-0.21950214641215032,-1.4311696125976658,-1.054451973191343,0.22501915432159342,1.7786306627381574,-1.515532852925348,0.22501915432159342,0.33726844750247165,-0.577433122660173
2019-07-23,0.4268566839727056,1.604899616116941,-0.11158542471745536,0.4383490716197847,-0.18609239136869304,-1.4461502488941975,-1.1403541659425034,0.19219560752586154,1.730010353867055,-1.4727981410892608,0.19219560752586154,0.3041291491906649,-0.5316557178067648
2019-07-24,0.4463398488729647,1.5449040331355326,-0.046375989484321235,0.4449140300207104,-0.17108865995260858,-1.4743686081676752,-1.0430731476846442,0.21369306320593606,1.7216821627448615,-1.4864326244261719,0.21369306320593606,0.36198174171645253,-0.7258689131869726
2019-07-25,0.45396816148261127,1.5386915281218256,-0.12250263694169651,0.49806719172866076,-0.1621333160400714,-1.4869291726239922,-0.9405980350287311,0.22275751714694775,1.712488088506167,-1.500339990425713,0.22275751714694775,0.35776369982542894,-0.7939905528983852
2019-07-26,0.43562359800436984,1.4952897579383853,-0.31898366853605176,0.4267504199941201,-0.24893334594013863,-1.4812203503893855,-0.8955832934702216,0.30363557540077274,1.7704413238346093,-1.466093055517673,0.30363557540077274,0.43415492782536824,-0.7587174645449275
2019-07-29,0.5568885853978329,1.350074981914219,-0.2686289585252644,0.4600652285934624,-0.2001938366824796,-1.1684871131356256,-0.8478839255608439,0.3821278742496985,1.6200585317305227,-0.9176860365572622,0.3821278742496985,0.5070911762329902,-1.8555543819069482
2019-07-30,0.4419137452905808,1.3016643569839041,-0.448406060520561,0.4812228443671494,0.5754364786707433,-1.2870300064811917,-0.9259890298407131,0.2517480385529085,1.6637898199654417,-1.0059036199469789,0.2517480385529085,0.36986932577307013,-1.6700639313672618
2019-07-31,0.42621854271534704,1.3254238894567667,-0.37011088897974637,0.38343663056019256,0.6442384259252556,-1.2608342765802325,-0.8461299613617473,0.2053341974647467,1.6910234845656802,-1.0020014941363287,0.2053341974647467,0.3301257694652516,-1.7320585165599318
2019-08-01,0.43164809348743066,1.3845036486161506,-0.32351191764364085,0.4436597703740453,0.6411432699023838,-1.1937486005718037,-0.7827915035186528,0.11234120271098008,1.6921952825650837,-0.8909603486348976,0.11234120271098008,0.22114892320043775,-1.8479690231984969
2019-08-02,0.4484087232249299,1.3801476059158488,-0.27035810456954135,0.475768606453012,0.6468779026859846,-1.2626813776609067,-0.9005899882223958,0.11327593440307801,1.6782704501390824,-0.9130213301853675,0.11327593440307801,0.2342079930701256,-1.7435823496569276
2019-08-05,0.2544570508199785,1.4336596681624907,-0.23920845597682253,0.4576783205658897,0.7475670759858691,-1.267143917166306,-0.7779137856019317,0.13059318656064303,1.6342442231105596,-0.87610846830588,0.13059318656064303,0.19703257511892427,-1.8254506598340576
2019-08-06,0.21054407303075007,1.401312559558597,-0.14107944342599119,0.45040598101020146,0.6698263649756275,-1.2342467750326078,-1.1327337308377936,0.21154147028793965,1.6436039021317193,-0.8449000742100808,0.21154147028793965,0.26808302196317146,-1.7138988197394727
2019-08-07,0.1533561049916344,1.415594261736081,-0.14745938774355843,0.5355075004529939,0.6584061448022956,-1.264471266815174,-1.1202072300922947,0.24918065094864372,1.5002517345602773,-0.7009198519765447,0.24918065094864372,0.31804564362756454,-1.8464649554405623
2019-08-08,0.15717087462988874,1.3905181083242737,-0.12077733499106653,0.5565524107242442,0.5434173166410909,-1.2795771704891898,-1.0729433748495418,0.24927889819042326,1.5303124630478282,-0.6189876365405788,0.24927889819042326,0.33246616013445773,-1.9167096130122534
2019-08-09,0.22234060894797616,1.393155206202236,-0.13126377129485975,0.5730132523064563,0.6526062383588161,-1.2731667690890374,-1.256176989883658,0.23764499626724142,1.4154778639896075,-0.5330539781382507,0.23764499626724142,0.33893753886142336,-1.8771591927951925
2019-08-12,0.19824150354835504,1.3975766504478666,-0.13062123401380465,0.4914939200007448,0.5965314973175344,-1.187889771846379,-1.1942409929628703,0.2456850979333062,1.4782447313786087,-0.5056616027947546,0.2456850979333062,0.33516978300461586,-1.9702146799465288
2019-08-13,0.1258415911555528,1.3505885238490303,-0.21127729297046163,0.4172765924849794,0.6618714452650826,-1.234567832214586,-1.0732793836361187,0.17459062941293585,1.676278881806311,-0.432863116348198,0.17459062941293585,0.2904652368092539,-1.9195159050267174
2019-08-14,0.1385574514461207,1.2846176228605446,-0.17963666064981199,0.41490293777151915,0.6474451121311778,-1.1894382490571964,-0.9788078681289062,0.13714114920497383,1.7281552255499675,-0.39062738460394925,0.13714114920497383,0.2713808006565783,-2.0208312863859916
2019-08-15,0.11167928629316974,1.302578778142697,-0.15601360804876574,0.39031105412047373,0.6798259760584455,-1.2351090992540978,-1.0211859617068813,0.1497629278264956,1.7381308772017652,-0.49723169741071466,0.1497629278264956,0.30513121905855334,-1.9176426801076365
2019-08-16,0.08664525190479926,1.2091005718894383,-0.18820864860700226,0.3121818382729809,0.6155303940167007,-1.2183046144318799,-0.8951020093754255,0.16273379320434017,1.8519106422708216,-0.40495537148610516,0.16273379320434017,0.30428858797454406,-1.9985542288375524
2019-08-19,0.049443342097905345,1.2328010164610448,-0.18710398248403834,0.29558903221046745,0.5690855579973767,-1.2840060016755925,-0.9235972058579541,0.09128501516307827,1.9268296754939045,-0.14841825310436227,0.09128501516307827,0.21832959547200112,-1.931522806936909
2019-08-20,-0.06139476269974415,1.2404797152625826,-0.20747007013204413,0.26219213970113775,0.6401177400201491,-1.2827061975584217,-0.8291315957815313,0.09611504045744819,1.86820389421732,-0.03862966605990715,0.09611504045744819,0.22649497379005998,-2.010386251674498
2019-08-21,-0.13176369072525157,1.2412331951345454,-0.23924358332364395,0.23843633084923097,0.6803463260284629,-1.188873892689622,-0.6442235223951225,0.01599275720935234,1.9093293114828613,0.02286266902741645,0.01599275720935234,0.16836827768032878,-2.0884569354879106
2019-08-22,-0.08214929133018785,1.2373830042605352,-0.24204715359892753,0.2378238473011453,0.6675124436943306,-1.1304169848727206,-0.615973077069431,-0.006562184609339235,1.9751983728343656,-0.09729294738971361,-0.006562184609339235,0.14000400596983992,-2.0769178505805574
2019-08-23,-0.06058788171582498,1.3008949840991832,-0.23154386533320828,0.24225096422745895,0.7052609988248388,-1.0889791175893908,-0.6571917661085893,0.008126044799046989,1.873194330713806,-0.13853334990763785,0.008126044799046989,0.1652570973870813,-2.126274484195811
2019-08-26,-0.005081499097259124,1.2454492656125207,-0.16197072927289372,0.2163713149339683,0.6420406137405592,-1.1134967443917718,-0.9383203992437839,0.08773250716579706,1.8689488810295636,-0.08707119595971377,0.08773250716579706,0.22561069879105078,-2.0679452204738342
2019-08-27,-0.019616200378156777,1.2063328546542176,0.13376822256773946,0.13860885735702877,0.6020093786342385,-1.1135374395881705,-0.9274898201759417,0.0657239615115277,1.8544030331176007,-0.08784275365418973,0.0657239615115277,0.21355384228244653,-2.131637897839868
2019-08-28,0.041788370868492346,1.2040690126978228,0.12058513654986992,0.11919787185812444,0.5284931637646748,-1.124035689361188,-0.8271651195492232,0.10637034767072633,1.8278937106506123,-0.15856934179563975,0.10637034767072633,0.25475046789118405,-2.199748278916182
2019-08-29,0.02461564513871682,1.2126721159966043,0.054961733083666045,0.08172869506525034,0.537211224597773,-1.1767103301645243,-0.7391525298825451,0.1366138027157102,1.8018996424025202,-0.1848311965181246,0.1366138027157102,0.32277405898805106,-2.2083966641388084
2019-08-30,0.12337867911322824,1.1443046984082024,0.11124135303779467,0.06604193755087394,0.5804722076474972,-1.2514699139768068,-0.6561403249062338,0.195166768529461,1.7164429744100225,-0.3427549522436609,0.195166768529461,0.3656822588376903,-2.2475324549375295
2019-09-03,0.043287095511298175,1.1888698785585083,0.09087555724317087,-0.02163935161030331,0.6123365575187606,-1.290318683081163,-0.6355502647607773,0.24941332431532556,1.6771409857177497,-0.35289912391677103,0.24941332431532556,0.4042489358397334,-2.2151782356508574
2019-09-04,-0.02575363491634999,1.2297178237318167,0.11687198487937756,-0.05190955504051682,0.5490283498656923,-1.3376646326519448,-0.5901914757079694,0.29827406747341334,1.6028796566663168,-0.3456967676186552,0.29827406747341334,0.47799927096403155,-2.221829155118625
2019-09-05,-0.13827026038194923,1.1660063651736634,0.16866185858640728,-0.06872126979553711,0.548220369680222,-1.395889808984625,-0.5402804609172599,0.4141876759633177,1.4634875808464878,-0.37666264358383184,0.4141876759633177,0.5957403820109287,-2.2506674645611415
2019-09-06,-0.13614660064001946,1.2207203259545367,0.23071836346654057,-0.12111331194609909,0.6644795447134113,-1.4390949944129727,-0.42543933901247327,0.3602430554896757,1.3714708260575874,-0.3390754247468353,0.3602430554896757,0.5315616423054291,-2.278567142718457
2019-09-09,-0.13504197807371895,1.3110573032647967,0.2242173159388203,-0.09083638061859148,0.7135877766996966,-1.4203972434294008,-0.35163292804860075,0.2987929905232627,1.3207830276868013,-0.30799195112274974,0.2987929905232627,0.44843360021011225,-2.309764523553691
2019-09-10,-0.11017084281508724,1.2722377015181625,0.24894805964399805,-0.05988583273213438,0.8132376319068364,-1.3798219736234123,-0.3872859638108556,0.17904151679689495,1.3027957262296777,0.010257377195822065,0.17904151679689495,0.32371181863682974,-2.392106735743627
2019-09-11,-0.07138708789248531,1.3047315481437052,0.25677964702568884,-0.05762835726622359,0.7928222605963898,-1.4000076255610994,-0.18251826823322034,0.22068584361163643,1.083458008060259,-0.05925135441273366,0.22068584361163643,0.3782971959579984,-2.4866676536415517
2019-09-12,0.026576505878425787,1.262699465150668,0.28214316934417494,-0.019033525285003784,0.7758905203183684,-1.419931744861223,-0.4703237752805055,0.28390816859860557,1.0007276436538017,0.04874235260943312,0.28390816859860557,0.4229183675204368,-2.4782253162457875
2019-09-13,0.04088255811584131,1.108769421343849,0.23740624414743128,-0.06118987742837474,0.6804130785132075,-1.2343781242148946,-0.3239449060904106,0.21807148442676225,1.1218326073327474,0.26262543746451505,0.21807148442676225,0.38583372759167156,-2.6543931356291086
2019-09-16,0.058517587988597825,1.0507106400746455,0.27422927232945776,-0.09869683378535063,0.6740854259067874,-1.221471581812879,-0.5483943786783241,0.2959444602525098,1.0743952694146932,0.3208048188877976,0.2959444602525098,0.4547671141926983,-2.6308362550231434
2019-09-17,-0.0014554232832340067,1.0410350178043877,0.2937325540386216,-0.04449015044190438,0.792425599556135,-1.2441226819301876,-0.5613792195777373,0.3316982426676447,0.9740606187268571,0.22090568802456972,0.3316982426676447,0.4889356658362011,-2.6230441540889977
2019-09-18,0.06899781162400821,1.069946975104437,0.2962268753498891,-0.026581452900153044,0.7587707335262656,-1.1975032915613157,-0.6098898349321046,0.2925332018033469,1.005366936543704,0.23260411331737185,0.2925332018033469,0.451466639702981,-2.6344719093817774
2019-09-19,0.12726289705964658,1.0901767449553494,0.31963621091649963,0.02648635782118788,0.7578757633799117,-1.1237837016184442,-0.6166385749908063,0.19626111911362734,1.0110373272769064,0.31189459639989897,0.19626111911362734,0.3751729103952438,-2.671642769822649
2019-09-20,0.1706302095764069,1.0846807842696997,0.29806269713059935,-0.013202721544883228,0.7777794109172208,-1.1227256755521136,-0.503215433543337,0.2471514901314493,0.984558459720604,0.15936073663498712,0.2471514901314493,0.37675805396042816,-2.7069895018325116
2019-09-23,0.1943019660841682,1.1609541627565552,0.2858447889123191,0.04470961077817649,0.6783343593477182,-1.0700047803075883,-0.6916003289311196,0.23368356620066988,1.0262497991302741,0.16379040018885616,0.23368356620066988,0.40372374268061834,-2.6636708530413173
2019-09-24,0.1986471206726458,1.1026038910145621,0.26822285388783124,0.01216075992087935,0.6150202857817919,-1.0030515591883984,-0.6488439061596555,0.26840509223585557,1.0182596253211558,0.168582483298319,0.26840509223585557,0.4603396122006285,-2.728751351221472
2019-09-25,0.15707817070667474,1.032998282190714,0.29822257988882694,0.04114218546257006,0.6874422408306721,-1.0343123981760995,-0.712737225288106,0.35593114333461173,0.8262737335568443,0.2109221280520485,0.35593114333461173,0.5222566593252549,-2.7411486432186236
2019-09-26,0.15573531095238852,1.058291166005996,0.311496583600143,0.02834493746531809,0.6633967049328875,-1.0176761460532595,-0.68285846625165,0.3371500824785405,0.8565845883722537,0.19886394683420885,0.3371500824785405,0.5034012058160503,-2.749879996631418
2019-09-27,0.11828521485804519,1.0779266207555438,0.28637511133119314,-0.026012084937123627,0.7058988678332404,-1.0422148234813622,-0.6657528769020394,0.3546722624976681,0.8684771307858316,0.18050988406019547,0.3546722624976681,0.5102007447547243,-2.723038314053585
2019-09-30,0.15852766003453475,1.0677743246168394,0.284144103505084,-0.027941082984628225,0.6522894395957849,-1.0268590062784246,-0.7138617322079184,0.34338242886115994,0.8928471684779372,0.24916288853430726,0.34338242886115994,0.500729481840189,-2.7235781028560253
2019-10-01,0.11472267397491559,1.0977355636393569,0.2732362804019587,-0.08043746323946029,0.6556346616791222,-0.9857277086443539,-0.6594126464130294,0.311024158279263,0.9492383468218643,0.28628937530242615,0.311024158279263,0.46081091525190643,-2.734138315333232
2019-10-02,0.06168686643238345,1.0622387764108105,0.22741229703558632,-0.12146336028303616,0.7277992045279815,-1.132414938011477,-0.2432269310199038,0.2754817235924267,0.9037912310076106,0.27858115250040194,0.2754817235924267,0.45530541578780204,-2.7706731615730122
2019-10-03,0.06589894715519766,1.0381003836701992,0.23699092453643775,-0.026386822803968903,0.7831436320287082,-1.1649199575551707,-0.6207997449676566,0.3505707163715994,0.8106324496620652,0.3380902803539323,0.3505707163715994,0.5239346127548189,-2.6858261375777617
2019-10-04,0.030786436167232485,1.0276201218948995,0.21268818208218754,-0.014728685648321967,0.890778292781016,-1.1308136273070872,-0.639938259172019,0.28553600358104636,0.8896922680752533,0.36510389016803635,0.28553600358104636,0.46458976840520727,-2.6668503946084967
2019-10-07,-0.014245268155882064,1.0330718054238106,0.2191145642638391,0.0181337100145136,0.8253800183856578,-1.0684192414716063,-0.5504156882254173,0.2172100860139242,0.9147529471961535,0.5153829894155582,0.2172100860139242,0.39427323811047676,-2.7214492469849523
2019-10-08,-0.00024689771868416724,1.0574911203796655,0.26162681877827276,0.03589223661798923,0.8047046011799192,-1.074932565866905,-0.4993946148707116,0.17477577972326178,0.9110928522880347,0.5553374444403893,0.17477577972326178,0.3286988961446938,-2.729821450819187
2019-10-09,0.0145093467611446,0.9854796411249019,0.233895278598398,0.012577336850930163,0.8238849640235717,-1.0339930192436775,-0.28391363380053297,0.12111185278994753,0.9415560221264864,0.5691200913733508,0.12111185278994753,0.29120416361466134,-2.7965438970091294
2019-10-10,0.027805945283259595,0.9552155676815415,0.2377020611045858,0.003323012034081023,0.7335233636634216,-0.9976297478842273,-0.12487392885699408,0.08613147297581414,0.9860240503823656,0.6026552815427065,0.08613147297581414,0.24495672918158318,-2.8409652800839518
2019-10-11,0.060806083166119934,0.8797299805380658,0.28976934890957007,-0.031945274945227406,0.7453316159128913,-1.0172082921958214,-0.15417546881175379,0.05784112146076825,0.9578661773544914,0.7471171992809157,0.05784112146076825,0.23309647254533025,-2.826070084676118
2019-10-14,0.0913666918875806,0.9836407571048648,0.36926629496355073,0.10207573632459821,0.7267616148343629,-0.8848238566648516,-0.20732831018344874,-0.06498925537902973,1.0462555575487693,0.6397581660430759,-0.06498925537902973,0.09186047679065656,-2.8288546178910994
2019-10-15,0.055636243317678025,1.0017985768311892,0.3956308804065557,0.16975916345806677,0.6776986324474695,-0.8157574854522057,-0.15895971947369616,-0.06514880421027681,0.9633849371800837,0.619022701086594,-0.06514880421027681,0.1076647760485816,-2.885581097429762
2019-10-16,0.038563187515514546,0.92483534949723,0.36008193988834275,0.056855877432688176,0.7446812033199615,-0.8924510549121863,-0.1917043709617097,0.019994899174776384,0.9650818596321133,0.6403105433971592,0.019994899174776384,0.18534059520826374,-2.87158492836693
2019-10-17,0.08422475494762378,0.9636340518523402,0.36369763845021075,0.09698755189192555,0.7260567862035315,-0.771523766180828,-0.20738481347626114,-0.018748405766436545,0.9040821176507107,0.645457819567733,-0.018748405766436545,0.14785595650353964,-2.9155912858776527
2019-10-18,0.1253210172324431,0.9666401122893317,0.36004408017428235,0.058724817861102396,0.6876578021015882,-0.8307071671700378,-0.3406687143123031,0.06336263958889436,0.8831066131892249,0.6314087768748852,0.06336263958889436,0.22975482034403164,-2.8980074377623377
2019-10-21,0.08734041611790386,1.0236177234834818,0.36881621771299916,0.020241809450823732,0.6837854590422382,-0.8611858790107848,-0.27108956953565005,0.03894887282363787,0.913694242588435,0.6291933299069437,0.03894887282363787,0.20024755851504045,-2.8725590539187067
2019-10-22,0.07877241802527193,0.9984224143409525,0.3940495542763658,0.04509760475324696,0.739402899243589,-0.8989513751586642,-0.2861109884895854,0.0018970469756367226,0.9646207989891726,0.6229864627596896,0.0018970469756367226,0.1757744223886518,-2.837858305079964
2019-10-23,0.028813095098841567,0.9790927040482789,0.3734737404488933,0.026392068681923505,0.6888889487590641,-0.7855297198632066,-0.25172249899849514,-0.013395537983463527,0.9736965109478787,0.7333943983408294,-0.013395537983463527,0.13115680911762015,-2.8708649806147006
2019-10-24,0.055945498070445444,0.9612275111829928,0.3713128354700048,-0.039255970182010755,0.6217722251701412,-0.7878692849379808,-0.4334122191912695,0.049770892395564426,0.9944440553841102,0.7850145570410384,0.049770892395564426,0.21421801182656292,-2.8429390046251637
2019-10-25,0.0433453958608614,1.0389042745009434,0.40561285925339735,0.017047022602245165,0.6249999663850971,-0.6105984117695828,-0.7164905447621723,0.017718737362219815,0.8450902407278756,0.9383215481408589,0.017718737362219815,0.18002784509623704,-2.8016976707602006
2019-10-28,-0.001538980442863581,1.0846118258676969,0.4272175926920889,0.021220549871442593,0.609173257074381,-0.4558586176724782,-0.6194488335252146,-0.12104274657797648,0.8657395289219731,1.0424486500889547,-0.12104274657797648,0.06290240473282327,-2.7943818844528514
2019-10-29,0.08669628715453119,1.0370801160082743,0.42482562641112204,-0.05824816393029354,0.6359333844853093,-0.5264722108674191,-0.7324848314357751,0.04949272448856248,1.002041021949239,0.641325608888848,0.04949272448856248,0.22640932747106438,-2.8360916151120255
2019-10-30,0.1303784507602815,0.9961267059496255,0.37279457543498223,0.1469511869673793,0.6892774165745449,-0.41733888088252913,-0.9121449182997202,-0.03562043297141852,1.077334454202277,0.642379540983005,-0.03562043297141852,0.13044629809674613,-2.7849639638437553
2019-10-31,0.14361411445198538,0.9870725699898166,0.43184992059141397,0.31249767630790243,0.6595060820831367,-0.27902499939500425,-0.9466662553325024,-0.09294715453372844,1.0167989042626384,0.6059675744557518,-0.09294715453372844,0.06312084142662143,-2.808842119774303
2019-11-01,0.13725790180579187,1.0444063985698941,0.3997948024210304,0.3903026828135521,0.6355893716759531,-0.4757048360316019,-0.866735597818226,-0.0023059164279264147,0.8830081200125867,0.5425685888802156,-0.0023059164279264147,0.15966750801305105,-2.8455431074863946
2019-11-04,0.12143070374228196,1.017916048767612,0.33961438587387444,0.3014470544279168,0.6406459573577531,-0.4106181469979314,-0.9813284483529098,0.040122738138967884,0.9506852279819769,0.5428747520970727,0.040122738138967884,0.21701971681280127,-2.819932727988384
2019-11-05,0.17346437349350743,1.110895365006507,0.427097506322693,0.19663207354285298,0.6688801944172856,-0.4783723082915248,-1.0189980171766997,0.051318929244841,0.938723988494042,0.4118753334685721,0.051318929244841,0.2396372754565657,-2.7724736432234836
2019-11-06,0.3842180123947374,1.0402768297803968,0.43743503488914226,0.15182380474570764,0.658082571172362,-0.43382852544498895,-1.0062316476233246,0.02001364392733973,0.9981771628701858,0.33151817357346286,0.02001364392733973,0.18771596097762597,-2.789214665189987
2019-11-07,0.4674491538093106,0.9675468136754185,0.45710468938160603,0.19423569828866818,0.6825577069319443,-0.4910107284366989,-0.9445565806409931,0.036458245640052345,0.9484894898168496,0.2612026065044393,0.036458245640052345,0.20983208282828786,-2.825767423438937
2019-11-08,0.4720111651650902,1.0652562865983022,0.4470463633954981,0.18500128209709987,0.7066086381460691,-0.464670520040998,-0.9570634046105823,0.018816260165198353,0.8573678383526482,0.2852151058417982,0.018816260165198353,0.1811285692292803,-2.8155338445046025
2019-11-11,0.48202768753411096,1.0141012805785277,0.4049651936698877,0.0070618176679990464,0.7503788990282833,-0.4222734311177531,-0.9820148416302974,0.07874636707916893,0.8509962366648128,0.2837764415020307,0.07874636707916893,0.2775465829598655,-2.824058601015805
2019-11-12,0.5247747096942044,0.9500197361678006,0.40064168371127307,-0.026982528206784904,0.8672339728990083,-0.30421922126747486,-0.9997669819735576,0.018314642892702095,0.7601977145743283,0.41657722343677006,0.018314642892702095,0.20714394540026557,-2.832249540221237
2019-11-13,0.5396791088129038,0.9610741479685446,0.4171498629925687,0.027660690059485637,0.8633554638667864,-0.3171736371671659,-0.9100814187774473,-0.019124994209459942,0.7296526740393383,0.4716691574414524,-0.019124994209459942,0.11317723755586916,-2.857913298373416
2019-11-14,0.5226167755051712,0.8945984298265623,0.3893735912691177,0.06438842871268673,0.8598880485557033,-0.05864167797101689,-0.8765436188745418,-0.18465087657072216,0.9040041202239871,0.56737121779416,-0.18465087657072216,-0.06074505442067824,-2.837008507479708
2019-11-15,0.5798290907228606,0.8955438111837564,0.42878765614677977,0.12367921940695258,0.8947323846443953,-0.22816364613062612,-0.8977771163898618,-0.1600286011195213,0.8932347043989559,0.451056447478312,-0.1600286011195213,-0.0010256108720907641,-2.819839738350391
2019-11-18,0.6884568568059848,0.9130713400475142,0.41513186942401,0.19412945198795975,0.8319399400102537,-0.21095715328484796,-0.9294289269361627,-0.1775128009603006,0.8605380380200269,0.44186573602158274,-0.1775128009603006,-0.042364307225957624,-2.807357242949762
2019-11-19,0.7480018284754073,0.9004194705386,0.4529826918614875,0.1963146202648918,0.8889881501750114,-0.2733033728379231,-0.9692580973577448,-0.08940110002786081,0.782707660051509,0.2095075345657428,-0.08940110002786081,0.0542204589364752,-2.811778744617736
2019-11-20,0.6442714421467539,0.7573534385902653,0.3456691080818154,0.20389759183448594,0.9732559227825696,0.4494179013898006,-1.0984649348633249,-0.1839007438398146,0.6709588558271442,0.2871632686607989,-0.1839007438398146,-0.0566385988917286,-2.8090825078789505
2019-11-21,0.6449055205289026,0.680441310769917,0.3461714250154586,0.22338742370032383,0.8861901237263305,0.7993610089255813,-1.1251450190053829,-0.28503757817108233,0.6349068184101542,0.3598861154045669,-0.28503757817108233,-0.132594628829747,-2.7474349423039413
2019-11-22,0.8517660266733139,0.7747140341917885,0.34564138639741376,0.22028761160694102,0.8967969991018419,0.6242653464261719,-1.1054574365265004,-0.3105393973109912,0.519257695320763,0.39315572636982865,-0.3105393973109912,-0.17097389754922843,-2.7283746973903504
2019-11-25,0.8268472001518318,0.7606575137518605,0.2568872282179265,0.15783402859973208,0.790549296297705,0.7407475567500951,-0.7166248714041847,-0.37082530781880013,0.4645102522356454,0.5240243054785021,-0.37082530781880013,-0.2088601325022515,-2.854921761939263
2019-11-26,0.8881871149786739,0.6881268679086224,0.23292709428451486,0.0705931389621161,0.8229146586801422,0.7937001039970019,-0.42025998041444595,-0.4411855007196682,0.4766956804091295,0.5061712925210609,-0.4411855007196682,-0.30845993992327514,-2.8682250299642034
2019-11-27,0.946447161826295,0.7225016163521669,0.2698928011948173,-0.02459157361867003,0.7806110427092962,0.6834052376970879,-0.5614326131653343,-0.40078669632562125,0.47170857129855515,0.6063485884373963,-0.40078669632562125,-0.23871271863568633,-2.854604721444681
2019-11-29,0.9149836377701944,0.7159271272794959,0.2544352642146913,-0.0017595023769799837,0.8819957804229224,0.6459479734983339,-0.6014406265446018,-0.3539839768208611,0.47340999786469423,0.5685454024798551,-0.3539839768208611,-0.28984587731737277,-2.854231223649513
2019-12-02,0.8602950049164413,0.7176891124929753,0.19899418635776228,-0.10226999134423927,0.9115899359409583,0.5805877626851793,-0.6015367726175628,-0.29805669701150406,0.6072426040042549,0.46304099275934063,-0.29805669701150406,-0.14413862309962236,-2.895380818072479
2019-12-03,0.9523835495596943,0.6821141851470719,0.16204700144431994,-0.11523286591959439,0.8893274830384704,0.574303613980822,-0.5496232120387039,-0.3083644226532973,0.6017819788627912,0.48899105198233445,-0.3083644226532973,-0.18127779075195632,-2.888086149998654
2019-12-04,1.1103030444281414,0.6711744672005139,0.15207049012067042,-0.12172875523113828,0.8805286577498972,0.4586339110110088,-0.6463180797155417,-0.3110967745803293,0.6301379758854215,0.49386023784703975,-0.3110967745803293,-0.17631191736106144,-2.8301564827742927
2019-12-05,1.0266865208152862,0.6836774759557597,0.2002115477367261,-0.2441861125004943,0.9298969522743659,0.48144854326777387,-0.6745325540854602,-0.30331156497318773,0.6987891741387184,0.4715022561896363,-0.30331156497318773,-0.15461708914884736,-2.81225358469709
2019-12-06,1.026322914561374,0.6422777784484945,0.24500940973921756,-0.16694533299074904,0.8322879575166913,0.6182426811944927,-0.7684696822122,-0.4096997337650017,0.8234049517041149,0.5622885112246457,-0.4096997337650017,-0.2797611447257699,-2.7152585769303075
2019-12-09,1.114810300215092,0.6377078466306534,0.21824440227033734,-0.21296831300093447,0.7527407465239798,0.5811710758296512,-0.6952586565873102,-0.387218591734566,0.9357534388836687,0.4274236521307837,-0.387218591734566,-0.25649011203127964,-2.7286971973955114
2019-12-10,1.1821016486285807,0.673715226814482,0.2482090258717617,-0.20112456431073425,0.655276214498782,0.7450351428837466,-0.6776676398297431,-0.4914097197096217,0.7479074967432766,0.6108008916948565,-0.4914097197096217,-0.34242654902100256,-2.659007454554763
2019-12-11,1.2685957351414427,0.6915943622659818,0.28858216729855496,-0.19407699059264072,0.6083845684446867,0.6933094875598104,-0.7089707460461847,-0.46955514068578014,0.6567084758228484,0.641689840097649,-0.46955514068578014,-0.3557843729775251,-2.6509222456430623
2019-12-12,1.3949588771767114,0.6871431310049017,0.23831730962169032,-0.23282130878895788,0.6017045782022142,0.8450352889712978,-0.6795223271901103,-0.48719855471228335,0.5418200754850787,0.5343038293645708,-0.48719855471228335,-0.35829488729762965,-2.5982474571252014
2019-12-13,1.4037503475237834,0.7145383326917834,0.2015516671186781,-0.2582422764153424,0.6559159822695916,0.8749818375649605,-0.6353695625507326,-0.48530971931673783,0.456825020847174,0.5103299997845399,-0.48530971931673783,-0.3565947932469672,-2.5970671169539927
2019-12-16,1.4163554787655688,0.7247411252808084,0.2161436726733372,-0.28088458160604596,0.6290735716384196,0.8705791397905649,-0.7390720037085308,-0.4697826037929733,0.39510224220614054,0.5954956623427168,-0.4697826037929733,-0.32128486079438195,-2.56668423900265
2019-12-17,1.4621600028793607,0.8040470685234925,0.2495759033484846,-0.22262771175577456,0.5673436514010497,0.8861655717956096,-0.709153427432976,-0.5610167727043458,0.29815894332805204,0.6589489925028771,-0.5610167727043458,-0.3838639538891138,-2.4887214952923693
2019-12-18,1.5049732812894814,0.9214567112415406,0.3290880738595372,-0.2038454994055446,0.640702226715894,0.7598015732249387,-0.656671301108583,-0.6933287261212968,0.25725413071685427,0.6969816195285328,-0.6933287261212968,-0.5082025385066596,-2.3548808253133973
2019-12-19,1.525172585640638,0.9213334921585415,0.22045185856726127,-0.25992827452122086,0.6078712842807347,0.8746905139606894,-0.5834165547213022,-0.7199033334078679,0.27670810965944953,0.7067200848652164,-0.7199033334078679,-0.541537177544894,-2.30825925552938
2019-12-20,1.4692449642001748,0.7592454913026712,0.09564608396927705,-0.22164197868714058,0.8562033241055531,0.8908700549210188,-0.5302483870318909,-0.7958662449465238,0.333760214354449,0.8129888456003896,-0.7958662449465238,-0.6533829304323586,-2.2209531924090973
2019-12-23,1.5320160406216994,0.8253370883871778,0.0635397328926836,-0.19845569752456235,0.7737622094923193,1.0715955306892873,-0.46415000260393163,-0.861661428843687,0.24256419662780498,0.692969244152045,-0.861661428843687,-0.7088648833863765,-2.10699060166077
2019-12-24,1.4846233300237772,0.805430107405187,0.08779164144971259,-0.07343766109359,0.9283422400559184,1.061617459495801,-0.535344313449846,-0.8735940685948962,0.12350302686651553,0.6760795042412429,-0.8735940685948962,-0.7319401106172418,-2.079477087187685
2019-12-26,1.4598605735999532,0.8805569377219351,0.0015978803438805866,-0.042140081973565564,0.8509564983485294,1.0337152175792745,-0.5464434172198361,-0.9212862206589112,0.20998219844209418,0.7862984358851768,-0.9212862206589112,-0.7862532118509933,-2.0055585895586265
2019-12-27,1.4106521532454819,0.816223763780228,-0.04145597918030058,-0.16406740812973356,0.7024949835502297,1.2483697571042893,-0.6984252071361116,-0.7946790113503884,0.19784863131783997,0.8537267284164745,-0.7946790113503884,-0.6603388376075574,-2.075670562660062
2019-12-30,1.4554835670035484,0.8513136077571657,-0.017338205702009755,-0.07251774785301368,0.7084595426762442,1.2728284019277654,-0.6634324357706427,-0.7899710247387329,0.13596113245970992,0.6582077448649113,-0.7899710247387329,-0.6292846110929978,-2.1197389467932144
2019-12-31,1.462448131294564,0.8537812965246068,-0.015060583601932477,-0.08561647558502523,0.7833271051972832,1.1561648797600992,-0.8086765015658054,-0.7852098465379299,0.09806347162382154,0.8106045102491869,-0.7852098465379299,-0.629187233064515,-2.0554289077564216
2020-01-02,1.488139975877805,0.8248097926372073,-0.02153279291695317,-0.17849545831517663,0.9071755806318034,1.2006646410122261,-0.8427387411908472,-0.8152299900949377,0.07561913567301118,0.7764369559820115,-0.8152299900949377,-0.6748095554319502,-1.9248095537692629
2020-01-03,1.5956224984329601,0.9191258889253777,-0.03780611934124666,-0.259227332509269,0.8197213296550241,1.0609030298037156,-0.5260221089427115,-0.7999769418098611,0.09255770278179226,0.6297069391735561,-0.7999769418098611,-0.5887373700875157,-2.1058905742719594
2020-01-06,1.7173903115059508,0.8361322371402005,-0.034938282780337684,-0.2811837155008661,0.6980983123923696,1.0537105228248864,-0.46082262889418996,-0.8155202997912887,0.26742147330047383,0.5490042459722824,-0.8155202997912887,-0.6234630397927327,-2.0903088365854576
2020-01-07,1.687334630965,0.7889073297936484,-0.014806595492346091,-0.3315848229951603,0.6349798003076055,0.9441479075460001,-0.5391694956342407,-0.6837436463747283,0.40939805003094965,0.5614714034867946,-0.6837436463747283,-0.5000630553920454,-2.273127859866747
2020-01-08,1.8015888982258323,0.8273424983789688,0.07076891641588795,-0.414745761112393,0.6902766363840899,0.7408412087338011,-0.6551220101282149,-0.6148526772016716,0.39670897902753305,0.47592083887095404,-0.6148526772016716,-0.4456231101565848,-2.2582517402365307
2020-01-09,1.7260713651951216,0.8008948206137523,0.04885587396814683,-0.45445556266619286,0.5518591749962175,0.872890235857912,-0.6132820067169868,-0.6178695634932223,0.4540964385303703,0.5803178094491398,-0.6178695634932223,-0.44633650462478824,-2.285172517616247
2020-01-10,1.74384468682336,0.8450436476652974,0.13771496769570107,-0.4346933748220944,0.6094015277257746,0.9085935611061993,-0.5915961036634567,-0.6006138759705634,0.35355197666883653,0.3487287508291871,-0.6006138759705634,-0.40455387628821765,-2.3148080117994585
2020-01-13,1.7527599358746384,0.8630084034975128,0.1439515386951436,-0.4501570243398611,0.5963762841904673,0.8592254685573848,-0.5688734706920187,-0.6031138361515364,0.30635110595023013,0.378574936790753,-0.6031138361515364,-0.33757260713723414,-2.3374168990839435
2020-01-14,1.7988135346970615,0.8633736011098094,0.14880822998200344,-0.45077896950993646,0.5864009237992938,0.7675793984425061,-0.603841152436764,-0.6515343306556899,0.2974729038941851,0.46889691955502444,-0.6515343306556899,-0.28019061526916567,-2.2934661129526375
2020-01-15,1.8240100387775653,0.868946590918103,0.13265045672830772,-0.4589414306885204,0.34867552211411146,0.7818491546227222,-0.4982798033954579,-0.7288897424652391,0.317929234397561,0.7052224411679427,-0.7288897424652391,-0.3441117225149244,-2.220170997196932
2020-01-16,1.8747214862652295,0.8459241471671982,0.057868694722726814,-0.5262036133644559,0.255294710215756,0.8678834296503206,-0.560530905199709,-0.6864285735878771,0.1341707595503393,0.8862791956483361,-0.6864285735878771,-0.34271991333485446,-2.119830844145131
2020-01-17,1.7823105923003897,0.7738810223146195,0.026395736582759566,-0.5689627767489679,0.3044375184704853,0.836538714672384,-0.4136494632474671,-0.7214086401763377,0.23910085678561616,1.01065281259487,-0.7214086401763377,-0.3876139318144342,-2.16027380155758
2020-01-21,1.7912855835202404,0.7457230404633827,0.002618522798324168,-0.525271621213297,0.3193067145163993,0.840054334227871,-0.4237955349576706,-0.6987190743757122,0.2165674614902989,1.0022122630747503,-0.6987190743757122,-0.3804843689243773,-2.1907782462444967
2020-01-22,1.8729017139053654,0.7064609667392968,-0.05803622985179556,-0.6118020200867046,0.3634678580357424,0.7517741336898587,0.20322003090723836,-0.7813674237876698,0.17006466239689913,0.8008592776053242,-0.7813674237876698,-0.44894103152924897,-2.187234514236636
2020-01-23,1.7023461686631478,0.6478473268905371,-0.05046701163774284,-0.5190443164355976,0.35741700747281535,0.9231592308979756,0.22608411815026505,-0.8072786499878329,0.0446451314066028,0.985138728165871,-0.8072786499878329,-0.49939119010101174,-2.203177893497198
2020-01-24,1.65169554510432,0.6314104173226245,-0.10880164990493808,-0.57115314526137,0.4329460179976528,0.9640068868928275,0.37583261523607875,-0.8346566054206235,0.009928000115894668,0.959273608561954,-0.8346566054206235,-0.5061855299772837,-2.1696395552465138
2020-01-27,1.8613251325985765,0.7012360861034406,-0.0793463775221064,-0.5707854929021069,0.4282779791755729,0.7461135769335357,0.5016144447906847,-0.8230240980177723,-0.03994550281715622,0.7313397625009477,-0.8230240980177723,-0.49217040870700807,-2.141611004118836
2020-01-28,1.853139897372068,0.767710026058559,-0.09638705528359215,-0.5754630963625714,0.4035070227577578,0.7855220633080179,0.5799522896933847,-0.8030092028172571,-0.0273520542930202,0.5506728117240484,-0.8030092028172571,-0.4650450371896843,-2.170238462150453
2020-01-29,1.7425875918472964,0.7063417459033904,-0.09396522990456266,-0.45110841311271727,0.3417242617170978,1.3202236827785667,0.47473015436833227,-0.8680019735042966,-0.17651121727094954,0.45425932741935926,-0.8680019735042966,-0.5533841161244901,-2.0288938406127293
2020-01-30,1.7186750420045789,0.7455469161430254,-0.12996104127354396,-0.39988690802500326,0.3855541084430242,1.4432138003544257,0.39607529440528916,-0.9032588723300727,-0.2224708075054109,0.39081273882116424,-0.9032588723300727,-0.5847556157073208,-1.9362857830000817
2020-01-31,1.822258725589465,0.8184318795393873,-0.17079837013934293,-0.5708328371406762,0.31406352150956884,1.4971085953392256,0.2586761868368404,-0.9398907433898659,-0.2347151110641155,0.4277844366876153,-0.9398907433898659,-0.5760541417703516,-1.7061413986078824
2020-02-03,1.8887951234032758,0.9715946202583671,-0.24531111707859182,-0.6518323826472778,-0.09730141634984993,1.3650099636229032,0.3685402833150343,-0.9184755670031376,-0.12576082487935747,0.5267452114951383,-0.9184755670031376,-0.5012670829545123,-1.662261244178852
2020-02-04,1.877768999488706,1.0396215738042498,-0.2002927489180105,-0.39335175675170836,-0.05514699829681477,1.3073294796032287,0.32867192140319174,-0.9652570356412754,-0.09351847296268036,0.3992580275420469,-0.9652570356412754,-0.52845863265747,-1.751367320972188
2020-02-05,1.8465114374539502,0.9692133685159502,-0.23183587463074135,-0.39546947801245064,-0.0857598688295258,1.2110811853483392,0.5812741309878291,-0.9348851992840623,-0.20961085274048818,0.45618984437788856,-0.9348851992840623,-0.41194095342110054,-1.8598825404815262
2020-02-06,1.8416050262267418,0.9358607556379309,-0.15602662354408814,-0.4045075068495566,-0.04891196694679208,1.242691523772196,0.5614509432975805,-0.9553403695099787,-0.18212853996594472,0.39452561521037605,-0.9553403695099787,-0.40095358523600866,-1.872924902582481
2020-02-07,1.78932732812869,0.9137136993837152,-0.0974943101847309,-0.4015342223146049,-0.06985527712313301,1.1653775356849918,0.8014597265246153,-1.0200523691865637,-0.3527199619113969,0.5151435669489164,-1.0200523691865637,-0.4616494404664816,-1.7616639062974533
2020-02-10,1.7209923391875857,0.8315133272113805,-0.11228651713367044,-0.4531311210117711,-0.03247137356955518,1.1558223117659534,1.0292809547794382,-1.0481619940094158,-0.3859092232719594,0.5457028956279807,-1.0481619940094158,-0.5265256501129266,-1.6766639554536233
2020-02-11,1.8093860218358848,0.8390594211459627,-0.09277278602591299,-0.40818193583657547,-0.03488772955748769,1.1510505905062802,0.8994877120059239,-1.0913128577664368,-0.5350351767546817,0.5923940792274575,-1.0913128577664368,-0.4639226565241554,-1.5739518244898216
2020-02-12,1.9079517653420488,0.848413953788204,-0.0800717913291363,-0.48478757173871134,-0.012939226352549493,1.2757419410486084,0.7510305761144476,-1.1429844870361014,-0.6882776377834193,0.5376812999249067,-1.1429844870361014,-0.5191367009884011,-1.2496376339537936
2020-02-13,1.8466573703786435,0.7584365283256495,-0.15731626331688717,-0.5681387304100795,0.06900236446112055,1.1718035684387431,1.2049794567879062,-1.0867636754138232,-0.6864143365754399,0.3287562779432933,-1.0867636754138232,-0.5188089537770061,-1.2754299314282953
2020-02-14,1.7832998075651894,0.7458098629741733,-0.14818420741874658,-0.5664668192891232,0.0733528441593681,1.0191592092162354,1.4180562537382861,-1.0249030739064264,-0.5741581841983666,0.2204207185834259,-1.0249030739064264,-0.44080325314863955,-1.480680084368951
2020-02-18,1.8003485051370824,0.8231384243280198,-0.09161708030662444,-0.5148046559911853,0.15618896680351818,0.9774768771224913,1.34908232165115,-1.0063221225358105,-0.6124222094593713,0.09358209209954658,-1.0063221225358105,-0.40903616296281503,-1.559292833350193
2020-02-19,1.86134676362933,0.8274677374197779,-0.04575856287974086,-0.46844867119019623,0.185134873400905,0.9274208793620915,1.1915279733330746,-1.02595718015646,-0.5912498383504228,0.21475697393903623,-1.02595718015646,-0.4283508488195016,-1.6219329195314325
2020-02-20,1.899966796359675,0.8439878065411658,-0.0030621428330602912,-0.5616033498276981,0.18156541424974224,0.9439749465969834,1.1858881185905878,-1.046981065830312,-0.585882821159904,0.19949109394130546,-1.046981065830312,-0.5383615142711223,-1.4720022165270503
2020-02-21,1.6638682623189531,0.7796342604561378,0.024490772307363098,-0.45275713071474655,0.14491269310404997,0.7788488561429893,1.5072592057306788,-0.9606028405033842,-0.56766117072565,0.2512902470445933,-0.9606028405033842,-0.4529368751456388,-1.755743439511959
2020-02-24,1.5391481104037674,0.5579132833905595,0.03091256435733461,-0.4745206642068398,0.14068528553880472,0.7875999049965645,1.7616099710454864,-0.9428569393817459,-0.5001994798716962,0.25910611974126735,-0.9428569393817459,-0.4764346464902609,-1.7401065701414953
2020-02-25,1.5288231668128163,0.5515616204278185,0.021242465588830764,-0.4703078704176154,0.09936851417429327,0.7668333173838149,1.7434888718460042,-0.9068166425552892,-0.3425870258623963,0.19277271052290246,-0.9068166425552892,-0.39501635656590295,-1.8825461287999872
2020-02-26,1.5677406712507005,0.5430873379535799,0.012531863470500884,-0.48868711870702486,0.04657236524134311,0.8053711885916861,1.6958259258948154,-0.896241124175342,-0.2919273242878209,0.12579387494166078,-0.896241124175342,-0.30524986922546654,-1.9185766667732893
2020-02-27,1.4916886536983234,0.528850148804009,-0.0033338585512777564,-0.46406584141580903,0.0927443194502001,0.7480765146770656,1.7304674235137192,-0.8044875087563143,-0.3201776436811259,0.03661368799757597,-0.8044875087563143,-0.15986906537719872,-2.072019321602851
2020-02-28,1.5885336187267003,0.5559578328889351,-0.037871633018449584,-0.5232777233317019,0.09933555666559261,0.8884974872937523,1.484029772373994,-0.9095576532448858,-0.2597773885496399,0.185856667186629,-0.9095576532448858,-0.13333080604455813,-2.028838077701483
2020-03-02,1.6505159549646105,0.5815671827928366,-0.04867135251513573,-0.5017780393155495,0.20497902936413975,0.8098317622780935,1.4327285504129594,-0.8784552796594602,-0.3197281181823386,0.12028016603152739,-0.8784552796594602,-0.10859102954577159,-2.0642235469664536
2020-03-03,1.3265826649936185,0.5605580246685056,-0.12387491939010081,-0.4770107457236825,-0.06397039215972038,0.6185963328153394,2.053481551910869,-0.7625041702109734,-0.2826266791168013,0.013525708647222827,-0.7625041702109734,-0.14704548831697486,-1.9532077179063292
2020-03-04,1.1289403357316794,0.5429413429151811,-0.1462918326918415,-0.28394662528326653,-0.2314223053808157,0.4956738085624879,2.319174469711442,-0.721763223046531,-0.35891103687211134,-0.025606915193835993,-0.721763223046531,-0.13669709330379123,-1.8603277021020663
2020-03-05,0.7871435744692372,0.4121798223843992,-0.16867959312764114,-0.3260811447708431,-0.3109214431720986,0.3415439153930754,2.7456375771483836,-0.6718687536094723,-0.4012135432518974,-0.02455392096336506,-0.6718687536094723,-0.22510897775921604,-1.4862087591310906
2020-03-06,0.6740274076217764,0.32185591033653654,-0.30524022001272466,-0.32569533059172023,-0.3447435602084693,0.3239737093609505,2.880086193647419,-0.6944647758180711,-0.3833890982825973,0.05436456966440666,-0.6944647758180711,-0.26573686435209626,-1.24057316554734
2020-03-09,0.9603227802394763,0.48176223395849993,-0.3073531897845163,-0.3112577065786951,-0.3360802888269516,0.5587770983395711,2.523192240423575,-0.8260311202246547,-0.3381933243118535,0.18636900450082564,-0.8260311202246547,-0.2540729330023051,-1.511403674508314
2020-03-10,0.9870090167056438,0.5306313932986412,-0.2830969477697155,-0.3212271604762174,-0.3659378472215084,0.5585504754089092,2.4989258643738346,-0.8662716595475328,-0.3385528485584175,0.19980595840689114,-0.8662716595475328,-0.2699672358328453,-1.4635973492401504
2020-03-11,0.925876277515277,0.5686972473901142,-0.2789662263869022,-0.2998059945732635,-0.3227771679392364,0.39367756048766483,2.564868160268406,-0.8279633011303089,-0.36033900780713296,0.15949937264763622,-0.8279633011303089,-0.19494314897329204,-1.4998604703686549
2020-03-12,0.7962354144436286,0.54808208283168,-0.2990286724900042,-0.26795107685636493,-0.3411513787974615,0.4356558554996587,2.6627549595788227,-0.8259974037241564,-0.4004429806076005,0.10729665987347939,-0.8259974037241564,-0.19959814581173504,-1.3898579102157909
2020-03-13,0.8085680745233953,0.48522839422403347,-0.28694079808457,-0.26039157386273437,-0.42175335437973654,0.4130451183020212,2.6911334330793473,-0.8307330732503558,-0.3573194068826236,0.16379291446347347,-0.8307330732503558,-0.24076362005548058,-1.3331330348264112
2020-03-16,0.8352546886573906,0.457405519787071,-0.3081448439080809,-0.29195836810934594,-0.38341055945573976,0.5050130148836114,2.6492937877693254,-0.8972890802005328,-0.3432678557408589,0.27275063747553874,-0.8972890802005328,-0.34515115488283227,-1.2532067060750172
2020-03-17,0.6663000130435681,0.35304011338988595,-0.26691056011765457,-0.29681149847077015,-0.24306609187923567,0.3486110425571389,2.827438562165297,-0.7766652056494829,-0.47829880327729546,0.16330904784660533,-0.7766652056494829,-0.2704653099440004,-1.2498161040145728
2020-03-18,0.5927154602749115,0.3003994643223415,-0.28323578165683533,-0.3802100419154708,-0.17787518870995994,0.5358741095146823,2.847479259332108,-0.7975836022589776,-0.5699549688730964,0.08541205993561109,-0.7975836022589776,-0.239711999908211,-1.1157251677981248
2020-03-19,0.4799143343877458,0.2697017905556294,-0.3119862292318431,-0.37967148028825387,-0.16943819395629514,0.41257622700837854,2.973664246812143,-0.7571260648947618,-0.6252921861145736,-0.030137191030017916,-0.7571260648947618,-0.18862235951877337,-0.9164568288346164
2020-03-20,0.40874549411824745,0.20254207652263376,-0.3968682451465693,-0.4547112302930591,-0.2818127688733721,0.5172354563416743,3.0086731490827705,-0.789651421929872,-0.6017419234692559,0.009178886127480076,-0.789651421929872,-0.22461169120247598,-0.6073263593483305
2020-03-23,0.3822666471134246,0.2018791438071917,-0.3395645314535021,-0.41191803044733694,-0.232286163714268,0.41499444625838167,3.0621241879111074,-0.7156652651880132,-0.5959734629271916,-0.15086589071974413,-0.7156652651880132,-0.20608252854467984,-0.6932432869073579
2020-03-24,0.34855973938307333,0.16919191587876053,-0.33011513702929185,-0.39414331003489184,-0.2506336903474155,0.35088879378582855,3.09385366056256,-0.6892044615169518,-0.5778192966933129,-0.10855985136222435,-0.6892044615169518,-0.23094450537696745,-0.6918693957322156
2020-03-25,0.36481947241065155,0.144698384098845,-0.3433672142711568,-0.4344552278983548,-0.30709520834605303,0.32477326817486085,3.0991216737596874,-0.6606730444625097,-0.6141741413822837,-0.05172613468524766,-0.6606730444625097,-0.19478704872689054,-0.6664617342090386
2020-03-26,0.42453825143728213,0.2049620996065746,-0.31367033705304853,-0.42362495605815914,-0.2981410823858003,0.28220204979955127,3.0718425557946976,-0.6204645412824615,-0.6586276693752078,-0.07764395314518464,-0.6204645412824615,-0.1582954891512574,-0.8126123869045233
2020-03-27,0.4788267795660667,0.28617176681304946,-0.3052510429670084,-0.42345255975526636,-0.28820825359713925,0.3744040081001413,2.9956291041305767,-0.6653018747344023,-0.6770027756308888,0.0033933836770680317,-0.6653018747344023,-0.19966296508739081,-0.9142436957804048
2020-03-30,0.5386228172984984,0.3016206560521043,-0.3027003969910945,-0.4463489321973382,-0.24329386122111157,0.44577476862983434,2.8899267764407477,-0.5981110920004132,-0.7370547986468514,0.0954033926334462,-0.5981110920004132,-0.15077498153374796,-1.1949532564636616
2020-03-31,0.5209302078819347,0.3595018948710127,-0.2603917709507755,-0.45600351194875,-0.21961190446737666,0.6462486270805637,2.789033051319094,-0.5972293511919828,-0.7607049746013234,0.06620372308221492,-0.5972293511919828,-0.1659376325997669,-1.3248090072828627
2020-04-01,0.6541912555633942,0.4110352767899579,-0.27251158204647064,-0.44456346368597244,-0.2547553391504758,0.5213511650191069,2.8011750024486513,-0.6118778140327157,-0.7006698291267193,0.022463213293259336,-0.6118778140327157,-0.22706184372609603,-1.2868982273132052
2020-04-02,0.5706908933662098,0.3296314884847367,-0.29092870672459636,-0.41392976255860015,-0.3823078848057948,0.4574919479190156,2.927549168019283,-0.5264634680255625,-0.6738576633589213,-0.0526600686399134,-0.5264634680255625,-0.28155548112643763,-1.1371969945238547
2020-04-03,0.6587547482115582,0.3727647326128576,-0.2878568320493903,-0.4110720381358069,-0.36741531132318345,0.5343056200033954,2.8620256487582445,-0.5991039348147791,-0.6746050179009533,-0.026565375181088688,-0.5991039348147791,-0.33042638025694726,-1.1317019251091276
2020-04-06,0.5376820097795127,0.32133079424417027,-0.3653467041482181,-0.4072440512053937,-0.4192924496992113,0.4145780029096707,2.9880220033592244,-0.5263891155506406,-0.6625273257346556,-0.00613675945906909,-0.5263891155506406,-0.4189264347681885,-0.9293608541765612
2020-04-07,0.5999437810036534,0.3348258557082011,-0.31417290617519766,-0.3906189234581819,-0.3997513585752013,0.40633940002573216,2.951405534370757,-0.4667812737799776,-0.6611458770192018,-0.05415069414405961,-0.4667812737799776,-0.4689609738709693,-1.070151290305577
2020-04-08,0.5837476066619928,0.38397790604101334,-0.3245609023629568,-0.4119650680402738,-0.42371404051338024,0.4149900605726666,2.919547988088878,-0.34111250291335626,-0.773903739794967,-0.15070608989915782,-0.34111250291335626,-0.36233091783701926,-1.172857797090083
2020-04-09,0.6229836779564436,0.42143070235737795,-0.33193629473958197,-0.4050337012046631,-0.4714955199470584,0.46398013365947915,2.884944026411695,-0.47993670133554645,-0.7460495766109,-0.11842246347265836,-0.47993670133554645,-0.2097556100618806,-1.1507719716771605
2020-04-13,0.6327614910997843,0.3941523264817365,-0.3323282246661988,-0.3772597536631968,-0.44777990827625785,0.3750317245185024,2.892549973967232,-0.3415294990184416,-0.7821712852811361,-0.2499048222400645,-0.3415294990184416,-0.17952266448813484,-1.2424698594153827
2020-04-14,0.6310552170432444,0.38003668576108096,-0.2994962277051081,-0.3257922984131856,-0.43096182041107983,0.27832149317584354,2.853884932013554,-0.08093872600889507,-0.8151526325303222,-0.302258095727468,-0.08093872600889507,-0.42915945963633584,-1.3786003415524333
2020-04-15,0.8797124940888934,0.6506731531142261,-0.2535875316012973,-0.3194483712667682,-0.3669953619737524,0.4935118279636388,2.556674749191163,-0.23504110145929147,-0.8771698971456019,-0.17253496553445744,-0.23504110145929147,-0.5297788582673618,-1.5909750356501005
2020-04-16,0.9311798288490628,0.6063080188798815,-0.2500963125237242,-0.11513079818989243,-0.4556175550881565,0.3862460543963164,2.3850498024812343,0.16430356875704988,-1.1262302049607151,-0.4175422886849761,0.16430356875704988,-0.6049839594027004,-1.66778972327043
2020-04-17,1.0268133010547564,0.8482936284759909,-0.17883472313418786,0.02139240639861327,-0.40915023225881764,0.6209975361021834,1.9454379907653732,0.11587305349744956,-1.0171631647328379,-0.2853387358421079,0.11587305349744956,-0.777118056392202,-2.0270760574316626
2020-04-20,1.0909129699677045,0.8892038365237273,-0.04908047136145195,0.28099422733829255,-0.23737902148285323,0.623796624647417,1.4213248825124818,0.34175039162367754,-1.1582082241297091,-0.29620082812145554,0.34175039162367754,-1.1087317631187736,-2.1401330160227343
2020-04-21,0.872354755392049,0.72751299103168,-0.17540081144164998,0.19959176777122556,-0.2946047084611501,0.6461413935370679,2.009954501312741,0.16585812701202118,-1.0480503135868753,-0.36888701535214613,0.16585812701202118,-0.9026913774776747,-1.9976374367493102
2020-04-22,0.6514429751696525,0.6156806167525907,-0.2708544625444747,0.13955477739591016,-0.35795973246935553,0.521290503230798,2.2510118868890077,0.2106468788050839,-0.9647874789949968,-0.33584488426316783,0.2106468788050839,-0.6506598610955318,-2.0201680976806
2020-04-23,0.5253693405192628,0.5342891392188462,-0.320006449748014,0.186980735294782,-0.3955968884030405,0.6010220333166728,2.2741603770851166,0.22158364261414926,-0.9179667334176731,-0.1143744646838723,0.22158364261414926,-0.8212344049922824,-1.9958099694180964
2020-04-24,0.49415205242046933,0.4802653069865318,-0.366585208679303,-0.02465897682605479,-0.4084539779996763,0.7730739518553242,2.5592486998005755,-0.08053929944519955,-0.888608492117555,-0.06507741301675152,-0.08053929944519955,-0.7446934450936035,-1.6475838984395583
2020-04-27,0.41156823213832994,0.26674520982235245,-0.4284838341836649,-0.1288808832181987,-0.5779939582610307,0.6740180220198275,2.781170629942629,-0.10770605700346778,-0.7694286248904398,-0.12205027031270294,-0.10770605700346778,-0.3900063621946579,-1.5012460468555076
2020-04-28,0.45099021727682276,0.30044878904791766,-0.42495014424854044,-0.20755454447952942,-0.5603405649712379,0.8471931424796928,2.7272494145289894,-0.2134339839302139,-0.6382486424915411,-0.06264875869600364,-0.2134339839302139,-0.5025756756669876,-1.5026952649191543
2020-04-29,0.44143701297410626,0.3003180518544476,-0.4621789264298823,-0.16022758417367333,-0.5881619010359741,0.899398603709422,2.6474278281244845,-0.11193468583447728,-0.6682648794611223,-0.03249889708505649,-0.11193468583447728,-0.5664359307489445,-1.5869440060588529
2020-04-30,0.518066090332341,0.4116426368524874,-0.2936491157496582,-0.13801149144295483,-0.5345477120782041,0.9751985848069106,2.5264098424769785,-0.18576833339218618,-0.7034673829423662,-0.04204225211274058,-0.18576833339218618,-0.6665728079507475,-1.6814897254076733
2020-05-01,0.327751846520108,0.3871857236942821,-0.20872755273821397,-0.14053177613775156,-0.4987880146423367,0.8839302100663471,2.66179141633591,-0.1864639780579336,-0.6962124143170489,-0.1776877956226778,-0.1864639780579336,-0.5203253457292819,-1.645458341313469
2020-05-04,0.3853203773185407,0.5277459466806049,-0.19809753548101425,-0.04359047186441935,-0.5022963487840475,0.8175397977923266,2.5018233847554656,-0.05309652522857562,-0.7329633509781437,-0.2178597332865771,-0.05309652522857562,-0.5809640372421494,-1.8504649784534355
2020-05-05,0.46077078452765213,0.6015191898703022,-0.21335350536705944,-0.10124223749525812,-0.5891467475093652,1.123777235451513,2.2278328079961085,-0.036844694224200544,-0.6567388695819598,-0.1865482169583966,-0.036844694224200544,-0.6016905962183587,-1.9914904562667761
2020-05-06,0.4370135849691406,0.5561074271156046,-0.27359420216808816,-0.10279798763496778,-0.605596990537782,0.9551080318260965,2.387100983340096,-0.040615100191786865,-0.6283767967325391,-0.1002127645111421,-0.040615100191786865,-0.6416163745902124,-1.9019047106926326
2020-05-07,0.4869972060187101,0.5437818410399539,-0.26080647977843224,-0.17266019681915304,-0.5805277170218627,1.0837072856178374,2.383231616471654,-0.26975542051284823,-0.6110155701776663,0.09979195823732841,-0.26975542051284823,-0.6293300956011749,-1.8036590069614986
2020-05-08,0.41285843608847195,0.4695007348694104,-0.2468195728359429,-0.1569768255656531,-0.5227642933846376,0.8734355966492271,2.5690251829841446,-0.27010295175130156,-0.5620615203842385,0.12489928667100977,-0.27010295175130156,-0.720694806442111,-1.7001963151470774
2020-05-11,0.4403141766088155,0.41805868696503873,-0.26665917912016157,-0.17089108624728608,-0.5169280667700605,0.9680852869462829,2.553481635797194,-0.3429500680236511,-0.5740766342661395,0.18167444529593604,-0.3429500680236511,-0.6971395408694864,-1.6500195882928312
2020-05-12,0.4561560733436748,0.3349260312449688,-0.283427176215798,-0.17958949142256764,-0.508976740534484,0.8745724419935107,2.687653655258512,-0.3563246009076534,-0.6280656082169602,0.04736558796228063,-0.3563246009076534,-0.5493607443803301,-1.5386048272175006
2020-05-13,0.4137000636750353,0.19581434639922635,-0.31645990711812805,-0.09912401054031221,-0.49409224903682125,0.8034345246576543,2.8181127081113324,-0.42942588408051696,-0.555857135740073,-0.020499988260600056,-0.42942588408051696,-0.5003121084114169,-1.3858644755748646
2020-05-14,0.3981588290396419,0.19497081558453105,-0.27222701869838506,-0.08279258227895962,-0.4990271278734082,0.761934401460776,2.8795193692388463,-0.4759098004464518,-0.5941013644857335,-0.08979888456260228,-0.4759098004464518,-0.5083367093700354,-1.236480127161767
2020-05-15,0.35224460287199766,0.15555224561082337,-0.3150156024420132,-0.06743855289413085,-0.5073288226673632,0.7599335565169212,2.9041303933180207,-0.42977802482289407,-0.6079159807953475,-0.1054741495211516,-0.42977802482289407,-0.48821957328609444,-1.2209120670658722
2020-05-18,0.3285157648488744,0.12722005555366217,-0.35340262674510137,-0.05599759057192237,-0.529601934532247,0.8081395183007699,2.907109656704256,-0.4445586723699647,-0.5787295871953517,-0.1183588480319059,-0.4445586723699647,-0.45921532211072025,-1.1865617414803842
2020-05-19,0.21977067668991404,0.08162164147158392,-0.3418293925199419,-0.10350446573205653,-0.5133658371984892,0.7113368668593577,3.005453383424186,-0.4691917484520002,-0.5232053527744182,-0.10809942515055372,-0.4691917484520002,-0.4451236381986314,-1.0446709599669506
2020-05-20,0.22180600223952512,0.0545031181045874,-0.3405570639745522,-0.09448484351383092,-0.5077823859822722,0.7139972224181667,3.0131239459164623,-0.47532186758539474,-0.48624738939604933,-0.13949302737709982,-0.47532186758539474,-0.4530086167135143,-1.0312132265506335
2020-05-21,0.23838824353018204,0.06805607513474705,-0.348887603995226,-0.05141556719364482,-0.5330253408644152,0.6665814853628385,3.013723683219773,-0.42204848970823816,-0.5076698624184616,-0.18520299081020308,-0.42204848970823816,-0.43798719165066213,-1.078463950898451
2020-05-22,0.1913190265061613,-0.0016799190876497332,-0.36037456983458,-0.1297075722978993,-0.49349683496047847,0.6498906563577567,3.070768134884796,-0.47273287679582127,-0.45911703106260676,-0.13805547063003593,-0.47273287679582127,-0.4840184096188297,-0.9000622566649903
2020-05-26,0.22367101173572584,-0.011151824050954145,-0.36520077713702304,-0.0785110763596957,-0.48200949876983834,0.7510335078840452,3.0181588179654537,-0.5138928657393756,-0.4569904853171556,-0.11568160635363721,-0.5138928657393756,-0.5098640178802524,-0.945668320237916
2020-05-27,0.22652628173382025,-0.028098841303996223,-0.37801374920740616,-0.12225120229418805,-0.4690009464150436,0.7442912511766402,3.0401567783719607,-0.5324077630165348,-0.4266978564214928,-0.15167207385287365,-0.5324077630165348,-0.5083656599365964,-0.8620584558177552
2020-05-28,0.15831781311710863,-0.07623550488643412,-0.3851144585377909,-0.1863089954353211,-0.4940858897716031,0.68870315009749,3.0852669925199487,-0.5133523932082222,-0.39739356565444584,-0.09635497913322418,-0.5133523932082222,-0.4801855765467097,-0.7899041993525738
2020-05-29,0.1753151244593302,-0.07300343956934423,-0.3895543678599518,-0.18962091504437462,-0.5022366163768177,0.7564478639876423,3.0510137065758767,-0.5068450337404397,-0.4014421317006816,-0.08579121850321414,-0.5068450337404397,-0.4640425490893105,-0.8633953893982749
2020-06-01,0.1481737076559032,-0.07792211836843706,-0.33031770085427115,-0.20899784928931725,-0.4808093863151296,0.7266382544678556,3.056982900592592,-0.5485212509151788,-0.4090674682864723,0.0006618558240787895,-0.5485212509151788,-0.48585270309676215,-0.8424469904996827
2020-06-02,0.20264588550032278,-0.055977814805004744,-0.33113851481564616,-0.13326267155247723,-0.40236862933690615,0.7280960512943294,3.035510279973941,-0.5742948033015417,-0.42892278344937673,-0.049445751415343166,-0.5742948033015417,-0.5176271546605065,-0.8989192901302486
2020-06-03,0.2529518628779527,-0.0077796023834963805,-0.25562656491106,-0.15475594918433758,-0.2996579026219921,0.7861434391034922,2.9908927330501904,-0.5841111694639651,-0.49387887565421823,-0.12061300450586308,-0.5841111694639651,-0.5610669284977567,-0.9683868683449828
2020-06-04,0.2360365866156176,0.015228340425306925,-0.24249353006778585,-0.1394165908967247,-0.2779935030081344,0.717405284641513,3.0223062778991023,-0.5529033269244831,-0.5124920209252727,-0.20039108049910856,-0.5529033269244831,-0.5541165799828188,-0.9582665303527282
2020-06-05,0.22035036694552798,-0.019806135257306175,-0.21545392078008146,-0.16390495286299533,-0.2894467904435276,0.7610540468407445,3.00788120985276,-0.5744369320812704,-0.5210781919498928,-0.12841072384627963,-0.5744369320812704,-0.5378487982064111,-0.9644622461299956
2020-06-08,0.22289833147794655,-0.02999717172316544,-0.23290167804546114,-0.1606112439873259,-0.29167918219093647,0.7868475248590344,3.0069410416946125,-0.5987778669478281,-0.5812138101835023,-0.11358135854485742,-0.5987778669478281,-0.5273026420129813,-0.8818440774477062
2020-06-09,0.19397738800059858,-0.06369591839624067,-0.2284502266596147,-0.18914979046359684,-0.30894670004246844,0.8180328035827713,3.009613520603881,-0.588547932415578,-0.5635646413977791,-0.11461611370584736,-0.588547932415578,-0.4910774265220038,-0.8850270301685427
2020-06-10,0.20677756358988514,-0.0764384197087364,-0.23784727712156772,-0.2373469810207309,-0.3187086868358335,0.8154651530945822,3.0177233058280097,-0.5905848924028717,-0.5559816738891166,-0.10815297030678239,-0.5905848924028717,-0.4751080550156594,-0.8492121738083074
2020-06-11,0.22144178244272086,-0.05316510162475483,-0.2220356712391782,-0.22960438584862605,-0.3550891173407925,0.8891046893599063,2.977987219087784,-0.6135532390996359,-0.5914019588076638,-0.11035361459710305,-0.6135532390996359,-0.42452703873285585,-0.8752503245001655
2020-06-12,0.1904341308233673,-0.08845242114710396,-0.24805976343472333,-0.2530940214275663,-0.341299056622434,0.8410567082338384,3.016246062491415,-0.5933963856656291,-0.587744664818462,-0.10728569756297529,-0.5933963856656291,-0.4114660496490644,-0.8235424555550344
2020-06-15,0.2337009802303204,-0.07029875672866943,-0.24769896816345635,-0.2081562948457045,-0.3526872038342799,0.888908152071961,2.9757717852154197,-0.5565457021373903,-0.5852483281293926,-0.15838265422000214,-0.5565457021373903,-0.40729917184966535,-0.9555181354717502
2020-06-16,0.21562015764968137,-0.10554599024976086,-0.26906820814632115,-0.23217321497347726,-0.4089394895112632,0.9899167902801718,2.938152514728883,-0.5900204771205584,-0.5264239018935515,-0.07430838651578829,-0.5900204771205584,-0.3999094234144668,-0.94727989371299
2020-06-17,0.21844812574157838,-0.06796450075501297,-0.25059270043405296,-0.22053271113444928,-0.4371426697640516,1.2096975618532344,2.8198834290915267,-0.5918666747990053,-0.5587266095219403,-0.09788490904805976,-0.5918666747990053,-0.4131293457005017,-1.018322320730261
2020-06-18,0.21303466958892703,-0.08412732467195505,-0.2529233690909393,-0.22284614205567668,-0.41423558969985214,1.1227443658973866,2.8736714593019568,-0.5874821088911293,-0.5482678515309937,-0.1394783448066276,-0.5874821088911293,-0.37692840152644796,-0.9956792536235192
2020-06-19,0.2160525179333765,-0.09928423071551312,-0.2625039861184317,-0.21048184838485534,-0.3798332077920178,1.1598424813409753,2.852318677640891,-0.5900093075449073,-0.5554580486386882,-0.14853495015468135,-0.5900093075449073,-0.3726026822966351,-1.0194961077246047
2020-06-22,0.19621091669350638,-0.11976564474658973,-0.2558851860287086,-0.20939950727130469,-0.32297362707380944,1.1090481866337012,2.8725823586611625,-0.5956961937061158,-0.5377778252548316,-0.12822559642323858,-0.5956961937061158,-0.36053714100985995,-1.0518845467677957
2020-06-23,0.19194385010177129,-0.13649592516111733,-0.2713520943995245,-0.23290488657780406,-0.321695859455319,1.0922182299091923,2.894391052433242,-0.5904761751995037,-0.5396924756606224,-0.13097942468103346,-0.5904761751995037,-0.3612489952563997,-1.0032311208533764
2020-06-24,0.21143319599070962,-0.1482592442827535,-0.25580723733324806,-0.24580048670296942,-0.3154431056527811,1.1805025359902497,2.8470380148363983,-0.6009843864953156,-0.5655123392424936,-0.14081247371511768,-0.6009843864953156,-0.35509584294989904,-1.0102742439474655
2020-06-25,0.20165632048570753,-0.13572937707999416,-0.226893222709503,-0.24951460029108954,-0.32671177475267904,1.064765368631575,2.896620511289112,-0.6231627611443399,-0.549022056908373,-0.10482472504778559,-0.6231627611443399,-0.3223745245863262,-1.001646396741966
2020-06-26,0.19474136604138859,-0.11461746032421063,-0.19234223233778153,-0.25057226032448,-0.3145990148897398,0.8932952613859877,2.975218689276942,-0.6031940963581994,-0.5256284883088007,-0.165748649916104,-0.6031940963581994,-0.30576273028534934,-0.9875962876014539
2020-06-29,0.2434693264185793,-0.0874095740139132,-0.15749090649289824,-0.23412283875546092,-0.3307868751879256,0.8852524629805636,2.966486921369622,-0.5886696352191716,-0.551415582411988,-0.28882418751213235,-0.5886696352191716,-0.2623567248974103,-1.0054627510586938
2020-06-30,0.22260264443449573,-0.08871009426802468,-0.16740092076190846,-0.21152462709041545,-0.371197820206924,0.9221989376555562,2.9518954114978495,-0.5861583533501318,-0.5227760112533174,-0.2739256522816705,-0.5861583533501318,-0.2559425635921388,-1.0329025974332373
2020-07-01,0.18752265270812177,-0.11744995610344362,-0.18972289952125893,-0.21258672719749108,-0.3142127388345249,0.8036724224603743,3.0181516423777093,-0.558351869403539,-0.5571574757983733,-0.3702604758789826,-0.558351869403539,-0.17505159136949738,-0.9562011140355561
2020-07-02,0.18059207512253278,-0.11504267459113364,-0.20511739536116916,-0.22715128713591606,-0.3300796498948834,0.8692136927634159,2.9881140300101032,-0.5649853238112859,-0.5087084755013016,-0.34358053600529626,-0.5649853238112859,-0.16619098010109232,-1.0120781516826882
2020-07-06,0.19224127521572545,-0.12235999588410425,-0.2297221520743639,-0.23416370815334234,-0.3770772589362854,0.9011549122057239,2.9584134378291154,-0.5921791651449141,-0.4294476623551757,-0.28888336184521646,-0.5921791651449141,-0.11242992952973443,-1.073367226182515
2020-07-07,0.18445208392026244,-0.136129940868716,-0.26952420793113674,-0.24632998766731473,-0.39520696285212226,0.9630008977758673,2.935224797803172,-0.5935023403871114,-0.42023742599778063,-0.2034690103742941,-0.5935023403871114,-0.14201896780537215,-1.0827565952283424
2020-07-08,0.22488780082828144,-0.14055334483557208,-0.25787872244506693,-0.2797957472216844,-0.3955765376515686,0.9705255962623728,2.9244195793224446,-0.6182744108506776,-0.37474511375031994,-0.20812985380790977,-0.6182744108506776,-0.14763387046123794,-1.0789709645383851
2020-07-09,0.17840628850806162,-0.14335379124224418,-0.26925488448271667,-0.29055434690361087,-0.41473701480519176,0.8327055285515467,3.001554422096187,-0.6007694651462185,-0.376527654137027,-0.2569245931874796,-0.6007694651462185,-0.06903294951531841,-0.9907420745897724
2020-07-10,0.2559181239804605,-0.1301615896362677,-0.27667388464637005,-0.25675236699459136,-0.3922068647091506,0.9265767096684937,2.947902275991945,-0.6067520461947473,-0.3757395600852351,-0.31759514191886823,-0.6067520461947473,-0.12978032934553535,-1.0379832799153859
2020-07-13,0.24408533206435631,-0.12104990775262053,-0.29753363558281204,-0.250213023216826,-0.41241377432827214,0.7859626617794939,3.0392725396156797,-0.6076050666042807,-0.40495625375162786,-0.37883994204953725,-0.6076050666042807,-0.166988103920753,-0.8221157596485189
2020-07-14,0.2661893035446613,-0.11064240544440938,-0.27070243317175996,-0.21317878092206893,-0.4247255833008846,0.7852830309427072,3.0197432885776787,-0.5391500661884431,-0.45873627194455063,-0.43117676746215944,-0.5391500661884431,-0.14357572500348678,-0.9401775234388403
2020-07-15,0.2981506620977692,-0.09914406091260189,-0.28327595967518227,-0.24228121653357362,-0.42395712031976207,0.9172822762853523,2.950050431372751,-0.5828862917616955,-0.47837543334247734,-0.45596059206240214,-0.5828862917616955,-0.05820538246545449,-0.9585110209210276
2020-07-16,0.26210174637829525,-0.10720767294724129,-0.3072732571371814,-0.24819915126373898,-0.4187020516712085,0.8798999141750049,2.988349088818166,-0.5906666254843109,-0.45661640555715083,-0.41512984167835915,-0.5906666254843109,-0.10454847847131321,-0.8913406396766517
2020-07-17,0.32428980384418366,-0.07353187831768504,-0.2971991934361691,-0.23198213005138252,-0.4157929013720747,0.8198940433346432,2.986013120061222,-0.6282455161409695,-0.4635681523708299,-0.40483763140406775,-0.6282455161409695,-0.08667430453615473,-0.9001197434697471
2020-07-20,0.28830484893252445,-0.06887321585339737,-0.28575737644234034,-0.2001955186258033,-0.40088943202320537,0.8414374084561513,2.9883978642997024,-0.6150808005681244,-0.4648327102983684,-0.4408208598671111,-0.6150808005681244,-0.12785332760058815,-0.8987560798413147
2020-07-21,0.31355921819736454,-0.06434087926404457,-0.2984945975369634,-0.19401085184057687,-0.3959524347886183,0.8614870388562694,2.979019849443346,-0.6328395590120698,-0.4585709464373751,-0.49659317919196483,-0.6328395590120698,-0.13047290835164652,-0.8499511910616518
2020-07-22,0.2693150904461997,-0.07944078850557589,-0.2987369457012093,-0.17870328776522096,-0.3860753644439114,0.8414433552609256,3.010916167416772,-0.610012754209713,-0.5220324011090292,-0.5141854278283478,-0.610012754209713,-0.16911839556875305,-0.753356493782424
2020-07-23,0.31829231653679574,-0.04100465970850187,-0.28894734004861633,-0.16494168966716835,-0.3929788834073763,0.8759541590782373,2.9792687215454956,-0.6256877912807797,-0.5083172329068917,-0.5114043863404922,-0.6256877912807797,-0.2148692238642228,-0.7996761986556996
2020-07-24,0.3826639082523113,-0.03670286409341623,-0.25348660591548516,-0.12812711174023564,-0.38365940448525193,0.826782542708794,2.96941553331295,-0.6206182963757553,-0.5259337519174284,-0.5708731043608902,-0.6206182963757553,-0.19467273887247893,-0.8441698101373589
2020-07-27,0.2894804651084753,-0.08623287402210147,-0.27594126985032497,-0.1352740251550162,-0.3839679724257317,0.7164449221175673,3.054623998344739,-0.5721108158189391,-0.4922852310591588,-0.5597694962621763,-0.5721108158189391,-0.23691148169091983,-0.745945403467474
2020-07-28,0.2893229413357076,-0.08230624967568338,-0.38363459314226056,-0.10100547199404195,-0.3591392034205964,0.7204402231238054,3.0538831058916798,-0.5544176602425095,-0.4729369411102548,-0.5155551887967754,-0.5544176602425095,-0.2625742703468825,-0.7776590313796795
2020-07-29,0.28928009063130067,-0.05655017987736631,-0.4194052898085782,-0.05791513161180878,-0.4129100632049345,0.7473041511478932,3.0382176702792645,-0.5324311053446967,-0.4543887723527858,-0.490955235045507,-0.5324311053446967,-0.29918445364123414,-0.8186305758268507
2020-07-30,0.3037555648242184,-0.0634538533957999,-0.3979723976747282,-0.08565470080462881,-0.4184710836251728,0.7024088795454883,3.0535276321260714,-0.5549655503256323,-0.46016198654485163,-0.5145060568984567,-0.5549655503256323,-0.23696953882339972,-0.7725713580774747
2020-07-31,0.1706203680251355,-0.06458312669411602,-0.4347097770332798,-0.10072772193106357,-0.42937176695500845,0.7296201397994031,3.083167661999134,-0.6093292770063123,-0.4603726396566031,-0.45212956534243,-0.6093292770063123,-0.2573221659586121,-0.5655328522399361
2020-08-03,0.14665370727760665,-0.11442709167837224,-0.41868133249642964,-0.06486013813339128,-0.37701923605144244,0.6848917192029964,3.1015704380372497,-0.6045570860099089,-0.4597422436799251,-0.4676675331069496,-0.6045570860099089,-0.24292140734928816,-0.5786827100022365
2020-08-04,0.1268727345775866,-0.123762469947725,-0.3883949192648877,-0.07014485928734208,-0.3828763335441333,0.6499306840080299,3.118633050332493,-0.5925445605135252,-0.42622118182904567,-0.47610872080878297,-0.5925445605135252,-0.2598828021633993,-0.5829560610457448
2020-08-05,0.10544324463386967,-0.15203590605364575,-0.38791760588480156,-0.0631106380072486,-0.3702856524957835,0.6007404880219839,3.1422794286011957,-0.6118359197556544,-0.4262619997388671,-0.4513065692329776,-0.6118359197556544,-0.3327137439814885,-0.441159206350928
2020-08-06,0.09067703357310505,-0.16935294301115722,-0.3874469283506976,-0.08528994335198373,-0.362764753194763,0.6004437470640906,3.1499751536836973,-0.5901574316751536,-0.4181969928816932,-0.4771269055713581,-0.5901574316751536,-0.34245442059774955,-0.4181481840111838
2020-08-07,0.100383428127081,-0.16733071764556068,-0.4100431473538169,-0.07037327770112685,-0.38150040954849374,0.6600176084269352,3.125185002482927,-0.6254649152350609,-0.4403209267264494,-0.4780710654127124,-0.6254649152350609,-0.3482822619319269,-0.33873440224673573
2020-08-10,0.07441343354114545,-0.18981669156641545,-0.42408877144534785,-0.05504426386271573,-0.40345236780914967,0.6617722836211218,3.1260922991432096,-0.624385697120275,-0.4367535485787112,-0.49108429965054445,-0.624385697120275,-0.3433839672141242,-0.26988271193791685
2020-08-11,0.023517078487013208,-0.21546810370770672,-0.402075014566774,-0.08059282546653918,-0.39523475781138495,0.5652334504810562,3.163929046122321,-0.6010269783012555,-0.45678325264647157,-0.4516520102363899,-0.6010269783012555,-0.35505009100495405,-0.19376956304766021
2020-08-12,0.041290439791228574,-0.2141196545783228,-0.3877879411784853,-0.08169621556671976,-0.38658237100310444,0.5442943257740112,3.1713013390667784,-0.5827302814662773,-0.4586880863275872,-0.46477185303776664,-0.5827302814662773,-0.36335975364427997,-0.23441966636319875
2020-08-13,-0.04632453861206148,-0.28377230738806825,-0.4534340878559532,-0.1696737006898783,-0.45257744967394176,0.4908988229848806,3.05181655660695,-0.6365850730237522,-0.526179209806983,-0.5517702574480701,-0.6365850730237522,-0.3972923100857848,0.6114786280164166
2020-08-14,-0.08017329903497598,-0.3065769020111855,-0.46500575649625786,-0.22245525689788392,-0.44448428237420945,0.3942931367819405,2.980431276744317,-0.6469148537407121,-0.5205931623556563,-0.5259077792119522,-0.6469148537407121,-0.4271749988297883,0.9114767311670764
2020-08-17,-0.07447938832987999,-0.3128668469733776,-0.4616368103822509,-0.22127006225509482,-0.44699310025639216,0.4162219441335878,2.9980972434973516,-0.6421825800815133,-0.5114957401185453,-0.5285088699534982,-0.6421825800815133,-0.4250337743417028,0.8523305651428299
2020-08-18,-0.07809890764110557,-0.31500726854449906,-0.4514493299114443,-0.22166229080374694,-0.4318701230157418,0.35101746107259396,3.0250248457529714,-0.631214542174885,-0.5079359741109097,-0.5458740051089707,-0.631214542174885,-0.3859784039764237,0.8242630806370479
2020-08-19,-0.08148263304486579,-0.2856046766111755,-0.4282552384029081,-0.15601413916670756,-0.41901415206510956,0.2655112374036597,3.1065148076861484,-0.6083835926828902,-0.49442244046954015,-0.52642158930711,-0.6083835926828902,-0.39087964290082666,0.6268356522442147
2020-08-20,-0.08765769915392084,-0.2901156566553432,-0.42705169048082403,-0.1607006222627766,-0.4266953124301917,0.2914483143047026,3.0800920711846307,-0.6230794986151942,-0.5144647606124458,-0.5203948869123014,-0.6230794986151942,-0.39160814480291667,0.6933073850517759
2020-08-21,-0.1158554346753763,-0.2951271040279569,-0.4278736902988707,-0.2008157791666415,-0.43164938758010407,0.23685581875968606,3.0350569917024455,-0.6118220778615082,-0.5277224465445697,-0.5123817646512012,-0.6118220778615082,-0.4107400113750496,0.873896963580654
2020-08-24,-0.13795498752287785,-0.3114543643773107,-0.44218168116741163,-0.20518720226710008,-0.43921065082722077,0.23972331620055737,3.001847861586448,-0.6119325115919967,-0.5325093539707413,-0.5027764865920266,-0.6119325115919967,-0.41110452686938637,0.9646730989910622
2020-08-25,-0.10971245025364797,-0.3117121296253942,-0.44738573554210076,-0.18741583419641547,-0.45336230470326155,0.3154622193631654,2.954542383623317,-0.6412217150760573,-0.529648515626318,-0.537603435009942,-0.6412217150760573,-0.4318743072451208,1.0211535393678328
2020-08-26,-0.11378842384557925,-0.31125029795810916,-0.43727894568052106,-0.1874756842153706,-0.4439513300964562,0.28645266895571353,3.0342115366967115,-0.6186390425873742,-0.5110825160256521,-0.5072391837658587,-0.6186390425873742,-0.419070886379776,0.8477511474896458
2020-08-27,-0.10303560830478267,-0.3131663976337626,-0.4473776232944286,-0.18881400155077804,-0.45663759052999575,0.3234661960136965,3.018789575344894,-0.6229365285100991,-0.5190530210360744,-0.5116176992855798,-0.6229365285100991,-0.42011126522088105,0.8634304925178908
2020-08-28,-0.08247249141022092,-0.29756789665109673,-0.4348746372148484,-0.1727758734302273,-0.44388038118550693,0.3756226524978969,3.0822725432088975,-0.6201932927077956,-0.5133094379097539,-0.5158466837279998,-0.6201932927077956,-0.3876628650699329,0.6308816563083831
2020-08-31,-0.07142949045770156,-0.3082393794236562,-0.43835981066476126,-0.16670974863761262,-0.4541959233988981,0.3752814563869568,3.065950320411277,-0.6246415448445215,-0.525327390071907,-0.5368005541908013,-0.6246415448445215,-0.36529891583991,0.674412525576057
2020-09-01,0.0774905140659468,-0.3075175075793058,-0.4821735904045319,-0.11148788547702346,-0.4010293203141443,0.4166203822586853,3.067194840835272,-0.6563211854816582,-0.5351615661677778,-0.5826426198345311,-0.6563211854816582,-0.367293676670092,0.5386428002508181
2020-09-02,0.07412042959931618,-0.27517907146780857,-0.4982360362885315,-0.18767769479054192,-0.4232864466421564,0.43816035771364237,3.0186417205070453,-0.6748768563987705,-0.5246659778841047,-0.5957077055062527,-0.6748768563987705,-0.36667452212491963,0.6902586596818512
2020-09-03,0.05592744491373525,-0.29703668001857847,-0.5006171731232653,-0.18184868251673383,-0.44365530054226515,0.40997026288655986,3.0217425156334414,-0.6585009678498119,-0.5204029288045733,-0.5969826022826995,-0.6585009678498119,-0.3471433126490051,0.7170483922030085
2020-09-04,0.0665096900386743,-0.3024127413990492,-0.514159131279131,-0.16267834217138097,-0.4569554842452164,0.3602315029439842,3.0264063437692053,-0.6626973594581357,-0.5371678460758698,-0.6349037440631183,-0.6626973594581357,-0.2234991298891917,0.7040236012873631
2020-09-08,0.1170895817789203,-0.27620119024062767,-0.4926962513401693,-0.14858615972955014,-0.38007481950587974,0.3787704934744576,3.0748046530758875,-0.6592742151252665,-0.5374190226893371,-0.662985282656358,-0.6592742151252665,-0.2478556783917733,0.49370210647496254
2020-09-09,0.10788167505251071,-0.2724514845107641,-0.49610496919556807,-0.1515584876167349,-0.369346293127605,0.38453336846470076,3.0628950336897103,-0.6683671527176245,-0.550266045261722,-0.673846660835897,-0.6683671527176245,-0.23040945593154327,0.5254076247081617
2020-09-10,0.12195062357531743,-0.2888247786872813,-0.5118083843252795,-0.1523539228766338,-0.38562276818389507,0.37320978741520344,3.011585836801547,-0.6897448602421161,-0.5684747525908144,-0.6933263182030583,-0.6897448602421161,-0.2059217396849811,0.6790761372441091
2020-09-11,0.10457274338395794,-0.27550978923656005,-0.5139071249580301,-0.127568835261681,-0.39605934634292556,0.414858590732128,3.0129641560245983,-0.6871067989897847,-0.5744631609891504,-0.7308081932113213,-0.6871067989897847,-0.16469780581556717,0.6248323636541208
2020-09-14,0.07266693456838416,-0.28255131865347455,-0.5007502312350913,-0.1572219554109831,-0.38562841291924066,0.37911041987837213,3.0420888730400764,-0.653819430531155,-0.5409237805605434,-0.6807974328097158,-0.653819430531155,-0.275378186415859,0.637023951580386
2020-09-15,0.07559037453138638,-0.30865657684822123,-0.510593699594065,-0.1881712922950423,-0.39812468939636686,0.33350513924116676,2.995335151358341,-0.6557470173555979,-0.5330997795844855,-0.7119265208265706,-0.6557470173555979,-0.24778400830776326,0.8054199364328165
2020-09-16,0.046985323151430364,-0.30733710928558966,-0.5107926251746638,-0.1848402720004922,-0.3971300677120449,0.3358194127202155,2.9870972441948243,-0.6498155891020065,-0.5309403178750199,-0.7067224043881409,-0.6498155891020065,-0.2766672315093789,0.8441592260828731
2020-09-17,-0.03747827709720506,-0.3367560937282628,-0.5051153903987652,-0.22759677112261364,-0.42091737834183784,0.304469697630578,2.8826383235048936,-0.630993144205865,-0.5239935084775365,-0.6907583577632737,-0.630993144205865,-0.33844862361619593,1.1559426678219502
2020-09-18,-0.07857055413783301,-0.35726884511347673,-0.4969719085963729,-0.21562660427179042,-0.4305901794841655,0.2398035055211608,2.7600984757329563,-0.6285772763646985,-0.5300267727110471,-0.6890422416287384,-0.6285772763646985,-0.3692211040234074,1.424570781442111
2020-09-21,-0.05054925212653057,-0.368302346206924,-0.5014851916466228,-0.21950872406111052,-0.4318453459178862,0.27841684678381234,2.806277061289382,-0.6296797271139968,-0.5329002086903081,-0.6898127411111141,-0.6296797271139968,-0.35229395247991885,1.3213633083952137
2020-09-22,-0.05389045455180417,-0.3570733104496242,-0.48761689589525353,-0.22333974659218464,-0.4236072319881246,0.24205463772289038,2.8565725735355616,-0.6214544592432982,-0.52612526009538,-0.681141714925133,-0.6214544592432982,-0.34781512422559147,1.2448914459512408
2020-09-23,-0.01854928842505442,-0.36598176732370613,-0.49235784538057453,-0.23072173182511982,-0.4212823594072065,0.2644660896842673,2.859109520351456,-0.6204776395558477,-0.5277100665849124,-0.6854100132679666,-0.6204776395558477,-0.3642206184677062,1.2236133597582193
2020-09-24,-0.03399623009931817,-0.3686746780061696,-0.4881081501547415,-0.22562696358225778,-0.40207559960659733,0.23760028789852441,2.901650725525931,-0.6202604752607638,-0.5202204433677533,-0.6632403083147899,-0.6202604752607638,-0.35123260231498876,1.1544449125436893
2020-09-25,-0.040320529377194374,-0.3635269517508798,-0.4918933187717901,-0.21727408247708832,-0.37935266842783966,0.22592736066951752,2.9469003433234304,-0.6233148787995494,-0.5027096939488441,-0.6635054085630391,-0.6233148787995494,-0.32651576478001015,1.0589004717028352
2020-09-28,-0.03300781547349742,-0.36206049570663756,-0.4894985519897657,-0.19086736808009122,-0.32353953249066436,0.22322149206828282,2.955319839759382,-0.6370168750340396,-0.5124619505915832,-0.6711752125836069,-0.6370168750340396,-0.349706626749161,1.0278099719054208
2020-09-29,-0.06080775348123703,-0.34256920268336377,-0.48933901635072546,-0.2084027930318531,-0.3461351514181271,0.21846242558142082,2.9747353771276375,-0.6330015039193517,-0.5087642381478725,-0.6187253514975228,-0.6330015039193517,-0.35695130013210635,1.0045000118724523
2020-09-30,-0.09440641283328352,-0.3496092534848263,-0.4901581100549765,-0.22136252770135695,-0.3566611198885412,0.24340732371402654,2.9276406287507806,-0.6393628709711154,-0.5102762597267063,-0.6104938209519112,-0.6393628709711154,-0.370331952843969,1.110977246962994
2020-10-01,-0.09134045958534776,-0.3504541152791315,-0.47387052978898225,-0.22259156382197398,-0.34902648313487644,0.2080484694963842,3.0094649705411967,-0.612387814975308,-0.48977616450189826,-0.5824563887429893,-0.612387814975308,-0.38105182904915874,0.9478297238173946
2020-10-02,-0.04693470087714932,-0.3599479743508228,-0.4829514599838593,-0.22336314511008015,-0.3660474937445364,0.24878054336945643,2.9240003515814545,-0.6479509303750361,-0.492450825194753,-0.6112742463263782,-0.6479509303750361,-0.40005281069973625,1.1061436220864773
2020-10-05,-0.06849660445509054,-0.35426014020393887,-0.4691567105187856,-0.2170490643575567,-0.3679483668752917,0.2519814506758925,2.934543069278864,-0.6544153907605909,-0.4798462951888775,-0.6124480306332963,-0.6544153907605909,-0.3928943329894158,1.0844058067886775
2020-10-06,-0.1095656631956252,-0.36493528850024026,-0.47692326462881096,-0.20765918972793473,-0.35484355827931774,0.21696211166790472,2.919841364083098,-0.6345687051620457,-0.4984386119774667,-0.6163458567695985,-0.6345687051620457,-0.3818768790834678,1.1429222467355524
2020-10-07,-0.09002044653087062,-0.35571855315286327,-0.4819310342494112,-0.20645590291404733,-0.3588645395165046,0.18545871707886064,2.9987123657905315,-0.6253849914147886,-0.4560070943915812,-0.6009710220737624,-0.6253849914147886,-0.360156741329126,0.9767242341183511
2020-10-08,-0.08025433969801432,-0.3886598904544045,-0.5253472025667532,-0.18942704625845871,-0.37992350507474965,0.31298393043076195,2.793135196357434,-0.6914604791242805,-0.4864540750067947,-0.6581588309229724,-0.6914604791242805,-0.3368058729559132,1.3218325943984257
2020-10-09,-0.09481519372804072,-0.3855504993649987,-0.5245771216759564,-0.19646169483982642,-0.3983723421926212,0.29844831941172617,2.804327958815367,-0.6784895410177547,-0.4809919690860448,-0.650012432766748,-0.6784895410177547,-0.33118659974882625,1.316170657211478
2020-10-12,-0.10902474585554003,-0.38200629260429125,-0.5085592444626148,-0.18929425661814986,-0.3842405034261553,0.2756985939397108,2.9492029651884994,-0.6516584751877098,-0.46009709070450044,-0.6315745174237223,-0.6516584751877098,-0.29555065345331366,1.0387626957954954
2020-10-13,-0.1421288764536888,-0.3814681908781889,-0.5073982462417025,-0.20558121680881622,-0.39777362065858407,0.24365457546962774,2.9184578003728388,-0.6422295741044219,-0.462505024004516,-0.6302369448037654,-0.6422295741044219,-0.2833684988178899,1.1328073910335292
2020-10-14,-0.16262026115125588,-0.398743509372309,-0.5198172965515706,-0.2541160110164807,-0.4164685041411094,0.22068237234104007,2.8386058850204527,-0.6357137300698599,-0.47344128548596714,-0.5906404670157838,-0.6357137300698599,-0.28921851363342027,1.317205051146124
2020-10-15,-0.15849811903054323,-0.3841040676433584,-0.5013705933087762,-0.2491488950551399,-0.4066989960127902,0.147986542592372,2.930728583305496,-0.6094875611743569,-0.46655041806098924,-0.5838715325604977,-0.6094875611743569,-0.27565012614644135,1.16615274426938
2020-10-16,-0.17591797751841654,-0.3880620232000423,-0.5093270156249207,-0.2694641989626706,-0.4284445984135202,0.12676213797933739,2.8828627613626367,-0.6101053315019024,-0.460897597360523,-0.558050826116907,-0.6101053315019024,-0.27642935738389013,1.2771793582427209
2020-10-19,-0.1797613702209569,-0.38680461197454513,-0.5241230203961377,-0.2825906718863169,-0.4504163776637386,0.14965089831742845,2.8315532206315637,-0.6151231067959356,-0.46318777755649565,-0.5565047287307554,-0.6151231067959356,-0.2731887247079792,1.3656193777798051
2020-10-20,-0.2385844567279309,-0.3923107800038998,-0.5276935074677838,-0.30185507702819725,-0.4432257530151579,0.08545720690413032,2.7325013380505907,-0.6004909042690852,-0.46805799429283707,-0.5271827567602765,-0.6004909042690852,-0.28353895414643154,1.565472543025965
2020-10-21,-0.22530613125150667,-0.3810923808745444,-0.5205180188882756,-0.305921951501084,-0.45370718255514153,0.07465113530031901,2.7349101448969124,-0.5835576328293959,-0.46860423343196167,-0.5468824300901248,-0.5835576328293959,-0.30703495234611505,1.566621266400315
2020-10-22,-0.2215042320091769,-0.3748503636192454,-0.536313832938711,-0.27065023085656503,-0.4377999718497223,0.0938491041299593,2.6392035431791863,-0.6148343476574685,-0.4733360664184215,-0.564524980890654,-0.6148343476574685,-0.32184498339978124,1.6974407099880697
2020-10-23,-0.2280693896889425,-0.37983239256896406,-0.5599770255744364,-0.26691954838210397,-0.45061657147923323,0.1303893986243788,2.6375402802869585,-0.6207711360448359,-0.4627541807367076,-0.5622229076525791,-0.6207711360448359,-0.3038721746741806,1.6878767839354825
2020-10-26,-0.1980059586752657,-0.38339881979611884,-0.5756987731542142,-0.2542672606756627,-0.45708406149268366,0.21079052108878538,2.458455592137072,-0.649602401152714,-0.4747059258620889,-0.6210117673904889,-0.649602401152714,-0.29718310169445805,1.8913143578205514
2020-10-27,-0.17547878303254422,-0.3763301748817131,-0.5826337900097219,-0.22319603467207905,-0.4560626263429757,0.2213203539482115,2.3603699929907247,-0.6628856445455792,-0.4948689807621432,-0.6494676544334751,-0.6628856445455792,-0.29258360054676724,1.9947025868336428
2020-10-28,-0.1798516781385135,-0.3961212699388632,-0.5805747453097618,-0.22281004091295792,-0.45794527511334865,0.18201498746597947,2.3137794657734023,-0.652530537193363,-0.47791159425776514,-0.6409664024554057,-0.652530537193363,-0.29591500508319046,2.0613626323571497
2020-10-29,-0.18497215213514814,-0.408006770905078,-0.5672494873951968,-0.2426091475486637,-0.452297708185995,0.19033694741310406,2.287877949302913,-0.6523802197464156,-0.4830932680475244,-0.6241378506229831,-0.6523802197464156,-0.30330605560220203,2.0922179832196046
2020-10-30,-0.18378939729560803,-0.42080886294642333,-0.5825142603177502,-0.26463897885783544,-0.4626309484447544,0.2085572241417204,2.3774706600217494,-0.5050315522980687,-0.5027501440438317,-0.67777945142347,-0.6677069291340926,-0.3087396788768819,1.990362319475247
2020-11-02,-0.20154617681531797,-0.41097401978835807,-0.5777348007264652,-0.24549888132809294,-0.4675874561441671,0.2291654976006835,2.545860029023079,-0.5130721931399042,-0.5060228285567485,-0.6694487916194751,-0.6735450565582526,-0.2824392066412974,1.7728438846943164
2020-11-03,-0.2035940701093951,-0.40165164184532054,-0.5837783903654946,-0.22751654967971618,-0.4660266866406861,0.2710429833224282,2.668618557722001,-0.5096841889805562,-0.5149487084809482,-0.6917599894956636,-0.6693114201475645,-0.24630793774710383,1.5749180424480196
2020-11-04,-0.18391286496908096,-0.3937758020033697,-0.5838500498240514,-0.21631730493363613,-0.4603593222567451,0.2704920059841957,2.693398685248416,-0.5273950676990813,-0.5205252612110057,-0.6959334957120977,-0.6722567765059345,-0.23965333227790356,1.5300885861602953
2020-11-05,-0.2217913183515343,-0.41595487489662203,-0.5996201205563855,-0.2548614677884141,-0.479766805949198,0.2685139259151622,2.519744576864278,-0.45989397933625126,-0.5474512841623196,-0.6871109430751845,-0.6709777962669548,-0.24237140442408633,1.7915414920275108
2020-11-06,-0.23269617282253593,-0.41656406072124313,-0.6052743910956552,-0.2479151794770033,-0.4856858451084586,0.25634071130209857,2.3563072775900813,-0.4681966833961988,-0.552255568435997,-0.6685268248559885,-0.6769535167537506,-0.25735498341591595,1.998775237190567
2020-11-09,-0.21889301574662332,-0.40985792490886647,-0.6211007846873493,-0.21929909743352075,-0.4663006344344646,0.3243015513726593,2.604577999117738,-0.46991336378253673,-0.5473007079935209,-0.6854952538459003,-0.7046774555320556,-0.2303944980990471,1.644353185973489
2020-11-10,-0.1999765638884955,-0.3991844040595805,-0.6147379399380017,-0.1814324310058039,-0.4684080134002266,0.3327968726514847,2.7197225050718714,-0.47680673022375797,-0.5485014154930893,-0.675764668769156,-0.7118802069780463,-0.23108040540074967,1.4552534014335516
2020-11-11,-0.1435736692185659,-0.39274588660207715,-0.6083809413215182,-0.12219726521497996,-0.44428041478899805,0.40189253207208353,2.818529448591233,-0.5036595243028861,-0.5586047980215342,-0.6805528771997141,-0.7434800979949625,-0.24568129747785925,1.2227347914797784
2020-11-12,-0.1589480402003969,-0.37865934977765,-0.5951912287666001,-0.1089705603653195,-0.4537992112077282,0.41669176138948794,2.856756033836931,-0.5296925478466539,-0.5563245345295929,-0.6635709555490383,-0.7339873146929908,-0.23465733578216116,1.1403532834917127
2020-11-13,-0.17880349677061347,-0.38739620545231146,-0.5838999158356935,-0.13247226134929316,-0.4566749897168365,0.368110695249432,2.873953938098572,-0.5318965209838606,-0.5435950149303359,-0.6416018668203823,-0.7145346312024854,-0.2152382667706718,1.1440485364844806
2020-11-16,-0.13917894224574373,-0.379342423080054,-0.5932829488580653,-0.10375931559862264,-0.4612504477942054,0.42119799594700036,2.9934780180898817,-0.4708408839914927,-0.5249461094837654,-0.6469247566123167,-0.722154702311842,-0.18099828841396115,0.8080028043531868
2020-11-17,-0.1411207014738834,-0.37119051152834265,-0.5894080255138723,-0.08569606323120045,-0.4556337121461743,0.5065389852943535,3.0264514311627804,-0.47256871934175076,-0.5238931923073158,-0.6563815498276686,-0.7147176972950078,-0.15518321481241057,0.6328029710204919
2020-11-18,-0.1520750452826259,-0.3765820603521718,-0.5822590254309102,-0.09285151983793133,-0.46187312643743067,0.43145898748304784,3.0622978262650653,-0.4649474331285455,-0.5049247391522523,-0.6250194844148916,-0.6984006250580251,-0.12274845654459558,0.5879247018912663
2020-11-19,-0.1356677350001237,-0.3917084266077246,-0.5925643949384733,-0.09114663918390359,-0.4693149189588177,0.5182366340864841,3.0023092909355613,-0.5182133735532178,-0.5456818786900949,-0.6174859166401339,-0.7319390884244158,-0.1124284443101211,0.6856048912849813
2020-11-20,-0.11940328352338757,-0.3792114099733456,-0.5533316396695157,-0.0918913025701125,-0.40648512217911126,0.47313022603463706,3.0852916763951264,-0.5147370283973262,-0.528968960041271,-0.5901644307827967,-0.7194177545433651,-0.10036930234285041,0.44555833159331787
2020-11-23,-0.14321405646509533,-0.3941346757065836,-0.5561532734663914,-0.1038813934108746,-0.4274663859010865,0.44084276054877936,3.063259775576115,-0.4806253290993794,-0.5525829678882226,-0.5879883944309674,-0.7352610854606242,-0.08301006716986493,0.5602150928741969
2020-11-24,-0.1550097694333559,-0.3791521287579737,-0.5185851854372682,-0.10800164690657188,-0.3967590940943047,0.42735719264541266,3.100180192582063,-0.4851616305049311,-0.5348498333262879,-0.597459479154188,-0.7064440643313307,-0.10622406241832044,0.4601095091370562
2020-11-25,-0.13949905385136158,-0.3859827589009724,-0.5216210306828777,-0.08984520841281218,-0.3955568025931096,0.32648126350093315,3.134526036372129,-0.4061558075080695,-0.5389286496584977,-0.6060089370334459,-0.6766143094086268,-0.11294804447225372,0.4121533026489658
2020-11-27,-0.13516624046913983,-0.38989648555169804,-0.5274882790808092,-0.09871830354881606,-0.3829216277049514,0.35436225555853473,3.1475138494662955,-0.32218780616664255,-0.5463423233965768,-0.6014779427079198,-0.6802518600332753,-0.15284026786590793,0.3354150315009059
2020-11-30,-0.15123180595899663,-0.39666289209977684,-0.5374148468458204,-0.10150336549605841,-0.4086078717314315,0.3273209475251688,3.1531377601802184,-0.28145608225344626,-0.5444249419011883,-0.6213679347463571,-0.6497002135818452,-0.115420753030949,0.32733199994048345
2020-12-01,-0.12623924086806063,-0.4005064391381313,-0.5243771654027252,-0.09318354007884318,-0.3788349755939805,0.3632559615900393,3.157708255606561,-0.3129592071164306,-0.5375298681725931,-0.6204677976340143,-0.6662103841394568,-0.1147249026437972,0.2540693035914331
2020-12-02,-0.1412525966055515,-0.37706541679907335,-0.46553097367758706,-0.10577089497594924,-0.4147019218575128,0.4495733637112069,3.1618730444592638,-0.3510092767790473,-0.525806808273536,-0.6003699501718864,-0.6684020361472561,-0.10486978323691686,0.14333325035384595
2020-12-03,-0.13998167269286385,-0.3891729513063571,-0.4751660033964796,-0.13304447605698305,-0.4288149157178752,0.43013930767230374,3.1565146638011536,-0.32126888961488015,-0.5171535769792232,-0.5952692924854764,-0.6717731575730681,-0.1486604014786438,0.23365136582839205
2020-12-04,-0.17526202152177528,-0.3949920752496254,-0.49451371693488283,-0.15268644644742102,-0.43275100274900774,0.38360590415144913,3.121741208164848,-0.3527686276746796,-0.5308585401369418,-0.5966317360480349,-0.6695981508032811,-0.17798551922724234,0.47270072447659556
2020-12-07,-0.1744681139421424,-0.3796598913155277,-0.4785695237834695,-0.08985020410796218,-0.38907821699069556,0.4682553026944303,3.1172260816506965,-0.3626841057036746,-0.5415244728852506,-0.6216324695242048,-0.7030999887749544,-0.22493302875430726,0.3800186314370619
2020-12-08,-0.1972648205757468,-0.3954319954385659,-0.510591979164315,-0.1107527802099122,-0.4074339009210259,0.4240296886614722,3.0738892642908833,-0.28836551007665895,-0.5475871749197366,-0.6325834200728441,-0.7281232316183903,-0.27148812336707245,0.5917039834119138
2020-12-09,-0.18968157740757852,-0.4081527736372875,-0.5370750429241994,-0.1187862282577679,-0.4315168742831238,0.4962040717818029,3.069107299288984,-0.10812124703653551,-0.5674274285589319,-0.6252654732594425,-0.7599358077463841,-0.31253094285916955,0.4931820248996335
2020-12-10,-0.20885194655478012,-0.42793079306846055,-0.5368313146596219,-0.1640689257776903,-0.47959694616512605,0.39516923542167676,3.0159961225032856,-0.0017821007754334735,-0.584400741488323,-0.6364873085944358,-0.7711160473081731,-0.32660507212980816,0.7265058385968904
2020-12-11,-0.16626583646952803,-0.4232167116035732,-0.5093978596999552,-0.16028913114134077,-0.4666558646602227,0.3267567621494562,3.0574687666189218,-0.006200147923850022,-0.5907025633140951,-0.6417230103555639,-0.7401424425635195,-0.3274154613901112,0.6477835003533812
2020-12-14,-0.15995232464579312,-0.43862633543958407,-0.5406510511581951,-0.15490974708246935,-0.45380479656433126,0.3336533431207518,3.029068358473657,0.17734160745663025,-0.6156431977811376,-0.6912250734430733,-0.775057347528367,-0.3253289084933573,0.6151354730852685
2020-12-15,-0.1557698888098347,-0.4332739340544902,-0.5233564744884612,-0.14097326492635673,-0.42364909114561533,0.37728266301704383,3.0801695103859315,0.057213860359331126,-0.5757957486141172,-0.6815358429283693,-0.7613968008760759,-0.2899458326266453,0.47103084470766016
2020-12-16,-0.18785611914726907,-0.46377711120188253,-0.5516669557080437,-0.14492888891226696,-0.4671350921294951,0.3761847083975446,2.9843542003367296,0.21364262952154248,-0.6317922182085391,-0.7333755390749878,-0.8156415523013291,-0.24792991435723594,0.6699218527852323
2020-12-17,-0.20125435945231376,-0.4735432034165056,-0.5651390371922982,-0.18599985827107468,-0.4816094048586141,0.3515833666633569,2.9522785043158493,0.2013384567202553,-0.6321415910947188,-0.6878847759065208,-0.832196665272998,-0.24717663978904683,0.801745207554631
2020-12-18,-0.21100569105938596,-0.4762980115697805,-0.5565101851008745,-0.1815412954552302,-0.5111800732374691,0.3008974273677557,3.001630590109307,0.39958666278174154,-0.6272118472595645,-0.6673277879516784,-0.8065279458605936,-0.23173770295793494,0.5672258601937059
2020-12-21,-0.23161029560940294,-0.4793552258554399,-0.5443300877429733,-0.2075559683671634,-0.5168978043962226,0.2058418656187928,3.0066198407069673,0.3441483605603217,-0.5842181399588612,-0.6712351889565241,-0.7565689067339664,-0.2570235479061407,0.6921850986406136
2020-12-22,-0.2319586091437683,-0.4877684239921775,-0.5334059161284662,-0.20862900150109448,-0.5176154593438903,0.16076750628976597,3.0224379167559445,0.43109807347857826,-0.5717053003458687,-0.6641961109089612,-0.7542807365938087,-0.24982634331698592,0.6050824047507302
2020-12-23,-0.24655958049428842,-0.49261114951313617,-0.5432824552663319,-0.19858085186963761,-0.5257997618208982,0.16433424615216677,3.0001486412084883,0.4043236721928245,-0.5757883547324903,-0.6812454746751215,-0.7655168951969016,-0.22048925558337656,0.6810672195987032
2020-12-24,-0.32983122573082285,-0.5197871480312043,-0.5655307810537908,-0.24728565687085208,-0.5486685095457695,0.09034512878543,2.890180124505851,0.5864784662517789,-0.5890357476804934,-0.6559429409894533,-0.7685495300479853,-0.2411115650252451,0.8987393854325566
2020-12-28,-0.3658699061813419,-0.5222544918374963,-0.5660988319561016,-0.3231569511417941,-0.5413696995338276,0.002629052859037988,2.779886250791822,0.7275923488355311,-0.5762885162632355,-0.6532510889517359,-0.7575532841225456,-0.298162358668054,1.0938974761697433
2020-12-29,-0.3976387833995961,-0.5494571465049276,-0.5835404003308445,-0.3453326742946694,-0.5704592514167677,-0.02790778203807801,2.6030303290320527,1.0225063929364997,-0.5966375344839047,-0.6597331628137798,-0.7630445458178761,-0.3347743547372031,1.202988913869095
2020-12-30,-0.3830547997604545,-0.5212393839208983,-0.5486799240621439,-0.3140389726755378,-0.5337605170637089,0.01537248428877182,2.843762359149758,0.9207320894482823,-0.5649525501651651,-0.6237623081347201,-0.746409030607126,-0.31635623061850643,0.7723867841214493
2020-12-31,-0.3557622730923897,-0.5204268021663198,-0.5591076471984984,-0.3065862615954738,-0.5344065406933027,0.047171633522802785,2.8574948239637394,0.957169431974137,-0.554316400354921,-0.6328458580331273,-0.7524936391389282,-0.31793166681954277,0.672041199631823
2021-01-04,-0.3354331725483388,-0.517777358463371,-0.548541471952503,-0.3050091950669468,-0.5142347022084349,0.03610319954463801,2.921949970508144,0.8621048249535094,-0.5552623860046697,-0.6122696496511484,-0.7458371597647131,-0.28441606861664886,0.5986231692704826
2021-01-05,-0.3153150098928399,-0.520736966340446,-0.5426871936958939,-0.2883554538918999,-0.5167895887225296,0.11887585325489486,2.966042803655267,0.6761124955873677,-0.5482435144610643,-0.5931139658362324,-0.7778047257411849,-0.2763108726150843,0.6183261386996449
2021-01-06,-0.3221183826875707,-0.5173069594074988,-0.5559919033998819,-0.3086404935605242,-0.5410912335369562,0.08395951840591805,2.952635466264188,0.7836573357662798,-0.544040159951645,-0.5549288390480868,-0.7580675281514905,-0.29141525432604076,0.5733484336333085
2021-01-07,-0.3394317069219981,-0.5275076985413136,-0.5731237853902447,-0.3356596291350657,-0.5693919701257868,0.07371604203310658,2.859862038162091,0.7670060232743119,-0.53389763691004,-0.6060003355690096,-0.7808337695312781,-0.2860900799260709,0.8513525085812975
2021-01-08,-0.3603297705011368,-0.5491615412408456,-0.58738706764951,-0.34593607801500836,-0.5657432646090178,0.03865133115892651,2.769737063218094,1.1458081626794154,-0.5101350614177229,-0.6072205557789938,-0.7757188135067274,-0.3297499769455845,0.67718557260811
2021-01-11,-0.37782021305681823,-0.546482644698372,-0.5901985463171493,-0.3466452678685874,-0.5763817688170033,-0.02053340823634269,2.7808425876664593,1.0523387184348894,-0.49310201347653965,-0.5893867087799197,-0.7599957764313177,-0.33184227550207035,0.7992073170827729
2021-01-12,-0.35035850869733687,-0.5254807840587513,-0.5817887512723531,-0.30588694805267963,-0.5610732193045531,0.0163273695548704,2.8832879295741236,1.0760213747331344,-0.4465729339816485,-0.5709090972159219,-0.7484349383199049,-0.3238242114628022,0.43869271850382346
2021-01-13,-0.35694098814719327,-0.5469992217396883,-0.600977556489268,-0.3060387486520628,-0.5857514426713695,-0.0036620607292844197,2.7936083174222084,1.1886235346539553,-0.4693076112278149,-0.5915185074553733,-0.7636952983770131,-0.3119966543128079,0.5546562377257105
2021-01-14,-0.34269431290461394,-0.5321471745654747,-0.5993048292065934,-0.27638408589031693,-0.5931482590418696,0.05793629480988854,2.754929007917944,1.3023217407372039,-0.5048599991471443,-0.6102353623578758,-0.7815193084064924,-0.30966942880829756,0.4347757168636429
2021-01-15,-0.346182537065833,-0.5218184150811694,-0.5979511869576117,-0.2642411168750894,-0.5823757335615629,0.06806878940184379,2.860069414154627,1.1753792595480566,-0.4645886777187381,-0.5587772931833317,-0.7498396159529339,-0.312758209010635,0.29501532230237876
2021-01-19,-0.3180584684877847,-0.5514966257841926,-0.6128316235674894,-0.284010832369874,-0.5932209949705757,0.04060967326021705,2.844065217016473,1.0843727848643248,-0.4751136621153955,-0.5752784137271333,-0.762517615206202,-0.32341875610681275,0.5268993171944446
2021-01-20,-0.32296038684002076,-0.5310332876437738,-0.6298236906721995,-0.2372149950562998,-0.5918074073331511,0.04127532182951665,2.8742080677224955,1.0733425964846908,-0.45933606689019796,-0.5740488661985709,-0.7637126706552663,-0.30314930109135085,0.4242606863441274
2021-01-21,-0.32299021864712213,-0.5426473852444479,-0.6548626188139443,-0.2730125835748275,-0.6083639443698515,0.04424478388335179,2.777144269145472,1.1837266953183798,-0.4698268224079252,-0.618444644950994,-0.7789476087023393,-0.2965036032190048,0.5604836815832533
2021-01-22,-0.3321966319873533,-0.5270031656838093,-0.6473688871927968,-0.2700169596098583,-0.5866606158199555,0.034521654708762915,2.847462641954288,1.0646075023920722,-0.44265012270529286,-0.6157938882879139,-0.7627930386091335,-0.2980864513699599,0.5359779622109512
2021-01-25,-0.33773893718555914,-0.5369848533712782,-0.6698497712039151,-0.27852070432996007,-0.6162444957909399,0.023432049029006332,2.641803237896558,1.3596777417557768,-0.4975365348556614,-0.6412414538397132,-0.79342256514327,-0.33404544080952703,0.6806717278484822
2021-01-26,-0.316372489699158,-0.535105456129265,-0.6793096421972689,-0.27933482281452215,-0.6412529032713526,0.013121584653159669,2.594845282835328,1.2831158561609772,-0.515779210356644,-0.6456178530446093,-0.8055126636293164,-0.37374602379350896,0.9009483412861805
2021-01-27,-0.3190122454119744,-0.5525994075276468,-0.6710727423139988,-0.29663492485104304,-0.6426012402779658,0.002739978483961517,2.534673429257049,1.2534344428709936,-0.508321438283537,-0.6323658808059474,-0.8159933593254932,-0.4217801776219361,1.0695335658075384
2021-01-28,-0.31773441902317007,-0.5398778649002693,-0.6560262579366939,-0.2923937141463392,-0.6333350044175804,-0.019502353667352958,2.6122068867487105,1.1973927267140452,-0.49982744599808454,-0.6177881324188285,-0.7937397654426744,-0.4317904129840569,0.9924157574722947
2021-01-29,-0.2889278516726208,-0.5469907960482161,-0.6473581700462279,-0.2390480351078674,-0.6302134514131777,0.011653314622680842,2.6908013451200636,1.074031158777221,-0.49543416751985575,-0.6028156648083899,-0.8091381312077792,-0.45449885353852415,0.9379393028426931
2021-02-01,-0.2977644862493398,-0.5996394173229594,-0.6833541635544258,-0.21947864115197618,-0.5915442061094843,0.053625916391644976,2.57846099820146,1.1101557744568753,-0.5077875174698047,-0.6284372644692422,-0.8540703538821991,-0.45982903148835275,1.099662392647803
2021-02-02,-0.27632736792053847,-0.6118004339469297,-0.6936866161240262,-0.3606018603633418,-0.5878711602317074,0.10437891764291483,2.5491393286137436,1.0740629597018725,-0.4751055983175209,-0.581439657274478,-0.8600660076988853,-0.4672870791457095,1.1866045750646068
2021-02-03,-0.24000885887242235,-0.6620132486741227,-0.763255435473941,-0.34361720776374277,-0.615806955716647,0.17875853490157195,2.402530307743658,1.194297989736315,-0.4620845385512541,-0.5588216147468968,-0.9358266075284185,-0.4536857230874146,1.2595333580333126
2021-02-04,-0.2597418307572508,-0.6980876623103847,-0.7267235746299132,-0.3469483216430464,-0.634542686452744,0.2549341111962769,2.3485975890771122,1.4110330373388476,-0.48150136415727157,-0.5792048801749604,-0.9313115449448864,-0.44650903897767175,1.0900061664358933
2021-02-05,-0.2851629331993607,-0.6477982489821968,-0.6656965594136386,-0.3425603560669806,-0.591192432317719,0.14411142677435052,2.612825333021689,1.2238448543518514,-0.4869742417809572,-0.5296931433046507,-0.8411360816068711,-0.4788644168915655,0.8882967994160492
2021-02-08,-0.3161833945064553,-0.6572685591655588,-0.6579573941840742,-0.3499599612823519,-0.5888797110713591,0.03744735295612701,2.629698582151631,1.1043596886483784,-0.46781294214953734,-0.5335652393712794,-0.7997216946752048,-0.4438989211882435,1.0437421938379283
2021-02-09,-0.3051480192035349,-0.6499125576276128,-0.6499435672938774,-0.40217221993972807,-0.5989760282395126,0.06394996665791938,2.632170256422576,1.0847022160477175,-0.44074202315328664,-0.5024358447884232,-0.8039183714510719,-0.48051770774429353,1.0529439003131273
2021-02-10,-0.29201479904295313,-0.6411689098314324,-0.6298267855950314,-0.4102573019035772,-0.5828300632346305,-0.021093569546670687,2.6755407506035898,1.0430419990542827,-0.4163861200086646,-0.5135600120058519,-0.7702022943374963,-0.484037650280594,1.0427947561290292
2021-02-11,-0.30716725365899544,-0.6473560252300932,-0.6698651577488968,-0.4458520670603351,-0.6096507316391322,0.017545066791944373,2.5341950633754693,1.2279757481744553,-0.4395981758673797,-0.5038754808394923,-0.7980842818142785,-0.4687654721963394,1.1104987677130729
2021-02-12,-0.32878044743655926,-0.6329695005738314,-0.6566921660060089,-0.4327292115865097,-0.6214861267325944,-0.032402982462285505,2.613428253999343,1.1804281705424227,-0.4309088237342964,-0.5103116937886935,-0.7639856933966087,-0.4136971107614223,1.0301073319370446
2021-02-16,-0.323510210685458,-0.6441160079933006,-0.6705381486338282,-0.4342527900055645,-0.6511417941555457,-0.040804768382818324,2.419039734454546,1.0846559844263775,-0.4463301674366462,-0.5276465081261268,-0.7853288936385895,-0.431777607361217,1.4517511775381728
2021-02-17,-0.3121381536480028,-0.6485798169909681,-0.6653853466212324,-0.41401685568496616,-0.6598429122763896,-0.13568188080068133,2.5355468090032005,1.1104221478600864,-0.39647039951835633,-0.4721343372836594,-0.7733751550089032,-0.42912608958042836,1.2607819905502993
2021-02-18,-0.2785688617042422,-0.672985814574628,-0.6823086596740363,-0.4204333217903713,-0.6675539245040292,-0.16354191749945898,2.4938058467475956,1.3913809189619284,-0.3683549163810277,-0.45697922038381045,-0.8007151062609406,-0.4003288352476882,1.0265838123107087
2021-02-19,-0.289133882226834,-0.6750608216697148,-0.6700935504358707,-0.4270157030614249,-0.6426018654511467,-0.22699531988422592,2.44613492187927,1.6008272188828487,-0.3514198150920111,-0.43859479629099446,-0.8246372806737472,-0.34165906412346436,0.840249958147316
2021-02-22,-0.27663613881056154,-0.6637491364331694,-0.6518226987692136,-0.40485951507622825,-0.6453967179578948,-0.20906831601808748,2.4660010395839445,1.4875998469371945,-0.36359775037548453,-0.4946008880648711,-0.8657356757200421,-0.329408458481995,0.9512744091864088
2021-02-23,-0.2342705459787627,-0.679693267132159,-0.6792168726501105,-0.3996406201444957,-0.6536233540241776,-0.11649874596249053,2.427485288847813,1.422779225402732,-0.3765995768087646,-0.47789473583324016,-0.9246406560668378,-0.3751447388004393,1.0669585991509347
2021-02-24,-0.22984672800441042,-0.6489222105096857,-0.6486556848902149,-0.41353242023732456,-0.6219825550693252,-0.12737519372013112,2.232089336581983,1.783326535926567,-0.3911768151504992,-0.5233819191386175,-0.9047944383480844,-0.460334423300771,0.9545865158605136
2021-02-25,-0.20834981006842368,-0.6358287786608258,-0.642698340621632,-0.43370509155608156,-0.6106964791964534,-0.14588221530691217,2.2090850875063714,1.8588261929528698,-0.3995347085682716,-0.5092724013799717,-0.8951479391809742,-0.47014813272336986,0.8833526168036752
2021-02-26,-0.23534163366460129,-0.6341153969216208,-0.6366857871373032,-0.4295286448279,-0.5976082477265768,-0.20694084637963872,2.2532668037639354,1.7213714295202582,-0.4184472251564113,-0.5384547343170863,-0.8869617218495414,-0.4283910468010778,1.0378370514975612
2021-03-01,-0.2174934074392826,-0.5704750177916708,-0.6290340065116677,-0.4356900271009787,-0.5994063072312711,-0.2423804700722213,2.2690783746052428,1.6963673237184167,-0.4462011008804117,-0.5700904762524631,-0.8520796787183802,-0.46574044407773585,1.0631452377524235
2021-03-02,-0.22787051847229217,-0.5577635920987007,-0.6213531069930144,-0.41373123599090633,-0.6256466212923548,-0.27965283174107264,2.397202875326821,1.5698503649697086,-0.4050466859757176,-0.5546076554392991,-0.859242988166998,-0.42596660413147525,1.0038286000053
2021-03-03,-0.3232919917442222,-0.6157546804522939,-0.639741286102143,-0.417419398009052,-0.641865303305886,-0.2515783298646688,2.127794217386735,1.7949475023530788,-0.40900761537896035,-0.5600815595385201,-0.8589040381314008,-0.36856553229395944,1.163468015081293
2021-03-04,-0.32369989995875736,-0.5977458595152774,-0.6342492311278585,-0.40290931793535617,-0.6381532573099435,-0.23605056674135574,2.269788468072782,1.616778162395485,-0.3832915614068766,-0.5395365493482167,-0.9201297912581451,-0.36315048725452714,1.1523498913880477
2021-03-05,-0.3322001991929708,-0.5966991891211719,-0.6150349971367204,-0.39080426485671405,-0.6124343169513233,-0.2532360285804557,2.4759568712103497,1.3995777791272834,-0.36552317970118786,-0.5542614932128064,-0.8862806761009264,-0.33480494325479077,1.0657446377714366
2021-03-08,-0.3452744082602896,-0.5969026406078601,-0.5332032462440193,-0.4266130830316126,-0.6194315671289973,-0.24805604271494058,2.432849973652628,1.3939093239410627,-0.3900460875318049,-0.5971077078613228,-0.9207011959169189,-0.29343077284391467,1.1440074545479908
2021-03-09,-0.3463071871241297,-0.6099690533581588,-0.5607870736213391,-0.451540784771711,-0.634804138468714,-0.25267225760451933,2.3499904037021255,1.2914506242376527,-0.40304476169906384,-0.564912406415134,-0.9428273348766095,-0.25237532356059694,1.3777992935601953
2021-03-10,-0.3352114252228918,-0.5914802035747029,-0.5360529896208303,-0.45435928114022106,-0.6136152988695411,-0.2520952417949632,2.473204781133369,1.1581493803171856,-0.3943965127665096,-0.5098168965531835,-0.9445009088822484,-0.3178806795710512,1.31805527654559
2021-03-11,-0.37302779888312587,-0.6133840295735651,-0.5462206039980778,-0.4757846041521757,-0.6264223560047701,-0.21087355073630645,2.377678405866717,1.3843483921076711,-0.4042572343058427,-0.4764503520536299,-0.9133398055830556,-0.38070877075169357,1.258442308067855
2021-03-12,-0.40046502839260534,-0.6159199013850056,-0.5527532829566922,-0.4970647543172874,-0.6249520304586361,-0.22061441282833394,2.1903333596876795,1.4020371657190551,-0.3854819130628505,-0.4471423893431583,-0.9457675896798688,-0.4153596150510857,1.5131503920687888
2021-03-15,-0.4005167044638549,-0.628739028986073,-0.567753357791532,-0.5245000594446471,-0.6286450440259684,-0.12249603392410599,2.189989498343092,1.01719048356846,-0.3755350681378593,-0.4404256740619715,-1.0239760525238202,-0.2693643744461628,1.7747714158944439
2021-03-16,-0.448621443736814,-0.6509102579006245,-0.567270312765654,-0.5140686350061889,-0.6328113212751731,-0.16318809398537812,2.2594241680374623,0.8434168289301298,-0.3613151359032482,-0.422838402563466,-0.9241484417848439,-0.24089197663100892,1.8232230245848056
2021-03-17,-0.44030379788173774,-0.6183797554624397,-0.5648297439326664,-0.5698214734746317,-0.6062256035507461,-0.10978544434729284,2.426205852657327,0.45024188323420483,-0.25042720150941766,-0.315816462868518,-0.9596375472072974,-0.22385520966597497,1.7826345040091889
2021-03-18,-0.4461004365649923,-0.6173034835491773,-0.5361669426520475,-0.5666208127272376,-0.5569250530525883,-0.1775363437481627,2.2816895518785727,0.21061147605643055,-0.27762736539263017,-0.36042133456803993,-0.8757916884441148,-0.13385678547617658,2.056049218240162
2021-03-19,-0.47879917044278475,-0.59469661237335,-0.5385666787060832,-0.5791861663234741,-0.5629127967577157,-0.23412617136209776,2.2303716960084983,0.006799475707919089,-0.21509848099866605,-0.37468974192605403,-0.8248706704044863,0.02626003999333792,2.1395152775849575
2021-03-22,-0.4318398177354271,-0.6074566931087043,-0.5353022698834332,-0.5887106670798471,-0.5930908626639765,-0.1528196303827414,2.5935479568653674,0.1397152974728653,-0.23383023283716176,-0.30192300774700637,-0.9179721957043976,-0.013959591725280726,1.6436417145297435
2021-03-23,-0.40249143476327026,-0.6114402700903748,-0.5366004128490324,-0.616268382194029,-0.6218039140225579,-0.14867016948813316,2.397751674732328,0.29875917790503986,-0.2647359015964809,-0.30635042169484755,-0.9269610523674208,-0.13415738682618364,1.8729684932549648
2021-03-24,-0.38558558739967475,-0.6222289692708844,-0.5284625379362892,-0.6542331250957396,-0.6151158795090899,-0.18642734088680823,2.3195263479148736,0.3395902092307697,-0.2639982312768521,-0.38922336843296695,-0.9589256150837915,0.01970149675667181,1.9253826009897794
2021-03-25,-0.3788650827413435,-0.6620645572548772,-0.5196548904227126,-0.626824465960796,-0.6238387607072329,-0.24679859489482553,2.5740357237555065,0.6134745887052634,-0.24193261479090125,-0.3885544999032108,-1.0193344649953346,0.08980803730380539,1.4305495819066576
2021-03-26,-0.38257116368957655,-0.643658339596399,-0.4801478217203351,-0.6068812814153663,-0.5971364367429062,-0.20338423287486157,2.444330262307301,0.5448457217429361,-0.25667696472828166,-0.3128580220728656,-1.002829273328258,-0.22132712830699144,1.7182946804256038
2021-03-29,-0.37748711239162047,-0.6386977403378219,-0.4764651218825284,-0.5861118637468689,-0.5887564106850465,-0.25873724901492234,2.56806844808865,0.5360100900819673,-0.3479203477422202,-0.3257683378332354,-0.9491193977381897,-0.11749825345927874,1.5624832966611137
2021-03-30,-0.39034589351712606,-0.6396598938635084,-0.4838874847889404,-0.6029057064060773,-0.5934761134133867,-0.267290335988579,2.4375835235877217,0.4244825317520757,-0.3157302721146924,-0.3090370779187945,-0.9893996908541408,-0.036607811871016076,1.7662742253964632
2021-03-31,-0.3629551197124914,-0.6578725491840917,-0.4837039246277865,-0.59743754828095,-0.6005757704769169,-0.3264806551858789,2.504666667799433,0.41955546154653006,-0.3211092227344389,-0.3032323270747245,-0.9337678812847182,-0.028276187893099335,1.6911890571091333
2021-04-01,-0.36262110039908996,-0.6588181920921432,-0.48872691304622234,-0.6043945783528177,-0.625394964093351,-0.33023145688992717,2.4238481325485743,0.4874569445048087,-0.3014018062539077,-0.25137641232319763,-0.9626773374759239,-0.09423006868210342,1.768567752555302
2021-04-05,-0.35590017193435025,-0.6604372975405975,-0.4804945973397864,-0.6237577931724545,-0.6093574970139252,-0.3174739400377084,2.361741979675319,0.3387008834495162,-0.30619353553733153,-0.24607921608757155,-0.9535578537359254,-0.041202415541369365,1.8940114548161862
2021-04-06,-0.35233170871135416,-0.649120739901296,-0.44472278780807933,-0.6038178119532632,-0.5583481733107446,-0.37491175033095725,2.5214089348720856,0.495592438659623,-0.3837068934043736,-0.3078364794035802,-0.930092544379603,-0.06306970131546921,1.650957216987011
2021-04-07,-0.34954012466464524,-0.6786057739308009,-0.4198707978884216,-0.6442652356447378,-0.5530746635044578,-0.3376367045843774,2.3793756610634937,0.47932380318677376,-0.3831169511611044,-0.26509093482366985,-1.0169421397851526,-0.017034332280671388,1.8064781940177732
2021-04-08,-0.37371963748314385,-0.6651511335483944,-0.44003102714173836,-0.6006559813544141,-0.553378807806792,-0.41589518973546435,2.315933889039534,0.5941532302083287,-0.42602830114304846,-0.3391586827851129,-0.9511873388521829,-0.006707238475748466,1.8618262190781765
2021-04-09,-0.37678567100914223,-0.6550980124038526,-0.47617888977014505,-0.6053365804304718,-0.5725837471585453,-0.3419402688479468,2.3577243941022736,0.5562168120707779,-0.428041753177596,-0.35298245452095295,-0.9381996231280119,0.007117587889871146,1.8260882063837414
2021-04-12,-0.3793679809564557,-0.6456624608544,-0.4672913179180606,-0.5953230182745639,-0.5796355978165374,-0.34363117761984774,2.4915499433993817,0.6941498950576341,-0.4429554054725928,-0.4123438075139067,-0.9293638346566465,0.03134129149655445,1.5785334711294428
2021-04-13,-0.4074466234036811,-0.6621104512770994,-0.4695044211909014,-0.6132354203643601,-0.5872913289161292,-0.3113761035031871,2.424849788091468,0.82119735805679,-0.40754053069706625,-0.34007753176845207,-0.9609271266109227,-0.09549236018974411,1.6089547517732838
2021-04-14,-0.41209273779017536,-0.6609060285888051,-0.4780090587343468,-0.6712435299285102,-0.5914836283991528,-0.3238889649340916,2.1315287642020304,0.9717716825579069,-0.41255928242567924,-0.3291215506947672,-0.9759619074478855,-0.12553811730222242,1.8775043594856975
2021-04-15,-0.4058522801540722,-0.714776148967653,-0.5024052451892351,-0.7278533919312834,-0.5742203034937655,-0.30743161249350576,2.262982618551449,1.201158421733673,-0.35037260364823875,-0.30334815406290766,-1.0154124541026388,-0.07966755395549276,1.5171987077136717
2021-04-16,-0.39652330380985285,-0.7286006893625838,-0.5025887089189056,-0.7782881332754296,-0.5714194975689023,-0.29573840386482686,2.08406774105312,1.125010440185798,-0.283443873729825,-0.23194378014287134,-1.0732647292891169,-0.11671772134176966,1.7694506600651694
2021-04-19,-0.41271615157854996,-0.7523118295397258,-0.49578837702230083,-0.7949242676879685,-0.53342846651747,-0.36268128645415076,2.0852539377057475,1.0440333181216253,-0.268269058986073,-0.1361915684701567,-1.0503416411872484,-0.14394059459133285,1.8213059862076066
2021-04-20,-0.3717733972458203,-0.7738194589750992,-0.5057082266576028,-0.8030227371027849,-0.5309834334856204,-0.3471520394034368,2.1723623906999037,1.1753575887885532,-0.2969394337757001,-0.13097256469259402,-1.0706307617274529,-0.12659855375097911,1.6098806273286355
2021-04-21,-0.39078639690681166,-0.7843184758754305,-0.5221834956205689,-0.826330219969107,-0.5029362569951413,-0.34744558822724747,2.0988884747239362,1.125264461108282,-0.24280110692853402,-0.07124126878575054,-1.094717980266156,-0.1572729945888208,1.7158808483313486
2021-04-22,-0.3657164382132243,-0.7467178126028338,-0.5224869208762714,-0.8208980850452663,-0.4843118559116458,-0.27202715091489255,2.296774318873925,0.9434161856435835,-0.24659770229699848,-0.05682424090336639,-1.1168353642281084,-0.2004165128831716,1.592641579358271
2021-04-23,-0.3199913138732256,-0.7307171590798324,-0.48886717871857766,-0.7869804838605835,-0.5169203370796888,-0.2789033195770939,2.445263605848946,1.1158621106298594,-0.2586071303876207,-0.16233413894982995,-1.1182997246104167,-0.1520713207093123,1.252566390367376
2021-04-26,-0.29819909083418655,-0.692673326008089,-0.46885205585621353,-0.7995791524467138,-0.5481827640483722,-0.2738271170777862,2.5667907724624754,1.0335735590197581,-0.22423176648196785,-0.15402702603565124,-1.1030008944006835,-0.1459597446229858,1.1081686063304172
2021-04-27,-0.32398234989710495,-0.715771034856728,-0.4559798632345807,-0.8004933513139959,-0.587812156713715,-0.30717737215755875,2.5077912916977727,1.1420517693365737,-0.23068862396413048,-0.12835924227724846,-1.0774990385153085,-0.14030875446163035,1.1182287263576547
2021-04-28,-0.3264930132433345,-0.7463489484185107,-0.4838123378865317,-0.8509881767578616,-0.5834463328668235,-0.319729040191373,2.2280410796786945,1.325781038375544,-0.16562627206233194,-0.06743073225101437,-1.1894409972867939,-0.14212061561806258,1.3216143485284035
2021-04-29,-0.3059496771045314,-0.7376986218984588,-0.42291517451532307,-0.8226298174094371,-0.5072871627419422,-0.27741158287639767,2.3750097682778977,1.1941415237671607,-0.19288426805662792,-0.11907862336573659,-1.2205696534114534,-0.1977896845479526,1.2350629738828034
2021-04-30,-0.3238306188191349,-0.7366518437105326,-0.5017251424400351,-0.7737279184202037,-0.5495112801832633,-0.26906286180286865,2.3042194721929397,1.2369783894529818,-0.28625914186541984,-0.25849179222793184,-1.1038251358576134,-0.11899661485114718,1.3808844885322265
2021-05-03,-0.37219729501006044,-0.7234793777082534,-0.5183844882566903,-0.8027935322177757,-0.6123175308982362,-0.21688299388950186,2.255567795861166,1.1834595627420104,-0.27810430140689874,-0.204124141949162,-1.0565595042406806,-0.15587930490467514,1.5016951118787587
2021-05-04,-0.41968637534251013,-0.7175408507746709,-0.5134296520078565,-0.7362354806903023,-0.6469264982036623,-0.1900016390944562,2.439269433204261,0.9769665598633215,-0.24456472164152684,-0.10013419203278742,-1.1006557263502095,-0.10770418306538686,1.3606433261357844
2021-05-05,-0.4271971349533904,-0.7455966694625495,-0.48002180918337317,-0.7589596251030337,-0.6492609202575359,-0.23836641131805994,2.3298428716314206,1.0474343560636281,-0.2318678336046913,-0.05657628582146585,-1.1450441112219258,-0.08526892200959584,1.4408824952405728
2021-05-06,-0.42304976832296515,-0.7474815315275256,-0.495073396431073,-0.741731181614538,-0.6536592120755776,-0.24266892066576526,2.367195266539197,1.076044865599928,-0.23982920120899268,-0.07419131322814428,-1.132416539360669,-0.060733563717117925,1.3675944960132422
2021-05-07,-0.40205956887231475,-0.766001549009401,-0.4577156656993028,-0.7530589580101361,-0.635650337839912,-0.19654504756448096,2.417137381828417,1.1803873993721397,-0.20750177458063662,-0.04679046872872236,-1.1857368277128881,-0.10182312270643597,1.1553585395236752
2021-05-10,-0.38812041014600196,-0.7417821879606867,-0.4790190306927074,-0.7416392809108183,-0.649017226070505,-0.2294681692386679,2.398890507927142,1.1864826281645071,-0.23170291463010706,-0.056951963792042086,-1.1550152100969389,-0.12759225365329047,1.2149355111001197
2021-05-11,-0.37040085032563214,-0.7358220729733631,-0.46467291407484274,-0.7159245259127106,-0.6547608806604317,-0.2332456368932167,2.340037529021973,1.422080659105633,-0.2536015717663692,-0.08759851812386793,-1.1856022999628204,-0.11876602099409143,1.0582771035597407
2021-05-12,-0.39889247810674966,-0.7172305493354945,-0.48180433293283464,-0.6969803573258418,-0.6327932383403386,-0.1650324686158443,2.5062679705380067,1.293331938894002,-0.2399989412466467,-0.06106409327220054,-1.1383392093157325,-0.18207036639203028,0.914606125451703
2021-05-13,-0.3804792049380861,-0.6824325908795613,-0.4756447501432908,-0.6707013024522497,-0.6391844047518289,-0.10605121029069016,2.5662600538888265,1.3742636317828307,-0.24519505956839677,-0.10159029156576319,-1.1092261524406664,-0.216719082210843,0.6867003635697175
2021-05-14,-0.4019676264538774,-0.6955446973811052,-0.4655127327262663,-0.7248146026123813,-0.6548122240748656,-0.15696146869775893,2.5485632344449622,1.166752287634236,-0.24521357029576127,-0.03850455826055952,-1.1389840262320312,-0.15244896258049784,0.9594489472359059
2021-05-17,-0.3653796158286176,-0.6744235590490817,-0.4309856263971694,-0.7137566918770505,-0.636277547134976,-0.08702452222743426,2.6246286569456525,1.1509751005072815,-0.2407406118876514,-0.12720419890673484,-1.1483598647740305,-0.16940421037550624,0.8179526910053196
2021-05-18,-0.3583884795374017,-0.6824776259933016,-0.4512885371024461,-0.7106352270248594,-0.6681766907655873,-0.23074390271840858,2.6028477670742336,1.0282340763039,-0.2013643758337755,-0.06112018824277807,-1.1335396291832494,-0.14138858190810435,1.0080413949317781
2021-05-19,-0.31333065283159345,-0.6569565025959736,-0.389363526393651,-0.6834239072298643,-0.6522556013802118,-0.2720641283078581,2.6700448854891814,1.1446822192251702,-0.2807490650488159,-0.08518904010514736,-1.118889782682751,-0.11222516962856309,0.749720271490077
2021-05-20,-0.3177460287661972,-0.6331550964048501,-0.3732400912392203,-0.697991351599886,-0.6607753502410258,-0.2997290376010883,2.681504415904255,1.0999295758620886,-0.28113423644176777,-0.06606220982043584,-1.093623263280606,-0.15824347821857015,0.800266151847305
2021-05-21,-0.34089149007016556,-0.6145281510478606,-0.4067969986813448,-0.6840707972069997,-0.7199037263485955,-0.3064649943485447,2.607873663823344,1.1332623685635292,-0.3117765064321841,-0.09773965354350816,-1.0381456262947593,-0.1965721966211885,0.9757541082082772
2021-05-24,-0.34351078517888145,-0.6207123866537085,-0.4206299579083125,-0.6841485126884119,-0.7593056608528235,-0.321664002712694,2.4888315982633116,1.223132263882669,-0.2988665229930527,-0.13245280497389741,-1.0574414589754757,-0.17960989228802182,1.1063781230792995
2021-05-25,-0.3482369154937997,-0.6106165925252072,-0.4148035914609838,-0.6738305380790176,-0.7637941604947639,-0.3479898004033045,2.4508251867124757,1.202833744731976,-0.2950680188088326,-0.12500707461343294,-1.0485233091642692,-0.23584005155181295,1.2100511211509746
2021-05-26,-0.35554629371715685,-0.610408210839903,-0.43905448795350366,-0.6532278171154744,-0.7541570244886064,-0.2885998120695375,2.398752619079902,1.2350830204898415,-0.3321203145717014,-0.15079769906138635,-1.0545308026044762,-0.2723997134112231,1.277006536263228
2021-05-27,-0.3570114534840582,-0.6128463105615914,-0.4454110159532535,-0.6477817862147253,-0.7441269558798492,-0.2446322552758333,2.3350919282824245,1.2964478290540213,-0.3756712525504876,-0.2422402618648079,-1.080765445707886,-0.19486877207945022,1.3138157522354972
2021-05-28,-0.38029628192501996,-0.6600510980717251,-0.40484543341753143,-0.6327125550675375,-0.7127059690216708,-0.2626091856047961,2.2985491758718926,1.2571382060414729,-0.3872439140330552,-0.21277394907103084,-1.0827569731648863,-0.2316389875786896,1.411946965042577
2021-06-01,-0.3668937535675887,-0.6975505346771793,-0.38743762421749806,-0.6609219048388414,-0.6139016966781425,-0.32132714341013624,2.2439065611901103,1.327592774098299,-0.39871160776060316,-0.2010819761580768,-1.1257706608691005,-0.21284836128916623,1.4149459281779235
2021-06-02,-0.37666085135972344,-0.6676247095710015,-0.37872149006909656,-0.6517696064080927,-0.6534636161174054,-0.30205450245240956,2.281839860837718,1.3927625312864762,-0.39030300236776255,-0.12858847755867472,-1.1162979692306112,-0.30250082147422125,1.2933826544848044
2021-06-03,-0.34317122340007633,-0.6661729423492078,-0.3705347676103194,-0.6689555740576916,-0.6497308398410914,-0.3014402550919744,2.2763552109336493,1.3292113266818057,-0.44024471575770086,-0.1464093437997812,-1.10194386002343,-0.2879456204596138,1.3709826047754305
2021-06-04,-0.36706258862458263,-0.6497392816613524,-0.34059580294621594,-0.662217200970391,-0.605595611713054,-0.29718592566413166,2.3284320134406578,1.3272453041960812,-0.47887458206631656,-0.1925588881915951,-1.068064530768018,-0.31448777339419665,1.3207048683631164
2021-06-07,-0.33688126620788816,-0.6354676886130803,-0.2884814698790928,-0.6704545449972384,-0.5922694158251662,-0.2709127581487366,2.499211867444927,1.3020767430548936,-0.47204853123065904,-0.2564995927907492,-1.079304509848474,-0.23587063568920733,1.0369018027304697
2021-06-08,-0.33566779952235265,-0.6335676945212672,-0.27107166423077517,-0.649445542862532,-0.5778765673029248,-0.26258937816629835,2.4841951775996987,1.2187720407809293,-0.475007548381118,-0.3289310949551916,-1.0798346163804675,-0.2573272740939141,1.1683519620362173
2021-06-09,-0.32689536847459116,-0.6342872180160829,-0.25530350304758587,-0.6979919434776296,-0.5945342124213119,-0.1728550916180288,2.392687797515295,1.2657266284312356,-0.4588686059325545,-0.2872531327108847,-1.1185163018862219,-0.35894009628910156,1.2470310479274627
2021-06-10,-0.3522031269924867,-0.6170769319064834,-0.20948713123103296,-0.7474416675162784,-0.6628551895173123,-0.2090814825527315,2.4920415313435744,1.2739223005019302,-0.43145204607980475,-0.2968272425168935,-1.0943799642193421,-0.1804745448466766,1.0353154955335404
2021-06-11,-0.38366199613550805,-0.6793022977838596,-0.19507747678381396,-0.7501367138669934,-0.6212489184870467,-0.23029371346274646,2.24626157253499,1.8735661368226368,-0.36611972423719075,-0.21547256324292652,-1.1140352988656728,-0.15592320775540733,0.5914442012635371
2021-06-14,-0.38367601559130926,-0.6935610534188564,-0.21490294395109968,-0.797793892243983,-0.5975428200285634,-0.22162457879343467,2.3122345140598615,1.5755472859160813,-0.3522463611704087,-0.19181231944245805,-1.1990947207270772,-0.14844603754581856,0.9129189429370659
2021-06-15,-0.34144130002403483,-0.6604502111790158,-0.17921082346208567,-0.7691620440370507,-0.605152927774544,-0.2607242677267928,2.4216935473497068,1.502697495798318,-0.34017313966495166,-0.16562982111077656,-1.1952280465170555,-0.21311581329256846,0.8058973516408475
2021-06-16,-0.3783379358710967,-0.6737148882665634,-0.19545048415799696,-0.7935258976766405,-0.6126331903261145,-0.2800234856713148,2.14299885344057,1.7917071096549837,-0.3638013122027795,-0.16999669049806623,-1.224263757372481,-0.13726269725789367,0.8943043762053953
2021-06-17,-0.42154049410189137,-0.7069195297192147,-0.18719077874293868,-0.7500628785802143,-0.6005191717523634,-0.21923401792119393,2.109229172584677,1.9149608439593444,-0.38260333029008786,-0.19867069908201823,-1.1748481924324368,-0.16226207099705212,0.7796611470753902
2021-06-18,-0.43255710649787904,-0.7046328462315888,-0.22749117190914783,-0.7636867995488119,-0.6156727390893934,-0.28962642579001013,1.9507770974874958,1.9771063420160078,-0.42615117796339647,-0.2431098823374019,-1.1234368320867858,-0.09736140746903502,0.9958429494199481
2021-06-21,-0.44328618901917866,-0.7438526014426041,-0.1781212877927969,-0.7992486099833453,-0.6102991117249633,-0.27406264254657803,1.8951529901943691,1.9712260173020215,-0.4286806772342068,-0.1789721060670185,-1.1685482079709926,-0.0746818938334596,1.0333743201187533
2021-06-22,-0.4313728742119669,-0.7479425320105859,-0.17675120909383696,-0.8495082995999517,-0.649979544523797,-0.24320051831517098,2.001211086153158,1.8542888801688284,-0.3061449567409456,-0.21529841820919304,-1.2049003468348385,-0.02255517775646897,0.9921539109747688
2021-06-23,-0.4975111377366198,-0.7739820479737514,-0.21994434323243436,-0.8600098770804921,-0.6340248693109284,-0.23000849556487882,1.9174116421050675,1.8233961922837987,-0.3879643260955187,-0.2252620308525765,-1.1476667557142464,0.05760474125930134,1.177961307913281
2021-06-24,-0.5511545546858474,-0.7717940023591267,-0.21579898338220507,-0.896149290130925,-0.6384117749046649,-0.152468322774215,1.976052491465291,1.8211752696730612,-0.37050019358276315,-0.13742368553317238,-1.165605733751993,0.06290533068863814,1.0391734492779245
2021-06-25,-0.5548624677449054,-0.7589714112490805,-0.20613014920830847,-0.8996693865369626,-0.5830298090615038,-0.13540081221338474,2.0644598863977475,1.7856311010135695,-0.37870834954723426,-0.15626668521764733,-1.190619486073083,0.08465137350217974,0.9289161959386147
2021-06-28,-0.5826812194217141,-0.770600003013958,-0.22623908413508104,-0.8869284683994436,-0.5966256454279314,-0.2202879268921906,1.8816937969391334,1.7561280972940847,-0.3997467641267425,-0.19767527442733634,-1.1495185021778584,0.10049802142884953,1.2919829723601919
2021-06-29,-0.6129875635541134,-0.8014901454754946,-0.21191071794890085,-0.9093158342833367,-0.465140226919502,-0.2649915324587347,1.8137204442435475,1.610796274633636,-0.43838635980673896,-0.21602560078705324,-1.1696131002957186,0.1450147319347868,1.5203296307176224
2021-06-30,-0.6457556069628638,-0.8050633580044,-0.2361937524214243,-0.8978446418443637,-0.5052409984113967,-0.12624325020164112,1.6901383346122676,1.7835336509315187,-0.4042227929302927,-0.20175996263152807,-1.1744057308136897,0.04703289386748987,1.4760252148103248
2021-07-01,-0.6012327249719595,-0.8233331643250793,-0.12881918943408313,-0.9167376423812879,-0.4819892931289197,-0.07519394701008061,1.7310305813863087,2.1795679337276157,-0.37057118750641327,-0.19929096432175716,-1.172988683279345,0.1164695504135696,0.7430887308314318
2021-07-02,-0.5715129025098556,-0.813710601487473,-0.18469183117474297,-0.9566424401414768,-0.567838985994781,-0.009341095189361777,1.384794783594711,2.378512220345553,-0.3185873500178829,-0.10607711157446538,-1.1396745342435235,0.037924825420808356,0.8668450229724914
2021-07-06,-0.5692495411188717,-0.8303334985693562,-0.20080354679334608,-0.9902170413955681,-0.5205913879853842,0.07065663013467346,1.032851279769089,2.453192546286211,-0.33794213420965497,-0.12238153772717451,-1.1541298787998335,0.10474055975669629,1.0642075506525188
2021-07-07,-0.5448952651705881,-0.7985962957107454,-0.15003727871952086,-1.0502537057096293,-0.5139391805039754,0.16598879390996535,0.8166536376920577,2.676476994429311,-0.26159824991787156,-0.06969863269176652,-1.1305209161531646,0.21098346571876864,0.6494366328271604
2021-07-08,-0.5746108885650355,-0.781204086779047,-0.17345889017039984,-1.0432345136213734,-0.515638085272372,0.10367816052696113,0.7252323334675247,2.6303775499636814,-0.3217955972458772,-0.014942687491869212,-1.1482363319970246,0.25934123908951723,0.8544917980953143
2021-07-09,-0.5601351808892157,-0.7844176580539851,-0.14879579929337033,-1.0067131231414383,-0.5094852152634526,0.035775721731098574,0.8350525480497583,2.681778633115238,-0.3207632901707618,-0.10899489965790062,-1.101823652630187,0.3100743605718533,0.6784475556323641
2021-07-12,-0.5219874191817679,-0.7561852703120968,-0.11572546745575289,-1.024467153666087,-0.5005265893322173,-0.004086902230676759,0.8046696139249488,2.7488371330603107,-0.2885788078336278,-0.13494078132644996,-1.0751890392755856,0.3879479823743659,0.48023270125463613
2021-07-13,-0.5265819702913694,-0.7090995604450037,-0.08955332928933347,-0.994286493686003,-0.47084024372009614,0.04979788636033761,0.5738623177598905,2.862638668343294,-0.22038741087278446,-0.1209185488231158,-1.0733020622664717,0.388165022813544,0.33050572411711276
2021-07-14,-0.5765642607408079,-0.7146719827317355,-0.1488858941403986,-1.004797036619152,-0.5066184526285938,0.12350653748972261,0.5469594838539502,2.7575913071620244,-0.23985627599258072,-0.1536110919919803,-1.1314245508647491,0.3848092229937152,0.6635629942105878
2021-07-15,-0.54042572241616,-0.6931514046466267,-0.12306046667821222,-0.956798251891657,-0.456926996179732,0.08536298898946268,0.5692570244226799,2.8643973999147434,-0.22254989769408304,-0.10845533995383554,-1.1148403058024539,0.29969916483263004,0.3974918071032461
2021-07-16,-0.49459216054558286,-0.6328815576801254,-0.044910869758019535,-0.8523276389966162,-0.38280986523170896,0.19306566511040446,0.526925252135306,2.947298120489641,-0.15032359836528675,-0.0007124429873774754,-1.0630810972964213,0.3800056429773302,-0.42565544985153975
2021-07-19,-0.47748675789310313,-0.6145805568229563,-0.08651859553020545,-0.8388407737571831,-0.4499397885224744,0.18563514795268735,0.6079674170902931,2.926579428593977,-0.185655145680822,-0.06648123305416997,-1.067280487098425,0.4404658571395892,-0.3738645124172084
2021-07-20,-0.47417870042048926,-0.6009501275979157,-0.10822900546768376,-0.7943616783422456,-0.4532963231827546,0.2544182752343331,0.6128534161728859,2.9515839632741816,-0.20429529631558357,-0.06829369122393467,-1.0802610149122058,0.29847146053204876,-0.3334612777506387
2021-07-21,-0.45515405273208676,-0.610540563949664,-0.13490277044833382,-0.8453060357994471,-0.4425184952818432,0.2467777517288336,0.44057576077900157,2.9966733865456554,-0.19398279603494956,-0.18826884767932378,-0.9900369956604691,0.3946075618021629,-0.2179239032695354
2021-07-22,-0.43314155014204936,-0.5967708865618478,-0.1265099261539498,-0.8668450653613458,-0.4308957835329069,0.22428323205596506,0.5314616193693518,2.9615265788508793,-0.18687238614266583,-0.23768964467668371,-1.0269156305357297,0.4377306510676536,-0.2493612082366713
2021-07-23,-0.4188972210717598,-0.6114139562796588,-0.13668761574416885,-0.8272067339131153,-0.3762187930234672,0.2590301263691612,0.4937489967336119,2.959515085350345,-0.19011737688309316,-0.2322745060520101,-1.0359895789467548,0.4862925049668445,-0.3697809315059333
2021-07-26,-0.40943602608440577,-0.6039002770863676,-0.16408457683203778,-0.8318307916691368,-0.3872332425395688,0.25311352892368,0.69018468318219,2.9107143342452364,-0.24441865307653668,-0.3309265547361738,-1.0963723338913751,0.41689141265492996,-0.20270150309043394
2021-07-27,-0.45112147060835506,-0.6175851512003527,-0.1933310982507198,-0.9007045723322399,-0.3959315289990166,0.1937928431414206,0.9522714756426163,2.817087910351989,-0.24573926736393434,-0.21327841947379386,-1.117131927755472,0.3693095374469401,-0.19763833059908006
2021-07-28,-0.4586866604617904,-0.6078715549346206,-0.17947380792405085,-0.9029883585516632,-0.3868151744607178,0.15549563129713845,0.6791429588183638,2.917429792307892,-0.2890267342296365,-0.1972119911105909,-1.070771202511881,0.3928955928961856,-0.05211849113462715
2021-07-29,-0.4886474947524563,-0.649595006401939,-0.2375263838351516,-0.930069452638182,-0.3587738678076547,0.23489171543700965,0.7717516402257588,2.8468747347124146,-0.29450991178413977,-0.1875785056710772,-1.1424814010587288,0.2937456053542842,0.14191832821986172
2021-07-30,-0.5039631265325565,-0.6540340957516148,-0.2652418907867969,-0.9597119823719554,-0.40869974718968444,0.19530023602800692,0.7211280283424514,2.800259447620241,-0.2773658794047235,-0.20504425905862286,-1.1623127044286383,0.23477461785886486,0.48491135567502613
2021-08-02,-0.511447793819048,-0.6488373673985288,-0.2817218198575639,-0.9688057434791223,-0.4377681599452481,0.1655815410060628,0.7600029400534398,2.778036062478657,-0.29353005882681193,-0.1509448548259314,-1.158828384059268,0.21049238985476246,0.537771248818604
2021-08-03,-0.6894630644727238,-0.6317346567968556,-0.15229665999309022,-1.0251471477761578,-0.5392986069516048,0.25310881052831313,0.9729984693616749,2.5919136587816736,-0.3283201007055015,-0.22287218895688365,-1.1570376105572262,0.23511051393784252,0.6930385836005385
2021-08-04,-0.671080697538429,-0.6691288057422156,-0.024579713330489573,-0.940690780262173,-0.484465351269239,0.25840365505640567,0.9487833842172583,2.720032006013451,-0.32324970895598765,-0.1802151585387826,-1.1500240575376228,0.149921220311923,0.36629400757589886
2021-08-05,-0.652417380835473,-0.6349364523560861,0.02009346801002171,-0.8704939743689861,-0.47442239679437576,0.2380838307474359,0.8496067426170255,2.7990133663233085,-0.34676249219045896,-0.19765861717081618,-1.151571582919732,0.1916415412551545,0.22982394768298228
2021-08-06,-0.5861201272388257,-0.577036042821459,0.12602259553463435,-0.896499536100638,-0.43087592628308424,0.303928126177253,0.9714166362886402,2.7834801987161875,-0.3097946669064755,-0.20074931645326788,-1.1781431103917697,-0.074056141625583,0.06842731110438875
2021-08-09,-0.6676474434824575,-0.6165230514000578,0.038538484723351356,-0.8621909778169436,-0.6017630260708277,0.2099890861458589,0.9834134439982689,2.753997209263323,-0.29019323907716116,-0.10137210307657595,-1.142401514675504,0.029653687251199552,0.26649944421752725
2021-08-10,-0.6274685771825472,-0.6128038772257819,0.01125223485145177,-0.870603707117233,-0.639811455031717,0.21710450310108437,1.0419262369086926,2.7158651360930044,-0.25709297745379206,-0.09469728011336892,-1.1771938157484811,-0.012490654423586035,0.30601423334227223
2021-08-11,-0.6825347555260368,-0.5836022350095543,0.03395688777252332,-0.8702104252093577,-0.5866748042782554,0.2844164189155812,1.2975201680016617,2.6108482592192432,-0.251541402466928,-0.10265850616904638,-1.1880585986623613,-0.09011636424391743,0.12865535765644812
2021-08-12,-0.638100614505124,-0.5347284316944334,0.05722370869779692,-0.9009582753383263,-0.5716194466891895,0.3271668076501475,1.3528132239029225,2.561942960209456,-0.2633657116877942,-0.0840293260377569,-1.2534318103415736,-0.1145952260761863,0.06168214191006327
2021-08-13,-0.6013314072774417,-0.5259041819423433,0.15814639263035915,-0.9292232984695028,-0.5784436446010099,0.22854027299299481,0.966816002138157,2.732553544425812,-0.26581163537778163,-0.008979776793822607,-1.2616276473682932,0.13977555788930793,-0.05451017824643584
2021-08-16,-0.5905740875931736,-0.4631150557062725,0.18243796618819408,-0.8949892024215682,-0.5478085479941311,0.15085115068733013,0.8623462374698105,2.817425760647608,-0.1799846773943604,0.16664269483670874,-1.1996262919157124,0.01055833012054923,-0.31416427692498067
2021-08-17,-0.6000370469185241,-0.4414862099993262,0.24228366598608317,-0.8998889170970283,-0.5469814058232868,0.0036737889564525754,0.7872072179757047,2.8466062076905594,-0.19558469241145257,0.15385463653617576,-1.179374592558729,0.12359116521880083,-0.2938638175554278
2021-08-18,-0.612766303924228,-0.44577310309479695,0.19961331701110901,-0.8882648799145566,-0.5279690154231562,-0.04613768343527065,0.44060883518675314,2.935918562339162,-0.1837429540920905,0.21199342086144984,-1.1260378943477285,0.29943375649494136,-0.2568760576615924
2021-08-19,-0.5309799180906217,-0.4098933545111948,0.14901305960647201,-0.9027696594045972,-0.470158201299772,-0.04956374786098831,0.3958299527896495,2.928382270880991,-0.13832221373555553,0.29509738616299747,-1.0550182413958786,0.4019168989153115,-0.6135342320568126
2021-08-20,-0.5996668293763678,-0.42973709265544324,0.1439397404786736,-0.9118720132063444,-0.4930959425308414,0.04707387894921088,0.32108150138007785,2.926477072291129,-0.13806544580192162,0.33671260433854955,-1.1023777624416848,0.360894263884993,-0.461363975310031
2021-08-23,-0.6061504830886869,-0.4162498127090336,0.15091084958187745,-0.8913510331671257,-0.4908580716551463,0.12375960200348378,0.13547219913461603,2.9533240385151087,-0.1107574085316856,0.4038080452126075,-1.0960213677951067,0.2802200698933661,-0.43610662739427236
2021-08-24,-0.7034325562040468,-0.36471478274460484,0.27309641201483914,-0.8778118585891416,-0.33420764577961665,-0.016348789170518442,0.0345410401874881,2.913686165835138,-0.07730128432130084,0.4564728343324042,-1.1043501759518963,0.38518536048863283,-0.5848147200973769
2021-08-25,-0.7081989290924853,-0.36759618392616966,0.28011977327003806,-0.8481225060346618,-0.3479828495622545,-0.05996961080745565,0.16448252205855218,2.9627811826508976,-0.11137381071221293,0.38350655501436387,-1.081903882894361,0.23484228151795516,-0.5005845414822027
2021-08-26,-0.6695130944194543,-0.362491199314456,0.26387339983564706,-0.8677839160553099,-0.4100854270584517,-0.008312851689602952,0.1638928824178383,2.9914266371578777,-0.10234298272654987,0.2697926422000636,-1.037072234425013,0.25063488488261265,-0.4820187408052003
2021-08-27,-0.6831738665988129,-0.3965473628708195,0.2666385482835669,-0.8655527961209816,-0.5385648188546783,0.0275935405303199,-0.021934247675751757,3.011046332081443,-0.11384169980105154,0.3135189106691843,-0.9687455404445892,0.256687861481213,-0.2871248606790429
2021-08-30,-0.6652381671994717,-0.46785222092708806,0.2880456604335232,-0.88011070407598,-0.566882423628076,0.07945166664907562,-0.00886594002884319,2.9590703135023237,-0.08026385194434738,0.4031469658546418,-0.9929538315395672,0.3126039129047873,-0.38015138000097765
2021-08-31,-0.6345451932868326,-0.4795808489468534,0.2831199520459595,-1.0184239878847252,-0.5585133602677488,-0.027446543857737437,0.10470991823281972,2.9256150926134628,-0.0854451520879211,0.38951616506036973,-0.9757579493952051,0.39408597401809975,-0.317334066243688
2021-09-01,-0.679598919757395,-0.41682931949313545,0.30851002348157774,-0.9974935300321204,-0.5525307509035059,-0.026067723066023424,-0.12887224961334484,2.9463987182584543,-0.09269484730026177,0.4048438822796577,-0.931937551676999,0.41143621888800797,-0.24516395106490974
2021-09-02,-0.71199201836679,-0.39868458575530646,0.2812477650551305,-0.9747351410069591,-0.5538544256543981,-0.09730697412541763,0.012344037030771247,2.93189400157737,-0.16298599986113493,0.5188870883819244,-0.9042763732307254,0.40204769380761385,-0.34258506785207843
2021-09-03,-0.6429955389281102,-0.41747218168555816,0.1888269608086863,-0.9646192254519376,-0.5271054013778067,-0.10563371701573306,0.21750448037260478,2.9672589052611253,-0.23472554788716765,0.44846411199404057,-0.8720565575093807,0.34998969343972763,-0.4074359820204897
2021-09-07,-0.6177928338272883,-0.3949415300785221,0.22132430721301458,-1.0286491288952906,-0.5725811518431383,0.06208649642672619,0.3772242205413995,2.896806658293886,-0.22751722902175636,0.3829288610399255,-1.0330811010225027,0.30021661791958215,-0.3660241867460347
2021-09-08,-0.6724912346797328,-0.38645712937462784,0.3164466339606621,-1.0686256011989659,-0.5347497813764633,0.11505278265639068,0.22626411396060256,2.8685090019837336,-0.3436017741718429,0.4098377434022878,-1.0987769861271588,0.2714080779537188,-0.10281584698860177
2021-09-09,-0.641121375939122,-0.40673415594193246,0.2508012048030618,-1.0785165403321937,-0.5863309586403618,0.08445580733523828,0.9085770643039187,2.7163096242093023,-0.41356096144160326,0.22198094684142147,-1.1885958447194143,0.046532072870740404,0.0862031166509466
2021-09-10,-0.621059422801212,-0.40816166567842577,0.32836995005970165,-1.0471704879182309,-0.4925333909640694,-0.03564768870535532,0.6390560999421483,2.8746730494741057,-0.3731805318368289,0.16908975448339214,-1.076285110911612,0.02966857271661192,0.013180872139778192
2021-09-13,-0.5775804721320463,-0.3586424291161254,0.36944007038955207,-1.0710171962714692,-0.48299350512280714,0.014456703379606684,0.6003175442587532,2.8626065015962396,-0.37313618092873096,0.1504897131506301,-1.1418659288410051,0.009290805988932125,-0.0013656263515307923
2021-09-14,-0.4856588060967164,-0.3318260793943364,0.2972798621064548,-0.9462187209610705,-0.4486956480951969,0.011357875419918211,0.5087361828545586,2.9875640134014345,-0.3965933698371059,-0.1768811335879582,-1.0458452517441235,-0.016522911223762704,0.043303987157903866
2021-09-15,-0.463780476062636,-0.23898047411623374,0.4089468807453617,-0.8617250303229803,-0.35780492320860385,-0.016662391436233742,0.2151611717060075,3.084580655661846,-0.3197515314829259,-0.22161092448149122,-0.9641037962516201,-0.05155354644029309,-0.21271561431019803
2021-09-16,-0.3934712647026167,-0.21494860983084302,0.43272822942971245,-0.8547240673671274,-0.34376842748940506,-0.0180433373293891,-0.03739501255026749,3.1165433519957095,-0.2932943578298271,-0.1727621564547118,-0.9317388461516352,-0.038202600492417575,-0.25092290122718314
2021-09-17,-0.3390280414378259,-0.17800614901598788,0.46853895559409076,-0.8571108907622431,-0.31759850647486726,0.026745399274995682,-0.05977130544775031,3.1021643743215854,-0.3388050632855115,-0.23070649836960466,-0.9506622241316021,-0.011564799141750721,-0.3141952511235286
2021-09-20,-0.3768017327139355,-0.19651444553294092,0.4139813987932599,-0.8170719851956434,-0.2794390892201759,-0.06160156773308544,0.09788470954138083,3.1191981496580006,-0.3932670741245676,-0.2951264237285805,-0.9210032579196553,-0.028006182869068353,-0.26223249895498907
2021-09-21,-0.28162856572302375,-0.0888957728439202,0.5536123574485557,-0.8002691987292246,-0.23998167669257586,0.1353913492087258,-0.03992777587933625,3.055758826906929,-0.31789771048078597,-0.27617473929659647,-0.935094702234898,-0.06118036108849835,-0.703712030595351
2021-09-22,-0.3605774859297608,-0.08263625832405919,0.6144242389050517,-0.8316466502902824,-0.20009496523743212,0.17171773265445117,-0.08739009958147258,3.0041889945442204,-0.3111277783517428,-0.23328680294250453,-0.9707510594552513,0.058349866703118945,-0.7711697326943359
2021-09-23,-0.4017439390830563,-0.18040823954891255,0.5368402645009869,-0.9011557879400246,-0.2723557176601924,0.24165079267587294,0.11983269946160473,3.010359340765381,-0.3702416302698836,-0.24414393859341957,-0.9730604003757987,0.02794720061999095,-0.5935206445525492
2021-09-24,-0.4075516359497632,-0.21642701451531754,0.5726985968855157,-0.9047743448005979,-0.3059734069329468,0.23636938760420823,0.3404316049903686,2.958488729557418,-0.41259590186396716,-0.3450266421128289,-1.0717035943863316,-0.01453788192344995,-0.42939789655230653
2021-09-27,-0.4650733565264454,-0.2587550182027187,0.5941167070835983,-0.9578428942732298,-0.29932233344765785,0.25680001585913886,0.3142877803457562,2.9300999104731584,-0.42221931156076603,-0.2644442621727524,-1.1165721726081812,0.022219831168962405,-0.33329489613886415
2021-09-28,-0.48865689013801056,-0.27366949243136335,0.5759827458999816,-0.9042966070714548,-0.3107987051714692,0.1620936980679245,0.17142662671180775,2.999990184515967,-0.36940787865635405,-0.22652096147762468,-1.0223973928472916,0.06931769521554523,-0.3830630226176577
2021-09-29,-0.4922272640757797,-0.2684668430676114,0.5598557999984178,-0.8758950836972547,-0.2579166432539699,0.19057817415328135,0.11584442852856215,3.0149663843997256,-0.36381496449159223,-0.19950881982104185,-0.9623025316743465,0.08106861806988633,-0.5421812550682795
2021-09-30,-0.4324643459411369,-0.23244367417284179,0.5431466680404737,-0.8446953664611748,-0.2703415518005117,0.14207788008981873,0.18474098308668532,3.0228997320316218,-0.35051991732113447,-0.28815212202293516,-0.9827363874733518,0.06460241256292357,-0.5561143106184342
2021-10-01,-0.5230424387905344,-0.23744632325153323,0.9275953648223726,-1.0039294365305074,-0.2371593119522969,0.22245818515542992,0.35262654975219915,2.694670642071098,-0.3491450378494854,0.03044141216425005,-1.230409530982606,0.15863970406919456,-0.8052997786775791
2021-10-04,-0.5084106843889895,-0.24052507496440625,0.9219666518613905,-1.0337918941353395,-0.2423019857828692,0.2447475930112489,0.21777851379891425,2.755807750841707,-0.38214504361962337,-0.005648535107525454,-1.2132569531174926,0.09935311552154652,-0.6135734539185598
2021-10-05,-0.4866872512272859,-0.25955957221981785,0.8036032868919435,-1.0454048981894393,-0.32451245087973757,0.26126667213110505,0.36452854200836776,2.7647328532382476,-0.39245581900046445,-0.011342948861384868,-1.2778784687940106,0.06762825596342552,-0.4639182010609474
2021-10-06,-0.4734915010097978,-0.24538028745828172,0.7650408845641141,-0.976114339733448,-0.2920347028124642,0.22817565962228897,0.3245691810618075,2.8331626703476713,-0.3517018423758044,-0.028471895726222628,-1.154341710104245,0.04090177348183482,-0.6703138898574522
2021-10-07,-0.3738827493465276,-0.19767186205950618,0.9771564939008647,-0.9676392810469249,-0.18328214587032343,0.21163833907777035,0.5913319167681224,2.5851644855999245,-0.3648223565222838,-0.004666376254758473,-1.2674218583264545,0.03251366980592407,-1.0384182757258276
2021-10-08,-0.34157265362306305,-0.13660647491167172,1.0969447731544926,-0.9360129125147352,-0.09222133433434324,0.23314618160523123,0.6347450547563308,2.477905487119272,-0.2844745906456939,-0.021583897172757844,-1.1781909992180637,-0.1534626351353781,-1.2986159990796178
2021-10-11,-0.3311798418721403,-0.15667016217311241,1.0188165468454873,-0.9219528560808794,-0.13689480042950955,0.2568637030512168,0.6437439171288923,2.578633000589324,-0.31883094440437787,-0.07429999962092039,-1.1337435061312715,-0.25279188945738373,-1.1716931674453221
2021-10-12,-0.4039763246660705,-0.18017953669399533,0.888631092034245,-0.905072236635143,-0.07124810485739974,0.3783287873421856,0.5145626816804479,2.607053168691994,-0.24260724080318546,0.020125896700591672,-1.0280602983336211,-0.22963146193676384,-1.3479264225232868
2021-10-13,-0.5122446667746119,-0.18576629111096446,0.8713310899694808,-0.9793259454793523,-0.15926244530781578,0.27967596009203843,0.5545325465752612,2.669849069498215,-0.22487393604206316,0.071467776263196,-0.9887145082882234,-0.23087225393433028,-1.1657963954608281
2021-10-14,-0.45024535783652286,-0.1842015219078955,0.7864451923163739,-0.9319616684380609,-0.17156541094044842,0.24703635267807908,0.46601390935611786,2.7914100205647148,-0.20506346670593315,-0.058447190495064964,-0.935844313432915,-0.26487602556568796,-1.088700519592756
2021-10-15,-0.4499112518195068,-0.1416483815949705,0.7617024976364496,-0.8557595096209121,-0.17580918070825682,0.24341004056147997,0.34634385551281444,2.8509948271711716,-0.1809669279613093,-0.06819974154551843,-0.9219478904707832,-0.35210688545215,-1.05610145170851
2021-10-18,-0.4791653970124395,-0.15263610861421525,0.7444216919151725,-0.8744262958050244,-0.15984164690095917,0.23408714464418726,0.42109459131496263,2.8494178263449257,-0.22196914664674325,-0.08279552871576165,-0.9648922440116201,-0.33887801623160735,-0.9744168702808793
2021-10-19,-0.4844092485658484,-0.20331315318874207,0.6218007301190114,-0.833485687876695,-0.21551943431262716,0.20987900656908132,0.4860708659814798,2.9093541590828997,-0.22068174524849374,-0.08117495244852618,-0.9478052559754852,-0.3671178830563499,-0.8735974010797044
2021-10-20,-0.4635283732205836,-0.14984669079503835,0.7671693584822188,-0.8803631604962194,-0.20499774538352136,0.23546041997663938,0.512478966584377,2.8310450961986167,-0.23043519997570727,-0.17423748124417354,-0.9798245529224127,-0.32881937546243944,-0.9341012617417583
2021-10-21,-0.4665016642385929,-0.14669160474300302,0.678803345520805,-0.850234247998506,-0.24802506782514877,0.20365864404491865,0.596816223397704,2.868532629484652,-0.23218026428536606,-0.22452039466468995,-0.9301179438053947,-0.3607508538762684,-0.8887888010111081
2021-10-22,-0.45618023587614226,-0.1680833290212795,0.5506805798915176,-0.8383456465837641,-0.5045719190810631,0.26600900287499135,0.5705297460305001,2.93022065603813,-0.19637896499492474,-0.1980062672744973,-0.9585768003656109,-0.3833595775011698,-0.6139372441366878
2021-10-25,-0.4243008030557057,-0.16742331540621946,0.5255376739532842,-0.821518327662593,-0.4889390193357497,0.38054977397376977,0.5494352389091888,2.922285255608155,-0.1933059554106657,-0.256792718167707,-0.9704103754206973,-0.44478197236132616,-0.6103354556237323
2021-10-26,-0.40416514139809384,-0.18844542430017566,0.47676657164329195,-0.8216757029271248,-0.4928715448509348,0.25420733924324246,0.6682956560830283,2.923383985957244,-0.18697637677671014,-0.18067623407916486,-0.9548533078715524,-0.44237356074196843,-0.6506162599810805
2021-10-27,-0.5177117116414889,-0.2060728075332972,0.6041202378207522,-0.9796526407678494,-0.5082631615811649,0.31567632290402214,0.8289143974586601,2.7628502029547364,-0.15799357398244793,-0.14271122446274112,-1.116185559293869,-0.38958332836465703,-0.4933871535106519
2021-10-28,-0.5530552486228753,-0.22852532346969948,0.7641059900891454,-1.1527585597859369,-0.6153292677604273,0.3408641999527565,1.1304675234111565,2.4728247248317077,-0.041755323589250624,-0.04759288880577327,-1.1777961553535954,-0.28292937496903103,-0.6085202959281775
2021-10-29,-0.5134458014565265,-0.1674845818363579,0.8713951183743687,-1.223066339137108,-0.5816816552328238,0.43812447691678813,1.2868284008920332,2.2433682173608336,-0.051757242315513395,-0.11412581397777267,-1.3477381536917563,-0.2638193631534237,-0.5765972627427409
2021-11-01,-0.5926572936008311,-0.14565953031790413,0.799882783600031,-1.2043263025213196,-0.668840885915835,0.43906495785331723,1.291713528346038,2.2984118750211295,-0.08856922274564877,-0.09274233135904633,-1.2708799107650328,-0.27906250069582367,-0.4863351668990738
2021-11-02,-0.5086583872121844,-0.1788453953174376,0.49295727756703994,-1.1498018957230178,-0.5495666811911416,0.40337723343677634,1.324683302061215,2.41555865153546,-0.18598713550558924,-0.2565767232119767,-1.3695620359063807,-0.3134547501683216,-0.12412346036444176
2021-11-03,-0.4934169543989222,-0.11736315237958343,0.5874984164135812,-1.1745312750477708,-0.611795643637612,0.3592514107689848,1.5095024575811398,2.2545426997834386,-0.1593028351872318,-0.08557341656580306,-1.3605979337409224,-0.2580307733601712,-0.45018300022912666
2021-11-04,-0.4623274620975607,-0.07515008290187349,0.6683170367578012,-1.1684283095574284,-0.5574624987604324,0.4199093920382116,1.2482472989811513,2.384561170736405,-0.0621209972544681,-0.16613321061022632,-1.3427515298337336,-0.3730909968040864,-0.5135698106937586
2021-11-05,-0.5072780325150299,-0.13113046902047712,0.5041224818854777,-1.2273675898982244,-0.7574840449307932,0.28002704267561057,1.365965653071007,2.400589074905237,-0.08175842248796449,-0.1890745661853104,-1.2469364709101531,-0.24235378888989334,-0.16732086769948532
2021-11-08,-0.5226346781141957,-0.11128071970841547,0.7290487782383066,-1.261624591306229,-0.8432735980928775,0.42330791728620437,1.5163520732355311,2.1483104016719166,-0.09243992946802708,-0.24170573535721765,-1.2416141189244443,-0.09059693027919048,-0.4118488691813637
2021-11-09,-0.5324515875123367,-0.04807124457899735,0.9925640095825105,-1.4034599693145722,-0.8734417716526588,0.36213087574546,1.9509498333206285,1.4370976963137427,-0.023588627178831437,-0.2775759671560656,-1.3758087535405006,-0.07546125605390334,-0.13288323797447463
2021-11-10,-0.4812922793415134,0.03557590288303587,0.9275010127416748,-1.3044796747023855,-0.7519734029290918,0.6920989560709561,2.167727958531821,1.0367899851266364,0.007691159264867418,-0.46005656849754695,-1.4381686934374995,-0.13317159953894786,-0.2982427561720087
2021-11-11,-0.5721872140183154,0.0756212612899832,0.704729898393299,-1.1504624950122613,-0.7112281258343971,0.8899181869132159,2.161473332102451,1.1558220930144625,-0.005097647159099342,-0.6469377598809135,-1.4097740708512105,-0.3295880960111508,-0.16228936294606294
2021-11-12,-0.6120015911662806,0.15275637527507455,0.9093589951733422,-1.1501959150095262,-0.65480037357098,0.8597483032241647,2.350796415116699,0.663804306660453,-0.04051515274943471,-0.6329517846620462,-1.3327931124292143,-0.3162988863496525,-0.1969075795125965
2021-11-15,-0.6165137063939643,0.12883949293985783,0.8564512562120992,-1.1601437168480833,-0.67893652148226,0.8488285803626926,2.182847653808164,1.0379558927337125,0.016344953144397326,-0.6330650071963354,-1.38009217466252,-0.22056788416007625,-0.38194881845768497
2021-11-16,-0.49799771229674894,0.18763406377445704,0.8026652993854758,-0.950927788500037,-0.6629093528497864,0.977752831574139,2.426493726081069,0.5379106400298217,0.09179217721168444,-0.6722312570510065,-1.2614122681173334,-0.3089549427024914,-0.669815416539243
2021-11-17,-0.44356611980599037,0.2127793381667915,0.7996590614525081,-0.840354730567925,-0.5138965637344539,0.9166299809065201,2.4837585240119364,0.5200988888389637,0.007644542059368554,-0.8790540935049109,-1.1653175534593956,-0.2898803478538455,-0.808500926509566
2021-11-18,-0.3571132465431804,0.37324807824833794,1.0196437182565807,-0.9215911384650347,-0.41421426576632514,1.1529360519877132,2.236791825153679,0.12595796543414525,0.12797177888345054,-0.9467755998760478,-1.283456535984822,-0.28803164186774327,-0.8253669894607535
2021-11-19,-0.2985021342562729,0.5304587362266924,1.2223001820883344,-1.023427529501136,-0.3728802499989412,1.3017593800910647,1.8596479723061399,0.05172539301083605,0.17001535154425804,-0.9137543385498171,-1.4464638275894388,-0.18459845818633377,-0.8962804771853828
2021-11-22,-0.2992345937897993,0.553027327383875,1.1350784774159273,-0.9749533655025309,-0.3540309588181672,1.4504796416796124,1.8648815225495714,-0.13543268198138714,0.1730825318151633,-0.9350671001633286,-1.395696755172044,-0.2228348119927613,-0.8592992334241297
2021-11-23,-0.25293189630267743,0.5242192720394729,0.9221275198446898,-0.9960592472365464,-0.5153067356046342,1.5022316220559584,1.9539953712970353,0.02208001993118397,0.1783535102768259,-0.902275268957671,-1.2835856087674558,-0.17648206017463572,-0.9763664984015454
2021-11-24,-0.15152440418239022,0.43172889322427316,0.8401398534582067,-1.0032333199155254,-0.46096518770520456,1.456138878260334,2.1622892082562095,-0.5205357694742928,0.1332977495888786,-0.9989241235716697,-1.2574085058365634,-0.2750010454178422,-0.35600222668441844
2021-11-26,-0.09258898010697157,0.4379743572071109,0.8436664064261616,-0.8358867509112934,-0.6408612844299759,1.9592015320325558,1.7030820516048524,-0.874365232561298,0.25185203856965693,-0.8467546563282377,-1.115646037694911,-0.13209334767427425,-0.6575800961333778
2021-11-29,-0.049223480076533176,0.6715004538954198,1.0961586755227017,-0.7442077914117257,-0.5336366709039077,1.6916684882907074,1.5634127054736282,-1.3730260505388283,0.237273672269559,-0.7062560248520441,-0.9464456776986717,0.02226194909258298,-0.9294802490628891
2021-11-30,-0.052842704454581946,0.5969227036592881,0.9681403440044569,-0.8120078408565494,-0.6121777576632285,1.7731954552926623,1.6317171607593697,-1.2995985040369626,0.16839753486406003,-0.7921323096880472,-1.0648011888251359,0.10588579107990734,-0.6106986841352405
2021-12-01,-0.2847218678808659,0.6029496385101847,0.989443534220598,-0.8855002522156169,-0.5734285294562431,1.6575038360328609,1.8166027827838027,-1.2161142035122858,0.021993592086508734,-0.8398877260683616,-1.0796124582660656,0.04339071709817281,-0.2526190633326883
2021-12-02,-0.39690553507663573,0.5170831279301582,0.7069282055133521,-0.9475822725301369,-0.5948378324728892,1.6747610660859382,2.070778805351898,-0.9352790219156074,-0.026165295739789877,-0.8747918454457828,-1.0362558456298545,-0.03590465165405718,-0.12182890441659158
2021-12-03,-0.4089686874454022,0.5651703616495759,0.6733860375027921,-0.9674820209923749,-0.6538704922850296,1.7212169010914966,2.0412489752874032,-0.6233283504089594,0.02508985241018668,-0.9932434561345594,-1.0674304474196592,-0.1965827466699969,-0.11520592658547144
2021-12-06,-0.39342689922543206,0.5670034762492548,0.6834229358545738,-0.9041674863854725,-0.571582424499208,1.778650764082352,1.9487842735297223,-0.8314513959471838,0.07593724604356507,-1.0235412919035742,-1.0836792687599448,-0.0933918599955058,-0.15255806904314467
2021-12-07,-0.35307064499687496,0.5181521315033412,0.6368028782154624,-0.7158907111285013,-0.4555727331207754,2.1105914524056817,1.734217083965211,-0.6890845653791402,-0.007622206929290921,-1.0062953172564444,-0.9712988199962652,-0.03474592889893546,-0.7661826183834666
2021-12-08,-0.3480613543937941,0.5710538226148332,0.7290513449386151,-0.6531634226830073,-0.4416399291031651,2.1790097517702005,1.4302085144118761,-1.2225613314816122,0.021841452239166493,-0.9396788722292972,-0.9546399965340286,0.16610190613800455,-0.5375218856877876
2021-12-09,-0.37168938478642743,0.5425129930488669,0.7372898016213917,-0.679309332200665,-0.42894813565159684,2.4544665238956784,1.1097157311842905,-1.0996821393120642,0.004033649487836036,-0.8810248529920077,-0.9331462730647836,0.05850996034400059,-0.5127285415745184
2021-12-10,-0.3778202823390738,0.5310535921613174,0.7351751722988822,-0.6214210536683608,-0.4797171528815345,2.543400547552483,0.7816537962878841,-1.247440012612794,-0.022958635810499714,-0.8600963825586769,-1.0157069753019252,0.08749270687498824,-0.05361532000268923
2021-12-13,-0.39621401814354384,0.5918735258001826,0.7743658303071393,-0.6206845095464122,-0.463212156659234,2.417621983085064,0.9127737575398938,-1.3865493468882393,0.06175088121899112,-0.8621251986443783,-0.944884259693201,0.11449226963986653,-0.19920875801612778
2021-12-14,-0.4178822746534398,0.49020654807648284,0.6792750096855121,-0.6777481676064584,-0.46241363188983386,2.46290942997629,0.9383656839061866,-1.3687490763983512,0.08753954326646306,-0.8210255571809515,-0.9712125680993529,0.07347811936934069,-0.012743058451887277
2021-12-15,-0.3744631135304103,0.5498533739351228,0.8589542371901651,-0.7048565097742702,-0.36362755902359356,2.4438423380672054,0.6384394688999485,-1.4553383213627578,0.0891417355211328,-0.798084333353195,-1.0191060567635428,0.06833852962471133,0.06690621056948237
2021-12-16,-0.470535712633464,0.6235903355054366,0.9143770296157222,-0.6347676515145365,-0.24837460649235196,2.4563559007680933,0.6799129663979361,-1.276956178937643,0.12165752408419508,-0.8241228660997119,-0.9640384984600312,0.1775055957326088,-0.554603837966251
2021-12-17,-0.45946873491331347,0.5242912353383989,0.8560235567984988,-0.7155583037449774,-0.31212718723046295,2.450977568426669,0.8840235891592875,-1.2480830092456938,0.05292589443789251,-0.8184807043745113,-0.9616585132652491,0.18646862843598558,-0.4393340198225234
2021-12-20,-0.3973844288886718,0.5866473486753435,0.9783407461099558,-0.6808429232925916,-0.28336674825648,2.3334813807703827,0.8661850797790737,-1.4240380662533196,0.0953766415069644,-0.8206941648527718,-0.946252424654329,0.1186218644162772,-0.42607430505983496
2021-12-21,-0.2674923742707221,0.5356284865838105,0.9412429559612634,-0.5176252176394961,-0.3396786061091026,2.5776177794535533,0.5436663442482444,-1.3367026781696618,-0.018609433099998483,-0.7060178784856427,-0.9049628966321296,0.062306957092387795,-0.5693734389325061
2021-12-22,-0.27960818748608,0.4024675731529864,0.7793878701658954,-0.5413461177241036,-0.2656171987489435,2.5361413496817384,0.854718240197282,-1.4576159207536472,-0.05501156661810366,-0.5027896829119577,-0.8810336293996788,0.08964837304996554,-0.6793411026053537
2021-12-23,-0.29879779008271334,0.3981480655726571,0.792525634903542,-0.5628598970011559,-0.18729604104339825,2.4266102201759225,1.0366189026384307,-1.4352855180515283,-0.11729102112878216,-0.3826514806724156,-0.8265443678812077,0.10296917709221051,-0.9461458845215636
2021-12-27,-0.25576391704546175,0.43645232690311453,0.773729853612044,-0.5233690817441748,-0.21483271506388157,2.512864844417433,0.8422737778859019,-1.4591444637720727,-0.037327428542635877,-0.29581898134544526,-0.8088335674357697,-0.006281899531226834,-0.963948748337825
2021-12-28,-0.28319283737177214,0.38347173665231843,0.7347811465439926,-0.5230461509111336,-0.190991004834065,2.61307143579676,0.7374868035987883,-1.3540689228619547,-0.07923879206965587,-0.30918269454472197,-0.8134138039339113,0.059130815905551276,-0.9748077319701979
2021-12-29,-0.4115075675363493,0.3676963343788381,0.6692651705722337,-0.6212658611636216,-0.29509459304304525,2.6946004580798983,0.734673719135235,-1.215324736914893,-0.07275904919112917,-0.34414900567302076,-0.783056055137841,0.13772553462543316,-0.8608043481317389
2021-12-30,-0.3831982434370126,0.3307419776068612,0.6473803529795256,-0.6592072804420159,-0.3253080345134272,2.7171749035908777,0.7623347246754619,-1.1464835002524612,-0.046617998910042896,-0.30894197829998,-0.8206318112025306,0.0855713244880141,-0.8528144362832674
2021-12-31,-0.22555294312857974,0.38387752157740457,0.6903110703095942,-0.639156754556919,-0.34356409566678264,2.68965457053528,0.7210759163641458,-1.2125065063167326,-0.08722710688620727,-0.3994434885615655,-0.7969580900472815,0.09317479131814682,-0.8736848849405007
2022-01-03,-0.1386242532238366,0.4624475533773996,0.7376337854992651,-0.6059233283148174,-0.4119874325114587,2.684961268905109,0.5968360218795656,-1.1762443820875716,-0.024447112925373844,-0.41895174934999413,-0.7454471525131197,0.041558805017576264,-1.001812023752747
2022-01-04,-0.13251007715567012,0.4788454910790774,0.7935210085460241,-0.602598302419475,-0.4203036500427424,2.715541163549128,0.38210022225724166,-1.1731688358429915,0.0029043564019039436,-0.5008035789020681,-0.7926999895068093,0.13749250645503344,-0.8883203144186528
2022-01-05,-0.10005299717916909,0.5413748110870134,0.8911852460877502,-0.5832302448553303,-0.381633597321626,2.570877838255682,0.2507947761341,-1.3005756951714016,0.13158535474467054,-0.5712784408743089,-0.7187600031884641,0.31534620386034445,-1.0456332515792615
2022-01-06,0.016705125553797818,0.5836021508293584,0.8531048361284088,-0.5165551037068195,-0.23977203824829868,2.5874365456132113,0.06673364647989004,-1.2220022307941811,0.1243414188088902,-0.5678404693635061,-0.7379202676110475,0.2618912197992358,-1.2097248334889392
2022-01-07,0.017103915976680765,0.5534418364476978,0.8147728470742077,-0.44928172407888417,-0.24780414228473213,2.6032834269083547,-0.04480653920148428,-1.2270299025126576,0.12546651781321702,-0.5135397539987766,-0.7137912644210663,0.3384141412207299,-1.2562293589432847
2022-01-10,0.07335514678961032,0.5508768717472188,0.8095601120754382,-0.45821524216798437,-0.15752183743695866,2.5669904392306764,-0.2060173524082905,-1.2084443293242368,0.11373761438231622,-0.44495451661459906,-0.7086443820029643,0.4185366915159067,-1.3492592157861338
2022-01-11,0.1784477761063171,0.6300625097401982,0.968385633672727,-0.4227573094956353,-0.013362432723705209,2.350592309772387,-0.12883265508432307,-1.356567053301425,0.12254263371497176,-0.5153929984109213,-0.7158532146374696,0.36713495779836336,-1.464400157151486
2022-01-12,0.2473506380265474,0.7369456837702715,0.96736778242131,-0.4639557944804238,0.03611219923692005,2.2499102901211585,-0.2405431008925799,-1.3708066679598074,0.3340020082496633,-0.5250452699217965,-0.7111536844160086,0.25231931428770643,-1.5125033984429619
2022-01-13,0.23313960317085253,0.8150188232754496,1.0347326640111618,-0.4713138670508718,0.17851915926838777,2.0766366867565274,-0.3205346790767147,-1.3518828025550211,0.38107469146063566,-0.5070165511852867,-0.6506659703142772,0.26154955082544173,-1.6792573085862859
2022-01-14,0.2581421620504384,0.731341686733771,0.996543307390958,-0.4246064618288161,0.2532059755145149,2.183896916781868,-0.2950812181068962,-1.239356032380907,0.33390930802529584,-0.5600806716092929,-0.6234093584226859,0.10142156780322933,-1.7159271819514776
2022-01-18,0.26742848259657254,0.6407777849005635,0.8817270993540792,-0.4046085506027769,0.13471658230758396,2.383004308106947,-0.26071910845025514,-1.2516657171990593,0.37729382855730703,-0.5245213083265554,-0.6638597544167872,-0.03496035109588655,-1.5446132957317333
2022-01-19,0.32104894236618264,0.6965819691776973,0.9469842579488497,-0.330090207523713,0.14679589653063888,2.2851628748267685,-0.29371061655495745,-1.2659511800389578,0.38501023742559515,-0.6007852439574254,-0.5257940884343114,-0.13101093498693395,-1.6342419067794343
2022-01-20,0.27804302612144205,0.6743870433168438,0.8111980484655419,-0.40922790636267337,0.13048115447816394,2.3159939940921457,-0.26615574523873453,-1.2435543899327377,0.5462750277123486,-0.5312706971584646,-0.5192173895342955,-0.11971454167914368,-1.6672376242804376
2022-01-21,0.2073432181901276,0.7052751732695735,0.890485319215326,-0.4280142082190349,0.05966653044799941,2.2217515147102724,-0.28198004325931586,-1.2821543119019254,0.6512087551245943,-0.5462179098053478,-0.45601451891362316,-0.04189916291699279,-1.6994503559416534
2022-01-24,0.13164593409969905,0.6463235135623795,0.7830361112588238,-0.4008429907201463,0.047732513802464446,2.274796556132611,-0.22047387830447945,-1.521295588037339,0.5732523981952107,-0.2325442902448591,-0.48765416307025033,0.02772588457220086,-1.6217020012463155
2022-01-25,0.08544320754766019,0.6273308066040795,0.8228737750568225,-0.3866511673030373,-0.028708492223527476,2.2754740151176684,-0.13175625681764114,-1.619960188173688,0.5980161686434364,-0.20894760427673761,-0.4783720861237315,-0.031192713281489624,-1.523549464769813
2022-01-26,0.055261115893581986,0.5509932474156009,0.7537109800791255,-0.43256462653484595,-0.061546196604699815,2.303237187287565,-0.01591098249770168,-1.5771303178648837,0.6045034588133712,-0.06015331725994913,-0.4989832851275326,-0.03309901407468715,-1.588318249524944
2022-01-27,0.015702480378679776,0.44329736241403817,0.7421018065771408,-0.45765044590073933,0.00498425240894574,2.347208570147455,-0.007851480495125122,-1.6315347456742608,0.6067909970016631,-0.02155093693265484,-0.5611773590762158,-0.0010907360643707224,-1.4792297647845551
2022-01-28,0.12246382954828477,0.397059208033629,0.7125782698537403,-0.45544079635032864,0.10169911250963945,2.35209688990233,0.09374267704124929,-1.6337380578996252,0.5841323840397096,-0.16161905965072484,-0.5752335691650743,-0.05788038595068866,-1.4798605019121402
2022-01-31,0.19077262467620373,0.45282808440038286,0.7143542614801055,-0.49803501569047354,0.10208801366545249,2.272766351249447,0.19314605402282478,-1.6869083562766571,0.5649622624488994,-0.11212786235678256,-0.6203718512441565,-0.08430214792662329,-1.489172418448624
2022-02-01,0.21661336847826262,0.42907765037152545,0.7014615912309048,-0.547452919079086,0.16449955857299783,2.316179717196455,0.07169341102158953,-1.6168823204609875,0.5212050287536014,-0.1743612084994377,-0.5683931985972561,0.01627072618233889,-1.529911405170907
2022-02-02,0.2528690103314793,0.4783551979633983,0.7067063356441685,-0.5693657770361545,0.09630766939155787,2.321138862876081,-0.022145281241967314,-1.543829900469265,0.5290452850259845,-0.18493328630528483,-0.5364107185711421,0.05281480821588996,-1.5805522058247452
2022-02-03,0.30185838329976517,0.35351794785346635,0.3992161197847412,-0.498248754995704,0.07096278944376964,2.337053969751645,0.3881323071502425,-1.5513018542321508,0.5406125430136562,-0.062102392604149376,-0.566452094906631,-0.0604955572989475,-1.6527534062597045
2022-02-04,0.2519419176649739,0.3855565910720524,0.4717878872149238,-0.5034219869237274,0.12241096015539907,2.2717064514422063,0.3407219547846125,-1.572265846134611,0.6218687253212253,-0.05823553418656021,-0.5176341769000806,-0.11856140096273321,-1.6958755425476801
2022-02-07,0.3165515286775618,0.39802172406714975,0.40292191845417336,-0.4528207008698283,0.12482042569059079,2.2067630467768193,0.29581930031649395,-1.6724119592921662,0.6597408774789781,0.017971089810845258,-0.4037945325308578,-0.16811674560214207,-1.725465972977617
2022-02-08,0.3097894411305311,0.4217221837244733,0.46387630536245444,-0.4145186881568961,0.27085506547216076,2.1002849972060322,0.23455604465051821,-1.75715055991533,0.6348628502535161,-0.0031688504477830567,-0.3694071002640007,-0.11421701821945336,-1.7774846707962222
2022-02-09,0.3750723708448076,0.44691542878942253,0.5030903820993095,-0.38312247390969356,0.26872427270658183,2.0599962873702005,0.20976586841224948,-1.830231348892056,0.5631444641862065,0.01874509256047684,-0.3401840736131481,-0.13131810819411915,-1.7605981623602385
2022-02-10,0.3747930163644037,0.44869124795806953,0.5138287926858441,-0.4220306104638731,0.18297984435833028,1.9404518759076137,0.47469504328315926,-1.8278044537333882,0.5988786894779362,0.010749137695593405,-0.37530604179840144,-0.09153017999172539,-1.8283963617435643
2022-02-11,0.4426074819109582,0.4353278350575859,0.5454738540706972,-0.3729773178080743,0.2582768469442409,1.9269340716635825,0.4700995078648538,-1.8001250619286784,0.5481249600322442,-0.15161059261887927,-0.4121483009522408,-0.03466272274509724,-1.8553205614911925
2022-02-14,0.4210673976584893,0.44111951943311223,0.5515766399290054,-0.38958452757958484,0.2265486278367447,1.9902218260967308,0.5661840733966687,-1.7213990646779969,0.4602565866226312,-0.18248636988709563,-0.411760438483778,-0.09363643201994887,-1.8581078383249765
2022-02-15,0.5426751551184773,0.42434088181406304,0.5877527315669979,-0.4397821727333368,0.20573110044189305,1.913887312184294,0.5323872003944032,-1.732679452627054,0.4116453702043765,-0.10602163815844041,-0.39681360360870654,-0.030908502556254068,-1.9122143820407138
2022-02-16,0.5611689432300019,0.4053686131416083,0.5238094723016155,-0.5054772312729847,0.20736822600781954,2.029215203216508,0.5187428266422989,-1.6945442124382395,0.38943093843726834,-0.03417464274016637,-0.4445939801575051,-0.13390555423291195,-1.822408602135314
2022-02-17,0.6236725530230627,0.4116283898332059,0.5482985300730324,-0.5299075916445434,0.19397178004542837,2.010746972926089,0.6031903840698177,-1.683486492474629,0.3544035277322159,-0.22059961151788712,-0.3856898320091715,-0.12547882151668072,-1.8007497885399413
2022-02-18,0.600763517752527,0.5395954093218536,0.6251338022720451,-0.4147817094878839,0.39994719600465045,1.8382138166323319,0.5644395820331439,-1.855658879971,0.2852066437530432,-0.3207223361221524,-0.29529246784284563,-0.18392492664975907,-1.7829196476959546
2022-02-22,0.6261698903812003,0.5701897538238734,0.5826666281625645,-0.4975793766057218,0.3257310659422353,1.7936830335942349,0.8855172103800955,-1.8518882061391084,0.2251587141620938,-0.388541676178952,-0.35215904311502016,-0.25526476259467107,-1.6636832318128238
2022-02-23,0.6866428775696152,0.624836229699963,0.5894316641078223,-0.5802793008069751,0.19647178326801237,1.8105436634573957,0.8570249455410116,-1.7966120404987678,0.2691537144423906,-0.46145491689814694,-0.24437437802444298,-0.29528122954040614,-1.6561030123174718
2022-02-24,0.7276505806923382,0.6496863855139419,0.5986356558609655,-0.5013875483433482,0.3160947785803576,1.755150405035065,0.5918609132087371,-1.8170346283415073,0.28928229952208206,-0.5537137387785652,-0.2266549379536228,-0.05136862222922375,-1.77820154276722
2022-02-25,0.7315930618374088,0.5441338951066128,0.5182791335802349,-0.567878242932739,0.2627691017630534,1.8453970512534752,0.7930258875174779,-1.7400594248879773,0.3405060247005561,-0.5600022820540521,-0.3016149668310426,-0.1634704320551126,-1.7026788069978946
2022-02-28,0.7177793664385445,0.6010446814667981,0.5821071448910548,-0.5714380647242423,0.1736479577474796,1.7453979999082845,0.9139027859164179,-1.6770470865956002,0.40788432953605813,-0.5721619680892924,-0.262072464119817,-0.30439427129268837,-1.7546504110829977
2022-03-01,0.7106198062720874,0.7779327841418088,0.6944785101438253,-0.4355213915535915,0.27136594614209547,1.765101978432257,0.40300488862014416,-1.6718021192240644,0.36065032745384756,-0.6083459497407206,-0.08192986862686379,-0.3259300265486286,-1.8596248855121966
2022-03-02,0.843974520917528,0.721825721981495,0.6213605478814067,-0.4395080115205769,0.24862051038394128,1.8348425587494486,0.4484191287240752,-1.6471761796865174,0.3523803865172566,-0.6102213087043956,-0.23554130267585816,-0.3605955298329031,-1.7783810427349018
2022-03-03,0.7470820263368645,0.5750880368468833,0.495443308765269,-0.4488757040330864,0.17461365443929439,2.0300377128081126,0.7348061148668301,-1.5671724473813287,0.3805717918954298,-0.6377662303053333,-0.4367320077506968,-0.44085647121211136,-1.6062397852761265
2022-03-04,0.6961589695594006,0.4635210802660441,0.4207798802911864,-0.4504844331071975,0.12346078900015381,2.0707839946860633,0.7947728135802644,-1.5883889629734307,0.4784804169070364,-0.5724872111189736,-0.49057498667384836,-0.35186856067382283,-1.594153789742877
2022-03-07,0.6528171440067169,0.41879311663548857,0.5438023224872149,-0.4786253730799784,0.0688940531683655,2.088811813236301,0.8024778052287456,-1.6019313864511135,0.46565486663881694,-0.607298434856622,-0.48849119591929074,-0.32730833663031406,-1.5375963944643303
2022-03-08,0.7348082321853421,0.3596549256445086,0.577048128931238,-0.5599145063021504,-0.5820572941754162,2.0823201829392914,0.9458701397013963,-1.46943311669626,0.5635604837800127,-0.5002165941650415,-0.4208676026972382,-0.26842325633600683,-1.462349722809677
2022-03-09,0.753737740760874,0.45842430282199936,0.6832333023173575,-0.2755470647412776,-0.6261020842786292,2.060071228388584,0.5968230553242588,-1.5429438453348063,0.5945748043427113,-0.5775121337135399,-0.35060054281049013,-0.20794683564260694,-1.5662119274344342
2022-03-10,0.7617865616688266,0.419611700672194,0.5814116325525093,-0.2561770257717448,-0.7173599849998912,2.127854264355822,0.558612962646565,-1.5308511565982716,0.6201898498230174,-0.4663944978865492,-0.33902654133180354,-0.21774041506053296,-1.5419173500701404
2022-03-11,0.8240825684891693,0.4448694610959095,0.5337502209290308,-0.20114146351645476,-0.7904355723009641,2.067291345570322,0.510014294443591,-1.5798006928047073,0.6223105270970879,-0.43549551211801524,-0.29433475038188567,-0.1319394726830658,-1.569170953820019
2022-03-14,0.7433779202191287,0.41222451047369,0.5409917437606744,-0.2754271597762971,-0.7081294441112659,2.224865893879945,0.44936055541107955,-1.551708394760684,0.5744587000688764,-0.3648538578954047,-0.38046970780440603,-0.17879636456598033,-1.4858943948993557
2022-03-15,0.721153702886876,0.45865812060498073,0.59890423831237,-0.2275518134506357,-0.7449791340265041,2.1846187676424775,0.41218805722080276,-1.5960208264485611,0.453132220182319,-0.24051891765726136,-0.31066030232628344,-0.1493129184703463,-1.559611194470234
2022-03-16,0.7807158917965823,0.4801123256946291,0.5978866705245331,-0.2755830617688808,-0.8795046535528065,2.108745790765312,0.544278782826534,-1.6831984803062654,0.43913338793708623,-0.2974575027450485,-0.250885606094313,-0.14606557485966015,-1.4181779702177026
2022-03-17,0.8138477373991544,0.49466356961367425,0.6393403199652561,-0.26936542266414576,-0.9191041742535685,2.1480413457500585,0.48241905048834255,-1.6194945426153662,0.43611304108484444,-0.38303500316925776,-0.23927997263011008,-0.22268878073927492,-1.3614571682296073
2022-03-18,0.7001587103143404,0.35440908946108973,0.46306895502941126,-0.3703166937532289,-1.0009489004975651,2.3819207761098644,0.6219159655641874,-1.5312421850856135,0.42522959185951315,-0.2715375604297834,-0.45881368848042686,-0.27122699258751215,-1.0426170675042767
2022-03-21,0.7370143321449997,0.3863965409026605,0.5110337008096519,-0.34292360369857083,-1.0707820480479493,2.3334046231861034,0.6426517913152398,-1.514822769099878,0.32254801579504644,-0.2509476357415455,-0.4160241334747612,-0.2243036901173694,-1.1132451239736278
2022-03-22,0.7884278811494393,0.40918562030115,0.5874454585116387,-0.28770124765746047,-1.0941534961812514,2.146387940972497,0.5948324481167361,-1.7176688830379887,0.41670976510496993,-0.18895850156974595,-0.2715865467415067,-0.22489121922310681,-1.1580292197453712
2022-03-23,0.8094768010301493,0.37127301388623984,0.5326632720171484,-0.3486615603758043,-1.110130598466241,2.070883678983827,0.5806250751287101,-1.7911616140878068,0.5306760087793293,-0.07954745341804964,-0.2699196888970825,-0.13115749289954987,-1.1650194416808701
2022-03-24,0.7810041476219606,0.36938368504403324,0.49885198654020607,-0.36771528917216983,-1.099144172206284,2.1325191141335402,0.5731622811579137,-1.7748320143280987,0.5355378529083664,-0.023638181517013475,-0.29103670029042883,-0.23504090506378722,-1.0990518048282383
2022-03-25,0.8258666959964307,0.4922375607977769,0.6024999025186174,-0.2504673650282169,-0.919341936576991,2.090262775074866,0.42774951272217665,-1.619413943200793,0.5891069701545252,0.001521396540150444,-0.11285877329714185,-1.1262308235238365,-1.000931972177564
2022-03-28,0.7686879469702804,0.5067201149907278,0.6583502907363503,-0.22340704399649125,-0.9377823298256857,2.1513746771282376,0.6128579190959792,-1.5174032982778012,0.43333518134656446,-0.16758409329794585,-0.20086416388779638,-1.207564538139946,-0.8767206628424742
2022-03-29,0.7519786352023274,0.49473547278419466,0.6076377190067918,-0.27231750682443967,-1.045322836830545,2.152543229176258,0.6366005232309416,-1.5934700892307367,0.4863482412638715,-0.15175646643772941,-0.272353895290817,-1.153980560615148,-0.6406424654349686
2022-03-30,0.7455351630765229,0.5125281590278138,0.568496030181545,-0.2829672099752511,-1.0202502397223405,2.1258515669451863,0.7024788959548258,-1.5481130383356416,0.5572951015129226,-0.2177123123608203,-0.29710162068124185,-1.221155622790117,-0.6248848728334037
2022-03-31,0.8045408653596935,0.5654162155075417,0.6773890176662691,-0.25535180188339346,-1.0814858759916808,2.005071263451772,0.6604408143727736,-1.5664139721277641,0.5512693302740884,-0.24573736787146586,-0.18886187842401705,-1.2580759892806457,-0.6682006210531707
2022-04-01,0.8487460861997967,0.5259083953812005,0.568489472428358,-0.2899864557039913,-1.044834112811633,1.966050747449051,0.7561076531588555,-1.5401691960616644,0.5506953574519347,-0.14750901433823885,-0.18200421027222125,-1.4018022104800134,-0.6096925124014339
2022-04-04,0.9105595631894164,0.5269809794876098,0.553709362713424,-0.29979267134244353,-1.063545990543627,1.9941232155901556,0.5762126057210801,-1.5731975698178549,0.5635006643763912,-0.19126256288830282,-0.054774693027577134,-1.3825232553999756,-0.5599896480582961
2022-04-05,0.8704647088100079,0.516770890198185,0.5608270336633586,-0.2847164417093923,-1.0130254592456132,1.904265922390488,0.613059063271803,-1.5433086886181486,0.7480093193387634,-0.358140248855891,-0.0040112217314474735,-1.4853661259798765,-0.5248287515322364
2022-04-06,0.9214903413117698,0.5182791851198069,0.5299365657525471,-0.38736701432098575,-1.1434476895059145,1.7353706453142983,0.7517287019978326,-1.5021268593968888,0.7815113901753278,-0.48408567941992736,0.12312441452435713,-1.5344574018560488,-0.3099565996961745
2022-04-07,0.8149832251480984,0.44153585120313565,0.5422018064423061,-0.43327900521093415,-1.1258074302174639,1.738479748258535,0.7852667745162821,-1.5616819175280694,0.8060140463268737,-0.4741189942562825,0.12783481991415563,-1.5528377811698,-0.10859114342683605
2022-04-08,0.7247664328216585,0.43377751061485637,0.5503892557643505,-0.5109553394209531,-1.0908863335904389,1.8398715411554594,0.8349270947309296,-1.5489490959313081,0.800593966819306,-0.48179815699927153,0.017894442138454807,-1.4724814750864486,-0.09714984301659509
2022-04-11,0.7785662767529657,0.4801338375523886,0.6622454445903845,-0.3695317603652224,-1.1732393359192967,1.6932847835346918,0.7094139213488666,-1.5647254397489128,0.8663800459680958,-0.6176976943602479,0.06529571488051704,-1.5018718138993257,-0.02825398033490457
2022-04-12,0.7544011014268958,0.5240453882245333,0.7343438117601966,-0.30644403551878974,-1.186437934408542,1.6423134334339315,0.3518818646266323,-1.7403486572682345,0.9638250611934067,-0.5308591110107964,0.19958987930853447,-1.419452353022776,0.013141551255008195
2022-04-13,0.7676443217138683,0.5679542036952734,0.6839455259288706,-0.26712369195227986,-1.0872383672222496,1.6391073830887173,0.415167635258814,-1.6921840992691422,1.004570351012326,-0.5600584575183171,0.2523830426296544,-1.4831718996736296,-0.24099594769190577
2022-04-14,0.7173817219328238,0.5629085671047063,0.6156236703656855,-0.2841809477653498,-1.1488506830486034,1.6386699605029436,0.45763178660915327,-1.70099696921066,1.071711502686906,-0.4941823525469451,0.16061506989627708,-1.4720037845845033,-0.12432754194243434
2022-04-18,0.6884801577070563,0.4919339771658719,0.5911446475930393,-0.3077974306634225,-1.1014780539260995,1.8464282082000627,0.48362244480372,-1.574144950736822,1.0216558280953107,-0.3745253796868373,0.02638326832040776,-1.4940091447705408,-0.2976935721017467
2022-04-19,0.5514414333706726,0.3915642600556653,0.4540001320329745,-0.3336964792802093,-1.1498170202470415,1.9343069494576681,0.6226862177075683,-1.5700779090233783,0.9996798273512659,-0.3990249601751711,-0.10916299688243036,-1.460614919691075,0.0687154653234908
2022-04-20,0.5459085226309732,0.33887968108277694,0.4069124799470089,-0.3015996372612542,-1.0857965284459357,2.1205672417402295,0.6082535168380904,-1.4803901230632264,0.9342270791789905,-0.4794957350411094,-0.1991652178699882,-1.3967176501071281,-0.01158362962942724
2022-04-21,0.612905842883566,0.34184174459321975,0.45586204119306384,-0.2589393978325368,-1.0503920233743576,2.12609370742602,0.587724725462399,-1.4937905658217683,0.9152852478188812,-0.5124457445817194,-0.13887066789824462,-1.365359602110569,-0.2199153077579543
2022-04-22,0.5907248968143625,0.3118846669501887,0.4581633368322663,-0.2605560473797936,-1.0398376516600407,2.056417569424578,0.8661497265696161,-1.4798011983697523,0.867934172081406,-0.43719874560878313,-0.2505854285061159,-1.3902091313050016,-0.29308616584292974
2022-04-25,0.6866596691556179,0.3209717532008055,0.46371332769966034,-0.22773816772898586,-1.0584840236492852,1.9377969460317055,0.9797710696368934,-1.5083058088428063,0.8344874285658639,-0.5260286371031835,-0.16060904704948653,-1.386692908749737,-0.35554160116706157
2022-04-26,0.6508362449422802,0.29429589989616356,0.4440944961648459,-0.2981573053178766,-0.9562650848787174,2.10426943799465,0.8568524189946369,-1.428963617441284,0.834748399267033,-0.48686346603309094,-0.1866944854010329,-1.3859828151908753,-0.4421701229967327
2022-04-27,0.6551495447261163,0.2752161980684588,0.4612296699955172,-0.2826855053359786,-0.9204435632536168,2.003111248444458,0.9997909262139918,-1.4325334344314018,0.8715843292712337,-0.5260401527055693,-0.1852389956012387,-1.394739985377592,-0.5244002800143787
2022-04-28,0.5925032635986305,0.353698234553519,0.2726035210933755,-0.3043119636222014,-0.9518065372099329,1.959552686292826,1.2420440288543049,-1.3815561100465852,0.8401195886191776,-0.42561243895563616,-0.24519716979163209,-1.3681109969039718,-0.5839261064818736
2022-04-29,0.60766014583324,0.3769210166325841,0.20110834264719388,-0.35530088017667394,-1.0724594629890716,1.9559711937966335,1.3185185225760734,-1.3045997640091918,0.7789054782395723,-0.4622829966602133,-0.2921019198222475,-1.358073432825697,-0.3942662432422025
2022-05-02,0.6786586486562517,0.3979073444184607,0.2688415802950334,-0.3878329684146049,-1.0746936645156377,1.9704117630476832,1.1618911499759064,-1.3365297601001853,0.845237880798477,-0.4868419201707319,-0.27940085888026367,-1.3318355399137805,-0.4258136551966086
2022-05-03,0.5871900616433979,0.3436594969134876,0.21794628130060587,-0.3817256496373033,-1.1120399439914006,1.9636199369796508,1.2501970530769504,-1.3087694071726717,0.8907978582933966,-0.49993022451737973,-0.2818811922759536,-1.314005269043697,-0.3550590015690831
2022-05-04,0.6370058653168534,0.3378625714905558,0.22151071792668636,-0.38251277239179426,-1.1301699856899527,1.9416130633367543,1.270963569495431,-1.30863454888554,0.8475401757913654,-0.60298432673502,-0.3498826415513195,-1.2919347689712115,-0.1903769191328084
2022-05-05,0.5967155468296818,0.3043549615859145,0.1670203464616833,-0.3658552733392364,-1.1089629662030787,1.8715257577990785,1.3889255287365259,-1.2403234680013235,0.7781619428860148,-0.6637870933955735,-0.4421697428637182,-1.3916600948117006,0.10605455431573081
2022-05-06,0.6299782783518554,0.3475121757640225,0.2039557778432068,-0.3775052285459791,-1.1170103208495854,1.815361175453098,1.4229575476718481,-1.208287888863839,0.7704267508310811,-0.6821147959283952,-0.35639975402452423,-1.4437289266906277,-0.005144791012160431
2022-05-09,0.728301870628763,0.34184119720477696,0.23767211774199917,-0.35005070287362083,-1.1418205511439148,1.6961623946066582,1.4163740658256394,-1.2662023556861208,0.8568417805386472,-0.6621864587797128,-0.24421693437160769,-1.4586061422729648,-0.15411028141854183
2022-05-10,0.6672660654561346,0.28966599944772914,0.1673808527579076,-0.3887497202301335,-1.1246936477389047,1.6148774868868943,1.5658035398645167,-1.2193109893633292,0.8357103479003655,-0.6162017879269487,-0.3579266447414401,-1.5063193387577791,0.07249783644498711
2022-05-11,0.746108685460244,0.337017593320857,0.21612384147222496,-0.412064977178447,-1.089181243312629,1.5035041976809254,1.6325383144216175,-1.3709174282263585,0.7909673946004943,-0.5883713739884256,-0.29061631171871694,-1.4366810706968547,-0.03842762183493158
2022-05-12,0.717679550040332,0.26771294062561574,0.17243153675220385,-0.4531780227053691,-1.1714107327061145,1.4206324138399549,1.5986324728309564,-1.3049167600678864,0.8891920573960702,-0.5045856658534343,-0.3319720889321593,-1.5243433968458173,0.22412569562564788
2022-05-13,0.6887181583428419,0.18263411713857125,0.11372886737604278,-0.43454573807605723,-1.1552685593516479,1.3381351609191217,1.7711706300317327,-1.2215804446553207,0.8324353997919288,-0.4861912284517712,-0.30293252378437535,-1.5674065383301403,0.24110269904907378
2022-05-16,0.7017618900993773,0.20845793343352892,0.12838776850369318,-0.3673057305827354,-1.1738306635744953,1.3172523220460648,1.809065597868216,-1.2816024394481487,0.8078933873613238,-0.5190809454984479,-0.26880407063813117,-1.506398471606671,0.14420342203642536
2022-05-17,0.7061929614061166,0.23713362874302718,0.11328848287060062,-0.4004953089503402,-1.148648039240098,1.2417022256844916,1.8307145311437554,-1.3180990076716297,0.7837955998131092,-0.5493846465172547,-0.19380576525604215,-1.522941362266644,0.22054670024090642
2022-05-18,0.682342813195361,0.23404764145095275,0.1391785656140099,-0.36082457823982783,-1.0848060784411873,1.3030281136494686,1.8013269632166524,-1.3793240910492237,0.8545491060731396,-0.46969244592927384,-0.21178775997692562,-1.5205880268632523,0.012549777300105659
2022-05-19,0.6577500963504402,0.20577818075680143,0.10986661385827429,-0.33755190358012055,-1.1062066228769956,1.2797305021932819,1.9404967962527677,-1.2903413298323185,0.7746872273258574,-0.5127767714823704,-0.27967548094463035,-1.47136703377776,0.029609725756773248
2022-05-20,0.7669607236480916,0.3239538930389047,0.15174618542266385,-0.32394688058081544,-1.2634399304505795,1.2142057234025765,1.7856533683037745,-1.2883695096877605,0.8615517766181738,-0.44940790021234817,-0.17200038897357697,-1.5087649815207047,-0.09814207900839932
2022-05-23,0.849159688172798,0.3389147870605516,0.15812974625552054,-0.30060482121779947,-1.237580519798515,0.8910083508226668,1.9926058260448536,-1.2390173547179983,0.9021589399753923,-0.42505733887780484,-0.09116120316975532,-1.4313980468058372,-0.40715805374407227
2022-05-24,0.8594008365953804,0.3314164039612225,0.07909497226421162,-0.2853332442104296,-1.2353647891120003,0.7785337011430769,1.9756236780822571,-1.2457308160225216,0.9668433767683817,-0.4302384532570449,0.039601907959999995,-1.4973500138151905,-0.3364975603573438
2022-05-25,0.8587758666170131,0.3622181216110935,0.12481079770057545,-0.3065620614908721,-1.274217902847332,0.8106587973371455,1.9319249506303684,-1.2940397454288974,0.9386771623661239,-0.39526221766771213,0.0009344131494051013,-1.49197871017539,-0.2659394718015214
2022-05-26,0.9946141005660721,0.46370263507946785,0.1866791050758342,-0.28641090549680887,-1.2832333011380574,0.8497671456514795,1.5705242773005257,-1.4469835671125146,1.0266751027103547,-0.40216734207495186,0.19683735980874364,-1.546041829633993,-0.32396278073615253
2022-05-27,1.0475537809029232,0.6786397092897825,0.10395260388733804,-0.26358200638696105,-1.3455407608266496,0.8334897825084268,1.5144408280032922,-1.5442971670693457,0.9674684382821424,-0.4620543763455229,0.21061100585233228,-1.3547966097531798,-0.38588522834457833
2022-05-31,1.1636945568026114,0.6649664111539785,0.1368266528069107,-0.21915892053865685,-1.1096103582007961,0.8350936561818603,1.4416965580935974,-1.5974664780024912,0.9734622339939476,-0.4159122005226173,0.11789333169158901,-1.4755135819241139,-0.5159718615358195
2022-06-01,1.1583191020032775,0.6750823424621282,0.11138942011268789,-0.506486859274575,-1.0480227370632658,0.7177452689485808,1.5625232128803102,-1.5727051060469046,0.9718364319619646,-0.36979306723744776,0.24934928417664184,-1.4001083859251355,-0.5491289069982619
2022-06-02,1.0197401914182154,0.669432933682411,0.12420797796386927,-0.5474301840982783,-0.9514392246740253,0.6945805926519397,1.7231574726424845,-1.5870535715435599,0.9663871487844133,-0.326243793842145,0.17583960611134203,-1.384830851378634,-0.5763482977180323
2022-06-03,1.0039670534360083,0.5754030744911589,0.1139958230142385,-0.5453356702307088,-0.933477378326182,0.5827255783910538,1.8762629095800307,-1.5447956676849997,0.9732215445748095,-0.2685796830716088,0.11515417690020167,-1.3627981881376532,-0.585743572936349
2022-06-06,1.048164441269176,0.559741564406561,0.13167020394812254,-0.5828303318408233,-0.9135115987013593,0.5433257890622147,1.852903803004063,-1.5774802069920715,0.9963292659314676,-0.28987664901030014,0.06635660865745026,-1.373068275649476,-0.46172461408502474
2022-06-07,1.0503229592571,0.5693178279429586,0.1588809708836613,-0.6100267619431401,-0.9569889126673722,0.4776820899566267,1.6625555022375538,-1.6086877420240802,1.1643823444924533,-0.21741453666058239,0.25436500832064063,-1.3729857070859537,-0.5714030427098656
2022-06-08,1.0468390250296824,0.5816116531049194,0.19219974685787608,-0.5992110366495819,-0.8788815499015481,0.510447291345558,1.6091491206805426,-1.5491004079442945,1.1653368172960514,-0.07441421532121906,0.29739201436111085,-1.3050561406115868,-0.9963123182475111
2022-06-09,1.0738369796192484,0.5994800923690861,0.24440724775611097,-0.5941493514960471,-0.8073125732176182,0.3755269456652644,1.4186467135007035,-1.689416008573372,1.2133628341256364,0.03554234321923644,0.4467998168698997,-1.3294476201028476,-0.9872774197353011
2022-06-10,1.1105090114313632,0.5803986748949393,0.24107789707247784,-0.6191827057110834,-0.7839529055741601,0.4510700226857585,1.3454527571193458,-1.6529716589612777,1.240647451167994,0.0420050098723658,0.420689017550875,-1.397359276053088,-0.9783832954955108
2022-06-13,1.047259682692942,0.6092051821452211,0.35625609156111626,-0.5937752749396689,-0.7802545482769261,0.3514602586354559,1.192146321366488,-1.7070375710015397,1.303555650284063,0.08322261254705211,0.5587936967100323,-1.3454519068503856,-1.0753801948738504
2022-06-14,0.9421576487090424,0.5794445106835424,0.3607665713684577,-0.5891872614866732,-0.7995851596070539,0.283697721992567,1.2038069176643074,-1.6992731428411914,1.390760855752475,0.10771890231171871,0.6179824653612803,-1.3390892197206596,-1.0592008101878139
2022-06-15,0.9110287488424487,0.5088419719551129,0.31274105675040736,-0.6145148102557011,-0.867848768342209,0.4419273941251958,1.3716307541269994,-1.6683726122231648,1.375964567371023,0.06347038437851124,0.45539547634399496,-1.36310530457998,-0.9271588584926401
2022-06-16,0.9177356948677672,0.5800893832540969,0.3357976894025088,-0.6460810820098309,-0.7930643461710153,0.4086860561225721,1.1574656628756856,-1.7135329291757708,1.4509107063610107,0.10983666183641454,0.5080221182705371,-1.4427750639109935,-0.8730905517229832
2022-06-17,0.8922916968587726,0.5369129461453265,0.3049896495643656,-0.6474427619863807,-0.8381865802133674,0.3630426156951839,1.2027603220753456,-1.7203654534086315,1.5009228286816931,0.20970655419892367,0.4445606361495577,-1.3881101232069981,-0.8610823305537898
2022-06-21,0.8794460638328748,0.5455958626584853,0.35609550119260436,-0.7224634858158591,-0.8286285334794112,0.2797627397514965,1.0602973339020543,-1.73774586862714,1.4936120913992006,0.3398977826882937,0.588515904962051,-1.389274174373553,-0.865111218091096
2022-06-22,0.8076936178117909,0.548074634684473,0.3128742093964846,-0.7087173178514897,-0.8728675845449533,0.3972926418419968,1.1614194715488892,-1.7653453363584406,1.3666172731009691,0.30482319777657946,0.649475407951292,-1.458907785539107,-0.7424324298184849
2022-06-23,0.8523910280101945,0.581117572798052,0.3285843359259917,-0.687255201790683,-0.8452357528405937,0.3066705405841486,0.968617924006842,-1.7740858674233533,1.4434397760550308,0.3297892856821862,0.7318154463984033,-1.459998438676476,-0.7758506487297453
2022-06-24,1.0118083354900262,0.6972353457325016,0.41271175518691355,-0.6819614215448023,-0.8203501068746181,0.31831686344281357,0.8339270238626673,-1.8135625776891648,1.2853311934262732,0.30708277552045316,0.7316982941050373,-1.4650774594218834,-0.817160021236217
2022-06-27,1.0706404609962823,0.7880799380203586,0.35916068767145026,-0.6043294246028952,-0.8822369435867309,0.272341206669044,0.5764185377353706,-1.7802333048724797,1.3657633434063283,0.22967325888855344,0.8564879375503235,-1.440201613396658,-0.8115640844789482
2022-06-28,1.0007956423689057,0.7723026516071455,0.2830118818061956,-0.5717604822828496,-0.8954616143151887,0.38712746947577903,0.7066692069213156,-1.7699235484617626,1.4076044347453003,0.16303396589275052,0.7771759176576811,-1.4797068718427433,-0.7808686535725278
2022-06-29,0.9916564663020385,0.7192805321207569,0.29269849493315775,-0.5561116095237839,-0.9404815966164057,0.3432016459965906,0.827879309346099,-1.7852801877924382,1.4107106339559399,0.18522330244729918,0.7280154649288159,-1.4384832288576452,-0.7783092272404248
2022-06-30,0.945368852774963,0.6308155310725474,0.2896223531388781,-0.5974049017811653,-0.9984805061810925,0.36451249050092327,0.9876670820422315,-1.7846313185448892,1.4539633368614728,0.17972808162357892,0.5777409884280312,-1.4706863525218024,-0.5782156374136768
2022-07-01,0.9153537192061759,0.6286085830226845,0.34606540203608266,-0.4767675128767773,-0.9782515544655191,0.3535847864407157,0.9953033678278986,-1.7823101485637056,1.4408181741976287,0.135707554912091,0.5870119224185446,-1.5229117674782653,-0.6422125266775546
2022-07-05,0.9067584834954666,0.6325383272404408,0.34874101864922746,-0.4258890821380992,-1.0443032604561595,0.2670138842563468,0.9158346943160668,-1.7097662179230673,1.4566910122657224,0.31890835146456786,0.5932917474453091,-1.5891076310152716,-0.670711327600549
2022-07-06,0.8441692549437266,0.5211924722690935,0.3120592723722334,-0.4962714138650781,-1.0529454156535172,0.3759830868767702,1.0425739118330475,-1.7027001895938176,1.4602156474922638,0.3221961538654406,0.5319491828819957,-1.6211805495451437,-0.5372414138770139
2022-07-07,0.7982721487755255,0.6130677113932926,0.3385799106474401,-0.5744835572253145,-1.0458871673770562,0.3278258588086569,0.9384877751808974,-1.7196610052746615,1.4974760173210373,0.18095586444992812,0.686932650186715,-1.6003720115206304,-0.44119419536582916
2022-07-08,0.6890604898883401,0.5009141647328326,0.33013378226544204,-0.6292524412644326,-1.0961639612234355,0.32599387717351436,1.045196155508433,-1.7212651040726163,1.473934249336649,0.2546748047740011,0.6248394606026375,-1.661270294292116,-0.13679518342924885
2022-07-11,0.738643981517953,0.5336723523338015,0.3302806494242727,-0.7267012798627309,-1.081698140163336,0.38549919527607585,0.9430737021528333,-1.7307229719577697,1.4957440845410284,0.27051035056861805,0.5706597263607569,-1.6385012991876273,-0.09046035100387627
2022-07-12,0.7318037207768072,0.5595853650990423,0.37748432196439574,-0.7113492723814249,-1.06057344897177,0.3659606552158988,1.0368978848340429,-1.7052262550291877,1.4120568426706992,0.14928033070914026,0.6335017387636818,-1.682933420127973,-0.10648846352335302
2022-07-13,0.7318674278669027,0.613626963329666,0.38531243517721026,-0.7114365191626136,-1.1180516276370185,0.2914345187724581,0.9513522164225767,-1.6780137592240558,1.4216974892446599,0.10535210465231068,0.7602312660554357,-1.6609112586101282,-0.09246125688740549
2022-07-14,0.6601785152085152,0.5038460179146153,0.3651021470009906,-0.7376581546061367,-1.1271986699580443,0.22895944749458694,1.0395844499215667,-1.6483900037591956,1.4353312889436387,0.07938591724192387,0.8717040141936174,-1.638458071454181,-0.03238689814189784
2022-07-15,0.590861778620516,0.48896969516462374,0.34531447649770486,-0.7525951197675085,-1.1260678009433023,0.17834845774038224,1.0081837610098112,-1.6128457445189486,1.4466658862035207,0.02752885360853051,1.0470869756342043,-1.6180444060625965,-0.02340681318693627
2022-07-18,0.567553982505227,0.47806226289906556,0.3292354078531946,-0.7887196970211647,-1.1449588260317047,0.31016452900793234,1.0495691823445807,-1.5937509924255833,1.427913090108454,0.029545619891913875,0.9746233877537804,-1.6371896997300923,-0.002048247155603579
2022-07-19,0.5403584459606116,0.43722954389965846,0.28235432902213925,-0.7426005876609754,-1.1581428674476475,0.4629992457536199,1.145437983905744,-1.6137517641621804,1.3937918277987744,-0.004509271409767955,0.8126691741788843,-1.6724450668596613,0.11660900702080158
2022-07-20,0.6496376983977288,0.5412087622658994,0.3769387129656261,-0.7084491420700133,-1.1418245195484504,0.29631632300139443,0.9384028893120857,-1.6349850583887982,1.3463969146656816,-0.07299118238642037,0.9819229612099015,-1.7019721996437427,0.1293978402191087
2022-07-21,0.5879974359277258,0.5408445345965349,0.35593839155556967,-0.6911692810620443,-1.1657047671225333,0.37594710723007396,0.9140444033053737,-1.6091752954799126,1.3320720177670777,-0.08286631417033331,0.9777330570210736,-1.7465646590279904,0.21090336945938448
2022-07-22,0.659383809950444,0.5390360248036548,0.40370897487250107,-0.646993157152611,-1.244978952644087,0.3235679547836755,1.2288598962500543,-1.5067624384855318,1.2173610882200763,-0.12839954445291712,0.8952040618871271,-1.7198027095269741,-0.020185008505410405
2022-07-25,0.6315758625295119,0.49056170738049415,0.3960841030524831,-0.6759498535388511,-1.2939175851745066,0.26617441483351145,1.283123531219148,-1.435416809014111,1.2071643574882411,-0.07921205638094303,0.9212249897228324,-1.7269493809718164,0.015536718854008232
2022-07-26,0.6506582923592603,0.5092302774609536,0.2792285832424225,-0.642356999265926,-1.3902007396084322,0.22414136857695452,1.2952306116954047,-1.3722877324435097,1.1405484440293352,-0.126175679151321,0.9081978499046934,-1.7509854879612352,0.2747712111613993
2022-07-27,0.6307064589528636,0.5393860311811477,0.32248651163352904,-0.6932082973318231,-1.393030167164097,0.35513751090331797,1.2979795642799392,-1.3784204422601778,1.1581945509770428,-0.12861781700842473,0.808069260767412,-1.7368779875249145,0.21819482259418213
2022-07-28,0.6552834247745997,0.5026944356815991,0.2905979114903641,-0.7098519853201753,-1.3548711913172486,0.29308149129397604,1.3209626246199702,-1.4222074922440096,1.1445710402084242,-0.03734212748771829,0.7708051819417282,-1.7462100204081812,0.29248670676667327
2022-07-29,0.7432072426834964,0.5433022417557957,0.22187826550646744,-0.7030902014225743,-1.3477442922381575,0.209881029167512,1.2447388908953232,-1.4188169542488784,1.2249412781662863,0.0050330682802312825,0.9294975960999127,-1.6795336442362025,0.026705479590785917
2022-08-01,0.8508167643864016,0.6620079553328084,0.2764883286017085,-0.6239582866568149,-1.2348521597969222,0.14533452459088464,1.0599941970793958,-1.406136841381326,1.1861866289510843,-0.10891747823754094,1.0103773201577655,-1.8125974457476672,-0.004743507279778882
2022-08-02,0.8175613138638833,0.6753529556783839,0.2555879226210339,-0.45954572384633346,-1.2391981647259298,0.12625896581084778,0.9739010280445013,-1.3851806537473372,1.1837918124957991,-0.13671688476718385,1.0580501425297777,-1.9076863108187696,0.037823596861324506
2022-08-03,0.9045000079103791,0.7290085250174304,0.25150929213833156,-0.37929182746509554,-1.2411078698383853,-0.04770757130070408,0.9068195074162863,-1.3906846474149386,1.13540070591853,-0.22676132155511727,1.0735796588760949,-1.9017016959171853,0.18643723621437558
2022-08-04,0.8923245701343016,0.7045478681040321,0.3225034408059217,-0.37651029163387356,-1.2266323256464235,-0.02272547121433776,0.9750404735910008,-1.3399481604198813,1.0696310851041408,-0.24635395903999477,1.039617662441104,-1.9727710292066536,0.18127613698066364
2022-08-05,0.9069361830029105,0.7302303450724814,0.35102226163961436,-0.3587833179944855,-1.2492155359964263,-0.08058338546278429,0.9058940227213952,-1.3923805091760497,1.077755209169946,-0.2696448699238612,1.0002800736123572,-1.93245366485637,0.3109431881912732
2022-08-08,0.9106572062907418,0.6325511265215845,0.3687290671452979,-0.3980963005097644,-1.2998517907342655,-0.06307967012546488,1.0186945393404327,-1.393697429227727,1.1255753761343115,-0.24784052828042172,0.9070610918356958,-1.8833959498749817,0.32269326148456073
2022-08-09,0.8984797620615715,0.5777426120899826,0.36042653633825184,-0.41294517656757757,-1.3188731304459864,-0.0544268849282042,1.1680670239911943,-1.3352833547052838,1.0905562906856727,-0.27107727071056437,0.8558299885833925,-1.8880920480004304,0.32959565160798004
2022-08-10,0.9859996560159788,0.6900434342272391,0.3563724186100823,-0.37828546666165036,-1.2891931117624267,-0.0516086913921777,0.940716794454172,-1.4289773839915776,1.108647225188007,-0.14413260173362527,1.0034302259063772,-1.851949797949807,0.05893729908940528
2022-08-11,1.0301623441246428,0.5551198375137285,0.305837856938943,-0.43131774439505083,-1.2947704176256662,-0.014865082761950157,0.9412416648897011,-1.454518357991907,1.1190854835861501,0.09887090321747571,1.004972012695883,-1.8440388472180198,-0.01577965297393012
2022-08-12,0.9856160711656907,0.5113638463181174,0.21617605990983357,-0.3941750011111802,-1.2967650179910577,0.021121712689535072,0.9981294135011098,-1.4592588885724198,1.0838036783497662,0.09919825249403115,0.9786929089400366,-1.895256964057988,0.15135392836452577
2022-08-15,0.9710239160514561,0.5001883634257223,0.18201157703006457,-0.35768895742770307,-1.2951313283564678,0.055115964384219694,0.9249566752139412,-1.608667278304892,1.0853163879687098,0.3634293997451532,0.9655122947427376,-1.810876655217844,0.024809640744901527
2022-08-16,0.9780710843590626,0.46219861084646646,0.1703550433359552,-0.3233311534579746,-1.2770147300397954,0.047937812108822954,0.9490115577290233,-1.642568001730388,1.1205559055976009,0.4171114526507094,0.9319346215057037,-1.7785484614295342,-0.05571374147565421
2022-08-17,0.8248808219284964,0.39047427416241853,0.05912676850991155,-0.3405405544832088,-1.286422418938674,0.13737661951234856,1.1263226682034055,-1.641534559655507,1.0596759318354159,0.33825426855220164,0.9168739816946081,-1.8113995469088853,0.22691174558747024
2022-08-18,0.7976320289404516,0.3328519429083372,0.09435985095898002,-0.3174146095946892,-1.2673599254942205,0.2576908762530262,1.1828029048353466,-1.6679921638031892,1.134147121142341,0.30883907161502244,0.7593592174012115,-1.8142440181077453,0.19932770294512817
2022-08-19,0.8879447654752606,0.3159040517092214,0.04726795790886053,-0.24975760945877007,-1.2624645579418021,0.42902007328225394,0.9989898492055435,-1.7254450658616531,1.1812511072507494,0.2910157567727557,0.6867891513999721,-1.815536183154531,0.21502070341213964
2022-08-22,0.8530762713145406,0.20680189117991235,-0.009049358074368397,-0.2465135348480234,-1.2861061385148387,0.26285885642347107,1.4269451015455232,-1.6048874677702818,1.093761190139083,0.25679641568869394,0.605338771495435,-1.7769265069781965,0.21790450839904915
2022-08-23,0.8971400980269698,0.18396628627386968,-0.11014424381933403,-0.18789296474256048,-1.3314854569518015,0.0743041226293965,1.50536087501512,-1.569408065848431,1.1529414937136842,0.2500503233647015,0.7253220146958879,-1.6389214055436363,0.048766923186133106
2022-08-24,0.9286232209176692,0.24947689253350272,-0.09673798850939136,-0.19938767105337266,-1.3238799093983409,-0.06449904054411379,1.382172251309946,-1.5964289851114881,1.2008594042906544,0.2034618087658025,0.8256211146567416,-1.6225195084325728,0.11323841057496294
2022-08-25,0.9730142465773511,0.26090099510631737,-0.11176271919158037,-0.30508317623405934,-1.3309870485203656,-0.049559900977509695,1.2841667047093337,-1.5721135035449707,1.2698867195352153,0.2453032098289035,0.9037564566023162,-1.5796489656001218,0.012126981709170469
2022-08-26,0.9909242498923164,0.34846267574619916,-0.037446943727792725,-0.2791935721901148,-1.336569564903428,-0.015467209038934575,1.3704242008373217,-1.5256876441723195,1.232207005555893,0.1368307866146489,0.7536280880031373,-1.6491557926864246,0.011043720069496847
2022-08-29,0.9042970260765135,0.3812088761626134,-0.07271103478515496,-0.3324291957541942,-1.4318359709064103,-0.043242591529774735,1.3897244147287289,-1.5570431853953088,1.1250392449700874,0.11408483512977127,0.6410583985440519,-1.6075442611598025,0.48939344391887746
2022-08-30,0.9590051163723609,0.39436956856855976,-0.09435942568767586,-0.10161179763269894,-1.4753686733664195,-0.11184567569257742,1.5173974654019393,-1.5638490018570352,1.0058704465802817,0.025458254176659843,0.6028370756646221,-1.5592593118258795,0.401355959297862
2022-08-31,0.8662515460781358,0.35380542910506574,-0.11881597519075253,-0.12995973608509853,-1.51077581400418,-0.048233006667962375,1.4648198477501837,-1.5617170959736195,1.0417499065524713,0.12448118587879514,0.6459456828983428,-1.5812052872238025,0.45365331688241856
2022-09-01,0.8493388423785954,0.31781065399806774,-0.13192446091746618,-0.2163089698179595,-1.527055026431338,-0.011015957412747137,1.4746557604728638,-1.5556877439391776,1.0031025172649661,0.08057589303733441,0.6314858848474796,-1.5429748870902733,0.6279974936096552
2022-09-02,0.898673431785897,0.33957908855133456,-0.13269760718483123,-0.17335506753168062,-1.4967444317285081,-0.025486407247313797,1.4950701037979761,-1.5494446480118291,1.071353879679949,0.10042870834677671,0.5537625855774189,-1.566127024951374,0.4849873889161838
2022-09-06,0.8165393456008074,0.3131599203836052,-0.14205929773080497,-0.1475830094608447,-1.5136466770669823,-0.017821338907869126,1.4851698229801376,-1.6155162930385016,1.086211982724051,0.06793610130574268,0.5066152709674557,-1.4902667547325448,0.6512609269757476
2022-09-07,0.8518445285176381,0.35140117429214573,-0.13312769400711688,-0.1618493817493357,-1.5445284518788447,-0.07842783828288794,1.233458648629658,-1.5987370954733255,1.0887862631980527,-0.004899705622730901,0.5582296783369084,-1.5022945387449795,0.9401444127848172
2022-09-08,0.7826537436402211,0.35101659166068716,-0.11064138827345706,-0.17798164977837913,-1.4500932462239848,-0.21069689743970374,1.143782126495146,-1.7332014281459802,1.0465619710067933,-0.014751190722701901,0.5709056775209845,-1.3871824549746323,1.18962814523501
2022-09-09,0.8327469650099981,0.3863809977159784,-0.10187455613457036,-0.20991102189564662,-1.4276771314838748,-0.2703966747108741,1.044375456879373,-1.7352268744043517,0.977432971822088,-0.06001531701631364,0.5816003118799846,-1.3489235989663932,1.3314884713046022
2022-09-12,0.7150146752572237,0.3035827561922011,-0.1706195883129643,-0.2191185409991558,-1.3552397645756142,-0.22777082878475982,0.9284156205889452,-1.6980528319144286,0.8562483119494052,-0.12618664919403444,0.37276517852790536,-1.2068753203864306,1.8278369816517082
2022-09-13,0.7909121030251092,0.2796634376515572,-0.1437486066912847,-0.24802114418467203,-1.3363867911892922,-0.2868264919423548,0.8880427763357966,-1.687126107462811,0.7571692598691349,-0.11437785645376766,0.35388924243823616,-1.1628837491533757,1.9096939277577236
2022-09-14,0.7833928758571339,0.24644801399098665,-0.18169846365757403,-0.25977379578410853,-1.380364926490878,-0.2133124644987401,0.9563872144434973,-1.6859880235787943,0.7645175525353715,-0.10204545243045031,0.2814749713118677,-1.109507323157019,1.9004698214587064
2022-09-15,0.7928836765297077,0.203389711671967,-0.1939443010192219,-0.27553662498620246,-1.3558200890192116,-0.1949450003316379,1.0111288263655414,-1.6741823680392092,0.7012398524303002,-0.10413949960348222,0.24965898457887012,-1.0959433232072018,1.9362101546297807
2022-09-16,0.9138150725592998,0.23597820441392692,-0.1803784643851155,-0.2125425809011938,-1.4016494467880407,-0.170820404833943,1.0796627569530566,-1.80674806862969,0.7324978729164656,-0.08787075780206424,0.34959105936713936,-1.1025100481177934,1.6509748052479514
2022-09-19,0.9663369564675816,0.25748202735444903,-0.1666400301284755,-0.22448814119392532,-1.3535831956959792,-0.19178933738993362,1.0480895449694534,-1.8081513127183713,0.6816522977736136,-0.17317502156461909,0.3799945430576766,-1.0998297896577276,1.6841014587262575
2022-09-20,1.0102357696701953,0.27518388066698596,-0.127419740855929,-0.23126042104262995,-1.3608209667218616,-0.11370249485660867,1.001490247225391,-1.8882415510343027,0.8020248108482233,-0.1304478897437667,0.3550085644022619,-1.1247983113256865,1.5327481027677288
2022-09-21,1.0141953540823403,0.288470392070226,-0.14624806090644643,-0.2139440065935359,-1.34206344953412,-0.14341747573880362,1.0534248386733513,-1.8286305603963733,0.8021711020572362,-0.1589953368770186,0.3511888368792177,-1.1984443543990393,1.5222927206829664
2022-09-22,1.0189646197046487,0.2814615022067423,-0.1397206734314589,-0.22114721760051562,-1.339056274767194,-0.20376455905771115,1.0237516762750012,-1.84086380096734,0.7739634376075022,-0.16825048451412822,0.44532049722272304,-1.1660290641069149,1.535370341428645
2022-09-23,1.034754341018301,0.28801024417235654,-0.12708499256887157,-0.19856099021742596,-1.2917937883283195,-0.22302410616046628,1.135974051274444,-1.8955730674804088,0.7902438418907628,-0.21180437604522287,0.5139880676741536,-1.17997030445456,1.364841079225256
2022-09-26,0.9880492437249327,0.2607665800450446,-0.14863234527420327,-0.2207040334412017,-1.2550190112863011,-0.2769907543305139,1.105191814358133,-1.8871580376016583,0.7489894490649046,-0.19166822337163472,0.49866436428071303,-1.1397146721533176,1.518225625985102
2022-09-27,0.9226748384948188,0.20751261714655136,-0.1719147193447182,-0.23155653320119077,-1.2617295817289707,-0.19927076275914607,0.8691475187247435,-1.8459565557624047,0.7611099497417035,-0.13676868305372147,0.40084874384245395,-1.1120205543403736,1.7979237222402544
2022-09-28,1.0226771011035032,0.2977401420122265,-0.16819654361528832,-0.21706447482665997,-1.2736540689246738,-0.2740582002677748,0.8874278769215266,-1.8475071790761544,0.7575474724832255,-0.2061686508631666,0.5736695501792829,-1.1629859118896846,1.6105728867636384
2022-09-29,0.9711862954250885,0.307890209793587,-0.14842044963382298,-0.22375990493142528,-1.269036028910567,-0.28691156257992895,0.8232154697020266,-1.795857002112828,0.7267836398926256,-0.2184769206151154,0.49562388179225475,-1.154324553692327,1.772086925870432
2022-09-30,0.9376255849963943,0.31078640257474743,-0.10525535833600676,-0.20998860370548236,-1.2839601321652692,-0.2967722282779865,0.7597475380437886,-1.7752035286115895,0.7280000464872953,-0.17438116121219252,0.5352821234724869,-1.211636208121811,1.7857555248556265
2022-10-03,0.949954821326643,0.3265720864285466,-0.10363890350499869,-0.23291354099596823,-1.2316540749976308,-0.3795070874428746,0.7750048394862495,-1.775764607248732,0.7244905830629197,-0.13664103714331155,0.5483130967145942,-1.2359764589505773,1.7717602832651416
2022-10-04,0.9724803105036396,0.26947639788336747,-0.0886584504688993,-0.17457792609816195,-1.1901806964347983,-0.5388384672562253,0.8322048649564883,-1.786922607274261,0.691151591060718,-0.06419131061451766,0.5836474375600565,-1.237065928321178,1.731474784503773
2022-10-05,0.9535735364290967,0.23794688258763647,-0.11351965560199767,-0.13829170916128172,-1.1681991512162273,-0.4977797484115837,0.6565391549807809,-1.7434151995785026,0.7784777350246754,-0.13272114765928908,0.5320553390452819,-1.233220398766942,1.868554362328352
2022-10-06,0.9799052673971782,0.2197058403905775,-0.12780218913395594,-0.13546372306576868,-1.211245117101426,-0.571232613706417,0.8166455699246178,-1.7808497967546486,0.795041315879,-0.12213943163229132,0.6250295583415825,-1.1853457236833538,1.6977510431449057
2022-10-07,0.9237766630763933,0.18458531745216417,-0.13036121832292788,-0.13637046491337138,-1.2051815661937066,-0.5828937776189422,0.8652624824518567,-1.7762989262177389,0.7575716910875476,-0.15008247148045264,0.5672187842077514,-1.1128420218897992,1.7956155083612246
2022-10-10,0.8786216160838257,0.18061068416861384,-0.18845798700458366,-0.1613689369363315,-1.1879658183850563,-0.5869265459979873,0.9116808053763745,-1.7989116400838447,0.7908557185318803,-0.152725771868307,0.5852845150404021,-1.0590019580558576,1.788305319130873
2022-10-11,0.8732427452090564,0.16113773564056866,-0.23483190064185525,-0.16845029972635076,-1.2138414340164592,-0.5869074946419157,1.0034982185802246,-1.8488482640925776,0.7869826398632844,-0.12538105865012095,0.49636649946800365,-0.919843060195567,1.7768756732037094
2022-10-12,1.0094662155356524,0.16441781772643063,-0.24857917877397326,-0.09665859280312088,-1.2432276555723414,-0.5930836017337324,1.0180038928961614,-1.8806975938132118,0.8203689400443565,-0.09640280605509442,0.4716522599941451,-0.9431961161534709,1.6179364187081977
2022-10-13,1.0127417259649418,0.17046645142249411,-0.21424077355926147,-0.15251793191082574,-1.302689065804412,-0.6950199492245275,0.9921673651883515,-1.8895707985504446,0.8897255805092423,-0.05500632741256484,0.6647450603369333,-0.8802190937087608,1.4594177567488331
2022-10-14,1.0382631950545433,0.12142736029860692,-0.2274550637876366,-0.15545964657528086,-1.3145358587419715,-0.7251187510861302,1.0782959775391243,-1.866453363765626,0.9189365183300635,-0.07922965724490737,0.6408987840565589,-0.8343875625650815,1.4048180684877376
2022-10-17,0.9886521002168094,0.0555294658235847,-0.2756812565943971,-0.13942164627997475,-1.3038782138989362,-0.7789681951890909,1.1678586097717587,-1.7779060230275086,0.8421597700008604,-0.08239410966247264,0.7414972030435353,-0.8737647680770262,1.4363170638728577
2022-10-18,0.9552167601313122,0.07057931134271092,-0.2458360111257775,-0.25507369957735126,-1.2873596530856652,-0.7087848100608573,1.0802164182968155,-1.7626812893618868,0.8565668874846445,-0.03079226306535501,0.781000578790354,-0.9572383297931676,1.5041861000242243
2022-10-19,1.0139709170338267,0.04717020715551204,-0.2549402089511225,-0.24946403055659916,-1.3075513394588314,-0.70232382642896,1.035010156104594,-1.7481707053808888,0.8582364828977213,-0.0443335106442599,0.7887392341195801,-0.9414083253686176,1.5050649494780441
2022-10-20,1.1058081829068496,0.08059152437359955,-0.2531705356439113,-0.2399689792413791,-1.3127409812620634,-0.6921264749621722,1.148035309184341,-1.7768055075561993,0.8232223814696228,-0.06528902953065514,0.8734044362491574,-0.958834598384294,1.2678742723971064
2022-10-21,1.0293632183440733,0.06923994300164536,-0.24914857031870874,-0.2723202791994282,-1.3290349507019985,-0.629823322514547,1.0546106127660233,-1.7085117140979749,0.7983930345361137,-0.10892529716828883,0.8934476303764023,-1.0095939481281584,1.462303643104846
2022-10-24,1.1146612731480858,0.15195214149349154,-0.14663945767587944,-0.23583563807369032,-1.2757276069598964,-0.7416760152443848,0.8829437834423425,-1.747432747066965,0.8379944401878046,-0.06475497053207,1.0067279708393189,-1.0958886000424937,1.3136754264843378
2022-10-25,1.1373475455790079,0.16872529736279288,-0.06504218256319626,-0.2076742046249892,-1.2096754258070854,-0.7335993652126166,0.698419156121325,-1.729966937012935,0.8138466894020008,0.04576742301514423,1.0676348063048153,-1.2859825530834976,1.300199750519233
2022-10-26,1.4324025965362606,0.3623513678821975,0.08562303974046578,-0.005314734130048285,-1.2328839235240172,-0.7335059074488449,0.4983396880985052,-1.7550375377046592,0.9573577340189365,0.08457673689974289,1.344253886627078,-1.2785007017189982,0.24033775472338315
2022-10-27,1.4444971525705803,0.33177009136502283,0.029365156987403374,-0.06779206027709656,-1.1756300312634609,-0.8372487239943591,0.6161256961736098,-1.7317244039476027,0.8943812196884445,0.19199201222299953,1.3477042367894567,-1.2763252151992803,0.2328848688842846
2022-10-28,1.4027363483479476,0.22301530071089884,-0.08517050229320594,-0.03319607790344845,-1.1315716882209543,-0.8243388821727782,0.5846646217696079,-1.7517105084938542,0.9732798814071891,0.21596911751807132,1.346987046346316,-1.2885307404914181,0.3678660834756316
2022-10-31,1.2886517834071542,0.341056169325452,0.00864211524994556,0.00023140068267161153,-1.1126385612695835,-0.829750793607433,0.38217149475644807,-1.6568944129759342,0.9890535225787429,0.2633368612476562,1.5761489792070253,-1.363955549734733,0.1139469911325866
2022-11-01,1.3121802115033714,0.2657260761072202,-0.030311174217301336,0.08434304890957571,-1.1111778626543867,-0.8449669874053024,0.2949286453707718,-1.6125277697402949,0.9908082231239953,0.3612118921180406,1.6566463862391896,-1.3050491082388314,-0.061811581116044956
2022-11-02,1.414555041709086,0.35571779182730257,0.12175558914765973,0.17393391633730365,-1.138462708197098,-0.8330669683729494,-0.28224725934673267,-1.6561048913324352,1.0820656649211806,0.34499956105387763,1.5953081063591663,-1.0820256292703252,-0.09642821483603588
2022-11-03,1.402922408277665,0.32786135106179,0.06872033801519832,0.22176868548182047,-1.2219892164790813,-0.8815855589752598,-0.21855169486159853,-1.7033971212626782,1.122673639181771,0.3876986965388802,1.5012757827527994,-0.9929196948663794,-0.0144776148649245
2022-11-04,1.397290925238107,0.36700440380786575,0.0831255976539986,0.19085248660764859,-1.1975544838780758,-0.8317519926895074,-0.3710230381436043,-1.6516967042696382,1.1578714303703483,0.4569655057969897,1.529612579871455,-0.9833239475337694,-0.1473727628318212
2022-11-07,1.4243022998788106,0.36939069090692883,0.11314471310827964,0.14973758003945634,-1.1299078692132178,-1.0062317474295424,-0.36198876856294504,-1.5632130738499699,1.109356233155596,0.46028335688082017,1.5681327865435217,-1.0094485367694177,-0.12355766468832004
2022-11-08,1.399457107109375,0.3531573332638781,0.1691779531297252,0.11458194153560176,-1.083305177472618,-1.014091168941512,-0.36245794328231795,-1.4416039056278973,1.0255155952540522,0.47973009290766044,1.7227282207312646,-1.059049679589339,-0.3038403690178751
2022-11-09,1.4895622780270665,0.33145015395822797,0.19621413213737762,0.17294650015662405,-1.009217357313323,-1.0827452042776466,-0.17932625478826425,-1.4415206772437275,0.8878183657011868,0.36654859899168396,1.778746522020524,-0.9484339369731304,-0.5620431203966
2022-11-10,1.4523112352042484,0.27460059201157766,0.16092764698665007,0.04240088302237097,-1.1138487415473126,-1.1377552148237786,0.07580518381351142,-1.3587297017058397,0.8377596824934569,0.4572852484137321,1.8055973064227901,-0.9826783701406279,-0.5136757501507796
2022-11-11,1.4871920314383835,0.2951589725124856,0.20279311613029116,0.10665488775016684,-1.125111662869842,-1.1178044986119153,-0.07485917209189298,-1.2714126889572857,0.8657674697516022,0.46187171148569384,1.7764432570742987,-1.0289815310554802,-0.577711892556506
2022-11-14,1.559253001320506,0.3549380960697287,0.21183714732544662,0.06637747454393389,-1.092218573400951,-1.109210978132302,-0.038498480779671856,-1.305293190508797,0.8257026782946527,0.4943237947761641,1.6933443581290228,-1.0454835967181253,-0.6150717309196085
2022-11-15,1.4938322379438524,0.36953863423312105,0.20684957396938047,0.007213626653308534,-1.0831673552169472,-1.093044331117909,-0.0458304628283938,-1.278441415327049,0.8190264285769706,0.3788023871674104,1.835789811774714,-1.0324090978488836,-0.5781600379795762
2022-11-16,1.522020927739127,0.38602107611794817,0.20051386211723646,0.05150861215657371,-1.1580005204780366,-1.1079855963205916,0.08693379135784769,-1.3774763401976011,0.7638749244906698,0.332344025231814,1.7423652685775461,-1.0734347925862167,-0.3686852382063105
2022-11-17,1.5564676171711658,0.3646246426844424,0.23502931081379608,0.11863573614044602,-1.1815003688056152,-1.1366374361080345,-0.030504830434798028,-1.3472548469120407,0.7459544956912544,0.2695289943752289,1.7686578361839767,-0.9857206137512226,-0.37728053704860026
2022-11-18,1.5189711616526405,0.3539967681930974,0.21313593054657423,0.09384939193277084,-1.1599841766797743,-1.0567183116123908,-0.08529071196920694,-1.3511364175895046,0.7694482248480835,0.3805137106087936,1.8055924907009235,-0.988564661402509,-0.4938133992294976
2022-11-21,1.462948626721764,0.3725128428524332,0.22421914069746657,0.0039228275646910424,-1.1864028851689778,-1.2019338369090358,-0.2817175698993868,-1.2592349189030398,0.7503647873899241,0.3991745880320954,1.9079558128966763,-0.7966581265529461,-0.3951512887216648
2022-11-22,1.4438154683908488,0.39307172910855886,0.23749625802276508,0.08806658878844542,-1.270526366325774,-1.2619518162918708,-0.3271667307944809,-1.2172441493610797,0.9131849454368736,0.23946483713544506,1.8371846387087625,-0.7057975283061666,-0.3695978745123289
2022-11-23,1.4291404776764813,0.43629400300871435,0.27924516411977296,0.13024249908705424,-1.3136897052323513,-1.243193059479887,-0.48119806867373893,-1.2138156018527995,1.0214477135078008,0.15130656232895334,1.767351188084349,-0.6272782990716338,-0.3358528735027205
2022-11-25,1.4797752402672493,0.4350765634680437,0.2764088455291761,0.05267135888611654,-1.3328664005248994,-1.2791140266322383,-0.32282440482449787,-1.265910156849252,0.9905059261094908,-0.027200812985986304,1.7521313765486737,-0.5828016129120583,-0.1758518960798189
2022-11-28,1.4478886082344573,0.22135657300945122,0.01768220419255425,-0.0009577370953442755,-1.3744245944539866,-1.300085388555255,-0.21931054755507234,-1.243340339347935,1.05587998874046,0.005866538826030743,1.8304284837283977,-0.463833441547984,0.022849651824225395
2022-11-29,1.3939478558153668,0.23209019481179186,0.016061374637856275,-0.05991790041790017,-1.7374223156121584,-1.121394620211006,-0.10487773460659205,-1.1690766008486762,1.0530678236761366,-0.07616566339164854,1.7538018294469884,-0.35321038732194243,0.17309614402178164
2022-11-30,1.5716605794791465,0.2844434738552706,0.07706479103683406,-0.3079021300678612,-1.673827736865971,-1.096731402698765,-0.20203050715023443,-1.1193569730539712,1.0357120382945868,-0.06660427978149047,1.686084575742645,-0.3310594948286332,0.14254706603844605
2022-12-01,1.3943960315960457,0.30413720997618066,0.10662499447834636,-0.29048781484688585,-1.7316857810161206,-1.1191276007356459,-0.23173719745794805,-1.0595580390182326,1.118875956872057,0.020266903090907264,1.7267944446754055,-0.41699649868143396,0.17849739106732446
2022-12-02,1.3572106205263352,0.2297180178467937,-0.04604595044529607,-0.4480936727710327,-1.744494966831851,-1.112512084780111,-0.1334527187778109,-1.03532608651682,1.1075739883666045,-0.010171628820791083,1.7726375499722693,-0.2518905160023914,0.31484744823410576
2022-12-05,1.3191200031499455,0.23440613902479324,-0.08581778083729955,-0.44752368273916426,-1.6691103105659446,-1.0687863655659195,-0.15429061364812013,-1.0401872640495824,1.1245582238157983,0.11811535838803555,1.8727235421812847,-0.38176686646962094,0.17855961731579528
2022-12-06,1.2137965847177516,0.20877482147575613,-0.20606906830368457,-0.5201778745711588,-1.748202077618893,-0.9827211744390955,0.04707228585767411,-1.0441060061804224,0.9966932147582258,0.16669555633042,1.9301497015323057,-0.42284458815024933,0.3609386245913636
2022-12-07,1.025502748019321,0.21715752597035873,-0.18177348630096066,-0.5580574068882009,-1.8070222264993654,-0.8600106773642765,-0.1204202234888779,-1.1135611736444568,1.0586608499057004,0.22952838127401792,1.8305276035763483,-0.46603871059555424,0.7455067960359479
2022-12-08,0.9821706050464475,0.319951114712796,-0.10300659402256071,-0.5412201187012213,-1.6208105450095476,-0.906862508031761,-0.29809152617460133,-1.3128592958498317,1.0473689610255381,0.21139883092215503,1.9079544331099603,-0.3608270950300553,0.674833738002684
2022-12-09,0.895406528931297,0.3277440926680125,-0.11067720270617963,-0.5557207650929014,-1.6490322670496498,-0.8137379463903661,-0.42546622830510433,-1.2898329129206536,1.1073730920616567,0.2526815859672269,1.8870767399595783,-0.3707601812215091,0.744945464098597
2022-12-12,0.8263208036244054,0.3199870242357261,-0.12609400799341955,-0.6230245149071911,-1.581861392552795,-0.8407549950761412,-0.43742352938466283,-1.2961374253092919,1.0922709035577964,0.24253421356024507,1.9696677129065132,-0.27049508835046565,0.7250102956892799
2022-12-13,0.8319623356096747,0.26925172878413894,-0.13911717473051893,-0.5184095742584887,-1.6614997638538203,-0.7203908703813197,-0.510842951062937,-1.331112614070136,0.8471000484975378,0.24447507648990874,1.7429418360685984,-0.3555998850959385,1.3012418080033026
2022-12-14,0.8619348711676473,0.21544261334010917,-0.15861862464943705,-0.5067373815180396,-1.8447835270414716,-0.5809495208586237,-0.43396067130651467,-1.2230986138053102,0.871110691255962,0.28425089760702543,1.6090884407728927,-0.4590299971992241,1.365350822234985
2022-12-15,0.8076392399079675,0.23382276420950773,-0.14263687256089108,-0.5544080328561192,-1.752725553672544,-0.5894759052495371,-0.4786719677462368,-1.2922659016164404,0.8291475872317476,0.26426388671649953,1.528430150462821,-0.4001196844958674,1.547000289669092
2022-12-16,0.7814124287595514,0.21071157884743652,-0.06770849624876898,-0.575572655030702,-1.7190348638045974,-0.692508157875019,-0.44157440404351417,-1.2203071682214068,0.794691622711949,0.27913913874657925,1.5748324365314954,-0.4920868420478268,1.5680053816748265
2022-12-19,0.8893187275532788,0.3052454421916847,-0.025224442792242313,-0.5669038065837866,-1.7422496967419583,-0.6376571447816872,-0.4188380734894683,-1.2395313151048502,0.7929236170890638,0.13460986364855893,1.5401195544931905,-0.5533330228141327,1.5215202973323523
2022-12-20,0.9886738068678194,0.34293711281251316,0.053449492299854254,-0.6104266603777493,-1.7027678418777312,-0.5792327908579001,-0.4575078280132645,-1.3814061195823422,0.7207170831322879,0.142710352792319,1.54562345017649,-0.4824276838715164,1.419657626499219
2022-12-21,0.965627709422935,0.32750606005654065,-0.016984151498454725,-0.6044084321832667,-1.637740796292698,-0.6382082169254364,-0.42887648657847594,-1.320996243434607,0.6182852148259839,0.12802164302522676,1.4540023830314779,-0.5180688910004053,1.6718402075511802
2022-12-22,0.9599974586031303,0.41291356019933767,0.028479125764835158,-0.5651252594812365,-1.5905943667946336,-0.6388987176555077,-0.593693813759734,-1.3426607468437866,0.7635683677880091,-0.1243726734439776,1.6287088889250068,-0.38555582667650967,1.4472340033750672
2022-12-23,0.924417987569343,0.36938783277873144,-0.005091293120476131,-0.5610510024794358,-1.5401009962433185,-0.5564789155671476,-0.748035782528529,-1.3271145676113039,0.7739319374665699,-0.05096708756412748,1.5843967129328906,-0.4149832751954172,1.5516884495622216
2022-12-27,0.9197934090192872,0.38083053201621725,0.023325739429112237,-0.5372800307777944,-1.5443311783248153,-0.5024408244570129,-0.7016155764687515,-1.2894621983119432,0.7314474336289593,-0.17292727115376738,1.5650318084585797,-0.5032695967035458,1.6308977536454752
2022-12-28,0.8139789462133656,0.361164621276773,0.030544345028115514,-0.4774468643488716,-1.549346597446181,-0.5918492580902616,-0.7074095304163921,-1.2562164173432364,0.7125481675035304,-0.13980104041409291,1.6290188978819775,-0.4797793466223178,1.6545940767775928
2022-12-29,0.7867557978334361,0.3394242120125962,0.052403557411596705,-0.4440524457529505,-1.5689786840146165,-0.5782413554923018,-0.6646890098159115,-1.2292088332506712,0.738940730898206,-0.19055844132928576,1.6956710020416323,-0.5399288689060231,1.6024623383642929
2022-12-30,0.7362486658559745,0.34102147885124257,0.05075036245415729,-0.44412416921893705,-1.5364091823646362,-0.562373670479165,-0.6691473983204581,-1.1973622783049456,0.7455255398252151,-0.29655657324841056,1.7391061845660323,-0.5298264716911483,1.623147512075077
2023-01-03,0.8123021210016805,0.4367087470244781,0.1021387072281296,-0.4783642736859387,-1.6042716745783356,-0.47796110596560426,-0.6095086982293798,-1.3181052650083556,0.8739801856528855,-0.25477926571673615,1.6192833359238061,-0.5862297388759168,1.484806925229285
2023-01-04,0.8210381766889467,0.44073727314901734,0.10315519743271434,-0.5217568596450369,-1.6007897473429409,-0.46988737713725626,-0.6228045703381422,-1.231222273895669,0.8570670401744683,-0.39050116373941607,1.6246523265619126,-0.5403996132172496,1.5307115913086524
2023-01-05,0.7339407140509399,0.5003000332035846,0.12810122042858635,-0.5571549474482521,-1.4732491724861816,-0.516109856445935,-0.8752679436314146,-1.2358850117875257,0.8205633696090353,-0.45076316416649687,1.628405494167885,-0.2959999960676804,1.5931192605734525
2023-01-06,0.7883089962164187,0.5286116836485105,0.14399401770153486,-0.5680978940550468,-1.4455494907206963,-0.4490678340231133,-0.8963809160411813,-1.289558727772008,0.7339452662054892,-0.46683683201285975,1.664898028034345,-0.28892159743778967,1.544655300256395
2023-01-09,0.7350763230553264,0.5436897334294081,0.1672624643400477,-0.6372375116446596,-1.528195189496728,-0.4312283389374688,-0.8356069118909673,-1.2385584571426946,0.8088964506480765,-0.46956021524384417,1.5940040173657875,-0.2834727295928727,1.574930365110589
2023-01-10,0.7324061610920142,0.5528557788456347,0.10033246893194574,-0.58996319998212,-1.5228507908963553,-0.4459005798169299,-0.8310155012843464,-1.1497587582807403,0.7745023384530427,-0.478087028167575,1.5559692204614564,-0.39158602714974666,1.6930959177937206
2023-01-11,0.6720518504689345,0.49520679531308076,-0.020238354505566287,-0.6137777034436478,-1.5784489532101114,-0.26676674087481056,-0.8415143981108926,-1.1969094596004335,0.8790046276487532,-0.4664356633789183,1.4441500037511317,-0.2609461916073628,1.754624187549841
2023-01-12,0.6712975013462861,0.47842345580265716,-0.06517892808543821,-0.6039246201765016,-1.5117653778293536,-0.2865428321275574,-0.805447105571419,-1.1565606349456823,0.979056269801129,-0.4396583895813251,1.4473570057505247,-0.47491880402225867,1.7678624596389363
2023-01-13,0.6235721339566139,0.5331373988300216,-0.07916174781431352,-0.5994496995663031,-1.4849500568376686,-0.23848485321017826,-0.9223806774436134,-1.1015484639621334,0.9954837159526744,-0.41245029757185175,1.3592976514717767,-0.5082828799677828,1.8352177761627553
2023-01-17,0.585454882730548,0.5062575910721708,-0.07922240663127143,-0.5704446755570175,-1.4121456365274303,-0.20636064332712387,-1.091383558118716,-1.0403770540459283,1.0339442255663325,-0.4685864813119845,1.2883506234819486,-0.44593448953876497,1.9004476222072337
2023-01-18,0.4640498261691571,0.5229678997354397,-0.11635176204038182,-0.5710482611211355,-1.3253617163067368,-0.19465850838793977,-1.0031038818431997,-0.9912296803918741,1.0350493566155508,-0.5481125689347968,1.0943635020507616,-0.5032928818651983,2.136728676320351
2023-01-19,0.4004303038989972,0.46642215547080745,-0.15068236170794028,-0.5620800658745991,-1.3218612679982378,-0.23469829793816288,-0.9306466193129012,-0.9803810649030954,1.039481303817694,-0.5935554189467537,1.2035497978705194,-0.4695211635794702,2.1335426992031428
2023-01-20,0.34773840616914603,0.42081739592278317,-0.15609667928603677,-0.5756691812502023,-1.2475823673875224,-0.24451507390441363,-1.0130167469052738,-0.9237609387095783,1.059819522112319,-0.5345344126702584,1.1171874017524914,-0.47848937178605305,2.2281020459426024
2023-01-23,0.3961987996202958,0.3931072175151067,-0.17013880379739404,-0.6004937533479654,-1.316677802554042,-0.19149567009404045,-0.9554485074354416,-1.0152169359061043,1.189295834321368,-0.4670983452743965,1.1664115310639904,-0.5098063683626142,2.0813628042512375
2023-01-24,0.39715764240482027,0.39855315729613766,-0.14569932520508305,-0.5538589781142739,-1.2918011220320302,-0.14996955573223109,-1.1184213319550302,-1.0543517927878745,1.2293287841523495,-0.41035103582498617,1.1324941639230168,-0.46391147571110647,2.030830869586297
2023-01-25,0.3649716102353578,0.3447990808513105,-0.20034508340022145,-0.4945740324754357,-1.2897608121969246,-0.12802882859434592,-1.1323685509666839,-0.971394758616565,1.2878555371926923,-0.42037583926832667,0.9658434642637707,-0.4650766933777556,2.138454906353126
2023-01-26,0.41518792279434874,0.37064027607025923,-0.16446785309853487,-0.5124921794881945,-1.2764776292956392,-0.217934735334907,-1.1812410438339522,-0.9245935140661857,1.2970259983947245,-0.43826817242928306,1.0906832142594334,-0.4980310126585336,2.0399687286864654
2023-01-27,0.40610503397376735,0.4266866340671614,-0.09488237549554643,-0.46531763348538785,-1.3156950317117797,-0.17835182801136515,-1.2801913679697334,-0.9674002268394678,1.3421624341011449,-0.40106884872082366,1.0760614076900439,-0.4814725943817687,1.9333643967837544
2023-01-30,0.43316928334418264,0.38292184106692484,-0.12368635998708959,-0.42895780075136586,-1.2139428087252255,-0.3403114033895052,-1.3993963774241607,-0.9257486047254397,1.2387994102771431,-0.3681552247373905,1.139185627464625,-0.38098306367517504,1.9871054812624782
2023-01-31,0.2661602378731633,0.24147824735787732,-0.21127899898469227,-0.5095694189671046,-1.223588099944464,-0.3092955146907093,-1.16671101236957,-0.8476810534060949,1.15487568075265,-0.3566940825459614,1.0180515740622291,-0.35197377133291763,2.296226212195596
2023-02-01,0.12837737377949437,0.21641356628825398,-0.24891315889036983,-0.5395355932508669,-1.2274077155857137,-0.3351650328186561,-1.1046343154516478,-0.839457137987368,1.0991205052710156,-0.3260106365188948,0.9958068659874382,-0.2044060071452501,2.385811286322565
2023-02-02,0.18447433292802243,0.3040567961404868,-0.18804066389431193,-0.540577739616443,-1.2318585967412352,-0.401132371505794,-1.1915320827802394,-0.9041491328935818,1.1090780146103265,-0.3433977404200641,1.167366993900219,-0.17536101646690908,2.211073206739523
2023-02-03,0.11799202124210113,0.36007675894525754,-0.16340979346421425,-0.4713596069513517,-1.1523258499865783,-0.41759674925866097,-1.3173580260095519,-0.9249339139598112,1.0566087688112507,-0.25701136899522015,1.1961018441427467,-0.22880062937154821,2.2020165448555837
2023-02-06,0.09625613129146207,0.15170347501293135,-0.377333155693865,-0.48805459021456826,-1.1223345165895673,-0.41548302958251243,-1.1887498918447628,-0.7525754113957295,0.9700131452685068,-0.18748293066758898,1.12480055333647,-0.23537016017248316,2.4246103812517084
2023-02-07,0.031182741971802527,0.0987894362751817,-0.44841197217661777,-0.46290124763664114,-0.7116316856143,-0.47221059279897853,-1.3356137954709393,-0.8125297841711667,1.026048535990027,-0.17883481275299853,1.0788079254543843,-0.2774253997458661,2.4647306506761146
2023-02-08,0.12153125980488078,0.07092116579652466,-0.4372751379924647,-0.6805620861536957,-0.6715710766201276,-0.42939735201669016,-1.3655851150841491,-0.8778355195798755,1.171219701063075,-0.07203938221979135,1.0595208677452492,-0.23426494334926676,2.34533761860633
2023-02-09,0.08992798482307339,0.09044031642762518,-0.4052341018839769,-0.7085145634567592,-0.6222774383571035,-0.4042231312538562,-1.3103053814762093,-0.9090646585930597,1.053848488005663,-0.13720016657202574,1.0029086216755145,-0.19967298554940133,2.459367016210514
2023-02-10,0.03536166814060263,0.06144337617058346,-0.38122770476282086,-0.6576352456897583,-0.48922386063203194,-0.38150801453768046,-1.2639345494626557,-0.8261384363211492,0.8822453734989395,-0.19916489978418725,0.9226440932189068,-0.3421546063787738,2.639292806540025
2023-02-13,0.09513679955414915,0.10992406533082413,-0.327156809177309,-0.5356541774590353,-0.5989128673701976,-0.49941272536540987,-1.2496796744691734,-0.8558507595701624,0.8909007061476645,-0.2621401801051166,0.9791571479539006,-0.34317159198165864,2.596860066511526
2023-02-14,0.0749078581592825,0.13595723548648472,-0.346393885025253,-0.5488791178149597,-0.547992060355797,-0.4070551628735967,-1.207203442180961,-0.8346545438091271,0.8991946177484091,-0.4275575081690977,0.84455442943298,-0.3062543870200612,2.671375966421695
2023-02-15,0.13580163819915084,0.19916046811178512,-0.3344609724228149,-0.5195636294264437,-0.584697512434992,-0.2527730868790937,-1.3782827663160326,-0.9627980177842319,1.1008826919233292,-0.5232992614590904,0.9307966575399529,-0.24313012145631088,2.432363912404794
2023-02-16,0.1563865026633669,0.21284295428753314,-0.39636336413734535,-0.6198512416804419,-0.6085421322622248,-0.16479232615537795,-1.3100961571102705,-0.9712732873795079,1.0766288383072276,-0.5439722380362545,0.9401075494036426,-0.21008032250018938,2.439005224599841
2023-02-17,0.266130948248404,0.2939410046878689,-0.27596111590498706,-0.5359715134670293,-0.572523289057737,-0.32399271209642305,-1.4062547994782544,-1.0960452958635452,1.1648793615361657,-0.6121547592198884,1.240488257571056,-0.2696328398339427,2.127096752878311
2023-02-21,0.32467306007737984,0.2895934053253102,-0.20176896162639657,-0.5922366713017823,-0.4218855206801717,-0.40205019446102597,-1.435825408901445,-1.1132696496969265,1.1990501197324654,-0.5982538406254233,1.3241056482706393,-0.39122379500137,2.0190918088887475
2023-02-22,0.20281136121648882,0.25953224681490905,-0.1710575675601503,-0.685231123543629,-0.48948001409401287,-0.2219616068842493,-1.4843399864505864,-0.8356597472174497,1.1196073291158444,-0.6866150774021433,1.038310976798309,-0.34394041991309193,2.2980236291197635
2023-02-23,0.1286362370682706,0.13478469484096825,-0.24063961509359394,-0.8087898263852495,-0.5571410034993886,-0.027556707326729143,-1.420290520810368,-0.6708315124907515,0.9741041290820341,-0.5969567916648322,0.8162317853209214,-0.26763679049136396,2.5360859214500837
2023-02-24,0.1852768616375509,0.08094499837231887,-0.3317737091008077,-0.8167115497710403,-0.5246614965931063,-0.019023093563402548,-1.3213012127820873,-0.6923047251725912,0.9449117405003279,-0.6410586301532167,0.7458092723572575,-0.21314476448984254,2.6030363087586394
2023-02-27,0.056584591994839055,-0.04884175358878718,-0.5385849782871346,-0.8499587426068466,-0.676217324321897,-0.05219032414981449,-1.2795965668669858,-0.7621880989097444,0.7981349867309563,-0.687510421128057,0.5104132556896531,1.172055665749516,2.357899709694302
2023-02-28,0.18984335890192355,-0.0061126765449917445,-0.5514375059341985,-0.934527838841702,-0.6740017890137185,-0.0705866093536775,-1.2003262020195131,-1.1445167481607117,1.0418689720396752,-0.6600187244929007,0.7272435589790739,1.377757103516016,1.9048151009247283
2023-03-01,0.19487794826023444,-0.06529293462674868,-0.611395212136502,-1.009857636322988,-0.7086315688022972,-0.0489160897749756,-1.0410589930953953,-1.0451155751204546,0.9901332648297194,-0.7438566543392892,0.7894800693006299,1.2738077954654003,2.0258255863626635
2023-03-02,0.29623462910187603,0.005542336306142302,-0.5590215477439868,-0.9130296830095082,-0.6764948161538283,-0.17251071980143967,-1.3647269415816001,-1.0975833715949543,1.1486358848731906,-0.6598402813488339,1.0270788546121317,1.437400578539558,1.528315077801249
2023-03-03,0.24967001902325453,0.018646461445459377,-0.5834756125933204,-0.8868898452645863,-0.6121799115339186,-0.0550632643214584,-1.335003542751912,-1.1276128531604521,1.1941187187936544,-0.7647481243167545,0.867520291934562,1.5873000138013214,1.4477176489441503
2023-03-06,0.09516934553875164,-0.05420740560228124,-0.5788389596227744,-0.8610465621949418,-0.6331069578502913,0.034733078274197096,-1.2373141592317256,-0.9208327919427622,1.0484296333488858,-0.9403795112520829,0.7285677920700638,1.8928703661514072,1.4259561323135552
2023-03-07,-0.05338122193912079,-0.11142757999519558,-0.6312348240985735,-0.8542422266727067,0.04750295819955253,-0.027678383590905877,-1.3438934899642265,-0.6954588878333138,0.8624832041961822,-1.1227595759637092,0.42614120748530254,2.0976045698835195,1.4063442502931955
2023-03-08,0.14024840570876512,-0.13213074512909723,-0.6601225587147014,-1.0912181544612023,0.04439937012391364,-0.015415261477745525,-1.2444148278429457,-0.7980193232208459,0.5681489506052442,-0.7955238495409569,0.389610512004743,2.336339681607773,1.2580978003370558
2023-03-09,0.04363193874499816,-0.10873837560023826,-0.6937751235169815,-1.06014801749111,0.22820867636766387,0.2073152603758888,-1.1490513640854374,-1.036389975121575,0.7197282268463754,-0.7752483642401221,0.2671313444483953,2.408504441759507,0.9488313315126352
2023-03-10,0.12049527592331648,0.07310764866453037,-0.5622364450409599,-1.0315579684505483,0.21943438253525416,0.3386951548945512,-1.200133022329045,-1.0129932546937346,0.6790367413460103,-0.7351974052944222,0.18530910809539672,2.614925712991445,0.3111140713582051
2023-03-13,0.11419222215259262,0.08820807808700723,-0.8347890386204535,-0.965716129984195,0.0525961972926692,0.25799607507101185,-1.041571287429965,-1.0288861553474857,0.6276589763095228,-0.7382595185555911,0.4283474118744973,2.6139466760772794,0.42627649307310983
2023-03-14,0.24031002976487453,0.10563856880314772,-0.983885471384842,-1.2317828384235496,0.011392968235358743,0.3970003840575962,-0.858255355330733,-1.2285611531396552,0.7360095086237222,-0.5556251289760346,0.4658237950846409,2.390125097949694,0.5118095947357809
2023-03-15,0.44502602038363415,0.23516214559822302,-1.0497901065346094,-1.3882653240222484,0.12909728952371594,0.33356102976228136,-0.9645381007567033,-1.4554012251431654,0.9033496990328764,-0.4626508116760213,0.5518591779360393,1.8612808352047823,0.861309370691194
2023-03-16,0.38669990596932036,0.18198035014323735,-1.0645057394112767,-1.3240940937078471,0.03915147452229331,0.35846055399515986,-1.0080063007247528,-1.203103917519474,0.7283764275818679,-0.42508937067437197,0.2416565461046971,2.176067257499245,0.9124069062219025
2023-03-17,0.30804041517400954,0.07546202480293235,-1.2459653320593584,-1.5811446477472264,-0.04419381953058829,0.3490304004077061,-0.948175622582553,-0.51202413322185,0.6355128988816681,-0.5151400554044903,0.34497960863306537,2.2240567945324075,0.9095614681142785
2023-03-20,0.35938080142530765,0.03721584344763199,-1.1056342255033857,-1.4930888548699788,-0.27574790690306267,0.0732374756082687,-0.8869534101451141,-0.34848329341796846,0.6730472025375991,-0.7865036118115332,0.4803602359399518,2.256683633273597,1.016486110418687
2023-03-21,0.5284451370980894,0.12555018585571845,-0.9906059600340771,-1.5357458524441212,-0.283025703851535,0.07908948862369831,-1.1016380567792385,-0.5362237987132319,0.9291539387182235,-0.7594055926880386,0.7554008922269556,2.0569740123729243,0.7320313096146326
2023-03-22,0.5117740660185518,0.10310466100609607,-0.9361615838968594,-1.4747177873124404,-0.30734503022177473,-0.24423467440891564,-0.9532899085715807,-0.7899322677210207,0.9360964502606507,-0.6037603768401106,0.8938088902109984,2.0829325497012516,0.7817250117751542
2023-03-23,0.42769124802480096,0.1334313789274188,-0.909209672174114,-1.4277960337844644,-0.09576789530104889,-0.33209875155364404,-1.094051534095105,-0.9189597194083903,0.9436749176210395,-0.5211430919205512,0.9929570341590809,1.992867787145781,0.8084043323591982
2023-03-24,0.431152825398915,0.13187244983157856,-0.9018469130964113,-1.3286433719360955,-0.12905419027464954,-0.1680235811854676,-1.1834064026358049,-1.0469557747057983,0.8838006434066102,-0.4971582208014647,1.0776796024074327,1.9813016290382728,0.7492813045528809
2023-03-27,0.22628060708221143,0.10176234270132933,-0.9434604032156951,-1.3109428705707857,-0.17318656275926428,0.4376984129474183,-1.2054201768576014,-1.1373929312674844,0.8249149720580987,-0.2942026599870247,0.832238176704292,2.1612422885448743,0.4804688046196325
2023-03-28,0.2308734420163687,0.12331446900830045,-0.9229433885811424,-1.2306820436679569,-0.14912365547258719,0.12473983730368554,-1.171551293707834,-1.0571414544413533,0.7467367974006303,-0.28847229869231583,1.034468352790758,2.292316652708391,0.2674645833350569
2023-03-29,0.21386446155852057,0.10631802066293305,-0.9611897120532089,-1.3142597312729256,-0.25868335067190457,0.20070398354582922,-1.0585566147109522,-1.0434824935564893,0.7689804794277362,-0.35179340903053474,1.015240679160392,2.24434946006416,0.4385082268764435
2023-03-30,0.20905540037173398,0.03774045728060444,-0.8412834020216586,-1.2407630337822575,-0.10489795097145672,0.10187399929808287,-1.2022801384029362,-1.1063690503285097,0.8060676303130223,-0.3716568018521881,0.9944847060712955,2.2382173370532628,0.479810846971004
2023-03-31,0.2001196803516603,0.05146637764730506,-0.7556014616124498,-1.224587423582935,-0.1262425441895985,0.07361887462915723,-1.1782916073321124,-1.2393337267404676,0.8890487020519109,-0.388770146727977,1.1574244040176862,2.116499791716269,0.42464907977155425
2023-04-03,0.18954618017671565,0.09459297472136553,-0.7560450234144414,-1.2574926486781857,-0.12868631425909763,0.2793072777867964,-1.4198924679658924,-1.1498679860045782,0.9710901493724348,-0.3822263304585966,1.1173848501323043,1.945478256522607,0.49681108206857105
2023-04-04,0.25032497756890654,0.06885182458235277,-0.7986872722815883,-1.2848548345329744,0.05261390976000939,0.2823870261958123,-1.453179365761794,-1.1543288420728146,1.1035248966852347,-0.4724443191970487,0.9422996714869322,1.8456805247406305,0.6178118028263409
2023-04-05,0.3788466286109325,0.10717914144280558,-0.7676473007474751,-1.3466261602432663,0.019527594647569462,0.34923118396834696,-1.5500699630194201,-1.2067194975081117,1.1853932148757693,-0.367394569268941,0.9937991322099814,1.6039528554533977,0.6005277395784105
2023-04-06,0.34707182702036576,0.13270257577280192,-0.71762988957933,-1.2590025731914394,-0.006642320002795308,0.3322169924739661,-1.6031373586896378,-1.2038817250833471,1.1786412915520708,-0.3719123449703479,1.1272956058803547,1.6321441282474602,0.4121337905698769
2023-04-10,0.31891366038393987,0.03888410091067278,-0.7514462326526415,-1.2548197464852109,-0.0960553290931479,0.6009850440586757,-1.625839990193367,-1.188885016943199,1.2289531572126449,-0.24744595742602052,0.943523932805337,1.6496704652077974,0.383561912214522
2023-04-11,0.3077981306053774,0.14825713452288744,-0.7515990105068523,-1.2412265115487702,-0.04278355117714676,0.7170225550192157,-1.6793202171826627,-1.1873379919353355,1.2274306017663221,-0.3222844923697171,0.9173912429330467,1.5706489562113213,0.3360031536623142
2023-04-12,0.3276157831594764,0.13993755047771028,-0.7519023336873614,-1.2457033187449025,-0.009393215716882775,0.7662154961733888,-1.6909539732276695,-1.2596333926143304,1.280390285522294,-0.2767829190558742,1.0372919256292872,1.3487489967592605,0.33416911532560123
2023-04-13,0.36825355866434034,0.220538712325987,-0.7788780572320713,-1.252065561663215,-0.056011154364233845,0.9478219713063543,-1.7409013623314835,-1.1338130091161618,1.4056458569130623,-0.3991133191813352,0.9794351377987429,1.102785464885563,0.33630176199444933
2023-04-14,0.33580439616299995,0.3199059016461031,-0.709462748832256,-1.2493373354968007,0.17722830832732012,1.2537249569961668,-1.5920236865130746,-1.2738542316050183,1.3484713763412104,-0.5565693366406197,0.7280274752835041,1.1382873787161836,0.07979754561428076
2023-04-17,0.26995712167459984,0.4405869109825759,-0.6048395895198977,-1.2103601904741137,0.2986572243807346,1.3784143700736622,-1.6833148931295117,-1.231255123068533,1.2161273039796314,-0.5812130385589495,0.7032543881577802,1.1135925770653088,-0.10960706156328617
2023-04-18,0.27663604058607055,0.5337789024695663,-0.4903401301967213,-1.1604023606395126,0.44811209820306835,1.4764757437230165,-1.694125170290593,-1.2878772059363683,1.2165012984064703,-0.4165974532179742,0.6909048291834532,0.8848391822873665,-0.47790577457784106
2023-04-19,0.29361378315551956,0.6160551401150145,-0.40927595170464115,-1.152142392581705,0.2303227867672761,1.6234609090230714,-1.666654469609961,-1.2404404510471203,1.2065244574794494,-0.3536486002915281,0.5745159395313817,0.8753252295814359,-0.597656380418193
2023-04-20,0.36503719499998655,0.4689957660649252,-0.47301761461245784,-1.2443127067128297,0.26036468749169245,1.5265686950610662,-1.7079389724726404,-1.1160091268763666,1.2000837483331512,-0.35987439613627586,0.5698114454571587,1.058078738833709,-0.5477874594311197
2023-04-21,0.4018851272024521,0.4647320590283683,-0.3997238867674633,-1.310597972455278,0.2579680277671035,1.5975412073924182,-1.6296367260555735,-1.2133484617075527,1.1647303040140726,-0.37712573016579914,0.6299498560119989,0.9199925396120281,-0.5063663438767758
2023-04-24,0.31778423301292935,0.3727478190578993,-0.413421109306049,-1.269228324023828,0.5618043779742206,1.777031718750133,-1.5473904372244702,-1.2641352720110925,1.040050590851678,-0.4525237976349748,0.577463018377166,0.800831752792465,-0.5010145706160768
2023-04-25,0.13280199673523446,0.31130398803835424,-0.4103435196889019,-1.2645153022827278,0.7265554815906807,1.9683198633823076,-1.7094759827697747,-1.2173629659389098,0.8564346873216644,-0.29499737839636436,0.3184905213734955,0.6229547843099678,-0.04016617367502664
2023-04-26,0.18424056261910837,0.3550481994855356,-0.3411856800925697,-1.2609015457585597,0.7431285131288238,1.9048107450574145,-1.7694857666248511,-1.2343753304817633,0.7442882286691119,-0.3165497871599593,0.20030085920784202,0.7771337210051845,0.013547280944681795
2023-04-27,0.2200311852617463,0.2986119930151453,-0.46890169228885487,-1.2347847772496046,0.7285174604270503,1.913183712788859,-1.683817585217018,-1.2692118842671558,0.8057352036590371,-0.3474268427818305,0.32615348538737,0.7748858733747863,-0.06297613210953029
2023-04-28,0.20203149416585922,0.28204336587713075,-0.5501266046654177,-1.2734833382208284,0.6604470777204632,2.0610285911830015,-1.508535592722734,-1.170925223529467,0.8613162071768306,-0.3722431547921665,0.14792666754494285,0.8322584947925468,-0.1717379845301609
2023-05-01,0.20027614598307858,0.04391149619572051,-0.4934154964173776,-1.2611855909350633,0.8691621322584404,2.2614604765770134,-1.5736994374966895,-1.0100399443132648,0.7767414002392373,-0.13742652015012438,0.04321221539590994,0.35729001430871515,-0.07628689164559604
2023-05-02,0.20114755562839715,0.16047823499712124,-0.5619247688835168,-1.319045723638896,0.2638032188348968,2.212336085422555,-1.5152752630911523,-1.1171514641030555,0.887497918746047,-0.2843303789189309,0.2105594373522294,0.6380321257133074,0.223873021940998
2023-05-03,0.17374870894583544,0.1573526348812049,-0.5406866569604518,-0.9293114461950237,0.19815603100631604,2.401184367692775,-1.5093817052939904,-1.0220209512531966,0.8847654496522241,-0.6330874086352873,-0.08713784088052481,0.6255135943543902,0.28090522268572854
2023-05-04,0.3542380597759544,0.1580136147513707,-0.4723922268838335,-0.840031343243521,0.1052505982841621,2.252034184722386,-1.7287358377391295,-1.0543403852208464,0.8239043667254713,-0.7026096971719945,0.05869653166549715,0.6092710337542592,0.43670110058022427
2023-05-05,0.39786653909943676,0.3141186567625614,-0.41527749368771194,-0.713655583620998,0.22620761344181398,2.303089200000764,-1.787442934688447,-0.9544884434244212,0.8373571580648709,-0.8620745744456582,0.15847860322236293,0.3091781025819109,0.18664315669351605
2023-05-08,0.4036000268603981,0.39152156628993384,-0.356110865338981,-0.640739341624377,0.15145344983538295,2.226624252510635,-1.845227507596903,-1.0598316557218554,0.8643203935005407,-0.7696408793978836,0.4456907175519622,0.29638470428911723,-0.10804486115796999
2023-05-09,0.42221964476623836,0.44864904979550607,-0.24391432741941746,-0.5283875229821324,0.3210869907384533,2.4267392260902247,-1.8016327947087634,-0.9369936259894993,0.696158007659348,-0.7842215455638342,0.12272887047336532,0.07181181802996695,-0.2142437908894564
2023-05-10,0.08599591609719712,0.23225111985380112,-0.5001929153944794,-0.6496375577484236,0.18239161461136244,2.3389440313582304,-1.9241804741192168,-0.6759202211919205,0.5021065230865588,-0.5646808900863755,-0.09149918164492817,0.054020165258395425,1.0104018699197985
2023-05-11,-0.12123205667391923,-0.043993144857292235,-0.6888185283261313,-0.7693842778326223,0.003057337193399017,2.32127058181326,-1.7000329990195753,0.29255900030082016,0.2296706197146413,-0.6558713724525806,-0.40204468487331196,0.16303257671742707,1.3717869482958855
2023-05-12,-0.14439088126203276,-0.04601158657449097,-0.7271542596702729,-0.8012148741357203,0.048622488477703264,2.0088717692617144,-1.8249353157016273,0.3253947428689987,0.10676548605877395,-0.7642658889144999,-0.33337349133863636,0.6817601843323582,1.4699316265977327
2023-05-15,-0.015451099590604346,-0.06700983940757822,-0.8334779473693216,-0.7207262364680883,0.1234392691673369,1.958169037273671,-1.6352369377658647,0.6032161871446364,-0.009633487210136482,-0.8201270129699892,-0.5990501627357464,0.363684303732307,1.652203926199378
2023-05-16,0.13733285820668523,-0.0021899490152838103,-0.7156555348977914,-0.741875682946702,0.11164158289209342,2.240408212234597,-1.5815574849546443,0.2916877228216313,-0.054861771154500964,-0.8527572990798381,-0.5650168695954659,0.2542658839381488,1.4785783315510717
2023-05-17,0.2837543046196787,0.22767793120202276,-0.7688198158744932,-0.7902189964911607,0.15455159015443395,2.231199068545712,-1.6689620409204697,-0.07412465576397141,0.1514914164086483,-0.9461986462564359,-0.3439214644684474,0.20999283115753709,1.333578477686945
2023-05-18,0.3069073086746955,0.13851658423171584,-0.8130010108057333,-0.7650813572430162,0.023017175036740854,2.4666546597439463,-1.5238729094563492,0.006805724523132911,0.17185493547553687,-0.940726872383108,-0.4005306841376533,0.29425706869642193,1.0351993776436696
2023-05-19,0.4070829470073325,0.22775531795521053,-0.7359333746752507,-0.6890200425522255,0.09526988088619473,2.4089676178263755,-1.6306781681740408,-0.14420557004035447,0.15778508443305467,-1.0941631928109872,-0.22019130074745166,0.2464251513212486,0.9709056495708939
2023-05-22,0.4842628733341713,0.2356818958583763,-0.6489970658429611,-0.5199497579995959,0.1163304356053187,2.3713961950360125,-1.8012029520031603,-0.2990939229033656,0.28670226843533914,-0.9628125753917919,-0.37898986127799505,0.190071126891479,0.9266013402581726
2023-05-23,0.6209701146375266,0.2847406542844273,-0.5951866651005517,-0.39390807922248133,0.16714098980859082,2.4460877846036317,-1.8346955730244574,-0.4532580328272724,0.5704430616867768,-0.9171542878996006,-0.3777651892362083,0.15369174399400126,0.3288934782956166
2023-05-24,0.5637079568403639,0.17006606892692133,-0.5447099178283514,-0.4777507411854521,0.05398472226870303,2.525183211454262,-1.6739811031515286,-0.40525518480276856,0.5596908580230278,-1.027954796250426,-0.41697523530015673,0.4128250933569425,0.2611690676484621
2023-05-25,0.4939803292067212,0.07282128048185245,-0.5860606225821693,-0.4764021568982552,0.03881891560312033,2.4981781833959404,-1.6620144908967422,-0.413723328739004,0.8438165516477786,-1.0268191438170298,-0.24681480068818704,0.4183123240343868,0.04590695925158797
2023-05-26,0.2700884850364591,0.15458359664934007,-0.5934527445346821,-0.4604740781811434,0.19445097712821585,2.49473727971413,-1.6847360192606087,-0.38584758822618836,0.456588277979109,-0.8392671279284503,-0.49822195783555717,0.9613798048060472,-0.06982890534667127
2023-05-30,0.342956743345597,0.1925644675688921,-0.48142944218016526,-0.43008481848059815,0.756030209242843,2.1116261106831655,-1.7477414260120079,-0.633230153808168,0.3306484625015317,-0.9095886877926057,-0.5557365642702847,1.2777044580121846,-0.25371935881038565
2023-05-31,0.4156814950857828,0.3202256278838975,-0.4318018224286846,-0.639364335330213,0.7218179225172534,2.0700323799682527,-1.7686854600501665,-0.7389662369704395,0.36781545731960286,-0.7736768948665309,-0.4130561165532094,1.2614694820591423,-0.3914914986346882
2023-06-01,0.3975339964767282,0.3465782844991361,-0.3918869241944585,-0.6843022354374175,0.8596004603308943,2.1121513282332747,-1.7442970766967838,-0.7150535295950433,0.35839158427533063,-0.8076090555299223,-0.19651681723430725,1.0748558922585576,-0.6094459073859892
2023-06-02,0.4114718061723906,0.38706500563119195,-0.4806620074154534,-0.7490967082709511,0.8240972521962735,1.9900369275939587,-1.7089126348903148,-0.6970686892459097,0.21091572200542322,-0.8196345593289662,-0.16801090320499196,1.3429440427029284,-0.5431452539455796
2023-06-05,0.3115619344056551,0.28945106946054594,-0.5237648699293668,-0.8232665670779429,0.8207290811950021,1.886894356042814,-1.6397246174620963,-0.6533924511188111,0.2006101139078982,-0.8911181953017174,-0.2212673826264925,1.5863425406637592,-0.3430550121592483
2023-06-06,0.43896041304366956,0.5238184639155645,-0.49841492025625245,-0.7708702013146148,0.7619799986293769,1.7988355796918285,-1.678190872769709,-0.926356820633751,0.3990306560591523,-0.8552913236517086,-0.01088113214483442,1.4022852871901177,-0.584905127758839
2023-06-07,0.5853775365845802,0.414016538766444,-0.594875506836113,-0.8419307242796371,0.6736510005107476,2.005374792638319,-1.4301309711978747,-0.9893593407603485,0.3970387668953455,-0.7600578036670014,-0.2619905119519236,1.349461883439901,-0.5465756601424391
2023-06-08,0.5664369408182116,0.416675538789996,-0.5692878430291957,-0.8823799844193508,0.6009851781718193,2.0822813313710324,-1.4167919179126123,-0.8241457268572933,0.4181797587682517,-0.7848335858554334,-0.24357555693165983,1.3098297189813781,-0.673373851895144
2023-06-09,0.47736805015651146,0.36178678851960433,-0.6353948531768054,-0.8612303409688414,0.625276577710447,2.076529317475125,-1.585202550201737,-0.04413582404043827,0.2688861417694042,-0.8545029952856887,-0.25392275618437077,1.2895260220158127,-0.8649835777890229
2023-06-12,0.44623928419024284,0.38324885111823603,-0.5112282571566812,-0.6996466022716983,0.4758515985422526,2.0293979391838395,-1.604591023475741,0.03920486479238545,0.29922512846598986,-0.8166895210027222,-0.3133917400831619,1.3792029895876832,-1.1068235118906247
2023-06-13,0.4555735815570463,0.28167225991774014,-0.37278941892553674,-0.5685431893980322,0.6850567514237674,1.8889480114520365,-1.5532674671826643,0.1162713913889155,0.2235202423171601,-0.6669890847869042,-0.4327948528390094,1.4040747651474752,-1.460732990071995
2023-06-14,0.454438933565671,0.32258767925151305,-0.31977094457621213,-0.5108678721298999,0.698239715528104,1.9553190295397145,-1.5571280868505608,0.0250283026817104,0.22502112978816088,-0.6018713169472971,-0.5314912593384271,1.313446896290705,-1.472952206803181
2023-06-15,0.2865658521140609,0.20122751799783672,-0.43786550271177094,-0.512676523553842,0.7583691921808656,2.0829046118309904,-1.5173197550893518,0.06514180470998379,0.16592392554750532,-0.3955523531640674,-0.754660431079446,1.3418917225783298,-1.283950061361094
2023-06-16,0.267706453420163,0.20322833960459621,-0.348139122112836,-0.3866490710732837,0.7859437540482838,2.083135897279095,-1.5736784849156964,-0.04312784576149328,0.1656212776948255,-0.4321734337786216,-0.749571482587976,1.3185359143794877,-1.2908321961965437
2023-06-20,0.22123887036941683,0.14213183735847335,-0.3918194171662061,-0.48685065588651455,0.7240247137754342,2.0572979074835294,-1.587826309930531,0.15238527794409598,0.2422407515950505,-0.37020709837407173,-0.7320423665395869,1.3389399800934538,-1.3095134907225443
2023-06-21,0.09870583554771391,-0.02040027357612342,-0.4673495992067985,-0.5212758897717169,0.6212802200839255,2.061475868371577,-1.4178182041087084,0.610184614489574,0.25502004501692177,-0.23514189673151573,-0.9259272178980256,1.2938951520748325,-1.3526486542916558
2023-06-22,0.15262694361616813,0.025798859629407582,-0.439213241582787,-0.5961028966324606,0.6442655291435025,2.0810240624257768,-1.4012011580504191,0.40256116090321376,0.37717520493224643,-0.17237848792767785,-0.8847574569713136,1.243728793705923,-1.433527313191579
2023-06-23,0.044392493681549294,0.008930727433513069,-0.4649380728805347,-0.65464831836452,0.9241878787276412,1.8364807608055136,-1.444058844856311,0.2545250821122073,0.31407486875430723,-0.29969563560743745,-0.8305102205506232,1.5786010100569137,-1.267341729312219
2023-06-26,-0.0032427987063925567,-0.056729791794511104,-0.5370800519832403,-0.6703549247905536,0.9324386108530118,1.8252435962250544,-1.4860040737815041,0.38485992550312204,0.42827052846308944,-0.2875971567371461,-0.8387236882102984,1.5117289287439213,-1.202809103784552
2023-06-27,0.012944048334082048,-0.0645655630027669,-0.5019010839197301,-0.6173379979394881,0.9637439777629645,1.8969409979032585,-1.3915764893766056,0.13969077512189496,0.4627847040804269,-0.15629467922883492,-0.7313668304123756,1.4262785725943268,-1.439340431917151
2023-06-28,-0.08688753428537267,-0.08495335355073025,-0.5289598208152334,-0.6729252703954384,0.5370030523180492,2.3226131600650257,-1.248506249744898,-0.010030789782768237,0.4909835795738172,-0.15333763755963672,-0.642439161907471,1.3291714977086255,-1.2517314716239665
2023-06-29,-0.20223631136611647,-0.15066641606205683,-0.5821704969132231,-0.6155042416108456,0.46880039909127297,2.1769630673726437,-1.223695402705457,0.18468889665516486,0.6918713580421123,-0.1519286939544326,-0.7515015460670077,1.42853303285802,-1.2731536453400745
2023-06-30,-0.21638623837164495,-0.2038470475030923,-0.612423034301854,-0.5538085373390291,0.4711448354101249,2.2667715736428757,-1.1024109800983046,0.36111000286706524,0.5053757883004371,-0.3151893277303608,-0.8254214562044949,1.4283148360506577,-1.203230414722382
2023-07-03,-0.24988089247239395,-0.2637939034766269,-0.6249402821481899,-0.6102779356279995,0.4435453443384175,2.1484066769599504,-1.0556056521947241,0.3999118820661431,0.5940706850487886,-0.35997503385425467,-0.8324879895133085,1.5763447539963247,-1.1653176531221279
2023-07-05,-0.2405888632638184,-0.2734980969977311,-0.594737196384735,-0.5564762319925997,0.4419787683433729,2.1875877407002786,-0.9886590976312362,0.2785440542915762,0.3946257145613921,-0.361549520724301,-0.8476281798061155,1.6954871873715562,-1.135086278467639
2023-07-06,-0.2865729530897377,-0.2967573219314948,-0.5814129220791515,-0.6038187784062623,0.4216961700421178,2.234185279626162,-0.9506480831332584,0.17468873394035092,0.48798082299366696,-0.304816500998251,-0.8453016126630659,1.6585484676196462,-1.1077713019207234
2023-07-07,-0.28113835073288124,-0.254574782559372,-0.5857660474152461,-0.6017309097157402,0.3471326594222801,2.220143389709573,-0.9187779409697715,0.16059866849635474,0.5547027898024156,-0.4143079456431069,-0.795300514669552,1.6912304838185535,-1.1222114995435077
2023-07-10,-0.31084746286645104,-0.3028035561061542,-0.6015768416245175,-0.6088654007953891,0.3385804240167075,2.1957499260046784,-0.9037718221989021,0.30096994989234804,0.4922781495188038,-0.4545527014081667,-0.8167255943834165,1.7311739640207018,-1.0596090340702429
2023-07-11,-0.2818651540891904,-0.2939367106711247,-0.679531386101677,-0.6569820753575162,0.36060986083345237,2.0975908147332163,-0.9147379704903541,0.1777309656783249,0.5633500834210177,-0.43431111444062276,-0.7446823942574673,1.8450010869539617,-1.0382360062120193
2023-07-12,-0.2691327725599562,-0.2858536259560395,-0.6901181682942221,-0.5867948645655489,0.3523196795695361,2.109964866819915,-0.8624119345500353,0.2436490919356595,0.5571743750957363,-0.5149087953575976,-0.7364831050246632,1.8067521600049783,-1.1241569071177628
2023-07-13,-0.32255146050127875,-0.33953529225092,-0.6923215529539337,-0.6037878471203029,0.3619208929125641,2.0897393891495155,-0.7177270051044049,0.2592192658632109,0.5097149278927947,-0.5398744142200008,-0.7970981497104426,1.8719510043961742,-1.0796497583529756
2023-07-14,-0.38773529393544787,-0.2889581707968307,-0.7274019383506514,-0.5893031425184193,0.3401505867125518,2.119838382195823,-0.750509438396206,0.3196902524760263,0.6361664723042486,-0.6111694732848223,-0.8838401523759217,1.7747593935973716,-0.951687477627724
2023-07-17,-0.4210174226215512,-0.30523523602096647,-0.6853398383505963,-0.6254137828767414,0.24576580322951974,2.027863457113553,-0.7204169585694403,0.35560508352211523,0.5005969690359804,-0.6029749983707985,-0.8758873630407583,1.977513051392469,-0.8710587644427857
2023-07-18,-0.4713684783381897,-0.31749760748859274,-0.6770085021587787,-0.6407348408623372,0.3181844662343494,2.06658991679948,-0.7472790384730588,0.41317568662089665,0.5520471739737434,-0.5927477505048739,-0.8739797684815221,1.86660460496914,-0.8959858622902549
2023-07-19,-0.4774279396987882,-0.2619137123304662,-0.6998752670579502,-0.6993193603983214,0.33753371149709405,2.084632802679339,-0.7929983950246672,0.5567390290805742,0.5452833413753954,-0.6883845366226953,-0.9085596677663127,1.7720221613066311,-0.7677321670398328
2023-07-20,-0.4296486735953478,-0.26265905776366577,-0.6624820254515332,-0.71525077997594,0.3038972273563705,2.0225519461934773,-0.7505561573192322,0.5242014212761843,0.5337142478661077,-0.6740324575988803,-0.8973097325924112,1.868121366923482,-0.8605473253186107
2023-07-21,-0.4167635746444221,-0.26377504386603895,-0.6963311172016776,-0.7289061762169178,0.2963804137749891,2.0797888716213735,-0.6293448671308414,0.43169054817308056,0.5352803613337628,-0.7011950002359872,-0.8475307019050388,1.8498064545044657,-0.9091001682067483
2023-07-24,-0.35193402128378926,-0.1981771868477812,-0.6615837830142057,-0.7469943125953331,0.32357025317594795,2.1323102880550207,-0.6822365434960933,0.13842281781058258,0.6664920688573944,-0.6866596612770394,-0.7814413288427878,1.805964142606203,-0.9577327331481165
2023-07-25,-0.3264045730428653,-0.15074321586243392,-0.605763631908408,-0.6741278778901525,0.39221292503033595,2.1249957305668805,-0.821060690641654,-0.058351023542624184,0.6430031633643718,-0.667025547574606,-0.7665552210658205,1.8409990824279854,-0.931179119861008
2023-07-26,-0.3576119485830782,-0.19252791417837256,-0.5318103896892977,-0.6905845545895949,0.6415876594692229,2.1464126966208594,-0.9242897014712403,0.06726297442094414,0.5304530972715892,-0.6587966673116151,-0.8063951417460287,1.7168282371376158,-0.9405283473510039
2023-07-27,-0.3337732676250396,-0.20334149889702252,-0.5765635465154573,-0.678865795041393,0.59868239276395,2.077887850917425,-0.9944147131996485,0.12280714394498418,0.552578059861287,-0.588185106743557,-0.7841753404275457,1.7787872225755128,-0.9714234016134929
2023-07-28,-0.39026442300192243,-0.20923563320335486,-0.6258166412082862,-0.6288937925342776,0.6901638010815279,2.111933327220261,-0.9371919791805499,0.205316524528552,0.5062883794291329,-0.6259135447254487,-0.8722274502338798,1.7012840986029953,-0.9254426667747485
2023-07-31,-0.3586109305050245,-0.25710040352091124,-0.6814147109329012,-0.6734505714368587,0.6403758715376859,1.9866582183988748,-0.9601075586588239,0.30450384076583,0.5801157781112664,-0.6223515396199695,-0.8158217528604891,1.79958594682253,-0.9423821881012092
2023-08-01,-0.30719859317747766,-0.28270908830045477,-0.6593707943439722,-0.6526539123258505,0.8148677324771626,1.8964067863408163,-0.9214534314114337,0.29253277838238956,0.633166009744993,-0.658678195354787,-0.7482263347304418,1.7456834147069715,-1.1523663720079156
2023-08-02,-0.30541271942680526,-0.2572863494401426,-0.6493840373168197,-0.7757510615032318,0.9029795400043267,1.9593185902746033,-0.94617539616086,0.2565351271161002,0.630557089897131,-0.6539872111600902,-0.7075976424649423,1.6381134902636636,-1.0919094200829327
2023-08-03,-0.32156646184340065,-0.2628737665874516,-0.6376727592184901,-0.805177612034957,0.8820233435814848,1.9300077549752614,-0.8470950327126391,0.2572797339730361,0.6655109417785326,-0.6694587732664825,-0.7272339152674622,1.6685143482376952,-1.132257801615125
2023-08-04,-0.29412800449476395,-0.2118657602448915,-0.5972164011817181,-0.7758265526642122,1.029206846757271,1.9641426568538594,-0.8426708119265304,0.1954943827014793,0.6806043475305108,-0.7174741113155465,-0.7170864330185199,1.5056241005814421,-1.218804259578381
2023-08-07,-0.2845352972715433,-0.15897010350536395,-0.5949199643282236,-0.803958166113536,0.9380375525290342,2.0147919939471106,-0.8478254962031213,0.1229469055987407,0.6521021950643057,-0.7198395097228822,-0.6318881302732566,1.5405497743037608,-1.2264917540250246
2023-08-08,-0.2634009086346461,-0.16563147288931965,-0.5914740247462755,-0.8176649067611778,0.9649368415989135,2.112527279861886,-0.8651219230126526,0.18228795197511674,0.6811338838113216,-0.7441119080757169,-0.61600296059011,1.346682777704681,-1.2241606302420198
2023-08-09,-0.3341745723731979,-0.2515809904548738,-0.6669466446598713,-0.8572797222440179,0.9877616844881356,1.985006302954326,-0.7869196065446218,0.26366522518177476,0.7269389858461123,-0.629668735261202,-0.6482593850293403,1.4609192435705975,-1.2494617854738215
2023-08-10,-0.38207690716713183,-0.27880625539888126,-0.6775383974060083,-0.827706994067798,0.8331730785230456,2.1026872866829747,-0.8172717692191944,0.6871093236108679,0.6579392636819605,-0.5874099589925535,-0.6748171451239332,1.2358879531611933,-1.2711694782845413
2023-08-11,-0.4291146951658196,-0.3390490962265901,-0.6741195502447755,-0.8013294360763347,0.7931605851179724,2.117060269294381,-0.7815994765204982,0.7176130997683905,0.5848898091808812,-0.5523785329138087,-0.7095925889780742,1.3048879155589537,-1.2304283027946779
2023-08-14,-0.4196918048594042,-0.2998334525322394,-0.5855176905027468,-0.7672083029875226,0.7271181979180726,2.164952215457835,-0.7619143456287787,0.7055053184444441,0.5588512380523221,-0.5502264808754003,-0.6595537429430397,1.2575607647319265,-1.3700419142754674
2023-08-15,-0.41888724592783083,-0.27602130455686474,-0.5691999905490036,-0.7493032906341952,0.6927373746199037,2.1596944331234242,-0.7049661575768305,0.6941570963444409,0.5768452172184959,-0.6034240790101788,-0.6712153420086865,1.27344766326679,-1.4038643743094665
2023-08-16,-0.39830344607058943,-0.27821870141398175,-0.6025436437066358,-0.7803838694319845,0.7152174316337421,2.161704012961636,-0.7095672064238492,0.781283746688269,0.6359940297213447,-0.6294661116997793,-0.6487131459302767,1.1495755828913785,-1.3965786792192736
2023-08-17,-0.42137804224924924,-0.21279207215080462,-0.6241902320032496,-0.7828965816882874,0.6878195348553021,2.1125906879701986,-0.7448546683542665,0.8710455016060593,0.575267997518675,-0.6273349905002423,-0.6495665399800988,1.2046133225149709,-1.3883239175390083
2023-08-18,-0.42826920629981996,-0.25710142441530187,-0.6698786128895603,-0.7958560668831599,0.7391134380182109,2.1049871620053975,-0.7677064846880696,0.9108247852227647,0.593147284189473,-0.6271948376732392,-0.6749257656895135,1.1740326417468503,-1.301172912644032
2023-08-21,-0.43773377737099894,-0.2747890878066367,-0.6493009975609927,-0.80182053014818,0.7059982449351486,2.100981215438728,-0.8938041345723049,0.8656836053532299,0.6467782802647877,-0.5356391657200261,-0.6438788800884453,1.200597970754248,-1.283072743478558
2023-08-22,-0.43009912444773973,-0.2607609161182106,-0.642543188990547,-0.8094269111991348,0.7013636072047936,2.028461985932032,-0.9172561310513658,0.9185473886816545,0.6396840923852617,-0.5400692995737663,-0.6400958443973774,1.2558611711987435,-1.3036668296243452
2023-08-23,-0.45916315410282404,-0.3019053509255719,-0.6270941225420273,-0.8187819328096263,0.6486203332025116,2.044675346530785,-0.8640891642729084,0.9798213000569909,0.569027682192338,-0.5280912922501484,-0.694335075958663,1.2984843417480387,-1.2471689108688961
2023-08-24,-0.4685451563384948,-0.2797595350042355,-0.6213086948399327,-0.7900296871698268,0.6150217428960473,2.08914151219799,-0.8811575816898726,1.0261002371865313,0.5839518191554475,-0.5105044500469366,-0.7384745864417073,1.2069389622084832,-1.2313745821134912
2023-08-25,-0.4655762468167461,-0.3573750866931021,-0.5226316742359042,-0.8270216657118524,0.7169083586992363,2.088684399555791,-0.9433225839169639,1.0587519956451268,0.5138750184666935,-0.45551386797864046,-0.7563355902545614,1.1508234340709833,-1.2012664908300577
2023-08-28,-0.4640393104378743,-0.3796286876928194,-0.4988266622524425,-0.804736486599203,0.8140665956701106,2.1048280557484165,-0.9712933176003702,0.9579953784167455,0.5139259807795606,-0.34427794775775256,-0.7341122148527115,1.0966955015561655,-1.2905968849778255
2023-08-29,-0.46396435423272214,-0.3529007673470379,-0.49858425653740274,-0.7924405829810816,0.8426017501831033,2.0003704963103663,-0.8993914745796873,1.1589417629963892,0.4285341043139322,-0.4367593388647922,-0.7298887308369378,1.0924167923053714,-1.3489354007295002
2023-08-30,-0.4792114681437964,-0.39557026588773814,-0.4841371133315305,-0.7521588559411182,0.6545766419351181,2.0018400646290777,-0.8919855334119011,1.441043420786454,0.36789885692925506,-0.4154482543305903,-0.7854493898976503,0.9977131598665387,-1.259111263202119
2023-08-31,-0.4777353330425857,-0.3919795486951775,-0.4996834842391354,-0.7677066858734765,0.6791470711506485,1.990946944297902,-0.907740522288535,1.4392630615391535,0.414491452319218,-0.42933458404764,-0.7886193021962631,0.9754495358802824,-1.2364986048043922
2023-09-01,-0.47169106840683817,-0.4224577945587636,-0.5230900210456758,-0.7637122579973654,0.5601205087718168,1.6999186370285142,-0.8703972327730668,1.1340205287456357,0.3151897305477478,-0.4671075992123306,-0.7583858597611194,1.7739877011978227,-1.2063952725363773
2023-09-05,-0.47162138096614464,-0.4235657802672151,-0.5162404248288877,-0.7357952426359023,0.43304815063269714,1.7620317751111194,-0.8338965036160276,1.0803033332894085,0.30823681551765064,-0.45555174066232046,-0.7575892460805241,1.8173752794512388,-1.206735034945093
2023-09-06,-0.5450705503867993,-0.4119923021121383,-0.5330683372671436,-0.6236835361397819,0.321501882567602,1.9177327862236437,-0.8350020169568044,0.982856531840493,0.2804455747669075,-0.45789955056110787,-0.7340611153067624,1.7998087730037347,-1.1615681396718427
2023-09-07,-0.5731367603136154,-0.4035539796950437,-0.49583593075357846,-0.6170662719274838,0.3824806179324967,1.9601841370549764,-0.8320457483786025,0.913594324167271,0.23334410201021624,-0.4698482103810294,-0.7512762024765729,1.7951736269278697,-1.142013704166904
2023-09-08,-0.5460811083390789,-0.3970179020824994,-0.47477563395359673,-0.6148436768135302,0.3870245827876589,1.952914607690234,-0.8469130167890232,0.8153439342045967,0.21637222482066987,-0.4691605984111704,-0.7422555851737314,1.8627566583716462,-1.1433644863121752
2023-09-11,-0.5145670032813136,-0.37296779665417357,-0.46714164474696773,-0.6214172877142807,0.4561945039435845,2.0009338445787006,-0.8926044839922365,0.6627337844945291,0.2390216622689162,-0.4180979747590006,-0.7045156392649814,1.8353691088883697,-1.2029410737611446
2023-09-12,-0.48910806010298813,-0.3519218766278144,-0.43597901526644967,-0.611475852601149,0.5005105542885862,2.054475316562721,-0.9089432406303815,0.7175421884544559,0.24073060031018503,-0.44325430561056656,-0.7028552898476382,1.701665384927548,-1.2713864038565064
2023-09-13,-0.4671486587386479,-0.3376528041982262,-0.41559783634515435,-0.6136835174573079,0.5010665464729882,2.0847082197129096,-0.9562838059994487,0.792828537843394,0.27962615061111773,-0.4768743125313626,-0.6714169116307758,1.5863437261238569,-1.305915333863343
2023-09-14,-0.5189628727438628,-0.3499609523423891,-0.4060205666114267,-0.6239477408954281,0.4794725118146819,2.180862987044155,-0.966255294986447,0.6916079291074029,0.26772794059572264,-0.40091946291060077,-0.6665519706080845,1.5583187880167644,-1.2453712954804892
2023-09-15,-0.4988449742402493,-0.33899316025790593,-0.3930856684287466,-0.5932601941259649,0.5260604814551428,2.264106736268953,-0.9571097055111942,0.6308385135344227,0.21088964058954343,-0.4127088622488248,-0.7013087105531465,1.4866059634757924,-1.2231900599578243
2023-09-18,-0.48522225725841733,-0.3061318122980936,-0.37943870025149784,-0.6049666875437445,0.5448711327198753,2.312223772604266,-0.9983143233997966,0.6505552336459343,0.20493745294312393,-0.3877779685829225,-0.6703338528044049,1.3729815703525692,-1.2533835601268923
2023-09-19,-0.46304589715912353,-0.26024404935480505,-0.3143555490300722,-0.5777696650883564,0.5273483281284704,2.420180182851158,-1.021293376237517,0.3446260045415852,0.2611014468111289,-0.37467412102678704,-0.6574838540029261,1.350191852871755,-1.2345813033045099
2023-09-20,-0.45983651579003715,-0.2792919098547482,-0.3635315203226532,-0.5704140712300572,0.5288165241925348,2.2540085378559986,-1.0420948170243252,0.41947465794629263,0.2159374894117278,-0.39769965724586553,-0.6709365654835321,1.5808410060129874,-1.2152731584683232
2023-09-21,-0.497514571764658,-0.2756293318096056,-0.3764403388282491,-0.5754393361156873,0.48311603681474596,2.355239616481071,-0.9757312459090274,0.3460107255865249,0.261775819021611,-0.3856226161715548,-0.6723315401265191,1.5041020445146565,-1.1915352616933097
2023-09-22,-0.5313475792353732,-0.28145736820725564,-0.36203121509386454,-0.5767990145164099,0.47552703781794486,2.2890102322227635,-0.9921655108824387,0.42297108161137176,0.2558101418911228,-0.3833674859744678,-0.696189556761942,1.5641362046793015,-1.1840969675507538
2023-09-25,-0.5231885389440555,-0.2949882386003987,-0.351224704134909,-0.5719629495313524,0.5048862542853637,2.2291032596683134,-0.9852338433773846,0.4110735675942473,0.25623796758747486,-0.3759362080757855,-0.738338810459585,1.6298454471260893,-1.1902732031380188
2023-09-26,-0.5230730584555308,-0.32755754671139403,-0.37630202424170356,-0.5643221126748136,0.40120101091961335,2.3116116418616923,-0.9212308819529341,0.3037787879043519,0.20331568270026165,-0.3793680559024694,-0.6996171033348846,1.6778154962768026,-1.1062518363889913
2023-09-27,-0.5203705269231157,-0.3411682679704863,-0.3973535767843949,-0.543922274023994,0.33261076489970093,2.0054503019196335,-0.853660471679353,0.261623267006161,0.15200111743018774,-0.4308430025451204,-0.7179907873978313,2.1000459217280207,-1.046422465659409
2023-09-28,-0.5290535280074813,-0.3598053646566531,-0.40049856496771297,-0.5737403726301572,0.3709554683417882,2.0263774072257292,-0.856469562807181,0.19192776156723154,0.15077971668250761,-0.38814444219531763,-0.7255453208185247,2.0941075905910806,-1.0008907883253093
2023-09-29,-0.5373209898212824,-0.3656096297390404,-0.3866974125955272,-0.5762064001277375,0.4023366652018356,2.019077493541893,-0.8309513245340542,0.2148919842164535,0.1552376208342028,-0.4347161904050847,-0.7451225635921868,2.085893059821903,-1.0008123128013764
2023-10-02,-0.48938428702738757,-0.37335506978982,-0.3920875081492041,-0.6033486628994125,0.32589538500473253,2.0929805536289674,-0.852606118514375,0.2989744827170248,0.19857387900769177,-0.403879760010391,-0.746361361049092,1.9879689856106386,-1.0433705185293722
2023-10-03,-0.4585152980999643,-0.3962971210482848,-0.3922129711300246,-0.5738969039662913,0.32428173746474825,2.0630579272549427,-0.796780966324544,0.03153766881111333,0.2539201891478682,-0.38071838315709744,-0.7616977928895057,2.0882583969430004,-1.0009364830059588
2023-10-04,-0.4148234877521642,-0.3721132000806665,-0.3781817128699162,-0.5611448296186015,0.33698836069584914,2.0302264166534467,-0.8398977362953304,0.04083847801312157,0.17081220912344394,-0.37969941781744465,-0.7686656579151288,2.129882471053724,-0.9942218931903333
2023-10-05,-0.43615841609818234,-0.3734790094048733,-0.39723498510173405,-0.5999731169123793,0.4366103035374557,2.2508964966077993,-0.7336193773922114,0.09888921176676016,0.20840998907855424,-0.4036581743585808,-0.7950493745087586,1.8268063678477822,-1.0824399150616304
2023-10-06,-0.4703443675285328,-0.3649742287593443,-0.39682925639992794,-0.6341248990479009,0.5402307143884142,2.2108687323995944,-0.7589922846553343,0.16511786714748752,0.22004752992582122,-0.4051626567556924,-0.7704975654125674,1.794473880430417,-1.1298134657324348
2023-10-09,-0.5190049214401662,-0.38337769690511614,-0.38701339908354665,-0.6123956788180468,0.5612957260060039,2.1356845432473324,-0.7233088798236839,0.16288993823765766,0.1611693871028855,-0.44084954882144717,-0.7748836183068808,1.9059147255391635,-1.0861205769341562
2023-10-10,-0.5181603163310383,-0.35898310874178635,-0.38590352105142167,-0.6164495362304538,0.5535501847794572,2.1217618024129923,-0.7407531320929236,0.13441747666737677,0.18121758898513768,-0.4438147847728283,-0.792064150804404,1.9271121993712013,-1.0619307021913076
2023-10-11,-0.5433882521624454,-0.36034755306246724,-0.43534278927858344,-0.5854648342647135,0.5596134730987492,2.1203567644735486,-0.6100855876643065,0.1612052315320141,0.1259820608313286,-0.49582044728551894,-0.8557201975137005,1.9459543043095215,-1.0269421730134252
2023-10-12,-0.5753869686924535,-0.35554076090069064,-0.4422547274283328,-0.5981373301939257,0.5246285927041207,2.290983077902621,-0.6455862716582065,0.1691651959535787,0.20880092129066494,-0.44901391199715507,-0.8670601276663824,1.7389278533895973,-0.9995255427034357
2023-10-13,-0.5954780430752762,-0.329785453145768,-0.4368937407515861,-0.5629045974384138,0.6139820259682098,2.304700972295105,-0.6039669097661462,0.14320490756981746,0.23165057793979862,-0.523322683175315,-0.8791819545128554,1.6701075999788106,-1.0321127018863805
2023-10-16,-0.6018991670874418,-0.35191328875701594,-0.4566635606841116,-0.5977222999234006,0.6293162837006283,2.234181011052667,-0.6095113799771755,0.1194414256318444,0.23057025025838832,-0.5053742246866428,-0.8950800785775574,1.7700295600340339,-0.9653745309842152
2023-10-17,-0.6039492487778944,-0.3903930109821976,-0.4307589753142344,-0.5857395241624487,0.5892498922572537,2.109288636184237,-0.5968814976896596,0.13623586319912936,0.23425050723482096,-0.5478502369292716,-0.8608601294004772,1.9294113800639412,-0.9820036556831986
2023-10-18,-0.5792092388692739,-0.4139008176644371,-0.43693138216021915,-0.5629540247348503,0.5508835946639168,2.1344870268918696,-0.578809782519751,0.20591407431402894,0.18405376327356984,-0.5256474048410881,-0.8828860824476857,1.9101122195738394,-1.0051119454799191
2023-10-19,-0.5628521350471847,-0.415805620398416,-0.43379502377726464,-0.6244955043139288,0.562663353511389,2.1067568920098236,-0.6184347731452635,0.15311735967273352,0.2459977059287464,-0.4905185912464615,-0.8577161699275048,1.9333548877753268,-0.9982723810419972
2023-10-20,-0.5732160308258012,-0.4188019691870293,-0.4553621989413114,-0.650908541877345,0.6494031241970118,2.1653161880389065,-0.6153936367716015,0.114266124108328,0.2979045740968992,-0.44704040032630976,-0.8442977438231019,1.813623513847413,-1.03549300253606
2023-10-23,-0.562961763526818,-0.3813701386369341,-0.44883146537858276,-0.6761356048112505,0.6678835409437276,2.122572824206835,-0.6421972448799175,0.11620062337686811,0.28359117559874036,-0.47448115928567147,-0.8281354656847535,1.8560543813909907,-1.0321897033132374
2023-10-24,-0.5623616408438993,-0.3979595545198737,-0.4647632542494751,-0.6971101056573337,0.7710798662403682,2.222823334875946,-0.6194045865355674,0.1138209493903434,0.3944502239725589,-0.48038397736243216,-0.8502898040290678,1.630305111379091,-1.0602065626606578
2023-10-25,-0.5607670016718748,-0.4026984590959262,-0.438776924070564,-0.6942632031903646,0.8854718877661908,2.284791733324503,-0.6270522038506124,0.10639957233558675,0.3513240859398531,-0.5237956744912651,-0.824612890050716,1.4994211456187534,-1.0554420685635642
2023-10-26,-0.582658615648192,-0.4242173821899132,-0.45205400810033347,-0.7260075066331958,0.9682758571502532,2.3525113626422955,-0.5851553180305656,0.13464651580943413,0.33384953734872036,-0.5041527626318971,-0.7955100497739583,1.3400091658170867,-1.0595367957597341
2023-10-27,-0.6004040052568022,-0.41205849007198164,-0.4267597901609492,-0.7134828196214168,0.8553332145123984,2.310162742605595,-0.6621021070594969,0.22472569159254163,0.37563265737599477,-0.4561460648940377,-0.7759352216910544,1.411437792963927,-1.1304036002947184
2023-10-30,-0.6137142385334389,-0.32046139288927816,-0.2872994967454199,-0.6945317249909136,0.979876713845218,2.319646085064468,-0.6844358239358787,0.3095904347801645,0.325476893224974,-0.5689890164209817,-0.8138462867046653,1.2403443998869037,-1.1916565465811506
2023-10-31,-0.6138692644003094,-0.346084062780763,-0.3299416600603497,-0.6679891269049728,1.705758024011029,2.0002726504464126,-0.710025622353114,0.215960053229505,0.23062972917664415,-0.4634107995728894,-0.8480839496631198,1.0279895248118842,-1.2012054959399565
2023-11-01,-0.6744145964238721,-0.36066968659894416,-0.34111874239020357,-0.5150405266379389,1.74806048952148,1.9277116078300225,-0.7005501918140852,0.20536875304393482,0.17410937432671114,-0.49849125349464685,-0.8247022511304466,1.1045899504671945,-1.2448529266992054
2023-11-02,-0.6317372505162061,-0.35460938902004646,-0.30909165451237236,-0.5284420872857899,1.8745264910700168,1.8695357464971536,-0.6884552974663692,0.041741197057439415,0.1422277512752471,-0.4758458791220035,-0.7880884370323393,1.0938176330671359,-1.245578824011868
2023-11-03,-0.6496248724709067,-0.34526610589656936,-0.24437916804672885,-0.46524899875373293,1.8285185507591801,1.8817822583247121,-0.6656191347144679,0.1468022273367586,0.1334681026066773,-0.5412862266012645,-0.8425023461419823,1.0616782322196,-1.2983225186212768
2023-11-06,-0.634584522912784,-0.34594828104278097,-0.24500417982903136,-0.45787417603755326,1.8334584772026659,1.8521414806482992,-0.6386345778345853,0.17944365439227405,0.10061124308156687,-0.5352306068937029,-0.878939352150066,1.0853729768125886,-1.314812135436889
2023-11-07,-0.6102482907252426,-0.32747289170896177,-0.20976271526097118,-0.4479081373803587,1.8823670563126749,1.7325653562005026,-0.6935153661861003,0.2383050261558272,0.12599461030781817,-0.5740465279847387,-0.9249335512739609,1.1236887434136074,-1.3150333118700979
2023-11-08,-0.5732926816958595,-0.34229100832462817,-0.23579634700005545,-0.44857374304296666,1.9121802164179855,1.567155421044103,-0.6266405619485258,0.46442641414483826,0.09018465730447763,-0.63191966078069,-0.9099152243191067,1.152916811604128,-1.4184342934037004
2023-11-09,-0.6060558694534129,-0.41527266154397285,-0.2940379390722057,-0.44387652097568775,1.7439146104211027,1.601897940338463,-0.5506714397426533,0.8307342432361442,0.0451636963988191,-0.6738707316508589,-0.939995077697626,1.1143584956230672,-1.4122887458811777
2023-11-10,-0.6149086232530202,-0.418251577160181,-0.28737299610501216,-0.4198145184986116,1.789263660730207,1.571288130370414,-0.523068134596861,0.746219734155684,0.03402112049964208,-0.6874990937823201,-0.9513333060886935,1.1613470502617,-1.3998914465329493
2023-11-13,-0.603631955031688,-0.4383387505046402,-0.32074097937066265,-0.38434303283318866,1.5234842279262781,1.7710352131918539,-0.4746907799085733,0.8051369300916775,0.1264685870005931,-0.7066943497263485,-1.0012048533128874,1.1362780476033105,-1.4327583051257249
2023-11-14,-0.6059120164885158,-0.41787897889934295,-0.28197718191596793,-0.44314087056227824,1.5468278665956876,1.6486217461115815,-0.478977975685046,0.8147266752281348,0.16153466937933852,-0.694686512635341,-0.9077430361987477,1.2054528674468359,-1.5468472523763397
2023-11-15,-0.6168734088147398,-0.39820014617099386,-0.28404058022820056,-0.45828796189618504,1.6255813164873292,1.6029669822209784,-0.48477572144965264,0.5643820410857288,0.18787064673356674,-0.7333633748014343,-0.8884772106428149,1.3620516896097756,-1.4788342721333565
2023-11-16,-0.6406377966019634,-0.38321937166321773,-0.28473690611997354,-0.4558926947939892,1.5983266233159075,1.4087834670230348,-0.45618508297151444,0.730890829630421,0.13797119900190907,-0.7420541404716228,-0.913933394296222,1.4948724729106149,-1.4941852049633835
2023-11-17,-0.62197762230882,-0.3286868316328947,-0.29355250325884646,-0.4492470682498304,1.6167604190813607,1.3623869555627042,-0.5177137767147624,0.6732753714779348,0.1964043673088012,-0.7282015701867817,-0.8808447469714344,1.5155063859007833,-1.5441093800082109
2023-11-20,-0.6205658037982685,-0.3458034011198403,-0.3267792567560468,-0.42709151311429916,1.5954475586819743,1.434302959680719,-0.6299930488919436,0.6884836161887553,0.16101155748444415,-0.6600868106541418,-0.8792970965949173,1.5048007265697299,-1.4944294876761663
2023-11-21,-0.6437624148515497,-0.3496902721799805,-0.32474232836375594,-0.4077025596620431,1.6324840153100153,1.4526391294040237,-0.6361355489853436,0.7103956010787281,0.1432867718684595,-0.6417218037666585,-0.8575570888207505,1.4337287345414855,-1.5112222355726324
2023-11-22,-0.6616759899947697,-0.35775239578662094,-0.32218782868926477,-0.3982834671254383,1.5610324628021577,1.545238990029845,-0.6232393799923561,0.7409643862507636,0.10398834873490219,-0.6585948202444145,-0.8610677038324152,1.4186105784027205,-1.4870331805551087
2023-11-24,-0.6775193496247195,-0.41688919553511167,-0.31539092678596414,-0.3963887392599754,1.51777166812628,1.527484940620283,-0.5288184428233932,0.8194330534237217,0.07424040227230215,-0.6466893609364188,-0.9102012668365287,1.4375318198909666,-1.4845646025314416
2023-11-27,-0.6518721987916852,-0.2906549517994143,-0.43975301247687953,-0.4281892595930821,1.5292473888050142,1.4144851781199526,-0.502053981206907,0.7824529404631981,0.0565530077406383,-0.6530147841171466,-0.8555645885458026,1.5599357868123003,-1.521571525410185
2023-11-28,-0.6314568998351807,-0.2934563520059558,-0.431526011244707,-0.38875452429598417,1.571175652283554,1.3804573705373067,-0.6107646529876506,0.8250578243642915,0.09439416464300315,-0.6401918759266639,-0.7965936358153709,1.4927246101123912,-1.5710656698290344
2023-11-29,-0.6056762357893459,-0.3170165894338649,-0.4435812982159407,-0.2799703607884385,1.5802639134423142,1.3324276632626326,-0.6156804121268199,0.7285081147159885,0.08838887502351873,-0.6169143166069299,-0.8075388490742743,1.5648493827387342,-1.6080598871475744
2023-11-30,-0.5789983950114379,-0.2871753634997665,-0.4324089071716575,-0.2767611881978327,1.5489427533775024,1.308975170339793,-0.7214293040502778,0.5750943298702076,0.04471041480011425,-0.5674905580693658,-0.826647821893561,1.7382757223993017,-1.5250868528930186
2023-12-01,-0.5664128768281719,-0.29660791104067247,-0.4477570817704068,-0.26502645404555275,1.4910321857286257,1.299472120649969,-0.7058259473073062,0.6052508061561003,0.024750397818550263,-0.5558659314427596,-0.8539052291433835,1.7890357630324798,-1.518139841807471
2023-12-04,-0.5601848622088516,-0.30250457336457987,-0.46031719349677463,-0.22821076586774972,1.4694562380134795,1.2767777879311695,-0.7324694507159144,0.564339955713778,0.007963051084376596,-0.5142645422214784,-0.8107078121147525,1.8365683363074448,-1.5464461690601474
2023-12-05,-0.5861566820856594,-0.3400575879787796,-0.5015637652832413,-0.24305445082422714,1.3576142673158222,1.2995309530317407,-0.6990937079575833,0.9419178656774854,0.008330613113731589,-0.47758669184604824,-0.8715042170899715,1.6880483712912908,-1.5764249673645618
2023-12-06,-0.6178826327539451,-0.35121491376299785,-0.5000435030261312,-0.24106883417186908,1.247196341623988,1.4135440412139375,-0.7167215844909821,1.1343429197342358,0.04008035921619856,-0.42742629866831655,-0.8950255243621621,1.513328434856128,-1.5991088054080842
2023-12-07,-0.619258493392514,-0.34029607422708363,-0.5091561299300249,-0.2046478862999407,1.201195587725893,1.438169398175005,-0.6539125672584409,1.200060325054138,0.022428886899176,-0.44090664644387934,-0.9256697720386746,1.4578736142780604,-1.6258802425417147
2023-12-08,-0.6019548848452252,-0.34576139276934537,-0.5101732067396146,-0.1739590503719961,1.3097440206039852,1.4129153605053197,-0.6550777952344656,1.1783808116784766,-0.0027831274107698568,-0.4895268283871732,-0.9521269786158447,1.4213999429294288,-1.5910768713427748
2023-12-11,-0.5875721468050769,-0.342918409355792,-0.47933990164477097,-0.20397687878443946,1.3161957884461195,1.4218227646955994,-0.6217311085134509,1.073696249021839,0.046451501993141235,-0.5237827722084548,-0.9714341034012508,1.476450500888699,-1.6038614843321595
2023-12-12,-0.5870849113960477,-0.3426912231022572,-0.44653309647898626,-0.22520985620517686,1.402269208782669,1.3439068112207566,-0.6848753082028031,1.1183476772761105,0.0482418911565252,-0.5084569523706786,-0.9651750118593226,1.438803542135084,-1.5915427709558694
2023-12-13,-0.5789241394279,-0.3366101081380037,-0.44458656889295395,-0.22054342618649939,1.2787563333710323,1.287830822814319,-0.7253957629833058,1.1929281768902855,0.015800391412743076,-0.49852098454436755,-0.9686917648738432,1.5602444395721744,-1.5622874090136807
2023-12-14,-0.6042764020716102,-0.3882990615426431,-0.4453208123663787,-0.24998236861999176,1.3399743489835063,1.2220668719793029,-0.5466905609269663,1.1361024643078206,-0.039218810404546285,-0.511535607668939,-0.9555638356951566,1.6287721843284366,-1.5860284103028357
2023-12-15,-0.6270691928962007,-0.4284098062749708,-0.49717975249656815,-0.26804777155520654,1.295953468652994,1.2314457309070832,-0.39766710473194056,1.1163524151157755,-0.047092112708888176,-0.4834547941859209,-1.0053336353769946,1.675610620353984,-1.5651080648031448
2023-12-18,-0.6059239717440663,-0.4407384479703088,-0.4839101831149859,-0.29593046448703214,1.1969791332813196,1.236131906192732,-0.3149451135496407,1.1689318112466396,-0.06744274186266583,-0.4734784478299737,-1.0135266992876135,1.694670183267853,-1.6008169641422556
2023-12-19,-0.5586124637669011,-0.4057927497218478,-0.4263580640193101,-0.2961297669890176,1.2293092179262377,1.280811011039122,-0.4571996978953547,1.160458038044783,-0.11428808796245783,-0.45312869258549404,-1.0390295335621946,1.6594357485941416,-1.5794749591017068
2023-12-20,-0.5605842225557754,-0.43385531565803637,-0.46446278023492277,-0.2825597317284841,1.0855653629947537,1.2881191233763798,-0.39267409636919687,1.28047543502129,-0.1008312491620509,-0.46192423495479573,-1.0567433703066524,1.6660977662269774,-1.566622686649484
2023-12-21,-0.57077071480396,-0.4318931286078256,-0.4781614194273481,-0.28450063624181615,1.0576066644465665,1.2002466733373258,-0.4443712641423012,1.4777272588102908,-0.15173378544896143,-0.4873144394619023,-1.059095496920805,1.6418974752481337,-1.4696371867873956
2023-12-22,-0.583195617958821,-0.4591225614147508,-0.47978927487528555,-0.306143576726426,1.0653437679025455,1.3285746555211004,-0.23554063365287728,1.365221164329037,-0.13646909363209786,-0.4949333484649003,-1.1012274468468377,1.5724768550477222,-1.5351948892284082
2023-12-26,-0.6000193880110832,-0.4335084357183016,-0.44971756208911784,-0.2765683827445579,1.1113308026549327,1.233178939913004,-0.26259333238698596,1.3239081337201475,-0.18996882528201167,-0.48318191721672415,-1.1026022577530379,1.6620773573886771,-1.5323351324749401
2023-12-27,-0.6242805585405363,-0.442614801587894,-0.49109916369770656,-0.262448632592036,1.0789509047016155,1.3479044987152908,-0.11249704872433942,1.2560858256196834,-0.2028244427942881,-0.4795064546095928,-1.1491016390484041,1.6120376761148083,-1.5306061635565993
2023-12-28,-0.6168959653406193,-0.43640426915853403,-0.520668208807628,-0.279222799855851,1.0247157068360087,1.4246905794236984,-0.061491153521335336,1.2587629652958776,-0.2575987185238221,-0.48822635341339937,-1.1459735688991213,1.5965842335348155,-1.498272447570092
2023-12-29,-0.6440335452311482,-0.4697172875892991,-0.5357046273212723,-0.31280357794376795,0.9423591624097358,1.4838633336182256,0.23250866065041237,1.3697409955688884,-0.346194308900988,-0.5759222884615345,-1.168951076274468,1.4514072318297897,-1.4265526723545754
2024-01-02,-0.6120625971788697,-0.47993191259695905,-0.5470875878740888,-0.30352958167041455,0.9028683739475887,1.5230936895628107,0.1165545103326648,1.342469797329687,-0.3374175235475611,-0.5423327655165302,-1.1801351759700327,1.5156725194350953,-1.3981617462533928
2024-01-03,-0.5870773451169934,-0.45236184752539593,-0.5575715756011077,-0.27333674902761235,0.9073965412965171,1.4870953774575828,0.008781937538379673,1.4018633866098404,-0.32833274055008793,-0.537989147869838,-1.1550123643935888,1.5146589286578602,-1.4281144014755556
2024-01-04,-0.5843019490499208,-0.4708473823598173,-0.5671600419008943,-0.2628214294474518,0.8658368375938365,1.4629276250109964,-0.038581752834404105,1.4107895175446419,-0.3306057902315727,-0.5276934109702204,-1.1553859655352365,1.5859077067830527,-1.3880639646030069
2024-01-05,-0.5269298696934819,-0.4886964029460916,-0.615311023777938,-0.3263193688784558,0.743095979946117,1.4921543198555673,0.2725632750682759,1.1256638052876666,-0.31189284112039606,-0.5755914772745067,-1.1641879728239037,1.772639758768547,-1.3971881824113976
2024-01-08,-0.48236883183621276,-0.356318747895531,-0.5472546784477126,-0.2507551734935057,0.7133260638885133,1.5352285608053622,0.21710094119614365,1.0649331252310834,-0.3327493769541627,-0.6967657546898761,-1.1542455523396984,1.7667416722862177,-1.4768722477506204
2024-01-09,-0.480891165992563,-0.320397403495194,-0.5297281193721456,-0.23803785102301145,0.7270299111471512,1.6013470203272375,0.3073577462361482,0.9925078674421212,-0.34077733314325065,-0.7376579497095176,-1.1734546220862752,1.6933103523076154,-1.5006084526383154
2024-01-10,-0.5108206741637942,-0.30938658350416687,-0.43285269485355504,-0.254714999461093,0.7810440691890926,1.585219877877174,0.3107866851288501,1.0109275431680578,-0.3970135722128735,-0.7712805184786141,-1.162917227645686,1.6619016361281747,-1.5108935411715665
2024-01-11,-0.49983116011273576,-0.3048279974232469,-0.47191827136238446,-0.272145390086458,0.8737520707030694,1.4853355445627614,0.18019575052675268,1.0863577604845107,-0.29943717711841955,-0.7266351023938996,-1.1647476255746423,1.66899696271533,-1.555095364920634
2024-01-12,-0.508050444588833,-0.31148353749046004,-0.48004585071829553,-0.3290706003500648,0.7425532125730382,1.3760303294168692,0.18399089054665504,1.0113547973147305,-0.06953942029189321,-0.6626217019498218,-1.14115354010154,1.8319451409684244,-1.6439092753288118
2024-01-16,-0.4936938901309967,-0.32365292834443293,-0.517313361070855,-0.3878247759349105,0.8245287979955332,1.4088839775804969,0.08063238368288268,0.8146502264043967,0.03632343678573301,-0.6358696668955441,-1.0806690031069364,1.9100648856259488,-1.6360600825913154
2024-01-17,-0.47245951998430313,-0.3511211950404346,-0.522126660188678,-0.3793190157643136,0.7972732819304151,1.4149407892720895,0.11765536434477905,0.9309392104876744,0.07747127234809484,-0.5934578772046444,-1.1258381861776479,1.7976524382550514,-1.6916099022780833
2024-01-18,-0.5048215467276225,-0.4175350390371723,-0.5667800181421514,-0.4723460758948543,0.7788639016014164,1.3576858846290984,0.26591032982884766,1.0266409258772622,0.12398169014863808,-0.5405517563922332,-1.1484727186685117,1.7546615738535953,-1.657237151076311
2024-01-19,-0.5199878683352126,-0.3915966860078446,-0.5321427350089045,-0.3844882747979492,0.8538865128241854,1.2455997005286215,0.11270825934404788,0.9894876375030194,0.19103513306592776,-0.5491273509684755,-1.1459924530182573,1.827830449806641,-1.697212324935799
2024-01-22,-0.5556434073676577,-0.3782721839488823,-0.5124571483392614,-0.352890094980903,0.9077725280431753,1.2850872407116092,0.09041250901518409,0.9010186966984609,0.18837190396772122,-0.5627951106495405,-1.1453161893138495,1.826968152564987,-1.6922568964010467
2024-01-23,-0.5739014968200487,-0.37831841541173816,-0.5683551266168134,-0.3562353403006852,0.7855508309433681,1.259521642106024,0.11067830477844573,0.9005400096482646,0.16797057727738893,-0.5713965684933417,-1.1425887971847202,1.961395865240883,-1.5948614851670282
2024-01-24,-0.5344976089850938,-0.35236391832832986,-0.5475305520249496,-0.34200963412407165,0.9243434712431008,1.1824935589323093,0.04536256046023431,0.8586369981159553,0.22995476485600186,-0.6252222077534083,-1.1005614625194748,1.9323897744459426,-1.6709957443182173
2024-01-25,-0.566118327434367,-0.3288245594335004,-0.5378349546141244,-0.2945420499365915,0.9820547820289316,1.0993492564084972,-0.019061576456874396,0.8563568298150513,0.2834658991782086,-0.5616961131727218,-1.1192497099541152,1.9222311460081603,-1.7161306224365516
2024-01-26,-0.6078317525450385,-0.33348456355586,-0.4922718598321177,-0.28926148208067454,0.9406252276212913,1.0345808760792143,-0.06143827977506736,0.9563652001728722,0.2282594390368465,-0.5322594980544433,-1.1215343854740378,1.9677628183356362,-1.6895117399286188
2024-01-29,-0.6067232495941425,-0.33652651318302573,-0.4495377925413088,-0.32626937286030644,0.9134858362501764,0.9718875979725392,-0.06192278196992939,0.8348994634014261,0.2048105958943088,-0.5344894167587254,-1.098414957159845,2.1254349452887706,-1.63663435473994
2024-01-30,-0.5812492347383968,-0.35247328311124587,-0.4616461140465276,-0.32100052297547776,0.8509517178161632,0.940324094158996,-0.20723744686240678,0.8293622176619997,0.18125015307802755,-0.5302699444461816,-1.0442854767067273,2.2501973222259455,-1.553923482054167
2024-01-31,-0.5532476284848011,-0.2923559535789574,-0.4481341442027775,-0.3270050024701404,0.8449551251627541,0.9420964318684076,-0.43183790836975205,0.7965322479383741,0.27482053832001924,-0.5259508510296982,-1.0076814730896806,2.267298757603565,-1.5394901396673148
2024-02-01,-0.5627332482655648,-0.28409485634797255,-0.44671323614912617,-0.3533407195726535,0.8399048588418166,1.07782764879118,-0.38017998256984475,0.7370813012361858,0.2492329593654833,-0.5113032290444145,-1.034118849172565,2.2192765862443355,-1.5508392333568597
2024-02-02,-0.5863117015861404,-0.27369425854507423,-0.43564268912349463,-0.35479905135008705,0.904921348778697,1.1103639884876073,-0.3832498896436542,0.6250568938716965,0.28713442461560584,-0.46884344548815754,-1.011301092199183,2.1878322026626082,-1.6014667304804242
2024-02-05,-0.5371553851118187,-0.2226675968967495,-0.36979073261731815,-0.32576406439998723,0.9577052794722428,0.9924774366638117,-0.47523720972862366,0.5172503576457931,0.2629453254199664,-0.4618537528331797,-0.9569886816489888,2.2631900348044316,-1.6441110107695787
2024-02-06,-0.5203886572306371,-0.21405426382903142,-0.4348795870431613,-0.4115276143401539,0.48885379075926993,1.0904134071787326,-0.4383404482196601,0.4384170586815033,0.3796661169063417,-0.3502724368420135,-0.8636163752507829,2.4366113955615734,-1.6008823863319812
2024-02-07,-0.6114336964306586,-0.2207883818055495,-0.4347827070646317,-0.2683930279950714,0.4648047985679888,1.1356761150617145,-0.5036888599452025,0.48501580158815066,0.32623549329244594,-0.35720447457748317,-0.8840566036284108,2.425382453404828,-1.556766910468121
2024-02-08,-0.580512492646623,-0.24304823655493607,-0.4141642237952141,-0.2611358043234075,0.391106389705531,1.1585036355089453,-0.5738319462864214,0.5001994474008046,0.2526763449852952,-0.3071836641177485,-0.9004553023385221,2.469139236484651,-1.4912933840223546
2024-02-09,-0.5806275158267257,-0.26612095902622124,-0.42477308472897646,-0.16951529820783612,0.3955349867864572,1.1811775011200862,-0.5953913881719054,0.5464777112422365,0.3018609434657643,-0.3641842814690847,-0.8814570307634301,2.4046379617952494,-1.5476195462156137
2024-02-12,-0.6018374019504346,-0.27664415578423396,-0.3007342736524433,-0.14260109591411047,0.5870132638518705,1.2349537143599512,-0.7078887393482531,0.6216012836669196,0.3107120733347634,-0.3838564215845871,-0.9528391793661494,2.223631513182366,-1.6115105807956578
2024-02-13,-0.6072027411205435,-0.2668221902121177,-0.23284935810034746,-0.11089666774225962,0.6107322720124041,1.1578510062618532,-0.8114965727503997,0.6402593088329557,0.31976435814557047,-0.37792483982004094,-0.9505504166211243,2.2335512252617744,-1.6044153841477236
2024-02-14,-0.6160909787485315,-0.28158951540728444,-0.2567762881245774,-0.15691503620053532,0.5905785956747351,1.1495858288986875,-0.7803313916616164,0.6978934587319426,0.27282597663374825,-0.4172261451092275,-0.9278135572745111,2.2749303755217816,-1.5490713229346105
2024-02-15,-0.6507211880474437,-0.3036646665182128,-0.22828214253729917,-0.18350183288760644,0.5157469554228208,1.2585495268358984,-0.7448838149569567,0.6862953777549019,0.3085229498281371,-0.3504366682668902,-0.9231501014616859,2.2134299697960773,-1.5979043649617426
2024-02-16,-0.5906488283285337,-0.23077665523994198,-0.1569889066576399,-0.11686094685430584,0.6583262781135071,1.226183675445217,-0.8347841451169801,0.2570175972541642,0.3978558865615461,-0.3661108802169999,-0.8787564034860968,2.2662626996141406,-1.6307193710880794
2024-02-20,-0.5492457672179477,-0.19006295840817064,-0.1781824549562792,-0.12509855727273494,0.7367630265096451,1.286927787659474,-0.8769726675287657,0.02396055791538955,0.45520774163289,-0.3190267557327762,-0.8612985763064062,2.224273834964845,-1.627245211259165
2024-02-21,-0.5809608595814891,-0.21143134366027116,-0.20853648297659497,-0.14224613704222094,0.7063598963173034,1.3437142199366805,-0.8471460370245446,0.05029626697271334,0.4933425803680261,-0.29489111695689774,-0.9136555593982641,2.1974574048272144,-1.5923028317816534
2024-02-22,-0.5807673636196969,-0.22600791332538028,-0.2245951997591942,-0.16541569757837896,0.6436032268548982,1.4080414994759984,-0.9403775225200396,0.2557404072994652,0.4958837404793936,-0.2568629379007381,-0.9434670268950147,2.1167877668161195,-1.5825629793274314
2024-02-23,-0.5731461794648331,-0.23838644301751435,-0.22201544752056177,-0.16263215527995448,0.5704794635428315,1.3939830825699904,-0.8970947752864585,0.33089327650636624,0.4686745808153679,-0.3113546999045758,-0.9713337045498125,2.1645563504004803,-1.5526233488113268
2024-02-26,-0.5924256164792554,-0.2164137940299536,-0.20165927636674272,-0.18259694588496347,0.6284820990176014,1.4762472376342275,-0.9401462646970413,0.2771809914227111,0.5563286727566252,-0.2845325462985427,-0.983744931544349,2.0382475171222003,-1.5749671426525178
2024-02-27,-0.5817360543672228,-0.18052552515395176,-0.08280271743190146,-0.11635381257136826,0.7548690435876345,1.1905370741117558,-1.12859165445964,0.3858276801801314,0.5768685152072742,-0.2765357993547393,-0.9974415442759234,2.0569799638057193,-1.6010951692777673
2024-02-28,-0.5870089521781776,-0.17003331131570026,-0.06865686508989395,-0.07612484537235714,0.7352611007520315,1.1452817024672621,-1.0994683405056747,0.3475147723631124,0.49607737880821795,-0.3122741769833202,-1.007585549671049,2.155532092570698,-1.5585150058451493
2024-02-29,-0.6102608805075777,-0.16965132885257214,-0.0935317348276238,-0.07855722064745799,0.7414609902741749,1.1147608284803447,-1.0954289555593393,0.44025682707253305,0.43914497912157296,-0.29572153817812213,-0.9932385744290593,2.16456559413271,-1.5637989860795813
2024-03-01,-0.6122610383871271,-0.14754632965474998,-0.1055894944838265,-0.09851046905578996,0.65903428872488,1.1875737154521986,-1.0538341053869522,0.46740854051229064,0.3966560409571043,-0.3346853089371305,-0.9670965001896408,2.1777703310132543,-1.5689196705645116
2024-03-04,-0.5922027190616549,-0.14961987224947626,-0.2432952659758603,-0.07487284826083378,0.6396394839258576,1.2232805580058441,-1.0347971700800036,0.4409371274646516,0.3662923862317592,-0.29966633552352945,-0.9383957571579412,2.211135305300486,-1.548434892619297
2024-03-05,-0.5876944109743601,-0.18758859296341843,-0.28852500853923524,-0.054342477861831696,0.5874675245870743,1.1203663549472427,-0.9446978950171301,0.3309984124067231,0.3324527631017383,-0.2966350431540234,-0.9318325480334364,2.3888513215333096,-1.46882040003265
2024-03-06,-0.6435602778114382,-0.19791238618477885,-0.31431282907642144,0.021070407157628465,0.8923274450929566,1.1311128840172255,-0.9736220354407231,0.2901941138972633,0.2159041472072167,-0.29895245043955293,-0.9158724188229612,2.274293885942322,-1.4806704855387374
2024-03-07,-0.6417554409783861,-0.23327944956057436,-0.32173301879244076,0.021764255761578748,0.770923668924132,1.287024598919011,-0.9678662592717507,0.2490716200297384,0.23724121665091855,-0.2872132472732725,-0.8940879418248561,2.2524653410775812,-1.4725553436616792
2024-03-08,-0.6595452275008409,-0.2673413969332156,-0.34574389769514235,-0.04159115496050168,0.6900329354152548,1.2093178296835418,-0.9578913780466841,0.8871399173650638,0.17262524130921592,-0.3480144818052976,-0.9423923646133004,2.105590387679675,-1.5021864098977677
2024-03-11,-0.6847129618573751,-0.26024000330426994,-0.3648838152064379,-0.07558386803216213,0.6948703747185854,1.079526398016944,-0.9121013311072219,1.082845266837613,0.1564684636775889,-0.40402289127532337,-0.9447713116905421,2.103966217900864,-1.4713605386782609
2024-03-12,-0.7021307567246132,-0.30204354991646243,-0.37392397404332145,-0.11062932102085356,0.6427995130196394,1.0323046434118552,-0.8631672366813935,1.24942897326491,0.14523708923409145,-0.41765581816664105,-0.9603893398468739,2.0826486728448432,-1.4224788953751815
2024-03-13,-0.6959628141782284,-0.306509385972767,-0.36017182156715094,-0.1041805853959699,0.5250223878778437,1.0156779248813002,-0.845179726443333,1.1765739298004114,0.09076941931367419,-0.42966334118002714,-0.95179362667548,2.2293904233027497,-1.3439727837630195
2024-03-14,-0.7091427825687917,-0.3401763416533978,-0.3649287505232138,-0.13601223597591786,0.5429056046033502,1.0605495601701087,-0.8698225444669174,1.0943815297267765,0.08249769796642224,-0.38196393871286904,-0.9428313049644748,2.264004745895554,-1.299461239496632
2024-03-15,-0.666514116612791,-0.3400542180752804,-0.36193509914505845,-0.14398385934906813,0.41208908397770044,0.9987354003601352,-0.8677388659111094,1.040680980209651,0.08689995997196938,-0.39173110464548244,-0.8716204968096223,2.3902050267987964,-1.285032690769841
2024-03-18,-0.669787474128522,-0.3719109089765805,-0.4037198014771806,-0.180374979539364,0.3510976605937545,0.9185550717856471,-0.8115652920362083,1.0372609701402742,0.06528501127785283,-0.40050453564264527,-0.8510592725650918,2.496857399136215,-1.1801338485681516
2024-03-19,-0.6776449292413237,-0.4048846750291253,-0.460637575000777,-0.20970782387306586,0.39853744920641254,0.8411306800007897,-0.7667732660582395,1.151079108665834,0.09728754083885617,-0.4333215389113031,-0.8478893638325733,2.4679780095224473,-1.1551536162879334
2024-03-20,-0.6531127018412642,-0.41026042079922853,-0.4764708948336059,-0.1852251586345708,0.4378675757539311,0.7938562619746323,-0.7169895579568221,1.0390737559613683,0.08437383526825237,-0.44999163608034665,-0.8140136036486152,2.5386999240035153,-1.1878073791672448
2024-03-21,-0.6530486135292761,-0.34898125609852865,-0.4382957710972429,-0.14917261616152236,0.46878979629931894,0.7411120724854933,-0.7467149936309471,0.9368355014047828,0.06951980316165723,-0.42387475504933164,-0.7992292534355503,2.5830678420856246,-1.2400077564344796
2024-03-22,-0.6545895298924029,-0.31907411628235394,-0.4434013321900947,-0.12135849882496381,0.5307316114719909,0.7932918910483604,-0.8221860275504903,0.9101706736526244,0.1648780616543346,-0.4018785442240188,-0.807738681885377,2.498173479535029,-1.3270189865126367
2024-03-25,-0.6684757413465462,-0.3536076198436252,-0.4708846093896159,-0.13346657056194455,0.46665832447381633,0.945989361432393,-0.7959645502390896,0.8606972451580919,0.16484136049252074,-0.3870049720291107,-0.825441335537095,2.486084249918981,-1.2894251425287744
2024-03-26,-0.6524601857959907,-0.3523742219299105,-0.46574961757486116,-0.09937323911066077,0.43669602010119346,0.9086083288427219,-0.7919031848007891,0.7816305319500689,0.15701318669863643,-0.4223780621156444,-0.7907395943608012,2.5569668443737674,-1.2659368062777292
2024-03-27,-0.6573642868714581,-0.3835205357767723,-0.5169082196438802,-0.1195406475414412,0.348337044731637,0.8605452805754137,-0.7319356797168228,0.7927880891747825,0.1384965328961038,-0.37651523717727586,-0.7713605801247918,2.6259515868023886,-1.2089733473278819
2024-03-28,-0.6664367656593844,-0.39306818005295063,-0.5027608947385486,-0.15553938167142137,0.3750498763068707,0.8469210296483809,-0.7658451946228414,0.9170981657371844,0.12059644043371674,-0.3424844074997731,-0.8004225126077996,2.571852777819866,-1.204960953093298
2024-04-01,-0.6687469202374117,-0.38574619844085245,-0.506506151344265,-0.1442814035571462,0.38848888617268296,0.831560663434003,-0.7435701098587246,0.9249060029805409,0.12072655648172494,-0.36029464884639584,-0.8006728018121203,2.567725259336843,-1.223589134308879
2024-04-02,-0.6773269458817703,-0.3758516914210392,-0.478269869974639,-0.14198692450987543,0.3876199913817486,0.8471514682232045,-0.7526196160637568,0.9473656001801622,0.1524245045587064,-0.4188151745492751,-0.7875209727366076,2.5407656402048904,-1.2429360094117494
2024-04-03,-0.6945543423764936,-0.3996949535265303,-0.4936612737476254,-0.1779459711525925,0.3690021710960263,0.8460951536746004,-0.7554039676523439,0.8894925455315903,0.224576961597795,-0.36402192923600635,-0.7860763845772448,2.5641091627267136,-1.2219171723578874
2024-04-04,-0.7065376931558573,-0.3893083381119916,-0.5261788218549616,-0.16741956524260543,0.3569399395306247,0.9495218514451048,-0.8394323795375583,0.7638227009998841,0.24644441968122036,-0.26757178278814714,-0.762395282535973,2.55693498878343,-1.214820037213168
2024-04-05,-0.7229202413054978,-0.4053439754144295,-0.5228031733172944,-0.1681528179032424,0.3303711421272159,0.9684770161052675,-0.8066488039397105,0.7752684940621444,0.1807791309097109,-0.254508202916113,-0.7470920236323827,2.572431837188417,-1.1998583819640853
2024-04-08,-0.7132260127639837,-0.426475041690911,-0.5432662339519673,-0.2347043025307348,0.24458762762082917,0.9290116913767482,-0.794993042989666,0.855232719064735,0.13141013638038476,-0.226528932296052,-0.7329743152500667,2.616619405753679,-1.1046936987229952
2024-04-09,-0.744937002862872,-0.44544828341420034,-0.5646206634937654,-0.2292891860363943,0.26032876893212087,1.0024894638010438,-0.798960163573799,0.9063151588900495,0.14939318262255896,-0.23005331732796233,-0.772120831159122,2.5494165398425825,-1.0825136662202417
2024-04-10,-0.7113718618163326,-0.44576401421666145,-0.5598701360672519,-0.21573598242175607,0.2431827418693563,0.8993906188566647,-0.7809972310346881,0.8850213469988125,0.08958487563281788,-0.24723060407072991,-0.7424709821352156,2.636424299498117,-1.0501630710931331
2024-04-11,-0.6836885327036254,-0.4200760938801241,-0.5106161484876308,-0.20621551075115602,0.23998262574759502,0.9093349094690701,-0.7683526515181534,0.8392884576624299,0.11398209043770904,-0.3483954440938644,-0.7398170359848193,2.6517247440273444,-1.0771514099247743
2024-04-12,-0.6691476456559341,-0.38248951930599895,-0.5020381272236328,-0.18410869076800762,0.237319270630771,0.9910811486887301,-0.7648003217721927,0.6192619436003519,0.07219131932537913,-0.3394634621338585,-0.7290703915782002,2.7094727154861156,-1.0582082392935217
2024-04-15,-0.6664148248412346,-0.3890327275088566,-0.48595243086306134,-0.1622145702709329,0.19238731989699626,0.9612003303257075,-0.7602372123061342,0.6640549744342857,0.0218112990006764,-0.35390565333950663,-0.7179318902383067,2.7299352341232943,-1.0336998484129276
2024-04-16,-0.6536923636982568,-0.35469565698215455,-0.45730494459840615,-0.1688002614238952,0.17218864065569237,0.9325193568177342,-0.7767414333001308,0.599751556130296,0.045868711569579744,-0.3691705596556831,-0.6889320754392412,2.7642973139282647,-1.0452882840037983
2024-04-17,-0.6413720569050955,-0.3488495451811618,-0.46849066166249304,-0.1844535903026163,0.15695579960653497,0.9259314759759233,-0.7580592572350918,0.4926438708316067,0.04261433132817092,-0.328534292763581,-0.6767638077460264,2.8108520789874856,-1.0224743449336562
2024-04-18,-0.6450135224108808,-0.37124789487332954,-0.4145585117345517,-0.20598325166598297,0.1876107657052801,0.8747998079455512,-0.7324961148060093,0.4984980634439041,0.0023804557242980604,-0.33702455223715444,-0.6840336635651818,2.836518679380287,-1.0094502609062297
2024-04-19,-0.6385038362979693,-0.361348859077909,-0.40620973765615165,-0.194971374669218,0.18390654792940433,0.8277304628923132,-0.7289935229660363,0.4856472061464926,-0.013327058859063668,-0.32624253572572276,-0.6813471338665301,2.8612035196323617,-1.007543677481971
2024-04-22,-0.6551585346536218,-0.3751850417887408,-0.4147206210902202,-0.22547994799016402,0.20524539247305604,0.8063621965320119,-0.7218868463560372,0.5750992860527052,0.005894315353903572,-0.30197022468148993,-0.703458129286988,2.832319597517129,-1.0270614420815458
2024-04-23,-0.6869442058746852,-0.38678178895612525,-0.45642361538521725,-0.25957952991172056,0.15975268868947795,0.7792037096966836,-0.6703467480262808,0.5476620621562761,0.025697425408566985,-0.20948591162007638,-0.7081225122102838,2.860771832588644,-0.9954034065552592
2024-04-24,-0.6746749633128496,-0.3888476854930776,-0.4396770488515709,-0.2903137981246571,0.1564624578256361,0.8241622726134745,-0.6837698269722539,0.5019872376849226,0.023538678315591123,-0.20427605765230458,-0.7052682141855472,2.8618740481171687,-0.9811970999645301
2024-04-25,-0.7119978846727595,-0.4046246685413748,-0.46742973467546917,-0.28859527990487044,0.14860870805233295,0.8927105891549838,-0.6970177985169284,0.5761402253632669,0.02264314505873845,-0.10328458581069475,-0.7372184740662588,2.791539382226373,-1.021473623667339
2024-04-26,-0.7192501759634358,-0.4087799089922264,-0.46611811660115315,-0.2882137754679209,0.11617978481308916,0.8195963458648842,-0.679641106476029,0.6260830628128576,-0.013079808930952442,-0.09326587341404191,-0.7451186394159032,2.822883317117945,-0.9712751053471137
2024-04-29,-0.7444886288780067,-0.4792853456776142,-0.4677852088680149,-0.2849151685326991,0.17390952054162187,0.8736180988587567,-0.6696713549109023,0.7444259990372144,0.04750091180936156,-0.10728596865854412,-0.7897829313605006,2.7268489440135464,-1.0230888673742191
2024-04-30,-0.7524261016559813,-0.4758338229071491,-0.46732178069272245,-0.28709873916577505,0.01000262414040141,0.9741183995285435,-0.6969936792928042,0.6903761707773238,0.12128383219088518,-0.0816790890241326,-0.7387104248416682,2.7197375820469896,-1.0154549711039125
2024-05-01,-0.7978447733456994,-0.4926769596754025,-0.448813810912224,-0.2371049724578114,0.024424038291050974,0.9823207150315909,-0.7511764339749363,0.7387967410934678,0.1439856634269241,-0.05791988299385663,-0.7387885197878167,2.6722907002816547,-1.0374925049769392
2024-05-02,-0.7926244151911291,-0.4846659174565861,-0.44417376569239436,-0.18431067344893862,0.034483048102529334,0.8624982345528738,-0.7698877973997081,0.7243185270679523,0.10765823028182825,-0.018605170059456767,-0.7406414887079726,2.7274764478614837,-1.0215252599104812
2024-05-03,-0.7872123599982945,-0.5052613499788576,-0.44304389524666055,-0.2261455113053501,0.043926697047068544,0.8194653000194908,-0.7584324494371509,0.6965907428746514,0.15630713456870007,0.013757673227139892,-0.7613870252808609,2.7472907710621493,-0.995855727552025
2024-05-06,-0.7909000191739906,-0.4978291119277378,-0.4630486722250994,-0.2189596935594273,0.11419660972326469,0.8522715274310797,-0.7499156604282003,0.7594656037868469,0.1405082242031297,0.02831394285999782,-0.832907193799347,2.686230440231741,-1.0274259971222575
2024-05-07,-0.7544719399783993,-0.4871708415180933,-0.45026459071688474,-0.22099050507574777,0.12067508281158014,0.783613172100889,-0.7582837255575122,0.7246704591760977,0.10505259777290499,-0.02585736119703307,-0.820846839359186,2.754262379860379,-0.9703878883189939
2024-05-08,-0.8007434546036925,-0.49647089287190793,-0.42930382295097974,-0.2130200132357633,0.15018426713425603,0.7598207821172981,-0.7693655403803236,0.8088490974244933,0.0967222531247252,-0.01108779318341945,-0.7897849822521015,2.7136756177394905,-1.0194755180620778
2024-05-09,-0.8107403767574228,-0.48522172892957555,-0.43698692714747434,-0.19734445165826311,0.17153281081073893,0.736756305773372,-0.7737712339920975,0.7511434500964391,0.12736362544103624,0.01899421108566238,-0.7917610524857441,2.725258111884795,-1.035222744121467
2024-05-10,-0.7845710851928256,-0.46307083673457344,-0.4122634444365619,-0.18411511717943924,0.19867692420984723,0.8428398483799217,-0.758218417177346,0.291484446760899,0.15961404406002233,0.031226625667344764,-0.727632876637284,2.822607463441432,-1.0165775751614368
2024-05-13,-0.7681314855166367,-0.4837609477651636,-0.4489128849604361,-0.22515376403688578,0.18591805236242123,0.8754965125252326,-0.7510961650399416,0.2252664736146901,0.1891599381382192,0.10161893168998523,-0.7475544030794086,2.8205271255560436,-0.9733773834881185
2024-05-14,-0.7504440138993641,-0.46974123125340883,-0.48462279401529673,-0.23919088201612482,0.17298715512634505,0.9053754917294484,-0.772511858800724,0.27018334592139526,0.18134063819497867,0.03428207181394381,-0.7509141688432676,2.8218658796114586,-0.9186096335693832
2024-05-15,-0.7573038173674957,-0.47414159618413637,-0.5003258523767041,-0.21521056966105626,0.17567941214789412,0.9090757299608098,-0.7928662683627936,0.3098472752495163,0.15599699623098448,0.0626376188906515,-0.757991693786455,2.8056909288034606,-0.9210881635446754
2024-05-16,-0.7471303771799721,-0.4528113460250468,-0.47349738056388546,-0.2109123095239065,0.15121744251990943,0.9029361582369818,-0.782699313395247,0.3167396608555696,0.17063361852507902,-0.010893225511826875,-0.7448934805546721,2.8199112693512443,-0.9386007167342272
2024-05-17,-0.7300363948316246,-0.44391849994198807,-0.4691765552079459,-0.22701949435545324,0.15759340413682577,0.8133304582254006,-0.7680083353888515,0.3030753124768732,0.13135720547016122,-0.033849139201905194,-0.692241224164817,2.8786642826518105,-0.9197710198684836
2024-05-20,-0.7145904711448856,-0.4387090730421085,-0.44226329626770067,-0.22040782173607312,0.22213188569869077,0.8477605178069542,-0.8071491764022893,0.21350205113733056,0.12098880188361377,-0.06502747384783435,-0.6512769182648908,2.8744007553538737,-0.9393597811746808
2024-05-21,-0.7007602560013987,-0.3965207466758466,-0.40240719131090547,-0.18599372984205673,0.27178916166557626,0.7125933529992832,-0.8120953649557295,0.0711110412829711,0.13758262068161606,-0.0781741516466281,-0.6203854013698542,2.937156356791001,-0.9338956916180264
2024-05-22,-0.6897204697900201,-0.39974426227024573,-0.3942883501852064,-0.16391394409448748,0.23788165313098772,0.770115779332208,-0.838090882278599,0.07994014009557368,0.11609114443576818,-0.08556500810559256,-0.6064415910197272,2.921721888981804,-0.9479860982324629
2024-05-23,-0.714776593552761,-0.42162529163758505,-0.43189572349192723,-0.15664312238866157,0.2521421417842312,0.8526479018692399,-0.8972014059896801,0.09170341059306798,0.13842343423114523,-0.019810686292604934,-0.5616024898711323,2.8598627616164425,-0.9912243368697738
2024-05-24,-0.663130426706499,-0.38998403911906165,-0.3959793795433844,-0.1910062778345823,0.21193001802196826,0.725829022354893,-0.7636162220911528,-0.042125003552376035,0.09511640509521534,-0.046234380924615216,-0.555452916549756,2.9706318002813523,-0.9559785994320013
2024-05-28,-0.6366933257974882,-0.4075954660405936,-0.3985990242246607,-0.24090905117906816,-0.012657152200695519,0.7339584964657494,-0.6863505985896914,-0.010940919917031638,0.12292192380124428,-0.08143815773230392,-0.5268093758860396,3.0221066367674343,-0.8769939854668555
2024-05-29,-0.684730110204351,-0.4353280532027747,-0.3082956493608158,-0.15278727932595018,0.02554298647527928,0.5347611490400738,-0.7492236656791054,0.02347547363454718,0.13989706654468764,-0.06324517276455657,-0.5160580755839713,3.054572676899057,-0.8685813464721173
2024-05-30,-0.662288547184313,-0.4434942058334955,-0.3278272996018901,-0.15761148102325429,-0.014077373691406521,0.5766416833561607,-0.6508420841984981,0.0053782444672620736,0.012356802136980727,-0.10915548514004898,-0.4475339090891402,3.0844374474405547,-0.8659837916389126
2024-05-31,-0.660945473590783,-0.43761601662694977,-0.300685879124126,-0.1755347725059081,0.031267030066997804,0.5581063999846553,-0.7156021940744709,-0.11909573725026674,0.041758460779457114,-0.02551333535029066,-0.44930850275703443,3.0847764937746875,-0.831606473325968
2024-06-03,-0.6763037767962741,-0.41735922908870504,-0.28970586059207776,-0.1340124107453267,0.047937178316767005,0.5996993495232976,-0.7550447557704683,-0.11415277464551135,-0.04712876025029928,0.0036814852830317772,-0.47338701709187436,3.0709375685040228,-0.8151609966465818
2024-06-04,-0.6600170211116521,-0.4233854180256065,-0.28135130317825247,-0.12495177953512192,-0.008717587188842824,0.522982644456403,-0.7562845757092947,-0.0790837130254062,-0.0315111692439474,0.004637009505319605,-0.4544700885284579,3.095948698198946,-0.8037956966140856
2024-06-05,-0.6404638742037536,-0.43707672100371275,-0.31471550752532773,-0.1566744285239106,0.005164376160781773,0.6071114091758334,-0.8119981597320635,-0.048024715253425374,-0.04962869509906699,0.01350984574260188,-0.38983178462793355,3.063270376521445,-0.8406421216314682
2024-06-06,-0.6632927498681381,-0.44793333208182984,-0.35538708945958813,-0.18896283010093357,0.015955397281538136,0.630754695320982,-0.824731172125803,-0.0455264023362854,-0.03459257879608782,0.07913390355780603,-0.39925883336179346,3.0476123509414736,-0.8137713589713399
2024-06-07,-0.6281699197174044,-0.42002617695271904,-0.31116522682802644,-0.1682839427560444,0.0650758966223153,0.667596500358795,-0.8422763034148774,-0.2728584864258873,0.019210738346187476,0.11065564030423701,-0.3798192770654674,3.026851916949798,-0.8667913594209063
2024-06-10,-0.6399008504712216,-0.40057724833719865,-0.297658322462805,-0.13376709007439172,0.10416739511588537,0.7071316209942399,-0.8872975764948656,-0.21480618136458116,0.016796081136795704,0.09925669078031435,-0.42752141023495427,2.990960569757797,-0.916783678345015
2024-06-11,-0.628865351820376,-0.38580787698441377,-0.27238696697544135,-0.14198721854368024,0.1250248420486432,0.6189903883691761,-0.9157122771510755,-0.2722013851822104,-0.014625230772642495,0.14002387265969393,-0.3930968052859591,3.01767901780749,-0.8770350081692037
2024-06-12,-0.6523440077844389,-0.3843354139480362,-0.27807560022059974,-0.13456012992241415,0.15456385710225398,0.6904133482351098,-0.9902468882316512,-0.2866090551195472,0.04105534153347088,0.221211297633656,-0.38672858323757753,2.9466000552598914,-0.9409442213001149
2024-06-13,-0.6139615885184302,-0.37177768943047923,-0.25462487219469243,-0.14546633083130409,0.11645578105903948,0.694605508970728,-0.95459319775641,-0.2854922994874891,-0.021365512315302895,0.22534717926092118,-0.3959618702878982,2.964071503757909,-0.9572366122265936
2024-06-14,-0.623711980011862,-0.3841808059545889,-0.2546820304653348,-0.1471213124970426,0.13306384346278272,0.6494650071078603,-0.9862868836278804,-0.2924695140255205,0.040262463792251305,0.24854909005248146,-0.37531585459431915,2.957071646854402,-0.9646436700932305
2024-06-17,-0.6096823700676416,-0.38151720519497373,-0.24998092035461453,-0.17334077734983055,0.12027611331132625,0.5601065570326578,-0.9706066573734516,-0.2830088547933259,0.008946571274907817,0.21717190503425005,-0.366413971753705,3.0126187985214816,-0.8845691882870808
2024-06-18,-0.6187425446661433,-0.409296477647143,-0.22076771251664512,-0.16405640273453204,0.09254419218913425,0.6701451051113388,-0.9910270567729507,-0.3165843069380469,0.03732759972806153,0.29706760184716186,-0.35612632602473115,2.9465733207182736,-0.9670569922937767
2024-06-20,-0.620839358766026,-0.3964594915469079,-0.19041624239707258,-0.13939053545159624,0.08987976822533744,0.6215687415321762,-1.0053513231762092,-0.2892771619913867,0.04374465765029141,0.28859208924900337,-0.3943701342355769,2.9567024547111727,-0.9643834638032053
2024-06-21,-0.6283430695627343,-0.3738244731268772,-0.18663546742297846,-0.16227422666043975,0.04961566441910152,0.6177063253249501,-1.0717040267636462,-0.2618689630615015,0.061282374286856206,0.36931918482308507,-0.42005394160450577,2.9363860551373393,-0.9296054357886484
2024-06-24,-0.6653156683718977,-0.39249349349808205,-0.1932709355898874,-0.20231152418328066,0.0027829376682678747,0.6315205154616786,-1.0347690573710244,-0.22053600964195275,0.028272865897155174,0.33394720256975974,-0.44515102797589384,2.971980335926902,-0.8146561408917434
2024-06-25,-0.6933565261090953,-0.4116165153374219,-0.23760109771146595,-0.26584761207910534,-0.00011114363669940738,0.6325985773438754,-1.0813732948828507,-0.1539240265165423,0.03651501536314681,0.3069736560759235,-0.44400428637408434,2.9813412239085526,-0.6695939700442297
2024-06-26,-0.7157185501295464,-0.4097009408516698,-0.2621938306621939,-0.28274558825234136,-0.046180724724533155,0.8832986596481981,-1.0780358976573845,-0.19810485860120025,0.06839261485124007,0.3176876082847708,-0.4677380506653694,2.8931204422290655,-0.7020808834690337
2024-06-27,-0.7260163489245415,-0.426847581814631,-0.261525018501356,-0.32288788365918436,-0.012146142036363838,0.9231490855908849,-1.0239895958631893,-0.23199454873430012,0.007515524519722111,0.26885337033886647,-0.3930976250395263,2.904858414561688,-0.7058716504380685
2024-06-28,-0.7299591584011682,-0.4357365913433561,-0.2318185846559392,-0.31642182562795473,-0.04001392780552229,1.057597351391639,-1.0541677974573562,-0.2841856256396704,-0.024200896904123963,0.30005656760449306,-0.37217103840201327,2.8419578992283503,-0.710936371987378
2024-07-01,-0.7075915168475254,-0.4218830850365327,-0.24059403975312654,-0.29532310367898273,-0.0334398975585052,1.1307020047085603,-1.0409632066313106,-0.33673348825166793,-0.03432994556485497,0.28508818997178986,-0.3567514667381599,2.812655620875326,-0.7608360654950105
2024-07-02,-0.7219362245479475,-0.467491534142669,-0.25151621671847924,-0.29853082905086636,-0.016014230808425643,1.1270914926408797,-1.0713940645648592,-0.26841972114882434,-0.07782184418282133,0.32683553055134934,-0.37289051212073493,2.803458534939962,-0.7113703808465618
2024-07-03,-0.7472067024077937,-0.4731302011171402,-0.22223834028151418,-0.32567327312408206,-0.0011058640397899316,1.1366516441339076,-1.120362084562443,-0.2539734442661091,-0.08942764853049587,0.4284241060698318,-0.34136455817843464,2.7545251525175973,-0.7451187862135344
2024-07-05,-0.7224554421073723,-0.4631199014852867,-0.21356920051601522,-0.3018784212985169,0.05449807957866421,1.2840627924977335,-1.1754979834163441,-0.29693705712042545,-0.11236980550211846,0.4636621139302041,-0.3863106771070606,2.649592380580521,-0.7796768780339824
2024-07-08,-0.7113056801831309,-0.45075518754174365,-0.2276967097279379,-0.2894995286293244,0.004027515534023078,1.3492315633750913,-1.1904187050568318,-0.25125714514164965,-0.06237053170176028,0.5164722714621023,-0.448190296605949,2.5883834386339024,-0.8266210044167922
2024-07-09,-0.7433469420963104,-0.49388286090332706,-0.263576724483118,-0.3168150454580056,-0.0016432582090308452,1.3381222724519375,-1.1788173885144122,-0.20043360788860365,-0.009317740955579691,0.5505010611715567,-0.5011024031689733,2.5838202175533045,-0.763507579499439
2024-07-10,-0.7821866370055095,-0.4790215268687306,-0.21689923799875843,-0.2837559714195213,0.0598204003718706,1.4874452975280572,-1.2517211739672167,-0.1276064635827531,0.03160282928333873,0.6226113349559778,-0.5379631916546714,2.3914396138560488,-0.9137652734981311
2024-07-11,-0.7425545014379491,-0.43849345190575406,-0.16895593500008574,-0.23089824876064105,0.06087550925781742,1.5804048566178992,-1.2425865681025297,-0.25599932875253106,-0.006011394712619668,0.605575731259873,-0.5054865105848988,2.3360836394044715,-0.9919537972830513
2024-07-12,-0.7530519381606954,-0.4284843309282373,-0.18487005710385954,-0.23780293827214236,0.04926328567574723,1.503133028340772,-1.228799190581903,-0.29895841458635575,0.012305426018142798,0.5905157217725869,-0.4620391531974048,2.4075931346995443,-0.9688045736761948
2024-07-15,-0.6865238671037589,-0.43274369142752495,-0.18183958574279066,-0.25359131455978157,0.019629505780594393,1.4617204324286976,-1.2955789758214964,-0.24556747371832044,0.04952723267081568,0.6464045720709142,-0.447570165567567,2.388122745386604,-1.0219894143963852
2024-07-16,-0.6665128320747321,-0.43722010241434434,-0.26235140347967273,-0.3122036170822458,-0.002559557922918991,1.4531220479923614,-1.310747266279721,-0.27461863266766645,0.10149029374185228,0.7454647340499942,-0.363948020300659,2.3547488885082983,-1.0246645320705456
2024-07-17,-0.6597191150305685,-0.46506343615190543,-0.33194664134401186,-0.37250987327075613,-0.044565005595361286,1.4404948625286842,-1.2463763409414161,-0.30669048232583046,0.3004331768358301,0.6980408341731774,-0.40018660675701356,2.3783757165683563,-0.9902870886891846
2024-07-18,-0.6684453326342642,-0.43272663158869007,-0.2707729873241168,-0.3266824162808977,-0.013150129747291999,1.5001533183794251,-1.277486040730758,-0.35227705058701475,0.36973579884250796,0.6750959429526453,-0.4247204453696939,2.2929849230739285,-1.0717089489857803
2024-07-19,-0.6666706163247339,-0.4960555883135746,-0.2686739034668764,-0.3305310107181907,-0.02026665014270583,1.4354733664151094,-1.2909812596480656,-0.3328866659772257,0.5284149592387956,0.8268290863694004,-0.45901715052583336,2.20135008577913,-1.1269846526852303
2024-07-22,-0.684574874430012,-0.4901743092432536,-0.28746029283325686,-0.39013471048920634,-0.11127984145581428,1.4388411571976325,-1.2457195664526082,-0.2946099791257942,0.4201351145326995,0.8302401424783706,-0.3690929641439743,2.2700419661139497,-1.0862118421487341
2024-07-23,-0.7464821453013933,-0.488809454122649,-0.25361404465523874,-0.3153368822260439,-0.02433322258155927,1.5103103663297606,-1.2539714432087121,-0.23919127232479984,0.379358699474674,0.7049456321800337,-0.4192065797585696,2.254705208727025,-1.1083748625325278
2024-07-24,-0.7261870716611503,-0.43586232997262553,-0.21074457977637073,-0.26574913528835664,0.02279620288167664,1.490983168450566,-1.2056827743950158,-0.2700783084507907,0.2623184240854949,0.5851209258770502,-0.4104606177542375,2.3368943591667657,-1.173348263163006
2024-07-25,-0.7301593949016454,-0.4382434882543488,-0.21569193522889746,-0.2625876582858808,0.0976343669141662,1.3270349169438669,-1.265938104996344,-0.21041590125469295,0.20647908110041652,0.6465634060423944,-0.3725140941486081,2.397899008587923,-1.1800602025183506
2024-07-26,-0.7374085145394781,-0.4696952778233314,-0.19770563509765973,-0.2802310630325217,0.09635005973092158,1.4053694501604317,-1.2224416368938975,-0.22787030367708,0.1152526848467534,0.632944605865469,-0.35768122114207657,2.3925546624838607,-1.1494378108813932
2024-07-29,-0.7263234221498552,-0.40344515452301216,-0.3054485787577659,-0.1920279425712124,0.08430499613900079,1.4700005746895548,-1.1962788940217006,-0.24953776187716592,0.20437249711623584,0.6061580632874202,-0.37429063201565943,2.3277269217212053,-1.2452106670370464
2024-07-30,-0.7238417860296127,-0.36121129315393036,-0.2869397025193743,-0.13945403264788842,0.03438504772282498,1.4408759266392193,-1.1898636629564998,-0.11366572891446894,0.2207524018693838,0.3038966676296194,-0.41152092810560514,2.440190398029855,-1.2136033075635224
2024-07-31,-0.6986177648492051,-0.3533787196607077,-0.2922901202657924,-0.17320149716499264,-0.04800853984646917,1.458713321327265,-1.1661723848452736,-0.22769001139372516,0.315737169854776,0.3695274788920815,-0.3871875871767237,2.4206844827014815,-1.2181158275727149
2024-08-01,-0.6536384614932809,-0.2963348858166574,-0.28255209914207446,-0.1527868597305241,0.000690291037230613,1.469837496467127,-1.0976863784303446,-0.3864390251345554,0.3710995624417788,0.3596505290866904,-0.42488498382794004,2.39342867380315,-1.3003838592605996
2024-08-02,-0.6506256613194352,-0.3098758505675902,-0.26305946907854266,-0.1109568077029436,-0.022542401767988895,1.451960400237481,-0.9943525598522756,-0.42720294494930455,0.3281262569233938,0.39506111271786454,-0.42490743501429895,2.40444567619161,-1.3760703158179697
2024-08-05,-0.7410575918060958,-0.3298044029206541,-0.28079903997460165,-0.13596307122939538,-0.002762911557537399,1.999722463600017,-1.0351395588769794,-0.4167421961441504,0.541934836530398,0.6095879059156204,-0.4907196168781702,1.7306604108529713,-1.4489172275114226
2024-08-06,-0.7429879217478077,-0.3217913999505297,-0.24997011442148467,-0.1399046687120341,0.15391861291040748,1.990634912408677,-1.1108697048409946,-0.300352698146104,0.539770088668754,0.4584511111935416,-0.4884630939417422,1.7165732561312381,-1.5050083795519218
2024-08-07,-0.6451752264149883,-0.34700527070066206,-0.2726053665157146,-0.3566422560805868,0.11868994014440981,2.099758915803085,-1.0915706805490668,-0.19638824411433264,0.6433984951401194,0.4107903514565783,-0.5258554379287198,1.620166378347771,-1.4575615985878922
2024-08-08,-0.590324370536265,-0.39065171415595956,-0.33043386665912566,-0.3929263510064446,0.07592103936552806,2.141067643574908,-1.0015571995810892,-0.18762557121999485,0.5659077643682024,0.45237796760103494,-0.535060787955893,1.6421631424656833,-1.448857696260584
2024-08-09,-0.6290730789389198,-0.40112004460693634,-0.3757282490742275,-0.42333122887841323,0.0474184228421269,2.1993023528858413,-1.037743951665403,-0.02814051849880901,0.5353237881785368,0.5610681050458897,-0.5192870065304833,1.5074801421900181,-1.4361687329492223
2024-08-12,-0.653257724495285,-0.42862733993967056,-0.41123412726158926,-0.4403230306632874,-0.004295500780128729,2.1267460416656276,-1.1223635950765303,0.20561439471811468,0.5762728808975168,0.4485311151129652,-0.5518885300898027,1.5990055581911349,-1.3441801422790665
2024-08-13,-0.6490247690141394,-0.4653908453944335,-0.44399271562087694,-0.48456195710081246,-0.1092210671495589,2.1858907898753026,-1.1202393686429448,0.19332444845520938,0.5690204868286127,0.5650645070755032,-0.5312716745452443,1.5381101793794747,-1.2477080141460946
2024-08-14,-0.6326953605334261,-0.47070107160131097,-0.4449420036502706,-0.5230587679055306,-0.11509603243431277,2.270947648238109,-1.0830436181028842,0.22328351493841597,0.6087701345990345,0.5142350163369289,-0.5875714907386683,1.44361188493809,-1.2037398540841755
2024-08-15,-0.6345862418076188,-0.48492076572049314,-0.4778993948067348,-0.5291715474998445,-0.12184139862698869,2.157702558054838,-1.0663668464573794,0.26968550003050584,0.6138687597594413,0.3626392233533406,-0.49517144395001916,1.641322804802549,-1.235261207131599
2024-08-16,-0.642312010709831,-0.45155800746570635,-0.4360008287751668,-0.4997205922056963,-0.15803273407076196,2.1854952320569354,-1.1062292356025574,0.4576382439044236,0.5549869219143536,0.4617245630439059,-0.7062663442132022,1.5175920230895186,-1.1773172309662143
2024-08-19,-0.6795356310686267,-0.4761947801366663,-0.47624319978140633,-0.5174976030805739,-0.026441329821237407,2.1753624045679727,-1.000629046052324,0.41473206776418003,0.6173203052544038,0.38454612271776745,-0.7631727799351034,1.5411436403990626,-1.1933901708274515
2024-08-20,-0.658536062533745,-0.4875386745842274,-0.5210777443300122,-0.5250788540279318,0.04288576073018214,1.9650209680646273,-1.0318210151935188,0.6750225627751917,0.5208084137810687,0.28281518318422794,-0.749958175965387,1.7211385867874478,-1.2336809486879265
2024-08-21,-0.7072762370190723,-0.49334599454011485,-0.45845746660725434,-0.5603515439229959,0.0762302219661215,2.1078770955759767,-0.92565167862088,0.5295995074637241,0.544281485486806,0.2513571965891225,-0.7397100167807955,1.6314784236598672,-1.256030993250504
2024-08-22,-0.7154807659259442,-0.5113306317242663,-0.4572592196982926,-0.5226008081855568,0.069363462056098,1.857810785364393,-1.1411864973271804,0.6470229677490752,0.5294423232897599,0.2745773279110256,-0.6877681242052552,1.8324320960112506,-1.1750229153151048
2024-08-23,-0.6767043020558224,-0.4612568240558874,-0.45852759379493674,-0.4411475738896765,0.12113856694444326,2.0560066107955675,-1.350350339329911,0.5664591877805079,0.5368950332855998,0.42464285176581135,-0.6698324558845198,1.5102895209788945,-1.1576126825400688
2024-08-26,-0.6706691187916519,-0.4818425548252617,-0.5320729735190001,-0.3881357541030687,0.116258279723126,2.0678596663576494,-1.3114339475748829,0.5727610610348018,0.5545823412462577,0.37691197156237255,-0.6393076349305756,1.5151951003834496,-1.1801064365632155
2024-08-27,-0.7153559772699217,-0.49711668824856536,-0.607087992019457,-0.3889546402691031,0.16361305495493078,1.9147065327638457,-1.3633608470690228,0.8335830802116679,0.5690300267112127,0.3881295639838749,-0.5374008066219887,1.4770753796781222,-1.236860686805596
2024-08-28,-0.7196483444447811,-0.4827031537474798,-0.5337132475780769,-0.375864657868207,0.2274419902039755,2.06448857327984,-1.309280927907196,0.7596192544087221,0.5989381042556848,0.3812172132913138,-0.5242499682687219,1.2674668455647622,-1.3537116811898326
2024-08-29,-0.6439027561779405,-0.3962688266599713,-0.42926828633883607,-0.26355630208041786,0.34783876464966457,1.956626984741034,-1.392726628765194,0.8755007480219713,0.6010538860613848,0.29282695329307357,-0.5902849302755769,1.1737780189524334,-1.5316176254216227
2024-08-30,-0.6762824760713627,-0.5146958556540293,-0.526043186269679,-0.27328415648273263,0.2119939065691294,2.0603526302783477,-1.386799571356221,0.555969809721659,0.7659706956544026,0.3461180777598794,-0.33762185344567086,1.2209623309244728,-1.4466403516281925
2024-09-03,-0.6767889442599068,-0.40299989598940344,-0.44805168191512607,-0.18177283480268053,0.6513384569277749,1.993355128190662,-1.5016089196221143,0.4144458967406322,0.6170545298329783,0.16250218930195454,-0.27550429813017585,1.1981417735963538,-1.5501113998709466
2024-09-04,-0.5202898240559989,-0.3164385041531173,-0.38938227391091645,-0.412068216876455,0.7216062147984141,2.07448519220031,-1.4817462581825835,0.7174718604448508,0.5467207619473408,-0.11269988772046746,-0.31206895583487515,1.0132863250315511,-1.5288764336880538
2024-09-05,-0.5971198267294128,-0.3311624077726447,-0.42116658642745936,-0.44620644139327553,0.7284093216567233,1.956885341172727,-1.385809448590555,0.6714125864794452,0.857365551154657,-0.11450754805094443,-0.2596097536978826,0.9733798156262076,-1.6318706034275856
2024-09-06,-0.6294359876636467,-0.3691925018140101,-0.45983952144922624,-0.42989673862215294,0.7008669282032672,1.9004406575479404,-1.3862207261854258,0.9383052239632379,0.7722021202642876,-0.20685403429122345,-0.25531857690890375,0.9963548355571192,-1.5714116786012642
2024-09-09,-0.473946908000856,-0.3451553694396355,-0.39540478933968753,-0.34820778835437416,0.7279490148166206,1.876999188752071,-1.4396721817459288,0.9323667371352296,0.609499176709336,-0.2585075036725486,-0.19289157715416963,1.007735349656255,-1.7007633493623098
2024-09-10,-0.4730093105316928,-0.425090244948558,-0.4882082296700516,-0.4804538469234573,0.6516718697463684,1.9035449343834017,-1.4005381264984291,1.1321543293262946,0.697682698995937,-0.209474964014937,-0.15133291313104844,0.8452325355656124,-1.6021787322994394
2024-09-11,-0.4953230724675294,-0.48831488970208403,-0.5328714554788497,-0.519079531967292,0.6658730542595628,1.9026761475204073,-1.413054257748322,1.2023935730834312,0.7048974555829999,-0.24160024508571737,-0.17080246658735543,0.8509122547216635,-1.4657065661309157
2024-09-12,-0.4316572087685129,-0.449218054284276,-0.4995453679111232,-0.5436717357092528,0.5374556863651405,2.0742972472484644,-1.474509505001352,0.9143294136789681,0.7037641611306803,-0.1401533668904385,-0.16884498906801543,0.918961653429078,-1.4412079342193596
2024-09-13,-0.4508050491511123,-0.4633198642952614,-0.5414438352795973,-0.5587406687396657,0.4990493923310774,2.1004724378975412,-1.382007639162762,0.8711788117610221,0.7410667987656866,-0.1988491402401622,-0.24464691095851493,1.0242039045917402,-1.3961582375199935
2024-09-16,-0.4155788079710965,-0.4739577325509694,-0.6084030657128915,-0.6085742605939254,0.41420094692721326,2.0078522259591804,-1.403363000939555,0.8867790480456552,0.6920577954994396,-0.14907168857436687,-0.18766011317256065,1.2180464900796444,-1.3723278369957657
2024-09-17,-0.4453585560001526,-0.504720779556798,-0.6548583841368116,-0.550406929644728,0.353595767181619,2.1044229596727306,-1.3662109118043453,0.796237331266402,0.7370705101648399,-0.06265308071762976,-0.1681431607941853,1.136886040872671,-1.375860806503611
2024-09-18,-0.45257064839335837,-0.4896396039674466,-0.6437800093379861,-0.5164692558001505,0.34359835391281995,2.2038713817064663,-1.3332507310668749,0.9175427636715823,0.7233492782971477,-0.01342010926794973,-0.27300125985070584,0.9011378231145918,-1.3673679830181351
2024-09-19,-0.5175133984115885,-0.4924140133030647,-0.6330230930832297,-0.521850857980156,0.28779289008238773,2.320246503916673,-1.2535416576597476,0.8770462383637402,0.7176966343766865,-0.05756030221658291,-0.2866425809213932,0.8551135946110998,-1.2953499577748249
2024-09-20,-0.5126150851160125,-0.4598446359237209,-0.6133305701644182,-0.4641946494552388,0.2717004308814164,2.3138690055869926,-1.2678902069564821,0.9610603453366993,0.7135693558280141,-0.06254574074704654,-0.28948142359746126,0.7546149652494722,-1.3449117909222121
2024-09-23,-0.517807492425889,-0.45996405131332274,-0.6077880276455007,-0.4614172437126738,0.2856795450680439,2.329236525678466,-1.2457091634270003,0.9673636513346171,0.661615435050461,-0.08488599003660692,-0.3430510153248537,0.7975913361208127,-1.3208635093665526
2024-09-24,-0.5247733171832811,-0.5041196439579579,-0.5901799702932047,-0.42045272686765917,0.2938378741524352,2.263965528451865,-1.2927960518259203,1.0682381091104491,0.666948927954174,-0.1268394422235054,-0.33082398311433303,0.8030559676940876,-1.3060612718971496
2024-09-25,-0.5345073220805566,-0.5018931712714583,-0.5852295246598096,-0.4267847411427193,0.2158487403761939,2.381138054087167,-1.1881284356989328,0.9911611910008313,0.6386105280162546,-0.21796815440776995,-0.38581648652243267,0.8432342111603766,-1.2296648888571433
2024-09-26,-0.5059156926161057,-0.4802989085192261,-0.553369161017689,-0.4379707393083254,0.23742720518699906,2.3707024393496865,-1.2400315252819178,0.9716553637627708,0.5785046965934113,-0.2477952280265516,-0.35209714441162165,0.8970243633735292,-1.2378356690849588
2024-09-27,-0.4845010655497835,-0.47975456487804435,-0.5666199870997801,-0.4172388524643777,0.17786028945978985,2.3289241754931105,-1.2587772995309945,0.9413919585093276,0.603052440882139,-0.2981397679964153,-0.3529218639421985,1.0253906741727337,-1.2186661370555054
2024-09-30,-0.4369871822353501,-0.45947928176684427,-0.5851157209063915,-0.4027872848254699,0.2516862779281663,2.3324358035425905,-1.2565904334420466,0.7725817530887245,0.6283802410844533,-0.33164231248510423,-0.32405006766681665,1.0860823878370998,-1.274514180153012
2024-10-01,-0.41645431531676685,-0.46644731373654236,-0.6638619868939998,-0.3912931132331857,0.26494732072862814,2.2235577388656256,-1.405908779878471,0.758546691088956,0.6496116870355797,-0.18671092887905297,-0.21535380323531855,1.135924961555209,-1.2865581581006604
2024-10-02,-0.4670748931639755,-0.4921846108655731,-0.6445943702795011,-0.3546645030508575,0.27666576927097075,2.165247047206276,-1.385662438732373,0.7041844832398063,0.7351661970874028,-0.32204742366019545,-0.11548763636498656,1.2062229050661926,-1.3057705257531858
2024-10-03,-0.46007832405204613,-0.4752032785405241,-0.7148562849529002,-0.29824207429324767,0.3913999164818108,2.039766106816294,-1.465001256862258,0.9474581534531827,0.7933683259369078,-0.4132365981475941,-0.0632290261852789,1.033830964843535,-1.3159766244978806
2024-10-04,-0.5489859679614304,-0.49054134915138914,-0.7762077446637068,-0.3275856488644514,0.3605563678132343,1.9509269756142096,-1.4105936333594884,1.1097515411941894,0.8091179373413522,-0.4727406354522905,-0.043187024676154324,1.0811726788207732,-1.2416834966548504
2024-10-07,-0.5183415751137337,-0.5117747139308855,-0.7961740924484507,-0.26191634728110674,0.40206106856014256,2.0722431241397143,-1.4341862853047895,0.9042033741387298,0.8141130958274386,-0.4467732275134556,-0.010893455982919124,1.023210638519849,-1.2357716036105326
2024-10-08,-0.44794979873216645,-0.45191008518322323,-0.804651110194799,-0.23025490727673895,0.4438623313610718,2.002615509882701,-1.5362508523714615,1.0933262509549517,0.5345433576341005,-0.47615722023697155,0.12670050851685857,1.0068585318924408,-1.2607325162467666
2024-10-09,-0.47099857767360664,-0.4753424751902248,-0.8441836304515798,-0.20410490428402994,0.31495619147294374,1.927592616282908,-1.4091324799477285,1.3836699629181197,0.4988898111967292,-0.5020806955432439,0.16781660490543077,0.9197517786171973,-1.3068342023029147
2024-10-10,-0.5502931456665505,-0.4833012420666208,-0.9155203963455724,-0.1748158498477696,0.25816673088146525,2.089887467939834,-1.3867252758541477,1.1404044990710873,0.6333491273113458,-0.5091575931562714,0.14421813588698482,0.9317796306865422,-1.1779920888403257
2024-10-11,-0.5551264318403424,-0.46507422778238355,-0.8812295156902925,-0.20080776709279297,0.1493030176039377,2.143245017063495,-1.3637124909190297,0.9061440741878788,0.7153672412873102,-0.4261786342421271,0.14915535035476368,1.0615820611615037,-1.2326676940919217
2024-10-14,-0.558970590784358,-0.46027971120385525,-0.8459494160059572,-0.20900095529704624,0.1711927656901915,2.070033610775206,-1.3097569228575074,0.861341241326051,0.7729094164107072,-0.5574459338963659,0.23897282176804863,1.1309432941512756,-1.3039896200763905
2024-10-15,-0.6168357736048792,-0.46747471420304426,-0.8264948927447143,-0.2628191899828343,0.17514145156985134,2.063607830979253,-1.3341590219367563,0.9216416401215956,0.6953547701083823,-0.46341415886462334,0.3752253892322706,1.065406550892455,-1.3251798815669549
2024-10-16,-0.6708641389830349,-0.45975524616104957,-0.7897790236904771,-0.2712616513376752,0.2553010096140948,1.9197200082689887,-1.2690456138492336,1.005121244180558,0.5994370413959171,-0.5790971505542394,0.3550413685413003,1.2649850277871886,-1.359802875212338
2024-10-17,-0.6502754770089061,-0.4564629707333407,-0.7895574853025804,-0.2761392342451838,0.24412067604195015,1.8794871234423531,-1.2817648837554994,1.0773950797781322,0.5322063327468544,-0.5142493489553535,0.5028405482254801,1.1771177744844001,-1.4447181347183071
2024-10-18,-0.5805665710033514,-0.47381726530231577,-0.7855151501292417,-0.2584116280257,0.221844426640744,2.000066314291216,-1.2809480718596038,0.9479512044856419,0.5806554686371652,-0.5459682794164702,0.47476947950427795,1.1266930289252433,-1.4267529567476034
2024-10-21,-0.5856254151523109,-0.5315395525606649,-0.8150891622432272,-0.27930580953439066,0.22767758583609043,2.0362194454318945,-1.1204575635400627,0.8841600433458859,0.48758081270536335,-0.6090428718277962,0.3922499606663457,1.3039239804221172,-1.3907514535492425
2024-10-22,-0.650074964666547,-0.6212844463480703,-0.8553493960755767,-0.3247328974746563,0.21651280604266362,1.8982515755740441,-1.04549954527837,0.8859193107825347,0.5718581934578982,-0.5742401185625314,0.34003479591337377,1.5007804606819528,-1.342175774046719
2024-10-23,-0.7077015592103657,-0.6731279584150068,-0.9120116373472653,-0.31276134002529665,0.17224599988558748,1.8315998724945912,-0.9413277231003244,1.0591242988071676,0.5514754738244764,-0.5721053289213367,0.3121544465997873,1.5063272315775442,-1.3138917761695568
2024-10-24,-0.6898967943529702,-0.7036172768317318,-0.9107685781285859,-0.328004239565422,0.12845849688566566,1.8631125200225358,-0.8987119173735122,0.946817100558622,0.5726299750829299,-0.5376956108825575,0.3801389606203794,1.5245187178992188,-1.346981353934573
2024-10-25,-0.6694853633475106,-0.6605412461464629,-0.9160686570996748,-0.3548997200967834,0.19757849928186588,1.9011347509368564,-0.8808748877699009,0.8869243071938344,0.5345484568664213,-0.500865765928503,0.39991899834871814,1.4866345304340896,-1.4240039026729499
2024-10-28,-0.7301290444671094,-0.8287340272241351,-0.7912822176052279,-0.3449848417367717,0.18327247132531768,1.9106672455089453,-0.9561187944710214,0.9565301853958551,0.5501464948828203,-0.2110615729903248,0.20360748963740688,1.4662744884948116,-1.408187876750568
2024-10-29,-0.7320024347860182,-0.8229171310320521,-0.7765665038456556,-0.4111852110849248,0.23232856182794387,1.8958315425793155,-0.9019858033299427,0.9309849423166806,0.4686244708500363,-0.25227433622500345,0.12038993474899945,1.6004783167543972,-1.3517063487737773
2024-10-30,-0.6982936852354724,-0.8259471137631819,-0.7496901481954116,-0.5890514083736925,0.1935202925514642,1.942441054213005,-0.9120386823603719,1.0700884037511658,0.44706091163668277,-0.38186435220515336,0.20623141413642707,1.5091517621778847,-1.2116084483333471
2024-10-31,-0.7446875007750111,-0.8808456211469069,-0.7276187597617674,-0.6410975511620786,0.25146405159273455,1.867046971808472,-0.7928641792569768,1.241214148035852,0.4436676673404204,-0.41931017940980136,0.3278277325894894,1.3657226222553795,-1.2905194021098056
2024-11-01,-0.7184894272464379,-0.8697551568456472,-0.709847321155922,-0.6304173572253539,0.22437828421279224,1.8856001474629172,-0.874825781159968,1.2558908898116483,0.47575008982019995,-0.4496529086941851,0.24936723162860638,1.379796621506152,-1.2177953121148006
2024-11-04,-0.7260185612997953,-0.8726864853337143,-0.7081624341772674,-0.6868201058165654,0.19204923431299517,1.8478293547992317,-0.9410373839322898,1.4079344867049497,0.4687219223002082,-0.4556938876869813,0.2983154555409993,1.2892730585224126,-1.113704653934181
2024-11-05,-0.7432633485978701,-0.8769040684559688,-0.6936147885279714,-0.6317100947528939,0.3197171680856757,1.8990839241989017,-0.9749885558353819,0.824945156983977,0.5455828137916703,-0.45642223361336726,0.4873426819233044,1.5047391503547216,-1.2045078055547966
2024-11-06,-0.7037493032806003,-0.8565202608814199,-0.6968200682888963,-0.6320864052911837,0.29923380376301373,1.9198868417673038,-0.9806995152259042,0.6225136893125899,0.5481618373184406,-0.43328324505129134,0.5252838633103554,1.5943564653831457,-1.2062777028355531
2024-11-07,-0.7260904709296431,-0.8766176727528067,-0.7276112110080883,-0.6598381627109049,0.25981507616271976,1.8936639408113167,-0.9674634215201209,0.8233132037036335,0.5799713278665904,-0.49254343811702644,0.4682061857726169,1.5511888304686148,-1.125994187746903
2024-11-08,-0.7200593207030302,-0.8824590592530295,-0.7676780626348682,-0.6746508344973008,0.2145204329530225,1.8487315726053106,-1.0120752906066381,0.9071563613143702,0.6038148228162301,-0.5072437697347149,0.48987269826649377,1.5462492610226952,-1.046178811548542
2024-11-11,-0.7274105040582651,-0.8929908439325829,-0.768842377354808,-0.6409342417479313,0.17348419205466215,1.8481790971500667,-1.0165544567753462,0.9957088704587088,0.5483386111101439,-0.39726749185396243,0.4645081409222188,1.51856353373552,-1.1047825297084253
2024-11-12,-0.7269931394107091,-0.8665794447404986,-0.7229447720125027,-0.5902314174619128,0.1817591621307983,1.7564285549299177,-1.0594219975759,1.0036396292344305,0.45180896547518645,-0.4112558767981429,0.4694765760787287,1.6492458357176805,-1.1349320755670769
2024-11-13,-0.7088281157827286,-0.8743306732517958,-0.7062249526109617,-0.6114301922229447,0.18182143621875643,1.874632004125841,-1.0687887176673674,0.8312147161520613,0.39349925897714555,-0.3910737189568333,0.585863281766356,1.6082774757449467,-1.1146318024924766
2024-11-14,-0.6602513076766069,-0.8675047247571057,-0.6853356194197111,-0.5804693531155376,0.23351028461662574,1.8288606451958396,-1.1602708257434446,0.8680454314643109,0.40798844221242025,-0.4337017143029965,0.6545058744166409,1.5473283445824348,-1.1527054774728696
2024-11-15,-0.6365766763034366,-0.8163454417496044,-0.640117389337924,-0.5696439258248682,0.15348988437552066,1.8257719394984606,-1.146235371171114,0.7845689635009506,0.3598668446462535,-0.3389527961278531,0.7691911788536971,1.548607708017029,-1.2936249183771105
2024-11-18,-0.6346594008194599,-0.8028338837830234,-0.6761528639429658,-0.523452720654272,0.15812214381799555,1.8434504742164584,-1.1578676003335473,0.7386904768233364,0.3968689651155827,-0.28671161984128457,0.6865325857105995,1.572531141778607,-1.3145176980880258
2024-11-19,-0.6389918431278351,-0.8385435028508263,-0.7136179345630295,-0.5124208416477505,0.13351601271164434,1.8153480312384036,-1.1129264377714778,0.8371229353749973,0.4088190311518918,-0.3016690658515403,0.6853491157894185,1.552158914938063,-1.314144415391962
2024-11-20,-0.6039326006132288,-0.7790535906560818,-0.6595189801032397,-0.5249577159261726,0.1257459633605167,1.977842388291975,-1.0961132924610437,0.6873305180023295,0.3543744613239566,-0.3541248593022745,0.7217459298226037,1.4776472816249269,-1.32698550336427
2024-11-21,-0.6031683128203263,-0.7592247359870402,-0.6376419348410883,-0.5049971192988469,0.16353678109757888,1.9703787712323675,-1.100205404068063,0.6344275296796732,0.3425789226659084,-0.37867375217033694,0.7842288694340616,1.4579503544304486,-1.3691899693543337
2024-11-22,-0.6119189944570614,-0.7221351680522717,-0.6488155752999468,-0.5050380898035254,0.1095243494349719,1.8514791516361,-1.1252316899194947,0.847236755941719,0.29314741718745846,-0.362005381286008,0.8182540258051945,1.462335241814783,-1.4068320430019186
2024-11-25,-0.6625010494640996,-0.7845928748545674,-0.7114667701388878,-0.569509288285471,0.04000993076360741,1.9048303680146021,-0.8122851343187026,0.8756303187238772,0.2277608179966033,-0.3831832124398844,0.9532137688212026,1.3660572158609003,-1.4439640906791809
2024-11-26,-0.6715717455723119,-0.7932818996930479,-0.6873886073588099,-0.5867699424627542,0.03517326899742778,1.9064920270713002,-0.7892562537665273,0.977858672540244,0.1753158016687991,-0.39448287382597164,0.8298086143133587,1.4155391367783912,-1.4174361986900985
2024-11-27,-0.6685522613933267,-0.8204888038382078,-0.6823522980541118,-0.6075358552393061,0.07668885144408041,1.8436152614898087,-0.8518010330393054,1.0106728952046475,0.23463285194450983,-0.4530230306930333,0.7813933064971718,1.4849025321787754,-1.3481524165017023
2024-11-29,-0.6759433255966522,-0.8179824581228384,-0.6644111968638317,-0.5793762039781026,0.09018810951929634,1.8452115671529847,-0.9394203400712037,0.8572649666761487,0.3357243687005281,-0.3899926349367515,0.8525654437549617,1.4698211372900596,-1.3836494335245977
2024-12-02,-0.688442568506082,-0.7960374390719481,-0.5746496186802671,-0.5422699118215903,0.16188399411888157,1.8238180292907336,-0.9354832419902798,0.7845673377926252,0.34121194193753807,-0.47356505612584404,0.8824931393745518,1.4754244267782157,-1.458951033096535
2024-12-03,-0.6713729333885287,-0.8494640928436277,-0.5165107757135192,-0.5448304333004614,0.17067107136434015,1.8649984226568328,-0.9073923640186936,0.6834206086982113,0.3587462358973581,-0.4849735488304551,1.0310516400545158,1.3523849474893277,-1.4867287780653025
2024-12-04,-0.7129286284386459,-0.8194130722507732,-0.5067469066547006,-0.4382212056501366,0.19356065183974866,1.978869099422488,-0.911793565777211,0.687498174961948,0.338584353019123,-0.480446286002536,1.0398261304599565,1.1608464797453861,-1.5296352246746463
2024-12-05,-0.7300521533533366,-0.8276767809663577,-0.5221762622668886,-0.4621662580661878,0.15777291528094853,2.0424872585788147,-0.9526257896644955,0.9116991409869573,0.30299235455499346,-0.42614085298823906,0.9125859526112767,1.055907125952551,-1.462606650660035
2024-12-06,-0.797618725303212,-0.8650652086567882,-0.6060463549266749,-0.5246494076314315,0.08780650386786329,1.7389033242126881,-0.9437948404608195,1.4486194975077225,0.2663816520242038,-0.415441261813139,0.9151862377743017,1.0362963744806835,-1.3405777910753982
2024-12-09,-0.8469519681252554,-0.8675066902707665,-0.6058729699575235,-0.5183735241525536,-0.06345557579682906,1.6290220708617333,-0.7948276796763751,1.6788120630579386,0.19182401863497922,-0.3934501055259839,0.853504826742323,1.0585597892247032,-1.321284255016389
2024-12-10,-0.8337855420459704,-0.8608941404608711,-0.6536371926887663,-0.5235628929441384,-0.05201993124427474,1.6271712019317723,-0.7749843907868672,1.6871669368914388,0.19953895526573553,-0.38176919481290167,0.8599678531903153,1.0359203626099436,-1.3291120249054142
2024-12-11,-0.8781373661391022,-0.9160308850147959,-0.6777652412719173,-0.567360219592109,-0.10863133302796131,1.5684281018825226,-0.6867553467406851,1.792070273579532,0.14098825018223907,-0.45771161322872955,0.9277288538873099,1.0165223225640134,-1.1533457970803156
2024-12-12,-0.8768878492514145,-0.9197003209644393,-0.6408454844867819,-0.5646196718437194,-0.0920036383998148,1.5450984817050173,-0.5122764643753613,1.8854315583596863,-0.1332009351373033,-0.5833144077216151,0.9815606485988655,0.984268207726266,-1.0735101242093836
2024-12-13,-0.8551449966755137,-0.882003413013379,-0.5797189032475877,-0.5255271199875649,-0.09514708016073152,1.6302372760978665,-0.5643720130875349,2.0214390390587615,-0.2049165437380717,-0.6258365857882358,0.8090995976941057,0.8607631320010631,-0.988872389153176
2024-12-16,-0.8492969157616701,-0.8502857873136856,-0.5857804391919876,-0.47806789079780543,-0.10211875325413688,1.5355965125592985,-0.5513557780389454,1.9805236783644318,-0.2533108395781263,-0.7050213486791502,0.9037901064012512,0.9801639061573011,-1.0248364508667729
2024-12-17,-0.7934913116509514,-0.7738604784538056,-0.5676606205335287,-0.4390231589145208,-0.051156667296453545,1.6109872494383684,-0.6886719327068199,1.8847244879640648,-0.27389022130737084,-0.7239970696092741,0.9045092459967259,1.0071788633046168,-1.0956483862310518
2024-12-18,-0.8315916271779671,-0.8550678360950457,-0.6331543883474858,-0.5747780300438671,-0.19147398115617179,1.356639732868097,-0.6814821183224213,2.238064683523075,-0.41246598292125436,-0.7767941768822255,0.8690454384172294,0.8966231560363597,-0.4035648698983235
2024-12-19,-0.8433771616581439,-0.9069826179002523,-0.6784108557216472,-0.6583964655791961,-0.25449161948653276,1.318665581586656,-0.6124446989455103,2.1605867070222704,-0.449449136254127,-0.8022544214595677,0.8937335681596982,1.0223520126743704,-0.18953089243801752
2024-12-20,-0.8434841899469167,-0.8915542355258945,-0.6703455545544295,-0.6413723731340287,-0.30479493490184384,1.3522593593215795,-0.6234337355767122,2.0164475618208284,-0.4752703613137964,-0.8072682075549966,0.8961097224519355,1.232355515994866,-0.23964856708059062
2024-12-23,-0.8477911389052702,-0.9119769984836603,-0.7358411383212318,-0.6662928371552865,-0.3208982654656886,1.3555822742631545,-0.6064828498314097,2.0315741957546054,-0.4850147438454919,-0.7593355823449516,0.8541630250503353,1.2134074887983932,-0.12109342951349825
2024-12-24,-0.7987847369901375,-0.8779371111406787,-0.7782111167602,-0.6669610754740253,-0.3006662264439227,1.3772474561125236,-0.6129880661866817,1.9693288803591624,-0.45065669624201843,-0.7654984481669128,0.8914537103215124,1.282066503615934,-0.26839307300455134
2024-12-26,-0.7870757086185077,-0.8704924661779159,-0.8171569010744758,-0.6802495108602663,-0.3281886593150714,1.2106800493857897,-0.5506569036966793,2.129465771428889,-0.453419192054793,-0.7886098800561826,0.9224294765912681,1.1734336902294746,-0.16015976578152633
2024-12-27,-0.7640336825127259,-0.8706340434100229,-0.7945219949515262,-0.6389195034314773,-0.28668231414715617,1.154858403525915,-0.6310817541321724,2.2649441270257356,-0.44231318736034175,-0.7725944954599209,0.8397809360647106,1.0763805615444435,-0.13518305275546252
2024-12-30,-0.7532249508289197,-0.8378504336821709,-0.7714684575155119,-0.5934648493253152,-0.2897419239855265,1.1121761485423654,-0.6679555840652515,2.306961490041608,-0.445249761690159,-0.8052368595737818,0.8841360488484483,1.0200489953816774,-0.15912986214746533
2024-12-31,-0.7477605450536313,-0.8501211380052649,-0.7596489795656198,-0.5992930640015757,-0.2922558452935773,1.0973179330330918,-0.6316365243809297,2.350006458955802,-0.4817009204513327,-0.8364429003397228,0.879638062705273,0.9285825058285884,-0.05668504343110372
2025-01-02,-0.7460630138852947,-0.8686504210425363,-0.7769644161763081,-0.5937061091777934,-0.2887767049169356,1.0815671338762285,-0.5691799473128513,2.3927199772649743,-0.47678063448337266,-0.8490697822822979,0.7914535602191121,0.9248384548496714,-0.021388096932597616
2025-01-03,-0.7289475759506496,-0.8742694580106062,-0.789666728569576,-0.604033993429667,-0.24500730100920848,1.0928828799806045,-0.5671126635274326,2.3892887197595565,-0.43674271025529915,-0.8401168089769351,0.7393555071298665,0.9864250575759064,-0.12205492471656143
2025-01-06,-0.698591515779791,-0.8579328758611943,-0.7902647750492314,-0.5782515494476097,-0.2102284718568565,1.0148108800265676,-0.5401307030326437,2.5545631525921277,-0.4012572629794197,-0.8104057642364471,0.5718864658695817,0.8741630913491049,-0.12836067159418788
2025-01-07,-0.7265974237863818,-0.8829018261667204,-0.7922625291056149,-0.5466316526153444,-0.2609104872515531,1.0904203465843862,-0.5516835111922693,2.4665355221824377,-0.4014699125254093,-0.824881446062481,0.6524202518492966,0.9138331440376115,-0.13587047594796098
2025-01-08,-0.7060279484590481,-0.8460504478157493,-0.7814201606285486,-0.5296960158039715,-0.30546035674341776,0.9561331265126722,-0.49113368190059564,2.550773033585983,-0.40187968542619107,-0.8463134262717255,0.6428337587173358,0.908706417586316,-0.15046461335305963
2025-01-10,-0.7302878607901002,-0.8580220112183585,-0.7862482019933775,-0.5136913549757911,-0.2823167668209796,0.7427208000591651,-0.4134703796636833,2.676013151962161,-0.3409113062417686,-0.8561565315741206,0.6522927507009372,0.7782741337689029,-0.06819642321298788
2025-01-13,-0.7126829099199222,-0.8727606863164323,-0.8137107701502218,-0.5405824275060533,-0.286141504305225,0.7076306533158008,-0.3561964787780985,2.7240246494001052,-0.34296301763588477,-0.8261564862512153,0.642270755774533,0.6581626188568366,0.019105603515779338
2025-01-14,-0.6864006308970297,-0.888455949646189,-0.7232663324110656,-0.5362513556067634,-0.2837887354561839,0.6757862840538801,-0.2395269146531991,2.7348524463554336,-0.36638487864553837,-0.8558636664929056,0.6858770543631101,0.6893661894072088,-0.2059435103707603
2025-01-15,-0.7412892236342934,-0.923922069644869,-0.6887565301029321,-0.5694949340160705,-0.30140138666747884,0.6489420194872838,-0.12543806956374415,2.7279074397227085,-0.33965441822696646,-0.8647266948768292,0.7382775364317011,0.6223884134475123,-0.18283208235602053
2025-01-16,-0.7268268302665291,-0.9270062085186996,-0.7149679205216161,-0.5653263142348519,-0.3257572234197329,0.6177247149503886,-0.07239577734966014,2.7497194056962484,-0.37276935000325234,-0.8925474906858589,0.6206678270170481,0.6372685833981433,-0.027783416061627295
2025-01-17,-0.7412565485862407,-0.9636756399843815,-0.7641002407943879,-0.6020071709465145,-0.37418636745219136,0.3792180509621724,-0.05641255742822367,2.808848515628679,0.0029458197965291774,-0.8975625647021234,0.5410133767933888,0.531183061218277,0.135992265495015
2025-01-21,-0.7946686582296584,-1.0284287774184406,-0.7790426173939362,-0.6250061308495971,-0.4429474312490244,0.27613810476645695,0.048169284282540255,2.765858038209927,0.2035831699383071,-0.8794037335761246,0.5150368175181853,0.5010526026911111,0.23965933131025022
2025-01-22,-0.7864620263854746,-0.9987702838009873,-0.7677457838139093,-0.610791497908177,-0.4443653000736534,0.2682428176902463,0.2466300158018981,2.8126525228720216,0.0860929693428653,-0.8612741854952405,0.5142426868892039,0.3705045047797429,0.17104356010146568
2025-01-23,-0.7364525033985478,-0.9730233359808552,-0.7479339951827615,-0.5935291392611651,-0.41992338456079936,0.30959641529040727,0.19696761547112498,2.838349995601097,-0.05431226701380171,-0.8697897504744716,0.6098595699106755,0.2629438473299539,0.17724693226914573
2025-01-24,-0.7094537832950897,-0.9284121422365967,-0.7078840121381332,-0.5334994140209441,-0.38690649573218605,0.3564652972357085,0.23483108830943752,2.764047655289746,-0.09912417307464996,-1.0848911022517709,0.7658455730677483,0.32210965397260694,0.0068718548741261275
2025-01-27,-0.6741159605448862,-0.893516833882022,-0.6781166843471066,-0.5352758077942118,-0.44697946185329546,0.3196309955097267,0.0690045215994447,2.853955133318991,-0.13551034202040393,-0.9675588190131115,0.7025954885367448,0.30789723325330215,0.07799053723682796
2025-01-28,-0.6627917567661098,-0.8950097659332578,-0.6681002682098998,-0.5456409202410653,-0.4379246014641979,0.306151121484184,0.0988738364643785,2.875841652189362,-0.09722450576329279,-0.9634331776846503,0.6633356949090495,0.2605620045244396,0.06536068649106094
2025-01-29,-0.6608100617141072,-0.8933747997435514,-0.699363922413811,-0.5500957915448832,-0.4547414804350721,0.23868337318841695,0.4826096041035908,2.8495369860097957,-0.04975590737130928,-0.9788796040095847,0.5943426828843057,0.19437087009070245,-0.07252194904449229
2025-01-30,-0.6463998636296137,-0.8949588103893349,-0.7064173604407611,-0.5754607172991969,-0.47054552949204315,0.25297299699311654,0.4296359084574871,2.8634377172094543,0.03346068076887652,-0.9614987291493082,0.5612205122254732,0.18887315725198273,-0.07431996250613143
2025-01-31,-0.6327953340746301,-0.929356823562759,-0.7165719444033375,-0.5822242548231398,-0.46198022780247083,0.2690783938803444,0.33961082326611525,2.8375176740890207,0.07686991739193068,-0.9933601017441638,0.6397267040679547,0.1690252211118599,-0.015540047396725199
2025-02-03,-0.6153884046925809,-0.9348228700153028,-0.7010849349597582,-0.5685230865715943,-0.47096382971406986,0.281561889383247,0.2685868144331607,2.8558084200612135,0.053150934708727615,-0.991375987260042,0.6297722991674105,0.13443642927569321,0.05884232618389572
2025-02-04,-0.6041959809252218,-0.9158749907281537,-0.6132355079893387,-0.5527889563642658,-0.4551546521665371,0.2560180083793856,0.22763583273468413,2.901314688781207,0.05422236127300788,-1.002512310475288,0.597326515547561,0.08370669721415105,0.023538294718806873
2025-02-05,-0.6490528421522426,-0.9351202780899748,-0.6110765422625117,-0.5727425286331064,-0.4215393912619717,0.29784232569705227,0.09766638270979836,2.8794838966703447,0.0450859531071533,-0.9565034233923836,0.7149466422102296,0.08018641753339834,0.030823387864214687
2025-02-06,-0.6326462884456795,-0.9171565346864388,-0.5958294083489711,-0.6438616463133527,-0.6715078151881211,0.2539922350154716,0.2539636528125325,2.8162992105977636,-0.010746355728778032,-0.9105778561849993,0.7799390219805296,0.1136942529106799,0.16443753157936614
2025-02-07,-0.7153382134148555,-0.9795439192958576,-0.6481688256376203,-0.6892162190028698,-0.646218579819356,0.17959429880145963,0.3008344792678564,2.7080383258379452,-0.06265942968489036,-0.8910750902826576,0.8956182733323624,0.20507992236733097,0.343054977531152
2025-02-10,-0.8579505536598491,-1.2147942689678475,-0.7435444710193684,-0.8166962435847109,-0.7397999499635539,0.3030142577680751,0.4174536614566765,2.0325566124539822,0.0621865995364429,-0.9727178328120174,1.4431433558584321,0.5410391893936441,0.546109643540096
2025-02-11,-0.8321565982625571,-1.2477542986879828,-0.7508162643946971,-0.8077292464298772,-0.8029596234092805,0.32969892682228846,0.5029699849827739,1.785575062713144,0.0838802872144297,-1.0206194337684817,1.6275868634846333,0.5443421839563715,0.5879821557792319
2025-02-12,-0.8461664755617483,-1.2630223556336646,-0.7489168876916578,-0.8031592958769508,-0.7584258409988184,0.3267807408015221,0.548783807676838,1.6765901763353737,0.03910960969707723,-0.996991069273533,1.7700965684461807,0.5670808392184016,0.48824018286097876
2025-02-13,-0.8147426556599082,-1.2399205652780898,-0.7441192711412622,-0.8033621239829853,-0.7131835514583711,0.22436492914024703,0.6318453688641354,1.636289982643324,0.10605437556893178,-1.0390355443943888,1.863406274994465,0.4092783103302002,0.48312447037369965
2025-02-14,-0.7970189536746318,-1.2052194944178205,-0.7309906446208507,-0.7758914023813756,-0.761381270216738,0.1678197337193364,0.643483954122499,1.5259465414341176,0.1273853339311665,-0.9823122021715308,2.003129689663796,0.6410792175988057,0.14396949701322936
2025-02-18,-0.8550054019574896,-1.2333964731567635,-0.7542965537091242,-0.7993898237781724,-0.7638088440736372,0.1176907682804081,0.8280568856608215,1.6574427570146144,0.04744398326968424,-0.8859775603034508,1.8409174901596155,0.48146055844867014,0.3188622141448213
2025-02-19,-0.8725196725197898,-1.202762945938219,-0.7370174426739513,-0.796178941212401,-0.7863392271234332,0.052457953873120945,0.6838331374587814,1.5954993179973656,0.10829766659865858,-0.8476576711060512,1.9769742777846921,0.4383493199582766,0.38706422690294806
2025-02-20,-0.8906822917238846,-1.2007411528031438,-0.695155213666057,-0.7705108413858086,-0.866020179892284,0.1320672446669348,0.5023060151645203,1.614924651263074,0.14215668911406762,-0.8177943000409672,1.9920673356827252,0.5616798267470415,0.2957022168737837
2025-02-21,-0.98348715349515,-1.2125981162123058,-0.7116432077606217,-0.788607339438755,-0.86582160608838,0.0446595089514935,0.304971563723195,1.5554993254792648,0.06687855168778234,-0.7588372441075558,1.8176315625480377,0.5277906228507748,1.0035635318622194
2025-02-24,-0.9826494349389224,-1.1429616881375684,-0.7570299816781545,-0.7624962597966979,-0.866333251177712,0.16287808032540896,0.1943675760862029,1.6802732776954399,-0.0030409110868540616,-0.8241704618080008,1.6432093113829342,0.527666592017633,1.1302871511162937
2025-02-25,-0.9649543739347103,-1.100179287097116,-0.7723331351387954,-0.7693471098486943,-0.8081922892650525,0.16137705200672386,0.0840771283219666,1.6893312877265412,-0.07379058007676549,-0.8929126750084068,1.528634910259068,0.6847639726529746,1.2335250994022682
2025-02-26,-0.8881018822959221,-1.0366706554219174,-0.6769190947734142,-0.7341721708273333,-0.7453567845478228,-0.1868433975883321,0.09554188775341264,1.592093747773586,-0.08922523066925789,-0.8955714492659284,1.4272900008811307,0.4084928318432244,1.7294421971385718
2025-02-27,-0.703245932439083,-0.9958924671872831,-0.5954322420607284,-0.5834970010924135,-0.5515351136858535,-0.35173563243679223,0.48070331488035517,2.268598975683101,-0.23802549935875172,-0.9974074599561297,1.1387508000494755,-0.1525353907465995,1.2812536483507029
2025-02-28,-0.6424336339577515,-0.9570700468121109,-0.4900472835994628,-0.5799172148796524,-0.5207938864637296,-0.189816166308116,0.3408426751317907,2.3886863864345895,-0.22768921696436173,-1.1210132146078768,1.3746714300706508,-0.2226435832646973,0.8472237552207287
2025-03-03,-0.6494510781892187,-0.9867693066331458,-0.5035591022093241,-0.572995415013579,-0.5327440850420585,-0.26223008577795914,0.30449925312924453,2.269503829480973,-0.20019353593778128,-1.1652757899217034,1.4281460798476757,-0.1166105897979486,0.9876798260648251
2025-03-04,-0.6873420968574165,-1.0918989812123943,-0.4593855003762616,-0.6307258371002261,-0.5358064267529586,-0.2823482232638568,0.24035211190127578,2.111166175058105,-0.15770159501382405,-1.0752666331139586,1.5461654464302668,-0.10102545300249832,1.1238170133037462
2025-03-05,-0.6786198329871663,-1.0986215484471091,-0.4438422835555315,-0.6308746153251581,-0.539791756019141,-0.38903614327518,0.28839039336054434,2.0793739599914467,-0.10163671695713912,-1.0955771274445447,1.4577852845512977,-0.09010414407204186,1.2425545301797214
2025-03-06,-0.6417787904643457,-1.0264367645776136,-0.3676784462093672,-0.5612269286415077,-0.4783007082181543,-0.4426150009048814,0.21205498849076462,2.2313944631072884,-0.22376511692817652,-1.0890755584352625,1.4032540372072213,-0.1956771894350698,1.179851015009105
2025-03-07,-0.5463469581353833,-0.9118966970794029,-0.3073766116559077,-0.514945482861806,-0.4556867733671208,-0.48297319378784587,0.27266382385203625,2.7115487217229832,-0.24807908946433377,-0.9651098431886779,0.9644617763830261,-0.30693558353962,0.7906759111220496
2025-03-10,-0.5562013091526299,-0.9315206725390437,-0.47219759268428674,-0.5728907883688403,-0.4783433139467276,-0.4665783159190978,0.24131938463707828,2.636107922026957,-0.13623299810132247,-0.9726393812058444,1.0301522653754238,-0.19038826084975846,0.8694130607280908
2025-03-11,-0.5441880242535694,-0.9254059366672805,-0.45619851827012287,-0.5525500066112317,-0.4830797439130145,-0.46987783771561514,0.27165177604252827,2.635625929400381,-0.15322273287165816,-0.976823512492295,1.0890179631969237,-0.23531735694289194,0.800368001097847
2025-03-12,-0.5133882191455243,-0.8982609297506486,-0.4771765369226934,-0.57574594445388,-0.4608215030223516,-0.4579467573081576,0.23740555978165745,2.655051530577042,-0.2142051224201638,-0.9771192709171292,1.1951843524692038,-0.14050688254346788,0.6275297236561137
2025-03-13,-0.5721423515093966,-0.9063456570735068,-0.5277716228659837,-0.5827348412608604,-0.4861364854140092,-0.37667855355461655,0.11947185911774756,2.7152426337374593,-0.06912510496305682,-0.9415079206638959,1.0986355012706923,-0.07446075559464879,0.603553298774075
2025-03-14,-0.5529043621160201,-0.9096034028740122,-0.5549943098812933,-0.5522092127895922,-0.40203159119098186,-0.3414484947244198,-0.018064969476009905,2.7856690807969327,-0.024328321167043167,-0.9345840396643228,1.057505196299319,-0.02470756904589028,0.471701995833335
2025-03-17,-0.46352500299381105,-0.8416679300805838,-0.5062525836516206,-0.531164484766657,-0.3829701884363662,-0.41095186792387034,0.05100546298551116,2.8696391197708415,0.01029502993371013,-0.8864619841618936,0.9616305701428856,-0.2995997059325256,0.43002356511437734
2025-03-18,-0.46600984100733756,-0.8867604236702834,-0.5471364244411322,-0.5785214944314763,-0.41021827163347946,-0.3956238950242047,0.211744120714067,2.811123144645454,0.012684962188597531,-0.8612267000918165,0.9304311187422551,-0.39331260470328316,0.5728263087126405
2025-03-19,-0.48457536552356717,-0.912627428347379,-0.598923142023632,-0.6175365090628983,-0.4079396204991398,-0.3351822088742348,0.23968026952460245,2.770333840471257,-0.060402411213606524,-0.7928458132536417,0.816840328740091,-0.44417263337485036,0.8273506934369979
2025-03-20,-0.48014952151938434,-0.854733575188022,-0.5807980669745657,-0.586794835838331,-0.42749739127377506,-0.3380664219821675,0.1607221778586027,2.873196246858843,-0.09000022547606272,-0.7158015430962789,0.7489890914620927,-0.4269503404371894,0.7178844056062375
2025-03-21,-0.47586405112542024,-0.8875887146649907,-0.6311118632846563,-0.5917826467980033,-0.4721335611254946,-0.31959935733645634,0.17454849524378985,2.7378742426612646,-0.023976240756251987,-0.770914905486789,0.9513181114443212,-0.4927068726961342,0.80193736392482
2025-03-24,-0.47838827292579766,-0.9008600276791967,-0.6264727212839075,-0.6189336833573443,-0.4769894359077952,-0.30750263216214024,0.21165125600080473,2.6949121144023493,-0.008538732810335879,-0.7896345027884505,0.9098864254145763,-0.5210653888549753,0.9119356019522126
2025-03-25,-0.4167512010862658,-0.8901295851700347,-0.6097119579725742,-0.6057474623362029,-0.4452697280098633,-0.2941895348285917,0.20398237051075643,2.724718460621403,-0.017738979429468064,-0.8168716573930438,0.864501309197259,-0.584559369516058,0.8877673354126844
2025-03-26,-0.25613030773032813,-0.898484588742672,-0.5510931409589257,-0.5829691210506902,-0.42197541573309133,-0.2863389818302274,0.3390472497705727,2.636046110877788,-0.1176357622790256,-0.9957941477138271,0.9756973606660729,-0.6914336726175431,0.8510644173418977
2025-03-27,-0.21818969131894797,-0.8792721841709459,-0.5751671286191349,-0.5464336416210606,-0.41025389423739816,-0.3455507509706443,0.21568913784705068,2.648167503813023,-0.1273659545318387,-0.9913363514898333,1.0653708732091491,-0.6442417606460066,0.8085838427365867
2025-03-28,-0.28742313102140654,-0.8791293515363137,-0.6190104369598477,-0.5707592416360643,-0.3779035954091934,-0.3275972933837846,0.060483217474559245,2.5754419691683865,-0.06092748158135013,-1.0264270532764759,1.1792766804500805,-0.555909364497639,0.8898850822090498
2025-03-31,-0.21366765529361406,-0.8587283416855835,-0.6039914032539845,-0.5372111476257033,-0.315672616045365,-0.36082920471132174,0.03790768894157368,2.5512165379940717,-0.08333953582407541,-1.082370865494369,1.2827516155366472,-0.6089964080863248,0.7929313355480487
2025-04-01,-0.2603875967423891,-0.8741603105814514,-0.6253672357385544,-0.5607054674006118,-0.3217403750189712,-0.2841421163954105,0.04757678964227149,2.535567981081747,-0.09209750754433942,-1.0919695151260127,1.3033849348239748,-0.5670071778243413,0.7910475968240872
2025-04-02,-0.19630694763403206,-0.8064000003520917,-0.5696895753268031,-0.5354503627479531,-0.25140299753914785,-0.3698005838212356,0.09890270926781038,2.735509440524229,-0.15425109451228966,-1.01655596461087,1.0098505858953533,-0.6536190370536117,0.7092138279106408
2025-04-03,-0.16232922197614263,-0.7804886358288192,-0.5434541027068623,-0.5134060243752933,-0.27762558386370406,-0.30673692242402334,0.04523513268125469,2.8481764086450863,-0.15306111250930346,-1.0243753881395605,0.9013929412955066,-0.5798700990601895,0.5465426082620516
2025-04-04,-0.21329691491382868,-0.7485272404776608,-0.5500137699607772,-0.5142823629463378,-0.30889310292236416,-0.323230247458994,0.11475466730120412,2.8776409714804787,-0.16348100516799946,-0.9748096965652749,0.825467467246311,-0.5914943849935977,0.5701656193788406
2025-04-07,-0.11290664522379985,-0.7159086120770447,-0.4905626346915846,-0.5127437625681123,-0.31883894057390416,-0.3180411599515113,0.11999026136049637,2.817833924631166,-0.20180908311477522,-1.0586109299693047,0.8992921675530311,-0.7010974272477993,0.5934028418731442
2025-04-08,-0.15097308460957964,-0.7528230166428498,-0.4854185687276422,-0.5516791067217741,-0.3981713534584522,-0.29140991407960065,-0.008527753206863744,2.8357270492936513,-0.0615003641956152,-1.0024587419543316,0.9575985917280466,-0.6178157546950435,0.5274520172700545
2025-04-09,-0.11472207046361267,-0.7517527145726387,-0.47753216319354147,-0.5368934030251221,-0.414583459217279,-0.3024761306810846,-0.11555328962438174,2.702025183353549,-0.05501945153257329,-1.026822569076025,1.1029059703911948,-0.7307053515039912,0.7211294491455068
2025-04-10,-0.19650780981554106,-0.7689464730565174,-0.5457737946288812,-0.5497126912703229,-0.4002664230031587,-0.2914266554527174,-0.17469808347177376,2.6721501129499137,-0.03268222253770174,-1.0124055854615766,1.007374780385351,-0.6505073227366185,0.9434021680995452
2025-04-11,-0.28624941258459397,-0.7752331977700023,-0.5606890247363906,-0.5619961081111831,-0.393312654555667,-0.19388475938739397,-0.13433409376209524,2.7882540652692054,-0.04829130993777021,-0.9345923475079602,0.9741266600853912,-0.5962505891170359,0.7224527721154971
2025-04-14,-0.28945770188182535,-0.7597502829278487,-0.5661857599753813,-0.5724100611914925,-0.4439804818848495,-0.1928318959248781,-0.09594485321416958,2.761103504294213,-0.017399859528048713,-0.9228278132405325,0.9275364148139749,-0.6543707535241674,0.826519544185006
2025-04-15,-0.34953574014123756,-0.7309478907104576,-0.5735033902386858,-0.5686168572667505,-0.4229712895791795,-0.20492961850200295,-0.09610387949539598,2.7834293334801217,-0.10141442642290097,-0.8806575712241081,0.968287440344425,-0.6095910054855385,0.7865548952417115
2025-04-16,-0.39056691330484933,-0.7325763997013158,-0.5929077247000597,-0.5869263204831641,-0.4282002617694304,-0.22749908458321677,-0.18545578916383282,2.7226650843049347,-0.10405821256385425,-0.8317944339129881,1.0995359007115966,-0.5737605023888467,0.8315446575550264
2025-04-17,-0.3657278683387468,-0.7255067170837894,-0.59709496509369,-0.5880396086421803,-0.44762192970801645,-0.24089969038268513,-0.17842507176109368,2.7115051219951223,-0.11032688456304383,-0.8363357082470666,1.040601513019636,-0.5872112170807495,0.9250830258863028
2025-04-21,-0.3622204263815631,-0.7401912524466239,-0.5999917275317893,-0.5998587264265665,-0.47963834647328074,-0.2852118706908601,-0.10829531486057101,2.6446876409507984,-0.12668086108903404,-0.855213175298582,1.1160118314245717,-0.5801674694512938,0.9767696982747948
2025-04-22,-0.3772147778631692,-0.7406030994317101,-0.625598660208967,-0.6002978382672337,-0.47543966518237124,-0.23518500318850102,-0.11668745118897814,2.6918535203292695,-0.13425224249425152,-0.8038575888766758,0.9515399819673928,-0.5851571541471128,1.0508999785523083
2025-04-23,-0.3485869866775578,-0.7048169371228996,-0.6193958218487974,-0.578645340055454,-0.47550941362613464,-0.26663271735858135,0.016425370699197743,2.807925621255744,-0.1079678126894452,-0.8379267734558612,0.8352084394307069,-0.5779491700601318,0.8578715415092146
2025-04-24,-0.39943031860100114,-0.7420293535665622,-0.6436255175985193,-0.5749017524932212,-0.4510377156630736,-0.15612765396376405,0.1354724657802778,2.895517574520545,-0.14336667579809895,-0.8213776758892354,0.770452010156414,-0.4904594556133064,0.6209140687295442
2025-04-25,-0.3831752343784981,-0.7439095780764718,-0.6408824939750661,-0.5770908298626315,-0.4336193372344526,-0.22126160160904174,0.2864216649465602,2.8472396171448104,-0.18342745545742747,-0.8704104660050741,0.7172980480825695,-0.5325761214250057,0.7353937878497292
2025-04-28,-0.3036412445121473,-0.7070969355570261,-0.6155545262416026,-0.5366037569452821,-0.41014233808208544,-0.25225088121547096,0.2935029448773884,2.8967108485903448,-0.17364269229219298,-0.8623686228335385,0.5886473362459694,-0.6326883347895992,0.7151282027552405
2025-04-29,-0.2662272507525972,-0.6772387194605188,-0.6077564987968788,-0.47855133998796145,-0.38351231014827614,-0.19002555933717294,0.1285515900576843,2.903425192484196,-0.2054135156908442,-0.8377089371668333,0.563173654856975,-0.7424942432161497,0.793777937158379
2025-04-30,-0.2604063806831616,-0.6546266546301734,-0.6101150624071174,-0.47282475169162674,-0.23335182979719252,-0.21411902375814956,0.04820926785095037,2.903741750655304,-0.22022068782454005,-0.8460748847952109,0.6362620592626991,-0.8132901614073029,0.7368163592255207
2025-05-01,-0.15041326631350863,-0.6396048925167278,-0.6740898040374667,-0.4775499971954395,-0.16722639229332845,-0.2546492983960208,0.1296245456025763,2.918188780922435,-0.222811497148869,-0.8553642493451896,0.7054696584612624,-0.838747883560237,0.5271742958205131
2025-05-02,-0.19146864222062845,-0.6225098388572643,-0.6321783724411993,-0.4880039863568404,-0.10527185648921733,-0.23891903025443306,-0.07442666912342652,2.9172500636111667,-0.21485177654925247,-0.8516110956150057,0.7013324444389846,-0.8313924723118867,0.6320512321690045
2025-05-05,-0.2195924983671583,-0.6134408276638942,-0.6368095376747954,-0.45782490884642724,-0.17002270133535907,-0.2697744586610812,0.044205170582470095,2.939212718654993,-0.19700928532448772,-0.8522262234734583,0.7697782602756765,-0.8020666475002353,0.4655709393337552
2025-05-06,-0.2379153605581393,-0.5544994847824513,-0.5890741176197514,-0.49868285296798737,-0.22665608622884564,-0.2124042513568774,0.11011833745158399,2.9709311296478065,-0.1774897686082362,-0.8925838641334395,0.7074321782432957,-0.7898623502137359,0.39068649112677667
2025-05-07,-0.23309349645109848,-0.4983737754410369,-0.5468889561911657,-0.47753066453613124,-0.1559436733203579,-0.2251351238701232,0.11037037109283235,2.9482645366216818,-0.08521622483606685,-0.9818959180983869,0.7443175201422126,-0.8851005650760246,0.2862259699636651
2025-05-08,-0.3686572002556163,-0.5229248549728015,-0.5301576985010898,-0.44473398363545474,-0.15019539141995888,-0.2167442504557732,0.05235949502222793,2.9930757926579763,-0.04351032027397489,-0.9361200061063869,0.6757822193414014,-0.8095098441639245,0.3013360427633748
2025-05-09,-0.3728647910563451,-0.512703778604808,-0.5111581706907592,-0.4494145912279166,-0.14334621009335818,-0.2287937885802841,0.014055140053545452,2.932194363433959,0.02115563810920791,-1.0065553193878864,0.7906309002523217,-0.8510418569694614,0.31784246476178496
2025-05-12,-0.367695351241793,-0.5119068120862416,-0.5442000884883993,-0.45688535758706783,-0.19537913734285137,-0.1874124779813431,0.10065659188441167,3.0781001846159386,0.0010280371960217404,-0.8399090077630893,0.5559352141189974,-0.7194590464532407,0.08712725112865645
2025-05-13,-0.349739836846766,-0.47380200491334695,-0.5067266684785348,-0.44255466557161066,-0.22317543348329483,-0.18960336549749532,0.09488127688374998,3.0739979571003677,-0.049002551532647404,-0.8609024190811573,0.5944137735053086,-0.7440719426714989,0.07628588058692556
2025-05-14,-0.3468117799441749,-0.48853244742901236,-0.5107840918977099,-0.4597521325697047,-0.2713468438492687,-0.15865689282384254,0.07889474395066882,3.060876304214516,0.01678764719244803,-0.878839308570653,0.5894274862868284,-0.7489237205269769,0.11766103596688093
2025-05-15,-0.31937696389166026,-0.4888349762772032,-0.4832821434497127,-0.4593559202356309,-0.3092058090627595,-0.1961244151606725,0.0720869340243652,3.0985588768081898,-0.07255727587620141,-0.8458933794260769,0.5065221110106456,-0.6816729903344367,0.179135951871153
2025-05-16,-0.3392375572922489,-0.4815940437256541,-0.4919898170566025,-0.45954850240139833,-0.3110073128474179,-0.19358219104432323,0.03212851716906975,3.1026574372927667,-0.08612763267148377,-0.8240723539731625,0.5633761628692653,-0.6450930785409749,0.13409037222216388
2025-05-19,-0.33078539397779705,-0.47768732555474364,-0.47191745180202105,-0.44333004668748105,-0.30114722522946724,-0.22231609709092295,0.0029396863007061735,3.089075836905278,-0.08008340041226274,-0.8326274537402022,0.6509598352698978,-0.6570632064350457,0.07398224245406122
2025-05-20,-0.2958883651548906,-0.4692811016108781,-0.4629835178959149,-0.41365080979059965,-0.29231150142481643,-0.26368731405923557,0.06197891759971823,3.1075412312487494,-0.12664008968856916,-0.8147854779947102,0.6244446588896085,-0.649043183724568,-0.005693446393894298
2025-05-21,-0.2927802793199331,-0.46717910504020566,-0.4737631915238185,-0.4102492528315464,-0.285307409048532,-0.28586005205422577,0.007274594023210843,3.1041611068365964,-0.1102587577304578,-0.8244656327137849,0.6315655785333069,-0.6412427309179224,0.04810513178731279
2025-05-22,-0.29723802420496065,-0.48155306712657187,-0.4956562791111986,-0.419659153858486,-0.2884473936176225,-0.28253742121730824,-0.000806647451956176,3.0920846135901154,-0.11581005696514661,-0.8087249342261046,0.6919993827075365,-0.6219625160882475,0.02831149756995013
2025-05-23,-0.30781147305961176,-0.4881624448732934,-0.49107644682460033,-0.39415223256505016,-0.27048695720426574,-0.29881193626502944,0.03396829718336653,3.1122668001445843,-0.12500424527008477,-0.7906319591816722,0.6611639942282873,-0.5825050429852615,-0.05875635332736934
2025-05-27,-0.31588090034716004,-0.4710552590152231,-0.47807864545525125,-0.37520458823773883,-0.2597526148926864,-0.29054305479387654,-0.05245441335084112,3.141633754949195,-0.07811813293169148,-0.7294087707757142,0.6513244391120054,-0.5237101298898134,-0.2187516843712036
2025-05-28,-0.3291260488514599,-0.48046156555086444,-0.4745877310931812,-0.3848779322715223,-0.26823244095487103,-0.27206587672347565,0.06635925949809347,3.138588219868792,-0.08449081551276214,-0.7107957342781155,0.6358812305301316,-0.5181917321563241,-0.317998832504441
2025-05-29,-0.31085672742451037,-0.4731289499623004,-0.4664876364461673,-0.38264970229288003,-0.2666739010804646,-0.37392730597871315,0.09489311517316293,3.144942016378144,-0.09899445539782072,-0.7056343055131216,0.6024715563320716,-0.5275442082407473,-0.23640949554665336
2025-05-30,-0.29514493321259483,-0.447963342620329,-0.4493299495267706,-0.3571384897519412,-0.25725825857962886,-0.3669311490511989,0.10932053254240096,3.1761475965768953,-0.09124328622205873,-0.703744505096767,0.47611998695342644,-0.5333901826399455,-0.2594440193714867
2025-06-02,-0.2759137877800798,-0.4282638304054998,-0.4431164194277139,-0.3602246974806071,-0.2560423585729256,-0.40314105658840077,0.08823632277227819,3.1835376598137937,-0.0784627440512431,-0.6903039511904219,0.46378415417040486,-0.5134608537993532,-0.2866284374602316
2025-06-03,-0.2993420665898182,-0.3996083722936638,-0.45891844881403987,-0.36198729302933874,-0.2319636055908303,-0.4189586305191992,0.06729814958252177,3.171622739139348,-0.054957649645732985,-0.7159315842628401,0.5121549930417753,-0.4773721569730844,-0.33203607404509783
2025-06-04,-0.3580424478898186,-0.3742100389612668,-0.448762557163185,-0.3714504702974264,-0.2017772771754983,-0.3888415876835299,0.043791271909596675,3.166189709708932,-0.028548332665204113,-0.6882830723235739,0.5453572923652593,-0.46971664734411145,-0.4257058424801732
2025-06-05,-0.3892674846948302,-0.3749748602123106,-0.4512964304640977,-0.37545577215434633,-0.19875717158777848,-0.3888743589499948,0.018412680404850626,3.1649439143381315,-0.01545153526461018,-0.6873121557250229,0.5586208978293643,-0.4423937540164036,-0.4181939695029523
2025-06-06,-0.4058790733430538,-0.38232015914155265,-0.47409304809832115,-0.3965399218717333,-0.2272692069740586,-0.43928848640662826,0.053959406018375795,3.0979351597813722,0.028397327736189224,-0.7455535760399753,0.7382386123041536,-0.45109851349872493,-0.3964885204660425
2025-06-09,-0.43815519305819406,-0.4080320640150071,-0.5588755463375207,-0.4039601216678994,-0.22587029045015855,-0.4447087564085333,0.05827475310236495,3.04978256529979,0.03841738826938384,-0.7512203027857067,0.8619831477851477,-0.4159283340449721,-0.36170724568869467
2025-06-10,-0.417169115880476,-0.39387041088832236,-0.5245614244331906,-0.3769401190742737,-0.24866839613429145,-0.46145688043531263,0.09989382035609304,3.0902865927383623,-0.017012265100687655,-0.7293939331952163,0.7598113689395016,-0.4374882899160666,-0.34343094697611837
2025-06-11,-0.43141642503512057,-0.41788899309626754,-0.569785038302239,-0.41426665090506126,-0.2715007220125147,-0.48458629613361065,0.14751944119267607,3.037601474751665,-0.005420577862095303,-0.7520924392139632,0.8740572525525722,-0.3905901367842062,-0.3216308891518347
2025-06-12,-0.4481645254762648,-0.456407037823645,-0.5897914028353315,-0.3990974444724053,-0.2515486080336749,-0.49839450041015126,0.176041792708144,3.0334206616463493,0.002769378735216917,-0.7675548513224211,0.8543310751817801,-0.38007435058322586,-0.2755301873143706
2025-06-13,-0.42674963575949404,-0.467720008808785,-0.5789676179386718,-0.4092114402088603,-0.2670956771892179,-0.45875043777874086,0.21607039071400755,3.0697960051745206,-0.012036358629201493,-0.7309544288187851,0.7543575966604598,-0.38717296998080114,-0.30156541743643145
2025-06-16,-0.505185665668508,-0.48660593485363324,-0.5776003983741459,-0.430320795730394,-0.2847727534116237,-0.4329972815836383,0.30450974466121644,3.0539569035092313,-0.040361955205900996,-0.7630417824673118,0.7381310856712429,-0.3462583118146641,-0.2294528547318695
2025-06-17,-0.4955027988087988,-0.4643300348910335,-0.5538282476387123,-0.41327622961216864,-0.2727738597464765,-0.43010875369336504,0.2687458925017757,3.088950562007832,-0.02423575066555264,-0.7531487832813947,0.6564626036849635,-0.3542317226262604,-0.25272287723080716
2025-06-18,-0.48120725986929225,-0.44515318302779167,-0.5114114374441532,-0.38097394081850067,-0.2580820678413205,-0.4386331367720665,0.24683401727518123,3.110875348401153,-0.1769493319289441,-0.7190183190117405,0.6515409446259434,-0.384404098711769,-0.21341753487669904
2025-06-20,-0.5016976517387888,-0.45489060856413893,-0.5355579617687651,-0.3917733559343942,-0.26903748129396843,-0.4683261350950239,0.25721396388307344,3.0489267223558483,-0.21070775221633187,-0.7339770287494318,0.8310317503324147,-0.3576109699707315,-0.21359349123976148
2025-06-23,-0.5256104331549765,-0.4644489907090076,-0.5521984456953019,-0.39589534633463186,-0.26390686437070854,-0.46746836450109175,0.23355196479252605,2.996824344010146,-0.2453257899600426,-0.7793829210461863,0.9592170277440156,-0.32603536465326566,-0.16932081612147493
2025-06-24,-0.5301757646942985,-0.46019070280984103,-0.512527935207906,-0.3862718941347208,-0.22084607010238988,-0.5067253198219533,0.2828842077937863,2.9783823698083953,-0.20726915880209706,-0.8318100384789224,0.9582493884337966,-0.3978885441871406,-0.16581053779670807
2025-06-25,-0.5319095881519872,-0.4735295964831479,-0.5246521906008779,-0.4156930570344932,-0.24959993244447648,-0.48496505074961094,0.3070589746832704,2.9761762933470925,-0.18246183158823118,-0.8112130167227178,0.9639351595456372,-0.35937888504496673,-0.21376727875549073
2025-06-26,-0.5426632252923455,-0.48961923138689123,-0.5462245752344698,-0.4438342916625214,-0.269093285404085,-0.4652375282220395,0.22176429210119622,3.0130998233316717,-0.16384258627036402,-0.7725658099269739,0.8883678531941197,-0.37034559822623236,-0.05980583700106557
2025-06-27,-0.5709753216990393,-0.5101887446826426,-0.5693906486558776,-0.44711693084705423,-0.29151020448870896,-0.41497543438321494,0.30856985428248757,2.9955518172927977,-0.11709417114209687,-0.8034199558655909,0.8798720438991224,-0.3414389163830525,-0.11788338732712941
2025-06-30,-0.5564031918226736,-0.5052951742550118,-0.5764781136837454,-0.43876598973561953,-0.29542029746028703,-0.4641263309408155,0.2611447802484618,2.9815245419947876,-0.06583599998557642,-0.7980709290323978,0.9312592888852286,-0.3577333697669306,-0.11579921444542059
2025-07-01,-0.5685324744535335,-0.4991314864548692,-0.5719855080308571,-0.46429387391905236,-0.29290911059904284,-0.4305257540685276,0.19598872163679915,3.0092845208494365,-0.056457577654950325,-0.7926415324506213,0.8852364067079059,-0.3037796530916317,-0.11025267847105574
2025-07-02,-0.5527580886989681,-0.4843774920930249,-0.5635050414123041,-0.47451310620037007,-0.29633680813613117,-0.4294777820499873,0.12575527551575838,3.023981248165377,-0.054238044533157316,-0.740539949002485,0.904324489074178,-0.30134643426358704,-0.15696826636529765
2025-07-03,-0.5651754101733296,-0.49880639146305716,-0.5909095654268425,-0.4755608631015095,-0.25426050927311894,-0.43965160012398374,0.0781644105066799,2.9877569522806757,-0.06288454253009275,-0.7425778148548939,0.9986347777084844,-0.31367394487505473,-0.12105549867395775
2025-07-07,-0.6024217851357336,-0.5358200618295329,-0.6282778253026222,-0.5175638439171948,-0.2808066448642752,-0.43918825331286127,-0.015509905339455374,2.9306446163745608,-0.06675072513286436,-0.7378802221344413,1.0828145198295689,-0.3036729752675812,0.11443310603243206
2025-07-08,-0.6138716312781951,-0.5339312479867003,-0.626462436114553,-0.5180446215444268,-0.24395081535718674,-0.41359395841324215,-0.1732002747541373,2.930697892607373,-0.040725812723965665,-0.7370619712872502,1.0718992404328205,-0.30448050892713024,0.20272614534659503
2025-07-09,-0.601494779440037,-0.4954740596262347,-0.6027066047992146,-0.46783413178475597,-0.19207603039174612,-0.43092828125574917,-0.3709287893461033,2.8980449876521637,-0.03190445062797835,-0.7229070914622531,1.180811173195588,-0.326854303924064,0.16425236181038524
2025-07-10,-0.6129084345569661,-0.5113294785879131,-0.6041371772770135,-0.4607147892058223,-0.2475679032068087,-0.4057940560163847,-0.3619512995366048,2.928110398142722,-0.09126625882144038,-0.6844092107072121,1.1187474161989104,-0.2826651831571505,0.21588597673168355
2025-07-11,-0.6214319762487498,-0.4984952253950703,-0.5774824663309315,-0.4367007688728847,-0.2284009745691828,-0.4145132057378645,-0.3157388352052433,2.9547690861825946,-0.1388785813724957,-0.6548627972526523,1.1012032353812085,-0.321007904564745,0.1515404139860157
2025-07-14,-0.618671575724783,-0.4891702877520211,-0.5647200508680132,-0.43541549151330444,-0.21947001505926714,-0.43143646345960374,-0.29755032522373515,2.9858923367800605,-0.1327069125126789,-0.6339605465884994,1.023719842708056,-0.36358493517584556,0.17707442438963567
2025-07-15,-0.6396083376285501,-0.4892316784594612,-0.5709752107179756,-0.4474001401557869,-0.2326585555380674,-0.4547992780638286,-0.2891532396286953,2.9696198645299168,-0.08522219761943381,-0.6426299123317536,1.0422349230831651,-0.3473258072830994,0.18714956981356867
2025-07-16,-0.6495781830716262,-0.4851153367225965,-0.5844740118851576,-0.4561417495542075,-0.21849601539592228,-0.4152086886549568,-0.247457290738459,2.9794988594767364,-0.07500069754243446,-0.6350910157010268,1.0553120778043028,-0.32857324044261443,0.06032529242796292
2025-07-17,-0.649908679731222,-0.46915686104356763,-0.5661564332998466,-0.43710319602227965,-0.18118936693659787,-0.4295681467788258,-0.23741993256778282,3.0163383135982613,-0.08760612315325594,-0.6383727706031659,0.9834470694304543,-0.3025416740665531,-0.0007621988256177421
2025-07-18,-0.6762090006493668,-0.48452245080855816,-0.5846368040806935,-0.43256935049182516,-0.16393921998274055,-0.42757073989798244,-0.2693543651812213,2.9955139341398977,-0.10640254027214888,-0.6144349160781243,1.035804156906751,-0.2477946110914748,-0.023884092512513052
2025-07-21,-0.6810643421561146,-0.4636490928766848,-0.5658861779468832,-0.4253264616696465,-0.13291487451440223,-0.3994015948717194,-0.3139986414429988,3.011216070478977,-0.07991720081193718,-0.5787362220748713,1.0254940350188362,-0.2505879339622559,-0.1452275631702988
2025-07-22,-0.7053334658638334,-0.5022560260173068,-0.617048951256684,-0.4668791022836457,-0.12841058621333928,-0.3756380036415339,-0.31992819238724646,2.9403864789511815,-0.02679259299725433,-0.5626593009295879,1.1613170492918936,-0.17569167003348696,-0.2210656366191551
2025-07-23,-0.682456872003302,-0.506372762855638,-0.6442635861076336,-0.46155319989927895,-0.18796896328921117,-0.4182101552227084,-0.3223708340546742,2.895361211857099,-0.06274965853728204,-0.5395573769074671,1.2650635148209817,-0.1890155608136943,-0.1459057569871914
2025-07-24,-0.7019986783397782,-0.5058622793004609,-0.6733697915433934,-0.48965761742399944,-0.1910225589870302,-0.4135671293171049,-0.20217827304821423,2.8930338956437205,-0.04601174546241812,-0.5490258384866034,1.244855909648118,-0.2830083034573365,-0.08218758992549871
2025-07-25,-0.693009921757926,-0.5039451847845512,-0.672142255404301,-0.45977271933334424,-0.1971176326029211,-0.4318058365390589,-0.2954091683472533,2.918288650370109,-0.0310128353143288,-0.5050597630063024,1.2020511408828254,-0.2599978934685428,-0.07106658069440486
2025-07-28,-0.679601578234711,-0.48711291699485476,-0.640710882834593,-0.4672986380871584,-0.18282534309944157,-0.35819971182464533,-0.2952875096672229,2.953539967679812,-0.02240413612122227,-0.4845536716587914,1.157391275834713,-0.2871925715773817,-0.2057442834145014
2025-07-29,-0.7150822244363535,-0.5146252732608794,-0.6445459616532773,-0.48843621979086627,-0.1780863643337252,-0.3601463414557704,-0.23640882371823707,2.9707181409322807,0.007089952982347684,-0.5325753609704039,1.0806260247691886,-0.1798235258821325,-0.20870402318217254
2025-07-30,-0.7834992289641862,-0.5422239890987207,-0.6530653753607845,-0.49935732558378837,-0.15228374540642092,-0.35050580869225273,-0.29238674281088517,2.8333814045752392,0.030868707107404806,-0.5685572799668365,1.3280651647306865,-0.11473991513250839,-0.23569586539694615
2025-07-31,-0.7549524887623859,-0.5450334646497834,-0.6516004911552311,-0.5238174352660124,-0.1738956696639247,-0.3474084927867416,-0.3046972263459685,2.913545038310223,0.04992576154871261,-0.588212169438056,1.1521033736125397,-0.10451204618775929,-0.12144468921561245
2025-08-01,-0.7257774528811649,-0.5322259396534378,-0.6450985498741261,-0.4931078304542724,-0.1665149340192541,-0.3319811204070324,-0.4061233644533954,2.923523138149493,0.05306543217996852,-0.5669549015170534,1.1500482296659373,-0.1443538387415492,-0.11449886799411536
2025-08-04,-0.7546437942894736,-0.5787137594083204,-0.6835514508298097,-0.542383980031218,-0.23905331439091726,-0.26562947885074945,-0.35471249746877026,2.8926849799724526,0.08291512864844115,-0.5594140208753878,1.1740159732087618,-0.09540946532843597,-0.07610432035657538
2025-08-05,-0.7217466273056341,-0.5065071264447564,-0.6435331642428681,-0.5126378689267592,-0.21590425707910393,-0.35975168798964646,-0.36269545230643596,2.9628015734089583,-0.021482087283234544,-0.5831455944906204,1.0508974771664172,-0.11795914732210969,0.031663962815791744
2025-08-06,-0.7286819038774389,-0.5293284347288649,-0.6659964516682945,-0.5195114360184282,-0.3221033585778433,-0.3210562026451797,-0.40029299959148434,2.9547412203182364,0.047216261926590175,-0.5424158309788084,1.0299799799031455,-0.10258322142426622,0.10003237736263673
2025-08-07,-0.7610394429760745,-0.5506349408914555,-0.6884189949136864,-0.48608219502238226,-0.3474069533779339,-0.338988240055244,-0.38495331782506576,2.9550964559888677,-0.006520524737045194,-0.4528151086613352,1.0327032560930647,-0.08307245315650026,0.11213245953479287
2025-08-08,-0.7729128832589252,-0.5700357726104309,-0.6972713583948701,-0.4964384688856966,-0.3737120830099673,-0.3163670863683126,-0.41714044839868086,2.9251780764523945,-0.04904361301417785,-0.5143217135136762,0.9483832274341233,-0.10935622132581216,0.44303834489403243
2025-08-11,-0.7885773440763806,-0.5904458923538235,-0.7060654017849295,-0.49927437988414924,-0.41120353595100406,-0.32876404851099583,-0.3542429162667945,2.8653819472065156,-0.02427632252230123,-0.48479391085300044,1.1162803081639994,-0.18487195946924617,0.39085345630210855
2025-08-12,-0.8398296401891899,-0.619368901365607,-0.7319810070083062,-0.5271785495485408,-0.4512990288078971,-0.2868421632374693,-0.3146181875508672,2.8544454056465254,0.023457912550791025,-0.47755159325304153,1.0464464523504784,-0.14469131049009085,0.46901061090321433
2025-08-13,-0.838391374532616,-0.5914889031442276,-0.7101950142394504,-0.4998480040576027,-0.44779185099600405,-0.31897414168122845,-0.2919414536802702,2.837651290710392,-0.006859115860088871,-0.5596960649529312,1.0877852244458595,-0.14553045845378845,0.4852798664419582
2025-08-14,-0.8501265457516979,-0.5868093765668679,-0.7148246071465715,-0.49354019590672205,-0.4742034040983859,-0.23910246501406673,-0.309809506754509,2.842109793228347,0.026630991974610396,-0.5486969575028073,1.1517186431626454,-0.09558667617413545,0.29224030655016037
2025-08-15,-0.8204054872099844,-0.5703047516150863,-0.6759773152481215,-0.4945846385535545,-0.4689855330605086,-0.2874171304643695,-0.2375712709316249,2.863416758455135,0.011897008116033237,-0.5848261942370018,1.1384931725037082,-0.1555851173170925,0.2818504995624669
2025-08-18,-0.7986651671288215,-0.5376708532720145,-0.6461164616041768,-0.4755491593742244,-0.4608896375076765,-0.3197333347163285,-0.2780103391414372,2.8672313596184544,0.005629678456903021,-0.6068480568811326,1.184655070189358,-0.1129561414401565,0.17892304280125318
2025-08-19,-0.8125633434796748,-0.5587319067876119,-0.6259487388144144,-0.47037722134331633,-0.4592136406759667,-0.350224780356228,-0.18866571666290774,2.8480015430459966,-0.02348223381300715,-0.6396812680769315,1.174168836252646,-0.21134852495564183,0.31806699566705815
2025-08-20,-0.7842466215671766,-0.5318036954607596,-0.5639002805448909,-0.463822229465566,-0.42616132283495856,-0.36630154349805766,-0.23653376061678202,2.8785491682741537,-0.030022842212627177,-0.6767766808819942,1.13844418945922,-0.2464733986992872,0.30904901804872614
2025-08-21,-0.7997879395311956,-0.5431123425561329,-0.5769715161806022,-0.47450556819166256,-0.4195879686582881,-0.41933723310744037,-0.2282913113220342,2.8105890392773687,-0.06848557799753918,-0.7369395167596605,1.1902451743988967,-0.1862900370478175,0.4524747976761099
2025-08-22,-0.7840571634126932,-0.5512299556096342,-0.6060520232083463,-0.48400765411046914,-0.41856900306478195,-0.45381783858421426,-0.290795802231605,2.6813191264834217,-0.09265146326645232,-0.7254158646290384,1.4446467634733502,-0.1455680620864699,0.4261989402469339
2025-08-25,-0.8114365899976494,-0.5801735716277423,-0.6282749502693027,-0.5021889585799335,-0.44631686236976387,-0.4427295367666612,-0.42947811846560624,2.573606557332262,-0.09599387863589011,-0.7300410918635264,1.346442611731157,-0.13717774600137528,0.883762135514034
2025-08-26,-0.807636761941531,-0.5772857880695824,-0.6180631297620043,-0.5204141934806158,-0.476704298314974,-0.464475200113638,-0.409093020522795,2.5439640082120243,-0.10672262539892832,-0.7361844961575384,1.3719129917574913,-0.11125014777888492,0.9119526615709759
2025-08-27,-0.8398912902594676,-0.5993718870911512,-0.6494728459274304,-0.5305929106031683,-0.5034513407816616,-0.43979614135349715,-0.34089073555764215,2.540562212282015,-0.09689097708183943,-0.742143543534087,1.3057350253509075,-0.0752262404064735,0.9714306749634954
2025-08-28,-0.8372321155645299,-0.5777910943682657,-0.6201426732399079,-0.5195793648388469,-0.49774192698808417,-0.47476280467461995,-0.3882722394766945,2.579159287694465,-0.08770576346137429,-0.7007789709192082,1.328301590556767,-0.07832116450597515,0.8748672397862753
2025-08-29,-0.8548918765223933,-0.5924684295505772,-0.6409034301573677,-0.5415144014528145,-0.519708557850147,-0.45560058370176093,-0.3923782970503032,2.5500939536370915,-0.05242279396713762,-0.6595017608089934,1.3085265394893748,-0.10739106896634974,0.9581607069013773
2025-09-02,-0.8667970134772767,-0.555440421630567,-0.6576186140666831,-0.5102608413199997,-0.3942642807276483,-0.48223160203552085,-0.4117909699837008,2.562758193041573,-0.11355810859129772,-0.6986086703412374,1.287920217990378,-0.13215453412370304,0.9720466452656848
2025-09-03,-0.8641199097356289,-0.5504959675195534,-0.6451917120443813,-0.5720417486144342,-0.41089675802471004,-0.46988924028322304,-0.39908918392772863,2.525102944586163,-0.09562315117389387,-0.6907100825331371,1.3049971111725236,-0.16426057390548016,1.032218272003484
2025-09-04,-0.8911075405705704,-0.5496481288332479,-0.6257466201975616,-0.6107798446332557,-0.3862567495910241,-0.363322759644866,-0.38958169458677655,2.632953560032204,-0.045309642439842084,-0.6901625748933247,1.2278093811823072,-0.17837416573541412,0.8695267799113732
2025-09-05,-0.8319987239402712,-0.5344405312346534,-0.5928749515849342,-0.5927270280656969,-0.381563886654007,-0.3627069523247266,-0.403020224934047,2.75020267537175,-0.10981294037074685,-0.6385027189409846,0.991752560277505,-0.22326958186934837,0.9289623042701617
2025-09-08,-0.8247665971092181,-0.5885287350339945,-0.6154110424394831,-0.6088258546331254,-0.4276200504479358,-0.32122883708761435,-0.4237610294254731,2.711252954828417,-0.08059324635898063,-0.6286095185776588,0.9686752924684865,-0.17828592361100035,1.0177025874275814
2025-09-09,-0.7912764761135679,-0.5859560860997594,-0.5998257531803789,-0.5815071474431723,-0.43298449224976737,-0.27856850462085303,-0.4490976061862602,2.82477552607581,-0.06637076541072644,-0.6023516050205693,0.8442816391548079,-0.16402613997931334,0.8829074110737496
2025-09-10,-0.7572326529604586,-0.5817254841486738,-0.5807439301707238,-0.6054690020369772,-0.4363541811638779,-0.28858823872068123,-0.47925550657230725,2.8564192497832206,-0.06907838302680643,-0.5464130174225804,0.8119404496839066,-0.17673515271236476,0.8532358494683233
2025-09-11,-0.8315708766533687,-0.6371750006680306,-0.6145417428916319,-0.6480736334609074,-0.4736007225461597,-0.30628575382263085,-0.42183068946173624,2.722379040070148,0.030305056371842592,-0.5428225105447506,0.7739308275251798,-0.17816783129192315,1.1274538373739682
2025-09-12,-0.8674009925467765,-0.6640946834009627,-0.6184638114835913,-0.701633928888349,-0.46792596823301924,-0.3536383232888373,-0.46365118672603284,2.443583503978741,0.0458375045558515,-0.5306811806927859,0.8184654159138178,-0.1930808416654802,1.552684492477424
2025-09-15,-0.8184328794263507,-0.6669710290509527,-0.5916038343080815,-0.6772416129874373,-0.44915821001303,-0.3505247674537084,-0.48724772780138387,2.4048429444470094,-0.02441063611394277,-0.5351549731154724,0.7639903134403456,-0.24204192048238526,1.6739543328653899
2025-09-16,-0.7908187544775499,-0.6414913639749918,-0.559836193101348,-0.6341031903897386,-0.41509860111474634,-0.3963709425857195,-0.4635860521441492,2.4325633747416173,-0.06077460271995109,-0.5276901890096988,0.7221780979293208,-0.3549963308270185,1.6900247476739734
2025-09-17,-0.7696714728606003,-0.6287687268985599,-0.5528874541989908,-0.6208807333616113,-0.4155369160456193,-0.40317601184373136,-0.46279947672261,2.369830392624011,-0.11666397693098386,-0.49859837364274073,0.6714579880866254,-0.3869146736312968,1.814609435426107
2025-09-18,-0.7660866570514746,-0.6363941598950265,-0.566616116377673,-0.6102367580784216,-0.4326949851414882,-0.3849930273575494,-0.4423739468804075,2.2506084613797106,-0.13754673486389735,-0.5165750101859168,0.5931309741791109,-0.34126632453883304,1.9910442848118661
2025-09-19,-0.7580996992877893,-0.6553283643694581,-0.5760376561077762,-0.6165811257701737,-0.4602570849867518,-0.3803400611647062,-0.4258699339972056,2.094167260364668,-0.1066489423902274,-0.4655898052902958,0.5988192404482282,-0.39678465224187376,2.1485508247933622
2025-09-22,-0.7552505795530544,-0.6490214170132136,-0.5734659728927856,-0.6240038913263712,-0.44926998032683085,-0.34429518182990765,-0.428475578502147,2.0689609459863396,-0.08675501366375096,-0.5108364060378618,0.5613025470048103,-0.39246084638203116,2.1835713745368044
2025-09-23,-0.7711182415231858,-0.6362058337730888,-0.5710286415945438,-0.6264014835542628,-0.4642573326624412,-0.31973178528344687,-0.43680433671769914,2.0668356599709394,-0.08714918473553193,-0.5037777983083606,0.5766656630993018,-0.4050526917868931,2.1780260068692137
2025-09-24,-0.7526658996420541,-0.6169907217786332,-0.5261187895002454,-0.5838574575976175,-0.46218141426029274,-0.33314254436589874,-0.42882613164720007,1.967061699726987,-0.11964457559107178,-0.48570775464260596,0.4702604229259736,-0.44866786540159825,2.3204810317742566
2025-09-25,-0.7637930579270645,-0.61995345491366,-0.5237744530273731,-0.6006138588568216,-0.4666974213164279,-0.2900946147152569,-0.37243652421998374,2.0118811090018807,-0.13251276362245093,-0.5170661272420126,0.49153918519344386,-0.48516713926868915,2.268689120914416
2025-09-26,-0.7410909310755257,-0.6145672320232434,-0.5151039104004059,-0.6036754137831021,-0.46850799292822076,-0.27857890689011516,-0.4115638067546598,1.985100042643903,-0.13194634558229132,-0.5434004618062912,0.5078868079102196,-0.4738788901943562,2.2893270408840896
2025-09-29,-0.7193503395394149,-0.5798161873054454,-0.5037322477438761,-0.5866096583685171,-0.4653761720562651,-0.32451611633971233,-0.42875442775561756,1.9126691497068837,-0.1383453505624583,-0.5236431192207546,0.44023559737371376,-0.4660595635666735,2.3832984353781392
2025-09-30,-0.6854478748895301,-0.569201457012555,-0.4747494713395221,-0.5582926223902007,-0.4674778987836053,-0.36759723203611305,-0.45169277409323616,1.7173387685775767,-0.13412027320130812,-0.5010342540428966,0.39944164707382784,-0.46083209236958816,2.5536655345071506
2025-10-01,-0.6678344648819055,-0.5450598433599205,-0.4448716724510986,-0.5339385392220702,-0.45172828829819844,-0.3739413002636235,-0.4445979172163008,1.8095403853004612,-0.15800845640049016,-0.6189678612197256,0.4316169911244409,-0.47893163487907336,2.476722601767504
2025-10-02,-0.6833058760623786,-0.541208681610604,-0.45663103619359213,-0.5332745291965062,-0.452410940610995,-0.36495576576103805,-0.48015822968761135,1.944033476874317,-0.09510386130397147,-0.6072349970883898,0.376518915928874,-0.48263608043256023,2.3763676051444547
2025-10-03,-0.6790972172898108,-0.5547650586890794,-0.3843555090747745,-0.5310049634508277,-0.4685235746167303,-0.37662289164402296,-0.47957767945902857,1.8363908406522262,-0.0863420530838133,-0.5813552352586091,0.3150310148790754,-0.4902366412520477,2.4804589682874423
2025-10-06,-0.6654884582965133,-0.5520537592030924,-0.417784507999811,-0.5097670300387167,-0.48819361631854113,-0.3642684067615586,-0.4806032898441699,1.7418936140801768,-0.08366447574240861,-0.5314653442278966,0.28763902873282016,-0.49783129183227537,2.561587537451985
2025-10-07,-0.683435905577247,-0.5800393227190518,-0.40513116371183383,-0.5321992622763182,-0.48628808510550514,-0.41766006835969904,-0.4151403661331532,1.6530274802946001,0.02498514883319388,-0.4824457354412224,0.2828229332800274,-0.5660855730890538,2.607589920005264
2025-10-08,-0.7066741730452223,-0.5867298712602896,-0.4123562872964869,-0.5119043538724114,-0.5135635425964511,-0.4509093565048549,-0.3942145938885873,1.6912764707781258,0.0886064867600467,-0.5110589687406509,0.36320596131722654,-0.6010906896117766,2.5454129179613316
2025-10-09,-0.7053810660845996,-0.5693115147763633,-0.3808744418522261,-0.5125401379269658,-0.5039372672590041,-0.44007219211068216,-0.4238179921963893,1.7286227138360224,0.0065284152983465325,-0.4710580479985787,0.2996363605943115,-0.5789322172187471,2.5511373876948755
2025-10-10,-0.6919499191626144,-0.5551825324227655,-0.391619534900517,-0.526244958844751,-0.5160511386675013,-0.44897451521730336,-0.4116959103350813,1.5021577010435052,0.048564631815494,-0.4648003034294828,0.2694357479531975,-0.5204707393945012,2.70683147156232
2025-10-13,-0.6631757884320763,-0.5391873684486351,-0.37803727473132026,-0.5127208207411307,-0.505578023406096,-0.46460915171909295,-0.3526120109062089,1.2211934498756207,-0.033905830880622975,-0.3749144843990132,0.22127604727141553,-0.5041930751907738,2.886464331707933
2025-10-14,-0.681999323375458,-0.5453683178240959,-0.37059472123119885,-0.5443692948090277,-0.5108269554769028,-0.47225465882998896,-0.27229536728248116,1.27360963620246,-0.067881180330194,-0.3326593201045305,0.19728460459062427,-0.5335401746673579,2.8608950731381517
2025-10-15,-0.6762246456644164,-0.5399713076374844,-0.33880505327011085,-0.5456140389030285,-0.498257650505371,-0.49445732489447114,-0.23642155262350398,1.1993177177221934,-0.06848772510928999,-0.37842328970103584,0.19306413087698676,-0.5143318632556427,2.8986126029651746
2025-10-16,-0.657241503702608,-0.5449339388649805,-0.3498132075392283,-0.5401735672672442,-0.48778597148747604,-0.5039735983219842,-0.106800738900182,1.1239141209119727,-0.0670228537421595,-0.38386218570499786,0.13216225140661084,-0.5501803744742849,2.935711567686562
2025-10-17,-0.6137499867215098,-0.5097337987442522,-0.34732700299552643,-0.5047055732875176,-0.4592945741612242,-0.5054420076082157,-0.11272625302247624,0.9586519637582493,-0.12878459532147446,-0.3680130463911433,0.0768840389736093,-0.5136620366355901,3.027902872157071
2025-10-20,-0.6416999371500995,-0.5328204297116954,-0.36707338677669443,-0.5281573753135036,-0.47291425300890355,-0.4699755188896966,-0.16781023900882708,1.0607592625397588,-0.12465895336955614,-0.3158311616937389,0.04838510459945968,-0.4791149608248261,2.9909118486083224
2025-10-21,-0.6004492181888377,-0.5041109227770676,-0.35441438208561366,-0.5119339105884354,-0.4539727726948554,-0.4797136411113128,-0.16366025046624244,1.0665780120975774,-0.14259637347234316,-0.3818758515652761,0.014417851065284981,-0.4871616669618169,2.9988931267489387
2025-10-22,-0.5706209691502967,-0.5043610696495896,-0.3514024829584463,-0.5190020769779546,-0.4620169992065397,-0.45671104993596456,-0.15152733979429764,0.9745226076863267,-0.19117634907239084,-0.39166756722891577,0.047824778873900554,-0.4614994455989744,3.037637963013141
2025-10-23,-0.5997773150398336,-0.5238469804044551,-0.34940543615386227,-0.5560770709000725,-0.47607818717809597,-0.48762363630997824,-0.14061400476497746,1.1241358012130376,-0.15529406889470193,-0.3735545155300343,0.07622754731989873,-0.4991760852310442,2.961083951874118
2025-10-24,-0.6289398361142912,-0.5366841684689729,-0.36714220687874893,-0.5738579543612062,-0.47771037610878697,-0.5340343009346585,-0.06422616324427413,1.2309268058934264,-0.13522817959288794,-0.3821011471177312,0.08803736014496381,-0.5143760120911086,2.8953361788742753
2025-10-27,-0.5983999911095896,-0.5390632830398038,-0.3623855365683013,-0.5655255105458258,-0.4825905248565066,-0.5137863833404727,-0.0988756596789117,1.2137031300101673,-0.12854087220015611,-0.38313096267978247,0.05404112091353762,-0.509927549814479,2.9144820229101254
2025-10-28,-0.5814129938839504,-0.5269886567500678,-0.36190941932342224,-0.539731432540226,-0.4679780364275105,-0.49288599911989917,-0.07209906961956723,1.0590691016696148,-0.13348497350443553,-0.3720183950247546,-0.015674095084669812,-0.4908488985836821,2.9959628681925694
2025-10-29,-0.5550639573364705,-0.49667246549098215,-0.3477965138811667,-0.5116059850041683,-0.44835338470472774,-0.45769059932357103,-0.2461497485222406,1.006687089445891,-0.12585441728168864,-0.3306337989056067,-0.07377910810117518,-0.4531612556404445,3.040074144746351
2025-10-30,-0.5287325295718901,-0.47591200812376144,-0.35541927859545197,-0.499134850778641,-0.4450251197037421,-0.42942297674051777,-0.27403612503494723,0.8509626365028113,-0.14653724102540858,-0.3187768074710324,-0.06584788917821496,-0.4163179002539389,3.104200089974735
2025-10-31,-0.547283430229266,-0.48745054763469653,-0.371415009307744,-0.5137951581036148,-0.4794045761329891,-0.4381189241978864,-0.2428078842885969,0.8626628456702576,-0.14602316174378235,-0.257824065184764,-0.0792356884418667,-0.3953706448743019,3.0960662444692506
2025-11-03,-0.5407354621184829,-0.494178562557379,-0.3740379758302486,-0.5120781730895949,-0.48157001241297015,-0.42980250841378453,-0.26619270413602514,0.9204324967584914,-0.15856291778270265,-0.2544581173011639,-0.09749281350397002,-0.38954203022633294,3.0782187806141637
2025-11-04,-0.5211066280114585,-0.48450975638813903,-0.3878179169367227,-0.5153305435699932,-0.4848031186550016,-0.41840259863464685,-0.2683334342686059,0.8000637641223091,-0.1446107698742295,-0.2015546871633885,-0.11254085102669582,-0.38130000608502934,3.120246546491601
2025-11-05,-0.5479354053975106,-0.47045997610316276,-0.3973514274365579,-0.527971679861589,-0.4914001800732359,-0.4303847155020713,-0.2396197395351717,0.9090569221529045,-0.15644454159786383,-0.1890929231957317,-0.15275667804200477,-0.3874567117567538,3.081817056348748
2025-11-06,-0.542663433452849,-0.48018932932152064,-0.406139274993825,-0.5596404892003974,-0.49225469528953436,-0.44160957558786273,-0.2632787929634322,0.9845861291374143,-0.13323242310239622,-0.20091779027484902,-0.13038374815665577,-0.38361277175560043,3.049336194961507
2025-11-07,-0.5780944079437164,-0.5128254090108348,-0.43192106539568115,-0.5870596969309732,-0.5181096698985594,-0.46351159842289386,-0.24933665299542015,1.1024545669612007,-0.11373564904776103,-0.18059889212310334,-0.08745643482783308,-0.366931990704121,2.9871269003396974
2025-11-10,-0.5724267509294799,-0.4947237932539799,-0.40959181384274473,-0.572787764146324,-0.4911675998636807,-0.43934162801193416,-0.23771530113228997,0.8374811946060465,-0.08380806406107488,-0.1817593419126193,-0.07865104664465362,-0.36719042682591,3.0916823360186445
2025-11-11,-0.4990389492447512,-0.43485745756911104,-0.36949349452900176,-0.532296418862002,-0.42857373895030015,-0.416997149228423,-0.32253816692913484,0.6100397682501115,-0.11041613370955147,-0.21580137321386347,-0.12368445764333635,-0.33757434392508023,3.1812319155544446
2025-11-12,-0.4637549709471488,-0.41400338010697957,-0.35791739974551595,-0.48230159834046116,-0.4156171655879086,-0.3947242476634374,-0.3130729372605801,0.3724811976983145,-0.11523054130712226,-0.21697659364487107,-0.12771857677923593,-0.31347408992882664,3.2423103036137726
2025-11-13,-0.48299252328495296,-0.4200056196331341,-0.3429857413271723,-0.5104003130050628,-0.4289574867256295,-0.4223217001987998,-0.36545275484205086,0.48515288427466746,-0.09394094817823694,-0.19827532069938494,-0.09387593539135985,-0.3369266859340104,3.210982144945127
2025-11-14,-0.4768509117779018,-0.4165280316233114,-0.3368584225789704,-0.5134354852547222,-0.4181127341939353,-0.4161070305084432,-0.41365341027222546,0.4490244095195281,-0.046590869291093184,-0.15031366390567605,-0.15420804905950714,-0.3232433742411308,3.216877573187389
2025-11-17,-0.49547199521403085,-0.43987450614281215,-0.353635260125313,-0.5359720341715966,-0.4384000540108007,-0.4359071014561643,-0.39642768920209925,0.4404825224920597,-0.03369114212084523,-0.07163976531811174,-0.11688766491246277,-0.32984471212627897,3.2072694023084556
2025-11-18,-0.4970770796383624,-0.4488616883336736,-0.34153387486987996,-0.5648232015365098,-0.4368280591968203,-0.43002008432259636,-0.3896184148248214,0.4490474323978037,-0.022739425675441387,-0.021884861524487993,-0.1420755422455122,-0.35363878064183224,3.2000535804121344
2025-11-19,-0.5050068584064767,-0.47020961907088293,-0.34055008299744877,-0.5727366052464381,-0.44255296806544236,-0.45705299043561115,-0.35610833610070625,0.49668106699200315,-0.02556218583397677,-0.013206707029641473,-0.15290186686578439,-0.347718997559987,3.186926150620393
2025-11-20,-0.6547122201625442,-0.5733503551317196,-0.37966288821578253,-0.7278523948104166,-0.5053377344187627,-0.5545452679547909,-0.45496179949138327,0.8700178473561931,0.23560925916998016,0.24461579965387453,-0.07160591239212898,-0.3895747898675888,2.9613604562650693
2025-11-21,-0.7401828276759886,-0.5970999704579065,-0.3885181566354888,-0.8058838454693249,-0.5213355692512592,-0.5679106430920405,-0.5573049979769291,1.2537518431057368,0.3412286000723674,0.30619353949434375,-0.004799588757959919,-0.44095878348858747,2.722820400133037
2025-11-24,-0.7070437197906859,-0.5811538169845019,-0.39178910390263705,-0.7738597929739294,-0.5183771550615915,-0.5986658411753408,-0.5345286558084633,1.1941879098386794,0.3529387593047173,0.3764527554483488,-0.030747417300444144,-0.5301778588384477,2.742763937244295
2025-11-25,-0.7067697316938104,-0.5837155447957918,-0.3605974661392643,-0.7554231737718685,-0.5419210989187246,-0.5759961714209099,-0.5853929804883009,1.1928346783879482,0.37719425370015075,0.42442686339767555,-0.12534238027341413,-0.49513146751194315,2.7358342195282543
2025-11-26,-0.7080342923294181,-0.5908013130457022,-0.2626929272962218,-0.7454440873551932,-0.546432853707442,-0.5789651359487751,-0.5521176544206459,1.2491257537014713,0.3716438303243177,0.2901153634679644,-0.1493272095625983,-0.5180612792687852,2.7409918054410287
2025-11-28,-0.7386737929784902,-0.5953162975899112,-0.245822204911065,-0.7509735652226937,-0.5509354161206045,-0.4769712653110122,-0.5961454246579179,1.1758141894408367,0.47021660298353507,0.338129686012577,-0.23651345938583435,-0.5364334878483233,2.743624435588903
2025-12-01,-0.723935786137121,-0.5991375187241037,-0.2873000646613521,-0.7411740489139498,-0.568313513034631,-0.3980273944147369,-0.5423310667865044,1.0063990144150656,0.3638139010642488,0.19501208909709752,-0.18233428400919952,-0.4082248769495309,2.8855535490547184
2025-12-02,-0.6977251175753585,-0.6251253626279847,-0.21079875730961414,-0.7798568104248088,-0.6910950033731503,-0.390645327149394,-0.5624864571251716,1.0113539560119684,0.3927805963149917,0.2997852500099149,-0.1858750749096887,-0.3996627994677772,2.839350907626073
2025-12-03,-0.7378520321362116,-0.6651928149388296,-0.2461644164965605,-0.7071509169509926,-0.7496224589405579,-0.41101696725166753,-0.5306764572237758,1.060820918097949,0.3936025727080695,0.34630493840670634,-0.16944997351310373,-0.387350343949526,2.8037479521885
2025-12-04,-0.7233755743287917,-0.6438176581541648,-0.2380081373766516,-0.6490099772378684,-0.7444274521838542,-0.4058595313251683,-0.5295201652986548,1.001253757118674,0.26773181245486044,0.3979672419624128,-0.18755105205059153,-0.40130524275036505,2.855921979170164
2025-12-05,-0.690091261981341,-0.6233077606182716,-0.21055012298488363,-0.6395192611615927,-0.7575803772936985,-0.3966566608974985,-0.5804800097868372,0.9993222997321121,0.2829244332854326,0.36755212785852037,-0.20890495245214338,-0.404932455500756,2.862224001800957
2025-12-08,-0.6664897365531254,-0.6106439854246634,-0.19718789498649028,-0.6195234125841134,-0.7328132124057493,-0.43164749679115727,-0.49768174396144477,0.6410513768548001,0.22065245944342907,0.4196145923274224,-0.17703517455962903,-0.3484195560759158,3.0001237847166364
2025-12-09,-0.6294897560922273,-0.6040992399644951,-0.1626931459835161,-0.6295035619448943,-0.7204095110654378,-0.46788038929914355,-0.5126121276705808,0.605473598006298,0.24989570219942345,0.43953215377838534,-0.19457610728789176,-0.3759614360291125,3.0023238213531926
2025-12-10,-0.62168496881554,-0.603974779173438,-0.16829537127320268,-0.6220123052792715,-0.696144825238659,-0.4550590085526015,-0.5740986009732217,0.5850616228050661,0.22686650467782754,0.490445073563179,-0.13850343591015013,-0.4196958957617347,2.997095989931748
2025-12-11,-0.6447102457374131,-0.6156790145526687,-0.15045370019746493,-0.6629213079966396,-0.7327215124928383,-0.3917011853056244,-0.6184561109121888,0.6252833055724397,0.16047237862527738,0.6056323777534991,-0.1420287640450902,-0.38537310938786895,2.9526568886765805
2025-12-12,-0.6668400870612565,-0.6413528539784953,-0.13583713317834645,-0.6850982808097482,-0.7595393671752839,-0.4029846608267258,-0.6597488560753817,0.8064423761708888,0.17507006385354543,0.5335164138211547,-0.0814688017227733,-0.3750280454467855,2.8928692324292085
2025-12-15,-0.630368139934235,-0.5879411840040184,-0.2573119996654433,-0.6501472954485717,-0.7329453596527168,-0.35653935820378235,-0.6596255830965037,0.618997176304642,0.19100635928190063,0.5425572663021728,-0.08256703145755222,-0.3641535251424628,2.969038674716572
2025-12-16,-0.6023876950813608,-0.5867714088421729,-0.2655836453235453,-0.6877356342882351,-0.756361813569912,-0.35951771763901635,-0.7782256025562775,0.7341711208266063,0.2044610741246967,0.6891080087270702,-0.05679312708798685,-0.401769454122264,2.8674058948324
2025-12-17,-0.6385003593745805,-0.6002524793269151,-0.2906852826260372,-0.7186497453146425,-0.77551290965864,-0.35153014717219744,-0.7776648996027846,0.6603528835358607,0.18818463599900326,0.8090655416692928,0.027962419964879002,-0.3680778915576796,2.835308233464441
2025-12-18,-0.6404956906377676,-0.5750713815245301,-0.1633953108772563,-0.706932080894246,-0.7635762665357207,-0.29423632898826024,-0.8042203112365105,0.6753580152043791,-0.12649900254687224,0.8095124858772077,0.10198262844393118,-0.36624155361407656,2.8538147973297203
2025-12-19,-0.595414928902933,-0.5607218670902768,-0.1454793773454512,-0.7311981199579106,-0.7261469095218028,-0.23545833908855,-0.8363641923236285,0.7526365885495794,-0.23412930965378298,0.646686386854817,0.08754219116594457,-0.3113996567367928,2.8894475340507877
2025-12-22,-0.6106025779898046,-0.5962189149171903,-0.1418895138799604,-0.7183232806425573,-0.7270626917333207,-0.2192583095851424,-0.8480674117471987,0.6273766504694254,-0.15624568661632035,0.4835384289491775,0.1937338861700189,-0.23566807938057371,2.9486875009034477
2025-12-23,-0.6419426718681662,-0.6129455351088606,-0.0745759929872035,-0.7565501614566681,-0.751443502126965,-0.24580793496381495,-0.8627461403514861,0.7052565080597207,-0.044219922405266884,0.4213614213773632,0.19797038501558373,-0.24767660482864498,2.9133201516444087
2025-12-24,-0.6420340134076987,-0.646314659783665,-0.0318337232275545,-0.767507360835029,-0.7532431437649225,-0.30558538736693364,-0.878759968918255,0.5648166819386689,-0.05762383630155213,0.9340705880275574,0.06442029328336706,-0.2851715821973056,2.8047661125533234
2025-12-26,-0.6899159778393965,-0.6843935389218042,0.013600554946222886,-0.7905477840808046,-0.7373620638374312,-0.3671544445160003,-0.8073104969986533,0.4309118010275412,0.08486792467032458,1.013509042329367,0.046301242784279203,-0.30288992170987444,2.7903836621462297
2025-12-29,-0.6845459050681555,-0.667239290805864,0.025733678068956243,-0.76996850138872,-0.717525612271933,-0.45877837515333236,-0.8271701358075573,0.4682281441526188,0.027780433651706977,1.0663012154970342,0.02011007669115986,-0.25108208575498653,2.768156358189072
2025-12-30,-0.6628874496307565,-0.625108705415396,-0.03360715615071038,-0.7525046088983435,-0.7022238842824337,-0.4301241694199378,-0.8402947949736365,0.39057524804090055,0.004514090123393437,1.0431100741825252,0.0387029611005949,-0.24380073606840033,2.8136491313921983
2025-12-31,-0.6559115518014007,-0.6041393441145115,-0.07387274687661068,-0.7122160369607323,-0.6610974320354427,-0.4651936436322121,-0.7951748208716789,0.35009874210213404,-0.061684745691825804,0.9655779971842819,0.0390627329107475,-0.2069844074747764,2.8815352572620263
2026-01-02,-0.658811294461705,-0.6303947056905825,-0.0892349770876546,-0.7317246299801818,-0.7039349817506673,-0.44145360296455394,-0.7845351801951845,0.4292603888103599,-0.12228161359827544,1.0855860810099154,0.010511648625463442,-0.1755721866846501,2.812585053967716
2026-01-05,-0.6365787269473114,-0.6147751366287599,-0.12441936095527882,-0.7164666004925933,-0.6790600217434538,-0.4580308946749272,-0.747130092498302,0.42536300298616864,-0.1497279036355234,1.0236455278958076,0.04177361037482225,-0.22068303260264882,2.8560896289219997
2026-01-06,-0.6612585991146305,-0.6593099175203287,-0.10424908946375189,-0.7422881543004453,-0.706382494917637,-0.4624498241871403,-0.6950264251168039,0.5331873256275712,-0.14508869966325721,0.997690530915874,0.03551362916421647,-0.22211640722813714,2.8317781258044707
2026-01-07,-0.6181980925742999,-0.6173771487454954,-0.13331390562173803,-0.7251186480201988,-0.664114252742267,-0.4615346076801606,-0.5793979963535627,0.49747965646787023,-0.15912700271961333,0.7155598276691849,0.02983133813765114,-0.25962058160636936,2.9749314137889984
2026-01-08,-0.6081373672825064,-0.609114796616098,-0.10578196515649474,-0.728460465596839,-0.6407076798906864,-0.5017276940482304,-0.6481101957279751,0.4579253252988729,-0.09682020793550614,0.8106636146642722,-0.005710971746577155,-0.27109254598838123,2.94707495002615
2026-01-09,-0.6148797619905944,-0.5970372224880032,-0.12401420977034554,-0.7668483733219621,-0.6989208695475599,-0.5054034102169073,-0.6894761077673398,0.7190662176866442,-0.007898814570477426,0.8301691912351037,-0.041106952166609596,-0.35164693717381235,2.847997250091862
2026-01-12,-0.6449937139851408,-0.6194345055298428,-0.13384335594263364,-0.7767337813566662,-0.7345022814871539,-0.46275053812678285,-0.6671070781529872,0.9014839569100903,0.038353737244319216,0.779689374580712,-0.05783110588521213,-0.4124665677868459,2.7901358595181445
2026-01-13,-0.6964002996532553,-0.7164662500150397,-0.14573930854955824,-0.8171297195079875,-0.7913529894833322,-0.5234344724554721,-0.7081775275670769,1.0533290338402457,0.025130018022376535,0.9508765231159666,0.20257334047719974,-0.41796929896970886,2.5847609507456415
2026-01-14,-0.6348289488623994,-0.6512410004085799,-0.18745352265612197,-0.7603231108214972,-0.7499631162354032,-0.4846474601833774,-0.6811945883807726,0.9504651079734378,0.0009712166058325521,0.7740747440001662,0.09638920433108011,-0.429424687721397,2.757176162359033
2026-01-15,-0.6153010000397391,-0.6561667821940379,-0.13807980601058725,-0.7885394912913061,-0.7597706516722175,-0.48144207753490537,-0.6754631743299917,1.1838532220624947,-0.15635538189161655,0.8741312402195062,0.09182703712151744,-0.4943765280974103,2.615683393658293
2026-01-16,-0.6250668397365514,-0.6590613271996724,-0.10719103887583037,-0.806884386020157,-0.7252551440535961,-0.4437091104630322,-0.6034313451920545,1.2115606735112945,-0.2316848520960716,0.8282705266764185,0.06938269146460949,-0.5381574185470173,2.6312275705316623
2026-01-20,-0.6147580952877542,-0.6553730793337769,-0.1193911566300167,-0.8099550840532541,-0.7241312454007287,-0.4411711352748818,-0.6335157755313292,1.293625414917152,-0.19868478544202597,0.700826389637775,0.12223311869527441,-0.544005272625055,2.6243007063286212
2026-01-21,-0.5558813094646602,-0.6529037087117318,-0.049500779064590494,-0.8376362352799396,-0.745814321333449,-0.4338600299352285,-0.6536657462938947,1.4300797776246175,-0.2139025389164001,0.9116068589844466,-0.006988428868368695,-0.650057870006951,2.458524331266151
2026-01-22,-0.5708532142453299,-0.6438174319889041,-0.06999357213689104,-0.82837488986724,-0.7114332558655388,-0.4652153559917365,-0.6480696362578723,1.372987627148546,-0.2785219975469821,1.0530150015124438,-0.00560144259139751,-0.6418391649685922,2.4377173327994943
2026-01-23,-0.5136677005701069,-0.6364924864042668,-0.08531492713474921,-0.8451026413811378,-0.7300267260120421,-0.44620002942257153,-0.646659387446716,1.362982859887559,-0.2589138661343977,1.086001744454592,-0.04814420976838767,-0.6686441995499203,2.4301815694821447
2026-01-26,-0.5192584395416594,-0.6733927127567725,-0.0723634761474963,-0.829437443365948,-0.712153821176815,-0.47699648762309166,-0.5684781826677728,1.1421928394976542,-0.24723299109906527,1.162489030055436,-0.09231162681423466,-0.6408176923169471,2.527761003956712
2026-01-27,-0.5257672843834685,-0.697801547872341,-0.016946752714167086,-0.8512738308330372,-0.7661968712708008,-0.44023724835047434,-0.5886107174128065,1.1687505916569132,-0.1913235082881987,1.422315458733632,-0.1272877413645544,-0.7158798401028665,2.3302592922021703
