date,AAPL,MSFT,GOOGL,AMZN,META,NVDA,TSLA,PLTR,AVGO,GEV,VRT
2013-01-01,49497.55,30736.601,14804.927,2075.57,726.473,667.886,-15.218,104.689,568.944,1158.925,11.282
2013-01-02,49197.816,30750.522,14814.239,2083.009,726.567,668.604,-14.747,104.689,569.816,1158.925,11.282
2013-01-03,49235.214,30764.446,14823.552,2090.447,728.221,669.323,-14.275,104.689,570.687,1158.925,11.282
2013-01-04,49245.138,30771.676,14814.79,2090.533,728.24,669.988,-14.27,104.689,570.841,1158.925,11.282
2013-01-05,49245.138,30771.676,14814.79,2090.533,728.24,669.988,-14.27,104.689,570.841,1158.925,11.282
2013-01-06,49245.138,30771.676,14814.79,2090.533,728.24,669.988,-14.27,104.689,570.841,1158.925,11.282
2013-01-07,49310.009,30792.295,14833.375,2143.385,731.53,670.759,-13.333,104.689,572.43,1158.925,11.282
2013-01-08,49347.407,30806.219,14842.722,2151.171,733.184,671.477,-12.862,104.689,573.301,1158.925,11.282
2013-01-09,49384.805,30820.144,14852.068,2158.153,734.838,672.196,-12.391,104.689,573.071,1158.925,11.282
2013-01-10,49422.203,30806.831,14861.415,2165.825,736.492,672.914,-11.919,104.689,573.916,1158.925,11.282
2013-01-11,49286.434,30814.45,14861.703,2166.061,736.543,673.593,-11.905,104.689,574.082,1158.925,11.282
2013-01-12,49286.434,30814.45,14861.703,2166.061,736.543,673.593,-11.905,104.689,574.082,1158.925,11.282
2013-01-13,49286.434,30814.45,14861.703,2166.061,736.543,673.593,-11.905,104.689,574.082,1158.925,11.282
2013-01-14,49331.605,30835.13,14880.108,2181.169,739.8,674.35,83.728,104.689,572.179,1158.925,11.282
2013-01-15,49424.024,30849.279,14813.739,2188.84,735.668,675.068,83.822,104.689,572.99,1158.925,11.282
2013-01-16,48803.055,30863.429,14822.066,2196.512,737.319,675.787,83.916,104.689,573.801,1158.925,11.282
2013-01-17,48846.524,30877.578,14831.722,2204.184,738.97,676.505,84.01,104.689,574.611,1158.925,11.282
2013-01-18,48929.23,30844.12,14839.594,2204.568,739.053,677.198,84.014,104.689,574.786,1158.925,11.282
2013-01-19,48929.23,30844.12,14839.594,2204.568,739.053,677.198,84.014,104.689,574.786,1158.925,11.282
2013-01-20,48929.23,30844.12,14839.594,2204.568,739.053,677.198,84.014,104.689,574.786,1158.925,11.282
2013-01-21,48615.369,30864.914,14858.151,2219.528,742.272,677.941,84.198,104.689,576.233,1158.925,11.282
2013-01-22,48734.583,30879.332,15297.194,2227.199,743.923,678.659,84.291,104.689,577.044,1158.925,11.282
2013-01-23,49158.094,30893.75,15106.894,2234.871,745.574,679.378,84.385,104.689,577.855,1158.925,11.282
2013-01-24,47639.551,30718.622,15117.87,2242.543,747.225,680.096,84.479,104.689,578.666,1158.925,11.282
2013-01-25,47644.123,29510.606,15118.63,2243.074,746.9,680.803,84.486,104.689,578.856,1158.925,11.282
2013-01-26,47644.123,29510.606,15118.63,2243.074,746.9,680.803,84.486,104.689,578.856,1158.925,11.282
2013-01-27,47644.123,29510.606,15118.63,2243.074,746.9,680.803,84.486,104.689,578.856,1158.925,11.282
2013-01-28,47055.735,29528.812,15139.821,1913.968,750.087,678.397,84.667,104.689,580.288,1158.925,11.282
2013-01-29,47281.349,29541.606,15150.797,1841.662,751.738,679.112,84.761,104.689,581.099,1158.925,11.282
2013-01-30,47290.145,29554.4,15161.773,809.261,715.199,679.828,84.855,104.689,581.91,1158.925,11.282
2013-01-31,47303.919,29567.194,15172.749,706.736,742.41,680.543,84.949,104.689,583.664,1158.925,11.282
2013-02-01,47308.634,29574.821,15173.72,707.31,742.601,680.543,84.957,104.689,583.877,1158.925,11.282
2013-02-02,47308.634,29574.821,15173.72,707.31,742.601,680.543,84.957,104.689,583.877,1158.925,11.282
2013-02-03,47308.634,29574.821,15173.72,707.31,742.601,680.543,84.957,104.689,583.877,1158.925,11.282
2013-02-04,47331.466,29592.782,15194.7,719.696,746.785,680.409,60.449,104.689,588.685,1158.925,11.282
2013-02-05,47345.24,29605.576,15205.676,726.176,748.941,680.342,60.647,104.689,589.523,1158.925,11.282
2013-02-06,47359.014,29618.37,15216.652,732.656,751.097,680.275,60.846,104.689,590.361,1158.925,11.282
2013-02-07,47372.788,29631.164,15227.628,739.136,753.252,680.208,61.044,104.689,591.199,1158.925,11.282
2013-02-08,47421.367,29639.037,15252.285,739.834,753.484,680.207,61.066,104.689,591.427,1158.925,11.282
2013-02-09,47421.367,29639.037,15252.285,739.834,753.484,680.207,61.066,104.689,591.427,1158.925,11.282
2013-02-10,47421.367,29639.037,15252.285,739.834,753.484,680.207,61.066,104.689,591.427,1158.925,11.282
2013-02-11,47443.623,29656.752,15272.864,752.096,757.564,683.138,61.441,104.689,592.875,1158.925,11.282
2013-02-12,47457.206,29669.546,15283.739,758.576,754.369,685.88,61.64,104.689,593.713,1158.925,11.282
2013-02-13,47470.789,29682.339,15294.614,765.056,756.548,710.186,61.838,104.689,594.551,1158.925,11.282
2013-02-14,47538.375,29695.133,15305.489,771.536,758.727,623.842,62.037,104.689,595.389,1158.925,11.282
2013-02-15,47543.451,29703.253,15306.869,910.965,759.004,623.845,62.062,104.689,595.634,1158.925,11.282
2013-02-16,47543.451,29703.253,15306.869,910.965,759.004,623.845,62.062,104.689,595.634,1158.925,11.282
2013-02-17,47543.451,29703.253,15306.869,910.965,759.004,623.845,62.062,104.689,595.634,1158.925,11.282
2013-02-18,47565.039,29720.721,15327.239,923.475,763.085,623.963,62.434,104.689,597.065,1158.925,11.282
2013-02-19,47866.65,29733.515,15338.114,930.154,765.264,624.024,62.632,104.689,597.903,1158.925,11.282
2013-02-20,47878.169,29746.309,15348.989,1108.085,767.443,624.084,54.868,104.689,598.741,1158.925,11.282
2013-02-21,47889.688,29759.103,15416.511,1114.696,769.622,624.145,31.733,104.689,599.579,1158.925,11.282
2013-02-22,47894.296,29767.468,15418.103,1115.662,769.941,624.149,31.809,104.689,599.84,1158.925,11.282
2013-02-23,47894.296,29767.468,15418.103,1115.662,769.941,624.149,31.809,104.689,599.84,1158.925,11.282
2013-02-24,47894.296,29767.468,15418.103,1115.662,769.941,624.149,31.809,104.689,599.84,1158.925,11.282
2013-02-25,47912.726,29784.691,15438.295,1127.919,773.98,624.266,32.771,104.689,601.255,1158.925,11.282
2013-02-26,47924.245,29797.485,15449.187,1134.53,776.16,624.327,33.29,104.689,602.093,1158.925,11.282
2013-02-27,47935.764,29810.279,15466.439,1141.141,778.339,624.387,33.809,104.689,582.675,1158.925,11.282
2013-02-28,47947.283,29823.073,15477.483,1147.753,780.518,624.448,34.328,104.689,583.501,1158.925,11.282
2013-03-01,47952.112,29831.684,15479.309,1148.846,780.878,624.453,34.414,104.689,583.774,1158.925,11.282
2013-03-02,47952.112,29831.684,15479.309,1148.846,780.878,624.453,34.414,104.689,583.774,1158.925,11.282
2013-03-03,47952.112,29831.684,15479.309,1148.846,780.878,624.453,34.414,104.689,583.774,1158.925,11.282
2013-03-04,47970.321,29848.66,15499.57,1160.975,784.876,624.569,35.366,104.689,585.152,1158.925,11.282
2013-03-05,48097.355,29861.454,15519.911,1167.587,787.055,624.63,31.668,104.689,585.978,1158.925,11.282
2013-03-06,48109.172,29874.248,15531.232,1174.198,789.234,624.69,32.207,104.689,586.803,1158.925,11.282
2013-03-07,48750.73,29887.042,15536.424,1180.809,791.413,624.751,32.746,104.689,587.629,1158.925,11.282
2013-03-08,48754.896,29895.9,15538.552,1182.03,791.815,624.756,32.845,104.689,587.918,1158.925,11.282
2013-03-09,48754.896,29895.9,15538.552,1182.03,791.815,624.756,32.845,104.689,587.918,1158.925,11.282
2013-03-10,48754.896,29895.9,15538.552,1182.03,791.815,624.756,32.845,104.689,587.918,1158.925,11.282
2013-03-11,48255.621,29912.63,15559.478,1194.032,795.771,624.872,33.823,104.689,589.28,1158.925,11.282
2013-03-12,48263.408,29925.424,15571.006,1193.066,797.95,624.932,34.362,104.689,590.106,1158.925,11.282
2013-03-13,48271.195,29938.218,15582.533,1199.658,800.129,624.993,34.9,104.689,590.931,1158.925,11.282
2013-03-14,48278.982,29951.012,15594.06,1212.676,802.308,625.053,35.439,104.689,591.757,1158.925,11.282
2013-03-15,49804.306,29960.115,15596.41,1214.027,802.752,625.06,35.549,104.689,592.062,1158.925,11.282
2013-03-16,49804.306,29960.115,15596.41,1214.027,802.752,625.06,35.549,104.689,592.062,1158.925,11.282
2013-03-17,49804.306,29960.115,15596.41,1214.027,802.752,625.06,35.549,104.689,592.062,1158.925,11.282
2013-03-18,49811.424,29976.6,15617.115,1225.925,806.666,625.175,36.516,104.689,593.408,1158.925,11.282
2013-03-19,49816.039,29990.693,15628.642,1232.549,808.845,625.235,37.055,104.689,594.234,1158.925,11.282
2013-03-20,49820.654,30003.479,15640.169,1239.174,811.024,625.296,37.594,104.689,595.059,1158.925,11.282
2013-03-21,49825.268,30016.266,15651.696,1245.798,813.204,625.356,38.132,104.689,595.885,1158.925,11.282
2013-03-22,49827.469,30025.61,15654.268,1247.276,813.69,625.364,38.252,104.689,596.206,1158.925,11.282
2013-03-23,49827.469,30025.61,15654.268,1247.276,813.69,625.364,38.252,104.689,596.206,1158.925,11.282
2013-03-24,49827.469,30025.61,15654.268,1247.276,813.69,625.364,38.252,104.689,596.206,1158.925,11.282
2013-03-25,49834.498,30041.839,15674.751,1259.046,817.562,625.477,39.21,104.689,597.536,1158.925,11.282
2013-03-26,49839.113,30054.625,15686.278,1265.671,819.741,625.538,39.748,104.689,598.362,1158.925,11.282
2013-03-27,49877.607,30067.411,15728.182,1272.295,821.92,625.599,40.287,104.689,599.187,1158.925,11.282
2013-03-28,49882.185,30080.198,15739.861,1160.079,824.099,625.659,40.826,104.689,600.013,1158.925,11.282
2013-03-29,49884.457,30089.788,15742.691,1161.71,824.627,625.668,66.969,104.689,600.35,1158.925,11.282
2013-03-30,49884.457,30089.788,15742.691,1161.71,824.627,625.668,66.969,104.689,600.35,1158.925,11.282
2013-03-31,49884.457,30089.788,15742.691,1161.71,824.627,625.668,66.969,104.689,600.35,1158.925,11.282
2013-04-01,49936.763,29989.278,15828.332,1182.662,847.699,625.78,84.439,104.689,601.664,1158.925,11.282
2013-04-02,49941.347,30002.018,15840.055,1189.414,849.896,625.841,84.901,104.689,602.49,1158.925,11.282
2013-04-03,49892.929,30014.758,15842.227,1127.535,888.435,625.901,85.362,104.689,603.315,1158.925,11.282
2013-04-04,49897.365,29928.22,15850.353,1133.255,890.48,625.962,85.823,104.689,604.141,1158.925,11.282
2013-04-05,49899.651,29954.516,15853.365,1134.751,892.754,625.972,85.944,104.689,604.493,1158.925,11.282
2013-04-06,49899.651,29954.516,15853.365,1134.751,892.754,625.972,85.944,104.689,604.493,1158.925,11.282
2013-04-07,49899.651,29954.516,15853.365,1134.751,892.754,625.972,85.944,104.689,604.493,1158.925,11.282
2013-04-08,49906.236,29970.596,15873.39,1144.695,896.312,626.083,86.745,104.689,605.792,1158.925,11.282
2013-04-09,49910.672,29982.268,15884.909,1150.415,898.359,626.144,87.206,104.689,606.618,1158.925,11.282
2013-04-10,49915.108,29995.881,15896.428,1156.134,900.406,626.204,87.668,104.689,607.443,1158.925,11.282
2013-04-11,49919.544,29916.105,15907.947,1787.907,902.453,626.265,88.129,104.689,608.269,1158.925,11.282
2013-04-12,49921.916,29949.043,15911.181,1789.61,902.158,611.011,88.258,104.689,608.776,1158.925,11.282
2013-04-13,49921.916,29949.043,15911.181,1789.61,902.158,611.011,88.258,104.689,608.776,1158.925,11.282
2013-04-14,49921.916,29949.043,15911.181,1789.61,902.158,611.011,88.258,104.689,608.776,1158.925,11.282
2013-04-15,49928.416,29967.57,15834.32,1800.044,905.621,611.464,89.051,104.689,610.057,1158.925,11.282
2013-04-16,49877.863,29924.315,15845.643,1806.112,907.635,611.714,89.512,104.689,610.882,1158.925,11.282
2013-04-17,49614.981,29944.011,15856.966,1796.229,909.65,611.965,89.973,104.689,613.504,1158.925,11.282
2013-04-18,49619.581,29959.325,15868.289,1802.253,911.664,612.216,89.07,104.689,614.28,1158.925,11.282
2013-04-19,49622.129,29639.928,15240.366,1804.06,912.268,612.269,89.196,104.689,614.642,1158.925,11.282
2013-04-20,49622.129,29639.928,15240.366,1804.06,912.268,612.269,89.196,104.689,614.642,1158.925,11.282
2013-04-21,49622.129,29639.928,15240.366,1804.06,912.268,612.269,89.196,104.689,614.642,1158.925,11.282
2013-04-22,49628.781,29655.627,15261.941,1777.9,915.692,612.717,89.913,104.689,615.833,1158.925,11.282
2013-04-23,50024.619,29668.795,15196.639,1783.924,917.706,612.968,90.335,104.689,616.61,1158.925,11.282
2013-04-24,46321.98,29681.963,15209.763,1792.251,919.72,613.218,90.756,104.689,617.386,1158.925,11.282
2013-04-25,45337.622,29695.13,15222.888,1842.966,919.864,613.469,91.178,104.689,618.163,1158.925,11.282
2013-04-26,45342.87,29706.019,15227.078,1133.301,920.5,613.527,91.312,104.689,618.539,1158.925,11.282
2013-04-27,45342.87,29706.019,15227.078,1133.301,920.5,613.527,91.312,104.689,618.539,1158.925,11.282
2013-04-28,45342.87,29706.019,15227.078,1133.301,920.5,613.527,91.312,104.689,618.539,1158.925,11.282
2013-04-29,45547.269,29721.465,15249.137,1219.051,956.011,609.392,92.021,104.689,619.715,1158.925,11.282
2013-04-30,45557.694,29734.564,15262.262,1224.001,958.038,609.642,92.443,104.689,620.492,1158.925,11.282
2013-05-01,45568.119,29747.731,15275.386,1228.952,952.549,609.891,92.864,104.689,621.268,1158.925,11.282
2013-05-02,45578.543,29760.898,15288.511,1233.902,1139.848,610.14,93.286,104.689,622.045,1158.925,11.282
2013-05-03,45584.718,29772.146,15292.953,1235.577,1140.797,610.202,93.428,104.689,622.436,1158.925,11.282
2013-05-04,45584.718,29772.146,15292.953,1235.577,1140.797,610.202,93.428,104.689,622.436,1158.925,11.282
2013-05-05,45584.718,29772.146,15292.953,1235.577,1140.797,610.202,93.428,104.689,622.436,1158.925,11.282
2013-05-06,45599.392,29787.336,15268.647,1243.803,1145.455,616.972,94.129,104.689,623.598,1158.925,11.282
2013-05-07,45446.915,29800.501,15281.259,1248.753,1148.259,617.316,94.551,104.689,624.374,1158.925,11.282
2013-05-08,45456.917,29813.665,15293.871,1253.703,1151.062,617.66,94.972,104.689,625.15,1158.925,11.282
2013-05-09,45466.919,29826.83,15306.483,1258.654,1153.866,618.003,62.669,104.689,625.927,1158.925,11.282
2013-05-10,45473.036,29830.663,15310.995,1260.424,1154.869,631.178,62.931,104.689,626.333,1158.925,11.282
2013-05-11,45473.036,29830.663,15310.995,1260.424,1154.869,631.178,62.931,104.689,626.333,1158.925,11.282
2013-05-12,45473.036,29830.663,15310.995,1260.424,1154.869,631.178,62.931,104.689,626.333,1158.925,11.282
2013-05-13,45395.7,29845.562,15331.708,1268.554,1159.473,631.828,64.133,104.689,627.48,1158.925,11.282
2013-05-14,45406.614,29857.502,15344.32,1273.505,1162.276,632.203,60.297,104.689,628.256,1158.925,11.282
2013-05-15,45417.529,29870.628,15356.932,1290.589,1159.456,632.578,61.004,104.689,629.033,1158.925,11.282
2013-05-16,45428.444,29883.754,15369.544,1295.54,1162.202,632.953,61.712,104.689,629.809,1158.925,11.282
2013-05-17,45435.328,29895.365,15374.298,1297.406,1163.237,633.061,61.978,104.689,630.23,1158.925,11.282
2013-05-18,45435.328,29895.365,15374.298,1297.406,1163.237,633.061,61.978,104.689,630.23,1158.925,11.282
2013-05-19,45435.328,29895.365,15374.298,1297.406,1163.237,633.061,61.978,104.689,630.23,1158.925,11.282
2013-05-20,45450.273,29910.006,15394.769,1305.442,1167.693,633.703,56.534,104.689,632.417,1158.925,11.282
2013-05-21,46707.434,29923.132,15407.381,1310.393,1170.438,634.078,57.176,104.689,633.185,1158.925,11.282
2013-05-22,46719.417,29936.258,15419.993,1315.344,1173.184,634.453,55.938,104.689,633.952,1158.925,11.282
2013-05-23,46731.399,29949.383,15432.605,1320.295,1175.93,634.828,56.646,104.689,634.719,1158.925,11.282
2013-05-24,46739.188,29961.247,15437.601,1322.256,1177.017,634.944,56.926,104.689,635.15,1158.925,11.282
2013-05-25,46739.188,29961.247,15437.601,1322.256,1177.017,634.944,56.926,104.689,635.15,1158.925,11.282
2013-05-26,46739.188,29961.247,15437.601,1322.256,1177.017,634.944,56.926,104.689,635.15,1158.925,11.282
2013-05-27,46755.364,29975.635,15457.829,1330.197,1181.421,635.579,58.061,104.689,636.254,1158.925,11.282
2013-05-28,46767.347,29988.761,15470.442,1335.148,1184.166,635.954,58.768,104.689,637.022,1158.925,11.282
2013-05-29,46657.257,30001.887,15483.054,1340.099,1186.912,636.329,59.476,104.689,651.966,1158.925,11.282
2013-05-30,46668.534,30015.013,15495.666,1345.051,1187.924,636.704,60.183,104.689,659.831,1158.925,11.282
2013-05-31,46676.081,30027.129,15500.905,1387.891,1189.067,636.826,60.477,104.689,660.243,1158.925,11.282
2013-06-01,46676.081,30027.129,15500.905,1387.891,1189.067,636.826,60.477,104.689,660.243,1158.925,11.282
2013-06-02,46676.081,30027.129,15500.905,1387.891,1189.067,636.826,60.477,104.689,660.243,1158.925,11.282
2013-06-03,46673.951,30041.265,15520.89,1395.908,1193.426,637.454,61.598,104.689,661.252,1158.925,11.282
2013-06-04,46685.43,30054.391,15533.502,1400.967,1196.177,637.829,62.306,104.689,661.962,1158.925,11.282
2013-06-05,46690.775,30067.517,15546.115,1406.026,1198.928,638.204,63.013,104.689,662.672,1158.925,11.282
2013-06-06,46702.327,30080.643,15558.727,1411.086,1201.679,638.579,63.721,104.689,663.383,1158.925,11.282
2013-06-07,46710.28,30093.012,15564.208,1413.285,1202.875,638.709,64.028,104.689,663.809,1158.925,11.282
2013-06-08,46710.28,30093.012,15564.208,1413.285,1202.875,638.709,64.028,104.689,663.809,1158.925,11.282
2013-06-09,46710.28,30093.012,15564.208,1413.285,1202.875,638.709,64.028,104.689,663.809,1158.925,11.282
2013-06-10,46725.432,30106.895,15583.951,1421.204,1205.66,639.329,65.136,104.689,664.804,1158.925,11.282
2013-06-11,46772.509,30177.3,15596.563,1426.264,1208.414,639.705,65.843,104.689,665.514,1158.925,11.282
2013-06-12,46783.769,30190.657,15609.175,1431.323,1211.169,640.08,66.551,104.689,666.225,1158.925,11.282
2013-06-13,46795.03,30204.014,15621.788,1436.382,1213.924,640.455,67.258,104.689,666.935,1158.925,11.282
2013-06-14,46802.998,30216.857,15627.512,1438.678,1215.174,640.592,67.579,104.689,667.375,1158.925,11.282
2013-06-15,46802.998,30216.857,15627.512,1438.678,1215.174,640.592,67.579,104.689,667.375,1158.925,11.282
2013-06-16,46802.998,30216.857,15627.512,1438.678,1215.174,640.592,67.579,104.689,667.375,1158.925,11.282
2013-06-17,46817.55,30230.728,15647.012,1446.501,1218.424,641.205,68.673,104.689,670.734,1158.925,11.282
2013-06-18,46828.811,30244.085,15659.624,1461.218,1221.179,641.58,69.381,104.689,671.421,1158.925,11.282
2013-06-19,46840.071,30257.442,15658.157,1466.281,1216.321,641.955,70.088,104.689,672.107,1158.925,11.282
2013-06-20,46851.331,30270.799,15670.871,1471.344,1219.089,642.33,70.796,104.689,672.793,1158.925,11.282
2013-06-21,46859.517,30283.899,15676.885,1473.739,1236.628,642.474,71.13,104.689,673.231,1158.925,11.282
2013-06-22,46859.517,30283.899,15676.885,1473.739,1236.628,642.474,71.13,104.689,673.231,1158.925,11.282
2013-06-23,46859.517,30283.899,15676.885,1473.739,1236.628,642.474,71.13,104.689,673.231,1158.925,11.282
2013-06-24,46847.542,30297.512,15690.195,1481.469,1240.849,643.08,75.434,104.689,674.165,1158.925,11.282
2013-06-25,46858.803,30310.869,15702.87,1478.3,1243.613,643.455,76.181,104.689,674.851,1158.925,11.282
2013-06-26,46870.063,30324.226,15715.544,1483.299,1246.378,643.831,76.928,104.689,675.538,1158.925,11.282
2013-06-27,46881.323,30337.583,15728.218,1488.297,1249.142,644.206,71.826,104.689,676.224,1158.925,11.282
2013-06-28,46889.725,30350.94,15734.457,1490.757,1250.503,644.357,72.164,104.689,676.675,1158.925,11.282
2013-06-29,46889.725,30350.94,15734.457,1490.757,1250.503,644.357,72.164,104.689,676.675,1158.925,11.282
2013-06-30,46889.725,30350.94,15734.457,1490.757,1250.503,644.357,72.164,104.689,676.675,1158.925,11.282
2013-07-01,45670.712,30281.41,15876.866,1508.706,1280.868,644.956,72.768,104.689,677.596,1158.925,11.282
2013-07-02,45681.855,30289.02,15889.626,1513.718,1283.655,645.331,73.445,104.689,678.282,1158.925,11.282
2013-07-03,45692.998,30296.63,15902.386,1518.73,1283.065,645.706,74.122,104.689,678.969,1158.925,11.282
2013-07-04,45704.141,30304.24,15915.145,1523.742,1285.827,646.081,74.799,104.689,679.655,1158.925,11.282
2013-07-05,45712.67,30304.358,15921.673,1526.306,1287.24,646.24,75.146,104.689,680.119,1158.925,11.282
2013-07-06,45712.67,30304.358,15921.673,1526.306,1287.24,646.24,75.146,104.689,680.119,1158.925,11.282
2013-07-07,45712.67,30304.358,15921.673,1526.306,1287.24,646.24,75.146,104.689,680.119,1158.925,11.282
2013-07-08,45726.427,30319.461,15911.239,1530.61,1297.628,646.831,76.153,104.689,681.027,1158.925,11.282
2013-07-09,45737.57,30327.071,15924.106,1535.639,1300.341,647.206,76.83,104.689,688.462,1158.925,11.282
2013-07-10,45748.713,30334.681,15936.973,1540.667,1303.054,647.582,77.507,104.689,689.186,1158.925,11.282
2013-07-11,45759.856,30342.291,15949.567,1582.075,1305.768,647.957,78.185,104.689,689.91,1158.925,11.282
2013-07-12,45768.599,30342.554,15956.396,1584.76,1307.208,648.123,78.544,104.689,690.413,1158.925,11.282
2013-07-13,45768.599,30342.554,15956.396,1584.76,1307.208,648.123,78.544,104.689,690.413,1158.925,11.282
2013-07-14,45768.599,30342.554,15956.396,1584.76,1307.208,648.123,78.544,104.689,690.413,1158.925,11.282
2013-07-15,45782.142,30368.637,15975.301,1592.192,1324.933,648.707,79.539,104.689,690.955,1158.925,11.282
2013-07-16,45828.765,30376.25,15988.168,1597.251,1327.635,649.082,80.216,104.689,691.736,1158.925,11.282
2013-07-17,45841.286,30383.862,16001.035,1602.31,1330.338,649.457,80.893,104.689,692.517,1158.925,11.282
2013-07-18,45853.899,30272.994,16013.902,1607.368,1333.04,649.832,81.57,104.689,693.298,1158.925,11.282
2013-07-19,45864.037,27323.097,15473.855,1610.151,1334.527,650.005,81.942,104.689,693.857,1158.925,11.282
2013-07-20,45864.037,27323.097,15473.855,1610.151,1334.527,650.005,81.942,104.689,693.857,1158.925,11.282
2013-07-21,45864.037,27323.097,15473.855,1610.151,1334.527,650.005,81.942,104.689,693.857,1158.925,11.282
2013-07-22,47110.926,27346.435,15430.815,1617.486,1338.446,650.582,82.924,104.689,694.86,1158.925,11.282
2013-07-23,45641.964,27358.427,15444.088,1622.544,1341.148,650.957,83.601,104.689,695.641,1158.925,11.282
2013-07-24,46260.51,27370.419,15457.36,1550.122,1337.618,651.332,84.278,104.689,696.422,1158.925,11.282
2013-07-25,44364.482,27382.411,15470.633,1515.241,1525.157,651.708,84.955,104.689,697.203,1158.925,11.282
2013-07-26,44372.476,27383.288,15478.189,1616.834,1526.48,651.888,134.886,104.689,697.776,1158.925,11.282
2013-07-27,44372.476,27383.288,15478.189,1616.834,1526.48,651.888,134.886,104.689,697.776,1158.925,11.282
2013-07-28,44372.476,27383.288,15478.189,1616.834,1526.48,651.888,134.886,104.689,697.776,1158.925,11.282
2013-07-29,44383.908,27406.396,15497.179,1623.688,1529.808,605.865,136.144,104.689,698.764,1158.925,11.282
2013-07-30,44393.621,27418.388,15510.452,1628.478,1532.133,606.221,137.023,104.689,699.545,1158.925,11.282
2013-07-31,44403.334,27430.38,15523.725,1633.269,1534.459,606.577,137.903,104.689,700.326,1158.925,11.282
2013-08-01,44413.047,27442.372,15536.998,1631.516,1536.784,606.933,138.782,104.689,701.107,1158.925,11.282
2013-08-02,44421.228,27443.479,15544.808,1634.388,1538.153,607.111,139.3,104.689,701.696,1158.925,11.282
2013-08-03,44421.228,27443.479,15544.808,1634.388,1538.153,607.111,139.3,104.689,701.696,1158.925,11.282
2013-08-04,44421.228,27443.479,15544.808,1634.388,1538.153,607.111,139.3,104.689,701.696,1158.925,11.282
2013-08-05,43597.02,27466.356,15563.543,1641.278,1541.435,607.644,140.541,104.689,709.746,1158.925,11.282
2013-08-06,41589.786,27478.348,15576.816,1646.159,1533.134,608.0,141.42,104.689,710.532,1158.925,11.282
2013-08-07,41587.513,27490.34,15590.089,1651.04,1535.427,596.12,142.299,104.689,711.318,1158.925,11.282
2013-08-08,41585.239,27502.332,15603.362,1655.921,1537.721,596.494,105.801,104.689,712.104,1158.925,11.282
2013-08-09,41583.281,27503.67,15611.428,1658.888,1583.328,570.39,106.298,104.689,712.711,1158.925,11.282
2013-08-10,41583.281,27503.67,15611.428,1658.888,1583.328,570.39,106.298,104.689,712.711,1158.925,11.282
2013-08-11,41583.281,27503.67,15611.428,1658.888,1583.328,570.39,106.298,104.689,712.711,1158.925,11.282
2013-08-12,41580.693,27526.316,15629.907,1665.683,1586.683,570.978,107.436,104.689,713.676,1158.925,11.282
2013-08-13,41578.42,27538.308,15643.18,1670.565,1589.092,571.375,108.254,104.689,714.462,1158.925,11.282
2013-08-14,41576.146,27550.301,15656.453,1675.446,1591.502,571.773,56.679,104.689,715.248,1158.925,11.282
2013-08-15,41573.873,27562.293,15669.726,1680.327,1593.912,572.17,57.578,104.689,716.034,1158.925,11.282
2013-08-16,41571.871,27563.861,15678.047,1683.387,1595.423,572.384,58.142,104.689,716.657,1158.925,11.282
2013-08-17,41571.871,27563.861,15678.047,1683.387,1595.423,572.384,58.142,104.689,716.657,1158.925,11.282
2013-08-18,41571.871,27563.861,15678.047,1683.387,1595.423,572.384,58.142,104.689,716.657,1158.925,11.282
2013-08-19,41569.326,27586.277,15696.272,1690.089,1598.732,572.964,59.376,104.689,717.606,1158.925,11.282
2013-08-20,41567.053,27598.269,15709.545,1694.97,1601.141,573.361,60.276,104.689,718.392,1158.925,11.282
2013-08-21,41840.323,27610.261,15722.817,1699.851,1603.551,573.758,43.891,104.689,719.178,1158.925,11.282
2013-08-22,41839.232,27622.176,15736.09,1704.732,1605.961,574.155,44.692,104.689,719.964,1158.925,11.282
2013-08-23,41838.251,27623.974,15744.667,1707.886,1607.518,574.377,45.21,104.689,720.602,1158.925,11.282
2013-08-24,41838.251,27623.974,15744.667,1707.886,1607.518,574.377,45.21,104.689,720.602,1158.925,11.282
2013-08-25,41838.251,27623.974,15744.667,1707.886,1607.518,574.377,45.21,104.689,720.602,1158.925,11.282
2013-08-26,41837.051,27646.16,15762.636,1714.494,1610.781,574.95,46.295,104.689,721.536,1158.925,11.282
2013-08-27,41835.96,27658.153,15775.909,1719.375,1613.19,575.347,47.097,104.689,729.12,1158.925,11.282
2013-08-28,41834.87,27670.145,15789.182,1724.256,1615.6,575.744,47.899,104.689,725.676,1158.925,11.282
2013-08-29,41833.779,27682.138,15802.454,1729.138,1618.01,576.141,48.7,104.689,726.576,1158.925,11.282
2013-08-30,41858.498,27684.167,15811.286,1732.385,1619.613,576.37,49.234,104.689,727.324,1158.925,11.282
2013-08-31,41858.498,27684.167,15811.286,1732.385,1619.613,576.37,49.234,104.689,727.324,1158.925,11.282
2013-09-01,41858.498,27684.167,15811.286,1732.385,1619.613,576.37,49.234,104.689,727.324,1158.925,11.282
2013-09-02,41857.319,27706.123,15829.0,1738.9,1622.829,576.935,50.304,104.689,728.377,1158.925,11.282
2013-09-03,41856.228,27429.205,15842.273,1743.781,1625.239,577.333,51.105,104.689,730.041,1158.925,11.282
2013-09-04,41971.688,27549.459,15855.546,1760.617,1627.649,577.73,51.907,104.689,730.924,1158.925,11.282
2013-09-05,41927.84,27560.56,15868.819,1765.57,1634.217,578.127,52.709,104.689,731.806,1158.925,11.282
2013-09-06,41927.072,27486.937,15877.906,1768.961,1635.833,578.364,53.257,104.689,732.555,1158.925,11.282
2013-09-07,41927.072,27486.937,15877.906,1768.961,1635.833,578.364,53.257,104.689,732.555,1158.925,11.282
2013-09-08,41927.072,27486.937,15877.906,1768.961,1635.833,578.364,53.257,104.689,732.555,1158.925,11.282
2013-09-09,41926.204,27506.41,15896.822,1775.476,1638.937,578.921,54.312,104.689,733.57,1158.925,11.282
2013-09-10,41925.386,27517.16,15910.13,1780.429,1641.296,579.318,55.114,104.689,734.452,1158.925,11.282
2013-09-11,40002.167,27527.909,15923.439,1785.382,1643.656,579.715,55.915,104.689,735.334,1158.925,11.282
2013-09-12,40049.092,27538.659,15936.748,1790.334,1636.165,580.113,56.717,104.689,729.99,1158.925,11.282
2013-09-13,40052.507,27540.891,15946.115,1793.821,1637.798,580.357,57.281,104.689,730.733,1158.925,11.282
2013-09-14,40052.507,27540.891,15946.115,1793.821,1637.798,580.357,57.281,104.689,730.733,1158.925,11.282
2013-09-15,40052.507,27540.891,15946.115,1793.821,1637.798,580.357,57.281,104.689,730.733,1158.925,11.282
2013-09-16,40049.97,27560.157,15963.365,1800.24,1640.804,580.907,58.32,104.689,731.7,1158.925,11.282
2013-09-17,40047.536,26758.1,15976.674,1805.193,1643.123,581.304,59.122,104.689,732.554,1158.925,11.282
2013-09-18,40045.101,26662.349,15989.983,1810.146,1645.443,581.701,59.923,104.689,733.409,1158.925,11.282
2013-09-19,40042.667,26673.453,16003.291,1815.099,1647.762,582.098,60.725,104.689,734.263,1158.925,11.282
2013-09-20,40037.404,26326.128,16012.915,1818.68,1654.714,582.35,61.305,104.689,735.022,1158.925,11.282
2013-09-21,40037.404,26326.128,16012.915,1818.68,1654.714,582.35,61.305,104.689,735.022,1158.925,11.282
2013-09-22,40037.404,26326.128,16012.915,1818.68,1654.714,582.35,61.305,104.689,735.022,1158.925,11.282
2013-09-23,40060.632,26345.819,16029.909,1839.347,1657.697,582.893,62.328,104.689,735.972,1158.925,11.282
2013-09-24,40134.757,26356.924,16043.218,1844.272,1660.033,583.29,63.13,104.689,736.827,1158.925,11.282
2013-09-25,40031.493,26368.029,16056.526,1849.197,1662.37,583.687,63.932,104.689,737.681,1158.925,11.282
2013-09-26,40029.538,26379.134,16069.835,1854.122,1651.503,584.084,64.733,104.689,738.536,1158.925,11.282
2013-09-27,40027.59,26182.767,16079.714,1843.54,1688.492,584.344,65.328,104.689,739.312,1158.925,11.282
2013-09-28,40027.59,26182.767,16079.714,1843.54,1688.492,584.344,65.328,104.689,739.312,1158.925,11.282
2013-09-29,40027.59,26182.767,16079.714,1843.54,1688.492,584.344,65.328,104.689,739.312,1158.925,11.282
2013-09-30,39244.074,25587.137,16167.932,1974.06,1724.419,584.878,75.99,104.689,740.245,1158.925,11.282
2013-10-01,39613.343,24987.311,16181.283,1977.871,1919.419,585.276,63.58,104.689,741.1,1158.925,11.282
2013-10-02,39628.179,24997.951,16194.634,1981.682,1921.666,585.673,64.469,104.689,741.954,1158.925,11.282
2013-10-03,39643.016,25008.591,16207.986,1985.494,1923.913,586.07,65.358,104.689,742.809,1158.925,11.282
2013-10-04,39642.836,25011.415,16218.153,1988.396,1925.625,586.337,66.036,104.689,743.601,1158.925,11.282
2013-10-05,39642.836,25011.415,16218.153,1988.396,1925.625,586.337,66.036,104.689,743.601,1158.925,11.282
2013-10-06,39642.836,25011.415,16218.153,1988.396,1925.625,586.337,66.036,104.689,743.601,1158.925,11.282
2013-10-07,39674.735,25029.871,16234.689,1993.116,1921.197,586.864,67.137,104.689,744.518,1158.925,11.282
2013-10-08,40249.855,25040.511,16248.04,1996.927,1923.427,587.261,68.027,104.689,745.372,1158.925,11.282
2013-10-09,40265.585,25051.151,16261.391,2000.738,1925.658,587.658,68.916,104.689,746.227,1158.925,11.282
2013-10-10,40281.316,25061.79,16279.127,2004.549,1927.889,588.056,69.805,104.689,747.082,1158.925,11.282
2013-10-11,40281.8,25649.447,16305.744,2007.525,1929.631,572.121,70.5,104.689,747.89,1158.925,11.282
2013-10-12,40281.8,25649.447,16305.744,2007.525,1929.631,572.121,70.5,104.689,747.89,1158.925,11.282
2013-10-13,40281.8,25649.447,16305.744,2007.525,1929.631,572.121,70.5,104.689,747.89,1158.925,11.282
2013-10-14,40312.777,25662.327,16301.332,2012.172,1932.351,572.523,71.584,104.689,748.791,1158.925,11.282
2013-10-15,40328.508,25662.731,16310.156,2015.983,1945.458,572.83,72.473,104.689,749.645,1158.925,11.282
2013-10-16,40344.239,25670.21,16323.583,2019.794,1947.713,573.138,73.363,104.689,750.5,1158.925,11.282
2013-10-17,40359.97,25677.688,16174.537,2023.605,1949.968,573.445,74.252,104.689,751.354,1158.925,11.282
2013-10-18,40360.756,25483.398,16388.037,2026.654,1951.772,573.664,74.963,104.689,752.179,1158.925,11.282
2013-10-19,40360.756,25483.398,16388.037,2026.654,1951.772,573.664,74.963,104.689,752.179,1158.925,11.282
2013-10-20,40360.756,25483.398,16388.037,2026.654,1951.772,573.664,74.963,104.689,752.179,1158.925,11.282
2013-10-21,40502.404,25495.084,16408.202,2031.228,1954.478,574.06,76.031,104.689,753.064,1158.925,11.282
2013-10-22,40556.465,25501.974,16425.006,2035.039,1956.733,574.368,76.92,104.689,753.918,1158.925,11.282
2013-10-23,40604.676,25508.864,16441.81,2038.85,1958.988,574.675,77.809,104.689,754.773,1158.925,11.282
2013-10-24,40622.23,25515.753,16453.923,2033.311,1961.244,574.982,78.699,104.689,755.627,1158.925,11.282
2013-10-25,40623.445,22864.372,16467.769,2352.432,1963.091,575.207,79.427,104.689,756.469,1158.925,11.282
2013-10-26,40623.445,22864.372,16467.769,2352.432,1963.091,575.207,79.427,104.689,756.469,1158.925,11.282
2013-10-27,40623.445,22864.372,16467.769,2352.432,1963.091,575.207,79.427,104.689,756.469,1158.925,11.282
2013-10-28,39660.845,22875.207,16487.726,2358.155,1965.754,569.116,80.477,104.689,757.336,1158.925,11.282
2013-10-29,39064.592,22882.949,16504.628,2363.003,1978.574,569.422,81.367,104.689,758.191,1158.925,11.282
2013-10-30,39408.777,22890.692,16521.53,2367.85,1976.269,569.727,82.256,104.689,759.045,1158.925,11.282
2013-10-31,39430.949,22866.876,16538.432,2372.697,2566.628,570.032,83.145,104.689,759.9,1158.925,11.282
2013-11-01,39432.91,22521.985,16552.604,2376.761,2568.51,570.262,83.891,104.689,759.9,1158.925,11.282
2013-11-02,39432.91,22521.985,16552.604,2376.761,2568.51,570.262,83.891,104.689,759.9,1158.925,11.282
2013-11-03,39432.91,22521.985,16552.604,2376.761,2568.51,570.262,83.891,104.689,759.9,1158.925,11.282
2013-11-04,39475.292,22545.091,16572.236,2382.392,2571.117,570.766,84.924,104.689,760.845,1158.925,11.282
2013-11-05,39405.875,22559.029,16589.137,2387.239,2573.362,571.19,85.533,104.689,761.317,1158.925,11.282
2013-11-06,39427.784,22572.968,16606.039,2336.565,2575.606,571.492,91.176,104.689,761.79,1158.925,11.282
2013-11-07,39449.692,22586.907,16622.941,2341.385,2577.851,566.363,92.086,104.689,762.262,1158.925,11.282
2013-11-08,39452.051,22591.946,16637.438,2345.52,2579.776,592.355,92.867,104.689,762.271,1158.925,11.282
2013-11-09,39452.051,22591.946,16637.438,2345.52,2579.776,592.355,92.867,104.689,762.271,1158.925,11.282
2013-11-10,39452.051,22591.946,16637.438,2345.52,2579.776,592.355,92.867,104.689,762.271,1158.925,11.282
2013-11-11,39493.508,22614.784,16656.745,2351.026,2582.34,593.032,93.906,104.689,763.207,1158.925,11.282
2013-11-12,39515.416,22628.723,16673.647,2355.847,2584.585,593.582,94.816,104.689,763.679,1158.925,11.282
2013-11-13,39537.324,22642.661,16690.549,2360.667,2586.83,594.132,100.012,104.689,764.152,1158.925,11.282
2013-11-14,39559.232,22656.6,16707.45,2365.487,2589.074,594.682,100.796,104.689,764.624,1158.925,11.282
2013-11-15,39562.013,22661.907,16722.272,2369.715,2591.043,595.116,101.484,104.689,764.642,1158.925,11.282
2013-11-16,39562.013,22661.907,16722.272,2369.715,2591.043,595.116,101.484,104.689,764.642,1158.925,11.282
2013-11-17,39562.013,22661.907,16722.272,2369.715,2591.043,595.116,101.484,104.689,764.642,1158.925,11.282
2013-11-18,39603.048,22632.558,16741.254,2383.183,2593.563,595.783,102.364,104.689,765.569,1158.925,11.282
2013-11-19,39624.956,22646.561,16758.156,2388.038,2595.808,596.333,103.148,104.689,766.041,1158.925,11.282
2013-11-20,39646.864,22660.563,16775.058,2392.894,2598.053,596.883,103.932,104.689,766.514,1158.925,11.282
2013-11-21,39668.772,22674.566,16791.96,2397.749,2580.339,597.433,104.716,104.689,766.986,1158.925,11.282
2013-11-22,39671.974,22680.167,16807.106,2402.1,2582.273,597.877,105.419,104.689,767.013,1158.925,11.282
2013-11-23,39671.974,22680.167,16807.106,2402.1,2582.273,597.877,105.419,104.689,767.013,1158.925,11.282
2013-11-24,39671.974,22680.167,16807.106,2402.1,2582.273,597.877,105.419,104.689,767.013,1158.925,11.282
2013-11-25,39712.589,22702.571,16825.763,2407.46,2584.656,598.533,106.284,104.689,767.931,1158.925,11.282
2013-11-26,39734.497,22716.573,16842.665,2412.316,2586.815,599.083,104.522,104.689,768.403,1158.925,11.282
2013-11-27,39756.405,22730.576,16859.567,2417.171,2588.974,599.633,106.136,104.689,768.876,1158.925,11.282
2013-11-28,39778.313,22744.579,16876.469,2422.026,2591.133,600.183,106.875,104.689,769.348,1158.925,11.282
2013-11-29,39781.936,22750.449,16891.94,2426.471,2593.109,600.638,107.551,104.689,769.385,1158.925,11.282
2013-11-30,39781.936,22750.449,16891.94,2426.471,2593.109,600.638,107.551,104.689,769.385,1158.925,11.282
2013-12-01,39781.936,22750.449,16891.94,2426.471,2593.109,600.638,107.551,104.689,769.385,1158.925,11.282
2013-12-02,39822.129,22772.584,16910.272,2431.737,2595.451,601.284,108.352,104.689,770.293,1158.925,11.282
2013-12-03,39927.456,22786.586,16927.174,2436.593,2597.61,601.834,109.091,104.689,770.766,1158.925,11.282
2013-12-04,39948.976,22800.589,16944.076,2441.448,2599.769,602.384,109.83,104.689,788.822,1158.925,11.282
2013-12-05,40426.224,22814.591,16960.978,2446.304,2601.928,602.934,110.569,104.689,763.869,1158.925,11.282
2013-12-06,40375.105,22820.731,16976.775,2450.842,2603.945,603.399,111.259,104.689,763.912,1158.925,11.282
2013-12-07,40375.105,22820.731,16976.775,2450.842,2603.945,603.399,111.259,104.689,763.912,1158.925,11.282
2013-12-08,40375.105,22820.731,16976.775,2450.842,2603.945,603.399,111.259,104.689,763.912,1158.925,11.282
2013-12-09,40213.126,22842.596,16994.782,2456.015,2606.245,604.034,112.046,104.689,764.75,1158.925,11.282
2013-12-10,40235.893,22856.599,17011.684,2460.87,2608.404,604.584,112.785,104.689,765.19,1158.925,11.282
2013-12-11,40258.661,22870.602,17025.798,2465.726,2610.563,605.134,113.524,104.689,765.63,1158.925,11.282
2013-12-12,40281.428,22884.604,17042.697,2470.581,2612.722,605.684,114.263,104.689,766.07,1158.925,11.282
2013-12-13,40286.069,22891.013,17058.817,2479.105,2614.781,606.16,114.967,104.689,766.121,1158.925,11.282
2013-12-14,40286.069,22891.013,17058.817,2479.105,2614.781,606.16,114.967,104.689,766.121,1158.925,11.282
2013-12-15,40286.069,22891.013,17058.817,2479.105,2614.781,606.16,114.967,104.689,766.121,1158.925,11.282
2013-12-16,40336.548,22912.609,17076.497,2484.055,2617.04,606.784,115.74,104.689,766.95,1158.925,11.282
2013-12-17,40359.318,22926.612,17093.396,2488.787,2619.199,607.335,116.479,104.689,767.39,1158.925,11.282
2013-12-18,40280.323,22940.614,17110.296,2493.518,2621.358,607.885,117.218,104.689,767.83,1158.925,11.282
2013-12-19,40303.143,22954.617,17127.196,2498.25,2446.872,608.435,117.957,104.689,768.27,1158.925,11.282
2013-12-20,40308.233,22961.295,17143.64,2502.854,2448.882,608.921,118.675,104.689,768.33,1158.925,11.282
2013-12-21,40308.233,22961.295,17143.64,2502.854,2448.882,608.921,118.675,104.689,768.33,1158.925,11.282
2013-12-22,40308.233,22961.295,17143.64,2502.854,2448.882,608.921,118.675,104.689,768.33,1158.925,11.282
2013-12-23,40417.984,22982.622,17160.995,2473.658,2448.109,609.535,119.434,104.689,769.151,1158.925,11.282
2013-12-24,40438.875,22996.625,17177.895,2478.257,2450.17,610.085,120.173,104.689,769.591,1158.925,11.282
2013-12-25,40459.766,23010.627,17194.794,2482.855,2452.231,610.635,120.912,104.689,770.031,1158.925,11.282
2013-12-26,40480.657,23024.63,17211.694,2487.453,2454.292,611.185,121.651,104.689,770.471,1158.925,11.282
2013-12-27,40485.719,23031.577,17228.464,2492.015,2456.337,611.682,122.384,104.689,770.539,1158.925,11.282
2013-12-28,40485.719,23031.577,17228.464,2492.015,2456.337,611.682,122.384,104.689,770.539,1158.925,11.282
2013-12-29,40485.719,23031.577,17228.464,2492.015,2456.337,611.682,122.384,104.689,770.539,1158.925,11.282
2013-12-30,40071.6,23052.635,17245.493,2496.649,2458.414,612.285,123.128,104.689,771.351,1158.925,11.282
2013-12-31,40092.296,23020.27,17344.591,2515.607,2509.839,612.835,126.826,104.689,771.791,1158.925,11.282
2014-01-01,40112.991,23034.248,17355.423,2525.595,2511.753,613.386,126.521,104.689,772.231,1158.925,11.282
2014-01-02,40133.687,23048.227,17366.254,2534.811,2513.667,613.936,126.215,104.689,772.671,1158.925,11.282
2014-01-03,40139.099,23055.432,17366.338,2531.031,2513.682,614.443,126.212,104.689,772.748,1158.925,11.282
2014-01-04,40139.099,23055.432,17366.338,2531.031,2513.682,614.443,126.212,104.689,772.748,1158.925,11.282
2014-01-05,40139.099,23055.432,17366.338,2531.031,2513.682,614.443,126.212,104.689,772.748,1158.925,11.282
2014-01-06,40175.078,23076.185,17437.002,2550.125,2517.495,609.901,125.603,104.689,773.552,1158.925,11.282
2014-01-07,40195.773,23090.163,17465.527,2559.709,2519.409,610.521,125.298,104.689,773.992,1158.925,11.282
2014-01-08,40216.469,23104.142,17476.987,2569.293,2521.323,611.142,124.992,104.689,774.432,1158.925,11.282
2014-01-09,40237.164,23118.121,17488.448,2578.877,2523.237,611.762,124.686,104.689,774.872,1158.925,11.282
2014-01-10,40242.975,23125.594,17488.757,2579.135,2523.289,612.347,124.678,104.689,774.957,1158.925,11.282
2014-01-11,40242.975,23125.594,17488.757,2579.135,2523.289,612.347,124.678,104.689,774.957,1158.925,11.282
2014-01-12,40242.975,23125.594,17488.757,2579.135,2523.289,612.347,124.678,104.689,774.957,1158.925,11.282
2014-01-13,40278.555,23146.078,17511.369,2598.045,2547.683,613.003,124.075,104.689,775.752,1158.925,11.282
2014-01-14,40299.251,23160.057,17416.461,2632.903,2510.056,613.623,123.769,104.689,776.192,1158.925,11.282
2014-01-15,40444.757,23174.036,17488.812,2617.212,2543.032,614.244,132.285,104.689,776.632,1158.925,11.282
2014-01-16,40465.774,23188.015,17500.103,2626.796,2544.838,614.864,131.944,104.689,777.072,1158.925,11.282
2014-01-17,40472.078,23200.719,17500.625,2627.239,2544.921,615.46,131.928,104.689,777.166,1158.925,11.282
2014-01-18,40472.078,23200.719,17500.625,2627.239,2544.921,615.46,131.928,104.689,777.166,1158.925,11.282
2014-01-19,40472.078,23200.719,17500.625,2627.239,2544.921,615.46,131.928,104.689,777.166,1158.925,11.282
2014-01-20,40629.219,23221.82,17522.687,2645.964,2548.449,616.105,131.262,104.689,777.953,1158.925,11.282
2014-01-21,41043.528,23236.411,17570.333,2655.548,2577.153,616.725,130.921,104.689,778.393,1158.925,11.282
2014-01-22,41063.02,22593.855,17581.576,2665.132,2579.105,617.345,130.58,104.689,778.833,1158.925,11.282
2014-01-23,41082.511,23137.345,17592.818,2674.716,2581.056,617.966,130.239,104.689,779.273,1158.925,11.282
2014-01-24,41062.582,23456.436,17596.157,2679.029,2576.324,618.574,130.217,104.689,779.375,1158.925,11.282
2014-01-25,41062.582,23456.436,17596.157,2679.029,2576.324,618.574,130.217,104.689,779.375,1158.925,11.282
2014-01-26,41062.582,23456.436,17596.157,2679.029,2576.324,618.574,130.217,104.689,779.375,1158.925,11.282
2014-01-27,40761.067,23476.437,17472.315,2706.022,2580.059,600.919,129.557,104.689,780.153,1158.925,11.282
2014-01-28,40776.485,23490.454,17483.452,2715.604,2575.95,601.528,129.216,104.689,780.593,1158.925,11.282
2014-01-29,40790.498,23504.471,17494.588,2210.937,2566.414,602.137,128.875,104.689,781.033,1158.925,11.282
2014-01-30,40444.792,23518.487,17505.725,2225.341,2740.747,602.746,128.534,104.689,781.473,1158.925,11.282
2014-01-31,40449.503,23526.79,22797.991,2474.57,2741.014,603.355,128.505,104.689,781.583,1158.925,11.282
2014-02-01,40449.503,23526.79,22797.991,2474.57,2741.014,603.355,128.505,104.689,781.583,1158.925,11.282
2014-02-02,40449.503,23526.79,22797.991,2474.57,2741.014,603.355,128.505,104.689,781.583,1158.925,11.282
2014-02-03,40463.976,23546.521,22857.94,2485.962,2747.057,603.776,127.852,104.689,786.356,1158.925,11.282
2014-02-04,40477.797,24448.446,28727.718,2480.118,2750.212,603.987,127.511,104.689,786.798,1158.925,11.282
2014-02-05,40491.618,24466.49,28778.26,2485.961,2753.367,604.197,127.17,104.689,787.24,1158.925,11.282
2014-02-06,40505.44,24481.689,28828.802,2491.804,2756.523,604.408,126.829,104.689,787.681,1158.925,11.282
2014-02-07,40510.384,24490.984,28084.952,2492.41,2756.85,604.412,126.793,104.689,787.8,1158.925,11.282
2014-02-08,40510.384,24490.984,28084.952,2492.41,2756.85,604.412,126.793,104.689,787.8,1158.925,11.282
2014-02-09,40510.384,24490.984,28084.952,2492.41,2756.85,604.412,126.793,104.689,787.8,1158.925,11.282
2014-02-10,40592.395,24512.088,28186.861,2503.489,2762.833,604.255,126.146,104.689,788.565,1158.925,11.282
2014-02-11,40606.313,24527.287,28240.606,2509.332,2765.988,604.383,125.805,104.689,789.006,1158.925,11.282
2014-02-12,40620.23,24542.486,28294.351,2421.855,2769.143,582.557,125.464,104.689,789.448,1158.925,11.282
2014-02-13,40634.148,24557.686,28348.096,2427.346,2772.298,669.599,125.123,104.689,789.889,1158.925,11.282
2014-02-14,40708.488,24567.273,28354.71,2388.156,2772.687,669.606,125.081,104.689,790.017,1158.925,11.282
2014-02-15,40708.488,24567.273,28354.71,2388.156,2772.687,669.606,125.081,104.689,790.017,1158.925,11.282
2014-02-16,40708.488,24567.273,28354.71,2388.156,2772.687,669.606,125.081,104.689,790.017,1158.925,11.282
2014-02-17,40731.389,24588.084,28455.585,2398.403,2778.609,669.934,124.441,104.689,790.773,1158.925,11.282
2014-02-18,40745.499,24603.283,28509.33,2403.862,2781.764,670.101,141.476,104.689,791.214,1158.925,11.282
2014-02-19,40759.609,24618.483,28563.075,2409.321,2784.919,670.268,141.345,104.689,791.656,1158.925,11.282
2014-02-20,40773.719,24789.093,28496.845,2414.78,2788.074,670.436,40.335,104.689,792.098,1158.925,11.282
2014-02-21,40779.308,24799.415,28504.593,2415.557,2788.523,670.445,40.291,104.689,792.233,1158.925,11.282
2014-02-22,40779.308,24799.415,28504.593,2415.557,2788.523,670.445,40.291,104.689,792.233,1158.925,11.282
2014-02-23,40779.308,24799.415,28504.593,2415.557,2788.523,670.445,40.291,104.689,792.233,1158.925,11.282
2014-02-24,40801.938,24820.852,28605.726,2425.698,2794.384,670.77,39.714,104.689,795.334,1158.925,11.282
2014-02-25,40816.048,24836.731,28660.167,2431.157,2797.539,670.937,39.403,104.689,753.746,1158.925,11.282
2014-02-26,40830.158,24852.61,28714.607,2436.616,2800.694,671.104,39.093,104.689,726.039,1158.925,11.282
2014-02-27,40844.268,24793.811,28769.048,2442.076,2803.85,671.272,38.782,104.689,726.565,1158.925,11.282
2014-02-28,40850.129,24804.139,28777.842,2442.957,2804.359,671.285,38.732,104.689,726.737,1158.925,11.282
2014-03-01,40850.129,24804.139,28777.842,2442.957,2804.359,671.285,38.732,104.689,726.737,1158.925,11.282
2014-03-02,40850.129,24804.139,28777.842,2442.957,2804.359,671.285,38.732,104.689,726.737,1158.925,11.282
2014-03-03,40872.487,24824.676,29552.723,2452.994,2810.16,671.606,38.161,104.689,727.617,1158.925,11.282
2014-03-04,40886.597,24840.108,29604.054,2458.453,2813.315,671.773,37.85,104.689,728.143,1158.925,11.282
2014-03-05,40900.707,24855.54,29655.385,2463.912,2816.47,671.941,37.54,104.689,728.669,1158.925,11.282
2014-03-06,42266.762,24870.972,29706.716,2469.371,2819.625,672.108,57.132,104.689,729.195,1158.925,11.282
2014-03-07,42272.409,24881.597,29715.995,2470.358,2820.196,672.124,51.332,104.689,729.377,1158.925,11.282
2014-03-08,42272.409,24881.597,29715.995,2470.358,2820.196,672.124,51.332,104.689,729.377,1158.925,11.282
2014-03-09,42272.409,24881.597,29715.995,2470.358,2820.196,672.124,51.332,104.689,729.377,1158.925,11.282
2014-03-10,42292.748,24901.837,30166.962,2480.289,2860.577,672.442,51.458,104.689,730.247,1158.925,11.282
2014-03-11,42305.741,24917.269,30218.226,2390.175,2861.016,672.609,51.527,104.689,730.773,1158.925,11.282
2014-03-12,42318.734,24932.701,30269.49,2395.848,2864.505,672.777,51.596,104.689,731.299,1158.925,11.282
2014-03-13,42331.727,24948.133,30320.754,2401.521,2867.993,672.944,51.665,104.689,731.825,1158.925,11.282
2014-03-14,42337.624,24959.054,30331.007,2467.974,2872.469,672.963,51.678,104.689,732.017,1158.925,11.282
2014-03-15,42337.624,24959.054,30331.007,2467.974,2872.469,672.963,51.678,104.689,732.017,1158.925,11.282
2014-03-16,42337.624,24959.054,30331.007,2467.974,2872.469,672.963,51.678,104.689,732.017,1158.925,11.282
2014-03-17,42357.714,24978.998,30423.282,2478.374,2878.97,673.278,51.803,104.689,749.554,1158.925,11.282
2014-03-18,42370.707,24994.43,30474.546,2484.152,2882.582,673.446,51.872,104.689,750.128,1158.925,11.282
2014-03-19,42383.7,25009.862,30525.81,2489.93,2886.194,673.613,51.941,104.689,750.702,1158.925,11.282
2014-03-20,42396.693,25025.294,30577.074,2495.708,2889.806,673.78,52.01,104.689,751.275,1158.925,11.282
2014-03-21,42273.337,25036.512,30588.312,2496.975,2890.597,656.265,52.025,104.689,751.496,1158.925,11.282
2014-03-22,42273.337,25036.512,30588.312,2496.975,2890.597,656.265,52.025,104.689,751.496,1158.925,11.282
2014-03-23,42273.337,25036.512,30588.312,2496.975,2890.597,656.265,52.025,104.689,751.496,1158.925,11.282
2014-03-24,42294.057,25056.159,30660.643,2507.264,2897.029,656.579,52.148,104.689,752.423,1158.925,11.282
2014-03-25,42307.627,25071.591,30711.586,2513.042,2900.641,656.748,52.217,104.689,752.997,1158.925,11.282
2014-03-26,42321.197,24938.466,30762.528,2518.82,2904.253,658.139,56.944,104.689,753.57,1158.925,11.282
2014-03-27,42334.767,24953.321,31469.305,2571.089,2907.865,658.294,-19.621,104.689,754.144,1158.925,11.282
2014-03-28,42341.447,24740.926,31469.305,2514.602,2908.726,658.318,-19.403,104.689,754.613,1158.925,11.282
2014-03-29,42341.447,24740.926,31469.305,2514.602,2908.726,658.318,-19.403,104.689,754.613,1158.925,11.282
2014-03-30,42341.447,24740.926,31469.305,2514.602,2908.726,658.318,-19.403,104.689,754.613,1158.925,11.282
2014-03-31,41119.521,24603.024,31469.305,2557.406,3100.067,658.606,-15.551,104.689,755.292,1158.925,11.282
2014-04-01,41132.703,24613.751,31469.305,2563.164,3103.84,658.761,-14.627,104.689,755.866,1158.925,11.282
2014-04-02,41379.555,24629.293,31469.305,2320.205,3107.612,658.917,-13.704,104.689,756.439,1158.925,11.282
2014-04-03,41393.393,24644.835,17623.769,2325.541,3111.385,659.073,-12.78,104.689,757.013,1158.925,11.282
2014-04-04,41402.167,24656.731,18338.762,2326.916,3112.357,659.1,-12.542,104.689,757.256,1158.925,11.282
2014-04-05,41402.167,24656.731,18338.762,2326.916,3112.357,659.1,-12.542,104.689,757.256,1158.925,11.282
2014-04-06,41402.167,24656.731,18338.762,2326.916,3112.357,659.1,-12.542,104.689,757.256,1158.925,11.282
2014-04-07,41423.603,24675.919,17964.867,2336.212,3118.93,659.384,-10.933,104.689,758.161,1158.925,11.282
2014-04-08,41442.432,24691.461,17974.013,2341.547,3122.702,659.539,-10.01,104.689,758.734,1158.925,11.282
2014-04-09,41456.785,24707.003,17743.507,2347.014,3126.475,659.695,-9.086,104.689,759.308,1158.925,11.282
2014-04-10,41573.615,24722.545,17870.329,2364.052,3148.676,659.851,-8.163,104.689,759.882,1158.925,11.282
2014-04-11,41605.179,24734.739,17872.817,2365.574,3149.694,659.881,-7.907,104.689,760.136,1158.925,11.282
2014-04-12,41605.179,24734.739,17872.817,2365.574,3149.694,659.881,-7.907,104.689,760.136,1158.925,11.282
2014-04-13,41605.179,24734.739,17872.817,2365.574,3149.694,659.881,-7.907,104.689,760.136,1158.925,11.282
2014-04-14,41538.14,24753.629,18334.436,2375.047,3156.026,666.444,-6.315,104.689,761.029,1158.925,11.282
2014-04-15,41551.408,24769.171,18474.704,2380.545,3159.701,666.602,-5.392,104.689,761.603,1158.925,11.282
2014-04-16,41589.168,24784.713,18483.628,2386.043,3163.376,666.76,-4.468,104.689,762.177,1158.925,11.282
2014-04-17,41555.601,24800.255,15445.113,2391.54,3167.051,666.918,-3.545,104.689,762.751,1158.925,11.282
2014-04-18,41562.808,24812.748,15450.648,2393.169,3168.14,666.951,-3.271,104.689,763.015,1158.925,11.282
2014-04-19,41562.808,24812.748,15450.648,2393.169,3168.14,666.951,-3.271,104.689,763.015,1158.925,11.282
2014-04-20,41562.808,24812.748,15450.648,2393.169,3168.14,666.951,-3.271,104.689,763.015,1158.925,11.282
2014-04-21,41899.909,24848.706,15483.056,2402.536,3184.975,667.234,-1.698,104.689,763.898,1158.925,11.282
2014-04-22,41911.984,24864.357,15501.858,2414.414,3188.65,667.392,-0.774,104.689,764.472,1158.925,11.282
2014-04-23,41989.91,24880.007,15520.66,2418.67,3246.576,667.55,0.15,104.689,765.046,1158.925,11.282
2014-04-24,43603.421,24929.619,14912.127,2355.124,3077.947,667.708,1.073,104.689,765.619,1158.925,11.282
2014-04-25,44064.545,23871.481,14919.162,1608.013,3078.634,667.744,1.364,104.689,765.895,1158.925,11.282
2014-04-26,44064.545,23871.481,14919.162,1608.013,3078.634,667.744,1.364,104.689,765.895,1158.925,11.282
2014-04-27,44064.545,23871.481,14919.162,1608.013,3078.634,667.744,1.364,104.689,765.895,1158.925,11.282
2014-04-28,44065.134,24060.199,14956.741,1614.093,3082.304,653.809,2.92,104.689,766.767,1158.925,11.282
2014-04-29,44065.545,24071.735,14979.047,1452.994,3084.483,653.964,3.844,104.689,767.341,1158.925,11.282
2014-04-30,44065.956,24083.271,15614.671,1428.776,3086.662,654.119,4.767,104.689,767.914,1158.925,11.282
2014-05-01,44066.367,24094.807,15633.473,1432.739,3088.84,654.274,5.691,104.689,768.488,1158.925,11.282
2014-05-02,44066.609,24104.524,15639.765,1460.156,3089.569,654.313,6.0,104.689,768.775,1158.925,11.282
2014-05-03,44066.609,24104.524,15639.765,1460.156,3089.569,654.313,6.0,104.689,768.775,1158.925,11.282
2014-05-04,44066.609,24104.524,15639.765,1460.156,3089.569,654.313,6.0,104.689,768.775,1158.925,11.282
2014-05-05,44067.189,24117.879,15671.078,1466.456,3093.198,654.584,7.538,104.689,777.592,1158.925,11.282
2014-05-06,44067.6,24129.415,15689.88,1470.238,3095.376,659.309,8.462,104.689,778.17,1158.925,11.282
2014-05-07,44068.011,24140.951,15708.682,1474.02,3097.555,659.422,9.385,104.689,918.481,1158.925,11.282
2014-05-08,44068.423,24152.487,15727.484,1477.803,3099.734,645.553,-60.164,104.689,919.54,1158.925,11.282
2014-05-09,44068.672,24162.426,15734.137,1479.141,3100.505,676.914,-59.896,104.689,920.089,1158.925,11.282
2014-05-10,44068.672,24162.426,15734.137,1479.141,3100.505,676.914,-59.896,104.689,920.089,1158.925,11.282
2014-05-11,44068.672,24162.426,15734.137,1479.141,3100.505,676.914,-59.896,104.689,920.089,1158.925,11.282
2014-05-12,44069.245,24175.559,15711.116,1485.368,3104.091,677.091,-58.649,104.689,921.657,1158.925,11.282
2014-05-13,44069.656,24187.095,15730.395,1489.15,3106.27,677.193,-57.891,104.689,922.716,1158.925,11.282
2014-05-14,44070.067,24198.631,15749.673,1492.933,3108.448,677.296,-72.142,104.689,898.04,1158.925,11.282
2014-05-15,44070.478,24210.167,15768.952,1496.715,3110.627,677.398,-71.406,104.689,899.763,1158.925,11.282
2014-05-16,44070.736,24220.327,15776.145,1470.002,3111.44,677.428,-71.131,104.689,900.69,1158.925,11.282
2014-05-17,44070.736,24220.327,15776.145,1470.002,3111.44,677.428,-71.131,104.689,900.69,1158.925,11.282
2014-05-18,44070.736,24220.327,15776.145,1470.002,3111.44,677.428,-71.131,104.689,900.69,1158.925,11.282
2014-05-19,44071.3,24233.239,15807.51,1475.85,3114.984,677.603,-69.933,104.689,903.207,1158.925,11.282
2014-05-20,44071.712,24244.775,15826.788,1479.444,3117.163,677.705,-69.197,104.689,904.93,1158.925,11.282
2014-05-21,44072.123,24256.311,15846.067,1483.039,3119.342,677.808,-68.461,104.689,906.652,1158.925,11.282
2014-05-22,44072.534,23910.492,15865.346,1486.633,3125.916,677.91,-67.724,104.689,908.374,1158.925,11.282
2014-05-23,44072.799,23922.017,15872.909,1488.043,3126.787,677.942,-67.436,104.689,909.335,1158.925,11.282
2014-05-24,44072.799,23922.017,15872.909,1488.043,3126.787,677.942,-67.436,104.689,909.335,1158.925,11.282
2014-05-25,44072.799,23922.017,15872.909,1488.043,3126.787,677.942,-67.436,104.689,909.335,1158.925,11.282
2014-05-26,44073.356,23936.103,15903.903,1493.822,3130.359,678.115,-66.252,104.689,911.819,1158.925,11.282
2014-05-27,44073.767,23948.908,15923.182,1497.417,3132.581,678.217,-65.516,104.689,913.542,1158.925,11.282
2014-05-28,44074.178,23961.714,15942.461,1501.011,3134.803,678.32,-64.779,104.689,915.264,1158.925,11.282
2014-05-29,43978.032,23974.519,15961.739,1504.606,3137.024,678.422,-64.043,104.689,955.011,1158.925,11.282
2014-05-30,43978.319,23986.291,15969.673,1506.085,3137.939,678.455,-63.74,104.689,950.712,1158.925,11.282
2014-05-31,43978.319,23986.291,15969.673,1506.085,3137.939,678.455,-63.74,104.689,950.712,1158.925,11.282
2014-06-01,43978.319,23986.291,15969.673,1506.085,3137.939,678.455,-63.74,104.689,950.712,1158.925,11.282
2014-06-02,43978.895,24000.131,16000.297,1511.794,3141.468,678.627,-62.57,104.689,995.921,1158.925,11.282
2014-06-03,43979.326,24012.936,16019.575,1515.389,3143.69,678.729,-61.834,104.689,997.838,1158.925,11.282
2014-06-04,45248.452,24025.742,16038.854,1518.983,3145.911,678.831,-61.098,104.689,999.754,1158.925,11.282
2014-06-05,45247.709,24038.547,16058.133,1522.578,3148.133,678.934,-60.362,104.689,1001.671,1158.925,11.282
2014-06-06,45247.201,24050.565,16066.438,1524.126,3149.09,678.969,-60.045,104.689,1002.814,1158.925,11.282
2014-06-07,45247.201,24050.565,16066.438,1524.126,3149.09,678.969,-60.045,104.689,1002.814,1158.925,11.282
2014-06-08,45247.201,24050.565,16066.438,1524.126,3149.09,678.969,-60.045,104.689,1002.814,1158.925,11.282
2014-06-09,45346.486,24064.158,16009.679,1529.767,3152.577,679.139,-58.889,104.689,1005.505,1158.925,11.282
2014-06-10,46262.711,24076.964,16028.891,1533.361,3154.798,679.241,-58.153,104.689,1007.421,1158.925,11.282
2014-06-11,46345.135,24089.769,16048.103,1536.956,3157.02,679.343,-57.417,104.689,1009.338,1158.925,11.282
2014-06-12,46596.815,24482.585,15916.675,1741.409,3155.699,679.446,-56.68,104.689,1011.255,1158.925,11.282
2014-06-13,46461.634,24494.017,16017.078,1756.234,3154.262,679.483,-56.349,104.689,1012.435,1158.925,11.282
2014-06-14,46461.634,24494.017,16017.078,1756.234,3154.262,679.483,-56.349,104.689,1012.435,1158.925,11.282
2014-06-15,46461.634,24494.017,16017.078,1756.234,3154.262,679.483,-56.349,104.689,1012.435,1158.925,11.282
2014-06-16,46464.285,24506.46,16046.682,1761.98,3157.621,679.65,-55.208,104.689,1015.089,1158.925,11.282
2014-06-17,46545.673,24518.397,16065.782,1765.688,3159.788,679.753,-54.472,104.689,1017.005,1158.925,11.282
2014-06-18,46548.251,24530.334,16084.881,1804.352,3161.955,679.855,-53.735,104.689,1018.922,1158.925,11.282
2014-06-19,46550.829,24542.271,16103.98,1619.306,3164.122,679.958,-52.999,104.689,1020.839,1158.925,11.282
2014-06-20,46552.694,24553.933,16112.942,1620.741,3165.138,679.997,-52.654,104.689,1022.055,1158.925,11.282
2014-06-21,46552.694,24553.933,16112.942,1620.741,3165.138,679.997,-52.654,104.689,1022.055,1158.925,11.282
2014-06-22,46552.694,24553.933,16112.942,1620.741,3165.138,679.997,-52.654,104.689,1022.055,1158.925,11.282
2014-06-23,46555.986,24566.145,16142.179,1625.422,3168.455,680.162,-51.526,104.689,1024.673,1158.925,11.282
2014-06-24,46558.564,24578.082,16161.278,1628.48,3170.622,680.265,-50.79,104.689,1026.589,1158.925,11.282
2014-06-25,46441.03,24590.02,16120.116,1631.538,3172.789,680.367,-50.054,104.689,1028.506,1158.925,11.282
2014-06-26,46443.414,24601.957,16139.662,1634.596,3174.956,680.469,-49.318,104.689,1030.423,1158.925,11.282
2014-06-27,46445.183,24613.848,16149.209,1636.089,3176.014,680.511,-48.958,104.689,1031.676,1158.925,11.282
2014-06-28,46445.183,24613.848,16149.209,1636.089,3176.014,680.511,-48.958,104.689,1031.676,1158.925,11.282
2014-06-29,46445.183,24613.848,16149.209,1636.089,3176.014,680.511,-48.958,104.689,1031.676,1158.925,11.282
2014-06-30,45428.398,24483.939,16268.27,1654.665,3211.969,680.674,-45.153,104.689,1034.256,1158.925,11.282
2014-07-01,45430.652,24481.502,16287.883,1657.734,3214.16,680.777,-44.412,104.689,1036.173,1158.925,11.282
2014-07-02,45523.672,24479.066,16307.496,1660.803,3216.35,680.879,-43.671,104.689,1038.09,1158.925,11.282
2014-07-03,45526.387,24476.629,16327.108,1663.872,3218.541,680.981,-42.931,104.689,1040.007,1158.925,11.282
2014-07-04,45528.455,24476.601,16337.065,1665.43,3219.653,681.025,-42.554,104.689,1041.297,1158.925,11.282
2014-07-05,45528.455,24476.601,16337.065,1665.43,3219.653,681.025,-42.554,104.689,1041.297,1158.925,11.282
2014-07-06,45528.455,24476.601,16337.065,1665.43,3219.653,681.025,-42.554,104.689,1041.297,1158.925,11.282
2014-07-07,46059.533,24110.774,16517.986,1443.573,3225.923,681.186,-41.449,104.689,1045.631,1158.925,11.282
2014-07-08,46066.42,23602.192,16537.393,1446.299,3241.698,681.288,-40.708,104.689,1047.589,1158.925,11.282
2014-07-09,46073.307,23603.156,16335.246,1449.025,3248.753,681.391,-39.967,104.689,1049.547,1158.925,11.282
2014-07-10,46080.195,23604.12,16350.107,1705.037,3250.859,681.493,-39.226,104.689,1051.504,1158.925,11.282
2014-07-11,46085.572,23604.149,15974.151,1706.256,3251.969,681.538,-38.836,104.689,1052.86,1158.925,11.282
2014-07-12,46085.572,23604.149,15974.151,1706.256,3251.969,681.538,-38.836,104.689,1052.86,1158.925,11.282
2014-07-13,46085.572,23604.149,15974.151,1706.256,3251.969,681.538,-38.836,104.689,1052.86,1158.925,11.282
2014-07-14,46627.608,23606.047,16001.766,1788.981,3255.071,681.698,-37.745,104.689,1055.42,1158.925,11.282
2014-07-15,46631.622,23607.011,16021.151,1791.658,3319.945,681.8,-37.004,104.689,1057.378,1158.925,11.282
2014-07-16,46883.927,23339.557,15917.621,1794.334,3322.19,681.903,-36.263,104.689,1059.336,1158.925,11.282
2014-07-17,46888.077,23560.903,15827.628,1797.01,3324.435,682.005,-35.522,104.689,1061.294,1158.925,11.282
2014-07-18,46852.683,23642.487,15698.088,1798.471,3325.661,682.052,-35.117,104.689,1062.688,1158.925,11.282
2014-07-19,46852.683,23642.487,15698.088,1798.471,3325.661,682.052,-35.117,104.689,1062.688,1158.925,11.282
2014-07-20,46852.683,23642.487,15698.088,1798.471,3325.661,682.052,-35.117,104.689,1062.688,1158.925,11.282
2014-07-21,47567.464,23779.92,15724.472,1714.285,3328.925,682.21,-34.04,104.689,1065.21,1158.925,11.282
2014-07-22,47460.337,24433.243,15742.619,1716.819,3335.363,682.312,-33.299,104.689,1067.168,1158.925,11.282
2014-07-23,48811.744,21932.391,15760.767,1719.353,3297.077,682.415,-32.558,104.689,1069.126,1158.925,11.282
2014-07-24,48818.334,21954.97,15778.914,1668.945,3673.271,682.517,-31.818,104.689,1071.084,1158.925,11.282
2014-07-25,48823.734,21956.534,15789.174,1540.223,3674.686,682.566,-31.399,104.689,1072.515,1158.925,11.282
2014-07-26,48823.734,21956.534,15789.174,1540.223,3674.686,682.566,-31.399,104.689,1072.515,1158.925,11.282
2014-07-27,48823.734,21956.534,15789.174,1540.223,3674.686,682.566,-31.399,104.689,1072.515,1158.925,11.282
2014-07-28,48831.516,22000.128,15815.209,1544.201,3678.278,681.203,-30.336,104.689,1075.0,1158.925,11.282
2014-07-29,48838.106,22022.707,15833.356,1537.185,3680.782,681.305,-29.595,104.689,1076.958,1158.925,11.282
2014-07-30,48844.697,22045.286,15851.504,1539.895,3683.286,681.407,-28.854,104.689,1078.916,1158.925,11.282
2014-07-31,48851.288,22067.865,15869.651,1542.605,3685.79,670.306,-28.113,104.689,1080.874,1158.925,11.282
2014-08-01,48856.814,22069.863,15880.261,1544.19,3687.254,670.4,-62.393,104.689,1082.343,1158.925,11.282
2014-08-02,48856.814,22069.863,15880.261,1544.19,3687.254,670.4,-62.393,104.689,1082.343,1158.925,11.282
2014-08-03,48856.814,22069.863,15880.261,1544.19,3687.254,670.4,-62.393,104.689,1082.343,1158.925,11.282
2014-08-04,48864.469,22113.023,15905.946,1548.025,3690.798,670.681,-61.431,104.689,1077.682,1158.925,11.282
2014-08-05,48871.06,22135.602,15924.094,1550.736,3693.302,648.549,-60.751,104.689,1079.583,1158.925,11.282
2014-08-06,48877.65,22158.181,15942.241,1553.446,3695.805,648.737,-60.072,104.689,1081.484,1158.925,11.282
2014-08-07,48884.241,22180.76,15960.388,1556.156,3698.309,693.564,-59.392,104.689,1083.385,1158.925,11.282
2014-08-08,48889.894,22183.192,15971.347,1557.792,3699.821,740.995,-58.982,104.689,1084.848,1158.925,11.282
2014-08-09,48889.894,22183.192,15971.347,1557.792,3699.821,740.995,-58.982,104.689,1084.848,1158.925,11.282
2014-08-10,48889.894,22183.192,15971.347,1557.792,3699.821,740.995,-58.982,104.689,1084.848,1158.925,11.282
2014-08-11,48897.423,22225.918,15996.683,1561.576,3703.317,743.206,-93.056,104.689,1087.188,1158.925,11.282
2014-08-12,48904.013,22248.497,16014.831,1539.619,3730.399,743.552,-138.331,104.689,1089.089,1158.925,11.282
2014-08-13,48910.604,22271.076,16032.978,1542.367,3732.976,743.898,-137.291,104.689,1090.99,1158.925,11.282
2014-08-14,48917.195,22293.655,16051.126,1545.115,3735.553,744.243,-136.251,104.689,1092.891,1158.925,11.282
2014-08-15,48922.974,22296.521,16062.433,1546.827,3737.159,744.429,-135.603,104.689,1094.39,1158.925,11.282
2014-08-16,48922.974,22296.521,16062.433,1546.827,3737.159,744.429,-135.603,104.689,1094.39,1158.925,11.282
2014-08-17,48922.974,22296.521,16062.433,1546.827,3737.159,744.429,-135.603,104.689,1094.39,1158.925,11.282
2014-08-18,48930.376,22338.813,16087.42,1550.61,3740.708,744.934,-89.212,104.689,1096.694,1158.925,11.282
2014-08-19,48936.967,23394.701,16105.568,1553.358,3743.285,745.28,-88.443,104.689,1098.595,1158.925,11.282
2014-08-20,48943.557,23417.122,16123.715,1556.105,3745.862,745.626,-87.674,104.689,1100.496,1158.925,11.282
2014-08-21,48950.148,23439.543,16141.863,1558.853,3748.439,745.971,-128.493,104.689,1102.397,1158.925,11.282
2014-08-22,48956.054,23442.82,16153.519,1560.618,3750.094,746.164,-128.307,104.689,1103.933,1158.925,11.282
2014-08-23,48956.054,23442.82,16153.519,1560.618,3750.094,746.164,-128.307,104.689,1103.933,1158.925,11.282
2014-08-24,48956.054,23442.82,16153.519,1560.618,3750.094,746.164,-128.307,104.689,1103.933,1158.925,11.282
2014-08-25,48963.33,23484.385,16178.157,1515.599,3753.593,746.662,-127.914,104.689,1117.226,1158.925,11.282
2014-08-26,48969.92,23506.806,16454.606,1518.877,3756.171,747.008,-127.625,104.689,1132.261,1158.925,11.282
2014-08-27,48976.511,23529.227,16473.44,1522.154,3758.748,747.353,-127.335,104.689,1134.159,1158.925,11.282
2014-08-28,48983.102,23551.648,16492.274,1525.432,3761.325,747.699,-127.046,104.689,1231.836,1158.925,11.282
2014-08-29,48989.135,23555.356,16835.039,1577.868,3748.019,747.898,-126.854,104.689,1376.722,1158.925,11.282
2014-08-30,48989.135,23555.356,16835.039,1577.868,3748.019,747.898,-126.854,104.689,1376.722,1158.925,11.282
2014-08-31,48989.135,23555.356,16835.039,1577.868,3748.019,747.898,-126.854,104.689,1376.722,1158.925,11.282
2014-09-01,48996.283,23596.49,16862.338,1582.339,3751.448,748.39,-126.467,104.689,1541.788,1158.925,11.282
2014-09-02,48995.215,23618.911,16882.733,1585.679,3754.01,748.736,-126.177,104.689,1545.479,1158.925,11.282
2014-09-03,49001.794,23641.332,16903.128,1589.019,3756.572,749.081,-125.888,104.689,1549.17,1158.925,11.282
2014-09-04,49017.496,23663.753,16923.523,1592.36,3759.134,761.571,-125.598,104.689,1552.861,1158.925,11.282
2014-09-05,49024.42,23667.892,16937.408,1491.22,3760.878,761.783,-125.401,104.689,1555.985,1158.925,11.282
2014-09-06,49024.42,23667.892,16937.408,1491.22,3760.878,761.783,-125.401,104.689,1555.985,1158.925,11.282
2014-09-07,49024.42,23667.892,16937.408,1491.22,3760.878,761.783,-125.401,104.689,1555.985,1158.925,11.282
2014-09-08,49032.313,23708.595,16964.314,1495.241,3764.257,762.282,-125.019,104.689,1560.244,1158.925,11.282
2014-09-09,49391.976,23731.016,16984.709,1498.289,3766.819,762.638,-124.73,104.689,1563.935,1158.925,11.282
2014-09-10,49446.295,23712.382,17005.104,1501.337,3774.014,762.993,-124.44,104.689,1567.626,1158.925,11.282
2014-09-11,49455.277,23734.806,17025.5,1504.386,3775.06,763.349,-188.158,104.689,1571.317,1158.925,11.282
2014-09-12,49463.844,23739.377,17039.776,1506.519,3776.873,763.568,-278.115,104.689,1574.512,1158.925,11.282
2014-09-13,49463.844,23739.377,17039.776,1506.519,3776.873,763.568,-278.115,104.689,1574.512,1158.925,11.282
2014-09-14,49463.844,23739.377,17039.776,1506.519,3776.873,763.568,-278.115,104.689,1574.512,1158.925,11.282
2014-09-15,49368.706,23672.323,17066.29,1510.482,3780.241,764.06,-277.946,104.689,1578.7,1158.925,11.282
2014-09-16,49377.713,23795.3,17086.685,1513.53,3782.832,764.416,-277.816,104.689,1582.391,1158.925,11.282
2014-09-17,49386.72,23817.807,17107.081,1516.579,3785.422,764.771,-277.687,104.689,1586.082,1158.925,11.282
2014-09-18,49395.727,23840.313,17127.476,1519.627,3788.012,765.127,-277.557,104.689,1589.773,1158.925,11.282
2014-09-19,49404.491,23845.334,17142.145,1521.819,3789.876,765.352,-277.463,104.689,1593.038,1158.925,11.282
2014-09-20,49404.491,23845.334,17142.145,1521.819,3789.876,765.352,-277.463,104.689,1593.038,1158.925,11.282
2014-09-21,49404.491,23845.334,17142.145,1521.819,3789.876,765.352,-277.463,104.689,1593.038,1158.925,11.282
2014-09-22,49413.74,23885.327,17168.266,1525.723,3793.193,765.838,-277.297,104.689,1597.156,1158.925,11.282
2014-09-23,49422.747,23907.834,17188.661,1528.772,3795.784,766.193,-277.167,104.689,1600.847,1158.925,11.282
2014-09-24,49431.754,23930.34,17209.057,1402.339,3798.374,766.549,-277.037,104.689,1604.538,1158.925,11.282
2014-09-25,49440.761,23952.847,17229.452,1405.429,3800.837,766.904,-276.907,104.689,1608.229,1158.925,11.282
2014-09-26,49449.698,23958.301,17244.513,1407.71,3802.75,767.137,-276.812,104.689,1611.565,1158.925,11.282
2014-09-27,49449.698,23958.301,17244.513,1407.71,3802.75,767.137,-276.812,104.689,1611.565,1158.925,11.282
2014-09-28,49449.698,23958.301,17244.513,1407.71,3802.75,767.137,-276.812,104.689,1611.565,1158.925,11.282
2014-09-29,48672.639,23992.026,17885.071,1411.608,3806.018,767.616,-276.648,104.689,1615.611,1158.925,11.282
2014-09-30,49219.151,24025.616,17982.102,1443.161,3875.963,767.971,-273.534,104.689,1547.994,1158.925,11.282
2014-10-01,49238.422,24048.161,18002.096,1446.273,3878.604,768.327,-273.4,104.689,1551.385,1158.925,11.282
2014-10-02,49376.915,24070.706,18022.091,1449.385,3881.245,768.682,-273.267,104.689,1554.777,1158.925,11.282
2014-10-03,50168.001,24076.602,18037.24,1451.743,3883.246,768.922,-273.166,104.689,1557.908,1158.925,11.282
2014-10-04,50168.001,24076.602,18037.24,1451.743,3883.246,768.922,-273.166,104.689,1557.908,1158.925,11.282
2014-10-05,50168.001,24076.602,18037.24,1451.743,3883.246,768.922,-273.166,104.689,1557.908,1158.925,11.282
2014-10-06,50214.547,24115.795,18120.718,1455.61,3886.527,769.393,-273.0,104.689,1561.56,1158.925,11.282
2014-10-07,50889.769,24138.34,18141.069,1458.722,3889.168,769.749,-272.866,104.689,1564.952,1158.925,11.282
2014-10-08,50910.586,24160.885,18121.168,1566.292,3891.809,770.104,-272.733,104.689,1568.343,1158.925,11.282
2014-10-09,50931.402,23921.611,18141.217,1569.627,3894.45,770.46,-272.6,104.689,1571.735,1158.925,11.282
2014-10-10,50931.963,23927.347,18131.23,1576.277,3895.097,770.706,-367.336,104.689,1574.931,1158.925,11.282
2014-10-11,50931.963,23927.347,18131.23,1576.277,3895.097,770.706,-367.336,104.689,1574.931,1158.925,11.282
2014-10-12,50931.963,23927.347,18131.23,1576.277,3895.097,770.706,-367.336,104.689,1574.931,1158.925,11.282
2014-10-13,50973.035,23962.466,17831.867,1551.916,3859.24,771.171,-367.543,104.689,1578.518,1158.925,11.282
2014-10-14,50993.852,23982.893,17849.903,1555.43,3766.916,771.527,-367.713,104.689,1581.91,1158.925,11.282
2014-10-15,51014.668,24003.32,17835.875,1087.287,3768.973,771.882,-367.883,104.689,1585.301,1158.925,11.282
2014-10-16,51035.485,24023.748,17807.871,1088.602,3771.029,772.238,-572.505,104.689,1588.693,1158.925,11.282
2014-10-17,51036.446,24029.876,16114.037,1089.648,3772.667,772.491,-572.39,104.689,1591.954,1158.925,11.282
2014-10-18,51036.446,24029.876,16114.037,1089.648,3772.667,772.491,-572.39,104.689,1591.954,1158.925,11.282
2014-10-19,51036.446,24029.876,16114.037,1089.648,3772.667,772.491,-572.39,104.689,1591.954,1158.925,11.282
2014-10-20,50423.889,24114.096,16134.509,1091.23,3775.143,772.949,-572.216,104.689,1595.476,1158.925,11.282
2014-10-21,51254.986,24134.524,16151.515,1092.545,3777.2,773.304,-572.071,104.689,1598.867,1158.925,11.282
2014-10-22,51343.316,24154.951,16168.52,1093.859,3779.257,773.66,-571.927,104.689,1602.259,1158.925,11.282
2014-10-23,51364.715,24082.493,16185.526,1084.614,3781.314,774.016,-571.782,104.689,1605.651,1158.925,11.282
2014-10-24,51366.115,23703.742,16199.392,595.987,3668.328,774.275,-571.664,104.689,1608.977,1158.925,11.282
2014-10-25,51366.115,23703.742,16199.392,595.987,3668.328,774.275,-571.664,104.689,1608.977,1158.925,11.282
2014-10-26,51366.115,23703.742,16199.392,595.987,3668.328,774.275,-571.664,104.689,1608.977,1158.925,11.282
2014-10-27,51407.514,23722.009,16219.537,597.232,3670.126,758.055,-571.493,104.689,1612.434,1158.925,11.282
2014-10-28,51428.913,23732.877,16236.542,598.284,3671.644,758.403,-571.348,104.689,1615.825,1158.925,11.282
2014-10-29,51450.313,23743.744,16253.548,599.335,3496.377,758.751,-571.204,104.689,1619.217,1158.925,11.282
2014-10-30,51471.712,23754.612,16270.553,600.386,3496.013,759.099,-571.059,104.689,1622.608,1158.925,11.282
2014-10-31,51473.523,23758.29,16284.746,601.264,3495.709,759.36,-570.938,104.689,1626.0,1158.925,11.282
2014-11-01,51473.523,23758.29,16284.746,601.264,3495.709,759.36,-570.938,104.689,1626.0,1158.925,11.282
2014-11-02,51473.523,23758.29,16284.746,601.264,3495.709,759.36,-570.938,104.689,1626.0,1158.925,11.282
2014-11-03,51514.511,23776.348,16304.564,602.489,3495.284,759.795,-570.77,104.689,1624.456,1158.925,11.282
2014-11-04,51535.91,23787.216,16127.353,603.541,3494.92,760.143,-570.625,104.689,1625.785,1158.925,11.282
2014-11-05,51511.24,23798.083,16143.476,604.592,3494.556,760.491,-570.48,104.689,1627.113,1158.925,11.282
2014-11-06,51532.836,23808.951,16159.598,605.644,3494.192,754.168,-606.677,104.689,1628.441,1158.925,11.282
2014-11-07,51535.078,23864.68,16173.365,1336.728,3487.831,795.088,-607.995,104.689,1628.467,1158.925,11.282
2014-11-08,51535.078,23864.68,16173.365,1336.728,3487.831,795.088,-607.995,104.689,1628.467,1158.925,11.282
2014-11-09,51535.078,23864.68,16173.365,1336.728,3487.831,795.088,-607.995,104.689,1628.467,1158.925,11.282
2014-11-10,51576.026,23882.425,16191.844,1337.974,3487.596,795.558,-607.135,104.689,1631.098,1158.925,11.282
2014-11-11,51597.622,23893.229,16207.967,1339.061,3487.39,795.94,-607.141,104.689,1632.426,1158.925,11.282
2014-11-12,51619.217,23904.034,16224.089,1340.148,3487.184,796.322,-606.616,104.689,1633.754,1158.925,11.282
2014-11-13,51640.812,23914.839,16240.212,1341.235,3486.979,796.704,-606.091,104.689,1635.082,1158.925,11.282
2014-11-14,51643.47,23918.911,16254.288,1342.184,3486.799,797.005,-605.632,104.689,1635.133,1158.925,11.282
2014-11-15,51643.47,23918.911,16254.288,1342.184,3486.799,797.005,-605.632,104.689,1635.133,1158.925,11.282
2014-11-16,51643.47,23918.911,16254.288,1342.184,3486.799,797.005,-605.632,104.689,1635.133,1158.925,11.282
2014-11-17,51714.346,23936.448,16272.458,1343.408,3486.567,797.468,-738.264,104.689,1637.739,1158.925,11.282
2014-11-18,51772.344,23947.253,16288.58,1344.495,3486.362,797.85,-738.04,104.689,1639.067,1158.925,11.282
2014-11-19,52030.49,23958.057,16304.703,1241.439,3486.156,798.232,-737.816,104.689,1640.395,1158.925,11.282
2014-11-20,52053.943,23886.644,16320.826,1242.262,3485.95,798.614,-737.592,104.689,1641.723,1158.925,11.282
2014-11-21,52057.281,23890.817,16335.212,1288.11,3485.767,798.923,-737.392,104.689,1641.8,1158.925,11.282
2014-11-22,52057.281,23890.817,16335.212,1288.11,3485.767,798.923,-737.392,104.689,1641.8,1158.925,11.282
2014-11-23,52057.281,23890.817,16335.212,1288.11,3485.767,798.923,-737.392,104.689,1641.8,1158.925,11.282
2014-11-24,52086.486,23907.712,16353.071,1289.103,3485.539,799.379,-737.143,104.689,1644.38,1158.925,11.282
2014-11-25,52109.63,23918.246,16369.194,1292.128,3485.334,799.761,-736.919,104.689,1507.712,1158.925,11.282
2014-11-26,52132.773,23928.78,16385.317,1293.024,3485.128,800.143,-736.695,104.689,1508.518,1158.925,11.282
2014-11-27,52155.916,23939.314,16401.439,1293.921,3484.922,800.525,-736.471,104.689,1509.323,1158.925,11.282
2014-11-28,52159.655,23943.689,16416.136,1294.738,3484.735,800.841,-736.266,104.689,1509.385,1158.925,11.282
2014-11-29,52159.655,23943.689,16416.136,1294.738,3484.735,800.841,-736.266,104.689,1509.385,1158.925,11.282
2014-11-30,52159.655,23943.689,16416.136,1294.738,3484.735,800.841,-736.266,104.689,1509.385,1158.925,11.282
2014-12-01,52202.202,23960.381,16433.685,1295.714,3484.511,801.289,-736.022,104.689,1510.934,1158.925,11.282
2014-12-02,52446.293,23943.769,16449.808,1296.611,3484.305,801.671,-735.798,104.689,1511.74,1158.925,11.282
2014-12-03,52469.301,23954.252,16465.93,566.677,3484.1,802.053,-735.574,104.689,1413.005,1158.925,11.282
2014-12-04,52492.309,23964.735,16482.053,567.538,3483.894,802.435,-735.35,104.689,1511.161,1158.925,11.282
2014-12-05,52332.502,23969.291,16497.06,642.135,3483.703,802.758,-735.141,104.689,1547.242,1158.925,11.282
2014-12-06,52332.502,23969.291,16497.06,642.135,3483.703,802.758,-735.141,104.689,1547.242,1158.925,11.282
2014-12-07,52332.502,23969.291,16497.06,642.135,3483.703,802.758,-735.141,104.689,1547.242,1158.925,11.282
2014-12-08,52037.806,23985.701,16514.299,642.524,3483.483,803.199,-734.901,104.689,1548.361,1158.925,11.282
2014-12-09,52060.238,23996.184,16530.421,642.889,3483.277,803.581,-734.677,104.689,1548.948,1158.925,11.282
2014-12-10,52082.669,24006.667,16546.544,643.253,3483.072,803.963,-734.453,104.689,1549.536,1158.925,11.282
2014-12-11,52105.1,24753.357,16562.667,643.618,3482.866,804.346,-734.229,104.689,1550.123,1158.925,11.282
2014-12-12,52109.587,24759.068,16577.983,643.964,3482.671,804.676,-734.016,104.689,1550.191,1158.925,11.282
2014-12-13,52109.587,24759.068,16577.983,643.964,3482.671,804.676,-734.016,104.689,1550.191,1158.925,11.282
2014-12-14,52109.587,24759.068,16577.983,643.964,3482.671,804.676,-734.016,104.689,1550.191,1158.925,11.282
2014-12-15,52149.963,24778.521,16594.912,644.347,3482.455,805.11,-733.781,104.689,1551.298,1158.925,11.282
2014-12-16,52172.394,24751.88,16485.598,644.711,3482.249,805.492,-733.556,104.689,1551.885,1158.925,11.282
2014-12-17,52194.826,24764.683,16501.209,645.076,3482.043,805.874,-733.332,104.689,1552.473,1158.925,11.282
2014-12-18,52217.257,24777.485,16516.819,603.084,3481.838,806.256,-733.108,104.689,1553.06,1158.925,11.282
2014-12-19,52222.175,24783.542,16465.49,603.695,3549.657,806.594,-732.891,104.689,1553.139,1158.925,11.282
2014-12-20,52222.175,24783.542,16465.49,603.695,3549.657,806.594,-732.891,104.689,1553.139,1158.925,11.282
2014-12-21,52222.175,24783.542,16465.49,603.695,3549.657,806.594,-732.891,104.689,1553.139,1158.925,11.282
2014-12-22,52262.12,24803.091,16481.42,604.581,3549.68,807.02,-732.66,104.689,1554.235,1158.925,11.282
2014-12-23,52284.551,24815.894,16496.875,605.177,3549.702,807.402,-732.435,104.689,1554.822,1158.925,11.282
2014-12-24,52306.982,24828.697,16512.33,605.773,3549.724,807.784,-732.211,104.689,1555.41,1158.925,11.282
2014-12-25,52329.414,24841.499,16527.785,606.369,3549.747,808.166,-731.987,104.689,1555.997,1158.925,11.282
2014-12-26,52334.763,24847.802,16543.061,606.958,3549.769,808.512,-731.766,104.689,1556.088,1158.925,11.282
2014-12-27,52334.763,24847.802,16543.061,606.958,3549.769,808.512,-731.766,104.689,1556.088,1158.925,11.282
2014-12-28,52334.763,24847.802,16543.061,606.958,3549.769,808.512,-731.766,104.689,1556.088,1158.925,11.282
2014-12-29,51393.495,24867.105,16558.695,607.561,3549.791,808.93,-731.539,104.689,1557.172,1158.925,11.282
2014-12-30,51415.56,24879.908,16574.15,608.157,3549.814,809.312,-731.315,104.689,1557.76,1158.925,11.282
2014-12-31,51437.626,24814.041,16303.13,621.093,3974.396,809.694,-729.086,104.689,1558.347,1158.925,11.282
2015-01-01,51459.691,24826.806,16314.86,625.599,3979.885,810.077,-727.681,104.689,1558.934,1158.925,11.282
2015-01-02,51465.377,24833.335,16314.905,625.616,3979.906,810.429,-727.675,104.689,1559.036,1158.925,11.282
2015-01-03,51465.377,24833.335,16314.905,625.616,3979.906,810.429,-727.675,104.689,1559.036,1158.925,11.282
2015-01-04,51465.377,24833.335,16314.905,625.616,3979.906,810.429,-727.675,104.689,1559.036,1158.925,11.282
2015-01-05,51544.388,24852.336,16338.318,615.63,3990.862,809.381,-724.869,104.689,1560.109,1158.925,11.282
2015-01-06,51566.364,24865.101,16170.842,1328.794,3969.72,809.846,-723.464,104.689,1560.697,1158.925,11.282
2015-01-07,51588.34,24681.024,16181.86,493.638,3975.107,810.31,-722.058,104.689,1561.284,1158.925,11.282
2015-01-08,51610.316,24693.254,16218.309,498.2,3980.493,810.774,-720.653,104.689,1561.872,1158.925,11.282
2015-01-09,51616.402,24677.031,16218.564,498.305,3980.618,811.211,-720.62,104.689,1561.985,1158.925,11.282
2015-01-10,51616.402,24677.031,16218.564,498.305,3980.618,811.211,-720.62,104.689,1561.985,1158.925,11.282
2015-01-11,51616.402,24677.031,16218.564,498.305,3980.618,811.211,-720.62,104.689,1561.985,1158.925,11.282
2015-01-12,51654.268,24694.894,16319.535,507.324,3988.419,811.702,-717.842,104.689,1563.047,1158.925,11.282
2015-01-13,51676.244,24707.051,16330.989,511.887,3993.797,812.166,-716.436,104.689,1563.634,1158.925,11.282
2015-01-14,51698.22,24719.209,16342.444,516.449,3999.175,812.63,-715.03,104.689,1564.221,1158.925,11.282
2015-01-15,51720.196,24731.367,16353.898,521.011,4004.552,813.094,-737.166,104.689,1564.809,1158.925,11.282
2015-01-16,52043.974,24738.054,16354.382,521.204,4004.78,813.541,-737.11,104.689,1564.933,1158.925,11.282
2015-01-17,52043.974,24738.054,16354.382,521.204,4004.78,813.541,-737.11,104.689,1564.933,1158.925,11.282
2015-01-18,52043.974,24738.054,16354.382,521.204,4004.78,813.541,-737.11,104.689,1564.933,1158.925,11.282
2015-01-19,52081.679,24755.682,16374.777,247.113,4015.308,814.023,-734.528,104.689,1565.984,1158.925,11.282
2015-01-20,52103.808,24767.84,16386.075,261.236,4020.686,814.487,-733.209,104.689,1566.571,1158.925,11.282
2015-01-21,52125.938,24779.998,16399.265,276.638,4012.602,814.951,-731.89,104.689,1567.159,1158.925,11.282
2015-01-22,52178.782,24815.545,16352.945,287.072,4018.019,815.415,-730.571,104.689,1567.746,1158.925,11.282
2015-01-23,51963.393,25448.72,16353.604,287.343,3979.486,815.87,-730.49,104.689,1567.882,1158.925,11.282
2015-01-24,51963.393,25448.72,16353.604,287.343,3979.486,815.87,-730.49,104.689,1567.882,1158.925,11.282
2015-01-25,51963.393,25448.72,16353.604,287.343,3979.486,815.87,-730.49,104.689,1567.882,1158.925,11.282
2015-01-26,52046.743,25465.876,16438.191,1101.386,3990.295,809.161,-727.933,104.689,1568.921,1158.925,11.282
2015-01-27,54717.727,25580.95,16163.629,1102.86,3964.05,809.62,-726.614,104.689,1569.508,1158.925,11.282
2015-01-28,61132.361,25387.582,16175.538,1104.335,3975.701,810.08,-725.295,104.689,1570.096,1158.925,11.282
2015-01-29,61128.97,25404.134,16189.923,1019.602,4422.776,810.54,-723.976,104.689,1570.683,1158.925,11.282
2015-01-30,61174.266,25413.875,15029.685,469.894,4423.269,811.0,-723.869,104.689,1570.83,1158.925,11.282
2015-01-31,61174.266,25413.875,15029.685,469.894,4423.269,811.0,-723.869,104.689,1570.83,1158.925,11.282
2015-02-01,61174.266,25413.875,15029.685,469.894,4423.269,811.0,-723.869,104.689,1570.83,1158.925,11.282
2015-02-02,61168.667,25437.238,15227.913,299.253,4438.018,810.988,-721.338,104.689,1580.206,1158.925,11.282
2015-02-03,61201.407,25297.931,15238.294,301.178,4444.131,810.982,-720.019,104.689,1580.794,1158.925,11.282
2015-02-04,61197.963,25313.695,15248.675,321.223,4450.245,810.975,-718.7,104.689,1581.383,1158.925,11.282
2015-02-05,61194.519,25329.459,15259.056,323.253,4456.359,810.969,-717.381,104.689,1581.972,1158.925,11.282
2015-02-06,61193.3,25339.038,15260.094,323.456,4456.97,810.969,-717.249,104.689,1582.131,1158.925,11.282
2015-02-07,61193.3,25339.038,15260.094,323.456,4456.97,810.969,-717.249,104.689,1582.131,1158.925,11.282
2015-02-08,61193.3,25339.038,15260.094,323.456,4456.97,810.969,-717.249,104.689,1582.131,1158.925,11.282
2015-02-09,61187.631,25360.986,15279.818,327.313,4468.586,814.214,-714.743,104.689,1583.15,1158.925,11.282
2015-02-10,61184.187,25376.75,15290.199,329.342,4474.7,814.2,-788.162,104.689,1583.739,1158.925,11.282
2015-02-11,61157.923,25392.514,15300.581,334.788,4480.814,845.643,-831.154,104.689,1584.328,1158.925,11.282
2015-02-12,61154.334,25408.278,15310.962,336.821,4486.927,854.06,-1253.886,104.689,1584.917,1158.925,11.282
2015-02-13,61120.903,25418.161,15312.199,337.064,4487.656,854.062,-1257.952,104.689,1585.087,1158.925,11.282
2015-02-14,61120.903,25418.161,15312.199,337.064,4487.656,854.062,-1257.952,104.689,1585.087,1158.925,11.282
2015-02-15,61120.903,25418.161,15312.199,337.064,4487.656,854.062,-1257.952,104.689,1585.087,1158.925,11.282
2015-02-16,61114.919,25439.806,15331.724,340.888,4499.155,854.169,-1255.65,104.689,1586.094,1158.925,11.282
2015-02-17,61111.241,25455.569,15342.105,342.921,4505.268,854.223,-1254.426,104.689,1586.683,1158.925,11.282
2015-02-18,61107.562,25471.333,15352.486,379.227,4511.382,854.278,-1253.203,104.689,1587.272,1158.925,11.282
2015-02-19,61103.884,25487.097,15362.867,381.316,4517.496,854.332,-1251.979,104.689,1587.861,1158.925,11.282
2015-02-20,61102.441,25090.44,15364.305,381.606,4518.208,854.335,-1251.809,104.689,1588.042,1158.925,11.282
2015-02-21,61102.441,25090.44,15364.305,381.606,4518.208,854.335,-1251.809,104.689,1588.042,1158.925,11.282
2015-02-22,61102.441,25090.44,15364.305,381.606,4518.208,854.335,-1251.809,104.689,1588.042,1158.925,11.282
2015-02-23,60855.89,25199.62,15195.204,494.502,4529.599,854.441,-1267.26,104.689,1589.039,1158.925,11.282
2015-02-24,60853.172,25214.769,15205.537,496.848,4535.696,854.496,-1266.007,104.689,1601.123,1158.925,11.282
2015-02-25,60850.455,25229.918,15169.905,499.194,4541.792,854.55,-1264.754,104.689,1764.893,1158.925,11.282
2015-02-26,60847.737,25245.067,15180.261,501.54,4547.889,854.604,-1263.502,104.689,1900.059,1158.925,11.282
2015-02-27,60846.618,25255.147,15181.895,501.91,4548.85,854.609,-1017.764,104.689,1961.373,1158.925,11.282
2015-02-28,60846.618,25255.147,15181.895,501.91,4548.85,854.609,-1017.764,104.689,1961.373,1158.925,11.282
2015-03-01,60846.618,25255.147,15181.895,501.91,4548.85,854.609,-1017.764,104.689,1961.373,1158.925,11.282
2015-03-02,60840.724,25280.337,15209.593,508.184,4565.154,854.763,-1015.861,104.689,1963.863,1158.925,11.282
2015-03-03,60748.824,25295.429,15202.053,510.521,4571.227,854.817,-1015.153,104.689,1964.924,1158.925,11.282
2015-03-04,60745.313,25310.52,15212.499,512.858,4577.3,854.871,-1014.444,104.689,1965.985,1158.925,11.282
2015-03-05,60520.56,25320.812,15214.34,513.27,4578.371,854.877,-1014.319,104.689,1966.351,1158.925,11.282
2015-03-06,60520.431,25331.183,15216.196,513.685,4579.449,854.882,-1014.193,104.689,1966.72,1158.925,11.282
2015-03-07,60520.431,25331.183,15216.196,513.685,4579.449,854.882,-1014.193,104.689,1966.72,1158.925,11.282
2015-03-08,60520.431,25331.183,15216.196,513.685,4579.449,854.882,-1014.193,104.689,1966.72,1158.925,11.282
2015-03-09,60527.725,25355.993,15255.586,519.869,4595.733,855.034,-1012.318,104.689,1969.168,1158.925,11.282
2015-03-10,60575.718,25371.082,15265.972,522.206,4601.826,859.905,-1011.61,104.689,1970.446,1158.925,11.282
2015-03-11,60576.41,25386.171,15276.358,524.543,4607.919,860.126,-1027.893,104.689,1971.478,1158.925,11.282
2015-03-12,60654.844,25222.071,15278.387,524.999,4609.11,860.151,-1027.748,104.689,1971.853,1158.925,11.282
2015-03-13,60655.238,25232.155,15419.069,525.46,4610.309,860.176,-1045.318,104.689,1972.232,1158.925,11.282
2015-03-14,60655.238,25232.155,15419.069,525.46,4610.309,860.176,-1045.318,104.689,1972.232,1158.925,11.282
2015-03-15,60655.238,25232.155,15419.069,525.46,4610.309,860.176,-1045.318,104.689,1972.232,1158.925,11.282
2015-03-16,60657.069,25143.646,15446.131,531.554,4613.341,860.787,-1043.32,104.689,1974.573,1158.925,11.282
2015-03-17,60624.386,25157.541,15300.589,533.891,4616.511,861.007,-1042.554,104.689,1975.605,1158.925,11.282
2015-03-18,60625.551,25171.436,15317.933,539.193,4626.812,861.227,-1041.788,104.689,1976.637,1158.925,11.282
2015-03-19,60626.095,25181.445,15320.202,539.695,4628.127,861.257,-1041.624,104.689,1977.032,1158.925,11.282
2015-03-20,60626.644,25147.315,15322.489,540.2,4629.452,861.287,-1041.458,104.689,1977.431,1158.925,11.282
2015-03-21,60626.644,25147.315,15322.489,540.2,4629.452,861.287,-1041.458,104.689,1977.431,1158.925,11.282
2015-03-22,60626.644,25147.315,15322.489,540.2,4629.452,861.287,-1041.458,104.689,1977.431,1158.925,11.282
2015-03-23,60814.953,25169.853,15349.661,526.734,4645.193,861.888,-1039.49,104.689,1979.733,1158.925,11.282
2015-03-24,60816.296,25184.358,15360.237,529.531,4651.32,862.109,-1053.369,104.689,1980.765,1158.925,11.282
2015-03-25,60817.639,25198.863,15370.813,532.327,4665.971,862.329,-1074.149,104.689,1981.796,1158.925,11.282
2015-03-26,60168.952,25209.589,15373.285,532.981,4667.393,862.363,-1074.015,104.689,1982.211,1158.925,11.282
2015-03-27,60170.537,25220.397,15375.776,533.64,4668.825,862.397,-1073.88,104.689,1982.63,1158.925,11.282
2015-03-28,60170.537,25220.397,15375.776,533.64,4668.825,862.397,-1073.88,104.689,1982.63,1158.925,11.282
2015-03-29,60170.537,25220.397,15375.776,533.64,4668.825,862.397,-1073.88,104.689,1982.63,1158.925,11.282
2015-03-30,59565.322,25242.377,15336.059,537.837,4684.224,862.99,-1026.401,104.689,1984.892,1158.925,11.282
2015-03-31,59545.335,25652.351,15421.581,554.413,4754.044,863.21,-1023.901,104.689,1985.924,1158.925,11.282
2015-04-01,58723.496,25668.646,15432.432,557.236,4760.192,863.43,-1023.576,104.689,1986.956,1158.925,11.282
2015-04-02,58723.946,25681.007,15435.175,557.95,4761.747,863.468,-1023.493,104.689,1987.391,1158.925,11.282
2015-04-03,58724.4,25693.464,15437.941,558.669,4763.314,863.507,-1023.41,104.689,1987.829,1158.925,11.282
2015-04-04,58724.4,25693.464,15437.941,558.669,4763.314,863.507,-1023.41,104.689,1987.829,1158.925,11.282
2015-04-05,58724.4,25693.464,15437.941,558.669,4763.314,863.507,-1023.41,104.689,1987.829,1158.925,11.282
2015-04-06,58726.167,25508.603,15464.984,565.706,4778.637,864.091,-1022.599,104.689,1990.051,1158.925,11.282
2015-04-07,58727.057,25524.647,15475.835,568.53,4784.786,864.312,-1022.273,104.689,1991.083,1158.925,11.282
2015-04-08,59682.538,25540.69,15486.686,478.072,4790.934,864.532,-1021.948,104.689,1992.115,1158.925,11.282
2015-04-09,59678.632,25553.169,15500.411,478.78,4766.65,864.574,-1021.859,104.689,1992.57,1158.925,11.282
2015-04-10,59671.453,25521.233,15503.374,479.494,4768.372,864.617,-1021.77,104.689,1993.028,1158.925,11.282
2015-04-11,59671.453,25521.233,15503.374,479.494,4768.372,864.617,-1021.77,104.689,1993.028,1158.925,11.282
2015-04-12,59671.453,25521.233,15503.374,479.494,4768.372,864.617,-1021.77,104.689,1993.028,1158.925,11.282
2015-04-13,59656.997,25552.992,15529.897,485.882,4784.769,865.193,-1020.971,104.689,1995.211,1158.925,11.282
2015-04-14,59649.569,25575.878,15551.164,488.485,4791.053,865.413,-1020.645,104.689,1996.243,1158.925,11.282
2015-04-15,59642.141,25590.731,15545.777,499.765,4771.497,865.634,-1020.32,104.689,1997.274,1158.925,11.282
2015-04-16,59583.162,25602.568,15277.758,496.754,4715.751,865.68,-1024.242,104.689,1997.749,1158.925,11.282
2015-04-17,59579.062,25454.423,15280.808,503.434,4717.563,865.727,-1024.14,104.689,1998.227,1158.925,11.282
2015-04-18,59579.062,25454.423,15280.808,503.434,4717.563,865.727,-1024.14,104.689,1998.227,1158.925,11.282
2015-04-19,59579.062,25454.423,15280.808,503.434,4717.563,865.727,-1024.14,104.689,1998.227,1158.925,11.282
2015-04-20,58245.16,25403.543,15296.649,517.043,4735.368,866.654,-1023.302,104.689,2000.37,1158.925,11.282
2015-04-21,58239.651,25322.485,15307.062,519.628,4741.542,866.881,-1022.954,104.689,2001.402,1158.925,11.282
2015-04-22,58234.142,25338.823,15328.131,1563.578,4749.763,867.107,-1022.607,104.689,2002.434,1158.925,11.282
2015-04-23,58256.572,25223.18,15369.88,1861.809,4823.165,867.159,-1022.499,104.689,2002.928,1158.925,11.282
2015-04-24,58493.998,25169.287,14754.672,3323.084,4809.107,867.212,-1022.391,104.689,2003.426,1158.925,11.282
2015-04-25,58493.998,25169.287,14754.672,3323.084,4809.107,867.212,-1022.391,104.689,2003.426,1158.925,11.282
2015-04-26,58493.998,25169.287,14754.672,3323.084,4809.107,867.212,-1022.391,104.689,2003.426,1158.925,11.282
2015-04-27,59295.813,25324.29,14778.935,3316.623,4824.112,877.131,-1021.566,104.689,2005.529,1158.925,11.282
2015-04-28,63303.61,25336.733,14805.78,3316.288,4830.425,877.36,-1021.218,104.689,2006.561,1158.925,11.282
2015-04-29,63289.1,25369.563,14819.006,3315.952,4836.737,877.589,-1020.871,104.689,2007.593,1158.925,11.282
2015-04-30,63280.649,25399.252,14823.364,3315.842,4838.817,877.646,-1020.757,104.689,2008.107,1158.925,11.282
2015-05-01,63917.117,25409.819,14794.997,3315.73,4840.914,877.703,-964.475,104.689,2008.625,1158.925,11.282
2015-05-02,63917.117,25409.819,14794.997,3315.73,4840.914,877.703,-964.475,104.689,2008.625,1158.925,11.282
2015-05-03,63917.117,25409.819,14794.997,3315.73,4840.914,877.703,-964.475,104.689,2008.625,1158.925,11.282
2015-05-04,63879.701,25426.43,14826.154,3314.945,4855.675,878.275,-964.706,104.689,2045.731,1158.925,11.282
2015-05-05,63859.264,25438.984,14839.477,3314.61,4861.988,872.721,-937.497,104.689,2046.732,1158.925,11.282
2015-05-06,63838.827,25714.598,14852.801,3314.274,4868.301,863.815,-937.299,104.689,2047.732,1158.925,11.282
2015-05-07,63826.533,25724.392,15010.087,3294.962,4896.621,848.379,-982.581,104.689,2048.25,1158.925,11.282
2015-05-08,63814.145,25734.263,15014.944,3294.796,4898.901,727.262,-979.975,104.689,2048.771,1158.925,11.282
2015-05-09,63814.145,25734.263,15014.944,3294.796,4898.901,727.262,-979.975,104.689,2048.771,1158.925,11.282
2015-05-10,63814.145,25734.263,15014.944,3294.796,4898.901,727.262,-979.975,104.689,2048.771,1158.925,11.282
2015-05-11,63777.515,25748.989,15046.737,3293.708,4913.821,727.733,-978.927,104.689,2050.734,1158.925,11.282
2015-05-12,63757.078,25760.453,15060.56,3293.235,4920.308,727.924,-978.471,104.689,2051.734,1158.925,11.282
2015-05-13,63736.641,25771.917,15074.383,3292.762,4926.796,728.115,-978.016,104.689,2052.735,1158.925,11.282
2015-05-14,63723.955,25781.931,15079.467,3292.588,4929.182,728.17,-977.848,104.689,2053.271,1158.925,11.282
2015-05-15,63725.613,25792.022,15084.59,3292.413,4931.586,725.747,-938.119,104.689,2053.812,1158.925,11.282
2015-05-16,63725.613,25792.022,15084.59,3292.413,4931.586,725.747,-938.119,104.689,2053.812,1158.925,11.282
2015-05-17,63725.613,25792.022,15084.59,3292.413,4931.586,725.747,-938.119,104.689,2053.812,1158.925,11.282
2015-05-18,63689.924,25806.308,15115.852,3291.343,4946.257,726.202,-936.163,104.689,2055.736,1158.925,11.282
2015-05-19,63669.575,26496.568,15129.675,3290.87,4952.745,727.214,-935.299,104.689,2056.737,1158.925,11.282
2015-05-20,63649.226,26508.001,15143.498,3290.397,4959.232,727.397,-934.434,104.689,2057.737,1158.925,11.282
2015-05-21,63636.206,26518.207,15148.847,3290.214,4961.742,727.453,-934.1,104.689,2058.293,1158.925,11.282
2015-05-22,64345.013,26705.786,15098.39,3220.122,4961.807,727.509,-933.763,104.689,2058.853,1158.925,11.282
2015-05-23,64345.013,26705.786,15098.39,3220.122,4961.807,727.509,-933.763,104.689,2058.853,1158.925,11.282
2015-05-24,64345.013,26705.786,15098.39,3220.122,4961.807,727.509,-933.763,104.689,2058.853,1158.925,11.282
2015-05-25,64308.368,26749.372,15130.711,3218.448,4995.266,727.943,-931.841,104.689,2060.739,1158.925,11.282
2015-05-26,64287.005,26761.221,15145.25,3217.695,5001.72,728.126,-930.976,104.689,2061.74,1158.925,11.282
2015-05-27,64265.643,26773.07,15159.789,3216.942,5008.174,728.308,-930.112,104.689,2062.74,1158.925,11.282
2015-05-28,64236.292,26783.875,15165.694,3216.636,5010.795,728.367,-929.76,104.689,2120.334,1158.925,11.282
2015-05-29,64222.047,26794.764,15171.644,3216.328,5013.437,728.427,-929.407,104.689,2206.16,1158.925,11.282
2015-05-30,64222.047,26794.764,15171.644,3216.328,5013.437,728.427,-929.407,104.689,2206.16,1158.925,11.282
2015-05-31,64222.047,26794.764,15171.644,3216.328,5013.437,728.427,-929.407,104.689,2206.16,1158.925,11.282
2015-06-01,64186.075,26808.618,15203.405,3214.682,5027.537,728.855,-927.518,104.689,2208.949,1158.925,11.282
2015-06-02,64164.624,26820.467,15217.944,3213.929,5033.991,729.037,-926.653,104.689,2210.46,1158.925,11.282
2015-06-03,64143.173,26832.317,15232.483,3213.176,5040.445,729.219,-925.789,104.689,2211.972,1158.925,11.282
2015-06-04,64128.625,26843.349,15238.666,3212.856,5035.721,729.282,-925.421,104.689,2214.673,1158.925,11.282
2015-06-05,65337.438,26854.465,15244.897,3212.533,5038.475,729.346,-925.051,104.689,2215.628,1158.925,11.282
2015-06-06,65337.438,26854.465,15244.897,3212.533,5038.475,729.346,-925.051,104.689,2215.628,1158.925,11.282
2015-06-07,65337.438,26854.465,15244.897,3212.533,5038.475,729.346,-925.051,104.689,2215.628,1158.925,11.282
2015-06-08,65294.795,26867.864,15276.1,3210.917,5052.266,729.766,-923.195,104.689,2218.513,1158.925,11.282
2015-06-09,65253.092,26243.654,15290.639,3210.164,5058.692,729.948,-922.331,104.689,2220.108,1158.925,11.282
2015-06-10,65226.264,26254.35,15305.178,3209.411,5065.118,730.131,-921.466,104.689,2221.704,1158.925,11.282
2015-06-11,65207.556,26264.513,15311.639,3209.076,5067.974,730.197,-921.082,104.689,2222.682,1158.925,11.282
2015-06-12,65188.704,26274.754,15318.151,3208.739,5070.852,730.264,-920.695,104.689,2223.668,1158.925,11.282
2015-06-13,65188.704,26274.754,15318.151,3208.739,5070.852,730.264,-920.695,104.689,2223.668,1158.925,11.282
2015-06-14,65188.704,26274.754,15318.151,3208.739,5070.852,730.264,-920.695,104.689,2223.668,1158.925,11.282
2015-06-15,65145.778,26286.437,15348.794,3207.151,5084.397,730.678,-918.872,104.689,2226.491,1158.925,11.282
2015-06-16,65118.949,26297.133,15363.333,3206.398,5090.823,730.86,-918.008,104.689,2228.086,1158.925,11.282
2015-06-17,64085.741,26194.274,15527.118,3229.138,5096.001,731.042,-917.143,104.689,2229.682,1158.925,11.282
2015-06-18,64064.349,26204.205,15533.841,3228.091,5098.94,731.112,-916.742,104.689,2230.691,1158.925,11.282
2015-06-19,64042.792,26214.213,15540.615,3227.036,5101.902,731.182,-916.339,104.689,2231.707,1158.925,11.282
2015-06-20,64042.792,26214.213,15540.615,3227.036,5101.902,731.182,-916.339,104.689,2231.707,1158.925,11.282
2015-06-21,64042.792,26214.213,15540.615,3227.036,5101.902,731.182,-916.339,104.689,2231.707,1158.925,11.282
2015-06-22,63996.168,26225.01,15570.62,3222.363,5115.021,731.589,-914.55,104.689,2234.469,1158.925,11.282
2015-06-23,63966.311,26235.255,15585.121,3220.104,5121.361,731.771,-913.685,104.689,2236.065,1158.925,11.282
2015-06-24,63936.453,26246.953,15717.044,3217.846,5127.701,731.953,-912.821,104.689,2237.66,1158.925,11.282
2015-06-25,63914.489,26257.084,15703.359,3216.756,5130.762,732.027,-912.817,104.689,2238.7,1158.925,11.282
2015-06-26,63892.356,26267.293,15710.261,3215.657,5133.846,732.101,-912.39,104.689,2239.747,1158.925,11.282
2015-06-27,63892.356,26267.293,15710.261,3215.657,5133.846,732.101,-912.39,104.689,2239.747,1158.925,11.282
2015-06-28,63892.356,26267.293,15710.261,3215.657,5133.846,732.101,-912.39,104.689,2239.747,1158.925,11.282
2015-06-29,63002.546,26215.422,15739.075,3211.071,5146.722,732.5,-910.609,104.689,2242.447,1158.925,11.282
2015-06-30,63253.781,25808.065,15859.451,3246.729,5188.59,732.683,-906.102,104.689,2244.043,1158.925,11.282
2015-07-01,63224.121,25461.478,15873.695,3244.474,5194.964,732.865,-905.219,104.689,2245.639,1158.925,11.282
2015-07-02,63201.734,25461.525,15880.845,3243.342,5198.163,732.942,-904.776,104.689,2246.708,1158.925,11.282
2015-07-03,63179.175,25461.572,15888.049,3242.201,5201.387,733.019,-904.329,104.689,2247.787,1158.925,11.282
2015-07-04,63179.175,25461.572,15888.049,3242.201,5201.387,733.019,-904.329,104.689,2247.787,1158.925,11.282
2015-07-05,63179.175,25461.572,15888.049,3242.201,5201.387,733.019,-904.329,104.689,2247.787,1158.925,11.282
2015-07-06,63271.433,25441.776,15916.428,3237.708,5214.087,733.412,-902.57,104.689,2250.425,1158.925,11.282
2015-07-07,63241.423,24639.569,15930.672,2736.473,5220.461,733.594,-901.686,104.689,2252.021,1158.925,11.282
2015-07-08,63211.413,25040.912,15944.916,2738.138,5212.236,733.776,-898.83,104.689,2253.617,1158.925,11.282
2015-07-09,63188.187,25041.878,15952.338,2739.006,5215.502,733.856,-898.363,104.689,2254.717,1158.925,11.282
2015-07-10,63164.782,24417.968,15959.817,2739.88,5218.793,733.937,-897.891,104.689,2255.826,1158.925,11.282
2015-07-11,63164.782,24417.968,15959.817,2739.88,5218.793,733.937,-897.891,104.689,2255.826,1158.925,11.282
2015-07-12,63164.782,24417.968,15959.817,2739.88,5218.793,733.937,-897.891,104.689,2255.826,1158.925,11.282
2015-07-13,62822.367,24568.53,15987.648,2761.814,5231.037,734.323,-896.137,104.689,2258.404,1158.925,11.282
2015-07-14,62790.912,24584.331,16003.957,2785.526,5270.394,734.505,-895.24,104.689,2259.999,1158.925,11.282
2015-07-15,62780.474,24600.136,16018.218,2811.15,5276.719,734.688,-894.342,104.689,2261.595,1158.925,11.282
2015-07-16,62755.507,24755.972,16062.981,2813.245,5280.899,734.771,-865.528,104.689,2014.798,1158.925,11.282
2015-07-17,62730.348,24756.626,16469.359,2815.357,5284.342,734.856,-864.93,104.689,2015.869,1158.925,11.282
2015-07-18,62730.348,24756.626,16469.359,2815.357,5284.342,734.856,-864.93,104.689,2015.869,1158.925,11.282
2015-07-19,62730.348,24756.626,16469.359,2815.357,5284.342,734.856,-864.93,104.689,2015.869,1158.925,11.282
2015-07-20,62781.366,24839.668,16745.293,2723.34,5296.454,735.234,-862.826,104.689,2018.232,1158.925,11.282
2015-07-21,62866.823,24425.629,16758.809,2840.297,5299.715,735.417,-885.585,104.689,2019.731,1158.925,11.282
2015-07-22,63506.671,24121.968,16772.325,2844.352,5306.064,735.599,-884.697,104.689,2021.23,1158.925,11.282
2015-07-23,63891.384,23464.92,16779.885,2848.55,5309.616,735.686,-884.2,104.689,2022.321,1158.925,11.282
2015-07-24,63812.835,23465.908,16787.504,4174.192,5313.195,735.774,-883.699,104.689,2023.42,1158.925,11.282
2015-07-25,63812.835,23465.908,16787.504,4174.192,5313.195,735.774,-883.699,104.689,2023.42,1158.925,11.282
2015-07-26,63812.835,23465.908,16787.504,4174.192,5313.195,735.774,-883.699,104.689,2023.42,1158.925,11.282
2015-07-27,63779.098,23511.88,16812.873,4185.605,5340.298,723.197,-882.032,104.689,2025.726,1158.925,11.282
2015-07-28,63754.458,23527.859,16826.389,4191.686,5346.607,723.375,-881.144,104.689,2027.225,1158.925,11.282
2015-07-29,63729.818,23543.839,16839.905,4129.514,5538.462,723.554,-880.256,104.689,2028.724,1158.925,11.282
2015-07-30,63836.541,23545.124,16847.724,4132.868,5974.639,723.643,-879.742,104.689,2029.843,1158.925,11.282
2015-07-31,63816.093,23546.42,16855.604,4136.247,5978.125,723.733,-879.224,104.689,2030.972,1158.925,11.282
2015-08-01,63816.093,23546.42,16855.604,4136.247,5978.125,723.733,-879.224,104.689,2030.972,1158.925,11.282
2015-08-02,63816.093,23546.42,16855.604,4136.247,5978.125,723.733,-879.224,104.689,2030.972,1158.925,11.282
2015-08-03,63783.615,23688.509,16880.452,4146.904,5989.121,724.09,-877.591,104.689,2093.378,1158.925,11.282
2015-08-04,63759.21,23704.489,16893.968,4152.701,5995.102,724.268,-876.703,104.689,2094.886,1158.925,11.282
2015-08-05,63734.804,23720.468,16907.484,4158.498,6001.083,724.447,-898.938,104.689,2096.394,1158.925,11.282
2015-08-06,63714.045,23722.06,16915.563,4161.963,6004.657,712.9,-930.605,104.689,2097.549,1158.925,11.282
2015-08-07,63693.127,23723.664,16923.704,4165.454,6008.26,787.446,-929.174,104.689,2098.713,1158.925,11.282
2015-08-08,63693.127,23723.664,16923.704,4165.454,6008.26,787.446,-929.174,104.689,2098.713,1158.925,11.282
2015-08-09,63693.127,23723.664,16923.704,4165.454,6008.26,787.446,-929.174,104.689,2098.713,1158.925,11.282
2015-08-10,63661.587,23768.407,16962.983,4164.53,6019.025,787.89,-924.898,104.689,2100.917,1158.925,11.282
2015-08-11,63637.182,23784.387,17031.258,4170.2,6025.006,788.116,-922.523,104.689,2102.424,1158.925,11.282
2015-08-12,63612.776,23800.366,14926.47,4175.869,6030.987,788.342,-920.147,104.689,2103.932,1158.925,11.282
2015-08-13,63591.55,23802.264,14933.436,4179.366,6034.676,788.463,-833.8,104.689,2105.116,1158.925,11.282
2015-08-14,63570.16,23804.177,14940.457,4182.89,6038.394,788.586,-922.453,104.689,2106.309,1158.925,11.282
2015-08-15,63570.16,23804.177,14940.457,4182.89,6038.394,788.586,-922.453,104.689,2106.309,1158.925,11.282
2015-08-16,63570.16,23804.177,14940.457,4182.89,6038.394,788.586,-922.453,104.689,2106.309,1158.925,11.282
2015-08-17,63539.559,23848.305,14960.351,4192.877,6048.929,789.021,-918.243,104.689,2108.455,1158.925,11.282
2015-08-18,63515.154,23864.284,14971.645,4198.546,6054.91,789.247,-915.853,104.689,2109.962,1158.925,11.282
2015-08-19,63490.748,23880.264,14982.939,4204.215,6060.891,789.473,-913.463,104.689,2111.47,1158.925,11.282
2015-08-20,63469.054,23882.468,14990.122,4207.821,6064.695,789.599,-911.943,104.689,2112.683,1158.925,11.282
2015-08-21,63447.194,23884.689,14997.36,4211.454,6068.528,789.726,-910.412,104.689,2113.905,1158.925,11.282
2015-08-22,63447.194,23884.689,14997.36,4211.454,6068.528,789.726,-910.412,104.689,2113.905,1158.925,11.282
2015-08-23,63447.194,23884.689,14997.36,4211.454,6068.528,789.726,-910.412,104.689,2113.905,1158.925,11.282
2015-08-24,63417.531,23928.203,15016.82,4221.223,6078.834,790.152,-906.293,104.689,2115.993,1158.925,11.282
2015-08-25,63393.126,23944.182,15028.114,4226.892,6084.814,790.378,-903.903,104.689,2117.501,1158.925,11.282
2015-08-26,63300.571,23960.162,15039.408,4232.561,6090.795,790.604,-901.513,104.689,2120.144,1158.925,11.282
2015-08-27,63280.885,23962.672,15046.807,4236.276,6094.714,790.735,-899.948,104.689,2201.006,1158.925,11.282
2015-08-28,63261.047,23965.201,15054.263,4240.019,6098.662,790.866,-898.37,104.689,2202.4,1158.925,11.282
2015-08-29,63261.047,23965.201,15054.263,4240.019,6098.662,790.866,-898.37,104.689,2202.4,1158.925,11.282
2015-08-30,63261.047,23965.201,15054.263,4240.019,6098.662,790.866,-898.37,104.689,2202.4,1158.925,11.282
2015-08-31,62465.876,24008.1,15073.289,4249.569,6108.738,791.283,-894.343,104.689,2204.662,1158.925,11.282
2015-09-01,62444.947,24024.08,15066.126,4255.238,6114.719,791.509,-891.954,104.689,2206.342,1158.925,11.282
2015-09-02,62424.018,24040.059,15077.366,4260.908,6120.699,791.736,-889.564,104.689,2208.022,1158.925,11.282
2015-09-03,62692.32,24042.876,15084.945,4264.731,6124.733,791.87,-887.952,104.689,2209.438,1158.925,11.282
2015-09-04,62673.871,24045.714,15092.583,4268.583,6128.797,792.005,-886.328,104.689,2210.865,1158.925,11.282
2015-09-05,62673.871,24045.714,15092.583,4268.583,6128.797,792.005,-886.328,104.689,2210.865,1158.925,11.282
2015-09-06,62673.871,24045.714,15092.583,4268.583,6128.797,792.005,-886.328,104.689,2210.865,1158.925,11.282
2015-09-07,62282.324,24087.998,15111.086,4277.915,6138.642,792.414,-882.394,104.689,2213.062,1158.925,11.282
2015-09-08,62264.32,24103.978,14962.567,4283.585,6128.111,792.641,-802.55,104.689,2143.341,1158.925,11.282
2015-09-09,62241.906,24119.957,14973.633,4289.254,6134.042,792.867,-799.879,104.689,2144.717,1158.925,11.282
2015-09-10,62218.528,24123.08,14981.306,4293.185,6138.155,793.006,-798.027,104.689,2145.903,1158.925,11.282
2015-09-11,62194.97,24126.226,15149.216,4297.147,6156.64,793.145,-796.16,104.689,2147.097,1158.925,11.282
2015-09-12,62194.97,24126.226,15149.216,4297.147,6156.64,793.145,-796.16,104.689,2147.097,1158.925,11.282
2015-09-13,62194.97,24126.226,15149.216,4297.147,6156.64,793.145,-796.16,104.689,2147.097,1158.925,11.282
2015-09-14,62160.406,24167.896,15167.286,4306.262,6166.302,793.546,-791.867,104.689,2148.843,1158.925,11.282
2015-09-15,62135.616,24183.875,15178.526,4311.931,6172.312,793.772,-789.196,104.689,2150.219,1158.925,11.282
2015-09-16,62110.827,24199.855,15189.766,4317.6,6178.321,793.998,-786.525,104.689,2151.594,1158.925,11.282
2015-09-17,62086.892,24203.284,15197.777,4321.64,6182.604,787.458,-784.622,104.689,2152.806,1158.925,11.282
2015-09-18,62062.773,24206.738,15205.848,4325.712,6186.92,787.576,-782.704,104.689,2154.027,1158.925,11.282
2015-09-19,62062.773,24206.738,15205.848,4325.712,6186.92,787.576,-782.704,104.689,2154.027,1158.925,11.282
2015-09-20,62062.773,24206.738,15205.848,4325.712,6186.92,787.576,-782.704,104.689,2154.027,1158.925,11.282
2015-09-21,62036.458,24247.794,15223.487,4334.608,6196.35,787.898,-778.513,104.689,2155.72,1158.925,11.282
2015-09-22,62011.668,24263.773,15234.727,4340.277,6202.36,788.084,-775.842,104.689,2157.096,1158.925,11.282
2015-09-23,61990.577,24086.443,15245.967,4345.946,6208.369,788.27,-773.171,104.689,2158.471,1158.925,11.282
2015-09-24,61966.184,24089.437,15254.192,4350.095,6212.767,788.391,-771.216,104.689,2159.709,1158.925,11.282
2015-09-25,61941.604,24092.454,15262.481,4354.276,6217.199,788.513,-769.247,104.689,2160.957,1158.925,11.282
2015-09-26,61941.604,24092.454,15262.481,4354.276,6217.199,788.513,-769.247,104.689,2160.957,1158.925,11.282
2015-09-27,61941.604,24092.454,15262.481,4354.276,6217.199,788.513,-769.247,104.689,2160.957,1158.925,11.282
2015-09-28,62080.283,24124.874,15279.687,4363.308,6222.792,788.827,-765.158,104.689,2162.597,1158.925,11.282
2015-09-29,62060.561,24137.685,15290.927,4368.978,6228.784,789.013,-762.488,104.689,2163.973,1158.925,11.282
2015-09-30,62040.839,23907.487,15411.111,4396.324,6274.841,789.199,-830.679,104.689,2165.348,1158.925,11.282
2015-10-01,62040.839,23910.699,15419.595,4282.332,6301.363,789.324,-828.855,104.689,2166.613,1158.925,11.282
2015-10-02,62040.839,23913.936,15428.144,4286.573,6306.039,789.449,-836.182,104.689,2167.887,1158.925,11.282
2015-10-03,62040.839,23913.936,15428.144,4286.573,6306.039,789.449,-836.182,104.689,2167.887,1158.925,11.282
2015-10-04,62040.839,23913.936,15428.144,4286.573,6306.039,789.449,-836.182,104.689,2167.887,1158.925,11.282
2015-10-05,62203.638,23945.592,15445.003,4294.935,6315.26,789.757,-832.632,104.689,2169.474,1158.925,11.282
2015-10-06,62212.729,23931.488,15456.3,4300.539,6321.438,789.943,-838.488,104.689,2170.85,1158.925,11.282
2015-10-07,61925.626,23944.581,15469.345,5456.673,6327.617,790.128,-836.091,104.689,2172.225,1158.925,11.282
2015-10-08,61925.822,23948.143,15478.051,5462.061,6310.433,790.257,-834.246,104.689,2173.516,1158.925,11.282
2015-10-09,61926.02,23951.732,15486.825,5467.491,6315.144,790.386,-832.386,104.689,2174.817,1158.925,11.282
2015-10-10,61926.02,23951.732,15486.825,5467.491,6315.144,790.386,-832.386,104.689,2174.817,1158.925,11.282
2015-10-11,61926.02,23951.732,15486.825,5467.491,6315.144,790.386,-832.386,104.689,2174.817,1158.925,11.282
2015-10-12,61960.373,23997.594,15503.261,5477.664,6323.969,775.571,-828.901,104.689,2176.351,1158.925,11.282
2015-10-13,61970.601,24010.656,15514.567,5484.661,6330.039,775.674,-826.504,104.689,2177.727,1158.925,11.282
2015-10-14,62502.242,24023.719,15525.872,5491.658,6336.109,775.778,-824.107,104.689,2179.102,1158.925,11.282
2015-10-15,62502.554,23876.298,15534.796,5497.18,6340.9,775.851,-822.216,104.689,2180.42,1158.925,11.282
2015-10-16,62428.149,23880.033,15561.264,5502.745,6345.727,775.925,-837.256,104.689,2181.747,1158.925,11.282
2015-10-17,62428.149,23880.033,15561.264,5502.745,6345.727,775.925,-837.256,104.689,2181.747,1158.925,11.282
2015-10-18,62428.149,23880.033,15561.264,5502.745,6345.727,775.925,-837.256,104.689,2181.747,1158.925,11.282
2015-10-19,62452.864,23912.641,15537.874,5512.649,6345.438,776.088,-833.974,104.689,2183.228,1158.925,11.282
2015-10-20,62472.427,23897.966,15518.596,5519.646,6351.465,776.191,-831.656,104.689,2235.57,1158.925,11.282
2015-10-21,62667.681,23911.217,15529.552,5526.643,6357.493,776.294,-829.337,104.689,2211.355,1158.925,11.282
2015-10-22,62668.283,23956.741,15853.531,5515.447,6362.366,776.369,-827.462,104.689,2212.796,1158.925,11.282
2015-10-23,62668.888,25565.109,17647.16,6149.024,6367.276,776.445,-825.573,104.689,2214.248,1158.925,11.282
2015-10-24,62668.888,25565.109,17647.16,6149.024,6367.276,776.445,-825.573,104.689,2214.248,1158.925,11.282
2015-10-25,62668.888,25565.109,17647.16,6149.024,6367.276,776.445,-825.573,104.689,2214.248,1158.925,11.282
2015-10-26,62635.2,25591.439,17665.953,6159.273,6375.575,778.332,-822.381,104.689,2215.779,1158.925,11.282
2015-10-27,62949.144,25602.517,17650.73,6061.577,6381.603,778.436,-820.062,104.689,2217.254,1158.925,11.282
2015-10-28,63017.07,25613.594,17664.116,6068.27,6387.63,778.54,-817.743,104.689,2218.729,1158.925,11.282
2015-10-29,63019.249,25617.244,17675.195,6073.809,6392.619,778.617,-815.824,104.689,2220.198,1158.925,11.282
2015-10-30,63021.444,25620.922,17686.358,6087.907,6397.645,778.696,-813.89,104.689,2221.679,1158.925,11.282
2015-10-31,63021.444,25620.922,17686.358,6087.907,6397.645,778.696,-813.89,104.689,2221.679,1158.925,11.282
2015-11-01,63021.444,25620.922,17686.358,6087.907,6397.645,778.696,-813.89,104.689,2221.679,1158.925,11.282
2015-11-02,63117.569,25646.826,17704.276,6096.618,6405.713,778.851,-810.787,104.689,2337.823,1158.925,11.282
2015-11-03,63146.007,25657.904,17717.662,6047.61,6412.331,778.63,-821.467,104.689,2340.08,1158.925,11.282
2015-11-04,63174.444,25668.981,17731.049,6055.44,6496.177,778.732,-864.991,104.689,2342.336,1158.925,11.282
2015-11-05,63177.168,25672.844,17742.384,6062.07,6721.18,785.869,-861.835,104.689,2342.371,1158.925,11.282
2015-11-06,63179.913,25676.736,17753.806,6068.752,6726.674,882.262,-858.655,104.689,2342.406,1158.925,11.282
2015-11-07,63179.913,25676.736,17753.806,6068.752,6726.674,882.262,-858.655,104.689,2342.406,1158.925,11.282
2015-11-08,63179.913,25676.736,17753.806,6068.752,6726.674,882.262,-858.655,104.689,2342.406,1158.925,11.282
2015-11-09,63132.291,25702.214,17771.209,6078.931,6735.045,904.358,-853.81,104.689,2344.88,1158.925,11.282
2015-11-10,63130.759,25777.259,17784.595,6086.761,6741.484,904.643,-850.083,104.689,2347.147,1158.925,11.282
2015-11-11,63159.026,25788.337,17797.982,6094.591,6747.922,904.929,-846.357,104.689,2349.415,1158.925,11.282
2015-11-12,63162.275,25792.411,17809.573,6101.372,6753.498,905.152,-843.13,104.689,2349.493,1158.925,11.282
2015-11-13,63165.549,25796.517,17821.254,6108.204,6759.116,905.378,-839.878,104.689,2349.572,1158.925,11.282
2015-11-14,63165.549,25796.517,17821.254,6108.204,6759.116,905.378,-839.878,104.689,2349.572,1158.925,11.282
2015-11-15,63165.549,25796.517,17821.254,6108.204,6759.116,905.378,-839.878,104.689,2349.572,1158.925,11.282
2015-11-16,63243.827,25821.569,17838.141,6118.082,6767.239,905.784,-835.176,104.689,2356.219,1158.925,11.282
2015-11-17,63272.094,25832.646,17851.528,6125.912,6773.678,906.069,-831.45,104.689,2358.486,1158.925,11.282
2015-11-18,63300.361,25843.724,17864.914,6133.743,6780.117,906.354,-827.723,104.689,2334.973,1158.925,11.282
2015-11-19,63304.151,25848.011,17876.762,6140.673,6785.815,906.583,-832.102,104.689,2335.101,1158.925,11.282
2015-11-20,63307.971,25852.33,17888.701,6147.656,6791.558,906.814,-828.55,104.689,2335.229,1158.925,11.282
2015-11-21,63307.971,25852.33,17888.701,6147.656,6791.558,906.814,-828.55,104.689,2335.229,1158.925,11.282
2015-11-22,63307.971,25852.33,17888.701,6147.656,6791.558,906.814,-828.55,104.689,2335.229,1158.925,11.282
2015-11-23,63385.161,25876.956,17905.074,6157.233,6799.433,907.209,-823.68,104.689,2342.089,1158.925,11.282
2015-11-24,63413.428,25888.034,17918.46,6165.064,6805.872,907.494,-819.699,104.689,2344.46,1158.925,11.282
2015-11-25,63441.695,25899.111,17931.847,6172.894,6812.311,907.779,-815.717,104.689,2346.832,1158.925,11.282
2015-11-26,63446.027,25903.61,17943.951,6179.974,6818.133,908.014,-812.117,104.689,2347.005,1158.925,11.282
2015-11-27,63450.393,25908.144,17956.149,6187.109,6849.86,908.251,-808.489,104.689,2347.179,1158.925,11.282
2015-11-28,63450.393,25908.144,17956.149,6187.109,6849.86,908.251,-808.489,104.689,2347.179,1158.925,11.282
2015-11-29,63450.393,25908.144,17956.149,6187.109,6849.86,908.251,-808.489,104.689,2347.179,1158.925,11.282
2015-11-30,63526.496,25539.197,17972.007,6196.384,6857.622,908.634,-803.772,104.689,2452.933,1158.925,11.282
2015-12-01,63554.763,25550.335,17985.393,6204.215,6864.174,908.919,-799.79,104.689,2453.28,1158.925,11.282
2015-12-02,63583.03,25561.474,17998.78,6212.045,6870.726,909.204,-795.808,104.689,2518.999,1158.925,11.282
2015-12-03,63587.904,25566.211,18011.14,6219.275,6782.401,909.445,-792.132,104.689,2389.378,1158.925,11.282
2015-12-04,63592.815,25570.984,18023.596,6226.561,6788.298,909.687,-788.427,104.689,2389.483,1158.925,11.282
2015-12-05,63592.815,25570.984,18023.596,6226.561,6788.298,909.687,-788.427,104.689,2389.483,1158.925,11.282
2015-12-06,63592.815,25570.984,18023.596,6226.561,6788.298,909.687,-788.427,104.689,2389.483,1158.925,11.282
2015-12-07,63928.02,25594.889,18038.939,6233.553,6795.561,910.06,-783.863,104.689,2392.657,1158.925,11.282
2015-12-08,63954.649,25606.028,18052.326,6241.493,6836.033,910.345,-779.881,104.689,2393.784,1158.925,11.282
2015-12-09,64123.556,25593.855,18147.896,6273.876,6841.24,910.63,-775.9,104.689,2389.657,1158.925,11.282
2015-12-10,64146.409,25598.876,18160.69,6281.407,6847.304,910.875,-772.147,104.689,2389.78,1158.925,11.282
2015-12-11,64151.488,25626.25,18173.582,6288.995,6853.414,911.123,-768.365,104.689,2389.903,1158.925,11.282
2015-12-12,64151.488,25626.25,18173.582,6288.995,6853.414,911.123,-768.365,104.689,2389.903,1158.925,11.282
2015-12-13,64151.488,25626.25,18173.582,6288.995,6853.414,911.123,-768.365,104.689,2389.903,1158.925,11.282
2015-12-14,64077.781,25656.027,18185.853,6297.845,6860.541,911.485,-763.955,104.689,2392.975,1158.925,11.282
2015-12-15,63757.502,25667.184,18199.416,6332.67,6866.975,911.77,-759.973,104.689,2394.081,1158.925,11.282
2015-12-16,63784.4,25643.915,18212.979,6340.714,6873.409,912.055,-755.991,104.689,2395.188,1158.925,11.282
2015-12-17,63589.082,25649.201,18226.022,6348.449,6879.596,912.306,-752.162,104.689,2395.332,1158.925,11.282
2015-12-18,63594.954,25654.527,18902.86,6356.244,6885.831,912.559,-748.303,104.689,2395.477,1158.925,11.282
2015-12-19,63594.954,25654.527,18902.86,6356.244,6885.831,912.559,-748.303,104.689,2395.477,1158.925,11.282
2015-12-20,63594.954,25654.527,18902.86,6356.244,6885.831,912.559,-748.303,104.689,2395.477,1158.925,11.282
2015-12-21,63675.177,25516.372,18916.658,6384.705,6892.71,912.91,-744.046,104.689,2398.506,1158.925,11.282
2015-12-22,63703.338,25528.726,18929.563,6392.827,6899.144,913.195,-740.064,104.689,2399.612,1158.925,11.282
2015-12-23,63731.499,25541.079,18942.468,6400.949,6905.578,913.48,-736.082,104.689,2400.719,1158.925,11.282
2015-12-24,63737.972,25547.043,18955.125,6408.915,6911.889,913.737,-732.177,104.689,2400.884,1158.925,11.282
2015-12-25,63744.496,25553.053,18967.881,6416.943,6918.248,913.996,-728.242,104.689,2401.05,1158.925,11.282
2015-12-26,63744.496,25553.053,18967.881,6416.943,6918.248,913.996,-728.242,104.689,2401.05,1158.925,11.282
2015-12-27,63744.496,25553.053,18967.881,6416.943,6918.248,913.996,-728.242,104.689,2401.05,1158.925,11.282
2015-12-28,62611.679,25578.14,18981.183,6425.314,6924.88,914.336,-724.137,104.689,2404.037,1158.925,11.282
2015-12-29,62639.327,25590.494,18994.088,6433.436,6931.313,914.621,-720.156,104.689,2405.143,1158.925,11.282
2015-12-30,62666.974,25602.847,19006.992,6441.558,6937.747,914.906,-716.174,104.689,2406.25,1158.925,11.282
2015-12-31,62673.86,25481.469,19011.333,6502.4,7006.707,915.168,-700.728,104.689,2406.436,1158.925,11.282
2016-01-01,62680.798,25487.69,19011.333,6502.4,7006.707,915.432,-700.728,104.689,2406.624,1158.925,11.282
2016-01-02,62680.798,25487.69,19011.333,6502.4,7006.707,915.432,-700.728,104.689,2406.624,1158.925,11.282
2016-01-03,62680.798,25487.69,19011.333,6502.4,7006.707,915.432,-700.728,104.689,2406.624,1158.925,11.282
2016-01-04,62749.917,25512.194,19058.326,6538.385,7027.91,915.761,-694.619,104.689,2409.568,1158.925,11.282
2016-01-05,62777.564,25524.494,19073.99,6550.38,7034.977,916.046,-692.583,104.689,2410.674,1158.925,11.282
2016-01-06,62805.211,25882.801,19089.654,6562.375,7042.045,916.331,-690.547,104.689,2411.781,1158.925,11.282
2016-01-07,62023.471,25111.227,19089.954,6562.605,7042.18,916.599,-690.508,104.689,2411.988,1158.925,11.282
2016-01-08,61331.857,25117.607,19090.257,6562.836,7042.317,916.868,-690.468,104.689,2391.317,1158.925,11.282
2016-01-09,61331.857,25117.607,19090.257,6562.836,7042.317,916.868,-690.468,104.689,2391.317,1158.925,11.282
2016-01-10,61331.857,25117.607,19090.257,6562.836,7042.317,916.868,-690.468,104.689,2391.317,1158.925,11.282
2016-01-11,61068.522,25141.345,19145.63,6598.36,7063.248,917.186,-684.438,104.689,2394.136,1158.925,11.282
2016-01-12,59955.174,25162.006,19161.417,6610.355,7070.315,917.471,-682.402,104.689,2395.21,1158.925,11.282
2016-01-13,59984.432,25174.216,19165.771,6646.625,7129.225,917.756,-680.366,104.689,2334.873,1158.925,11.282
2016-01-14,59992.84,25180.812,19166.35,6647.097,7125.212,918.029,-680.288,104.689,2335.069,1158.925,11.282
2016-01-15,60041.539,24974.035,19166.935,6647.574,7117.683,918.304,-680.209,104.689,2335.267,1158.925,11.282
2016-01-16,60041.539,24974.035,19166.935,6647.574,7117.683,918.304,-680.209,104.689,2335.267,1158.925,11.282
2016-01-17,60041.539,24974.035,19166.935,6647.574,7117.683,918.304,-680.209,104.689,2335.267,1158.925,11.282
2016-01-18,60111.912,24996.354,19211.164,6683.652,7138.935,918.611,-674.257,104.689,2337.718,1158.925,11.282
2016-01-19,59844.082,24993.782,19226.295,6695.994,7146.205,918.897,-672.221,104.689,2330.387,1158.925,11.282
2016-01-20,59875.84,25003.145,19241.426,6810.908,7153.475,919.182,-670.185,104.689,2331.336,1158.925,11.282
2016-01-21,59885.575,25009.731,19493.457,6796.781,7153.893,919.46,-670.068,104.689,2331.55,1158.925,11.282
2016-01-22,59895.384,25016.367,19494.4,6797.488,7154.314,919.741,-669.95,104.689,2301.661,1158.925,11.282
2016-01-23,59895.384,25016.367,19494.4,6797.488,7154.314,919.741,-669.95,104.689,2301.661,1158.925,11.282
2016-01-24,59895.384,25016.367,19494.4,6797.488,7154.314,919.741,-669.95,104.689,2301.661,1158.925,11.282
2016-01-25,59971.115,25038.464,19428.435,6831.424,7166.017,920.037,-664.077,104.689,2303.969,1158.925,11.282
2016-01-26,58839.674,25050.236,19460.135,6845.391,7174.32,920.322,-662.041,104.689,2304.875,1158.925,11.282
2016-01-27,60049.613,25063.916,19624.524,6866.587,6803.063,920.607,-660.004,104.689,2301.965,1158.925,11.282
2016-01-28,59833.95,25005.771,19625.708,6915.657,7520.002,920.891,-659.848,104.689,2302.187,1158.925,11.282
2016-01-29,59844.453,24460.389,19626.901,7268.116,7520.986,921.177,-659.691,104.689,2302.411,1158.925,11.282
2016-01-30,59844.453,24460.389,19626.901,7268.116,7520.986,921.177,-659.691,104.689,2302.411,1158.925,11.282
2016-01-31,59844.453,24460.389,19626.901,7268.116,7520.986,921.177,-659.691,104.689,2302.411,1158.925,11.282
2016-02-01,59919.543,24490.047,19484.516,7284.305,7557.268,915.295,-653.896,104.689,781.109,1158.925,11.282
2016-02-02,59951.549,24506.179,18032.51,7295.382,7570.016,915.294,-552.091,104.689,917.638,1158.925,11.282
2016-02-03,59983.554,24522.311,18178.442,7306.459,7582.764,915.292,-549.962,104.689,928.007,1158.925,11.282
2016-02-04,59994.59,24531.953,18179.841,7307.52,7590.341,915.292,-549.759,104.689,930.661,1158.925,11.282
2016-02-05,60005.712,24541.67,18181.252,7308.589,7591.568,915.292,-573.34,104.689,1392.368,1158.925,11.282
2016-02-06,60005.712,24541.67,18181.252,7308.589,7591.568,915.292,-573.34,104.689,1392.368,1158.925,11.282
2016-02-07,60005.712,24541.67,18181.252,7308.589,7591.568,915.292,-573.34,104.689,1392.368,1158.925,11.282
2016-02-08,60079.571,24570.707,18222.275,7339.69,7627.285,915.287,-567.385,104.689,1382.276,1158.925,11.282
2016-02-09,60111.576,24586.839,18236.886,7350.767,7640.006,915.286,-565.265,104.689,1390.678,1158.925,11.282
2016-02-10,60143.581,24602.971,18251.497,7361.844,7652.726,915.284,-531.348,104.689,1367.804,1158.925,11.282
2016-02-11,60155.231,24612.923,18253.176,7363.117,7654.189,915.284,-699.269,104.689,1370.152,1158.925,11.282
2016-02-12,60166.97,24622.95,18254.868,7364.4,7655.662,915.284,-699.113,104.689,1372.519,1158.925,11.282
2016-02-13,60166.97,24622.95,18254.868,7364.4,7655.662,915.284,-699.113,104.689,1372.519,1158.925,11.282
2016-02-14,60166.97,24622.95,18254.868,7364.4,7655.662,915.284,-699.113,104.689,1372.519,1158.925,11.282
2016-02-15,60239.598,24651.368,18295.33,7395.075,7690.889,915.279,-695.407,104.689,1392.653,1158.925,11.282
2016-02-16,60271.603,24667.5,18309.941,7406.152,7703.61,915.432,-694.069,104.689,1405.413,1158.925,11.282
2016-02-17,60303.609,24683.632,18324.552,7417.229,7716.331,926.629,-692.731,104.689,1413.671,1158.925,11.282
2016-02-18,60315.872,24693.892,18326.511,7418.714,7718.037,916.217,-692.551,104.689,1416.171,1158.925,11.282
2016-02-19,60328.228,24704.231,18328.485,7420.211,7719.756,916.221,-692.37,104.689,1418.69,1158.925,11.282
2016-02-20,60328.228,24704.231,18328.485,7420.211,7719.756,916.221,-692.37,104.689,1418.69,1158.925,11.282
2016-02-21,60328.228,24704.231,18328.485,7420.211,7719.756,916.221,-692.37,104.689,1418.69,1158.925,11.282
2016-02-22,60399.625,24732.028,18368.385,7442.731,7754.494,916.458,-688.716,104.689,1438.447,1158.925,11.282
2016-02-23,60431.631,24748.16,18382.996,7453.895,7767.214,916.539,-782.88,104.689,1446.706,1158.925,11.282
2016-02-24,60463.636,24764.292,18397.607,7465.059,7779.935,916.621,-781.342,104.689,1462.545,1158.925,11.282
2016-02-25,60476.512,24774.861,18399.846,7466.77,7781.885,916.626,-781.106,104.689,1465.203,1158.925,11.282
2016-02-26,60489.487,24785.512,17939.058,7468.506,7783.849,916.632,-780.869,104.689,1467.882,1158.925,11.282
2016-02-27,60489.487,24785.512,17939.058,7468.506,7783.849,916.632,-780.869,104.689,1467.882,1158.925,11.282
2016-02-28,60489.487,24785.512,17939.058,7468.506,7783.849,916.632,-780.869,104.689,1467.882,1158.925,11.282
2016-02-29,60540.768,24807.249,17969.428,7630.549,7807.424,916.79,-778.018,104.689,1481.785,1158.925,11.282
2016-03-01,60572.896,24823.443,17985.878,6046.997,7820.194,916.871,-776.474,104.689,1490.077,1158.925,11.282
2016-03-02,60875.061,24839.637,18002.328,6056.946,7832.963,916.953,-810.644,104.689,1498.368,1158.925,11.282
2016-03-03,60904.872,24855.831,17963.773,6066.895,7845.733,917.035,-809.1,104.689,1437.239,1158.925,11.282
2016-03-04,60917.484,24660.831,17966.62,6068.617,7847.943,917.042,-808.832,104.689,2592.421,1158.925,11.282
2016-03-05,60917.484,24660.831,17966.62,6068.617,7847.943,917.042,-808.832,104.689,2592.421,1158.925,11.282
2016-03-06,60917.484,24660.831,17966.62,6068.617,7847.943,917.042,-808.832,104.689,2592.421,1158.925,11.282
2016-03-07,60827.928,24681.49,17996.674,6086.792,7871.272,917.199,-806.011,104.689,2597.62,1158.925,11.282
2016-03-08,60857.91,24697.104,18013.124,6096.741,7884.042,917.28,-804.467,104.689,2600.757,1158.925,11.282
2016-03-09,60887.892,24712.718,18029.574,6101.889,7896.811,917.362,-802.923,104.689,2603.893,1158.925,11.282
2016-03-10,60801.413,24728.332,18046.025,6111.734,7909.581,917.444,-801.379,104.689,2607.03,1158.925,11.282
2016-03-11,60814.825,24739.202,18049.188,6113.627,7912.037,917.453,-801.082,104.689,2608.163,1158.925,11.282
2016-03-12,60814.825,24739.202,18049.188,6113.627,7912.037,917.453,-801.082,104.689,2608.163,1158.925,11.282
2016-03-13,60814.825,24739.202,18049.188,6113.627,7912.037,917.453,-801.082,104.689,2608.163,1158.925,11.282
2016-03-14,60832.966,24759.561,18078.925,6131.424,7935.12,913.049,-811.621,104.689,2675.79,1158.925,11.282
2016-03-15,60863.491,24775.175,18095.376,6141.27,7947.89,913.124,-810.334,104.689,2678.629,1158.925,11.282
2016-03-16,60894.015,24858.529,18111.826,6151.115,7960.66,913.2,-809.046,104.689,2681.467,1158.925,11.282
2016-03-17,60924.54,24862.277,18128.276,6160.96,7973.429,913.276,-807.758,104.689,2684.306,1158.925,11.282
2016-03-18,60938.628,24873.654,18554.196,6163.043,7976.13,913.286,-807.486,104.689,2685.387,1158.925,11.282
2016-03-19,60938.628,24873.654,18554.196,6163.043,7976.13,913.286,-807.486,104.689,2685.387,1158.925,11.282
2016-03-20,60938.628,24873.654,18554.196,6163.043,7976.13,913.286,-807.486,104.689,2685.387,1158.925,11.282
2016-03-21,61700.549,24734.125,18580.427,6180.65,7998.968,913.428,-805.183,104.689,2689.984,1158.925,11.282
2016-03-22,61952.083,24749.437,18595.094,6190.495,8011.738,913.504,-803.895,104.689,2692.823,1158.925,11.282
2016-03-23,61983.615,24764.749,18609.761,6200.341,8024.508,913.58,-802.607,104.689,2695.662,1158.925,11.282
2016-03-24,62015.148,24780.062,18624.428,6210.186,8037.277,913.655,-801.319,104.689,2698.5,1158.925,11.282
2016-03-25,62030.308,24791.311,18627.813,6212.458,8040.224,913.667,-801.022,104.689,2699.636,1158.925,11.282
2016-03-26,62030.308,24791.311,18627.813,6212.458,8040.224,913.667,-801.022,104.689,2699.636,1158.925,11.282
2016-03-27,62030.308,24791.311,18627.813,6212.458,8040.224,913.667,-801.022,104.689,2699.636,1158.925,11.282
2016-03-28,61468.284,24810.687,18653.762,6185.667,8071.293,913.807,-798.744,104.689,2704.178,1158.925,11.282
2016-03-29,61499.551,24825.999,18668.429,6195.425,8084.092,913.883,-797.456,104.689,2707.017,1158.925,11.282
2016-03-30,61530.819,24841.311,18683.096,6205.183,8096.891,913.959,-796.168,104.689,2709.856,1158.925,11.282
2016-03-31,61562.086,24578.953,18695.461,6240.724,8188.651,914.035,-786.309,104.689,2712.695,1158.925,11.282
2016-04-01,61577.72,24590.42,18699.127,6243.17,8191.873,914.047,-822.035,104.689,2713.885,1158.925,11.282
2016-04-02,61577.72,24590.42,18699.127,6243.17,8191.873,914.047,-822.035,104.689,2713.885,1158.925,11.282
2016-04-03,61577.72,24590.42,18699.127,6243.17,8191.873,914.047,-822.035,104.689,2713.885,1158.925,11.282
2016-04-04,61624.621,24586.103,18724.792,6260.298,8214.43,914.186,-820.719,104.689,2718.372,1158.925,11.282
2016-04-05,61737.211,24601.265,18739.457,6270.086,8227.319,918.062,-819.966,104.689,2721.211,1158.925,11.282
2016-04-06,61769.09,24616.427,18739.694,6279.873,8240.208,926.304,-819.214,104.689,2724.05,1158.925,11.282
2016-04-07,61800.969,24631.588,18754.471,6289.661,8253.098,926.547,-818.462,104.689,2726.889,1158.925,11.282
2016-04-08,61817.521,24515.608,18776.432,6292.296,8279.769,926.592,-818.26,104.689,2728.134,1158.925,11.282
2016-04-09,61817.521,24515.608,18776.432,6292.296,8279.769,926.592,-818.26,104.689,2728.134,1158.925,11.282
2016-04-10,61817.521,24515.608,18776.432,6292.296,8279.769,926.592,-818.26,104.689,2728.134,1158.925,11.282
2016-04-11,61864.727,24533.555,18742.679,6309.235,8326.906,927.034,-816.958,104.689,2732.567,1158.925,11.282
2016-04-12,61896.605,24548.182,18757.526,6319.023,8339.911,927.277,-816.205,104.689,2735.406,1158.925,11.282
2016-04-13,61928.484,24562.809,18772.373,6328.81,8352.915,927.521,-815.453,104.689,2738.244,1158.925,11.282
2016-04-14,61960.363,24586.176,18787.22,6291.159,8365.92,927.764,-814.701,104.689,2741.083,1158.925,11.282
2016-04-15,61977.529,24597.79,18791.503,6293.96,8369.671,927.813,-814.484,104.689,2742.383,1158.925,11.282
2016-04-16,61977.529,24597.79,18791.503,6293.96,8369.671,927.813,-814.484,104.689,2742.383,1158.925,11.282
2016-04-17,61977.529,24597.79,18791.503,6293.96,8369.671,927.813,-814.484,104.689,2742.383,1158.925,11.282
2016-04-18,62024.121,23738.301,18791.261,6310.58,8391.929,928.25,-818.809,104.689,2762.973,1158.925,11.282
2016-04-19,61874.131,23584.476,18806.177,6320.291,8404.934,928.494,-818.026,104.689,2765.869,1158.925,11.282
2016-04-20,62218.159,23597.565,18821.092,6330.001,8417.938,928.737,-817.243,104.689,2768.765,1158.925,11.282
2016-04-21,62289.97,23115.497,18896.08,6339.712,8430.943,931.916,-816.461,104.689,2768.454,1158.925,11.282
2016-04-22,61923.167,22809.149,19173.528,6342.7,8434.944,931.97,-816.22,104.689,2769.833,1158.925,11.282
2016-04-23,61923.167,22809.149,19173.528,6342.7,8434.944,931.97,-816.22,104.689,2769.833,1158.925,11.282
2016-04-24,61923.167,22809.149,19173.528,6342.7,8434.944,931.97,-816.22,104.689,2769.833,1158.925,11.282
2016-04-25,62031.486,22721.23,19200.688,6359.133,8456.952,932.398,-814.895,104.689,2774.235,1158.925,11.282
2016-04-26,60066.117,22729.207,19216.737,5975.294,8469.956,932.639,-814.113,104.689,2777.125,1158.925,11.282
2016-04-27,56380.593,22737.184,19232.786,5984.781,8841.522,932.88,-813.33,104.689,2780.015,1158.925,11.282
2016-04-28,56301.093,22745.161,19248.835,4573.907,9044.859,933.121,-812.547,104.689,2782.906,1158.925,11.282
2016-04-29,56307.497,21890.104,19254.082,7554.299,9048.984,933.18,-812.291,104.689,2784.34,1158.925,11.282
2016-04-30,56307.497,21890.104,19254.082,7554.299,9048.984,933.18,-812.291,104.689,2784.34,1158.925,11.282
2016-05-01,56307.497,21890.104,19254.082,7554.299,9048.984,933.18,-812.291,104.689,2784.34,1158.925,11.282
2016-05-02,56323.296,21897.302,19280.934,7575.711,9070.095,929.623,-810.982,104.689,4294.701,1158.925,11.282
2016-05-03,56334.398,21903.458,19296.983,7588.508,9066.338,929.864,-658.056,104.689,4298.922,1158.925,11.282
2016-05-04,56345.499,21909.614,19313.032,7601.306,9079.05,930.104,-893.161,104.689,4303.143,1158.925,11.282
2016-05-05,56356.601,22046.99,19329.081,7614.104,9091.762,930.344,-1312.681,104.689,4307.364,1158.925,11.282
2016-05-06,56363.219,22052.454,19334.636,7618.534,9096.163,930.406,-1312.276,104.689,4310.513,1158.925,11.282
2016-05-07,56363.219,22052.454,19334.636,7618.534,9096.163,930.406,-1312.276,104.689,4310.513,1158.925,11.282
2016-05-08,56363.219,22052.454,19334.636,7618.534,9096.163,930.406,-1312.276,104.689,4310.513,1158.925,11.282
2016-05-09,56396.496,22059.846,19361.179,7639.699,9117.187,930.824,-1310.336,104.689,4316.79,1158.925,11.282
2016-05-10,56407.711,22066.274,19503.331,7655.599,8455.362,915.427,-1309.164,104.689,4321.019,1158.925,11.282
2016-05-11,56418.925,22072.703,19519.063,7668.412,8466.635,915.749,-1438.518,104.689,4325.247,1158.925,11.282
2016-05-12,56430.139,22079.131,19534.796,7681.224,8477.908,945.343,-1437.729,104.689,4331.266,1158.925,11.282
2016-05-13,56437.041,22084.718,19540.545,7685.906,8482.027,1035.518,-1437.441,104.689,4333.528,1158.925,11.282
2016-05-14,56437.041,22084.718,19540.545,7685.906,8482.027,1035.518,-1437.441,104.689,4333.528,1158.925,11.282
2016-05-15,56437.041,22084.718,19540.545,7685.906,8482.027,1035.518,-1437.441,104.689,4333.528,1158.925,11.282
2016-05-16,56452.568,22091.987,19512.47,7706.85,8500.454,1035.72,-1436.15,104.689,4170.862,1158.925,11.282
2016-05-17,56463.782,22098.415,19527.955,7719.662,8511.727,1035.838,-1435.361,104.689,4175.851,1158.925,11.282
2016-05-18,56474.997,22104.843,19543.44,7732.475,8523.0,1035.955,-1392.985,104.689,4180.84,1158.925,11.282
2016-05-19,56486.211,22111.272,19558.925,7745.288,8534.273,1036.073,-1391.715,104.689,4185.829,1158.925,11.282
2016-05-20,56493.328,22116.983,19564.88,7750.215,8538.608,1036.108,-1438.99,104.689,4188.592,1158.925,11.282
2016-05-21,56493.328,22116.983,19564.88,7750.215,8538.608,1036.108,-1438.99,104.689,4188.592,1158.925,11.282
2016-05-22,56493.328,22116.983,19564.88,7750.215,8538.608,1036.108,-1438.99,104.689,4188.592,1158.925,11.282
2016-05-23,56508.64,22124.128,19589.895,7770.913,8556.819,1036.308,-1489.346,104.689,4195.807,1158.925,11.282
2016-05-24,56519.854,22128.492,19605.38,7783.725,8568.092,1036.426,-1488.297,104.689,4181.917,1158.925,11.282
2016-05-25,56783.933,22134.997,19937.123,7796.538,8579.365,1036.543,-1487.249,104.689,4186.831,1158.925,11.282
2016-05-26,56795.723,22127.224,19952.608,7805.14,8590.638,1036.661,-1486.2,104.689,4191.744,1158.925,11.282
2016-05-27,56803.432,22132.879,19958.861,7810.471,8595.19,1036.698,-1485.777,104.689,4194.56,1158.925,11.282
2016-05-28,56803.432,22132.879,19958.861,7810.471,8595.19,1036.698,-1485.777,104.689,4194.56,1158.925,11.282
2016-05-29,56803.432,22132.879,19958.861,7810.471,8595.19,1036.698,-1485.777,104.689,4194.56,1158.925,11.282
2016-05-30,56819.303,22139.373,19983.578,7831.544,8613.184,1036.896,-1484.103,104.689,4201.572,1158.925,11.282
2016-05-31,56831.093,22145.815,19999.063,7844.746,8624.457,1037.014,-1483.054,104.689,4180.383,1158.925,11.282
2016-06-01,56842.883,22152.257,20014.548,7860.38,8635.729,1037.131,-1482.006,104.689,4185.177,1158.925,11.282
2016-06-02,56854.673,22158.699,20030.033,7864.938,8647.002,1037.249,-1511.185,104.689,4138.23,1158.925,11.282
2016-06-03,56862.609,22164.67,20036.584,7870.509,8651.772,1037.289,-1510.753,104.689,4431.408,1158.925,11.282
2016-06-04,56862.609,22164.67,20036.584,7870.509,8651.772,1037.289,-1510.753,104.689,4431.408,1158.925,11.282
2016-06-05,56862.609,22164.67,20036.584,7870.509,8651.772,1037.289,-1510.753,104.689,4431.408,1158.925,11.282
2016-06-06,56878.253,22171.583,20061.002,7891.276,8669.548,1037.484,-1509.141,104.689,4444.045,1158.925,11.282
2016-06-07,56890.043,22178.025,20076.487,7904.445,8680.821,1037.602,-1508.119,104.689,4453.022,1158.925,11.282
2016-06-08,56901.833,22184.468,20091.972,7917.615,8692.094,1037.719,-1507.098,104.689,4461.999,1158.925,11.282
2016-06-09,56913.623,22190.91,20107.457,7930.784,8703.367,1037.837,-1526.944,104.689,4470.976,1158.925,11.282
2016-06-10,56921.786,22197.005,20114.306,7936.609,8708.756,1037.879,-1526.544,104.689,4476.466,1158.925,11.282
2016-06-11,56921.786,22197.005,20114.306,7936.609,8708.756,1037.879,-1526.544,104.689,4476.466,1158.925,11.282
2016-06-12,56921.786,22197.005,20114.306,7936.609,8708.756,1037.879,-1526.544,104.689,4476.466,1158.925,11.282
2016-06-13,56937.203,22166.508,20138.427,7957.123,8726.311,1038.084,-1525.135,104.689,4488.93,1158.925,11.282
2016-06-14,56948.994,22172.226,20153.912,7970.292,8737.581,1038.189,-1524.23,104.689,4497.908,1158.925,11.282
2016-06-15,56960.784,22177.945,20169.397,7983.461,8748.852,1046.277,-1523.325,104.689,4506.885,1158.925,11.282
2016-06-16,56982.229,22183.664,20184.882,7996.63,8760.122,1046.464,-1522.421,104.689,4515.862,1158.925,11.282
2016-06-17,56990.649,22189.185,20192.029,8002.709,8765.323,1046.535,-1522.003,104.689,4521.524,1158.925,11.282
2016-06-18,56990.649,22189.185,20192.029,8002.709,8765.323,1046.535,-1522.003,104.689,4521.524,1158.925,11.282
2016-06-19,56990.649,22189.185,20192.029,8002.709,8765.323,1046.535,-1522.003,104.689,4521.524,1158.925,11.282
2016-06-20,57005.896,22195.101,20215.852,8022.969,8782.662,1046.839,-1520.611,104.689,4533.816,1158.925,11.282
2016-06-21,57017.729,22200.82,20231.337,8036.138,8793.932,1047.026,-1519.707,104.689,4542.793,1158.925,11.282
2016-06-22,57029.562,22206.539,20246.822,8132.225,8805.203,1047.213,-1591.305,104.689,4551.77,1158.925,11.282
2016-06-23,57041.396,22212.257,20262.307,8145.624,8816.473,1047.4,-1590.566,104.689,4560.747,1158.925,11.282
2016-06-24,57050.043,22287.85,20269.752,8152.065,8821.891,1047.474,-1590.21,104.689,4566.582,1158.925,11.282
2016-06-25,57050.043,22287.85,20269.752,8152.065,8821.891,1047.474,-1590.21,104.689,4566.582,1158.925,11.282
2016-06-26,57050.043,22287.85,20269.752,8152.065,8821.891,1047.474,-1590.21,104.689,4566.582,1158.925,11.282
2016-06-27,56152.138,22295.984,20293.277,8172.421,8839.013,1047.775,-1589.088,104.689,4578.701,1158.925,11.282
2016-06-28,56163.797,22301.982,20308.762,8185.819,8850.283,1036.383,-1588.349,104.689,4587.678,1158.925,11.282
2016-06-29,56175.456,22307.98,20324.247,8199.218,8861.554,1054.088,-1587.61,104.689,4596.656,1158.925,11.282
2016-06-30,57057.433,22114.009,19696.243,8274.919,8934.609,1054.345,-1534.878,104.689,4775.153,1158.925,11.282
2016-07-01,57069.428,22114.009,19703.992,8276.322,8940.274,1054.452,-1534.544,104.689,4781.801,1158.925,11.282
2016-07-02,57069.428,22114.009,19703.992,8276.322,8940.274,1054.452,-1534.544,104.689,4781.801,1158.925,11.282
2016-07-03,57069.428,22114.009,19703.992,8276.322,8940.274,1054.452,-1534.544,104.689,4781.801,1158.925,11.282
2016-07-04,57089.418,22146.532,19727.241,8296.592,8957.269,1054.859,-1533.541,104.689,4795.021,1158.925,11.282
2016-07-05,57049.853,22162.794,19742.74,8310.106,8968.599,1055.117,-1456.268,104.689,4804.954,1158.925,11.282
2016-07-06,57001.168,22179.056,19758.239,8323.619,8979.929,1055.374,-1456.034,104.689,4814.888,1158.925,11.282
2016-07-07,57016.652,22195.318,19623.041,8337.132,9731.871,1055.631,-1455.8,104.689,4824.822,1158.925,11.282
2016-07-08,57028.564,22115.156,19416.206,8344.149,9738.496,1055.743,-1455.678,104.689,4830.587,1158.925,11.282
2016-07-09,57028.564,22115.156,19416.206,8344.149,9738.496,1055.743,-1455.678,104.689,4830.587,1158.925,11.282
2016-07-10,57028.564,22115.156,19416.206,8344.149,9738.496,1055.743,-1455.678,104.689,4830.587,1158.925,11.282
2016-07-11,56738.64,22146.556,19432.033,8364.159,9757.39,1056.145,-1334.304,104.689,4843.633,1158.925,11.282
2016-07-12,56753.457,22203.047,19463.54,8379.463,9771.446,1056.403,-1333.55,104.689,4853.58,1158.925,11.282
2016-07-13,56768.275,22217.288,19480.588,8392.979,9776.788,1056.66,-1332.795,104.689,4863.527,1158.925,11.282
2016-07-14,56783.092,23058.454,19497.636,6218.479,9788.964,1059.459,-1332.041,104.689,4873.473,1158.925,11.282
2016-07-15,56794.775,23064.151,19714.869,6224.586,9795.816,1059.589,-1331.635,104.689,4880.513,1158.925,11.282
2016-07-16,56794.775,23064.151,19714.869,6224.586,9795.816,1059.589,-1331.635,104.689,4880.513,1158.925,11.282
2016-07-17,56794.775,23064.151,19714.869,6224.586,9795.816,1059.589,-1331.635,104.689,4880.513,1158.925,11.282
2016-07-18,56812.727,23097.472,19737.779,6243.905,9858.408,1060.029,-1330.532,104.689,4893.367,1158.925,11.282
2016-07-19,56827.544,23125.03,19753.454,6257.796,9871.358,1060.314,-1329.778,104.689,4903.314,1158.925,11.282
2016-07-20,56755.565,23165.33,19769.13,6297.11,9884.308,1060.599,-1329.024,104.689,4913.261,1158.925,11.282
2016-07-21,56769.967,23192.586,19784.805,6310.509,9897.258,1060.884,-1328.269,104.689,4923.208,1158.925,11.282
2016-07-22,56781.6,23193.593,19767.947,6317.981,9904.481,1082.499,-1327.849,104.689,4930.438,1158.925,11.282
2016-07-23,56781.6,23193.593,19767.947,6317.981,9904.481,1082.499,-1327.849,104.689,4930.438,1158.925,11.282
2016-07-24,56781.6,23193.593,19767.947,6317.981,9904.481,1082.499,-1327.849,104.689,4930.438,1158.925,11.282
2016-07-25,56500.991,23227.488,19790.875,6337.305,9923.159,1082.934,-1351.427,104.689,4943.101,1158.925,11.282
2016-07-26,56299.063,23244.939,19742.252,6350.704,9936.109,1083.219,-1350.64,104.689,4953.048,1158.925,11.282
2016-07-27,56563.857,23262.39,19757.991,6364.102,10215.635,1083.504,-1349.854,104.689,4962.995,1158.925,11.282
2016-07-28,56661.295,23279.841,19867.96,6334.789,10922.676,1083.789,-1349.067,104.689,4972.942,1158.925,11.282
2016-07-29,56678.054,23281.183,21420.509,6106.134,10930.705,1083.93,-1348.613,104.689,4980.364,1158.925,11.282
2016-07-30,56678.054,23281.183,21420.509,6106.134,10930.705,1083.93,-1348.613,104.689,4980.364,1158.925,11.282
2016-07-31,56678.054,23281.183,21420.509,6106.134,10930.705,1083.93,-1348.613,104.689,4980.364,1158.925,11.282
2016-08-01,56701.829,23279.342,21438.738,6126.408,10950.51,1077.46,-1347.494,104.689,5052.132,1158.925,11.282
2016-08-02,56684.132,23287.639,21621.26,6349.954,10964.454,1077.744,-1415.203,104.689,5062.184,1158.925,11.282
2016-08-03,56704.282,23305.032,21634.336,6364.613,10978.37,1078.027,-1499.898,104.689,5081.113,1158.925,11.282
2016-08-04,56724.432,23322.425,21647.413,6379.273,10992.287,1078.311,-1424.533,104.689,5091.15,1158.925,11.282
2016-08-05,56741.482,23324.097,21655.209,6388.012,11000.584,1078.456,-1424.056,104.689,5098.832,1158.925,11.282
2016-08-06,56741.482,23324.097,21655.209,6388.012,11000.584,1078.456,-1424.056,104.689,5098.832,1158.925,11.282
2016-08-07,56741.482,23324.097,21655.209,6388.012,11000.584,1078.456,-1424.056,104.689,5098.832,1158.925,11.282
2016-08-08,56764.732,23357.21,21673.566,6408.591,11020.12,1078.292,-1422.932,104.689,5111.224,1158.925,11.282
2016-08-09,56784.882,23374.603,21686.643,6423.25,11034.037,1078.572,-1422.132,104.689,5121.262,1158.925,11.282
2016-08-10,56805.032,23391.996,21699.719,6437.91,11047.954,1078.853,-1421.332,104.689,5131.299,1158.925,11.282
2016-08-11,56825.183,23409.389,21712.796,6452.569,11061.87,1107.287,-1420.531,104.689,5141.336,1158.925,11.282
2016-08-12,56842.62,23411.396,21720.843,6462.567,11070.435,1221.381,-1420.039,104.689,5149.212,1158.925,11.282
2016-08-13,56842.62,23411.396,21720.843,6462.567,11070.435,1221.381,-1420.039,104.689,5149.212,1158.925,11.282
2016-08-14,56842.62,23411.396,21720.843,6462.567,11070.435,1221.381,-1420.039,104.689,5149.212,1158.925,11.282
2016-08-15,56865.483,23444.175,21738.949,6482.873,11089.704,1222.237,-1418.931,104.689,5149.704,1158.925,11.282
2016-08-16,56885.633,23461.568,21752.026,6497.538,11103.62,1254.0,-1418.13,104.689,5159.696,1158.925,11.282
2016-08-17,56905.783,23478.96,21765.102,6512.204,11117.537,1254.501,-1417.33,104.689,5169.689,1158.925,11.282
2016-08-18,56925.933,23496.353,21778.179,6530.106,11131.454,1255.001,-1416.53,104.689,5179.682,1158.925,11.282
2016-08-19,56943.758,23498.695,21786.478,6539.395,11140.285,1255.277,-1416.022,104.689,5187.715,1158.925,11.282
2016-08-20,56943.758,23498.695,21786.478,6539.395,11140.285,1255.277,-1416.022,104.689,5187.715,1158.925,11.282
2016-08-21,56943.758,23498.695,21786.478,6539.395,11140.285,1255.277,-1416.022,104.689,5187.715,1158.925,11.282
2016-08-22,56960.561,23531.139,21804.332,6559.38,11159.287,1256.003,-1414.929,104.689,5199.667,1158.925,11.282
2016-08-23,56980.256,23548.532,21817.409,6574.017,11173.204,1256.504,-1414.129,104.689,5209.66,1158.925,11.282
2016-08-24,56999.951,23565.925,21830.485,6588.654,11187.12,1257.004,-1413.329,104.689,5219.653,1158.925,11.282
2016-08-25,57019.646,23583.318,21843.562,6603.291,11201.037,1257.505,-1412.528,104.689,5229.646,1158.925,11.282
2016-08-26,57037.448,23585.993,21852.112,6612.862,11210.136,1257.79,-1412.005,104.689,5237.871,1158.925,11.282
2016-08-27,57037.448,23585.993,21852.112,6612.862,11210.136,1257.79,-1412.005,104.689,5237.871,1158.925,11.282
2016-08-28,57037.448,23585.993,21852.112,6612.862,11210.136,1257.79,-1412.005,104.689,5237.871,1158.925,11.282
2016-08-29,57059.037,23618.103,21869.715,6632.566,11228.87,1258.507,-1410.928,104.689,5097.513,1158.925,11.282
2016-08-30,57078.732,23635.496,21882.792,6647.203,11242.787,1259.007,-1410.128,104.689,5107.718,1158.925,11.282
2016-08-31,57098.427,23652.889,21895.869,6661.84,11256.704,1259.508,-1449.824,104.689,5117.923,1158.925,11.282
2016-09-01,57118.122,23670.282,21908.945,6676.477,11270.62,1260.009,-1448.366,104.689,5078.784,1158.925,11.282
2016-09-02,57136.303,23673.292,21917.747,6686.329,11279.987,1260.304,-1447.384,104.689,5452.808,1158.925,11.282
2016-09-03,57136.303,23673.292,21917.747,6686.329,11279.987,1260.304,-1447.384,104.689,5452.808,1158.925,11.282
2016-09-04,57136.303,23673.292,21917.747,6686.329,11279.987,1260.304,-1447.384,104.689,5452.808,1158.925,11.282
2016-09-05,57157.513,23705.068,21935.098,6705.751,11298.454,1261.01,-1445.448,104.689,5461.843,1158.925,11.282
2016-09-06,57177.208,23722.461,21856.394,6719.695,11312.37,1261.511,-1443.99,104.689,5469.647,1158.925,11.282
2016-09-07,57196.903,23739.853,21869.342,6734.325,11326.287,1262.012,-1442.531,104.689,5477.45,1158.925,11.282
2016-09-08,57215.263,23757.246,21950.774,6748.954,11340.204,1262.513,-1457.38,104.689,5485.254,1158.925,11.282
2016-09-09,57233.991,23760.591,21959.896,6759.082,11349.838,1262.817,-1456.434,104.689,5491.978,1158.925,11.282
2016-09-10,57233.991,23760.591,21959.896,6759.082,11349.838,1262.817,-1456.434,104.689,5491.978,1158.925,11.282
2016-09-11,57233.991,23760.591,21959.896,6759.082,11349.838,1262.817,-1456.434,104.689,5491.978,1158.925,11.282
2016-09-12,57255.012,23792.032,21977.127,6778.212,11368.037,1263.514,-1454.648,104.689,5500.862,1158.925,11.282
2016-09-13,57274.887,23809.425,21990.304,6792.841,11381.954,1264.015,-1453.282,104.689,5508.666,1158.925,11.282
2016-09-14,57294.761,23826.818,22003.48,6807.471,11395.87,1264.516,-1451.917,104.689,5516.47,1158.925,11.282
2016-09-15,57314.635,23844.211,22016.657,6822.1,11409.787,1265.016,-1450.551,104.689,5489.942,1158.925,11.282
2016-09-16,57918.246,23847.89,21758.484,6832.509,11419.689,1265.33,-1449.579,104.689,5496.715,1158.925,11.282
2016-09-17,57918.246,23847.89,21758.484,6832.509,11419.689,1265.33,-1449.579,104.689,5496.715,1158.925,11.282
2016-09-18,57918.246,23847.89,21758.484,6832.509,11419.689,1265.33,-1449.579,104.689,5496.715,1158.925,11.282
2016-09-19,57941.484,23878.996,21777.716,6851.358,11437.62,1262.385,-1447.819,104.689,5505.321,1158.925,11.282
2016-09-20,57963.861,23896.389,21792.642,6865.987,11451.537,1262.886,-1446.454,104.689,5513.01,1158.925,11.282
2016-09-21,57986.238,23824.842,21807.569,6879.546,11465.454,1263.386,-1445.088,104.689,5520.699,1158.925,11.282
2016-09-22,58220.001,23842.287,21822.495,6894.175,11479.37,1263.887,-1443.722,104.689,5528.389,1158.925,11.282
2016-09-23,58242.146,23846.313,21715.486,6904.865,11489.54,1264.21,-1442.724,104.689,5535.309,1158.925,11.282
2016-09-24,58242.146,23846.313,21715.486,6904.865,11489.54,1264.21,-1442.724,104.689,5535.309,1158.925,11.282
2016-09-25,58242.146,23846.313,21715.486,6904.865,11489.54,1264.21,-1442.724,104.689,5535.309,1158.925,11.282
2016-09-26,57252.017,23877.177,21734.073,6923.432,11507.204,1264.888,-1440.991,104.689,5543.767,1158.925,11.282
2016-09-27,57274.171,23894.622,21748.717,6967.986,11521.12,1265.389,-1439.625,104.689,5551.457,1158.925,11.282
2016-09-28,57296.326,23912.067,21763.362,6982.753,11535.037,1265.889,-1438.259,104.689,5559.146,1158.925,11.282
2016-09-29,57318.48,23929.512,21778.006,6997.52,11548.954,1266.39,-1436.893,104.689,5566.835,1158.925,11.282
2016-09-30,57340.635,23719.74,21853.661,7037.77,11646.005,1266.723,-1377.024,104.689,5573.903,1158.925,11.282
2016-10-01,57340.635,23719.74,21853.661,7037.77,11646.005,1266.723,-1377.024,104.689,5573.903,1158.925,11.282
2016-10-02,57340.635,23719.74,21853.661,7037.77,11646.005,1266.723,-1377.024,104.689,5573.903,1158.925,11.282
2016-10-03,57362.225,23750.062,21829.877,7042.896,11633.693,1267.391,-1378.156,104.689,5582.214,1158.925,11.282
2016-10-04,57373.02,23767.389,21844.544,7057.682,11647.536,1267.891,-1376.662,104.689,5585.457,1158.925,11.282
2016-10-05,57383.815,23784.716,21859.211,7072.468,11661.38,1268.392,-1375.168,104.689,5593.133,1158.925,11.282
2016-10-06,57394.61,23802.043,21873.878,7087.254,11675.223,1268.893,-1373.673,104.689,5600.808,1158.925,11.282
2016-10-07,57394.818,23806.708,21885.16,7098.628,11685.871,1269.235,-1372.524,104.689,5608.011,1158.925,11.282
2016-10-08,57394.818,23806.708,21885.16,7098.628,11685.871,1269.235,-1372.524,104.689,5608.011,1158.925,11.282
2016-10-09,57394.818,23806.708,21885.16,7098.628,11685.871,1269.235,-1372.524,104.689,5608.011,1158.925,11.282
2016-10-10,57416.201,23836.697,21903.212,7116.827,11702.909,1269.894,-1370.685,104.689,5616.159,1158.925,11.282
2016-10-11,57426.996,23854.023,21917.878,7131.613,11716.752,1270.394,-1369.19,104.689,5623.834,1158.925,11.282
2016-10-12,57437.791,23871.35,21932.545,7146.399,11730.595,1270.895,-1367.696,104.689,5631.51,1158.925,11.282
2016-10-13,57448.586,23888.562,21947.212,7161.185,11744.438,1271.395,-1366.202,104.689,5639.185,1158.925,11.282
2016-10-14,57560.626,23893.56,21958.776,7172.844,11755.353,1271.748,-1365.023,104.689,5646.536,1158.925,11.282
2016-10-15,57560.626,23893.56,21958.776,7172.844,11755.353,1271.748,-1365.023,104.689,5646.536,1158.925,11.282
2016-10-16,57560.626,23893.56,21958.776,7172.844,11755.353,1271.748,-1365.023,104.689,5646.536,1158.925,11.282
2016-10-17,57580.929,23963.897,21976.546,7190.758,11771.226,1272.397,-1378.857,104.689,5654.536,1158.925,11.282
2016-10-18,57613.898,23981.32,21991.213,7205.544,11785.068,1272.897,-1377.363,104.689,5662.212,1158.925,11.282
2016-10-19,57622.686,23998.743,22005.879,7221.397,11798.911,1273.398,-1375.868,104.689,5669.887,1158.925,11.282
2016-10-20,57631.473,24570.839,22020.546,7236.177,11812.753,1273.898,-1374.374,104.689,5677.563,1158.925,11.282
2016-10-21,57631.98,23996.466,22032.393,7248.114,11823.934,1274.26,-1373.167,104.689,5685.061,1158.925,11.282
2016-10-22,57631.98,23996.466,22032.393,7248.114,11823.934,1274.26,-1373.167,104.689,5685.061,1158.925,11.282
2016-10-23,57631.98,23996.466,22032.393,7248.114,11823.934,1274.26,-1373.167,104.689,5685.061,1158.925,11.282
2016-10-24,57630.58,24005.772,21641.071,7189.824,11840.439,1274.899,-1371.385,104.689,5692.914,1158.925,11.282
2016-10-25,55776.692,24018.001,21654.484,7255.34,11854.281,1275.4,-1372.965,104.689,5700.589,1158.925,11.282
2016-10-26,55130.324,24030.23,21667.897,7269.88,11868.124,1275.901,-1309.361,104.689,5715.224,1158.925,11.282
2016-10-27,55074.225,24042.46,21874.238,7209.598,11924.099,1276.401,-1415.777,104.689,5722.91,1158.925,11.282
2016-10-28,55075.861,24046.458,20318.792,6293.594,11935.715,1276.773,-1429.373,104.689,5730.567,1158.925,11.282
2016-10-29,55075.861,24046.458,20318.792,6293.594,11935.715,1276.773,-1429.373,104.689,5730.567,1158.925,11.282
2016-10-30,55075.861,24046.458,20318.792,6293.594,11935.715,1276.773,-1429.373,104.689,5730.567,1158.925,11.282
2016-10-31,55116.768,24066.918,20871.616,6308.315,11952.194,1288.2,-1430.263,104.689,5772.683,1158.925,11.282
2016-11-01,55138.04,24079.148,20885.704,6320.865,11966.242,1288.704,-1431.021,104.689,5776.301,1158.925,11.282
2016-11-02,55159.311,24091.377,20899.793,6333.414,11697.49,1289.208,-1431.779,104.689,6372.339,1158.925,11.282
2016-11-03,55054.949,24103.606,20913.881,6345.964,11579.023,1289.712,-1432.538,104.689,5783.528,1158.925,11.282
2016-11-04,55056.991,24107.84,20925.802,6356.583,11394.518,1290.096,-1433.179,104.689,5783.569,1158.925,11.282
2016-11-05,55056.991,24107.84,20925.802,6356.583,11394.518,1290.096,-1433.179,104.689,5783.569,1158.925,11.282
2016-11-06,55056.991,24107.84,20925.802,6356.583,11394.518,1290.096,-1433.179,104.689,5783.569,1158.925,11.282
2016-11-07,55097.419,24128.065,20942.057,6371.063,11406.755,1290.721,-1434.054,104.689,5790.758,1158.925,11.282
2016-11-08,55118.654,24140.294,20956.146,6383.612,11417.36,1291.225,-1434.813,104.689,5794.372,1158.925,11.282
2016-11-09,55139.889,24152.524,20970.234,6396.162,11427.966,1325.04,-1328.068,104.689,5797.987,1158.925,11.282
2016-11-10,55161.124,24164.753,22821.295,6408.712,11438.571,1430.31,-1328.326,104.689,5801.602,1158.925,11.282
2016-11-11,55163.574,24106.961,22967.38,6435.514,11445.533,1740.646,-1328.548,104.689,5820.867,1158.925,11.282
2016-11-12,55163.574,24106.961,22967.38,6435.514,11445.533,1740.646,-1328.548,104.689,5820.867,1158.925,11.282
2016-11-13,55163.574,24106.961,22967.38,6435.514,11445.533,1740.646,-1328.548,104.689,5820.867,1158.925,11.282
2016-11-14,55203.594,24126.414,23007.2,6449.848,11457.518,1742.692,-1328.84,104.689,5827.62,1158.925,11.282
2016-11-15,55224.829,24201.441,23022.214,6446.36,11470.387,1744.37,-1329.097,104.689,5831.049,1158.925,11.282
2016-11-16,55246.064,24213.67,23039.243,6458.91,11480.992,1746.048,-1329.355,104.689,5834.478,1158.925,11.282
2016-11-17,55267.299,24225.9,23056.272,6471.459,11491.597,1747.726,-1329.612,104.689,5837.908,1158.925,11.282
2016-11-18,55270.157,24230.603,23071.336,6482.561,11500.979,1749.068,-1329.839,104.689,5838.079,1158.925,11.282
2016-11-19,55270.157,24230.603,23071.336,6482.561,11500.979,1749.068,-1329.839,104.689,5838.079,1158.925,11.282
2016-11-20,55270.157,24230.603,23071.336,6482.561,11500.979,1749.068,-1329.839,104.689,5838.079,1158.925,11.282
2016-11-21,55335.506,24250.358,23090.33,6496.558,11512.808,1751.082,-1331.003,104.689,5844.766,1158.925,11.282
2016-11-22,55357.26,24262.588,23107.359,6509.108,11523.413,1752.76,-1331.23,104.689,5848.196,1158.925,11.282
2016-11-23,55379.013,24274.817,23124.388,6527.852,11534.018,1754.438,-1331.457,104.689,5851.625,1158.925,11.282
2016-11-24,55400.766,24287.046,23141.417,6540.315,11544.624,1756.116,-1331.684,104.689,5855.054,1158.925,11.282
2016-11-25,55404.113,24291.985,23156.808,6551.581,11554.209,1757.49,-1331.889,104.689,5855.292,1158.925,11.282
2016-11-26,55404.113,24291.985,23156.808,6551.581,11554.209,1757.49,-1331.889,104.689,5855.292,1158.925,11.282
2016-11-27,55404.113,24291.985,23156.808,6551.581,11554.209,1757.49,-1331.889,104.689,5855.292,1158.925,11.282
2016-11-28,55444.273,24311.505,23175.474,6565.243,11565.834,1759.472,-1360.9,104.689,5861.913,1158.925,11.282
2016-11-29,55466.027,24323.734,23192.503,6577.707,11576.439,1761.15,-1361.224,104.689,5865.342,1158.925,11.282
2016-11-30,55487.78,24335.964,23209.532,6590.171,11587.045,1762.828,-1361.548,104.689,5868.771,1158.925,11.282
2016-12-01,55523.557,24348.193,23226.561,6602.635,11597.65,1764.506,-1491.317,104.689,5872.201,1158.925,11.282
2016-12-02,55527.311,24353.367,23242.28,6600.048,11607.44,1765.913,-1492.093,104.689,5872.504,1158.925,11.282
2016-12-03,55527.311,24353.367,23242.28,6600.048,11607.44,1765.913,-1492.093,104.689,5872.504,1158.925,11.282
2016-12-04,55527.311,24353.367,23242.28,6600.048,11607.44,1765.913,-1492.093,104.689,5872.504,1158.925,11.282
2016-12-05,55285.305,24372.652,23260.619,6613.352,11618.861,1767.862,-1492.998,104.689,5879.059,1158.925,11.282
2016-12-06,55308.309,24384.881,23277.648,6625.706,11629.466,1769.54,-1493.838,104.689,5882.488,1158.925,11.282
2016-12-07,55331.314,24397.11,23294.677,6638.06,11640.071,1771.217,-1494.678,104.689,5885.918,1158.925,11.282
2016-12-08,55354.318,24409.34,23311.705,6614.508,11650.676,1772.895,-1495.518,104.689,5911.635,1158.925,11.282
2016-12-09,55358.742,24414.749,23327.752,6626.184,11660.67,1774.335,-1496.31,104.689,5855.291,1158.925,11.282
2016-12-10,55358.742,24414.749,23327.752,6626.184,11660.67,1774.335,-1496.31,104.689,5855.291,1158.925,11.282
2016-12-11,55358.742,24414.749,23327.752,6626.184,11660.67,1774.335,-1496.31,104.689,5855.291,1158.925,11.282
2016-12-12,55400.327,24433.798,23345.763,6639.29,11671.887,1776.251,-1629.867,104.689,5828.722,1158.925,11.282
2016-12-13,55423.331,24446.028,23362.792,6651.681,11682.492,1777.929,-1631.128,104.689,5831.763,1158.925,11.282
2016-12-14,55446.336,24251.527,23379.821,6664.072,11693.098,1779.607,-1632.389,104.689,5834.804,1158.925,11.282
2016-12-15,55469.34,24263.669,23396.85,6676.463,11703.703,1781.285,-1633.65,104.689,5837.846,1158.925,11.282
2016-12-16,55474.207,24269.273,23413.224,6688.377,11713.9,1782.757,-1634.863,104.689,5838.232,1158.925,11.282
2016-12-17,55474.207,24269.273,23413.224,6688.377,11713.9,1782.757,-1634.863,104.689,5838.232,1158.925,11.282
2016-12-18,55474.207,24269.273,23413.224,6688.377,11713.9,1782.757,-1634.863,104.689,5838.232,1158.925,11.282
2016-12-19,55515.349,24287.954,23430.908,6701.244,11724.913,1784.641,-1636.173,104.689,5843.928,1158.925,11.282
2016-12-20,55538.354,24300.096,23447.937,6713.635,11735.519,1786.319,-1637.434,104.689,5846.97,1158.925,11.282
2016-12-21,55561.358,24305.67,23464.683,6726.026,11746.124,1787.997,-1638.695,104.689,5850.011,1158.925,11.282
2016-12-22,55584.363,24196.029,23481.752,6738.417,11756.729,1789.675,-1639.956,104.689,5853.052,1158.925,11.282
2016-12-23,55589.672,24202.285,23498.493,6750.57,11767.131,1791.179,-1641.193,104.689,5853.497,1158.925,11.282
2016-12-24,55589.672,24202.285,23498.493,6750.57,11767.131,1791.179,-1641.193,104.689,5853.497,1158.925,11.282
2016-12-25,55589.672,24202.285,23498.493,6750.57,11767.131,1791.179,-1641.193,104.689,5853.497,1158.925,11.282
2016-12-26,55630.372,24222.054,23515.891,6763.199,11777.94,1793.031,-1642.479,104.689,5859.135,1158.925,11.282
2016-12-27,55653.376,24235.066,23532.96,6775.59,11788.545,1794.709,-1555.763,104.689,5862.176,1158.925,11.282
2016-12-28,55676.381,24248.079,23550.029,6787.981,11799.15,1796.387,-1556.683,104.689,5865.218,1158.925,11.282
2016-12-29,55699.385,24261.092,23567.099,6800.372,11809.756,1798.065,-1557.604,104.689,5868.259,1158.925,11.282
2016-12-30,55705.137,24267.598,23584.168,6812.763,11820.361,1799.601,-1558.524,104.689,5868.762,1158.925,11.282
2016-12-31,55705.137,24267.598,23584.168,6812.763,11820.361,1799.601,-1558.524,104.689,5868.762,1158.925,11.282
2017-01-01,55705.137,24267.598,23584.168,6812.763,11820.361,1799.601,-1558.524,104.689,5868.762,1158.925,11.282
2017-01-02,54858.962,24141.799,23745.481,6961.854,11909.963,1801.421,-1526.339,104.689,5874.341,1158.925,11.282
2017-01-03,54786.42,24154.754,23678.335,6977.423,11927.415,1803.099,-1561.033,104.689,5877.383,1158.925,11.282
2017-01-04,54810.833,24167.709,23699.482,6992.112,11939.244,1804.777,-1562.876,104.689,5880.424,1158.925,11.282
2017-01-05,54835.246,24180.664,23720.629,7007.099,11949.364,1806.455,-1519.441,104.689,5883.465,1158.925,11.282
2017-01-06,54841.819,24187.391,23721.036,7007.387,11949.59,1828.136,-1519.405,104.689,5884.027,1158.925,11.282
2017-01-07,54841.819,24187.391,23721.036,7007.387,11949.59,1828.136,-1519.405,104.689,5884.027,1158.925,11.282
2017-01-08,54841.819,24187.391,23721.036,7007.387,11949.59,1828.136,-1519.405,104.689,5884.027,1158.925,11.282
2017-01-09,54884.072,24206.574,23762.924,7037.072,11972.925,1830.011,-1515.657,104.689,5889.548,1158.925,11.282
2017-01-10,54908.486,24100.007,23815.051,7052.059,11974.18,1831.772,-1513.765,104.689,5892.589,1158.925,11.282
2017-01-11,54932.899,24112.662,23836.621,7067.046,11985.719,1833.532,-1511.872,104.689,5895.631,1158.925,11.282
2017-01-12,54821.311,24125.318,23670.022,7082.033,11997.259,1835.293,-1509.98,104.689,5898.672,1158.925,11.282
2017-01-13,54829.132,24132.133,23670.821,7082.609,11997.703,1836.972,-1509.907,104.689,5899.292,1158.925,11.282
2017-01-14,54829.132,24132.133,23670.821,7082.609,11997.703,1836.972,-1509.907,104.689,5899.292,1158.925,11.282
2017-01-15,54829.132,24132.133,23670.821,7082.609,11997.703,1836.972,-1509.907,104.689,5899.292,1158.925,11.282
2017-01-16,54875.534,24150.629,23711.58,7112.006,12020.339,1838.813,-1506.195,104.689,5904.755,1158.925,11.282
2017-01-17,55002.689,24227.434,23732.464,7176.797,12044.357,1840.574,-1504.303,104.689,5907.796,1158.925,11.282
2017-01-18,55029.361,24239.448,23753.345,7194.398,12055.948,1842.334,-1502.411,104.689,5910.837,1158.925,11.282
2017-01-19,55079.989,24251.461,23976.43,7209.399,12067.539,1844.095,-1543.429,104.689,5913.879,1158.925,11.282
2017-01-20,55088.695,24258.161,24042.671,7192.406,12068.208,1845.808,-1543.322,104.689,5914.557,1158.925,11.282
2017-01-21,55088.695,24258.161,24042.671,7192.406,12068.208,1845.808,-1543.322,104.689,5914.557,1158.925,11.282
2017-01-22,55088.695,24258.161,24042.671,7192.406,12068.208,1845.808,-1543.322,104.689,5914.557,1158.925,11.282
2017-01-23,55250.829,24275.488,24083.573,7221.125,12090.722,1847.616,-1539.728,104.689,5919.961,1158.925,11.282
2017-01-24,55368.976,24287.501,24104.632,7235.912,12102.313,1849.376,-1537.877,104.689,5923.003,1158.925,11.282
2017-01-25,55396.92,24347.143,23923.952,7250.698,12113.904,1851.136,-1536.027,104.689,5926.044,1158.925,11.282
2017-01-26,55424.864,24359.216,23747.53,7123.044,12098.136,1852.897,-1534.176,104.689,5929.085,1158.925,11.282
2017-01-27,55434.0,25581.7,24074.461,7124.227,12332.394,1854.644,-1534.034,104.689,5929.822,1158.925,11.282
2017-01-28,55434.0,25581.7,24074.461,7124.227,12332.394,1854.644,-1534.034,104.689,5929.822,1158.925,11.282
2017-01-29,55434.0,25581.7,24074.461,7124.227,12332.394,1854.644,-1534.034,104.689,5929.822,1158.925,11.282
2017-01-30,55515.553,25733.247,24104.632,7178.05,12384.676,1913.367,-1530.475,104.689,5952.73,1158.925,11.282
2017-01-31,56407.475,25747.493,24120.321,7203.883,12398.189,1915.178,-1528.624,104.689,5955.774,1158.925,11.282
2017-02-01,58535.847,25761.739,24136.01,7219.466,10991.837,1918.127,-1644.802,104.689,5958.79,1158.925,11.282
2017-02-02,58559.357,25775.986,24151.699,7259.034,11004.722,1921.077,-1643.137,104.689,5961.834,1158.925,11.282
2017-02-03,58567.495,25784.478,24153.208,5179.635,11005.785,1874.463,-1642.976,104.689,5962.631,1158.925,11.282
2017-02-04,58567.495,25784.478,24153.208,5179.635,11005.785,1874.463,-1642.976,104.689,5962.631,1158.925,11.282
2017-02-05,58567.495,25784.478,24153.208,5179.635,11005.785,1874.463,-1642.976,104.689,5962.631,1158.925,11.282
2017-02-06,58606.377,25804.478,24183.078,5206.267,11026.845,1898.569,-1639.805,104.689,5967.923,1158.925,11.282
2017-02-07,58629.887,25842.527,24198.767,5220.256,11037.906,1900.041,-1638.139,104.689,5970.967,1158.925,11.282
2017-02-08,58653.397,25847.851,24214.456,5234.244,11048.968,1901.513,-1636.473,104.689,5974.011,1158.925,11.282
2017-02-09,58676.907,25862.356,24230.145,5248.233,11060.029,1901.993,-1634.807,104.689,5977.055,1158.925,11.282
2017-02-10,58685.497,25871.282,24231.955,5249.847,11061.306,1878.407,-1634.615,104.689,5977.91,1158.925,11.282
2017-02-11,58685.497,25871.282,24231.955,5249.847,11061.306,1878.407,-1634.615,104.689,5977.91,1158.925,11.282
2017-02-12,58685.497,25871.282,24231.955,5249.847,11061.306,1878.407,-1634.615,104.689,5977.91,1158.925,11.282
2017-02-13,58723.927,25891.366,25377.219,5276.21,11082.152,1880.221,-1631.475,104.689,5983.143,1158.925,11.282
2017-02-14,58747.437,25905.871,25393.278,5290.199,11093.214,1881.141,-1629.809,104.689,5986.188,1158.925,11.282
2017-02-15,58770.947,25920.375,25409.337,5304.187,11104.275,1882.06,-1630.196,104.689,5989.232,1158.925,11.282
2017-02-16,58819.086,25934.88,25425.396,5318.176,11115.337,1882.979,-1675.234,104.689,5992.276,1158.925,11.282
2017-02-17,58828.074,25944.085,25427.558,5320.059,11116.826,1883.022,-1675.038,104.689,5993.189,1158.925,11.282
2017-02-18,58828.074,25944.085,25427.558,5320.059,11116.826,1883.022,-1675.038,104.689,5993.189,1158.925,11.282
2017-02-19,58828.074,25944.085,25427.558,5320.059,11116.826,1883.022,-1675.038,104.689,5993.189,1158.925,11.282
2017-02-20,58865.82,25963.89,25457.515,5346.153,11137.46,1884.818,-1672.316,104.689,5998.364,1158.925,11.282
2017-02-21,58889.187,25978.395,25473.574,5360.142,11148.522,1885.737,-1637.08,104.689,6001.408,1158.925,11.282
2017-02-22,58912.554,25992.9,25478.694,5374.13,11159.583,1886.657,-1635.772,104.689,6004.453,1158.925,11.282
2017-02-23,58935.921,26007.405,25494.743,5388.119,11170.645,1909.696,-2372.006,104.689,6030.336,1158.925,11.282
2017-02-24,58945.358,26016.889,25497.212,5390.271,11172.346,1909.756,-2371.113,104.689,6035.394,1158.925,11.282
2017-02-25,58945.358,26016.889,25497.212,5390.271,11172.346,1909.756,-2371.113,104.689,6035.394,1158.925,11.282
2017-02-26,58945.358,26016.889,25497.212,5390.271,11172.346,1909.756,-2371.113,104.689,6035.394,1158.925,11.282
2017-02-27,60180.112,26036.415,25526.84,5416.096,11192.768,1911.535,-2360.401,104.689,5684.148,1158.925,11.282
2017-02-28,59958.53,25986.836,26659.072,5513.73,10948.7,1957.092,-2639.074,104.689,5529.364,1158.925,11.282
2017-03-01,59989.518,26001.162,27240.026,5527.972,10958.534,1958.087,-2637.056,104.689,5522.654,1158.925,11.282
2017-03-02,60020.506,26015.488,27252.823,5542.214,10968.368,1959.083,-2635.038,104.689,5727.594,1158.925,11.282
2017-03-03,60033.617,26025.13,27294.044,5544.679,10970.07,1959.167,-2634.689,104.689,5729.175,1158.925,11.282
2017-03-04,60033.617,26025.13,27294.044,5544.679,10970.07,1959.167,-2634.689,104.689,5729.175,1158.925,11.282
2017-03-05,60033.617,26025.13,27294.044,5544.679,10970.07,1959.167,-2634.689,104.689,5729.175,1158.925,11.282
2017-03-06,60082.483,26044.14,27317.327,5570.698,10988.035,1961.073,-2631.003,104.689,5736.939,1158.925,11.282
2017-03-07,60113.471,26058.466,27290.521,5584.939,10997.869,1962.069,-2613.803,104.689,5741.611,1158.925,11.282
2017-03-08,60144.459,25952.837,27303.451,5599.181,11007.703,1963.064,-2512.473,104.689,5746.283,1158.925,11.282
2017-03-09,60175.447,25966.753,27316.381,5613.423,11017.537,1964.059,-2509.391,104.689,5750.956,1158.925,11.282
2017-03-10,60189.153,25976.388,27318.867,5616.162,11019.428,1964.163,-2508.798,104.689,5752.627,1158.925,11.282
2017-03-11,60189.153,25976.388,27318.867,5616.162,11019.428,1964.163,-2508.798,104.689,5752.627,1158.925,11.282
2017-03-12,60189.153,25976.388,27318.867,5616.162,11019.428,1964.163,-2508.798,104.689,5752.627,1158.925,11.282
2017-03-13,60237.423,25994.586,27342.24,5641.907,11037.205,1966.05,-2503.227,104.689,5760.3,1158.925,11.282
2017-03-14,60268.411,26008.502,27355.17,5656.148,11047.039,1967.045,-2524.46,104.689,5764.973,1158.925,11.282
2017-03-15,60299.399,26022.418,27368.1,5670.39,11056.873,1968.041,-2706.479,104.689,5769.645,1158.925,11.282
2017-03-16,60258.827,26037.538,27381.03,5684.632,11066.707,1969.036,-2703.183,104.689,5774.318,1158.925,11.282
2017-03-17,60272.322,26047.428,27383.765,5687.645,11155.762,1969.158,-2519.14,104.689,5776.079,1158.925,11.282
2017-03-18,60272.322,26047.428,27383.765,5687.645,11155.762,1969.158,-2519.14,104.689,5776.079,1158.925,11.282
2017-03-19,60272.322,26047.428,27383.765,5687.645,11155.762,1969.158,-2519.14,104.689,5776.079,1158.925,11.282
2017-03-20,60316.479,26065.338,27406.889,5713.116,11174.068,1971.027,-2848.299,104.689,5783.662,1158.925,11.282
2017-03-21,60202.712,26079.238,27419.819,5727.357,11184.303,1972.022,-2842.891,104.689,5788.335,1158.925,11.282
2017-03-22,60232.224,26093.139,27432.749,5741.599,11194.539,1973.017,-2837.483,104.689,5793.007,1158.925,11.282
2017-03-23,60261.735,26107.039,27445.679,5755.841,11204.774,1974.013,-2832.074,104.689,5797.679,1158.925,11.282
2017-03-24,60251.674,26117.197,27448.663,5759.128,11207.136,1974.154,-2830.826,104.689,5799.53,1158.925,11.282
2017-03-25,60251.674,26117.197,27448.663,5759.128,11207.136,1974.154,-2830.826,104.689,5799.53,1158.925,11.282
2017-03-26,60251.674,26117.197,27448.663,5759.128,11207.136,1974.154,-2830.826,104.689,5799.53,1158.925,11.282
2017-03-27,60257.704,26134.84,27556.547,5770.2,11225.245,1976.003,-2821.258,104.689,5807.024,1158.925,11.282
2017-03-28,60286.775,26148.74,27570.501,5784.347,11235.48,1976.999,-2815.85,104.689,5811.696,1158.925,11.282
2017-03-29,60315.846,26162.64,27584.454,5798.495,11245.716,1977.994,-2810.442,104.689,5816.369,1158.925,11.282
2017-03-30,62875.932,26176.541,27598.408,5812.642,11255.951,1953.31,-2805.033,104.689,6474.3,1158.925,11.282
2017-03-31,62892.213,26048.846,27696.163,5787.854,11316.961,1953.457,-2783.992,104.689,6476.114,1158.925,11.282
2017-04-01,62892.213,26048.846,27696.163,5787.854,11316.961,1953.457,-2783.992,104.689,6476.114,1158.925,11.282
2017-04-02,62892.213,26048.846,27696.163,5787.854,11316.961,1953.457,-2783.992,104.689,6476.114,1158.925,11.282
2017-04-03,61986.85,26066.142,27720.661,5812.546,11334.946,1955.131,-2531.29,104.689,6483.034,1158.925,11.282
2017-04-04,62018.104,26079.979,27734.66,5821.721,11345.223,1956.042,-2524.85,104.689,6487.4,1158.925,11.282
2017-04-05,62049.358,26093.816,27748.659,5835.822,11355.501,1956.952,-2518.409,104.689,6491.767,1158.925,11.282
2017-04-06,62080.612,26107.652,27724.875,5849.924,11365.778,1957.863,-2511.969,104.689,6496.133,1158.925,11.282
2017-04-07,62096.84,26118.296,27728.658,5853.72,11368.545,1958.027,-2510.235,104.689,6498.031,1158.925,11.282
2017-04-08,62096.84,26118.296,27728.658,5853.72,11368.545,1958.027,-2510.235,104.689,6498.031,1158.925,11.282
2017-04-09,62096.84,26118.296,27728.658,5853.72,11368.545,1958.027,-2510.235,104.689,6498.031,1158.925,11.282
2017-04-10,62143.121,26135.326,27752.979,5878.126,11386.333,1959.684,-2509.54,104.689,6504.867,1158.925,11.282
2017-04-11,62174.375,26149.163,27767.031,5892.228,11396.61,1960.595,-2502.912,104.689,6509.233,1158.925,11.282
2017-04-12,62205.629,26163.0,27781.083,5906.329,11406.888,1961.505,-2496.284,104.689,6513.6,1158.925,11.282
2017-04-13,62370.841,26176.837,27795.136,5920.43,11426.341,1962.416,-2489.655,104.689,6517.966,1158.925,11.282
2017-04-14,62387.513,26187.746,27799.189,5924.498,11429.348,1962.598,-2487.743,104.689,6519.948,1158.925,11.282
2017-04-15,62387.513,26187.746,27799.189,5924.498,11429.348,1962.598,-2487.743,104.689,6519.948,1158.925,11.282
2017-04-16,62387.513,26187.746,27799.189,5924.498,11429.348,1962.598,-2487.743,104.689,6519.948,1158.925,11.282
2017-04-17,62432.765,26204.51,26313.405,5948.633,11447.19,1964.237,-2476.399,104.689,6526.7,1158.925,11.282
2017-04-18,62463.726,26218.347,25150.573,5962.734,11457.615,1965.147,-2469.77,104.689,6531.066,1158.925,11.282
2017-04-19,62494.688,26232.184,25060.464,5976.835,11468.039,1966.058,-2463.142,104.689,6535.433,1158.925,11.282
2017-04-20,62525.65,26275.185,25073.103,5990.937,11511.794,1966.969,-2456.514,104.689,6539.799,1158.925,11.282
2017-04-21,62542.917,26285.899,23601.319,5962.511,11511.208,1967.168,-2490.848,104.689,6541.865,1158.925,11.282
2017-04-22,62542.917,26285.899,23601.319,5962.511,11511.208,1967.168,-2490.848,104.689,6541.865,1158.925,11.282
2017-04-23,62542.917,26285.899,23601.319,5962.511,11511.208,1967.168,-2490.848,104.689,6541.865,1158.925,11.282
2017-04-24,62587.574,26301.715,20179.181,6062.593,11528.867,1968.79,-2480.247,104.689,6548.533,1158.925,11.282
2017-04-25,62775.278,25283.382,20188.913,6076.861,11539.302,1969.7,-2608.987,104.689,6552.899,1158.925,11.282
2017-04-26,62807.299,25295.285,20198.645,6091.13,11549.737,1970.611,-2602.006,104.689,6557.266,1158.925,11.282
2017-04-27,62929.549,25249.024,20197.977,6113.601,11560.172,1971.522,-2595.024,104.689,6561.632,1158.925,11.282
2017-04-28,62948.196,25941.039,19810.57,7379.192,11563.583,1971.739,-2592.741,104.689,6563.782,1158.925,11.282
2017-04-29,62948.196,25941.039,19810.57,7379.192,11563.583,1971.739,-2592.741,104.689,6563.782,1158.925,11.282
2017-04-30,62948.196,25941.039,19810.57,7379.192,11563.583,1971.739,-2592.741,104.689,6563.782,1158.925,11.282
2017-05-01,63037.84,26177.351,19827.64,7329.671,11561.901,2127.311,-2573.203,104.689,6645.833,1158.925,11.282
2017-05-02,64097.137,26187.408,19837.842,7261.705,11636.092,2128.287,-2458.432,104.689,6650.281,1158.925,11.282
2017-05-03,65347.351,26197.851,19848.045,7276.308,11651.178,2129.263,-2433.794,104.689,6654.562,1158.925,11.282
2017-05-04,65372.142,26359.272,20206.409,7266.043,11545.829,2130.24,-2371.403,104.689,6658.954,1158.925,11.282
2017-05-05,65313.284,26368.66,20210.216,7271.102,11549.588,2130.491,-2369.176,104.689,6661.201,1158.925,11.282
2017-05-06,65313.284,26368.66,20210.216,7271.102,11549.588,2130.491,-2369.176,104.689,6661.201,1158.925,11.282
2017-05-07,65313.284,26368.66,20210.216,7271.102,11549.588,2130.491,-2369.176,104.689,6661.201,1158.925,11.282
2017-05-08,65457.56,26381.461,20228.404,7295.272,11581.182,2084.832,-2378.162,104.689,6667.739,1158.925,11.282
2017-05-09,65482.545,26392.555,20239.401,7309.887,11592.118,2109.4,-2371.72,104.689,6672.131,1158.925,11.282
2017-05-10,65507.53,26403.65,20250.399,7324.502,11603.054,2020.911,-2345.673,104.689,6676.523,1158.925,11.282
2017-05-11,65532.515,26388.106,20261.396,7339.116,11613.991,2016.449,-2339.241,104.689,6680.915,1158.925,11.282
2017-05-12,65957.914,26397.604,20265.414,7344.456,11617.987,2016.821,-2336.89,104.689,6683.247,1158.925,11.282
2017-05-13,65957.914,26397.604,20265.414,7344.456,11617.987,2016.821,-2336.89,104.689,6683.247,1158.925,11.282
2017-05-14,65957.914,26397.604,20265.414,7344.456,11617.987,2016.821,-2336.89,104.689,6683.247,1158.925,11.282
2017-05-15,65995.502,26410.058,20283.391,7368.345,11635.864,2019.137,-2326.376,104.689,6689.7,1158.925,11.282
2017-05-16,66022.65,26372.768,20294.388,7382.96,11646.8,2020.482,-2319.943,104.689,6694.092,1158.925,11.282
2017-05-17,66049.797,26383.532,20305.386,7397.574,11657.736,2021.826,-2313.511,104.689,6698.121,1158.925,11.282
2017-05-18,66076.945,26393.132,20293.33,7412.189,11668.673,2023.255,-2307.078,104.689,6702.511,1158.925,11.282
2017-05-19,66094.173,26402.688,20297.614,7417.81,11672.879,2023.652,-2283.091,104.689,6704.925,1158.925,11.282
2017-05-20,66094.173,26402.688,20297.614,7417.81,11672.879,2023.652,-2283.091,104.689,6704.925,1158.925,11.282
2017-05-21,66094.173,26402.688,20297.614,7417.81,11672.879,2023.652,-2283.091,104.689,6704.925,1158.925,11.282
2017-05-22,66131.239,26414.736,20315.611,7441.418,11690.545,2025.94,-2272.354,104.689,6711.29,1158.925,11.282
2017-05-23,66078.529,26425.537,20326.751,7456.033,11701.482,2027.282,-2265.707,104.689,6715.68,1158.925,11.282
2017-05-24,66106.449,26436.339,20435.548,7470.647,11728.067,2028.625,-2259.06,104.689,6720.07,1158.925,11.282
2017-05-25,66134.369,26447.141,20446.807,7528.393,11738.969,2029.967,-2252.413,104.689,6724.459,1158.925,11.282
2017-05-26,66152.624,26456.904,20451.354,7534.37,11743.372,2030.391,-2249.729,104.689,6726.958,1158.925,11.282
2017-05-27,66152.624,26456.904,20451.354,7534.37,11743.372,2030.391,-2249.729,104.689,6726.958,1158.925,11.282
2017-05-28,66152.624,26456.904,20451.354,7534.37,11743.372,2030.391,-2249.729,104.689,6726.958,1158.925,11.282
2017-05-29,66190.209,26468.745,20469.325,7557.994,11760.774,2032.652,-2239.119,104.689,6733.239,1158.925,11.282
2017-05-30,66218.129,26479.546,20480.584,7572.795,11771.676,2033.995,-2232.473,104.689,6737.628,1158.925,11.282
2017-05-31,66246.049,26490.348,20491.842,7587.595,11782.578,2035.337,-2225.826,104.689,6781.608,1158.925,11.282
2017-06-01,66273.969,26501.15,20503.101,7602.396,11793.48,2036.68,-2219.179,104.689,6921.558,1158.925,11.282
2017-06-02,66292.762,26511.121,20507.865,7608.658,11798.093,2037.129,-2216.367,104.689,7224.72,1158.925,11.282
2017-06-03,66292.762,26511.121,20507.865,7608.658,11798.093,2037.129,-2216.367,104.689,7224.72,1158.925,11.282
2017-06-04,66292.762,26511.121,20507.865,7608.658,11798.093,2037.129,-2216.367,104.689,7224.72,1158.925,11.282
2017-06-05,66414.383,26328.002,20525.619,7631.997,11815.285,2039.365,-2205.885,104.689,7232.196,1158.925,11.282
2017-06-06,66447.269,26338.394,20536.878,7646.797,11826.187,2040.708,-2199.239,104.689,7235.934,1158.925,11.282
2017-06-07,66480.154,26348.977,20548.136,7661.598,11837.089,2042.05,-2192.592,104.689,7239.671,1158.925,11.282
2017-06-08,66513.04,26359.358,20559.395,7676.398,11847.776,2043.393,-2185.945,104.689,7243.409,1158.925,11.282
2017-06-09,66535.807,26369.139,20564.375,7682.945,11852.598,2043.868,-2183.005,104.689,7245.68,1158.925,11.282
2017-06-10,66535.807,26369.139,20564.375,7682.945,11852.598,2043.868,-2183.005,104.689,7245.68,1158.925,11.282
2017-06-11,66535.807,26369.139,20564.375,7682.945,11852.598,2043.868,-2183.005,104.689,7245.68,1158.925,11.282
2017-06-12,66578.811,26380.119,20581.913,7705.999,11869.58,2046.078,-2188.37,104.689,7250.884,1158.925,11.282
2017-06-13,66611.697,26390.5,20593.172,7720.8,11880.482,2047.42,-2181.836,104.689,7254.622,1158.925,11.282
2017-06-14,66644.582,26400.88,20604.431,7735.6,11891.384,2048.763,-2175.303,104.689,7258.359,1158.925,11.282
2017-06-15,66677.468,26411.261,20615.689,7770.834,11902.286,2050.105,-2168.77,104.689,7287.502,1158.925,11.282
2017-06-16,66700.867,26421.242,20620.886,7777.599,11907.318,2050.606,-2165.755,104.689,7289.952,1158.925,11.282
2017-06-17,66700.867,26421.242,20620.886,7777.599,11907.318,2050.606,-2165.755,104.689,7289.952,1158.925,11.282
2017-06-18,66700.867,26421.242,20620.886,7777.599,11907.318,2050.606,-2165.755,104.689,7289.952,1158.925,11.282
2017-06-19,66640.504,26432.022,20638.207,7769.9,11924.09,2052.79,-2155.704,104.689,7295.318,1158.925,11.282
2017-06-20,66672.789,26442.403,20649.466,7784.308,11934.992,2054.133,-2149.171,104.689,7299.225,1158.925,11.282
2017-06-21,66705.073,26452.783,20660.725,7798.715,11945.894,2055.475,-2142.638,104.689,7303.133,1158.925,11.282
2017-06-22,66737.358,26463.164,20671.983,7813.123,11956.796,2056.818,-2136.105,104.689,7307.041,1158.925,11.282
2017-06-23,66760.95,26473.345,20677.396,7820.05,11962.037,2057.345,-2132.964,104.689,7309.566,1158.925,11.282
2017-06-24,66760.95,26473.345,20677.396,7820.05,11962.037,2057.345,-2132.964,104.689,7309.566,1158.925,11.282
2017-06-25,66760.95,26473.345,20677.396,7820.05,11962.037,2057.345,-2132.964,104.689,7309.566,1158.925,11.282
2017-06-26,66801.927,26483.925,20694.501,7868.221,11978.6,2059.503,-2123.038,104.689,7314.857,1158.925,11.282
2017-06-27,67105.621,26438.037,20705.76,7882.624,11989.502,2060.846,-2116.505,104.689,7318.765,1158.925,11.282
2017-06-28,67133.914,26448.2,20717.019,7897.027,12000.404,2062.188,-2109.972,104.689,7322.673,1158.925,11.282
2017-06-29,67162.208,26458.362,20728.278,7911.43,12011.306,2063.531,-2103.439,104.689,7326.581,1158.925,11.282
2017-06-30,67183.428,26421.235,20753.057,7987.231,12078.407,2064.083,-2083.593,104.689,7329.181,1158.925,11.282
2017-07-01,67183.428,26421.235,20753.057,7987.231,12078.407,2064.083,-2083.593,104.689,7329.181,1158.925,11.282
2017-07-02,67183.428,26421.235,20753.057,7987.231,12078.407,2064.083,-2083.593,104.689,7329.181,1158.925,11.282
2017-07-03,66741.309,26451.501,20769.96,7916.022,12094.833,2066.216,-2073.658,104.689,7334.397,1158.925,11.282
2017-07-04,66769.412,26466.634,20781.228,7930.192,12105.784,2067.558,-2067.035,104.689,7338.305,1158.925,11.282
2017-07-05,66833.168,26481.767,20792.497,7944.363,12116.735,2068.901,-2117.875,104.689,7342.213,1158.925,11.282
2017-07-06,66861.005,26496.9,20794.274,7958.533,12378.998,2070.243,-2111.392,104.689,7346.121,1158.925,11.282
2017-07-07,66882.418,26339.24,20809.617,7965.891,12133.372,2070.822,-2108.026,104.689,7348.796,1158.925,11.282
2017-07-08,66882.418,26339.24,20809.617,7965.891,12133.372,2070.822,-2108.026,104.689,7348.796,1158.925,11.282
2017-07-09,66882.418,26339.24,20809.617,7965.891,12133.372,2070.822,-2108.026,104.689,7348.796,1158.925,11.282
2017-07-10,67039.614,26370.437,20826.929,7986.874,12149.587,2071.96,-2086.035,104.689,7353.937,1158.925,11.282
2017-07-11,67067.796,26386.187,20838.186,8001.044,12160.538,2073.298,-2079.552,104.689,7357.845,1158.925,11.282
2017-07-12,67323.606,26401.937,20849.443,8015.215,12171.31,2073.68,-2073.069,104.689,7361.753,1158.925,11.282
2017-07-13,67362.377,26417.687,20860.7,8029.385,12182.259,2075.011,-2066.586,104.689,7365.66,1158.925,11.282
2017-07-14,67392.946,26418.293,20866.762,8085.66,12184.448,2075.61,-2063.095,104.689,7368.411,1158.925,11.282
2017-07-15,67392.946,26418.293,20866.762,8085.66,12184.448,2075.61,-2063.095,104.689,7368.411,1158.925,11.282
2017-07-16,67392.946,26418.293,20866.762,8085.66,12184.448,2075.61,-2063.095,104.689,7368.411,1158.925,11.282
2017-07-17,67376.861,26423.064,19621.251,8015.52,12200.428,2077.673,-2053.62,104.689,7373.476,1158.925,11.282
2017-07-18,67420.647,26438.919,19688.951,8029.349,12211.567,2079.004,-2047.137,104.689,7377.384,1158.925,11.282
2017-07-19,67377.915,26454.774,19710.905,8043.177,12222.503,2080.335,-2116.452,104.689,7381.292,1158.925,11.282
2017-07-20,67616.027,28662.685,19732.858,7991.454,12233.438,2081.666,-2100.327,104.689,7385.2,1158.925,11.282
2017-07-21,67535.389,31606.265,19745.102,7999.017,12241.859,2082.291,-2096.862,104.689,7388.026,1158.925,11.282
2017-07-22,67535.389,31606.265,19745.102,7999.017,12241.859,2082.291,-2096.862,104.689,7388.026,1158.925,11.282
2017-07-23,67535.389,31606.265,19745.102,7999.017,12241.859,2082.291,-2096.862,104.689,7388.026,1158.925,11.282
2017-07-24,67586.814,31576.584,19782.195,8018.577,12258.037,2084.328,-2087.902,104.689,7393.016,1158.925,11.282
2017-07-25,67629.944,31990.377,19553.795,7993.249,12269.254,2086.256,-2081.689,104.689,7396.924,1158.925,11.282
2017-07-26,67673.075,32002.486,19572.593,8038.64,12805.44,2087.583,-2083.984,104.689,7400.832,1158.925,11.282
2017-07-27,67716.205,32014.594,19591.39,7918.373,14099.354,2088.909,-2077.605,104.689,7404.74,1158.925,11.282
2017-07-28,67751.871,32015.526,19602.234,6339.595,14105.878,2089.557,-2074.012,104.689,7407.641,1158.925,11.282
2017-07-29,67751.871,32015.526,19602.234,6339.595,14105.878,2089.557,-2074.012,104.689,7407.641,1158.925,11.282
2017-07-30,67751.871,32015.526,19602.234,6339.595,14105.878,2089.557,-2074.012,104.689,7407.641,1158.925,11.282
2017-07-31,67802.467,31886.813,19628.984,6401.786,14121.972,2111.245,-2071.231,104.689,7494.377,1158.925,11.282
2017-08-01,65807.553,31898.659,19647.781,6415.566,14133.281,2112.583,-2065.117,104.689,7498.31,1158.925,11.282
2017-08-02,67045.357,31910.504,19715.955,6429.347,14144.59,2113.922,-2141.945,104.689,7502.016,1158.925,11.282
2017-08-03,67104.532,31922.35,19735.007,6443.127,14155.899,2115.26,-2291.013,104.689,7505.947,1158.925,11.282
2017-08-04,67147.815,32076.301,19746.365,6406.955,14162.641,2115.939,-2286.62,104.689,7508.941,1158.925,11.282
2017-08-05,67147.815,32076.301,19746.365,6406.955,14162.641,2115.939,-2286.62,104.689,7508.941,1158.925,11.282
2017-08-06,67147.815,32076.301,19746.365,6406.955,14162.641,2115.939,-2286.62,104.689,7508.941,1158.925,11.282
2017-08-07,67215.43,29299.563,19773.112,6426.175,14179.829,2070.176,-2276.274,104.689,7513.81,1158.925,11.282
2017-08-08,67274.03,29305.0,19792.164,6439.865,14191.125,2071.514,-2268.905,104.689,7517.741,1158.925,11.282
2017-08-09,67332.63,29523.023,19811.216,6453.555,14202.422,2072.852,-2261.536,104.689,7521.672,1158.925,11.282
2017-08-10,67391.23,29528.987,19830.268,6467.245,14213.718,2127.464,-2254.167,104.689,7525.604,1158.925,11.282
2017-08-11,67441.941,29529.676,19841.992,6475.67,14220.67,2349.941,-2249.632,104.689,7528.673,1158.925,11.282
2017-08-12,67441.941,29529.676,19841.992,6475.67,14220.67,2349.941,-2249.632,104.689,7528.673,1158.925,11.282
2017-08-13,67441.941,29529.676,19841.992,6475.67,14220.67,2349.941,-2249.632,104.689,7528.673,1158.925,11.282
2017-08-14,67508.43,29540.916,19978.134,6416.287,14248.051,2435.965,-2239.428,104.689,7533.466,1158.925,11.282
2017-08-15,67567.03,29546.881,19906.03,6429.743,14272.267,2437.187,-2260.46,104.689,7537.398,1158.925,11.282
2017-08-16,67625.63,29552.845,19924.987,6443.199,14283.75,2438.41,-2253.232,104.689,7541.329,1158.925,11.282
2017-08-17,67684.23,29141.076,19943.943,6456.655,14295.232,2439.632,-2246.004,104.689,7545.26,1158.925,11.282
2017-08-18,67736.068,29139.738,19955.974,6465.194,14302.519,2440.299,-2241.417,104.689,7548.405,1158.925,11.282
2017-08-19,67736.068,29139.738,19955.974,6465.194,14302.519,2440.299,-2241.417,104.689,7548.405,1158.925,11.282
2017-08-20,67736.068,29139.738,19955.974,6465.194,14302.519,2440.299,-2241.417,104.689,7548.405,1158.925,11.282
2017-08-21,67801.429,29121.199,19981.857,6483.566,14318.197,2652.879,-2231.549,104.689,7542.783,1158.925,11.282
2017-08-22,67860.029,29111.261,20000.813,6497.022,14329.679,2655.565,-2224.321,104.689,7546.264,1158.925,11.282
2017-08-23,67918.629,29101.322,20019.77,6510.477,14341.161,2658.252,-2217.093,104.689,7550.102,1158.925,11.282
2017-08-24,67977.229,29091.384,20038.727,6523.933,14352.643,2660.938,-2209.865,104.689,7614.467,1158.925,11.282
2017-08-25,68030.194,29089.855,20051.121,6532.731,14360.151,2662.456,-2205.139,104.689,7745.329,1158.925,11.282
2017-08-26,68030.194,29089.855,20051.121,6532.731,14360.151,2662.456,-2205.139,104.689,7745.329,1158.925,11.282
2017-08-27,68030.194,29089.855,20051.121,6532.731,14360.151,2662.456,-2205.139,104.689,7745.329,1158.925,11.282
2017-08-28,68094.429,29071.506,20076.64,6418.816,14375.608,2666.31,-2195.41,104.689,7751.371,1158.925,11.282
2017-08-29,68153.029,29063.66,20095.597,6431.504,14387.09,2668.996,-2188.182,104.689,7756.488,1158.925,11.282
2017-08-30,68211.629,29053.958,20114.553,6444.192,14398.572,2671.683,-2180.954,104.689,7761.605,1158.925,11.282
2017-08-31,68270.229,29044.256,20133.51,6456.88,14410.055,2674.369,-2173.726,104.689,7766.722,1158.925,11.282
2017-09-01,68324.321,24863.866,20146.269,6309.655,14417.783,2675.939,-2168.861,104.689,7771.012,1158.925,11.282
2017-09-02,68324.321,24863.866,20146.269,6309.655,14417.783,2675.939,-2168.861,104.689,7771.012,1158.925,11.282
2017-09-03,68324.321,24863.866,20146.269,6309.655,14417.783,2675.939,-2168.861,104.689,7771.012,1158.925,11.282
2017-09-04,68387.428,24881.512,20171.423,6326.737,14433.019,2679.741,-2159.271,104.689,7776.956,1158.925,11.282
2017-09-05,68446.028,24891.172,20190.38,6339.609,14444.501,2682.427,-1986.062,104.689,7782.073,1158.925,11.282
2017-09-06,68504.628,24901.571,20209.337,6483.558,14455.984,2685.113,-1980.087,104.689,7787.19,1158.925,11.282
2017-09-07,68563.228,24911.222,20228.293,6496.797,14467.466,2687.8,-1974.113,104.689,7797.174,1158.925,11.282
2017-09-08,68618.447,24913.078,20241.417,6505.962,14475.415,2689.422,-1969.977,104.689,7801.441,1158.925,11.282
2017-09-09,68618.447,24913.078,20241.417,6505.962,14475.415,2689.422,-1969.977,104.689,7801.441,1158.925,11.282
2017-09-10,68618.447,24913.078,20241.417,6505.962,14475.415,2689.422,-1969.977,104.689,7801.441,1158.925,11.282
2017-09-11,68680.428,24924.637,20266.207,6523.273,14490.43,2693.172,-1962.164,104.689,7807.125,1158.925,11.282
2017-09-12,71282.124,24934.525,20285.163,6536.511,14501.913,2695.858,-1956.19,104.689,7812.101,1158.925,11.282
2017-09-13,71352.959,25131.872,20304.12,6549.75,14513.395,2698.544,-1950.215,104.689,7817.077,1158.925,11.282
2017-09-14,71408.929,28817.559,20323.077,6562.988,14524.877,2701.231,-1944.241,104.689,7822.052,1158.925,11.282
2017-09-15,71477.006,28819.65,20336.565,6572.408,14533.047,2702.904,-1939.99,104.689,7826.416,1158.925,11.282
2017-09-16,71477.006,28819.65,20336.565,6572.408,14533.047,2702.904,-1939.99,104.689,7826.416,1158.925,11.282
2017-09-17,71477.006,28819.65,20336.565,6572.408,14533.047,2702.904,-1939.99,104.689,7826.416,1158.925,11.282
2017-09-18,71550.529,28837.335,20360.99,6589.465,14547.842,2724.353,-1932.292,104.689,7832.004,1158.925,11.282
2017-09-19,71621.329,28880.639,20379.947,6602.703,14559.324,2726.856,-1898.636,104.689,7836.979,1158.925,11.282
2017-09-20,71692.13,27910.598,20398.903,6615.941,14570.806,2746.743,-1892.416,104.689,7841.955,1158.925,11.282
2017-09-21,71762.93,27919.504,20417.86,6629.18,14582.289,2749.063,-1886.197,104.689,7846.931,1158.925,11.282
2017-09-22,71832.368,27921.56,20431.713,6638.854,14590.679,2750.554,-1881.652,104.689,7851.39,1158.925,11.282
2017-09-23,71832.368,27921.56,20431.713,6638.854,14590.679,2750.554,-1881.652,104.689,7851.39,1158.925,11.282
2017-09-24,71832.368,27921.56,20431.713,6638.854,14590.679,2750.554,-1881.652,104.689,7851.39,1158.925,11.282
2017-09-25,71904.53,27937.317,20455.773,6655.656,14605.253,2753.704,-1873.758,104.689,7856.882,1158.925,11.282
2017-09-26,71975.33,27946.223,20474.73,6668.895,14616.735,2756.024,-1867.538,104.689,7870.652,1158.925,11.282
2017-09-27,67856.222,27955.13,20493.687,6682.133,14626.114,2758.344,-1861.319,104.689,7875.709,1158.925,11.282
2017-09-28,67912.77,27964.036,20512.643,6695.371,14685.551,2760.665,-1855.099,104.689,7880.765,1158.925,11.282
2017-09-29,67870.547,27966.263,20517.361,6705.3,14694.169,2762.199,-1850.434,104.689,7885.393,1158.925,11.282
2017-09-30,67870.547,27966.263,20517.361,6705.3,14694.169,2762.199,-1850.434,104.689,7885.393,1158.925,11.282
2017-10-01,67870.547,27966.263,20517.361,6705.3,14694.169,2762.199,-1850.434,104.689,7885.393,1158.925,11.282
2017-10-02,67131.432,27948.071,20614.896,6791.646,14739.843,2766.81,-1824.061,104.689,7890.878,1158.925,11.282
2017-10-03,67123.501,27956.966,20633.859,6804.962,14751.357,2769.137,-1854.851,104.689,7895.934,1158.925,11.282
2017-10-04,67115.571,27979.079,20652.821,6818.279,14762.871,2771.465,-1848.637,104.689,7900.99,1158.925,11.282
2017-10-05,67107.64,27988.165,20671.784,6831.595,14774.385,2530.875,-1842.424,104.689,7906.046,1158.925,11.282
2017-10-06,67107.488,27990.612,20686.37,6841.838,14783.242,2531.525,-1837.645,104.689,7910.772,1158.925,11.282
2017-10-07,67107.488,27990.612,20686.37,6841.838,14783.242,2531.525,-1837.645,104.689,7910.772,1158.925,11.282
2017-10-08,67107.488,27990.612,20686.37,6841.838,14783.242,2531.525,-1837.645,104.689,7910.772,1158.925,11.282
2017-10-09,67091.779,28006.338,20709.709,6858.228,14797.414,2532.785,-1829.998,104.689,7916.159,1158.925,11.282
2017-10-10,67083.849,28015.424,20728.671,6871.544,14808.928,2533.74,-1823.784,104.689,7921.215,1158.925,11.282
2017-10-11,67075.918,28024.511,20747.634,6871.544,14820.442,2534.695,-1817.571,104.689,7926.272,1158.925,11.282
2017-10-12,67067.988,28033.597,20417.4,6871.544,14809.277,2535.65,-1811.358,104.689,7931.328,1158.925,11.282
2017-10-13,67157.488,28036.218,20427.885,6871.544,14818.224,2536.319,-1806.459,104.689,7936.151,1158.925,11.282
2017-10-14,67157.488,28036.218,20427.885,6871.544,14818.224,2536.319,-1806.459,104.689,7936.151,1158.925,11.282
2017-10-15,67157.488,28036.218,20427.885,6871.544,14818.224,2536.319,-1806.459,104.689,7936.151,1158.925,11.282
2017-10-16,67141.23,25211.849,20423.306,6871.544,14831.972,2537.56,-1798.931,104.689,7941.441,1158.925,11.282
2017-10-17,67132.942,25219.351,20436.56,6871.544,14843.319,2538.515,-1792.718,104.689,7946.497,1158.925,11.282
2017-10-18,67124.653,25226.852,20436.47,6871.544,14854.666,2539.47,-1786.505,104.689,7974.508,1158.925,11.282
2017-10-19,67116.365,25234.354,20449.619,6871.544,14866.014,2540.425,-1821.876,104.689,7979.656,1158.925,11.282
2017-10-20,67050.868,25235.154,20460.24,6871.544,14875.179,2541.112,-1820.831,104.689,7984.665,1158.925,11.282
2017-10-21,67050.868,25235.154,20460.24,6871.544,14875.179,2541.112,-1820.831,104.689,7984.665,1158.925,11.282
2017-10-22,67050.868,25235.154,20460.24,6871.544,14875.179,2541.112,-1820.831,104.689,7984.665,1158.925,11.282
2017-10-23,67035.283,25247.817,20475.918,6871.544,14888.708,2556.295,-1813.338,104.689,7989.951,1158.925,11.282
2017-10-24,67040.649,25255.3,20489.067,6871.544,14900.056,2557.304,-1807.054,104.689,7993.355,1158.925,11.282
2017-10-25,67216.838,25262.783,20502.217,6871.544,14923.019,2558.313,-1800.77,104.689,7998.104,1158.925,11.282
2017-10-26,67209.052,25321.066,20588.455,6871.544,14934.366,2559.322,-1794.485,104.689,8003.343,1158.925,11.282
2017-10-27,67208.453,29712.715,21623.791,9265.203,14943.749,2560.067,-1762.652,104.689,8008.542,1158.925,11.282
2017-10-28,67208.453,29712.715,21623.791,9265.203,14943.749,2560.067,-1762.652,104.689,8008.542,1158.925,11.282
2017-10-29,67208.453,29712.715,21623.791,9265.203,14943.749,2560.067,-1762.652,104.689,8008.542,1158.925,11.282
2017-10-30,67193.481,30911.887,21713.158,9243.464,14957.061,2589.462,-1821.308,104.689,8035.391,1158.925,11.282
2017-10-31,67148.13,30925.345,21717.7,9265.618,14968.408,2590.481,-1815.032,104.689,8040.64,1158.925,11.282
2017-11-01,67140.502,30938.804,21722.242,9287.772,12558.86,2524.006,-2273.498,104.689,7701.232,1158.925,11.282
2017-11-02,67461.38,30952.262,21476.468,9306.231,11394.296,2524.837,-2661.853,104.689,7714.674,1158.925,11.282
2017-11-03,63589.834,30956.92,21480.043,9324.934,11384.621,2525.467,-2671.036,104.689,7714.778,1158.925,11.282
2017-11-04,63589.834,30956.92,21480.043,9324.934,11384.621,2525.467,-2671.036,104.689,7714.778,1158.925,11.282
2017-11-05,63589.834,30956.92,21480.043,9324.934,11384.621,2525.467,-2671.036,104.689,7714.778,1158.925,11.282
2017-11-06,64416.172,31940.698,21484.918,9350.439,11371.428,2550.619,-2663.98,104.689,8131.253,1158.925,11.282
2017-11-07,64431.803,31954.641,21489.143,9372.542,11346.417,2551.451,-2657.864,104.689,8143.179,1158.925,11.282
2017-11-08,64431.501,31968.584,21493.368,9394.646,11334.955,2589.432,-2651.748,104.689,8155.105,1158.925,11.282
2017-11-09,64447.972,31982.527,21497.593,9416.75,11323.492,2646.124,-2668.968,104.689,8167.031,1158.925,11.282
2017-11-10,64449.873,32655.002,21501.25,9435.878,11313.572,2856.504,-2663.713,104.689,8167.352,1158.925,11.282
2017-11-11,64449.873,32655.002,21501.25,9435.878,11313.572,2856.504,-2663.713,104.689,8167.352,1158.925,11.282
2017-11-12,64449.873,32655.002,21501.25,9435.878,11313.572,2856.504,-2663.713,104.689,8167.352,1158.925,11.282
2017-11-13,64480.914,32680.314,21506.044,9460.957,11300.566,2895.752,-2656.824,104.689,8190.883,1158.925,11.282
2017-11-14,64497.385,32695.799,21675.974,9483.061,11289.104,2897.198,-2650.752,104.689,8202.809,1158.925,11.282
2017-11-15,64513.856,32711.284,21681.018,9505.165,11277.641,2899.289,-2644.6,104.689,8214.734,1158.925,11.282
2017-11-16,64530.327,32726.769,21686.062,9527.268,11266.178,2903.006,-2638.528,104.689,8226.66,1158.925,11.282
2017-11-17,64463.308,32732.725,21690.523,9546.822,11256.038,2904.141,-2652.073,104.689,8227.211,1158.925,11.282
2017-11-18,64463.308,32732.725,21690.523,9546.822,11256.038,2904.141,-2652.073,104.689,8227.211,1158.925,11.282
2017-11-19,64463.308,32732.725,21690.523,9546.822,11256.038,2904.141,-2652.073,104.689,8227.211,1158.925,11.282
2017-11-20,64494.374,32757.739,21696.149,9571.476,11243.252,2905.858,-2645.343,104.689,7833.702,1158.925,11.282
2017-11-21,64511.028,32773.224,21701.193,9593.579,11231.79,2907.283,-2639.309,104.689,7841.86,1158.925,11.282
2017-11-22,64527.681,32788.71,21706.236,9615.683,11220.327,2908.709,-2633.275,104.689,7843.954,1158.925,11.282
2017-11-23,64544.335,32804.195,21711.28,9637.787,11208.864,2910.135,-2627.241,104.689,7850.447,1158.925,11.282
2017-11-24,64546.897,32810.448,21715.839,9657.765,11198.504,2911.298,-2621.788,104.689,7850.872,1158.925,11.282
2017-11-25,64546.897,32810.448,21715.839,9657.765,11198.504,2911.298,-2621.788,104.689,7850.872,1158.925,11.282
2017-11-26,64546.897,32810.448,21715.839,9657.765,11198.504,2911.298,-2621.788,104.689,7850.872,1158.925,11.282
2017-11-27,64584.563,32835.165,21721.368,9681.994,11185.939,2912.987,-2615.174,104.689,7863.434,1158.925,11.282
2017-11-28,64601.381,32850.65,21726.411,9704.098,11174.476,2914.412,-2609.14,104.689,7869.927,1158.925,11.282
2017-11-29,64618.2,32866.135,21731.455,9726.202,11163.013,2915.838,-2603.106,104.689,7876.42,1158.925,11.282
2017-11-30,64740.138,32881.62,21736.499,14927.072,11153.183,2917.264,-2597.072,104.689,7882.913,1158.925,11.282
2017-12-01,64743.294,32888.171,21741.154,14952.409,11142.53,2918.454,-2591.502,104.689,7883.463,1158.925,11.282
2017-12-02,64743.294,32888.171,21741.154,14952.409,11142.53,2918.454,-2591.502,104.689,7883.463,1158.925,11.282
2017-12-03,64743.294,32888.171,21741.154,14952.409,11142.53,2918.454,-2591.502,104.689,7883.463,1158.925,11.282
2017-12-04,64776.616,32912.59,21746.586,14981.968,11130.102,2920.116,-2585.004,104.689,8068.698,1158.925,11.282
2017-12-05,64794.855,32928.075,21784.174,14957.411,11089.034,2921.542,-2578.97,104.689,8070.158,1158.925,11.282
2017-12-06,64813.094,32943.56,21789.327,14984.718,11077.382,2922.967,-2572.936,104.689,8054.597,1158.925,11.282
2017-12-07,64831.333,32959.046,21794.48,15011.583,11065.731,2924.393,-2586.675,104.689,8530.383,1158.925,11.282
2017-12-08,64834.841,32965.895,21799.336,15037.313,11054.751,2925.611,-2581.065,104.689,8530.613,1158.925,11.282
2017-12-09,64834.841,32965.895,21799.336,15037.313,11054.751,2925.611,-2581.065,104.689,8530.613,1158.925,11.282
2017-12-10,64834.841,32965.895,21799.336,15037.313,11054.751,2925.611,-2581.065,104.689,8530.613,1158.925,11.282
2017-12-11,64867.812,32990.016,21804.787,15066.194,11042.427,2927.245,-2574.769,104.689,8534.796,1158.925,11.282
2017-12-12,64886.051,33005.501,21809.94,15093.5,11030.775,2928.671,-2568.816,104.689,8537.003,1158.925,11.282
2017-12-13,64904.29,33020.986,21815.093,15201.305,11019.124,2930.096,-2562.862,104.689,8539.209,1158.925,11.282
2017-12-14,64922.529,33036.471,21820.246,15115.677,11007.472,2931.522,-2556.909,104.689,8545.792,1158.925,11.282
2017-12-15,64926.387,33043.618,21825.201,15144.768,10996.268,2932.767,-2551.185,104.689,8546.064,1158.925,11.282
2017-12-16,64926.387,33043.618,21825.201,15144.768,10996.268,2932.767,-2551.185,104.689,8546.064,1158.925,11.282
2017-12-17,64926.387,33043.618,21825.201,15144.768,10996.268,2932.767,-2551.185,104.689,8546.064,1158.925,11.282
2017-12-18,64959.007,33067.441,21830.552,15176.186,10984.169,2934.374,-2545.003,104.689,8550.213,1158.925,11.282
2017-12-19,64923.501,33082.926,21835.705,15206.441,10972.517,2935.8,-2539.05,104.689,8552.424,1158.925,11.282
2017-12-20,64941.2,33098.411,21840.858,15236.695,10960.865,2937.226,-2533.096,104.689,8554.634,1158.925,11.282
2017-12-21,64978.325,33113.896,21900.735,15266.95,10949.213,2938.651,-2527.143,104.689,8556.844,1158.925,11.282
2017-12-22,64982.387,33121.341,21905.999,15296.622,10937.786,2939.924,-2532.093,104.689,8557.159,1158.925,11.282
2017-12-23,64982.387,33121.341,21905.999,15296.622,10937.786,2939.924,-2532.093,104.689,8557.159,1158.925,11.282
2017-12-24,64982.387,33121.341,21905.999,15296.622,10937.786,2939.924,-2532.093,104.689,8557.159,1158.925,11.282
2017-12-25,65013.53,33144.867,21911.47,15327.459,10925.91,2941.503,-2526.068,104.689,8561.265,1158.925,11.282
2017-12-26,65031.132,33160.352,21916.838,15357.713,10914.258,2942.929,-2520.157,104.689,8563.475,1158.925,11.282
2017-12-27,65048.735,33175.837,21922.205,15387.968,10902.606,2944.355,-2514.246,104.689,8565.686,1158.925,11.282
2017-12-28,65066.337,33191.322,21927.509,15418.222,10890.955,2945.78,-2508.335,104.689,8567.896,1158.925,11.282
2017-12-29,65070.738,33199.065,21932.941,15448.477,10879.303,2927.132,-2468.946,104.689,9668.137,1158.925,11.282
2017-12-30,65070.738,33199.065,21932.941,15448.477,10879.303,2927.132,-2468.946,104.689,9668.137,1158.925,11.282
2017-12-31,65070.738,33199.065,21932.941,15448.477,10879.303,2927.132,-2468.946,104.689,9668.137,1158.925,11.282
2018-01-01,64537.523,33233.39,21915.031,15567.716,10927.626,2928.47,-2456.432,104.689,9672.379,1158.925,11.282
2018-01-02,64554.999,33248.88,21926.964,15578.156,10951.474,2929.7,-2448.431,104.689,9674.686,1158.925,11.282
2018-01-03,65597.306,33264.37,21938.897,15588.595,10975.323,2930.93,-2334.952,104.689,9676.994,1158.925,11.282
2018-01-04,65631.13,33279.86,25843.92,15599.034,11001.839,2932.159,-2320.503,104.689,9679.301,1158.925,11.282
2018-01-05,65640.236,33287.903,25844.156,15599.195,11002.202,2933.304,-2320.39,104.689,9679.718,1158.925,11.282
2018-01-06,65640.236,33287.903,25844.156,15599.195,11002.202,2933.304,-2320.39,104.689,9679.718,1158.925,11.282
2018-01-07,65640.236,33287.903,25844.156,15599.195,11002.202,2933.304,-2320.39,104.689,9679.718,1158.925,11.282
2018-01-08,65698.777,33310.84,27580.446,16649.314,11031.782,2934.619,-2330.436,104.689,9683.916,1158.925,11.282
2018-01-09,65732.601,33326.33,27600.636,16665.49,11055.352,2935.848,-2322.973,104.689,9686.223,1158.925,11.282
2018-01-10,65766.425,33341.82,27620.825,16805.803,11078.922,2937.078,-2315.509,104.689,9688.53,1158.925,11.282
2018-01-11,65917.065,33346.533,28963.191,19937.046,11073.762,2938.308,-2308.046,104.689,9690.838,1158.925,11.282
2018-01-12,65946.837,33354.833,28850.243,19937.529,11482.965,2939.476,-2307.787,104.689,9691.299,1158.925,11.282
2018-01-13,65946.837,33354.833,28850.243,19937.529,11482.965,2939.476,-2307.787,104.689,9691.299,1158.925,11.282
2018-01-14,65946.837,33354.833,28850.243,19937.529,11482.965,2939.476,-2307.787,104.689,9691.299,1158.925,11.282
2018-01-15,66004.537,33377.36,28881.458,19959.417,11529.542,2940.767,-2293.119,104.689,9695.452,1158.925,11.282
2018-01-16,66038.25,33392.773,28897.341,19973.239,11553.24,2941.997,-2285.655,104.689,9697.759,1158.925,11.282
2018-01-17,52006.225,33408.186,28913.223,19987.06,11576.938,2943.227,-2278.192,104.689,9700.067,1158.925,11.282
2018-01-18,52048.394,34197.169,28865.965,20000.881,11600.636,2944.457,-2278.428,104.689,9702.374,1158.925,11.282
2018-01-19,52083.86,34205.863,28866.833,20001.625,11601.912,2945.648,-2278.027,104.689,9702.88,1158.925,11.282
2018-01-20,52083.86,34205.863,28866.833,20001.625,11601.912,2945.648,-2278.027,104.689,9702.88,1158.925,11.282
2018-01-21,52083.86,34205.863,28866.833,20001.625,11601.912,2945.648,-2278.027,104.689,9702.88,1158.925,11.282
2018-01-22,52169.186,34228.35,28898.241,19748.79,11648.033,2946.916,-2263.538,104.689,8745.172,1158.925,11.282
2018-01-23,52284.416,34323.31,28914.379,19763.241,11671.731,2948.146,-2256.093,104.689,8747.635,1158.925,11.282
2018-01-24,52414.638,34339.022,27820.919,19777.691,11695.429,2949.375,-2243.717,104.689,8750.099,1158.925,11.282
2018-01-25,52529.861,34348.383,27863.254,19792.141,11334.133,2950.605,-2236.3,104.689,8752.563,1158.925,11.282
2018-01-26,52567.531,34357.224,27864.785,19788.704,11335.973,2951.821,-2235.758,104.689,8753.15,1158.925,11.282
2018-01-27,52567.531,34357.224,27864.785,19788.704,11335.973,2951.821,-2235.758,104.689,8753.15,1158.925,11.282
2018-01-28,52567.531,34357.224,27864.785,19788.704,11335.973,2951.821,-2235.758,104.689,8753.15,1158.925,11.282
2018-01-29,52643.018,34414.966,29001.066,19290.948,11429.49,2969.132,-2221.467,104.689,8757.49,1158.925,11.282
2018-01-30,53672.457,34430.328,29017.457,18719.388,11455.184,2970.368,-2214.05,104.689,8759.954,1158.925,11.282
2018-01-31,53794.544,34327.393,29033.848,18741.752,11244.692,2971.604,-2206.633,104.689,7310.533,1158.925,11.282
2018-02-01,53086.143,33615.302,28363.062,18567.713,12873.259,2974.285,-2199.217,104.689,7312.981,1158.925,11.282
2018-02-02,51072.225,33623.194,23525.774,19853.485,12874.989,2974.295,-2257.734,104.689,7311.491,1158.925,11.282
2018-02-03,51072.225,33623.194,23525.774,19853.485,12874.989,2974.295,-2257.734,104.689,7311.491,1158.925,11.282
2018-02-04,51072.225,33623.194,23525.774,19853.485,12874.989,2974.295,-2257.734,104.689,7311.491,1158.925,11.282
2018-02-05,51266.494,33641.779,23557.724,19906.689,12910.741,3075.958,-2243.108,104.689,7355.177,1158.925,11.282
2018-02-06,51524.045,33655.018,23574.472,19841.807,12929.481,3078.422,-2235.442,104.689,7354.826,1158.925,11.282
2018-02-07,51641.238,33668.257,23428.907,19869.616,12948.222,3080.887,-2095.226,104.689,7357.293,1158.925,11.282
2018-02-08,51758.43,33681.495,23446.351,19809.46,12966.963,3313.549,-1996.534,104.689,7359.76,1158.925,11.282
2018-02-09,51801.25,33689.642,23448.297,19812.585,12969.053,3713.059,-1995.877,104.689,7360.443,1158.925,11.282
2018-02-10,51801.25,33689.642,23448.297,19812.585,12969.053,3713.059,-1995.877,104.689,7360.443,1158.925,11.282
2018-02-11,51801.25,33689.642,23448.297,19812.585,12969.053,3713.059,-1995.877,104.689,7360.443,1158.925,11.282
2018-02-12,51992.815,33707.973,23481.24,19865.505,13004.445,3988.259,-1984.756,104.689,7363.551,1158.925,11.282
2018-02-13,52110.007,33721.211,23498.685,19891.085,13023.185,3990.463,-1978.867,104.689,7366.016,1158.925,11.282
2018-02-14,52354.139,33734.45,23516.129,19919.032,13041.926,3992.667,-1972.978,104.689,7368.481,1158.925,11.282
2018-02-15,52470.548,33747.688,23533.574,19946.978,13060.667,3994.871,-1967.089,104.689,7370.946,1158.925,11.282
2018-02-16,52519.691,33756.09,23535.855,19950.633,13063.118,3994.964,-1966.319,104.689,7371.676,1158.925,11.282
2018-02-17,52519.691,33756.09,23535.855,19950.633,13063.118,3994.964,-1966.319,104.689,7371.676,1158.925,11.282
2018-02-18,52519.691,33756.09,23535.855,19950.633,13063.118,3994.964,-1966.319,104.689,7371.676,1158.925,11.282
2018-02-19,52707.543,33774.166,23568.463,20002.871,13098.149,3999.278,-1955.311,104.689,7375.875,1158.925,11.282
2018-02-20,52823.833,33787.404,23585.908,20030.817,13116.89,4001.482,-1949.423,104.689,7378.34,1158.925,11.282
2018-02-21,52940.122,33800.643,23603.352,20058.764,13135.63,4003.686,-1943.534,104.689,7380.805,1158.925,11.282
2018-02-22,53056.412,33813.882,23620.797,20086.71,13154.371,4005.89,-1937.645,104.689,7383.27,1158.925,11.282
2018-02-23,53103.375,33822.538,23623.413,20090.902,13157.182,4006.025,-1936.761,104.689,7384.047,1158.925,11.282
2018-02-24,53103.375,33822.538,23623.413,20090.902,13157.182,4006.025,-1936.761,104.689,7384.047,1158.925,11.282
2018-02-25,53103.375,33822.538,23623.413,20090.902,13157.182,4006.025,-1936.761,104.689,7384.047,1158.925,11.282
2018-02-26,53288.991,33837.969,23655.686,20142.603,13191.853,4010.297,-1925.867,104.689,7388.199,1158.925,11.282
2018-02-27,53405.281,33851.197,23673.13,20170.55,13210.594,4012.501,-1919.978,104.689,7390.664,1158.925,11.282
2018-02-28,53521.57,33864.426,23690.575,20198.496,13229.335,4014.705,-1914.089,104.689,7393.129,1158.925,11.282
2018-03-01,53637.86,33877.654,23708.019,20226.442,13248.075,4016.908,-1908.2,104.689,7395.594,1158.925,11.282
2018-03-02,53687.059,33886.558,23710.971,20231.172,13251.247,4017.086,-1907.204,104.689,7396.418,1158.925,11.282
2018-03-03,53687.059,33886.558,23710.971,20231.172,13251.247,4017.086,-1907.204,104.689,7396.418,1158.925,11.282
2018-03-04,53687.059,33886.558,23710.971,20231.172,13251.247,4017.086,-1907.204,104.689,7396.418,1158.925,11.282
2018-03-05,53870.439,33904.111,23742.908,20282.335,13285.557,4021.316,-1896.423,104.689,7400.523,1158.925,11.282
2018-03-06,53986.728,33917.339,23760.353,20310.282,13304.298,4023.52,-1890.534,104.689,7402.988,1158.925,11.282
2018-03-07,54103.018,33930.567,23777.797,20338.228,13323.039,4025.724,-1884.645,104.689,7405.453,1158.925,11.282
2018-03-08,54219.307,33943.795,23795.242,20366.174,13341.78,4027.927,-1912.16,104.689,7407.918,1158.925,11.282
2018-03-09,54270.743,33952.954,23798.529,20345.081,13345.311,4028.148,-1911.136,104.689,7408.79,1158.925,11.282
2018-03-10,54270.743,33952.954,23798.529,20345.081,13345.311,4028.148,-1911.136,104.689,7408.79,1158.925,11.282
2018-03-11,54270.743,33952.954,23798.529,20345.081,13345.311,4028.148,-1911.136,104.689,7408.79,1158.925,11.282
2018-03-12,54451.886,34419.854,23830.131,20395.498,13379.261,4032.335,-1901.292,104.689,7493.178,1158.925,11.282
2018-03-13,54568.176,34434.028,23847.575,20423.329,13398.002,4034.539,-1895.858,104.689,7495.764,1158.925,11.282
2018-03-14,54684.465,34448.202,23865.02,20451.161,13416.743,4036.743,-1890.424,104.689,7498.35,1158.925,11.282
2018-03-15,54800.755,34462.375,23882.464,20478.992,13435.484,4038.946,-1884.99,104.689,7400.464,1158.925,11.282
2018-03-16,54854.427,34472.46,23886.087,20484.772,13439.376,4039.209,-1883.025,104.689,7516.191,1158.925,11.282
2018-03-17,54854.427,34472.46,23886.087,20484.772,13439.376,4039.209,-1883.025,104.689,7516.191,1158.925,11.282
2018-03-18,54854.427,34472.46,23886.087,20484.772,13439.376,4039.209,-1883.025,104.689,7516.191,1158.925,11.282
2018-03-19,55044.233,34490.722,23917.353,20534.654,13472.965,4043.354,-1976.333,104.689,7523.905,1158.925,11.282
2018-03-20,55160.538,34504.896,23934.798,20562.485,13491.706,4045.558,-1970.523,104.689,7528.249,1158.925,11.282
2018-03-21,55276.843,34519.07,23952.242,20590.316,13510.574,4047.761,-1964.713,104.689,7532.989,1158.925,11.282
2018-03-22,55393.148,34533.243,23969.687,20618.148,13529.317,4049.965,-1958.903,104.689,7537.73,1158.925,11.282
2018-03-23,53927.0,34543.601,23973.645,20624.463,13533.57,4050.27,-1957.584,104.689,7539.589,1158.925,11.282
2018-03-24,53927.0,34543.601,23973.645,20624.463,13533.57,4050.27,-1957.584,104.689,7539.589,1158.925,11.282
2018-03-25,53927.0,34543.601,23973.645,20624.463,13533.57,4050.27,-1957.584,104.689,7539.589,1158.925,11.282
2018-03-26,54100.123,34561.59,24004.576,20673.81,13566.803,4054.373,-1947.283,104.689,7547.211,1158.925,11.282
2018-03-27,54214.077,34575.764,24022.02,20701.641,13585.546,4056.577,-1935.256,104.689,7551.951,1158.925,11.282
2018-03-28,54328.031,34589.937,24039.465,20729.472,13604.289,4058.78,-1929.477,104.689,7556.692,1158.925,11.282
2018-03-29,54441.986,34604.111,24056.909,20757.304,13623.032,4060.984,-1887.966,104.689,7561.432,1158.925,11.282
2018-03-30,54498.963,34614.741,24061.203,20764.154,13627.646,4061.332,-1886.579,104.689,7563.383,1158.925,11.282
2018-03-31,54498.963,34614.741,24061.203,20764.154,13627.646,4061.332,-1886.579,104.689,7563.383,1158.925,11.282
2018-04-01,54498.963,34614.741,24061.203,20764.154,13627.646,4061.332,-1886.579,104.689,7563.383,1158.925,11.282
2018-04-02,53493.891,34562.308,24146.554,20883.573,13516.715,4065.392,-1868.194,104.689,7570.913,1158.925,11.282
2018-04-03,53605.869,34576.454,24164.01,20911.48,13534.027,4067.596,-1813.785,104.689,7575.654,1158.925,11.282
2018-04-04,53717.848,34590.6,24181.465,20939.387,13551.339,4069.799,-1786.24,104.689,7580.394,1158.925,11.282
2018-04-05,53829.826,34604.746,24198.921,20967.294,13568.651,4072.003,-1780.764,104.689,8451.788,1158.925,11.282
2018-04-06,53887.969,34615.627,24203.553,20974.7,13573.245,4072.393,-1779.311,104.689,8453.443,1158.925,11.282
2018-04-07,53887.969,34615.627,24203.553,20974.7,13573.245,4072.393,-1779.311,104.689,8453.443,1158.925,11.282
2018-04-08,53887.969,34615.627,24203.553,20974.7,13573.245,4072.393,-1779.311,104.689,8453.443,1158.925,11.282
2018-04-09,54053.784,34633.038,24233.832,21023.108,13612.647,4173.371,-1769.813,104.689,8459.471,1158.925,11.282
2018-04-10,54165.762,34647.184,24251.287,21051.015,13598.624,4175.574,-1764.337,104.689,8463.313,1158.925,11.282
2018-04-11,54277.741,33541.934,24268.743,21078.922,13615.54,4177.778,-1758.861,104.689,8467.154,1158.925,11.282
2018-04-12,54389.719,33555.461,24286.199,21106.829,13649.778,4179.982,-1753.386,104.689,8470.996,1158.925,11.282
2018-04-13,54450.015,33566.126,24291.167,21114.772,13654.604,4180.414,-1751.827,104.689,8472.725,1158.925,11.282
2018-04-14,54450.015,33566.126,24291.167,21114.772,13654.604,4180.414,-1751.827,104.689,8472.725,1158.925,11.282
2018-04-15,54450.015,33566.126,24291.167,21114.772,13654.604,4180.414,-1751.827,104.689,8472.725,1158.925,11.282
2018-04-16,54613.676,33582.514,24321.11,21108.756,13683.691,4184.39,-1742.434,104.689,8478.68,1158.925,11.282
2018-04-17,54725.655,33596.041,24338.565,21136.474,13700.647,4186.446,-1734.894,104.689,8482.521,1158.925,11.282
2018-04-18,54684.616,33609.568,24186.775,21162.677,13717.603,4188.647,-1729.33,104.689,8486.363,1158.925,11.282
2018-04-19,54796.834,33623.094,24204.369,21190.389,13730.774,4190.848,-1652.709,104.689,8453.257,1158.925,11.282
2018-04-20,54859.417,33634.02,24375.92,21501.495,13700.861,4191.322,-1642.612,104.689,8454.95,1158.925,11.282
2018-04-21,54859.417,33634.02,24375.92,21501.495,13700.861,4191.322,-1642.612,104.689,8454.95,1158.925,11.282
2018-04-22,54859.417,33634.02,24375.92,21501.495,13700.861,4191.322,-1642.612,104.689,8454.95,1158.925,11.282
2018-04-23,55021.27,34075.831,20917.017,21552.902,13602.529,4195.25,-1633.947,104.689,8460.47,1158.925,11.282
2018-04-24,53615.629,34091.153,19672.538,21583.21,13618.728,4197.451,-1628.839,104.689,8464.076,1158.925,11.282
2018-04-25,53724.382,34106.476,19687.668,21614.153,13276.132,4199.652,-1623.73,104.689,8467.682,1158.925,11.282
2018-04-26,53833.134,34120.2,19454.195,21590.909,13497.022,4201.853,-1618.622,104.689,8471.288,1158.925,11.282
2018-04-27,53895.876,34108.587,19459.537,24138.261,13502.185,4202.369,-1616.971,104.689,8473.049,1158.925,11.282
2018-04-28,53895.876,34108.587,19459.537,24138.261,13502.185,4202.369,-1616.971,104.689,8473.049,1158.925,11.282
2018-04-29,53895.876,34108.587,19459.537,24138.261,13502.185,4202.369,-1616.971,104.689,8473.049,1158.925,11.282
2018-04-30,54069.021,34433.886,19487.263,24182.602,13453.053,4206.255,-1608.405,104.689,8423.083,1158.925,11.282
2018-05-01,62423.687,34449.206,19503.797,24209.044,13469.47,4208.456,-1603.296,104.689,8460.107,1158.925,11.282
2018-05-02,63842.868,34464.527,19520.331,24235.486,13457.634,4210.657,-1795.344,104.689,8464.32,1158.925,11.282
2018-05-03,63869.189,34437.901,19536.865,24034.123,13474.214,4212.858,-1491.55,104.689,8468.532,1158.925,11.282
2018-05-04,63884.881,34450.822,19542.525,24042.965,13479.889,4213.417,-1490.556,104.689,8470.67,1158.925,11.282
2018-05-05,63884.881,34450.822,19542.525,24042.965,13479.889,4213.417,-1490.556,104.689,8470.67,1158.925,11.282
2018-05-06,63884.881,34450.822,19542.525,24042.965,13479.889,4213.417,-1490.556,104.689,8470.67,1158.925,11.282
2018-05-07,63775.085,34468.441,19569.933,24103.539,13507.374,4265.74,-1485.743,104.689,8723.434,1158.925,11.282
2018-05-08,63801.798,34435.11,19586.467,24129.403,13523.954,4267.941,-1482.84,104.689,8727.746,1158.925,11.282
2018-05-09,63828.51,34450.345,19603.001,24155.267,13540.535,4270.142,-1479.937,104.689,8734.953,1158.925,11.282
2018-05-10,63855.223,34465.58,19619.535,24099.243,13557.115,4361.089,-1475.026,104.689,8739.277,1158.925,11.282
2018-05-11,63871.662,34478.765,19625.513,24108.64,13563.109,4588.508,-1473.963,104.689,8741.556,1158.925,11.282
2018-05-12,63871.662,34478.765,19625.513,24108.64,13563.109,4588.508,-1473.963,104.689,8741.556,1158.925,11.282
2018-05-13,63871.662,34478.765,19625.513,24108.64,13563.109,4588.508,-1473.963,104.689,8741.556,1158.925,11.282
2018-05-14,63908.649,34496.051,19652.603,24151.223,13753.271,4602.883,-1469.144,104.689,8747.926,1158.925,11.282
2018-05-15,63935.361,34511.286,19669.137,24177.214,13771.662,4600.866,-1466.202,104.689,8752.25,1158.925,11.282
2018-05-16,63962.074,34526.522,19685.671,24203.204,13790.053,4602.868,-1463.261,104.689,8756.574,1158.925,11.282
2018-05-17,63988.787,34541.757,19702.205,24229.194,13808.445,4610.478,-1460.32,104.689,8760.898,1158.925,11.282
2018-05-18,64005.739,34555.234,19708.501,24239.09,13815.447,4611.057,-1433.257,104.689,8763.26,1158.925,11.282
2018-05-19,64005.739,34555.234,19708.501,24239.09,13815.447,4611.057,-1433.257,104.689,8763.26,1158.925,11.282
2018-05-20,64005.739,34555.234,19708.501,24239.09,13815.447,4611.057,-1433.257,104.689,8763.26,1158.925,11.282
2018-05-21,64042.212,34572.227,19735.273,24281.174,13845.227,4614.437,-1428.292,104.689,8769.546,1158.925,11.282
2018-05-22,64068.925,34480.405,19751.807,24307.164,13863.618,4616.416,-1425.225,104.689,8773.87,1158.925,11.282
2018-05-23,64095.638,34495.181,19768.341,24340.396,13882.009,4618.395,-1422.159,104.689,8778.195,1158.925,11.282
2018-05-24,64122.351,34509.957,19784.875,24366.383,13900.401,4620.375,-1419.093,104.689,8780.703,1158.925,11.282
2018-05-25,64139.817,34523.312,19791.489,24376.778,13907.757,4620.991,-1417.866,104.689,8783.138,1158.925,11.282
2018-05-26,64139.817,34523.312,19791.489,24376.778,13907.757,4620.991,-1417.866,104.689,8783.138,1158.925,11.282
2018-05-27,64139.817,34523.312,19791.489,24376.778,13907.757,4620.991,-1417.866,104.689,8783.138,1158.925,11.282
2018-05-28,64175.776,34539.508,19817.943,24418.357,13937.183,4624.333,-1412.96,104.689,8789.316,1158.925,11.282
2018-05-29,64202.489,34554.284,19834.477,24444.344,13955.574,4626.312,-1439.504,104.689,8793.622,1158.925,11.282
2018-05-30,64247.452,34569.06,19851.011,24470.331,13973.966,4628.292,-1436.302,104.689,8797.042,1158.925,11.282
2018-05-31,64274.269,34583.836,19867.545,24496.318,13992.357,4630.271,-1433.1,104.689,8801.325,1158.925,11.282
2018-06-01,64292.32,34597.475,19874.477,24507.213,13884.734,4630.926,-1669.15,104.689,8803.829,1158.925,11.282
2018-06-02,64292.32,34597.475,19874.477,24507.213,13884.734,4630.926,-1669.15,104.689,8803.829,1158.925,11.282
2018-06-03,64292.32,34597.475,19874.477,24507.213,13884.734,4630.926,-1669.15,104.689,8803.829,1158.925,11.282
2018-06-04,64327.904,34613.387,19900.613,24548.292,13915.964,4634.23,-1663.966,104.689,8922.834,1158.925,11.282
2018-06-05,64354.722,34628.163,19917.147,24574.279,13935.72,4636.209,-1660.687,104.689,8927.026,1158.925,11.282
2018-06-06,64381.54,34642.939,19933.681,24600.266,13955.477,4638.188,-1657.408,104.689,8931.218,1158.925,11.282
2018-06-07,64408.357,34657.715,19950.215,24626.253,13975.233,4640.167,-1654.129,104.689,9136.739,1158.925,11.282
2018-06-08,64426.923,34671.638,19957.465,24637.647,13983.896,4640.86,-1665.491,104.689,9515.426,1158.925,11.282
2018-06-09,64426.923,34671.638,19957.465,24637.647,13983.896,4640.86,-1665.491,104.689,9515.426,1158.925,11.282
2018-06-10,64426.923,34671.638,19957.465,24637.647,13983.896,4640.86,-1665.491,104.689,9515.426,1158.925,11.282
2018-06-11,64461.993,34687.267,19983.283,24678.227,14014.746,4644.126,-1660.556,104.689,9381.417,1158.925,11.282
2018-06-12,64488.81,34702.042,19999.817,24704.214,14034.502,4646.105,-1657.395,104.689,9385.041,1158.925,11.282
2018-06-13,64515.628,34785.902,20016.351,24730.201,14054.259,4648.085,-1654.235,104.689,9388.665,1158.925,11.282
2018-06-14,64542.446,34800.8,20032.885,24756.188,14074.015,4650.064,-1651.074,104.689,9392.289,1158.925,11.282
2018-06-15,64561.527,34815.124,20040.453,24768.082,14083.057,4650.795,-1649.627,104.689,9394.547,1158.925,11.282
2018-06-16,64561.527,34815.124,20040.453,24768.082,14083.057,4650.795,-1649.627,104.689,9394.547,1158.925,11.282
2018-06-17,64561.527,34815.124,20040.453,24768.082,14083.057,4650.795,-1649.627,104.689,9394.547,1158.925,11.282
2018-06-18,64596.081,34830.595,22257.537,24808.162,14113.528,4654.022,-1644.752,104.689,9399.538,1158.925,11.282
2018-06-19,64622.898,34845.492,22143.532,24834.149,14133.284,4656.002,-1641.592,104.689,9403.162,1158.925,11.282
2018-06-20,64649.716,34860.39,22164.431,24860.136,14153.041,4657.981,-1638.431,104.689,9406.786,1158.925,11.282
2018-06-21,64776.026,34875.288,22185.331,24886.123,14042.866,4659.96,-1635.27,104.689,9394.862,1158.925,11.282
2018-06-22,64795.777,34889.899,22195.298,24898.516,14052.114,4660.729,-1979.191,104.689,9397.161,1158.925,11.282
2018-06-23,64795.777,34889.899,22195.298,24898.516,14052.114,4660.729,-1979.191,104.689,9397.161,1158.925,11.282
2018-06-24,64795.777,34889.899,22195.298,24898.516,14052.114,4660.729,-1979.191,104.689,9397.161,1158.925,11.282
2018-06-25,64830.081,34905.083,22227.13,24938.097,14081.649,4663.919,-1976.396,104.689,9402.022,1158.925,11.282
2018-06-26,64857.108,34919.98,22248.029,24964.084,14101.041,4665.898,-1974.561,104.689,9405.602,1158.925,11.282
2018-06-27,64884.135,34934.878,22268.929,24990.071,14120.432,4667.877,-1972.725,104.689,9409.182,1158.925,11.282
2018-06-28,64911.163,34949.775,22289.828,25016.058,14139.823,4669.857,-1970.89,104.689,9412.762,1158.925,11.282
2018-06-29,64931.433,34964.673,22300.198,25028.951,14149.444,4670.664,-1970.062,104.689,9415.131,1158.925,11.282
2018-06-30,64931.433,34964.673,22300.198,25028.951,14149.444,4670.664,-1970.062,104.689,9415.131,1158.925,11.282
2018-07-01,64931.433,34964.673,22300.198,25028.951,14149.444,4670.664,-1970.062,104.689,9415.131,1158.925,11.282
2018-07-02,62716.632,34907.265,22342.94,25231.906,14065.817,4673.815,-1954.796,104.689,9419.922,1158.925,11.282
2018-07-03,62742.938,34923.831,22363.845,25258.041,14085.108,4675.794,-1948.345,104.689,9423.502,1158.925,11.282
2018-07-04,62769.243,34940.397,22384.75,25284.177,14104.398,4677.774,-1946.571,104.689,9427.082,1158.925,11.282
2018-07-05,62795.549,34956.963,22405.655,25310.313,14123.689,4679.753,-1944.798,104.689,9430.663,1158.925,11.282
2018-07-06,62815.784,34957.282,22416.429,25323.783,14133.631,4680.598,-1943.884,104.689,9433.1,1158.925,11.282
2018-07-07,62815.784,34957.282,22416.429,25323.783,14133.631,4680.598,-1943.884,104.689,9433.1,1158.925,11.282
2018-07-08,62815.784,34957.282,22416.429,25323.783,14133.631,4680.598,-1943.884,104.689,9433.1,1158.925,11.282
2018-07-09,62848.16,34990.095,22447.465,25362.584,14119.291,4683.712,-1941.251,104.689,9437.823,1158.925,11.282
2018-07-10,63178.245,35006.661,22549.954,25388.72,14352.927,4611.348,-1939.478,104.689,9441.403,1158.925,11.282
2018-07-11,63206.046,35023.227,22522.4,25416.041,14371.888,4613.72,-1937.705,104.689,9698.47,1158.925,11.282
2018-07-12,63233.848,35039.793,22543.315,25442.168,14390.85,4616.092,-1935.932,104.689,9569.493,1158.925,11.282
2018-07-13,63255.769,35040.431,22509.255,25456.746,14389.783,4617.151,-1934.983,104.689,9573.707,1158.925,11.282
2018-07-14,63255.769,35040.431,22509.255,25456.746,14389.783,4617.151,-1934.983,104.689,9573.707,1158.925,11.282
2018-07-15,63255.769,35040.431,22509.255,25456.746,14389.783,4617.151,-1934.983,104.689,9573.707,1158.925,11.282
2018-07-16,63330.832,35159.097,20216.082,23587.894,14536.722,4620.837,-1932.385,104.689,9353.289,1158.925,11.282
2018-07-17,63357.867,35192.035,20231.809,23612.899,14557.121,4623.209,-1930.612,104.689,9356.994,1158.925,11.282
2018-07-18,63384.903,35210.313,20247.535,23637.903,14577.52,4625.581,-1947.284,104.689,9360.699,1158.925,11.282
2018-07-19,63411.939,33607.464,19923.036,23662.908,14590.027,4627.953,-1960.315,104.689,9778.872,1158.925,11.282
2018-07-20,63433.775,31467.151,19931.93,23548.295,14670.773,4629.057,-1959.357,104.689,9781.641,1158.925,11.282
2018-07-21,63433.775,31467.151,19931.93,23548.295,14670.773,4629.057,-1959.357,104.689,9781.641,1158.925,11.282
2018-07-22,63433.775,31467.151,19931.93,23548.295,14670.773,4629.057,-1959.357,104.689,9781.641,1158.925,11.282
2018-07-23,62868.178,31500.15,23777.578,23771.073,14700.19,4632.698,-1956.856,104.689,9787.982,1158.925,11.282
2018-07-24,62891.473,31517.14,24264.623,23796.684,15176.511,4635.07,-1955.127,104.689,9791.81,1158.925,11.282
2018-07-25,62914.767,31534.129,24289.951,23822.296,15274.686,4637.442,-1945.988,104.689,9795.638,1158.925,11.282
2018-07-26,62902.199,31551.119,24236.816,23936.789,13146.006,4639.814,-1944.301,104.689,9799.466,1158.925,11.282
2018-07-27,62921.303,31380.841,24251.733,25181.946,13155.642,4640.964,-1943.335,104.689,9802.293,1158.925,11.282
2018-07-28,62921.303,31380.841,24251.733,25181.946,13155.642,4640.964,-1943.335,104.689,9802.293,1158.925,11.282
2018-07-29,62921.303,31380.841,24251.733,25181.946,13155.642,4640.964,-1943.335,104.689,9802.293,1158.925,11.282
2018-07-30,62948.404,31413.295,24288.873,25246.812,13179.634,4652.949,-1851.512,104.689,9807.123,1158.925,11.282
2018-07-31,67861.234,31430.17,24314.902,25280.429,13197.4,4655.325,-1849.071,104.689,9810.951,1158.925,11.282
2018-08-01,67855.882,31447.046,24340.93,25321.361,13214.205,4657.701,-1526.894,104.689,9814.779,1158.925,11.282
2018-08-02,67431.441,31463.922,24366.958,25362.294,13127.037,4660.077,-1166.142,104.689,9818.608,1158.925,11.282
2018-08-03,67448.612,31465.545,24382.375,25386.538,13137.067,4661.274,-1166.152,104.689,9821.508,1158.925,11.282
2018-08-04,67448.612,31465.545,24382.375,25386.538,13137.067,4661.274,-1166.152,104.689,9821.508,1158.925,11.282
2018-08-05,67448.612,31465.545,24382.375,25386.538,13137.067,4661.274,-1166.152,104.689,9821.508,1158.925,11.282
2018-08-06,67531.914,31061.949,22462.265,25444.158,13102.516,4664.829,-1166.176,104.689,10049.088,1158.925,11.282
2018-08-07,67552.505,31080.687,22484.784,25485.09,13118.897,4667.204,-1166.193,104.689,10052.988,1158.925,11.282
2018-08-08,67573.096,31099.425,22507.304,25526.023,13135.277,4669.58,-1195.451,104.689,10056.888,1158.925,11.282
2018-08-09,67593.688,31118.163,22529.823,25566.955,13151.658,4671.956,-1195.653,104.689,10060.787,1158.925,11.282
2018-08-10,67611.507,31120.325,22543.595,25591.986,13161.676,4662.704,-1195.777,104.689,10063.817,1158.925,11.282
2018-08-11,67611.507,31120.325,22543.595,25591.986,13161.676,4662.704,-1195.777,104.689,10063.817,1158.925,11.282
2018-08-12,67611.507,31120.325,22543.595,25591.986,13161.676,4662.704,-1195.777,104.689,10063.817,1158.925,11.282
2018-08-13,67634.871,31155.638,22574.862,25648.819,13184.42,4664.537,-1196.057,104.689,10068.586,1158.925,11.282
2018-08-14,67655.462,31182.147,22597.382,25689.751,13200.801,4807.797,-1196.26,104.689,10072.486,1158.925,11.282
2018-08-15,67676.053,31201.121,22619.902,25730.684,13217.182,4809.795,-1196.462,104.689,10076.386,1158.925,11.282
2018-08-16,67483.972,31220.094,22642.421,25771.616,13233.562,4874.46,-1196.664,104.689,10080.285,1158.925,11.282
2018-08-17,67501.721,31222.648,22656.626,25797.435,13243.895,4806.114,-1196.791,104.689,10083.39,1158.925,11.282
2018-08-18,67501.721,31222.648,22656.626,25797.435,13243.895,4806.114,-1196.791,104.689,10083.39,1158.925,11.282
2018-08-19,67501.721,31222.648,22656.626,25797.435,13243.895,4806.114,-1196.791,104.689,10083.39,1158.925,11.282
2018-08-20,67524.149,31258.041,22687.46,25853.48,13266.324,4809.639,-1197.068,104.689,10088.085,1158.925,11.282
2018-08-21,67892.886,31277.014,22709.98,25894.413,13282.705,4812.057,-1197.27,104.689,10091.984,1158.925,11.282
2018-08-22,67914.446,31295.987,22732.5,25935.345,13299.086,4814.476,-1197.473,104.689,10095.884,1158.925,11.282
2018-08-23,67936.007,31314.961,22755.019,25976.277,13315.467,4816.894,-1197.675,104.689,10099.783,1158.925,11.282
2018-08-24,67955.494,31317.88,22769.657,26002.883,13326.114,4818.252,-1197.806,104.689,10102.963,1158.925,11.282
2018-08-25,67955.494,31317.88,22769.657,26002.883,13326.114,4818.252,-1197.806,104.689,10102.963,1158.925,11.282
2018-08-26,67955.494,31317.88,22769.657,26002.883,13326.114,4818.252,-1197.806,104.689,10102.963,1158.925,11.282
2018-08-27,67979.128,31352.907,22800.058,26058.142,13348.228,4821.73,-1186.851,104.689,10107.583,1158.925,11.282
2018-08-28,68000.689,31371.881,22822.578,26099.074,13364.609,4824.149,-1187.113,104.689,10111.482,1158.925,11.282
2018-08-29,67924.67,31390.854,22845.097,26140.006,13380.99,4826.567,-1187.374,104.689,10115.382,1158.925,11.282
2018-08-30,67951.705,31409.827,22867.617,26180.986,13397.371,4828.985,-1187.635,104.689,10119.281,1158.925,11.282
2018-08-31,67918.039,31413.111,22882.688,26208.379,13408.333,4830.39,-1187.81,104.689,10122.536,1158.925,11.282
2018-09-01,67918.039,31413.111,22882.688,26208.379,13408.333,4830.39,-1187.81,104.689,10122.536,1158.925,11.282
2018-09-02,67918.039,31413.111,22882.688,26208.379,13408.333,4830.39,-1187.81,104.689,10122.536,1158.925,11.282
2018-09-03,67940.255,31447.774,22912.656,26262.851,13430.132,4833.822,-1188.158,104.689,10260.924,1158.925,11.282
2018-09-04,67960.883,31466.747,22935.176,26303.783,13446.513,4836.24,-1188.419,104.689,10264.709,1158.925,11.282
2018-09-05,67981.512,31485.721,22957.695,26344.716,13462.894,4838.659,-1188.68,104.689,10268.493,1158.925,11.282
2018-09-06,68002.14,31504.694,22980.215,26385.648,13479.275,4841.077,-966.861,104.689,10287.95,1158.925,11.282
2018-09-07,68021.579,31508.343,22995.719,26413.829,13490.552,4842.528,-944.483,104.689,10099.343,1158.925,11.282
2018-09-08,68021.579,31508.343,22995.719,26413.829,13490.552,4842.528,-944.483,104.689,10099.343,1158.925,11.282
2018-09-09,68021.579,31508.343,22995.719,26413.829,13490.552,4842.528,-944.483,104.689,10099.343,1158.925,11.282
2018-09-10,68043.397,31542.641,23025.254,26467.513,13512.036,4845.914,-953.981,104.689,10103.788,1158.925,11.282
2018-09-11,68064.026,31561.614,23047.774,26508.446,13528.417,4848.332,-953.656,104.689,10107.667,1158.925,11.282
2018-09-12,69678.856,31580.587,23070.293,26549.378,13544.798,4850.75,-953.331,104.689,10111.546,1158.925,11.282
2018-09-13,69923.856,31599.56,23092.813,26590.311,13561.179,4853.169,-953.006,104.689,10115.425,1158.925,11.282
2018-09-14,69956.992,31603.574,23108.75,26619.278,13572.772,4854.666,-952.776,104.689,10118.811,1158.925,11.282
2018-09-15,69956.992,31603.574,23108.75,26619.278,13572.772,4854.666,-952.776,104.689,10118.811,1158.925,11.282
2018-09-16,69956.992,31603.574,23108.75,26619.278,13572.772,4854.666,-952.776,104.689,10118.811,1158.925,11.282
2018-09-17,69975.762,31965.643,23137.852,26672.176,13593.941,4858.005,-952.356,104.689,10122.725,1158.925,11.282
2018-09-18,70010.156,31984.604,23160.372,26713.108,13605.171,4860.424,-952.031,104.689,10126.593,1158.925,11.282
2018-09-19,70044.55,32117.915,23182.891,26754.041,13621.525,4862.842,-951.707,104.689,10130.461,1158.925,11.282
2018-09-20,70078.944,32136.67,23205.411,26794.973,13637.878,4865.998,-951.382,104.689,10134.329,1158.925,11.282
2018-09-21,70112.676,32140.998,23221.781,26824.728,13649.766,4867.537,-951.145,104.689,10137.781,1158.925,11.282
2018-09-22,70112.676,32140.998,23221.781,26824.728,13649.766,4867.537,-951.145,104.689,10137.781,1158.925,11.282
2018-09-23,70112.676,32140.998,23221.781,26824.728,13649.766,4867.537,-951.145,104.689,10137.781,1158.925,11.282
2018-09-24,70147.732,32206.304,23250.45,26876.838,13670.585,4870.819,-950.732,104.689,10142.065,1158.925,11.282
2018-09-25,70182.126,32225.38,23272.97,26856.001,13686.938,4873.23,-950.407,104.689,10145.933,1158.925,11.282
2018-09-26,70216.52,32241.566,23295.489,26862.424,13703.291,4875.64,-950.082,104.689,10149.801,1158.925,11.282
2018-09-27,70257.943,32260.636,23318.009,26903.2,13719.644,4878.051,-949.757,104.689,10153.669,1158.925,11.282
2018-09-28,70295.12,32265.404,23334.812,26933.625,13731.847,4879.636,-949.514,104.689,10157.195,1158.925,11.282
2018-09-29,70295.12,32265.404,23334.812,26933.625,13731.847,4879.636,-949.514,104.689,10157.195,1158.925,11.282
2018-09-30,70295.12,32265.404,23334.812,26933.625,13731.847,4879.636,-949.514,104.689,10157.195,1158.925,11.282
2018-10-01,68934.402,32237.585,23409.149,27159.804,13648.99,4882.872,-876.565,104.689,10161.405,1158.925,11.282
2018-10-02,68974.775,32256.625,23431.691,27200.791,13665.261,4885.282,-898.401,104.689,10165.273,1158.925,11.282
2018-10-03,69015.148,32275.665,23454.234,27241.779,13681.532,4887.693,-913.674,104.689,10169.141,1158.925,11.282
2018-10-04,69055.521,32294.705,23483.687,27294.604,13529.95,4890.103,-913.25,104.689,10173.009,1158.925,11.282
2018-10-05,69056.142,32299.832,23500.943,27326.009,13541.752,4891.735,-912.925,104.689,10176.609,1158.925,11.282
2018-10-06,69056.142,32299.832,23500.943,27326.009,13541.752,4891.735,-912.925,104.689,10176.609,1158.925,11.282
2018-10-07,69056.142,32299.832,23500.943,27326.009,13541.752,4891.735,-912.925,104.689,10176.609,1158.925,11.282
2018-10-08,69136.266,32332.786,23528.777,27376.668,12738.067,4894.925,-887.563,104.689,10180.745,1158.925,11.282
2018-10-09,69176.639,32351.826,23551.323,27417.7,12750.37,4897.335,-886.314,104.689,10184.613,1158.925,11.282
2018-10-10,69217.012,32370.867,23573.868,27458.732,12762.672,4899.746,-885.065,104.689,10188.481,1158.925,11.282
2018-10-11,69257.385,32389.907,23596.413,27499.764,12774.975,4897.449,-883.816,104.689,10192.349,1158.925,11.282
2018-10-12,69090.878,32392.306,23603.591,27531.958,12797.089,4899.12,-882.836,104.689,10196.023,1158.925,11.282
2018-10-13,69090.878,32392.306,23603.591,27531.958,12797.089,4899.12,-882.836,104.689,10196.023,1158.925,11.282
2018-10-14,69090.878,32392.306,23603.591,27531.958,12797.089,4899.12,-882.836,104.689,10196.023,1158.925,11.282
2018-10-15,69168.996,32489.117,23685.67,27581.828,12657.93,4902.25,-881.107,104.689,10200.084,1158.925,11.282
2018-10-16,69208.743,32508.879,23716.074,27622.86,12669.618,4904.65,-879.862,104.689,10203.952,1158.925,11.282
2018-10-17,69248.49,32528.64,23615.923,27663.459,12681.305,4907.051,-878.617,104.689,10207.82,1158.925,11.282
2018-10-18,70152.229,32548.402,23639.011,27382.893,12692.992,4909.451,-877.372,104.689,10211.688,1158.925,11.282
2018-10-19,70154.515,32554.482,25265.127,27406.87,12702.387,4911.169,-894.977,104.689,10215.437,1158.925,11.282
2018-10-20,70154.515,32554.482,25265.127,27406.87,12702.387,4911.169,-894.977,104.689,10215.437,1158.925,11.282
2018-10-21,70154.515,32554.482,25265.127,27406.87,12702.387,4911.169,-894.977,104.689,10215.437,1158.925,11.282
2018-10-22,71012.413,35494.617,25295.679,24805.779,12716.367,4914.252,-893.527,104.689,10219.424,1158.925,11.282
2018-10-23,71051.718,35520.653,25320.614,24834.441,12728.054,4881.489,-892.315,104.689,10223.292,1158.925,11.282
2018-10-24,71091.024,35584.755,25345.55,24863.102,12527.844,4883.703,-580.256,104.689,10227.16,1158.925,11.282
2018-10-25,71130.329,35417.719,25259.479,24961.522,12538.536,4819.653,66.405,104.689,10231.028,1158.925,11.282
2018-10-26,71133.202,35425.321,24183.654,27166.037,12547.337,4821.014,67.488,104.689,10234.851,1158.925,11.282
2018-10-27,71133.202,35425.321,24183.654,27166.037,12547.337,4821.014,67.488,104.689,10234.851,1158.925,11.282
2018-10-28,71133.202,35425.321,24183.654,27166.037,12547.337,4821.014,67.488,104.689,10234.851,1158.925,11.282
2018-10-29,70513.535,35464.223,24224.255,27275.848,12577.696,4832.293,69.037,104.689,10238.764,1158.925,11.282
2018-10-30,70555.81,35487.475,23917.769,27315.468,14295.967,4834.123,70.353,104.689,10242.632,1158.925,11.282
2018-10-31,70598.085,35510.726,23941.17,27355.089,12702.559,4835.953,71.669,104.689,10246.5,1158.925,11.282
2018-11-01,69081.31,35533.978,23964.572,27544.402,12701.808,4837.782,79.121,104.689,10252.831,1158.925,11.282
2018-11-02,70108.646,35542.027,23981.318,27578.303,12696.11,4839.162,80.106,104.689,10252.855,1158.925,11.282
2018-11-03,70108.646,35542.027,23981.318,27578.303,12696.11,4839.162,80.106,104.689,10252.855,1158.925,11.282
2018-11-04,70108.646,35542.027,23981.318,27578.303,12696.11,4839.162,80.106,104.689,10252.855,1158.925,11.282
2018-11-05,70143.578,35580.482,24008.493,27624.897,12688.279,4841.442,81.461,104.689,9812.876,1158.925,11.282
2018-11-06,70161.89,35603.734,24031.967,27665.145,12681.514,4843.272,82.631,104.689,9398.278,1158.925,11.282
2018-11-07,70416.86,35626.986,24055.44,27705.392,12797.4,4845.935,83.801,104.689,9401.837,1158.925,11.282
2018-11-08,70435.031,35650.237,24078.913,27792.102,12787.408,4847.755,84.971,104.689,8729.716,1158.925,11.282
2018-11-09,70437.058,35658.733,24099.136,27826.909,12778.799,4849.162,85.979,104.689,8729.798,1158.925,11.282
2018-11-10,70437.058,35658.733,24099.136,27826.909,12778.799,4849.162,85.979,104.689,8729.798,1158.925,11.282
2018-11-11,70437.058,35658.733,24099.136,27826.909,12778.799,4849.162,85.979,104.689,8729.798,1158.925,11.282
2018-11-12,70484.279,35696.741,24125.86,27872.902,12767.423,4851.394,87.311,104.689,8768.281,1158.925,11.282
2018-11-13,70484.817,35641.251,24149.333,27909.495,12757.886,4971.934,88.481,104.689,8771.716,1158.925,11.282
2018-11-14,69545.851,35664.986,24172.807,27950.007,12747.88,4837.674,89.651,104.689,8724.764,1158.925,11.282
2018-11-15,69563.634,35688.721,24196.28,27990.519,12737.875,4649.193,90.821,104.689,8847.253,1158.925,11.282
2018-11-16,69565.959,35697.85,24216.955,28026.201,12729.062,3802.2,91.852,104.689,8847.456,1158.925,11.282
2018-11-17,69565.959,35697.85,24216.955,28026.201,12729.062,3802.2,91.852,104.689,8847.456,1158.925,11.282
2018-11-18,69565.959,35697.85,24216.955,28026.201,12729.062,3802.2,91.852,104.689,8847.456,1158.925,11.282
2018-11-19,69688.609,35736.191,24243.227,28071.543,12717.863,3801.178,93.161,104.689,8857.119,1158.925,11.282
2018-11-20,69705.142,35759.926,24266.7,28112.055,12707.857,3800.331,231.615,104.689,8861.932,1158.925,11.282
2018-11-21,69721.674,35783.661,24290.174,28152.567,12697.851,3799.484,233.355,104.689,8866.744,1158.925,11.282
2018-11-22,69738.206,35807.396,24313.647,28193.078,12687.846,3798.637,235.095,104.689,8871.556,1158.925,11.282
2018-11-23,69740.686,35816.981,24334.773,28229.539,12678.84,3797.95,236.66,104.689,8871.852,1158.925,11.282
2018-11-24,69740.686,35816.981,24334.773,28229.539,12678.84,3797.95,236.66,104.689,8871.852,1158.925,11.282
2018-11-25,69740.686,35816.981,24334.773,28229.539,12678.84,3797.95,236.66,104.689,8871.852,1158.925,11.282
2018-11-26,69771.271,35845.811,24360.594,28274.102,12581.34,3719.384,238.574,104.689,8881.181,1158.925,11.282
2018-11-27,69787.803,35869.605,24384.067,28314.614,12570.956,3718.631,240.314,104.689,8885.993,1158.925,11.282
2018-11-28,69804.335,35893.399,24407.541,28355.126,12560.572,3717.877,242.053,104.689,8890.805,1158.925,11.282
2018-11-29,69820.867,35917.192,24431.014,28395.638,12550.188,3717.124,243.793,104.689,8895.617,1158.925,11.282
2018-11-30,69823.665,35927.259,24452.591,28432.878,12540.642,3716.498,245.392,104.689,8896.006,1158.925,11.282
2018-12-01,69823.665,35927.259,24452.591,28432.878,12540.642,3716.498,245.392,104.689,8896.006,1158.925,11.282
2018-12-02,69823.665,35927.259,24452.591,28432.878,12540.642,3716.498,245.392,104.689,8896.006,1158.925,11.282
2018-12-03,69853.932,35964.78,24876.05,28471.799,12529.42,3715.617,247.272,104.689,8909.284,1158.925,11.282
2018-12-04,69870.464,35988.573,24902.252,28512.554,12519.036,3714.864,249.012,104.689,8913.381,1158.925,11.282
2018-12-05,69886.996,36012.367,24928.453,28553.309,12508.652,3714.11,250.752,104.689,8918.193,1158.925,11.282
2018-12-06,69903.529,36036.161,24836.666,28594.064,12480.501,3713.357,252.492,104.689,9031.559,1158.925,11.282
2018-12-07,69906.644,36046.685,24861.091,28632.311,12470.687,3712.717,281.266,104.689,9574.051,1158.925,11.282
2018-12-08,69906.644,36046.685,24861.091,28632.311,12470.687,3712.717,281.266,104.689,9574.051,1158.925,11.282
2018-12-09,69906.644,36046.685,24861.091,28632.311,12470.687,3712.717,281.266,104.689,9574.051,1158.925,11.282
2018-12-10,69618.931,36083.748,24888.718,28675.574,12459.587,3711.85,283.246,104.689,9585.954,1158.925,11.282
2018-12-11,69637.118,36107.542,24914.743,28713.585,12449.13,3711.097,285.111,104.689,9592.219,1158.925,11.282
2018-12-12,69655.305,36205.309,24940.769,28754.329,12438.673,3710.344,294.283,104.689,9598.484,1158.925,11.282
2018-12-13,69673.492,36228.634,24966.795,28795.073,12428.217,3709.59,379.561,104.689,9604.748,1158.925,11.282
2018-12-14,69677.269,36239.4,24991.719,28834.093,12418.202,3708.935,381.677,104.689,9605.495,1158.925,11.282
2018-12-15,69677.269,36239.4,24991.719,28834.093,12418.202,3708.935,381.677,104.689,9605.495,1158.925,11.282
2018-12-16,69677.269,36239.4,24991.719,28834.093,12418.202,3708.935,381.677,104.689,9605.495,1158.925,11.282
2018-12-17,69709.866,36275.284,25018.846,28876.561,12407.303,3644.243,383.979,104.689,9617.278,1158.925,11.282
2018-12-18,69728.053,36298.609,25044.872,28917.305,12396.846,3643.21,386.188,104.689,9623.543,1158.925,11.282
2018-12-19,69785.082,36321.934,25070.898,28958.048,12386.389,3642.177,439.816,104.689,9629.808,1158.925,11.282
2018-12-20,69800.865,36345.259,25096.923,28998.792,12375.933,3641.143,442.228,104.689,9636.072,1158.925,11.282
2018-12-21,69805.068,36356.473,25122.348,29038.596,12365.717,3640.225,444.584,104.689,9636.94,1158.925,11.282
2018-12-22,69805.068,36356.473,25122.348,29038.596,12365.717,3640.225,444.584,104.689,9636.94,1158.925,11.282
2018-12-23,69805.068,36356.473,25122.348,29038.596,12365.717,3640.225,444.584,104.689,9636.94,1158.925,11.282
2018-12-24,69837.909,36391.909,25155.995,29080.28,12357.652,3639.077,447.052,104.689,9648.602,1158.925,11.282
2018-12-25,69856.43,36415.234,25182.057,29121.024,12347.205,3638.043,449.464,104.689,9654.867,1158.925,11.282
2018-12-26,69894.405,36438.559,25208.118,29161.768,12336.759,3637.01,451.876,104.689,9661.132,1158.925,11.282
2018-12-27,69912.828,36461.884,25234.18,29202.512,12326.312,3635.976,454.288,104.689,9667.396,1158.925,11.282
2018-12-28,69917.363,36473.547,25260.141,29243.099,12315.906,3635.038,456.691,104.689,9668.384,1158.925,11.282
2018-12-29,69917.363,36473.547,25260.141,29243.099,12315.906,3635.038,456.691,104.689,9668.384,1158.925,11.282
2018-12-30,69917.363,36473.547,25260.141,29243.099,12315.906,3635.038,456.691,104.689,9668.384,1158.925,11.282
2018-12-31,68795.025,36635.657,25258.93,29467.6,12167.125,3633.91,482.599,104.689,9679.926,1158.925,11.282
2019-01-01,68813.174,36659.054,25266.063,29512.426,12184.114,3632.876,488.336,104.689,9686.191,1158.925,11.282
2019-01-02,66620.529,36682.451,25273.196,29568.135,12201.103,3631.843,508.979,104.689,9774.856,1158.925,11.282
2019-01-03,65525.639,36705.848,25206.945,29612.952,12218.092,3630.81,386.843,104.689,9781.349,1158.925,11.282
2019-01-04,65531.208,36717.996,25207.026,29613.47,12218.288,3629.852,386.907,104.689,9782.458,1158.925,11.282
2019-01-05,65531.208,36717.996,25207.026,29613.47,12218.288,3629.852,386.907,104.689,9782.458,1158.925,11.282
2019-01-06,65531.208,36717.996,25207.026,29613.47,12218.288,3629.852,386.907,104.689,9782.458,1158.925,11.282
2019-01-07,65567.607,36752.641,24843.005,29741.904,12252.069,3630.423,320.243,104.689,9793.877,1158.925,11.282
2019-01-08,65612.245,36776.038,24851.908,29786.885,12278.508,3629.296,325.767,104.689,9800.14,1158.925,11.282
2019-01-09,65633.155,36799.435,24860.81,29862.458,12295.484,3628.169,331.292,104.689,9806.404,1158.925,11.282
2019-01-10,65654.066,36822.831,24869.713,29907.64,12298.135,3627.043,336.817,104.689,9812.668,1158.925,11.282
2019-01-11,65660.017,36835.43,24869.987,29909.03,12298.659,3625.977,336.987,104.689,9813.897,1158.925,11.282
2019-01-12,65660.017,36835.43,24869.987,29909.03,12298.659,3625.977,336.987,104.689,9813.897,1158.925,11.282
2019-01-13,65660.017,36835.43,24869.987,29909.03,12298.659,3625.977,336.987,104.689,9813.897,1158.925,11.282
2019-01-14,65695.887,36648.591,24887.519,29998.005,12332.173,3624.789,347.866,104.689,9825.195,1158.925,11.282
2019-01-15,65716.798,36672.164,24896.422,30043.187,12349.191,3623.663,353.39,104.689,9831.459,1158.925,11.282
2019-01-16,65737.708,36695.738,25357.249,30088.369,12366.21,3622.536,358.915,104.689,9837.723,1158.925,11.282
2019-01-17,65758.619,36719.311,25366.92,30133.551,12383.229,3621.409,364.439,104.689,9843.987,1158.925,11.282
2019-01-18,65764.973,36732.458,25367.404,30135.81,12384.079,3620.321,324.79,104.689,9845.336,1158.925,11.282
2019-01-19,65764.973,36732.458,25367.404,30135.81,12384.079,3620.321,324.79,104.689,9845.336,1158.925,11.282
2019-01-20,65764.973,36732.458,25367.404,30135.81,12384.079,3620.321,324.79,104.689,9845.336,1158.925,11.282
2019-01-21,65800.44,36766.459,24917.025,30223.916,12424.093,3619.156,334.827,104.689,9856.514,1158.925,11.282
2019-01-22,65821.351,36790.032,24926.057,30269.098,12441.207,3618.029,339.974,104.689,9862.778,1158.925,11.282
2019-01-23,65894.134,36813.606,24881.474,29141.66,12468.687,3616.902,345.121,104.689,9869.041,1158.925,11.282
2019-01-24,65915.082,36837.18,24774.148,29178.394,12485.735,3615.776,350.269,104.689,9875.305,1158.925,11.282
2019-01-25,66111.282,36850.78,24774.767,28703.019,12486.916,3614.666,350.625,104.689,9876.775,1158.925,11.282
2019-01-26,66111.282,36850.78,24774.767,28703.019,12486.916,3614.666,350.625,104.689,9876.775,1158.925,11.282
2019-01-27,66111.282,36850.78,24774.767,28703.019,12486.916,3614.666,350.625,104.689,9876.775,1158.925,11.282
2019-01-28,66142.293,36483.341,24892.552,27855.897,9836.97,2911.679,360.563,104.689,9887.833,1158.925,11.282
2019-01-29,65693.197,36030.482,21143.952,28038.09,9785.278,2795.322,315.966,104.689,9894.096,1158.925,11.282
2019-01-30,65763.781,35776.528,21147.964,28117.354,9716.486,2791.321,320.977,104.689,9900.36,1158.925,11.282
2019-01-31,65802.151,34920.729,21398.066,28222.467,10226.426,2800.177,120.605,104.689,9906.624,1158.925,11.282
2019-02-01,65864.321,34933.013,21398.417,29951.573,10227.95,2800.177,120.91,104.689,9908.214,1158.925,11.282
2019-02-02,65864.321,34933.013,21398.417,29951.573,10227.95,2800.177,120.91,104.689,9908.214,1158.925,11.282
2019-02-03,65864.321,34933.013,21398.417,29951.573,10227.95,2800.177,120.91,104.689,9908.214,1158.925,11.282
2019-02-04,65874.448,34961.94,20547.013,29876.533,10260.879,2809.759,127.515,104.689,9639.532,1158.925,11.282
2019-02-05,65880.557,34982.546,22051.389,29911.905,10278.106,2814.551,185.219,104.689,9645.588,1158.925,11.282
2019-02-06,65886.666,35003.152,22055.602,29947.276,10295.332,2819.342,188.824,104.689,9651.676,1158.925,11.282
2019-02-07,65892.775,35023.757,21566.777,29923.407,10140.435,2824.133,192.429,104.689,9657.765,1158.925,11.282
2019-02-08,65894.983,35036.438,21567.258,29927.246,10142.277,2824.225,192.818,104.689,9659.427,1158.925,11.282
2019-02-09,65894.983,35036.438,21567.258,29927.246,10142.277,2824.225,192.818,104.689,9659.427,1158.925,11.282
2019-02-10,65894.983,35036.438,21567.258,29927.246,10142.277,2824.225,192.818,104.689,9659.427,1158.925,11.282
2019-02-11,65904.992,35089.027,21575.706,30223.973,10174.647,2748.441,240.284,104.689,9637.554,1158.925,11.282
2019-02-12,65911.101,35109.752,21580.17,30258.628,10191.753,2753.236,243.557,104.689,9643.672,1158.925,11.282
2019-02-13,65917.21,35130.477,21584.634,30293.282,10208.859,2758.03,240.7,104.689,9649.791,1158.925,11.282
2019-02-14,65923.319,35137.409,21589.099,30327.937,10225.965,2641.6,243.781,104.689,9655.909,1158.925,11.282
2019-02-15,65925.645,35150.449,21589.665,30332.335,10228.136,3046.78,244.172,104.689,9657.697,1158.925,11.282
2019-02-16,65925.645,35150.449,21589.665,30332.335,10228.136,3046.78,244.172,104.689,9657.697,1158.925,11.282
2019-02-17,65925.645,35150.449,21589.665,30332.335,10228.136,3046.78,244.172,104.689,9657.697,1158.925,11.282
2019-02-18,65935.536,35178.505,21598.027,30397.246,10260.177,3053.136,249.943,104.689,9668.145,1158.925,11.282
2019-02-19,65911.392,35199.053,21602.491,30431.901,10277.283,3056.377,253.024,104.689,9674.263,1158.925,11.282
2019-02-20,65917.541,35219.601,21606.956,30466.556,10294.388,3059.617,262.304,104.689,9680.382,1158.925,11.282
2019-02-21,65923.69,35240.149,21611.42,30501.21,10311.494,3062.857,265.391,104.689,9686.5,1158.925,11.282
2019-02-22,65926.149,35253.585,21612.073,30506.275,10313.994,3063.044,265.842,104.689,9688.406,1158.925,11.282
2019-02-23,65926.149,35253.585,21612.073,30506.275,10313.994,3063.044,265.842,104.689,9688.406,1158.925,11.282
2019-02-24,65926.149,35253.585,21612.073,30506.275,10313.994,3063.044,265.842,104.689,9688.406,1158.925,11.282
2019-02-25,65935.988,35281.245,21620.349,30570.52,10345.706,3069.338,271.564,104.689,9698.736,1158.925,11.282
2019-02-26,65942.137,35301.793,21624.813,30605.174,10362.812,3072.578,385.596,104.689,9704.854,1158.925,11.282
2019-02-27,65948.286,35322.341,21629.277,30639.829,10379.918,3075.818,388.063,104.689,9710.973,1158.925,11.282
2019-02-28,65954.435,35342.889,21633.742,30674.484,10397.024,3079.058,390.126,104.689,9717.091,1158.925,11.282
2019-03-01,65957.013,35356.72,21634.48,30692.55,10399.853,3079.308,396.317,104.689,9719.115,1158.925,11.282
2019-03-02,65957.013,35356.72,21634.48,30692.55,10399.853,3079.308,396.317,104.689,9719.115,1158.925,11.282
2019-03-03,65957.013,35356.72,21634.48,30692.55,10399.853,3079.308,396.317,104.689,9719.115,1158.925,11.282
2019-03-04,65970.254,35390.573,21646.351,30785.212,10445.338,3088.495,402.994,104.689,9733.367,1158.925,11.282
2019-03-05,65976.379,35411.043,21650.798,30819.927,10462.379,3091.723,405.496,104.689,9739.462,1158.925,11.282
2019-03-06,65982.505,35431.512,21655.245,30854.641,10479.419,3094.951,407.997,104.689,9745.557,1158.925,11.282
2019-03-07,65985.18,35445.629,21656.063,30861.026,10482.553,3095.26,408.457,104.689,9747.682,1158.925,11.282
2019-03-08,65987.876,35459.855,21656.887,30867.459,10485.711,3095.571,408.921,104.689,9749.823,1158.925,11.282
2019-03-09,65987.876,35459.855,21656.887,30867.459,10485.711,3095.571,408.921,104.689,9749.823,1158.925,11.282
2019-03-10,65987.876,35459.855,21656.887,30867.459,10485.711,3095.571,408.921,104.689,9749.823,1158.925,11.282
2019-03-11,64788.005,35492.921,21668.587,30958.786,10530.664,3104.634,415.502,104.689,9581.646,1158.925,11.282
2019-03-12,64789.431,35513.391,21673.034,30993.5,10547.721,3107.862,317.999,104.689,9587.68,1158.925,11.282
2019-03-13,64790.857,35536.509,21677.482,31028.215,10564.777,3111.09,320.215,104.689,9593.714,1158.925,11.282
2019-03-14,64851.473,35551.071,21678.385,31035.265,10568.241,3111.461,320.665,104.689,9602.254,1158.925,11.282
2019-03-15,64856.078,35565.746,21679.295,31042.368,10571.731,3111.835,-85.473,104.689,10611.364,1158.925,11.282
2019-03-16,64856.078,35565.746,21679.295,31042.368,10571.731,3111.835,-85.473,104.689,10611.364,1158.925,11.282
2019-03-17,64856.078,35565.746,21679.295,31042.368,10571.731,3111.835,-85.473,104.689,10611.364,1158.925,11.282
2019-03-18,64859.839,35598.143,21690.823,31132.36,10837.552,3192.883,-79.701,104.689,10424.797,1158.925,11.282
2019-03-19,64861.643,35618.688,21695.271,31167.074,10858.566,3196.115,-77.475,104.689,10748.546,1158.925,11.282
2019-03-20,64863.447,35639.233,21699.718,31201.789,10879.58,3185.63,-75.248,104.689,10754.082,1158.925,11.282
2019-03-21,64864.304,35654.188,21700.706,31209.503,10884.25,3186.067,-74.753,104.689,10756.224,1158.925,11.282
2019-03-22,64754.248,35669.259,21701.702,31217.277,10888.955,3186.507,-74.255,104.689,10758.383,1158.925,11.282
2019-03-23,64754.248,35669.259,21701.702,31217.277,10888.955,3186.507,-74.255,104.689,10758.383,1158.925,11.282
2019-03-24,64754.248,35669.259,21701.702,31217.277,10888.955,3186.507,-74.255,104.689,10758.383,1158.925,11.282
2019-03-25,64757.375,35628.045,21713.06,31305.933,10942.622,3195.401,-68.568,104.689,10770.689,1158.925,11.282
2019-03-26,64729.821,35648.212,21570.956,31340.648,11124.895,3198.658,-66.342,104.689,10776.224,1158.925,11.282
2019-03-27,64731.088,35686.36,21575.502,31375.363,11147.583,3201.915,-64.257,104.689,10781.76,1158.925,11.282
2019-03-28,64731.714,35701.228,21576.599,31383.742,11153.06,3202.414,-63.719,104.689,10784.008,1158.925,11.282
2019-03-29,64732.344,35716.209,21577.705,31392.186,11158.578,3202.917,-427.304,104.689,10786.274,1158.925,11.282
2019-03-30,64732.344,35716.209,21577.705,31392.186,11158.578,3202.917,-427.304,104.689,10786.274,1158.925,11.282
2019-03-31,64732.344,35716.209,21577.705,31392.186,11158.578,3202.917,-427.304,104.689,10786.274,1158.925,11.282
2019-04-01,63710.429,35611.665,21563.506,31576.075,11047.078,3211.686,-412.007,104.689,10798.367,1158.925,11.282
2019-04-02,63711.653,35631.496,21568.047,31610.876,11069.627,3209.57,-410.818,104.689,10803.903,1158.925,11.282
2019-04-03,63722.607,35651.327,21572.587,31645.676,11092.175,3212.814,-409.628,104.689,10809.438,1158.925,11.282
2019-04-04,63723.189,35666.523,21573.769,31654.743,11097.922,3213.373,-514.943,104.689,10811.792,1158.925,11.282
2019-04-05,63723.776,35681.836,21574.961,31663.88,11103.842,3213.937,-514.629,104.689,10814.165,1158.925,11.282
2019-04-06,63723.776,35681.836,21574.961,31663.88,11103.842,3213.937,-514.629,104.689,10814.165,1158.925,11.282
2019-04-07,63723.776,35681.836,21574.961,31663.88,11103.842,3213.937,-514.629,104.689,10814.165,1158.925,11.282
2019-04-08,63726.009,35710.819,21586.207,28691.55,11159.692,3222.546,-511.665,104.689,10826.045,1158.925,11.282
2019-04-09,63727.144,35730.65,21590.747,28615.408,11182.241,3225.79,-830.295,104.689,10831.581,1158.925,11.282
2019-04-10,63728.278,35750.481,21595.287,28648.1,11204.789,3229.034,-828.835,104.689,10837.116,1158.925,11.282
2019-04-11,63852.306,35766.057,24078.597,28657.243,11211.096,3229.656,-828.427,104.689,10839.577,1158.925,11.282
2019-04-12,63859.501,35781.752,24081.94,28666.457,11217.451,3230.282,-828.015,104.689,10842.056,1158.925,11.282
2019-04-13,63859.501,35781.752,24081.94,28666.457,11217.451,3230.282,-828.015,104.689,10842.056,1158.925,11.282
2019-04-14,63859.501,35781.752,24081.94,28666.457,11217.451,3230.282,-828.015,104.689,10842.056,1158.925,11.282
2019-04-15,63885.389,35809.973,24110.86,28746.174,11272.434,3238.766,-824.456,104.689,10853.723,1158.925,11.282
2019-04-16,63898.797,35829.804,24122.72,28778.865,11315.217,3242.01,-822.997,104.689,10859.259,1158.925,11.282
2019-04-17,63912.205,35849.635,24134.58,28811.556,11337.744,3245.254,-821.537,104.689,10864.795,1158.925,11.282
2019-04-18,63919.603,35878.289,24138.125,28821.326,11327.899,3245.938,-821.101,104.689,10867.361,1158.925,11.282
2019-04-19,63927.057,35894.652,24141.696,28831.171,11334.696,3246.627,-820.662,104.689,10869.947,1158.925,11.282
2019-04-20,63927.057,35894.652,24141.696,28831.171,11334.696,3246.627,-820.662,104.689,10869.947,1158.925,11.282
2019-04-21,63927.057,35894.652,24141.696,28831.171,11334.696,3246.627,-820.662,104.689,10869.947,1158.925,11.282
2019-04-22,63952.429,35925.467,24170.16,29217.424,11411.506,3254.986,-709.315,104.689,10881.402,1158.925,11.282
2019-04-23,63965.837,35945.59,24182.021,29298.286,11471.285,3258.23,-603.038,104.689,10886.937,1158.925,11.282
2019-04-24,63979.245,36097.531,28427.932,29330.529,11886.303,3261.474,-701.674,104.689,10892.473,1158.925,11.282
2019-04-25,63997.888,36744.475,30890.173,29398.468,12766.363,3262.22,-721.069,104.689,10895.145,1158.925,11.282
2019-04-26,64005.607,36758.779,30869.755,28902.779,12774.529,3262.972,-733.272,104.689,10897.838,1158.925,11.282
2019-04-27,64005.607,36758.779,30869.755,28902.779,12774.529,3262.972,-733.272,104.689,10897.838,1158.925,11.282
2019-04-28,64005.607,36758.779,30869.755,28902.779,12774.529,3262.972,-733.272,104.689,10897.838,1158.925,11.282
2019-04-29,64019.974,36781.976,30625.551,28996.395,12834.701,3258.533,-728.554,104.689,10909.08,1158.925,11.282
2019-04-30,62954.191,36799.208,19785.071,29036.037,12860.181,3261.766,-726.556,104.689,10914.615,1158.925,11.282
2019-05-01,61072.05,36872.897,19804.26,29075.679,12885.661,3265.0,-724.558,104.689,10920.151,1158.925,11.282
2019-05-02,61082.88,36887.521,19810.73,29089.045,12963.022,3265.805,-643.948,104.689,10922.929,1158.925,11.282
2019-05-03,61093.792,36902.257,19817.25,29094.9,12971.695,3266.617,-643.533,104.689,10925.729,1158.925,11.282
2019-05-04,61093.792,36902.257,19817.25,29094.9,12971.695,3266.617,-643.533,104.689,10925.729,1158.925,11.282
2019-05-05,61093.792,36902.257,19817.25,29094.9,12971.695,3266.617,-643.533,104.689,10925.729,1158.925,11.282
2019-05-06,61127.111,36924.945,19861.828,29186.412,13030.997,3274.7,-737.788,104.689,10821.948,1158.925,11.282
2019-05-07,61145.465,36942.294,19881.017,29225.804,13056.524,3277.933,-736.007,104.689,10827.426,1158.925,11.282
2019-05-08,61163.819,36959.643,20046.765,29265.196,13082.052,3281.167,-734.226,104.689,10832.905,1158.925,11.282
2019-05-09,61175.0,36974.599,20053.206,29279.232,13091.148,3282.034,-733.591,104.689,10835.76,1158.925,11.282
2019-05-10,61186.267,36989.67,20059.696,29293.377,13100.313,3282.908,-732.952,104.689,10838.637,1158.925,11.282
2019-05-11,61186.267,36989.67,20059.696,29293.377,13100.313,3282.908,-732.952,104.689,10838.637,1158.925,11.282
2019-05-12,61186.267,36989.67,20059.696,29293.377,13100.313,3282.908,-732.952,104.689,10838.637,1158.925,11.282
2019-05-13,61218.88,37011.691,20100.991,29383.373,13158.633,3290.867,-728.883,104.689,10849.342,1158.925,11.282
2019-05-14,61237.234,37029.04,20119.066,29422.765,13184.161,3294.1,-727.102,104.689,10851.942,1158.925,11.282
2019-05-15,61255.587,37046.389,20137.141,29462.157,13209.688,3297.333,-725.321,104.689,10857.542,1158.925,11.282
2019-05-16,61267.12,37061.678,20143.928,29476.948,13219.273,3259.112,-724.652,104.689,10860.567,1158.925,11.282
2019-05-17,61293.167,37077.084,20150.767,29491.853,13228.932,3109.009,-723.978,104.689,10863.616,1158.925,11.282
2019-05-18,61293.167,37077.084,20150.767,29491.853,13228.932,3109.009,-723.978,104.689,10863.616,1158.925,11.282
2019-05-19,61293.167,37077.084,20150.767,29491.853,13228.932,3109.009,-723.978,104.689,10863.616,1158.925,11.282
2019-05-20,61368.759,37044.526,20200.358,29732.159,13273.314,3116.414,-719.978,104.689,10874.342,1158.925,11.282
2019-05-21,61386.896,37061.643,20218.209,29773.01,13298.699,3119.471,-718.197,104.689,10879.942,1158.925,11.282
2019-05-22,61405.032,37078.761,20236.06,29813.862,13324.085,3122.527,-716.416,104.689,10885.542,1158.925,11.282
2019-05-23,61416.776,37094.174,20243.104,29829.984,13370.369,3123.463,-715.713,104.689,10888.675,1158.925,11.282
2019-05-24,61428.61,37109.705,20250.203,29846.23,13380.469,3124.407,-715.004,104.689,10891.831,1158.925,11.282
2019-05-25,61428.61,37109.705,20250.203,29846.23,13380.469,3124.407,-715.004,104.689,10891.831,1158.925,11.282
2019-05-26,61428.61,37109.705,20250.203,29846.23,13380.469,3124.407,-715.004,104.689,10891.831,1158.925,11.282
2019-05-27,59039.996,37130.115,20289.613,29936.418,13436.542,3131.695,-711.072,104.689,10902.342,1158.925,11.282
2019-05-28,59050.044,37147.233,20307.464,30038.402,13461.941,3134.751,-709.291,104.689,10907.942,1158.925,11.282
2019-05-29,59060.093,37164.351,20325.315,30079.366,13570.793,3137.808,-694.584,104.689,10913.542,1158.925,11.282
2019-05-30,59066.792,37180.091,20332.701,30096.317,13581.644,3138.803,-693.861,104.689,10916.782,1158.925,11.282
2019-05-31,59073.542,37195.953,20340.145,30113.398,13592.578,3139.806,-693.133,104.689,10920.047,1158.925,11.282
2019-06-01,59073.542,37195.953,20340.145,30113.398,13592.578,3139.806,-693.133,104.689,10920.047,1158.925,11.282
2019-06-02,59073.542,37195.953,20340.145,30113.398,13592.578,3139.806,-693.133,104.689,10920.047,1158.925,11.282
2019-06-03,59090.238,37215.704,20378.868,30202.259,13649.459,3146.976,-689.344,104.689,10930.343,1158.925,11.282
2019-06-04,59100.286,37232.822,20396.719,30243.224,13675.68,3150.032,-687.597,104.689,10933.645,1158.925,11.282
2019-06-05,59112.911,37249.94,20414.57,30284.188,13701.902,3153.088,-685.851,104.689,10939.232,1158.925,11.282
2019-06-06,59119.781,37291.693,20422.299,30301.924,13713.255,3154.142,-685.094,104.689,10917.93,1158.925,11.282
2019-06-07,59126.704,37307.984,20430.087,30319.796,13724.695,3155.204,-684.332,104.689,10921.323,1158.925,11.282
2019-06-08,59126.704,37307.984,20430.087,30319.796,13724.695,3155.204,-684.332,104.689,10921.323,1158.925,11.282
2019-06-09,59126.704,37307.984,20430.087,30319.796,13724.695,3155.204,-684.332,104.689,10921.323,1158.925,11.282
2019-06-10,59142.963,37327.193,20468.123,30407.081,13780.567,3162.257,-680.61,104.689,11077.745,1158.925,11.282
2019-06-11,59152.981,37344.415,20485.974,30448.046,13806.789,3165.313,-678.864,104.689,11083.593,1158.925,11.282
2019-06-12,59162.998,37361.637,20503.825,30489.01,13833.011,3168.369,-677.117,104.689,11089.441,1158.925,11.282
2019-06-13,59170.06,37378.133,20511.896,30507.53,13844.866,3169.482,-676.327,104.689,11374.069,1158.925,11.282
2019-06-14,59177.176,37394.756,20520.028,30526.193,13856.812,3170.603,-652.562,104.689,9159.341,1158.925,11.282
2019-06-15,59177.176,37394.756,20520.028,30526.193,13856.812,3170.603,-652.562,104.689,9159.341,1158.925,11.282
2019-06-16,59177.176,37394.756,20520.028,30526.193,13856.812,3170.603,-652.562,104.689,9159.341,1158.925,11.282
2019-06-17,59054.515,37413.303,20557.378,30611.903,13911.676,3177.538,-648.744,104.689,9169.813,1158.925,11.282
2019-06-18,59063.543,37430.525,20575.229,30652.868,13937.898,3180.594,-646.92,104.689,9175.565,1158.925,11.282
2019-06-19,59129.364,37447.747,20593.08,30693.832,13964.12,3183.65,-645.095,104.689,9181.318,1158.925,11.282
2019-06-20,59136.051,37464.573,20601.493,30713.137,13976.477,3184.821,-696.341,104.689,9184.976,1158.925,11.282
2019-06-21,59142.79,37481.529,20609.97,30729.396,13988.93,3186.001,-665.441,104.689,9188.663,1158.925,11.282
2019-06-22,59142.79,37481.529,20609.97,30729.396,13988.93,3186.001,-665.441,104.689,9188.663,1158.925,11.282
2019-06-23,59142.79,37481.529,20609.97,30729.396,13988.93,3186.001,-665.441,104.689,9188.663,1158.925,11.282
2019-06-24,59157.069,37499.413,20646.633,30813.496,14042.785,3192.819,-662.507,104.689,9198.575,1158.925,11.282
2019-06-25,59166.304,37572.417,20664.484,30854.444,14069.007,3195.875,-661.078,104.689,9204.328,1158.925,11.282
2019-06-26,59175.539,37589.854,20682.335,30895.392,14095.229,3198.931,-740.228,104.689,9210.08,1158.925,11.282
2019-06-27,59182.403,37607.225,20691.09,30915.474,14219.199,3200.161,-762.746,104.689,9213.849,1158.925,11.282
2019-06-28,59189.32,37624.729,20699.912,30935.71,14248.597,3201.399,-848.707,104.689,9217.647,1158.925,11.282
2019-06-29,59189.32,37624.729,20699.912,30935.71,14248.597,3201.399,-848.707,104.689,9217.647,1158.925,11.282
2019-06-30,59189.32,37624.729,20699.912,30935.71,14248.597,3201.399,-848.707,104.689,9217.647,1158.925,11.282
2019-07-01,57541.816,37535.26,20672.798,31211.155,14290.842,3208.1,-810.08,104.689,9227.338,1158.925,11.282
2019-07-02,57550.637,37564.384,20690.614,31252.3,14317.487,3211.156,-808.102,104.689,9233.09,1158.925,11.282
2019-07-03,57559.458,37593.507,20708.43,31293.444,14344.131,3214.212,-782.012,104.689,9238.843,1158.925,11.282
2019-07-04,57566.184,37593.842,20717.508,31314.411,14357.709,3215.5,-781.496,104.689,9242.722,1158.925,11.282
2019-07-05,57572.961,37594.179,20726.657,31335.538,14371.391,3216.798,-780.976,104.689,9246.631,1158.925,11.282
2019-07-06,57572.961,37594.179,20726.657,31335.538,14371.391,3216.798,-780.976,104.689,9246.631,1158.925,11.282
2019-07-07,57572.961,37594.179,20726.657,31335.538,14371.391,3216.798,-780.976,104.689,9246.631,1158.925,11.282
2019-07-08,57579.526,37680.877,20761.877,31416.878,14424.066,3223.38,-778.976,104.689,9256.1,1158.925,11.282
2019-07-09,57588.315,37710.0,20779.693,31458.023,14450.71,3226.437,-777.964,104.689,9261.853,1158.925,11.282
2019-07-10,57597.105,37739.124,20797.508,31499.168,14477.355,3229.493,-776.951,104.689,9267.605,1158.925,11.282
2019-07-11,57603.974,37721.781,20806.928,31520.922,14491.443,3230.839,-776.416,104.689,9276.456,1158.925,11.282
2019-07-12,57610.897,37722.682,20816.42,31542.844,14505.639,3232.196,-775.877,104.689,9280.473,1158.925,11.282
2019-07-13,57610.897,37722.682,20816.42,31542.844,14505.639,3232.196,-775.877,104.689,9280.473,1158.925,11.282
2019-07-14,57610.897,37722.682,20816.42,31542.844,14505.639,3232.196,-775.877,104.689,9280.473,1158.925,11.282
2019-07-15,57623.473,37808.463,20848.088,31622.602,14557.289,3238.661,-662.219,104.689,9289.715,1158.925,11.282
2019-07-16,57632.262,37954.526,23283.987,31663.746,14583.934,3241.717,-661.166,104.689,9295.464,1158.925,11.282
2019-07-17,57641.051,37983.251,23303.973,31704.891,14610.579,3244.774,-660.114,104.689,9301.213,1158.925,11.282
2019-07-18,57648.089,38073.978,23314.924,31727.434,14625.177,3246.179,-656.126,104.689,9305.309,1158.925,11.282
2019-07-19,57655.182,37874.918,23325.959,31750.15,14639.888,3247.595,-655.511,104.689,9309.438,1158.925,11.282
2019-07-20,57655.182,37874.918,23325.959,31750.15,14639.888,3247.595,-655.511,104.689,9309.438,1158.925,11.282
2019-07-21,57655.182,37874.918,23325.959,31750.15,14639.888,3247.595,-655.511,104.689,9309.438,1158.925,11.282
2019-07-22,57667.419,37977.413,23259.043,31405.098,14687.287,3253.942,-653.396,104.689,9318.459,1158.925,11.282
2019-07-23,57676.208,38012.756,23278.977,31376.672,14697.794,3256.998,-652.283,104.689,9324.207,1158.925,11.282
2019-07-24,57694.821,38048.099,23298.91,30013.08,15095.984,3260.054,-642.802,104.689,9329.956,1158.925,11.282
2019-07-25,57702.028,38050.537,23782.866,30013.648,15183.938,3261.518,-499.653,104.689,9334.163,1158.925,11.282
2019-07-26,60333.792,38052.993,21517.869,31692.881,15202.007,3262.993,-503.49,104.689,9338.402,1158.925,11.282
2019-07-27,60333.792,38052.993,21517.869,31692.881,15202.007,3262.993,-503.49,104.689,9338.402,1158.925,11.282
2019-07-28,60333.792,38052.993,21517.869,31692.881,15202.007,3262.993,-503.49,104.689,9338.402,1158.925,11.282
2019-07-29,60355.857,38154.129,21545.419,31740.676,15260.87,3244.972,-502.83,104.689,9369.961,1158.925,11.282
2019-07-30,60078.698,38189.472,21560.219,31766.352,15292.491,3248.132,-461.387,104.689,9376.134,1158.925,11.282
2019-07-31,59195.715,38224.815,21575.019,31837.223,15324.111,3251.292,-461.107,104.689,9382.307,1158.925,11.282
2019-08-01,59289.62,38227.93,21583.695,31852.594,14947.591,3252.866,-460.943,104.689,9386.943,1158.925,11.282
2019-08-02,59315.151,38231.068,21592.437,31868.084,14966.479,3254.452,-460.778,104.689,9391.614,1158.925,11.282
2019-08-03,59315.151,38231.068,21592.437,31868.084,14966.479,3254.452,-460.778,104.689,9391.614,1158.925,11.282
2019-08-04,59315.151,38231.068,21592.437,31868.084,14966.479,3254.452,-460.778,104.689,9391.614,1158.925,11.282
2019-08-05,59354.869,38330.844,21619.418,31915.888,15024.771,3260.771,-462.339,104.689,9425.939,1158.925,11.282
2019-08-06,59391.999,38366.188,21634.218,31942.109,15056.745,3263.931,-462.222,104.689,9432.128,1158.925,11.282
2019-08-07,59422.016,38401.531,21649.018,31968.331,15088.719,3267.091,-462.106,104.689,9438.317,1158.925,11.282
2019-08-08,59447.778,38446.325,21657.977,31984.204,15108.075,3268.725,-462.036,104.689,9530.374,1158.925,11.282
2019-08-09,59473.738,38450.127,21667.005,32000.2,15127.58,3270.372,-461.965,104.689,9457.653,1158.925,11.282
2019-08-10,59473.738,38450.127,21667.005,32000.2,15127.58,3270.372,-461.965,104.689,9457.653,1158.925,11.282
2019-08-11,59473.738,38450.127,21667.005,32000.2,15127.58,3270.372,-461.965,104.689,9457.653,1158.925,11.282
2019-08-12,59568.198,38590.061,21713.369,32084.132,15238.176,3276.57,-405.596,104.689,9466.697,1158.925,11.282
2019-08-13,59598.085,38625.047,21727.978,32109.985,15270.107,3279.73,-406.154,104.689,9472.917,1158.925,11.282
2019-08-14,59627.973,38660.033,21742.586,32135.839,15302.038,3282.89,-406.711,104.689,9480.195,1158.925,11.282
2019-08-15,59654.196,38664.457,21783.341,32151.985,15321.979,3425.716,-407.059,104.689,9485.09,1158.925,11.282
2019-08-16,59680.62,38668.914,21792.541,32168.256,15342.074,3388.727,-407.409,104.689,9490.022,1158.925,11.282
2019-08-17,59680.62,38668.914,21792.541,32168.256,15342.074,3388.727,-407.409,104.689,9490.022,1158.925,11.282
2019-08-18,59680.62,38668.914,21792.541,32168.256,15342.074,3388.727,-407.409,104.689,9490.022,1158.925,11.282
2019-08-19,59717.635,38764.991,21818.069,32213.401,15397.829,3394.937,-408.382,104.689,9498.8,1158.925,11.282
2019-08-20,59747.522,38799.977,21832.688,32239.254,15429.76,3398.166,-408.939,104.689,9505.001,1158.925,11.282
2019-08-21,59777.409,38834.963,21847.308,32265.108,15461.691,3401.396,-409.496,104.689,9511.203,1158.925,11.282
2019-08-22,59804.205,38840.057,21856.718,32281.75,15482.244,3403.19,-409.855,104.689,9516.217,1158.925,11.282
2019-08-23,59796.879,38793.058,21872.424,32542.008,15467.581,3404.997,-410.216,104.689,9521.269,1158.925,11.282
2019-08-24,59796.879,38793.058,21872.424,32542.008,15467.581,3404.997,-410.216,104.689,9521.269,1158.925,11.282
2019-08-25,59796.879,38793.058,21872.424,32542.008,15467.581,3404.997,-410.216,104.689,9521.269,1158.925,11.282
2019-08-26,59832.943,38888.421,21897.015,32587.426,15521.703,3411.083,-411.167,104.689,9529.808,1158.925,11.282
2019-08-27,59862.996,38923.64,21911.415,32614.021,15553.396,3414.312,-411.724,104.689,9536.01,1158.925,11.282
2019-08-28,59893.049,38958.859,21925.814,32640.617,15585.089,3417.728,-412.281,104.689,9542.212,1158.925,11.282
2019-08-29,60129.399,38964.661,21935.359,32658.245,15606.096,3419.584,-412.651,104.689,9547.344,1158.925,11.282
2019-08-30,60157.934,38970.508,21944.977,32676.01,15627.264,3421.454,-413.023,104.689,9552.516,1158.925,11.282
2019-08-31,60157.934,38970.508,21944.977,32676.01,15627.264,3421.454,-413.023,104.689,9552.516,1158.925,11.282
2019-09-01,60157.934,38970.508,21944.977,32676.01,15627.264,3421.454,-413.023,104.689,9552.516,1158.925,11.282
2019-09-02,60193.853,39064.516,21969.014,32720.404,15680.167,3427.415,-413.953,104.689,9560.817,1158.925,11.282
2019-09-03,60224.776,39099.735,21983.414,32746.999,15711.86,3430.644,-414.51,104.689,9567.019,1158.925,11.282
2019-09-04,60255.7,38853.441,22099.587,32773.595,15743.553,3433.873,-415.067,104.689,9573.22,1158.925,11.282
2019-09-05,60284.609,38859.271,22108.581,32791.733,15765.167,3435.79,-415.447,104.689,9578.471,1158.925,11.282
2019-09-06,60313.741,38865.147,22117.645,32810.011,15786.948,3437.722,-415.83,104.689,9584.357,1158.925,11.282
2019-09-07,60313.741,38865.147,22117.645,32810.011,15786.948,3437.722,-415.83,104.689,9584.357,1158.925,11.282
2019-09-08,60313.741,38865.147,22117.645,32810.011,15786.948,3437.722,-415.83,104.689,9584.357,1158.925,11.282
2019-09-09,60348.471,38948.557,22139.152,32853.382,15838.631,3443.559,-416.738,104.689,9592.399,1158.925,11.282
2019-09-10,60379.394,38980.262,22152.34,32879.978,15870.324,3446.788,-417.295,104.689,9598.586,1158.925,11.282
2019-09-11,60060.022,39011.968,22165.528,32906.573,15902.017,3450.017,-417.852,104.689,9604.772,1158.925,11.282
2019-09-12,60087.334,39018.406,22174.775,32925.221,15924.238,3451.996,-418.243,104.689,9607.312,1158.925,11.282
2019-09-13,60114.856,39024.894,22184.093,32944.012,15946.631,3453.991,-418.636,104.689,10706.68,1158.925,11.282
2019-09-14,60114.856,39024.894,22184.093,32944.012,15946.631,3453.991,-418.636,104.689,10706.68,1158.925,11.282
2019-09-15,60114.856,39024.894,22184.093,32944.012,15946.631,3453.991,-418.636,104.689,10706.68,1158.925,11.282
2019-09-16,60145.907,39107.084,22205.093,32986.36,15997.096,3459.703,-419.524,104.689,10720.844,1158.925,11.282
2019-09-17,60174.535,39138.789,22293.918,33012.956,16028.788,3462.932,-420.081,104.689,10732.037,1158.925,11.282
2019-09-18,60203.163,39084.648,22306.097,33039.552,16060.481,3466.161,-420.638,104.689,10743.435,1158.925,11.282
2019-09-19,60231.024,39091.648,22314.871,33058.709,16083.31,3468.202,-421.039,104.689,10753.335,1158.925,11.282
2019-09-20,60259.099,39098.702,22323.711,33078.013,16106.314,3470.259,-421.443,104.689,10763.311,1158.925,11.282
2019-09-21,60259.099,39098.702,22323.711,33078.013,16106.314,3470.259,-421.443,104.689,10763.311,1158.925,11.282
2019-09-22,60259.099,39098.702,22323.711,33078.013,16106.314,3470.259,-421.443,104.689,10763.311,1158.925,11.282
2019-09-23,60289.048,39179.146,22342.637,33119.338,16155.56,3476.567,-422.309,104.689,10776.993,1158.925,11.282
2019-09-24,60418.272,39210.646,22354.816,33145.934,16187.253,3479.796,-422.866,104.689,11371.416,1158.925,11.282
2019-09-25,60514.539,39242.145,22366.996,33172.53,16218.946,3483.024,-423.533,104.689,11384.88,1158.925,11.282
2019-09-26,60542.999,39249.748,22376.002,33192.196,16242.381,3485.127,-423.944,104.689,10809.479,1158.925,11.282
2019-09-27,60571.678,39257.41,22385.078,33212.014,16265.997,3487.246,-424.358,104.689,10819.671,1158.925,11.282
2019-09-28,60571.678,39257.41,22385.078,33212.014,16265.997,3487.246,-424.358,104.689,10819.671,1158.925,11.282
2019-09-29,60571.678,39257.41,22385.078,33212.014,16265.997,3487.246,-424.358,104.689,10819.671,1158.925,11.282
2019-09-30,59323.962,39183.37,22313.545,33454.35,16301.951,3492.71,-392.575,104.689,10829.0,1158.925,11.282
2019-10-01,59379.946,39214.764,22325.68,33481.079,16333.63,3495.939,-374.356,104.689,10840.169,1158.925,11.282
2019-10-02,59435.931,39246.159,22337.814,33507.807,16365.31,3499.167,-374.91,104.689,10851.339,1158.925,11.282
2019-10-03,59436.36,39254.339,22347.019,33528.084,16389.343,3501.332,-376.573,104.689,10861.653,1158.925,11.282
2019-10-04,59436.792,39262.581,22356.296,33548.517,16413.56,3503.513,-403.342,104.689,10872.046,1158.925,11.282
2019-10-05,59436.792,39262.581,22356.296,33548.517,16413.56,3503.513,-403.342,104.689,10872.046,1158.925,11.282
2019-10-06,59436.792,39262.581,22356.296,33548.517,16413.56,3503.513,-403.342,104.689,10872.046,1158.925,11.282
2019-10-07,59590.096,39340.344,22374.217,32757.503,16460.348,3508.853,-404.617,104.689,10884.848,1158.925,11.282
2019-10-08,59646.134,39371.738,22386.351,32784.155,16492.028,3512.081,-405.48,104.689,10896.017,1158.925,11.282
2019-10-09,59702.172,39403.133,22398.486,33241.684,16481.333,3515.31,-406.343,104.689,10907.187,1158.925,11.282
2019-10-10,59703.675,39411.914,22407.924,33270.437,16505.854,3517.537,-407.015,104.689,10917.715,1158.925,11.282
2019-10-11,59705.189,39420.763,22417.434,33299.411,16530.564,3519.78,-407.691,104.689,10928.323,1158.925,11.282
2019-10-12,59705.189,39420.763,22417.434,33299.411,16530.564,3519.78,-407.691,104.689,10928.323,1158.925,11.282
2019-10-13,59705.189,39420.763,22417.434,33299.411,16530.564,3519.78,-407.691,104.689,10928.323,1158.925,11.282
2019-10-14,59870.285,39497.318,22459.643,33352.587,16575.914,3524.996,-408.933,104.689,10940.696,1158.925,11.282
2019-10-15,59926.323,39446.276,22471.755,33389.555,16607.441,3528.224,-402.178,104.689,10951.865,1158.925,11.282
2019-10-16,59982.361,39477.592,22483.868,32975.355,16638.969,3531.453,-403.074,104.689,10963.035,1158.925,11.282
2019-10-17,59984.937,39486.95,22493.52,33002.708,16664.094,3533.741,-403.788,104.689,10973.776,1158.925,11.282
2019-10-18,59987.533,39560.507,22503.247,33030.272,16689.412,3536.047,-404.507,104.689,10984.601,1158.925,11.282
2019-10-19,59987.533,39560.507,22503.247,33030.272,16689.412,3536.047,-404.507,104.689,10984.601,1158.925,11.282
2019-10-20,59987.533,39560.507,22503.247,33030.272,16689.412,3536.047,-404.507,104.689,10984.601,1158.925,11.282
2019-10-21,60150.474,39637.622,22520.205,33078.324,16733.55,3541.138,-77.693,104.689,10996.543,1158.925,11.282
2019-10-22,60206.512,39669.753,22515.053,33112.646,16754.779,3544.367,-82.655,104.689,11007.713,1158.925,11.282
2019-10-23,60259.537,40058.108,22324.111,33146.969,16786.26,3547.596,91.367,104.689,11018.883,1158.925,11.282
2019-10-24,60263.188,41611.916,27114.572,33174.98,16811.952,3549.946,152.091,104.689,11029.838,1158.925,11.282
2019-10-25,60266.866,41693.912,27124.991,31633.917,16837.841,3552.314,160.47,104.689,11040.878,1158.925,11.282
2019-10-26,60266.866,41693.912,27124.991,31633.917,16837.841,3552.314,160.47,104.689,11040.878,1158.925,11.282
2019-10-27,60266.866,41693.912,27124.991,31633.917,16837.841,3552.314,160.47,104.689,11040.878,1158.925,11.282
2019-10-28,60769.6,41761.026,22700.244,31109.017,17014.447,3563.942,149.45,104.689,11052.391,1158.925,11.282
2019-10-29,60824.954,41789.446,23254.793,30961.815,16871.922,3567.176,147.514,104.689,11063.561,1158.925,11.282
2019-10-30,61771.276,41817.866,23267.027,31003.053,16916.323,3570.41,145.577,104.689,11074.73,1158.925,11.282
2019-10-31,61336.52,41827.448,23277.246,31037.497,19089.941,3572.826,143.96,104.689,11085.9,1158.925,11.282
2019-11-01,61339.941,41837.104,23287.543,31072.206,19115.49,3575.261,142.33,104.689,11085.9,1158.925,11.282
2019-11-02,61339.941,41837.104,23287.543,31072.206,19115.49,3575.261,142.33,104.689,11085.9,1158.925,11.282
2019-11-03,61339.941,41837.104,23287.543,31072.206,19115.49,3575.261,142.33,104.689,11085.9,1158.925,11.282
2019-11-04,61453.954,41903.125,23303.729,31317.811,19163.318,3580.112,139.768,104.689,11131.682,1158.925,11.282
2019-11-05,61494.23,41931.545,23141.244,31359.57,20109.733,3583.346,190.896,104.689,10842.042,1158.925,11.282
2019-11-06,61567.729,41959.965,23153.689,31401.329,20138.336,3586.58,188.909,104.689,10854.988,1158.925,11.282
2019-11-07,61761.169,41970.092,23164.323,31437.008,20162.775,3589.185,187.21,104.689,10855.236,1158.925,11.282
2019-11-08,61765.365,41980.296,23175.038,31472.961,20187.401,3591.68,185.499,104.689,10855.486,1158.925,11.282
2019-11-09,61765.365,41980.296,23175.038,31472.961,20187.401,3591.68,185.499,104.689,10855.486,1158.925,11.282
2019-11-10,61765.365,41980.296,23175.038,31472.961,20187.401,3591.68,185.499,104.689,10855.486,1158.925,11.282
2019-11-11,61877.777,42045.225,23191.026,31526.606,20224.146,3596.766,188.384,104.689,10893.825,1158.925,11.282
2019-11-12,61971.464,42073.645,23203.471,31568.364,20252.749,3599.992,186.294,104.689,10906.77,1158.925,11.282
2019-11-13,62011.798,42067.05,23215.917,31610.123,20281.352,3635.068,184.205,104.689,10919.716,1158.925,11.282
2019-11-14,62027.689,42077.787,23226.789,31646.602,20306.339,3640.895,182.38,104.689,10920.212,1158.925,11.282
2019-11-15,62031.439,42088.608,23147.92,31525.216,20401.494,3786.668,180.541,104.689,10920.712,1158.925,11.282
2019-11-16,62031.439,42088.608,23147.92,31525.216,20401.494,3786.668,180.541,104.689,10920.712,1158.925,11.282
2019-11-17,62031.439,42088.608,23147.92,31525.216,20401.494,3786.668,180.541,104.689,10920.712,1158.925,11.282
2019-11-18,62142.621,42001.031,23162.636,29477.067,20437.309,3788.167,134.413,104.689,10958.552,1158.925,11.282
2019-11-19,62182.994,42026.616,23174.444,29512.702,20466.049,3789.22,133.728,104.689,10971.498,1158.925,11.282
2019-11-20,62223.368,42052.2,23186.253,29548.337,20494.789,3790.273,120.788,104.689,10984.444,1158.925,11.282
2019-11-21,62229.091,42062.297,23196.795,29580.149,20520.447,3791.12,120.38,104.689,10985.188,1158.925,11.282
2019-11-22,62280.256,42109.788,23237.27,29138.514,20611.93,3791.974,119.969,104.689,10985.937,1158.925,11.282
2019-11-23,62280.256,42109.788,23237.27,29138.514,20611.93,3791.974,119.969,104.689,10985.937,1158.925,11.282
2019-11-24,62280.256,42109.788,23237.27,29138.514,20611.93,3791.974,119.969,104.689,10985.937,1158.925,11.282
2019-11-25,62389.336,42165.75,23418.954,29178.961,20646.81,3793.432,131.336,104.689,11023.28,1158.925,11.282
2019-11-26,62429.508,42191.099,23424.545,29207.739,20675.692,3793.805,130.874,104.689,11036.226,1158.925,11.282
2019-11-27,62469.679,42216.447,23430.136,29241.418,20704.573,3794.855,130.411,104.689,11049.171,1158.925,11.282
2019-11-28,62476.144,42226.936,23435.235,29272.129,20730.91,3795.72,129.989,104.689,11050.163,1158.925,11.282
2019-11-29,62482.658,42237.506,23440.373,29303.077,20757.449,3796.591,129.564,104.689,11051.163,1158.925,11.282
2019-11-30,62482.658,42237.506,23440.373,29303.077,20757.449,3796.591,129.564,104.689,11051.163,1158.925,11.282
2019-12-01,62482.658,42237.506,23440.373,29303.077,20757.449,3796.591,129.564,104.689,11051.163,1158.925,11.282
2019-12-02,62584.753,42292.493,23446.911,29342.455,20791.218,3798.005,129.023,104.689,11088.008,1158.925,11.282
2019-12-03,62624.921,42317.841,23493.128,29376.134,20820.429,3799.054,128.561,104.689,11100.954,1158.925,11.282
2019-12-04,62665.088,42343.19,23498.824,29409.813,20840.157,3800.104,128.098,104.689,11113.899,1158.925,11.282
2019-12-05,62672.321,42354.165,23497.227,29441.169,20867.055,3800.989,127.667,104.689,11117.961,1158.925,11.282
2019-12-06,62679.61,42365.224,23502.545,29472.767,20894.16,3801.881,127.233,104.689,11119.213,1158.925,11.282
2019-12-07,62679.61,42365.224,23502.545,29472.767,20894.16,3801.881,127.233,104.689,11119.213,1158.925,11.282
2019-12-08,62679.61,42365.224,23502.545,29472.767,20894.16,3801.881,127.233,104.689,11119.213,1158.925,11.282
2019-12-09,62785.591,42419.236,23508.955,29510.85,20926.828,3803.254,126.71,104.689,11099.617,1158.925,11.282
2019-12-10,62825.758,42444.584,23514.623,29544.529,20955.719,3804.304,126.248,104.689,11112.569,1158.925,11.282
2019-12-11,63063.796,42469.933,23520.292,29578.208,20984.609,3805.354,125.785,104.689,11127.771,1158.925,11.282
2019-12-12,63071.662,42480.682,23525.678,29610.21,21012.061,3806.259,125.346,104.689,10967.061,1158.925,11.282
2019-12-13,63079.588,42492.228,23531.105,29642.457,21039.723,3807.171,124.903,104.689,10830.171,1158.925,11.282
2019-12-14,63079.588,42492.228,23531.105,29642.457,21039.723,3807.171,124.903,104.689,10830.171,1158.925,11.282
2019-12-15,63079.588,42492.228,23531.105,29642.457,21039.723,3807.171,124.903,104.689,10830.171,1158.925,11.282
2019-12-16,63182.241,42545.252,23537.297,29679.245,21071.281,3808.504,124.397,104.689,10864.01,1158.925,11.282
2019-12-17,63221.723,42525.891,23542.966,29672.115,21100.171,3809.553,123.935,104.689,10868.683,1158.925,11.282
2019-12-18,63261.205,42551.439,23548.634,29704.925,21129.062,3808.483,123.472,104.689,10873.357,1158.925,11.282
2019-12-19,63269.827,42563.479,23554.129,29736.729,21157.066,3809.397,123.024,104.689,10873.983,1158.925,11.282
2019-12-20,63278.516,42575.612,23559.666,29768.778,21185.287,3810.319,170.066,104.689,10874.615,1158.925,11.282
2019-12-21,63278.516,42575.612,23559.666,29768.778,21185.287,3810.319,170.066,104.689,10874.615,1158.925,11.282
2019-12-22,63278.516,42575.612,23559.666,29768.778,21185.287,3810.319,170.066,104.689,10874.615,1158.925,11.282
2019-12-23,63379.65,42628.084,23565.639,29803.355,21215.733,3811.597,169.79,104.689,10887.377,1158.925,11.282
2019-12-24,63419.132,42653.632,23571.308,29836.164,21244.624,3812.635,169.528,104.689,10892.05,1158.925,11.282
2019-12-25,63458.614,42679.18,23576.976,29868.974,21273.514,3813.673,169.266,104.689,10896.724,1158.925,11.282
2019-12-26,63467.993,42691.71,23582.579,29901.407,21302.072,3814.608,169.007,104.689,10897.44,1158.925,11.282
2019-12-27,63477.444,42704.335,23588.226,29934.089,21330.851,3815.549,168.746,104.689,10898.162,1158.925,11.282
2019-12-28,63477.444,42704.335,23588.226,29934.089,21330.851,3815.549,168.746,104.689,10898.162,1158.925,11.282
2019-12-29,63477.444,42704.335,23588.226,29934.089,21330.851,3815.549,168.746,104.689,10898.162,1158.925,11.282
2019-12-30,62295.89,42755.825,23593.981,29967.404,21376.161,3816.787,168.48,104.689,10910.744,1158.925,11.282
2019-12-31,62334.639,42680.735,23301.377,30098.914,21391.409,3817.825,183.173,104.689,10915.417,1158.925,11.282
2020-01-01,62373.389,42706.225,23301.747,30132.451,21414.179,3818.863,187.733,104.689,10920.091,1158.925,11.282
2020-01-02,62383.336,42719.215,23301.748,30132.58,21414.266,3819.818,180.784,104.689,10920.896,1158.925,11.282
2020-01-03,62319.112,42732.304,23301.75,30132.709,21414.354,3820.779,172.019,104.689,10921.708,1158.925,11.282
2020-01-04,62319.112,42732.304,23301.75,30132.709,21414.354,3820.779,172.019,104.689,10921.708,1158.925,11.282
2020-01-05,62319.112,42732.304,23301.75,30132.709,21414.354,3820.779,172.019,104.689,10921.708,1158.925,11.282
2020-01-06,62413.413,42782.697,23302.858,30233.064,21482.49,3821.977,168.881,104.689,10934.111,1158.925,11.282
2020-01-07,62451.972,42808.188,23303.228,30266.601,21505.26,3823.015,280.3,104.689,10938.784,1158.925,11.282
2020-01-08,62490.532,42833.679,23303.598,30300.139,21528.03,3824.053,284.543,104.689,10943.458,1158.925,11.282
2020-01-09,62594.761,42842.663,23205.354,30300.91,21523.977,3825.028,296.446,104.689,10944.353,1158.925,11.282
2020-01-10,62605.881,42775.569,23205.362,30301.687,21524.503,3826.01,296.545,104.689,10945.255,1158.925,11.282
2020-01-11,62605.881,42775.569,23205.362,30301.687,21524.503,3826.01,296.545,104.689,10945.255,1158.925,11.282
2020-01-12,62605.881,42775.569,23205.362,30301.687,21524.503,3826.01,296.545,104.689,10945.255,1158.925,11.282
2020-01-13,61295.867,42993.03,23206.418,30344.812,21601.88,3827.167,305.391,104.689,10957.478,1158.925,11.282
2020-01-14,61364.587,43019.658,23206.775,30378.277,21630.378,3828.205,158.363,104.689,10962.151,1158.925,11.282
2020-01-15,61412.349,43046.286,23207.133,30411.742,21654.989,3829.243,162.251,104.689,10966.825,1158.925,11.282
2020-01-16,61426.44,43060.875,23207.148,30413.152,21655.929,3830.238,162.414,104.689,10965.402,1158.925,11.282
2020-01-17,61440.639,43075.577,23207.967,30414.573,21656.875,3831.24,162.58,104.689,10966.394,1158.925,11.282
2020-01-18,61440.639,43075.577,23207.967,30414.573,21656.875,3831.24,162.58,104.689,10966.394,1158.925,11.282
2020-01-19,61440.639,43075.577,23207.967,30414.573,21656.875,3831.24,162.58,104.689,10966.394,1158.925,11.282
2020-01-20,61555.636,43126.17,23209.22,30512.136,21721.835,3832.358,173.914,104.689,10978.44,1158.925,11.282
2020-01-21,61603.399,43152.798,23209.65,30545.601,21744.117,3833.396,177.802,104.689,10983.114,1158.925,11.282
2020-01-22,59912.781,43179.426,23210.08,30579.065,21597.208,3834.434,181.689,104.689,10987.789,1158.925,11.282
2020-01-23,59872.882,43194.525,23210.107,30581.117,21598.717,3883.126,419.522,104.689,10988.864,1158.925,11.282
2020-01-24,59907.561,43209.741,23210.133,30583.184,21083.625,3884.331,419.735,104.689,10989.946,1158.925,11.282
2020-01-25,59907.561,43209.741,23210.133,30583.184,21083.625,3884.331,419.735,104.689,10989.946,1158.925,11.282
2020-01-26,59907.561,43209.741,23210.133,30583.184,21083.625,3884.331,419.735,104.689,10989.946,1158.925,11.282
2020-01-27,59972.063,43259.309,23211.37,30854.84,18424.816,3899.986,437.866,104.689,11001.812,1158.925,11.282
2020-01-28,60832.221,43285.937,23220.256,30925.932,18444.848,3901.214,458.015,104.689,11006.487,1158.925,11.282
2020-01-29,62732.533,43335.754,23061.316,30062.386,18522.699,3902.443,437.414,104.689,11011.161,1158.925,11.282
2020-01-30,62737.499,44883.341,23061.406,30179.667,17320.47,3903.667,781.416,104.689,11012.325,1158.925,11.282
2020-01-31,62742.503,44900.031,22320.342,32334.532,17321.15,3904.9,781.722,104.689,11013.499,1158.925,11.282
2020-02-01,62742.503,44900.031,22320.342,32334.532,17321.15,3904.9,781.722,104.689,11013.499,1158.925,11.282
2020-02-02,62742.503,44900.031,22320.342,32334.532,17321.15,3904.9,781.722,104.689,11013.499,1158.925,11.282
2020-02-03,62777.228,44951.541,22774.909,32476.422,17344.972,3915.359,792.425,104.689,11054.252,1158.925,11.282
2020-02-04,62846.647,44979.757,26232.924,32526.411,17353.365,3918.846,765.647,104.689,11058.939,1158.925,11.282
2020-02-05,62896.557,45008.011,26231.695,32576.399,17361.758,3922.332,769.489,104.689,11063.625,1158.925,11.282
2020-02-06,62947.361,45025.114,26231.573,32581.379,17346.494,3922.399,769.872,104.689,11064.882,1158.925,11.282
2020-02-07,62952.341,45042.44,26231.449,32586.397,17347.34,3922.466,770.258,104.689,11066.149,1158.925,11.282
2020-02-08,62952.341,45042.44,26231.449,32586.397,17347.34,3922.466,770.258,104.689,11066.149,1158.925,11.282
2020-02-09,62952.341,45042.44,26231.449,32586.397,17347.34,3922.466,770.258,104.689,11066.149,1158.925,11.282
2020-02-10,62984.481,45092.863,26228.008,32726.364,17370.947,4033.762,781.015,104.689,11077.685,1158.925,11.282
2020-02-11,62998.502,45121.118,26226.779,32776.353,17343.112,4039.574,784.857,104.689,11082.371,1158.925,11.282
2020-02-12,59977.385,45171.162,25868.056,32826.341,17329.836,4043.33,788.699,104.689,11087.058,1158.925,11.282
2020-02-13,59983.905,45188.801,25867.865,32832.278,17330.865,4131.002,1177.89,104.689,11088.404,1158.925,11.282
2020-02-14,59990.474,45206.576,25867.673,32838.261,15781.483,4159.177,856.033,104.689,11089.761,1158.925,11.282
2020-02-15,59990.474,45206.576,25867.673,32838.261,15781.483,4159.177,856.033,104.689,11089.761,1158.925,11.282
2020-02-16,59990.474,45206.576,25867.673,32838.261,15781.483,4159.177,856.033,104.689,11089.761,1158.925,11.282
2020-02-17,60038.445,45255.894,25863.24,32976.306,15823.958,4171.365,795.491,104.689,11101.117,1158.925,11.282
2020-02-18,59618.026,45284.139,25861.635,33026.295,15839.339,4175.535,745.631,104.689,11105.804,1158.925,11.282
2020-02-19,59638.909,45312.383,25860.03,33076.283,15854.72,4179.705,749.229,104.689,11110.49,1158.925,11.282
2020-02-20,59644.336,45330.563,25859.809,33083.178,15856.841,4176.178,749.725,104.689,11111.927,1158.925,11.282
2020-02-21,59649.805,45348.883,25859.585,33090.126,15858.979,4176.422,750.225,104.689,11113.374,1158.925,11.282
2020-02-22,59649.805,45348.883,25859.585,33090.126,15858.979,4176.422,750.225,104.689,11113.374,1158.925,11.282
2020-02-23,59649.805,45348.883,25859.585,33090.126,15858.979,4176.422,750.225,104.689,11113.374,1158.925,11.282
2020-02-24,59702.885,45397.115,25855.214,33226.249,15900.863,4188.568,777.197,104.689,11124.55,1158.925,11.282
2020-02-25,59716.653,45425.36,25853.609,33276.237,15873.753,4188.849,693.67,104.689,11129.236,1158.925,11.282
2020-02-26,59730.422,45481.959,25852.004,33326.225,15889.325,4193.05,698.064,104.689,11133.923,1158.925,11.282
2020-02-27,59790.878,45485.915,25851.752,33334.078,15891.771,4193.372,698.754,104.689,11135.449,1158.925,11.282
2020-02-28,59793.856,45506.241,25851.498,33341.991,15894.236,4193.697,699.45,104.689,11136.987,1158.925,11.282
2020-02-29,59793.856,45506.241,25851.498,33341.991,15894.236,4193.697,699.45,104.689,11136.987,1158.925,11.282
2020-03-01,59793.856,45506.241,25851.498,33341.991,15894.236,4193.697,699.45,104.689,11136.987,1158.925,11.282
2020-03-02,59805.351,45553.908,25848.529,33434.438,15923.035,4201.808,707.576,104.689,11144.858,1158.925,11.282
2020-03-03,59812.587,45584.456,25846.918,33484.618,15938.667,4206.026,711.988,104.689,11149.562,1158.925,11.282
2020-03-04,62335.239,45615.005,25640.09,33534.798,15954.299,4219.183,716.399,104.689,11154.267,1158.925,11.282
2020-03-05,59855.561,45645.554,26091.587,33322.494,15978.031,4223.423,720.81,104.689,11158.971,1158.925,11.282
2020-03-06,59858.66,45666.469,26091.222,33331.588,15980.79,4223.831,721.59,104.689,11160.599,1158.925,11.282
2020-03-07,59858.66,45666.469,26091.222,33331.588,15980.79,4223.831,721.59,104.689,11160.599,1158.925,11.282
2020-03-08,59858.66,45666.469,26091.222,33331.588,15980.79,4223.831,721.59,104.689,11160.599,1158.925,11.282
2020-03-09,59869.949,45706.652,26087.461,33425.296,16009.22,4231.903,729.632,104.689,10976.593,1158.925,11.282
2020-03-10,59877.144,45737.201,26085.399,33489.733,16024.814,4236.143,734.043,104.689,11113.293,1158.925,11.282
2020-03-11,59187.743,45767.75,21433.922,33541.4,16040.409,4240.382,738.454,104.689,10972.43,1158.925,11.282
2020-03-12,59198.523,45798.299,21412.435,33593.067,16056.003,4244.622,742.865,104.689,11021.762,1158.925,11.282
2020-03-13,59203.374,45819.8,21408.221,33603.201,16059.062,4245.112,743.73,104.689,10791.929,1158.925,11.282
2020-03-14,59203.374,45819.8,21408.221,33603.201,16059.062,4245.112,743.73,104.689,10791.929,1158.925,11.282
2020-03-15,59203.374,45819.8,21408.221,33603.201,16059.062,4245.112,743.73,104.689,10791.929,1158.925,11.282
2020-03-16,59309.9,45865.656,21369.462,33696.4,16087.192,4253.102,751.687,104.689,10921.955,1158.925,11.282
2020-03-17,59342.878,45885.268,21347.976,33748.067,16102.786,4257.342,756.098,104.689,10930.032,1158.925,11.282
2020-03-18,59353.776,45915.975,21333.444,33799.734,16179.411,4117.891,742.054,104.689,10855.05,1158.925,11.282
2020-03-19,59364.673,45942.688,21312.033,33851.401,16194.852,4122.224,757.95,104.689,10860.125,1158.925,11.282
2020-03-20,59369.787,46156.179,20206.18,33678.937,14754.516,4122.808,822.532,104.689,10862.077,1158.925,11.282
2020-03-21,59369.787,46156.179,20206.18,33678.937,14754.516,4122.808,822.532,104.689,10862.077,1158.925,11.282
2020-03-22,59369.787,46156.179,20206.18,33678.937,14754.516,4122.808,822.532,104.689,10862.077,1158.925,11.282
2020-03-23,59386.468,46197.134,20341.632,33771.105,14795.881,4130.892,831.022,104.689,10870.275,1158.925,11.282
2020-03-24,59452.063,46229.207,20392.403,33822.752,14963.837,4135.225,677.447,104.689,10875.351,1158.925,11.282
2020-03-25,59463.043,46261.28,20621.43,31264.298,15232.618,4144.334,682.533,104.689,10880.426,1158.925,11.282
2020-03-26,58905.764,46293.352,20617.839,31320.353,15300.558,4148.653,726.427,104.689,10885.501,1158.925,11.282
2020-03-27,58914.68,46317.16,20621.851,31331.605,15306.566,3848.025,167.366,104.689,10818.666,1158.925,11.296
2020-03-28,58914.68,46317.16,20621.851,31331.605,15306.566,3848.025,167.366,104.689,10818.666,1158.925,11.296
2020-03-29,58914.68,46317.16,20621.851,31331.605,15306.566,3848.025,167.366,104.689,10818.666,1158.925,11.296
2020-03-30,58060.459,46357.498,17691.546,31416.271,13990.622,3857.901,179.021,104.689,10779.837,1158.925,11.397
2020-03-31,58078.366,46231.708,17566.815,31670.272,14000.115,3863.251,81.785,104.689,9003.145,1158.925,102.833
2020-04-01,58096.274,46263.678,17594.152,31718.438,14031.537,3868.601,112.969,104.689,8844.208,1158.925,102.979
2020-04-02,58114.181,46397.623,17621.49,31766.605,14062.959,3873.951,153.051,104.689,8856.121,1158.925,103.126
2020-04-03,54644.352,45976.285,17628.429,31778.832,14515.441,3874.877,545.025,104.689,8859.016,1158.925,103.163
2020-04-04,54644.352,45976.285,17628.429,31778.832,14515.441,3874.877,545.025,104.689,8859.016,1158.925,103.163
2020-04-05,54644.352,45976.285,17628.429,31778.832,14515.441,3874.877,545.025,104.689,8859.016,1158.925,103.163
2020-04-06,54679.058,46014.955,17676.164,31862.937,14566.963,3884.651,622.065,104.689,8869.805,1158.925,103.419
2020-04-07,54702.315,46046.18,17703.502,31911.104,14774.409,3890.001,625.326,104.689,8876.647,1158.925,103.565
2020-04-08,54807.201,46077.404,21715.65,31959.27,17829.273,3895.351,628.586,104.689,8883.49,1158.925,91.264
2020-04-09,54882.212,46108.629,21744.408,32007.436,17854.267,3900.701,587.293,104.689,8896.588,1158.925,91.576
2020-04-10,54894.069,46133.008,21752.261,32020.589,17861.093,3901.73,588.012,104.689,8899.617,1158.925,91.662
2020-04-11,54894.069,46133.008,21752.261,32020.589,17861.093,3901.73,588.012,104.689,8899.617,1158.925,91.662
2020-04-12,54894.069,46133.008,21752.261,32020.589,17861.093,3901.73,588.012,104.689,8899.617,1158.925,91.662
2020-04-13,55184.116,46176.461,21801.923,32103.769,17904.256,3911.401,592.559,104.689,8904.764,1158.925,92.201
2020-04-14,55207.447,46207.706,21830.681,32151.935,17929.25,3916.751,450.484,104.689,8911.622,1158.925,92.514
2020-04-15,55230.778,46022.95,21859.438,32200.101,17918.051,3976.126,497.187,104.689,8918.479,1158.925,92.826
2020-04-16,55254.109,46053.409,21925.534,32248.268,17892.78,3981.57,502.555,104.689,8925.337,1158.925,93.138
2020-04-17,55266.851,46107.551,21934.02,32262.347,17900.37,3982.721,504.124,104.689,8928.502,1158.925,93.23
2020-04-18,55266.851,46107.551,21934.02,32262.347,17900.37,3982.721,504.124,104.689,8928.502,1158.925,93.23
2020-04-19,55266.851,46107.551,21934.02,32262.347,17900.37,3982.721,504.124,104.689,8928.502,1158.925,93.23
2020-04-20,55300.77,46181.851,21677.601,32344.6,17910.465,3992.457,513.289,104.689,8939.051,1158.925,93.763
2020-04-21,55194.396,46212.778,21557.578,32392.767,17280.964,3997.901,518.657,104.689,8945.909,1158.925,94.076
2020-04-22,55255.102,46243.705,21421.094,32440.933,16747.718,4003.345,26.495,104.689,8952.766,1158.925,94.388
2020-04-23,55277.619,46204.075,21449.947,32438.506,17317.558,4008.788,33.605,104.689,8959.624,1158.925,94.701
2020-04-24,55290.35,46391.853,21458.936,32453.46,17323.258,4010.045,35.756,104.689,8962.921,1158.925,94.798
2020-04-25,55290.35,46391.853,21458.936,32453.46,17323.258,4010.045,35.756,104.689,8962.921,1158.925,94.798
2020-04-26,55290.35,46391.853,21458.936,32453.46,17323.258,4010.045,35.756,104.689,8962.921,1158.925,94.798
2020-04-27,55321.251,45633.922,21507.653,29744.291,17340.408,4034.717,47.416,104.689,8973.339,1158.925,95.325
2020-04-28,55353.592,45712.102,22532.232,29789.44,17358.54,4040.179,54.321,104.689,8980.196,1158.925,95.638
2020-04-29,55385.932,45487.502,25371.103,29834.589,15411.465,4045.641,104.212,104.689,8987.054,1158.925,95.95
2020-04-30,55558.311,45335.876,25399.502,29334.036,17591.233,4051.103,444.638,104.689,8993.911,1158.925,96.263
2020-05-01,57884.93,45348.624,25408.896,28985.867,17593.988,4052.468,446.858,104.689,8997.34,1158.925,96.366
2020-05-02,57884.93,45348.624,25408.896,28985.867,17593.988,4052.468,446.858,104.689,8997.34,1158.925,96.366
2020-05-03,57884.93,45348.624,25408.896,28985.867,17593.988,4052.468,446.858,104.689,8997.34,1158.925,96.366
2020-05-04,57672.398,45366.283,25456.302,29097.136,17607.892,4060.398,458.062,104.689,9079.196,1158.925,96.888
2020-05-05,57686.847,45381.487,25484.702,27872.927,17616.221,4065.858,464.774,104.689,9086.106,1158.925,97.2
2020-05-06,57708.277,45396.691,25513.102,27935.61,17608.93,4071.318,471.486,104.689,9093.016,1158.925,67.347
2020-05-07,57722.659,45411.895,25541.502,27998.292,17617.35,4071.232,478.198,104.689,9099.927,1158.925,71.591
2020-05-08,57731.343,45424.935,25551.442,27946.23,17620.298,4072.701,480.548,104.689,9103.515,1158.925,71.907
2020-05-09,57731.343,45424.935,25551.442,27946.23,17620.298,4072.701,480.548,104.689,9103.515,1158.925,71.907
2020-05-10,57731.343,45424.935,25551.442,27946.23,17620.298,4072.701,480.548,104.689,9103.515,1158.925,71.907
2020-05-11,57751.423,45442.302,25598.302,28046.829,16429.616,4082.141,491.622,104.689,9113.747,1158.925,73.397
2020-05-12,57765.805,45457.506,25626.701,28107.799,16445.206,4087.595,498.334,104.689,9120.658,1158.925,74.3
2020-05-13,57780.187,45473.293,25655.101,26940.368,16471.859,4093.049,505.047,104.689,9127.568,1158.925,75.203
2020-05-14,57794.569,45488.48,25683.501,26994.697,16487.383,4098.503,511.759,104.689,9134.478,1158.925,76.106
2020-05-15,57803.531,45501.797,25693.987,27014.758,16499.814,4100.492,514.237,104.689,9138.199,1158.925,76.44
2020-05-16,57803.531,45501.797,25693.987,27014.758,16499.814,4100.492,514.237,104.689,9138.199,1158.925,76.44
2020-05-17,57803.531,45501.797,25693.987,27014.758,16499.814,4100.492,514.237,104.689,9138.199,1158.925,76.44
2020-05-18,57885.205,45518.853,25740.301,27103.356,16525.244,4510.046,525.183,104.689,9148.299,1158.925,77.912
2020-05-19,57898.949,45534.04,25768.701,27157.686,16540.837,4513.921,526.405,104.689,9155.209,1158.925,78.815
2020-05-20,57912.693,45549.226,25797.101,27212.015,16556.431,4622.226,533.207,104.689,9162.12,1158.925,79.718
2020-05-21,57758.557,45572.29,25825.501,27266.344,16569.389,4749.845,540.009,104.689,9169.03,1158.925,80.621
2020-05-22,57767.763,45585.647,25836.533,27287.449,16575.437,4917.16,542.652,104.689,9172.884,1158.925,80.972
2020-05-23,57767.763,45585.647,25836.533,27287.449,16575.437,4917.16,542.652,104.689,9172.884,1158.925,80.972
2020-05-24,57767.763,45585.647,25836.533,27287.449,16575.437,4917.16,542.652,104.689,9172.884,1158.925,80.972
2020-05-25,57787.223,45602.1,25882.3,27375.003,16600.524,4921.742,553.613,104.689,9182.851,1158.925,82.427
2020-05-26,57511.151,45617.006,25910.7,27429.332,16616.092,4909.186,560.416,104.689,9189.761,1158.925,83.33
2020-05-27,57799.652,45631.911,25939.1,27483.662,16631.659,4911.867,567.218,104.689,9196.671,1158.925,84.233
2020-05-28,57821.336,45646.816,25967.5,27537.991,16647.227,5323.505,518.274,104.689,9203.582,1158.925,85.136
2020-05-29,57884.316,45660.46,25979.078,27560.141,16653.574,5324.443,521.062,104.689,9201.977,1158.925,85.504
2020-05-30,57884.316,45660.46,25979.078,27560.141,16653.574,5324.443,521.062,104.689,9201.977,1158.925,85.504
2020-05-31,57884.316,45660.46,25979.078,27560.141,16653.574,5324.443,521.062,104.689,9201.977,1158.925,85.504
2020-06-01,57913.096,45676.627,26024.3,27646.65,16678.362,5329.244,531.953,104.689,9244.95,1158.925,86.942
2020-06-02,57934.598,45691.4,26052.7,27700.979,16693.929,5332.113,538.793,104.689,9251.412,1158.925,87.845
2020-06-03,57956.1,45706.305,26081.099,27755.308,16709.497,5334.983,545.633,104.689,9258.181,1158.925,88.748
2020-06-04,58345.053,45721.209,26109.499,27809.638,16725.064,5337.852,552.472,104.689,9367.897,1158.925,89.651
2020-06-05,58359.964,45735.14,26121.624,27832.832,16731.71,5338.846,555.392,104.689,9531.567,1158.925,90.037
2020-06-06,58359.964,45735.14,26121.624,27832.832,16731.71,5338.846,555.392,104.689,9531.567,1158.925,90.037
2020-06-07,58359.964,45735.14,26121.624,27832.832,16731.71,5338.846,555.392,104.689,9531.567,1158.925,90.037
2020-06-08,58388.859,45751.019,26166.299,27918.296,16756.199,5343.591,566.151,104.689,9538.51,1158.925,91.457
2020-06-09,62014.146,45765.924,26194.699,27972.626,16771.767,5346.461,572.991,104.689,9543.456,1158.925,92.36
2020-06-10,62368.502,45780.825,26223.099,28026.955,16787.334,5349.33,579.831,104.689,9548.403,1158.925,93.263
2020-06-11,62662.472,45779.21,26251.499,28081.284,16802.902,5352.199,586.67,104.689,9553.349,1158.925,94.166
2020-06-12,62678.439,45796.189,26264.169,28105.524,16809.847,5353.248,589.722,104.689,9556.392,1158.925,94.569
2020-06-13,62678.439,45796.189,26264.169,28105.524,16809.847,5353.248,589.722,104.689,9556.392,1158.925,94.569
2020-06-14,62678.439,45796.189,26264.169,28105.524,16809.847,5353.248,589.722,104.689,9556.392,1158.925,94.569
2020-06-15,62708.09,45814.811,26308.298,28189.943,16834.037,5357.938,600.35,104.689,9453.83,1158.925,95.972
2020-06-16,62730.899,45668.067,26336.698,28244.272,16849.604,5360.808,607.189,104.689,9459.522,1158.925,96.875
2020-06-17,62753.708,45685.36,26540.346,28298.602,16865.172,5358.164,614.029,104.689,9465.214,1158.925,97.778
2020-06-18,62767.165,45702.653,26393.498,28352.931,16880.739,5361.04,620.868,104.689,9470.906,1158.925,98.681
2020-06-19,62788.75,45719.48,26406.715,28378.215,16887.984,5362.146,625.84,104.689,9474.518,1158.925,99.102
2020-06-20,62788.75,45719.48,26406.715,28378.215,16887.984,5362.146,625.84,104.689,9474.518,1158.925,99.102
2020-06-21,62788.75,45719.48,26406.715,28378.215,16887.984,5362.146,625.84,104.689,9474.518,1158.925,99.102
2020-06-22,62814.27,45737.238,26450.298,28461.59,16911.874,5366.792,636.408,104.689,9482.29,1158.925,100.487
2020-06-23,62838.721,45754.531,26478.698,28515.919,16927.442,5369.668,643.295,104.689,9487.982,1158.925,101.39
2020-06-24,62861.614,45771.824,26507.097,28570.249,16943.009,5372.544,650.181,104.689,9505.704,1158.925,102.293
2020-06-25,62821.615,45789.117,26535.497,28624.578,16811.544,5375.42,657.068,104.689,9511.396,1158.925,103.196
2020-06-26,62838.515,45806.276,26549.26,29080.719,16819.288,5376.582,657.899,104.689,9515.117,1158.925,103.634
2020-06-27,62838.515,45806.276,26549.26,29080.719,16819.288,5376.582,657.899,104.689,9515.117,1158.925,103.634
2020-06-28,62838.515,45806.276,26549.26,29080.719,16819.288,5376.582,657.899,104.689,9515.117,1158.925,103.634
2020-06-29,62054.635,46126.675,26592.297,29162.471,16843.505,5381.172,739.524,104.689,9522.78,1158.925,105.002
2020-06-30,62077.159,45959.923,26264.092,29328.491,16847.672,5384.048,801.218,104.689,9528.472,1158.925,166.809
2020-07-01,62099.682,45984.498,23770.703,29382.278,14607.647,5386.925,1097.237,104.689,9534.164,1158.925,168.062
2020-07-02,62122.205,46009.073,23796.917,29436.066,14621.484,5389.801,1104.668,104.689,9539.856,1158.925,169.315
2020-07-03,62139.27,46009.262,23810.125,29463.166,14628.455,5391.017,1108.413,104.689,9543.687,1158.925,169.946
2020-07-04,62139.27,46009.262,23810.125,29463.166,14628.455,5391.017,1108.413,104.689,9543.687,1158.925,169.946
2020-07-05,62139.27,46009.262,23810.125,29463.166,14628.455,5391.017,1108.413,104.689,9543.687,1158.925,169.946
2020-07-06,62159.055,46058.223,23849.345,29543.641,14649.156,5395.553,1168.108,104.689,9551.24,1158.925,171.82
2020-07-07,62166.296,46082.798,23875.559,29732.734,14662.992,5398.429,1223.709,104.689,9556.932,1158.925,173.073
2020-07-08,62188.902,46107.373,23848.871,29589.159,14676.829,5401.305,1230.85,104.689,9562.624,1158.925,174.325
2020-07-09,62211.508,46131.948,23875.158,29642.687,14690.665,5404.181,1237.991,104.689,9568.316,1158.925,175.578
2020-07-10,62229.071,46132.61,23888.908,29670.686,14697.902,5405.453,1241.726,104.689,9572.256,1158.925,176.233
2020-07-11,62229.071,46132.61,23888.908,29670.686,14697.902,5405.453,1241.726,104.689,9572.256,1158.925,176.233
2020-07-12,62229.071,46132.61,23888.908,29670.686,14697.902,5405.453,1241.726,104.689,9572.256,1158.925,176.233
2020-07-13,62256.72,46181.098,23927.733,29889.75,14681.744,5409.933,1252.273,104.689,9579.7,1158.925,178.083
2020-07-14,62027.19,46198.444,24128.905,29943.567,14755.705,5412.213,1259.414,104.689,9585.392,1158.925,191.579
2020-07-15,62049.339,46222.297,24141.368,29963.346,14740.844,5415.081,1266.555,104.689,9591.084,1158.925,192.92
2020-07-16,61891.07,46463.094,24423.197,30017.09,14859.211,5417.949,1221.104,104.689,9596.776,1158.925,194.261
2020-07-17,61908.49,46464.154,24438.171,30046.237,14866.902,5494.841,1224.417,104.689,9600.826,1158.925,194.988
2020-07-18,61908.49,46464.154,24438.171,30046.237,14866.902,5494.841,1224.417,104.689,9600.826,1158.925,194.988
2020-07-19,61908.49,46464.154,24438.171,30046.237,14866.902,5494.841,1224.417,104.689,9600.826,1158.925,194.988
2020-07-20,66572.584,46523.402,24261.822,30124.58,14483.301,5498.964,1233.32,104.689,9608.16,1158.925,196.942
2020-07-21,66615.003,46546.325,23897.0,30178.324,14500.596,5501.644,1239.428,104.689,9613.852,1158.925,198.283
2020-07-22,66657.422,46443.763,23916.594,30232.069,14517.89,5504.323,1540.568,104.689,9619.544,1158.925,199.624
2020-07-23,66975.474,47212.958,23936.189,30285.814,14535.184,5507.003,1892.485,104.689,9625.236,1158.925,200.964
2020-07-24,67010.458,47214.844,23947.192,31970.407,14544.896,5508.291,1931.731,104.689,9629.395,1158.925,201.717
2020-07-25,67010.458,47214.844,23947.192,31970.407,14544.896,5508.291,1931.731,104.689,9629.395,1158.925,201.717
2020-07-26,67010.458,47214.844,23947.192,31970.407,14544.896,5508.291,1931.731,104.689,9629.395,1158.925,201.717
2020-07-27,67289.291,47270.621,24165.003,32047.055,14568.594,5532.73,1942.101,104.689,9636.62,1158.925,203.646
2020-07-28,67520.371,47299.452,24185.857,32100.34,14637.289,5535.419,1949.31,104.689,9642.312,1158.925,204.987
2020-07-29,67563.416,47328.283,23815.338,32153.625,14652.345,5538.108,1956.519,104.689,9648.004,1158.925,206.327
2020-07-30,67737.54,47357.114,23845.023,32206.91,14672.835,5540.797,1963.728,104.689,9653.696,1158.925,207.668
2020-07-31,72111.069,47359.554,25353.783,32061.125,15655.216,5542.141,1967.915,104.689,9657.965,1158.925,208.447
2020-08-01,72111.069,47359.554,25353.783,32061.125,15655.216,5542.141,1967.915,104.689,9657.965,1158.925,208.447
2020-08-02,72111.069,47359.554,25353.783,32061.125,15655.216,5542.141,1967.915,104.689,9657.965,1158.925,208.447
2020-08-03,71435.003,47414.777,25391.339,32176.289,15676.336,5546.174,1978.146,104.689,9716.076,1158.925,210.35
2020-08-04,71474.355,47443.608,25417.8,32230.618,15792.44,5548.863,1985.355,104.689,9721.797,1158.925,211.69
2020-08-05,71465.693,47472.439,25444.262,33147.132,15807.075,5551.552,1992.564,104.689,9727.518,1158.925,220.422
2020-08-06,71506.245,47501.27,25470.723,33201.346,15821.709,5554.241,1999.773,104.689,9733.24,1158.925,223.061
2020-08-07,71612.973,47504.264,25486.6,33233.875,15830.49,5555.637,2004.098,104.689,9737.64,1158.925,223.681
2020-08-08,71612.973,47504.264,25486.6,33233.875,15830.49,5555.637,2004.098,104.689,9737.64,1158.925,223.681
2020-08-09,71612.973,47504.264,25486.6,33233.875,15830.49,5555.637,2004.098,104.689,9737.64,1158.925,223.681
2020-08-10,71658.986,47558.933,25523.647,33309.775,15850.979,5559.618,2014.191,104.689,9744.682,1158.925,225.129
2020-08-11,71699.131,47587.764,25550.108,33363.99,15865.613,5562.307,2021.4,104.689,9750.403,1158.925,226.164
2020-08-12,71739.277,47616.595,25576.57,33418.205,15880.248,5564.996,2028.609,104.689,9756.124,1158.925,227.198
2020-08-13,71779.422,47646.051,25603.031,33472.419,15894.883,5567.685,2035.818,104.689,9761.845,1158.925,228.232
2020-08-14,71814.472,47649.6,25619.417,33505.99,15903.945,5569.133,2040.282,104.689,9766.356,1158.925,228.873
2020-08-15,71814.472,47649.6,25619.417,33505.99,15903.945,5569.133,2040.282,104.689,9766.356,1158.925,228.873
2020-08-16,71814.472,47649.6,25619.417,33505.99,15903.945,5569.133,2040.282,104.689,9766.356,1158.925,228.873
2020-08-17,71859.713,47703.714,25655.955,33580.848,15924.152,5546.251,1393.955,104.689,9773.287,1158.925,230.301
2020-08-18,71899.859,47732.546,25682.416,33635.063,15938.787,5548.751,1400.63,104.689,9779.009,1158.925,231.335
2020-08-19,71940.004,47761.377,25708.878,33689.277,15953.421,5822.915,1407.305,104.689,9784.73,1158.925,232.369
2020-08-20,71980.15,47790.209,25735.339,33743.492,15968.056,5896.06,1413.979,104.689,9790.451,1158.925,218.506
2020-08-21,72015.972,47794.312,25752.234,33778.106,15977.4,5901.22,1375.68,104.689,9795.072,1158.925,218.957
2020-08-22,72015.972,47794.312,25752.234,33778.106,15977.4,5901.22,1375.68,104.689,9795.072,1158.925,218.957
2020-08-23,72015.972,47794.312,25752.234,33778.106,15977.4,5901.22,1375.68,104.689,9795.072,1158.925,218.957
2020-08-24,72060.441,47847.872,25788.263,33851.921,15997.325,5914.566,1384.515,104.689,9801.893,1158.925,219.92
2020-08-25,72100.586,47876.703,25803.683,33906.136,16022.493,5936.716,1391.004,104.689,9807.614,1158.925,220.627
2020-08-26,72140.732,47905.535,25829.801,33960.35,16037.058,5946.011,1397.493,104.689,9813.335,1158.925,221.334
2020-08-27,72180.877,47934.366,25855.919,34049.507,16051.622,5955.306,1403.982,104.689,9819.056,1158.925,222.041
2020-08-28,72217.471,47939.023,25873.097,34087.636,16061.202,5960.668,1408.25,104.689,9823.787,1158.925,222.507
2020-08-29,72217.471,47939.023,25873.097,34087.636,16061.202,5960.668,1408.25,104.689,9823.787,1158.925,222.507
2020-08-30,72217.471,47939.023,25873.097,34087.636,16061.202,5960.668,1408.25,104.689,9823.787,1158.925,222.507
2020-08-31,72270.595,47992.029,25908.155,34165.455,16080.752,5973.895,1416.961,104.689,9830.499,1158.925,223.456
2020-09-01,72310.726,48020.861,25934.273,37870.095,16095.317,5993.524,2085.61,104.689,9836.22,1158.925,224.163
2020-09-02,72350.858,48049.692,25960.391,37932.705,16109.881,6002.723,2240.77,104.689,9841.941,1158.925,224.87
2020-09-03,72390.99,48078.524,25986.509,37995.315,16124.446,6011.922,2246.201,104.689,10407.054,1158.925,225.577
2020-09-04,72428.343,48083.735,26004.189,38037.697,16134.305,6017.406,2249.877,104.689,10288.37,1158.925,226.056
2020-09-05,72428.343,48083.735,26004.189,38037.697,16134.305,6017.406,2249.877,104.689,10288.37,1158.925,226.056
2020-09-06,72428.343,48083.735,26004.189,38037.697,16134.305,6017.406,2249.877,104.689,10288.37,1158.925,226.056
2020-09-07,72542.872,48136.187,26038.745,38120.534,16153.576,6030.32,2257.063,104.689,10293.197,1158.925,226.991
2020-09-08,72844.436,48165.018,26064.863,38183.144,16168.14,6039.519,2262.494,104.689,10297.38,1158.925,227.699
2020-09-09,72889.477,48193.85,26090.98,38245.754,16182.705,6048.718,2267.924,104.689,10301.564,1158.925,228.406
2020-09-10,74232.719,48222.681,26117.098,38308.364,16197.27,6057.917,2273.355,104.689,10251.828,1158.925,229.113
2020-09-11,74187.417,48228.447,26135.28,38351.95,16207.409,6063.578,2313.959,104.689,10256.745,1158.925,229.605
2020-09-12,74187.417,48228.447,26135.28,38351.95,16207.409,6063.578,2313.959,104.689,10256.745,1158.925,229.605
2020-09-13,74187.417,48228.447,26135.28,38351.95,16207.409,6063.578,2313.959,104.689,10256.745,1158.925,229.605
2020-09-14,74361.821,48280.344,26169.334,38433.583,16182.349,6076.905,2321.244,104.689,10263.191,1158.925,231.656
2020-09-15,74315.036,45754.948,26195.452,38496.193,16196.69,6086.098,2326.831,104.689,10268.872,1158.925,232.366
2020-09-16,74268.25,45780.614,26221.57,38558.803,16211.03,6095.291,2540.675,104.689,10274.553,1158.925,233.076
2020-09-17,74221.465,45806.28,26247.688,38621.412,16225.371,6104.484,2546.66,104.689,10280.234,1158.925,233.785
2020-09-18,74176.119,45811.907,26266.372,38666.202,16235.629,6110.318,2421.521,104.689,10285.26,1158.925,234.293
2020-09-19,74176.119,45811.907,26266.372,38666.202,16235.629,6110.318,2421.521,104.689,10285.26,1158.925,234.293
2020-09-20,74176.119,45811.907,26266.372,38666.202,16235.629,6110.318,2421.521,104.689,10285.26,1158.925,234.293
2020-09-21,74127.894,45857.612,26299.924,38746.632,16254.051,6122.87,2431.473,104.689,10291.596,1158.925,235.205
2020-09-22,74081.109,45883.277,26326.042,38809.241,16268.392,6132.063,2439.22,104.689,10297.278,1158.925,235.915
2020-09-23,74034.323,45908.943,26352.16,38871.851,16282.732,6141.256,2423.924,104.689,10302.959,1158.925,236.624
2020-09-24,73987.538,45934.609,26378.278,38615.081,16297.073,6150.449,2431.438,104.689,10308.64,1158.925,237.334
2020-09-25,73941.292,45940.73,26397.464,38659.667,16307.608,6156.46,2436.959,104.689,10313.775,1158.925,237.856
2020-09-26,73941.292,45940.73,26397.464,38659.667,16307.608,6156.46,2436.959,104.689,10313.775,1158.925,237.856
2020-09-27,73941.292,45940.73,26397.464,38659.667,16307.608,6156.46,2436.959,104.689,10313.775,1158.925,237.856
2020-09-28,72942.677,45985.941,25034.755,38736.468,16325.754,6168.836,2446.467,104.689,10320.002,1158.925,238.754
2020-09-29,72896.316,46011.607,25053.85,38797.161,16336.285,6178.029,2453.982,104.689,10325.683,1158.925,239.463
2020-09-30,72849.955,45917.9,24902.474,38988.506,16350.653,6187.222,2535.113,104.689,10331.365,1158.925,240.173
2020-10-01,72898.932,45943.503,24921.463,39494.254,16365.02,6196.415,2543.01,104.689,10337.046,1158.925,240.883
2020-10-02,72899.12,45950.101,24935.778,37575.231,16375.851,6202.602,2548.964,104.689,10342.29,1158.925,241.418
2020-10-03,72899.12,45950.101,24935.778,37575.231,16375.851,6202.602,2548.964,104.689,10342.29,1158.925,241.418
2020-10-04,72899.12,45950.101,24935.778,37575.231,16375.851,6202.602,2548.964,104.689,10342.29,1158.925,241.418
2020-10-05,72995.315,45994.709,24959.44,37651.391,16415.89,6214.801,2586.831,104.689,10348.408,1158.925,242.303
2020-10-06,73044.297,46020.312,24978.429,37712.506,16430.354,6223.994,2594.633,104.689,10354.089,1158.925,243.012
2020-10-07,73093.279,46045.915,24997.418,37773.621,16444.818,6233.187,2602.434,104.689,10359.77,1158.925,243.722
2020-10-08,73142.262,46071.518,25006.441,37787.962,16459.283,6247.935,2610.236,104.689,10365.451,1158.925,244.432
2020-10-09,73143.392,46078.608,25021.082,37835.074,16470.465,6254.321,2616.267,104.689,10370.805,1158.925,244.981
2020-10-10,73143.392,46078.608,25021.082,37835.074,16470.465,6254.321,2616.267,104.689,10370.805,1158.925,244.981
2020-10-11,73143.392,46078.608,25021.082,37835.074,16470.465,6254.321,2616.267,104.689,10370.805,1158.925,244.981
2020-10-12,73125.904,46113.1,24960.101,37820.778,16748.032,6263.32,2625.839,104.689,10376.814,1158.925,245.851
2020-10-13,72747.623,46150.083,24979.192,37881.527,16763.154,6272.531,2633.64,104.689,10382.495,1158.925,246.561
2020-10-14,74308.91,46043.406,24998.283,37942.276,16778.277,6281.743,2476.792,104.689,10388.176,1158.925,247.271
2020-10-15,74358.543,46067.96,25017.374,35431.226,16793.399,6290.954,2484.332,104.689,10393.857,1158.925,247.981
2020-10-16,74360.643,46075.232,25004.06,35476.712,16837.312,6297.508,2490.306,104.689,10399.32,1158.925,248.543
2020-10-17,74360.643,46075.232,25004.06,35476.712,16837.312,6297.508,2490.306,104.689,10399.32,1158.925,248.543
2020-10-18,74360.643,46075.232,25004.06,35476.712,16837.312,6297.508,2490.306,104.689,10399.32,1158.925,248.543
2020-10-19,74457.811,46117.069,25027.09,35546.044,16855.896,6309.377,2471.017,104.689,10405.22,1158.925,249.4
2020-10-20,74507.445,46346.71,25187.1,35603.454,16853.154,6318.588,2499.717,104.689,10410.901,1158.925,250.11
2020-10-21,74557.078,46370.399,25204.243,35660.863,16868.471,6327.8,2320.196,104.689,10416.582,1158.925,250.82
2020-10-22,74606.712,46394.088,25163.641,35718.272,16661.684,6337.011,2172.14,104.689,10422.263,1158.925,251.529
2020-10-23,74609.767,46401.559,25792.29,35743.764,16664.401,6343.742,2158.329,104.689,10427.835,1158.925,252.105
2020-10-24,74609.767,46401.559,25792.29,35743.764,16664.401,6343.742,2158.329,104.689,10427.835,1158.925,252.105
2020-10-25,74609.767,46401.559,25792.29,35743.764,16664.401,6343.742,2158.329,104.689,10427.835,1158.925,252.105
2020-10-26,74902.866,46469.345,25816.224,35258.761,16668.431,6378.599,2162.678,104.689,10433.625,1158.925,252.949
2020-10-27,74950.741,46424.302,25836.363,35305.599,16685.851,6387.841,1749.765,104.901,10439.307,1158.925,253.659
2020-10-28,74998.616,49668.545,25856.502,35359.808,16703.756,6397.083,1751.878,105.113,10444.988,1158.925,254.369
2020-10-29,75452.369,49682.808,25761.656,35414.017,16349.022,6406.325,1753.991,105.325,10450.669,1158.925,255.078
2020-10-30,73947.147,49687.581,30099.207,34274.927,15642.868,6413.256,1866.666,105.502,10456.35,1158.925,255.668
2020-10-31,73947.147,49687.581,30099.207,34274.927,15642.868,6413.256,1866.666,105.502,10456.35,1158.925,255.668
2020-11-01,73947.147,49687.581,30099.207,34274.927,15642.868,6413.256,1866.666,105.502,10456.35,1158.925,255.668
2020-11-02,74010.111,49711.336,30129.04,34346.803,15647.775,6424.809,1869.602,105.75,10515.852,1158.925,256.498
2020-11-03,74042.869,49725.6,30153.726,36540.058,15654.064,6434.051,1872.113,105.962,10518.404,1158.925,257.208
2020-11-04,74075.676,49739.863,30178.412,36598.072,15660.353,6443.293,1874.624,106.174,10520.955,1158.925,262.204
2020-11-05,74108.483,49754.127,30203.098,36656.086,15666.642,6452.535,1877.135,106.386,10523.506,1158.925,264.521
2020-11-06,74111.764,49759.174,30224.082,36705.397,15671.988,6459.644,1879.269,106.567,10523.555,1158.925,271.603
2020-11-07,74111.764,49759.174,30224.082,36705.397,15671.988,6459.644,1879.269,106.567,10523.555,1158.925,271.603
2020-11-08,74111.764,49759.174,30224.082,36705.397,15671.988,6459.644,1879.269,106.567,10523.555,1158.925,271.603
2020-11-09,74381.891,49782.655,30252.471,36772.113,15679.221,6471.019,1882.157,106.811,10528.609,1158.925,272.119
2020-11-10,74414.773,49796.919,30300.501,36830.127,15685.51,6480.261,1884.668,107.023,10531.16,1158.925,272.567
2020-11-11,74447.654,49811.182,30325.245,36888.141,15691.799,6489.503,1887.179,107.235,10533.711,1158.925,273.016
2020-11-12,74480.536,49825.446,30349.99,36946.155,15698.088,6498.745,1889.69,7.846,10536.262,1158.925,270.571
2020-11-13,74484.457,49830.768,30371.499,36996.582,15703.555,6506.032,1891.873,8.031,10536.361,1158.925,270.946
2020-11-14,74484.457,49830.768,30371.499,36996.582,15703.555,6506.032,1891.873,8.031,10536.361,1158.925,270.946
2020-11-15,74484.457,49830.768,30371.499,36996.582,15703.555,6506.032,1891.873,8.031,10536.361,1158.925,270.946
2020-11-16,74546.3,49853.974,30399.479,37062.183,15710.666,7315.088,1894.712,8.271,10541.365,1158.925,271.433
2020-11-17,74579.181,49868.238,30424.224,37120.196,15716.955,7320.542,1897.223,8.483,10543.916,1158.925,271.864
2020-11-18,74612.063,49882.501,30448.968,37178.21,15723.245,6820.345,1899.735,8.695,10546.467,1158.925,272.295
2020-11-19,74644.945,49896.765,30473.713,37236.224,15729.534,6978.187,1902.246,8.907,10549.019,1158.925,272.726
2020-11-20,74649.498,49902.361,30495.698,37287.767,15735.121,6985.892,1904.477,9.096,10549.166,1158.925,273.109
2020-11-21,74649.498,49902.361,30495.698,37287.767,15735.121,6985.892,1904.477,9.096,10549.166,1158.925,273.109
2020-11-22,74649.498,49902.361,30495.698,37287.767,15735.121,6985.892,1904.477,9.096,10549.166,1158.925,273.109
2020-11-23,74710.708,49925.293,30523.202,37352.252,15742.112,6997.265,1907.268,9.332,10554.121,1158.925,273.588
2020-11-24,73521.043,49933.68,30547.947,37410.266,15748.401,7006.805,1909.779,9.544,10556.672,1158.925,274.019
2020-11-25,73538.528,49948.078,30572.692,37468.28,15754.69,7016.344,1912.29,9.756,10559.224,1158.925,274.451
2020-11-26,73571.881,49962.476,30597.436,37526.293,15760.979,7025.883,1914.801,9.968,10561.775,1158.925,274.882
2020-11-27,73577.14,49968.402,30619.897,37578.952,15766.688,7033.771,1886.054,10.161,10561.971,1158.925,275.273
2020-11-28,73577.14,49968.402,30619.897,37578.952,15766.688,7033.771,1886.054,10.161,10561.971,1158.925,275.273
2020-11-29,73577.14,49968.402,30619.897,37578.952,15766.688,7033.771,1886.054,10.161,10561.971,1158.925,275.273
2020-11-30,73638.585,49991.273,30648.149,37642.321,15773.558,7021.939,1890.204,10.393,10566.877,1158.925,275.744
2020-12-01,73671.937,50005.671,30672.841,37700.335,15779.847,7031.303,1894.003,10.605,10569.429,1158.925,276.175
2020-12-02,73705.289,50020.069,30697.532,37758.349,15786.136,7040.668,1897.801,10.817,10571.98,1158.925,276.606
2020-12-03,73738.642,50884.729,30722.224,37816.363,15792.425,7050.032,1901.6,11.029,10574.531,1158.925,277.037
2020-12-04,73744.542,50889.808,30745.111,37870.137,15798.255,7057.956,1905.122,11.226,10574.776,1158.925,277.436
2020-12-05,73744.542,50889.808,30745.111,37870.137,15798.255,7057.956,1905.122,11.226,10574.776,1158.925,277.436
2020-12-06,73744.542,50889.808,30745.111,37870.137,15798.255,7057.956,1905.122,11.226,10574.776,1158.925,277.436
2020-12-07,73805.346,50908.308,30771.606,37801.29,15805.003,7068.761,1909.198,11.454,10579.634,1158.925,277.899
2020-12-08,73838.698,50920.097,30796.298,37859.5,15669.702,7078.126,1912.997,11.666,10762.961,1158.925,278.33
2020-12-09,73872.05,50683.89,30820.989,37917.71,15675.406,7087.49,1794.571,11.878,10764.736,1158.925,278.761
2020-12-10,73905.403,50801.114,30845.681,37975.921,15681.109,7096.855,1797.978,12.09,11149.732,1158.925,279.192
2020-12-11,73911.945,50744.188,30869.042,38030.997,15686.506,7104.959,1801.201,12.291,11519.84,1158.925,279.6
2020-12-12,73911.945,50744.188,30869.042,38030.997,15686.506,7104.959,1801.201,12.291,11519.84,1158.925,279.6
2020-12-13,73911.945,50744.188,30869.042,38030.997,15686.506,7104.959,1801.201,12.291,11519.84,1158.925,279.6
2020-12-14,73972.107,50761.875,30895.063,38092.341,15692.516,7115.584,1804.791,12.515,11523.057,1158.925,284.653
2020-12-15,74005.314,50773.287,34291.705,38150.552,16320.8,7124.948,1808.198,12.727,11524.764,1158.925,285.109
2020-12-16,74038.672,51044.87,34321.48,38208.762,16325.918,7134.313,1811.605,12.939,11526.471,1158.925,285.565
2020-12-17,74072.03,51059.557,34351.256,38266.972,16331.035,7187.245,1810.221,13.151,11528.177,1158.925,286.022
2020-12-18,74079.214,51066.448,34800.787,38323.168,16335.975,7195.697,1813.482,13.356,11528.407,1158.925,286.462
2020-12-19,74079.214,51066.448,34800.787,38323.168,16335.975,7195.697,1813.482,13.356,11528.407,1158.925,286.462
2020-12-20,74079.214,51066.448,34800.787,38323.168,16335.975,7195.697,1813.482,13.356,11528.407,1158.925,286.462
2020-12-21,74138.745,51088.931,34833.321,38383.393,16341.27,7206.353,1798.975,13.576,11531.591,1158.925,290.301
2020-12-22,74172.103,51103.618,34864.766,38441.604,16346.387,7215.907,1802.283,13.788,11533.298,1158.925,290.775
2020-12-23,74205.461,51118.305,34896.212,38499.814,16351.504,7225.461,1805.59,14.0,11535.005,1158.925,291.249
2020-12-24,74238.818,51132.992,34927.658,38558.024,16356.621,7235.014,1808.898,14.212,11536.712,1158.925,291.723
2020-12-25,74246.645,51140.166,34958.619,38615.339,16361.66,7243.65,1812.154,14.421,11536.974,1158.925,292.189
2020-12-26,74246.645,51140.166,34958.619,38615.339,16361.66,7243.65,1812.154,14.421,11536.974,1158.925,292.189
2020-12-27,74246.645,51140.166,34958.619,38615.339,16361.66,7243.65,1812.154,14.421,11536.974,1158.925,292.189
2020-12-28,73697.315,51162.366,34990.549,38674.445,16366.856,7254.122,1815.513,14.637,11540.125,1158.925,292.67
2020-12-29,73730.424,51177.053,35021.994,38732.655,16371.973,7263.676,1818.82,14.849,11541.832,1158.925,293.144
2020-12-30,73763.533,51191.739,35053.44,38790.866,16377.091,7273.23,1808.609,15.061,11543.539,1158.925,293.618
2020-12-31,73796.642,51102.713,34738.712,38982.516,16382.208,7282.784,1904.171,58.176,11545.246,1158.925,296.14
2021-01-01,73805.046,51110.152,34738.712,38982.516,16382.208,7291.603,1904.171,58.176,11545.541,1158.925,296.14
2021-01-02,73805.046,51110.152,34738.712,38982.516,16382.208,7291.603,1904.171,58.176,11545.541,1158.925,296.14
2021-01-03,73805.046,51110.152,34738.712,38982.516,16382.208,7291.603,1904.171,58.176,11545.541,1158.925,296.14
2021-01-04,74443.097,51132.02,34756.149,39119.903,16432.874,7301.892,1882.402,58.176,11548.659,1158.925,296.836
2021-01-05,74474.911,51146.674,34764.867,39188.596,16458.029,7311.446,1909.609,58.176,11550.366,1158.925,297.184
2021-01-06,74506.725,51161.328,34773.586,39257.289,16483.303,7321.0,1919.586,58.176,11552.073,1158.925,297.532
2021-01-07,74538.54,51175.982,34782.305,39325.982,16508.576,7330.554,1887.312,58.176,11553.78,1158.925,297.88
2021-01-08,74547.227,51183.703,34782.472,39327.304,16509.062,7339.556,1887.507,58.176,11554.108,1158.925,297.887
2021-01-09,74547.227,51183.703,34782.472,39327.304,16509.062,7339.556,1887.507,58.176,11554.108,1158.925,297.887
2021-01-10,74547.227,51183.703,34782.472,39327.304,16509.062,7339.556,1887.507,58.176,11554.108,1158.925,297.887
2021-01-11,74582.839,51205.289,34799.742,39463.369,16559.124,7349.661,2236.549,58.176,11557.194,1158.925,298.576
2021-01-12,74614.67,51219.943,34809.006,39532.062,16575.461,7359.215,2246.823,58.176,11558.9,1158.925,280.199
2021-01-13,74646.501,51234.597,34817.793,39600.756,16600.696,7368.769,2257.096,58.176,11560.607,1158.925,280.478
2021-01-14,74678.332,51249.25,34826.58,39669.449,16625.931,7378.323,2267.37,58.176,11562.314,1158.925,280.756
2021-01-15,74687.636,51246.201,34790.601,40070.598,16737.8,7387.51,2267.765,58.176,11562.675,1158.925,280.767
2021-01-16,74687.636,51246.201,34790.601,40070.598,16737.8,7387.51,2267.765,58.176,11562.675,1158.925,280.767
2021-01-17,74687.636,51246.201,34790.601,40070.598,16737.8,7387.51,2267.765,58.176,11562.675,1158.925,280.767
2021-01-18,74741.994,51267.641,34808.121,40202.228,16786.432,7397.431,2287.918,58.176,11565.728,1158.925,281.313
2021-01-19,74773.825,51282.388,34817.053,40269.333,17171.182,7406.985,2335.99,58.176,11567.435,1158.925,281.591
2021-01-20,74805.656,51297.135,34742.036,40336.438,17327.571,7416.539,2474.91,58.176,11569.142,1158.925,281.87
2021-01-21,74837.486,51317.303,34750.842,40403.544,17352.904,7426.093,2485.935,58.176,11570.848,1158.925,282.148
2021-01-22,74826.164,51372.951,34927.873,40762.677,17319.366,7435.463,2481.405,58.176,11571.242,1158.925,282.164
2021-01-23,74826.164,51372.951,34927.873,40762.677,17319.366,7435.463,2481.405,58.176,11571.242,1158.925,282.164
2021-01-24,74826.164,51372.951,34927.873,40762.677,17319.366,7435.463,2481.405,58.176,11571.242,1158.925,282.164
2021-01-25,74858.078,51394.284,34945.949,40894.809,17366.638,7445.2,2502.747,58.176,11574.262,1158.925,282.705
2021-01-26,75499.67,51364.689,34955.256,40962.47,17670.768,7454.754,2513.734,58.176,11577.814,1158.925,282.984
2021-01-27,77302.68,56586.147,34964.562,41030.478,17662.676,7464.308,2680.93,58.176,11579.55,1158.925,283.262
2021-01-28,82833.32,56610.551,34973.869,41098.486,20752.687,7473.862,1441.8,58.176,11581.286,1158.925,283.54
2021-01-29,82844.458,56624.818,34974.585,41103.718,21428.093,7483.416,1442.49,58.176,11581.72,1158.925,283.562
2021-01-30,82844.458,56624.818,34974.585,41103.718,21428.093,7483.416,1442.49,58.176,11581.72,1158.925,283.562
2021-01-31,82844.458,56624.818,34974.585,41103.718,21428.093,7483.416,1442.49,58.176,11581.72,1158.925,283.562
2021-02-01,82900.665,56659.359,34992.482,41565.476,21474.544,7505.642,1231.313,58.176,11644.464,1158.925,284.097
2021-02-02,82934.337,56683.763,35268.017,40446.197,21498.698,7514.189,1239.674,58.176,11646.209,1158.925,284.376
2021-02-03,82968.01,56708.167,37372.587,40857.575,21522.853,7522.735,1248.035,58.176,11647.955,1158.925,284.654
2021-02-04,83003.343,56732.571,37400.02,40918.769,21547.008,7531.282,1256.395,58.176,11649.7,1158.925,284.933
2021-02-05,83014.874,56747.308,37402.658,40900.475,21549.33,7531.413,1257.199,58.176,11650.17,1158.925,284.959
2021-02-06,83014.874,56747.308,37402.658,40900.475,21549.33,7531.413,1257.199,58.176,11650.17,1158.925,284.959
2021-02-07,83014.874,56747.308,37402.658,40900.475,21549.33,7531.413,1257.199,58.176,11650.17,1158.925,284.959
2021-02-08,83070.498,56781.379,37454.885,41018.378,21595.317,7548.375,1273.117,58.176,11653.19,1158.925,285.49
2021-02-09,83104.21,56910.911,37482.318,41080.306,21619.472,7556.921,1281.478,58.176,11654.935,1158.925,285.768
2021-02-10,83137.922,56934.944,37879.08,41142.235,21643.626,7565.467,1289.838,58.176,11657.945,1158.925,286.046
2021-02-11,83171.634,56958.976,37908.422,41204.164,21667.781,7574.014,1298.199,58.176,11659.677,1158.925,286.325
2021-02-12,83184.081,56973.95,37911.807,41211.31,21670.568,7574.31,1299.164,58.176,11660.177,1158.925,286.357
2021-02-13,83184.081,56973.95,37911.807,41211.31,21670.568,7574.31,1299.164,58.176,11660.177,1158.925,286.357
2021-02-14,83184.081,56973.95,37911.807,41211.31,21670.568,7574.31,1299.164,58.176,11660.177,1158.925,286.357
2021-02-15,83239.057,57007.041,37967.104,41328.022,21716.09,7591.107,1314.921,58.176,11663.141,1158.925,286.882
2021-02-16,83272.769,57031.074,37967.473,41389.95,21740.245,7599.653,1323.281,122.628,11664.873,1158.925,287.16
2021-02-17,83451.095,57055.106,37992.045,41451.879,21764.399,7608.199,1331.642,123.21,11666.604,1158.925,287.439
2021-02-18,83484.776,57079.139,38016.616,41513.808,21788.554,7616.746,1340.003,123.791,11668.336,1158.925,287.717
2021-02-19,83497.859,57094.575,38019.924,41522.144,21791.806,7617.206,1341.128,123.869,11668.869,1158.925,287.755
2021-02-20,83497.859,57094.575,38019.924,41522.144,21791.806,7617.206,1341.128,123.869,11668.869,1158.925,287.755
2021-02-21,83497.859,57094.575,38019.924,41522.144,21791.806,7617.206,1341.128,123.869,11668.869,1158.925,287.755
2021-02-22,83552.137,57127.204,38065.759,41637.665,21836.863,9644.039,1356.724,124.954,11671.8,1158.925,288.274
2021-02-23,83585.817,57151.236,38090.331,41699.594,21861.018,9657.518,1365.085,125.535,11673.532,1158.925,288.552
2021-02-24,83619.497,57175.269,38114.902,41761.523,21885.173,7808.18,1373.446,126.116,11675.264,1158.925,271.663
2021-02-25,83654.8,57199.301,38139.474,41823.452,21909.327,7879.276,1381.807,126.698,11676.996,1158.925,276.265
2021-02-26,83668.525,57215.2,38143.254,41832.979,21913.043,7879.619,1383.093,126.787,11677.562,1158.925,276.318
2021-02-27,83668.525,57215.2,38143.254,41832.979,21913.043,7879.619,1383.093,126.787,11677.562,1158.925,276.318
2021-02-28,83668.525,57215.2,38143.254,41832.979,21913.043,7879.619,1383.093,126.787,11677.562,1158.925,276.318
2021-03-01,83750.276,57247.366,38188.617,41947.309,21957.636,7888.659,1398.528,127.86,11680.459,1158.925,276.957
2021-03-02,83783.663,57271.399,38213.188,42009.238,21981.791,7893.351,1406.889,128.441,11682.191,1158.925,277.303
2021-03-03,83817.05,57295.431,38237.76,42071.167,22005.946,7898.042,1069.826,129.023,11683.923,1158.925,277.649
2021-03-04,83850.437,57319.464,38262.331,42133.096,22026.21,7902.734,1077.498,129.604,11759.883,1158.925,288.474
2021-03-05,83864.691,57335.825,38266.584,42143.814,22030.345,7903.167,1078.826,129.705,11854.679,1158.925,288.536
2021-03-06,83864.691,57335.825,38266.584,42143.814,22030.345,7903.167,1078.826,129.705,11854.679,1158.925,288.536
2021-03-07,83864.691,57335.825,38266.584,42143.814,22030.345,7903.167,1078.826,129.705,11854.679,1158.925,288.536
2021-03-08,85223.571,57367.529,38311.474,42256.953,22073.996,7912.117,1092.842,130.767,11860.439,1158.925,289.191
2021-03-09,85252.806,57391.561,38336.046,42318.882,22099.868,7916.808,1035.847,131.348,11863.921,1158.925,289.55
2021-03-10,85282.042,57415.594,38360.617,42380.811,22123.565,7921.5,1052.079,131.929,11867.403,1158.925,289.909
2021-03-11,85311.278,57439.627,38385.189,42442.74,22147.263,7926.192,1059.641,132.51,11870.886,1158.925,290.267
2021-03-12,85324.322,57456.449,38389.914,42454.649,22151.821,7926.715,1061.095,132.622,11872.158,1158.925,290.336
2021-03-13,85324.322,57456.449,38389.914,42454.649,22151.821,7926.715,1061.095,132.622,11872.158,1158.925,290.336
2021-03-14,85324.322,57456.449,38389.914,42454.649,22151.821,7926.715,1061.095,132.622,11872.158,1158.925,290.336
2021-03-15,85369.75,57407.037,38434.332,42566.597,22194.659,7935.575,1074.765,133.673,11877.528,1158.925,290.984
2021-03-16,85398.986,57430.956,38458.903,42628.526,22218.357,7940.266,1082.327,134.254,11893.732,1158.925,291.343
2021-03-17,85428.222,57454.875,38483.475,42690.455,22242.054,7937.645,1089.889,134.836,11909.613,1158.925,291.701
2021-03-18,85457.458,57478.794,38508.046,42752.384,22265.752,7942.328,1097.451,135.417,11913.139,1158.925,292.06
2021-03-19,85471.064,57495.998,38513.244,42765.484,22270.765,7942.94,1099.051,135.54,11914.495,1158.925,292.136
2021-03-20,85471.064,57495.998,38513.244,42765.484,22270.765,7942.94,1099.051,135.54,11914.495,1158.925,292.136
2021-03-21,85471.064,57495.998,38513.244,42765.484,22270.765,7942.94,1099.051,135.54,11914.495,1158.925,292.136
2021-03-22,85515.93,57526.633,38557.189,42876.241,22313.148,7951.692,1112.575,136.579,11920.191,1158.925,292.777
2021-03-23,85545.166,57550.552,38581.761,42938.17,22336.846,7956.374,1120.137,137.161,11923.716,1158.925,293.136
2021-03-24,85574.402,57574.471,38606.332,43000.099,22360.543,7961.056,1123.781,137.742,11927.242,1158.925,293.494
2021-03-25,85603.638,57598.39,38630.904,43454.469,22384.241,7965.738,1131.341,138.323,11930.768,1158.925,293.853
2021-03-26,85617.806,57616.053,38636.574,43467.566,22389.71,7966.441,1133.086,138.457,11932.192,1158.925,293.935
2021-03-27,85617.806,57616.053,38636.574,43467.566,22389.71,7966.441,1133.086,138.457,11932.192,1158.925,293.935
2021-03-28,85617.806,57616.053,38636.574,43467.566,22389.71,7966.441,1133.086,138.457,11932.192,1158.925,293.935
2021-03-29,84635.006,57646.228,38672.245,43567.981,22611.733,7975.103,1146.463,139.486,11937.82,1158.925,294.57
2021-03-30,84663.916,57670.147,38696.795,43624.737,22636.359,7979.785,1154.024,140.067,11941.346,1158.925,294.928
2021-03-31,84681.385,57527.463,34018.585,43986.14,22183.357,7980.116,1225.921,145.956,11944.871,1158.925,317.856
2021-04-01,84710.234,57551.307,34038.28,44043.163,22210.603,7984.777,1233.571,145.956,11948.397,1158.925,318.233
2021-04-02,84724.769,57569.373,34043.204,44057.418,22216.254,7985.566,1235.483,145.956,11949.889,1158.925,318.327
2021-04-03,84724.769,57569.373,34043.204,44057.418,22216.254,7985.566,1235.483,145.956,11949.889,1158.925,318.327
2021-04-04,84724.769,57569.373,34043.204,44057.418,22216.254,7985.566,1235.483,145.956,11949.889,1158.925,318.327
2021-04-05,84767.931,57598.995,34077.67,44157.208,22255.813,7994.1,1391.692,145.956,11955.449,1158.925,318.987
2021-04-06,84796.534,57622.838,34097.365,44214.23,22278.418,7998.761,1389.651,145.956,11958.975,1158.925,319.364
2021-04-07,84825.384,57646.682,34117.06,44271.253,22301.024,8003.423,1395.783,145.956,11962.5,1158.925,319.741
2021-04-08,84854.233,57670.526,34136.755,44676.317,22323.629,7996.189,1401.914,145.956,11966.026,1158.925,320.118
2021-04-09,84874.54,57689.051,34142.057,44692.021,22329.715,7997.066,1403.565,145.956,11967.586,1158.925,320.22
2021-04-10,84874.54,57689.051,34142.057,44692.021,22329.715,7997.066,1403.565,145.956,11967.586,1158.925,320.22
2021-04-11,84874.54,57689.051,34142.057,44692.021,22329.715,7997.066,1403.565,145.956,11967.586,1158.925,320.22
2021-04-12,84917.175,57718.214,34028.965,44792.98,22368.839,8265.006,1414.178,145.956,11973.078,1158.925,330.999
2021-04-13,84946.042,57742.058,33120.834,44851.311,22389.428,8307.202,1560.688,145.956,11976.604,1158.925,331.322
2021-04-14,84974.167,57765.902,33143.715,44909.643,22411.807,8311.857,1566.005,145.956,11980.13,1158.925,331.646
2021-04-15,84918.876,57789.746,36068.813,44967.974,22420.831,8316.512,1571.321,145.956,11983.655,1158.925,331.969
2021-04-16,84934.308,57808.729,36076.27,45170.505,22427.29,8317.478,1572.855,145.956,11985.283,1158.925,332.062
2021-04-17,84934.308,57808.729,36076.27,45170.505,22427.29,8317.478,1572.855,145.956,11985.283,1158.925,332.062
2021-04-18,84934.308,57808.729,36076.27,45170.505,22427.29,8317.478,1572.855,145.956,11985.283,1158.925,332.062
2021-04-19,84975.791,57837.433,36087.635,45273.647,22465.61,8325.821,1581.955,145.956,11990.707,1158.925,332.616
2021-04-20,85004.249,58029.575,36108.946,45333.91,22487.999,8330.476,1633.334,145.956,11994.233,1158.925,332.939
2021-04-21,85032.707,58053.833,36134.644,45166.848,22510.389,8335.131,1638.871,145.956,11997.759,1158.925,333.263
2021-04-22,85061.165,58078.091,36160.343,45226.834,22532.778,8339.786,1637.412,145.956,12001.284,1158.925,333.586
2021-04-23,85077.145,58201.865,35973.246,45245.292,22488.856,8340.842,1639.141,145.956,12002.98,1158.925,333.686
2021-04-24,85077.145,58201.865,35973.246,45245.292,22488.856,8340.842,1639.141,145.956,12002.98,1158.925,333.686
2021-04-25,85077.145,58201.865,35973.246,45245.292,22488.856,8340.842,1639.141,145.956,12002.98,1158.925,333.686
2021-04-26,84817.684,58230.273,35869.521,45346.808,22672.122,8349.095,1685.973,145.956,12008.336,1158.925,334.338
2021-04-27,84848.252,58202.262,36292.438,45406.795,22690.625,8353.75,1834.794,145.956,12011.862,1158.925,334.662
2021-04-28,87112.918,61327.778,44644.75,45603.731,22974.301,8358.405,1961.982,145.956,12015.388,1158.925,333.807
2021-04-29,92743.762,61455.029,44676.905,44812.471,28454.134,8363.06,1969.653,145.956,12018.914,1158.925,332.501
2021-04-30,92743.838,61479.596,44687.417,45788.982,28481.586,8364.206,1972.161,145.956,12020.677,1158.925,332.696
2021-05-01,92743.838,61479.596,44687.417,45788.982,28481.586,8364.206,1972.161,145.956,12020.677,1158.925,332.696
2021-05-02,92743.838,61479.596,44687.417,45788.982,28481.586,8364.206,1972.161,145.956,12020.677,1158.925,332.696
2021-05-03,92744.024,61513.899,44741.214,46308.834,28569.41,8402.981,1984.996,145.956,12087.522,1158.925,333.697
2021-05-04,92744.155,61543.334,44773.369,46370.629,28594.924,8407.651,1992.667,145.956,12091.066,1158.925,334.295
2021-05-05,92744.285,61572.769,44805.524,46432.424,28620.437,8412.321,2000.338,145.956,12094.609,1158.925,334.893
2021-05-06,92744.416,61551.198,44837.678,46494.219,28503.018,8416.991,2008.009,145.956,12098.153,1158.925,335.491
2021-05-07,92744.495,61577.447,44848.809,45440.43,28511.903,8418.231,2010.665,145.956,12099.993,1158.925,335.698
2021-05-08,92744.495,61577.447,44848.809,45440.43,28511.903,8418.231,2010.665,145.956,12099.993,1158.925,335.698
2021-05-09,92744.495,61577.447,44848.809,45440.43,28511.903,8418.231,2010.665,145.956,12099.993,1158.925,335.698
2021-05-10,92744.678,61612.683,44901.988,45541.351,28554.355,8512.177,2023.352,145.956,12105.24,1158.925,336.687
2021-05-11,92744.809,61643.426,44934.142,45602.372,28580.023,8516.657,2031.023,145.956,12108.784,1158.925,337.284
2021-05-12,92744.94,61674.169,44966.297,45663.394,28605.692,8521.137,2038.694,145.956,12112.328,1158.925,337.882
2021-05-13,92745.07,61703.685,44998.452,45724.416,28631.36,8525.616,2046.366,145.956,12115.871,1158.925,338.48
2021-05-14,92745.151,61730.557,45010.201,45746.712,28640.739,8526.891,2049.169,145.956,12117.78,1158.925,338.699
2021-05-15,92745.151,61730.557,45010.201,45746.712,28640.739,8526.891,2049.169,145.956,12117.78,1158.925,338.699
2021-05-16,92745.151,61730.557,45010.201,45746.712,28640.739,8526.891,2049.169,145.956,12117.78,1158.925,338.699
2021-05-17,92745.332,61804.769,45062.761,45846.459,28682.697,8534.576,2061.708,145.956,12122.959,1158.925,339.676
2021-05-18,92752.085,61834.313,45094.916,45907.481,28708.365,8539.056,2069.38,145.956,12126.502,1158.925,340.274
2021-05-19,92752.238,61863.857,45127.071,45968.503,28734.034,8543.536,2077.051,145.956,12130.046,1158.925,340.872
2021-05-20,92752.391,61893.4,45159.225,46029.524,28759.702,8548.015,2084.722,145.956,12133.59,1158.925,341.47
2021-05-21,92752.489,61919.763,45171.592,46052.994,28769.575,8564.472,2087.673,145.956,12135.566,1158.925,341.7
2021-05-22,92752.489,61919.763,45171.592,46052.994,28769.575,8564.472,2087.673,145.956,12135.566,1158.925,341.7
2021-05-23,92752.489,61919.763,45171.592,46052.994,28769.575,8564.472,2087.673,145.956,12135.566,1158.925,341.7
2021-05-24,92752.697,61952.488,45223.535,46151.568,35066.05,8572.393,1881.286,145.956,12140.677,1158.925,342.666
2021-05-25,92752.85,61982.032,45255.689,46212.589,35094.442,8577.063,1888.455,145.956,12144.221,1158.925,343.264
2021-05-26,92753.003,62011.575,45287.844,46273.611,35122.834,8509.875,1895.624,145.956,12147.764,1158.925,343.862
2021-05-27,92753.156,62041.119,45319.999,46334.633,35151.226,9607.953,1902.793,145.956,12151.308,1158.925,344.46
2021-05-28,92777.421,62068.049,45332.984,46359.276,35162.692,9611.048,1905.688,145.956,12153.353,1158.925,344.701
2021-05-29,92777.421,62068.049,45332.984,46359.276,35162.692,9611.048,1905.688,145.956,12153.353,1158.925,344.701
2021-05-30,92777.421,62068.049,45332.984,46359.276,35162.692,9611.048,1905.688,145.956,12153.353,1158.925,344.701
2021-05-31,92778.051,62100.207,45384.308,46456.676,35208.01,9627.11,1917.131,145.956,12158.395,1158.925,345.656
2021-06-01,92778.52,62129.75,45416.463,46517.698,35236.402,9636.689,1924.3,145.956,12027.251,1158.925,346.254
2021-06-02,92778.989,62159.294,45448.617,46578.72,35264.794,9646.267,1931.469,145.956,12030.717,1158.925,346.852
2021-06-03,92792.923,62188.838,45480.772,46639.741,35293.186,9655.845,1938.637,145.956,12407.011,1158.925,348.202
2021-06-04,92793.264,62216.336,45456.982,45374.931,33106.914,9659.124,1941.67,145.956,12754.362,1158.925,348.452
2021-06-05,92793.264,62216.336,45456.982,45374.931,33106.914,9659.124,1941.67,145.956,12754.362,1158.925,348.452
2021-06-06,92793.264,62216.336,45456.982,45374.931,33106.914,9659.124,1941.67,145.956,12754.362,1158.925,348.452
2021-06-07,92793.93,62247.925,45507.851,45466.833,33146.5,9675.002,2309.625,145.956,12760.346,1158.925,349.387
2021-06-08,92794.433,62277.469,45540.11,45525.113,33171.604,9684.581,2317.838,145.956,12764.609,1158.925,349.98
2021-06-09,92794.937,62307.013,45572.368,45583.392,33196.707,9694.159,2326.051,145.956,12768.871,1158.925,350.573
2021-06-10,92795.44,62336.557,45604.627,45641.672,33221.811,9703.737,2334.264,145.956,12773.134,1158.925,351.166
2021-06-11,92795.79,61967.643,45618.895,45667.45,33232.914,9707.2,2337.897,145.956,12783.937,1158.925,351.429
2021-06-12,92795.79,61967.643,45618.895,45667.45,33232.914,9707.2,2337.897,145.956,12783.937,1158.925,351.429
2021-06-13,92795.79,61967.643,45618.895,45667.45,33232.914,9707.2,2337.897,145.956,12783.937,1158.925,351.429
2021-06-14,92911.164,62002.45,45669.144,45758.231,33272.017,9696.262,2350.69,145.956,12789.84,1158.925,352.352
2021-06-15,92909.223,62069.346,45701.402,45816.511,33297.121,9705.835,2358.903,145.956,12794.102,1158.925,352.945
2021-06-16,92907.282,62102.691,45733.661,45874.791,33310.415,9715.409,2367.116,145.956,12798.365,1158.925,353.538
2021-06-17,92905.341,62136.036,45765.919,45933.07,33335.647,9724.982,2375.329,145.956,12802.628,1158.925,354.131
2021-06-18,92903.952,62168.355,45780.808,45959.969,33347.293,9728.627,2379.12,145.956,12805.333,1158.925,354.405
2021-06-19,92903.952,62168.355,45780.808,45959.969,33347.293,9728.627,2379.12,145.956,12805.333,1158.925,354.405
2021-06-20,92903.952,62168.355,45780.808,45959.969,33347.293,9728.627,2379.12,145.956,12805.333,1158.925,354.405
2021-06-21,92901.459,62202.726,45830.436,46049.63,33386.112,9744.129,2391.755,145.956,12811.153,1158.925,355.317
2021-06-22,92899.518,62236.071,45862.695,46107.909,33411.345,9753.702,2399.968,145.956,12815.416,1158.925,355.91
2021-06-23,92897.577,62269.416,45894.953,46166.189,33436.577,9763.276,2408.181,145.956,12818.775,1158.925,343.912
2021-06-24,92895.636,62302.76,45927.212,46224.468,33461.81,9772.849,2416.394,145.956,12823.034,1158.925,344.291
2021-06-25,92894.21,62335.721,45942.72,46252.488,33473.941,9776.679,2420.343,145.956,12825.818,1158.925,344.473
2021-06-26,92894.21,62335.721,45942.72,46252.488,33473.941,9776.679,2420.343,145.956,12825.818,1158.925,344.473
2021-06-27,92894.21,62335.721,45942.72,46252.488,33473.941,9776.679,2420.343,145.956,12825.818,1158.925,344.473
2021-06-28,92127.683,62369.45,45991.729,46341.028,33578.171,9395.004,2432.82,145.956,12831.55,1158.925,345.048
2021-06-29,92125.748,62402.795,46023.987,46399.307,33603.89,9403.918,2365.466,145.956,12835.809,1158.925,345.426
2021-06-30,92123.814,62301.02,45592.004,46650.376,33378.221,9412.831,2377.555,145.956,12840.067,1158.925,349.032
2021-07-01,92121.88,62324.097,45624.011,46708.799,33403.775,9620.465,2385.83,145.956,12844.325,1158.925,349.414
2021-07-02,92120.421,62324.185,45640.015,46738.011,33416.552,9624.201,2389.968,145.956,12847.192,1158.925,349.604
2021-07-03,92120.421,62324.185,45640.015,46738.011,33416.552,9624.201,2389.968,145.956,12847.192,1158.925,349.604
2021-07-04,92120.421,62324.185,45640.015,46738.011,33416.552,9624.201,2389.968,145.956,12847.192,1158.925,349.604
2021-07-05,92118.011,62370.25,45688.025,46825.646,33454.883,9638.291,2402.381,145.956,12852.842,1158.925,350.176
2021-07-06,92114.272,62393.327,45720.032,46884.069,33480.437,9647.205,2408.24,145.956,12857.1,1158.925,350.558
2021-07-07,92112.35,62416.404,45752.039,46084.074,33505.991,9656.118,2416.511,145.956,12861.359,1158.925,350.939
2021-07-08,92110.427,62439.48,45817.282,46141.455,33531.545,9661.341,2444.882,145.956,12865.617,1158.925,351.32
2021-07-09,92108.941,62440.013,45833.79,46171.249,33544.813,9663.605,2449.166,145.956,12868.565,1158.925,351.518
2021-07-10,92108.941,62440.013,45833.79,46171.249,33544.813,9663.605,2449.166,145.956,12868.565,1158.925,351.518
2021-07-11,92108.941,62440.013,45833.79,46171.249,33544.813,9663.605,2449.166,145.956,12868.565,1158.925,351.518
2021-07-12,92106.582,62337.142,45880.87,46256.217,33582.653,9677.511,2370.892,145.956,12874.134,1158.925,352.083
2021-07-13,92104.66,62360.806,45912.664,46313.598,33608.206,9686.417,2379.647,145.956,12878.392,1158.925,359.422
2021-07-14,92096.743,62384.47,43981.483,46370.979,33625.073,9695.323,2388.401,145.956,12882.65,1158.925,359.761
2021-07-15,92094.806,62408.133,44002.212,46428.36,33650.649,9704.228,2404.017,145.956,12886.909,1158.925,360.1
2021-07-16,92093.271,62409.134,44019.445,46459.257,33664.42,9708.305,2411.937,145.956,12889.939,1158.925,360.283
2021-07-17,92093.271,62409.134,44019.445,46459.257,33664.42,9708.305,2411.937,145.956,12889.939,1158.925,360.283
2021-07-18,92093.271,62409.134,44019.445,46459.257,33664.42,9708.305,2411.937,145.956,12889.939,1158.925,360.283
2021-07-19,92442.271,62455.461,43606.902,46543.121,33701.799,9722.04,2424.951,145.956,12895.425,1158.925,360.778
2021-07-20,92431.112,61176.689,43637.937,47020.493,33727.374,9730.456,2433.855,145.956,12899.684,1158.925,361.117
2021-07-21,92373.899,61108.397,43668.972,47091.267,33764.394,9739.357,2507.548,145.956,12903.942,1158.925,361.457
2021-07-22,92372.02,61040.105,43700.006,47162.041,33789.862,9748.259,2534.866,145.956,12908.2,1158.925,361.796
2021-07-23,92204.202,61035.902,43758.444,47201.511,33687.531,9752.504,2540.551,145.956,12911.312,1158.925,361.985
2021-07-24,92204.202,61035.902,43758.444,47201.511,33687.531,9752.504,2540.551,145.956,12911.312,1158.925,361.985
2021-07-25,92204.202,61035.902,43758.444,47201.511,33687.531,9752.504,2540.551,145.956,12911.312,1158.925,361.985
2021-07-26,92270.789,61046.143,43803.422,47059.956,33769.886,9766.062,2618.397,145.956,12916.717,1158.925,362.474
2021-07-27,93866.817,63758.484,51122.425,47127.905,33794.979,9774.964,3547.61,145.956,12920.975,1158.925,362.813
2021-07-28,94487.161,62705.459,54652.511,47195.853,35360.432,9783.866,3560.253,145.956,12925.234,1158.925,359.437
2021-07-29,94490.11,63064.153,54675.483,46057.989,37612.278,9792.767,3572.896,145.956,12929.492,1158.925,360.553
2021-07-30,94492.391,63066.98,54688.736,43306.388,37628.32,9797.184,3580.191,145.956,12932.686,1158.925,359.219
2021-07-31,94492.391,63066.98,54688.736,43306.388,37628.32,9797.184,3580.191,145.956,12932.686,1158.925,359.219
2021-08-01,94492.391,63066.98,54688.736,43306.388,37628.32,9797.184,3580.191,145.956,12932.686,1158.925,359.219
2021-08-02,94495.844,63134.155,54721.427,41590.595,37639.773,9850.412,3593.171,145.956,13003.911,1158.925,359.624
2021-08-03,94284.841,63169.157,54744.399,41674.348,37628.024,9859.347,3605.86,145.956,13008.191,1158.925,359.909
2021-08-04,94286.817,63204.158,54767.37,41758.102,37655.775,9868.281,3618.549,145.956,13012.471,1158.925,360.193
2021-08-05,94288.793,63239.159,54790.342,41841.855,37683.526,9877.216,3631.239,145.956,13016.751,1158.925,360.478
2021-08-06,94290.473,63242.659,54804.037,41891.785,37700.069,9881.82,3638.803,145.956,13020.044,1158.925,360.648
2021-08-07,94290.473,63242.659,54804.037,41891.785,37700.069,9881.82,3638.803,145.956,13020.044,1158.925,360.648
2021-08-08,94290.473,63242.659,54804.037,41891.785,37700.069,9881.82,3638.803,145.956,13020.044,1158.925,360.648
2021-08-09,94292.746,62875.046,54836.286,42009.362,37739.027,9895.084,3656.617,145.956,13025.312,1158.925,361.047
2021-08-10,94294.722,62909.514,54859.257,42093.116,37766.777,9904.019,3669.306,145.956,13029.592,1158.925,361.332
2021-08-11,94296.698,62943.981,54882.229,42176.869,37794.528,9889.456,3681.995,145.956,13033.872,1158.925,361.617
2021-08-12,94298.674,62978.449,54905.201,42260.623,37822.278,9988.272,3917.333,145.956,13038.152,1158.925,361.901
2021-08-13,94300.392,62982.559,54919.338,42312.164,37839.355,9993.304,3925.719,145.956,13041.527,1158.925,362.076
2021-08-14,94300.392,62982.559,54919.338,42312.164,37839.355,9993.304,3925.719,145.956,13041.527,1158.925,362.076
2021-08-15,94300.392,62982.559,54919.338,42312.164,37839.355,9993.304,3925.719,145.956,13041.527,1158.925,362.076
2021-08-16,94302.627,63047.385,54951.145,42428.13,37877.779,9711.275,3944.587,145.956,13046.713,1158.925,362.47
2021-08-17,94304.603,63081.853,54974.116,42511.884,37905.53,9716.3,3958.214,145.956,13050.993,1158.925,362.755
2021-08-18,94306.579,63116.321,54997.088,42595.637,37933.28,10149.045,3971.841,145.956,13055.273,1158.925,363.04
2021-08-19,94295.075,63150.788,55020.06,42679.391,37961.031,10674.434,3985.468,145.956,13059.553,1158.925,363.324
2021-08-20,94295.201,63155.561,55034.638,42732.542,37978.642,10677.996,3994.116,145.956,13063.01,1158.925,363.505
2021-08-21,94295.201,63155.561,55034.638,42732.542,37978.642,10677.996,3994.116,145.956,13063.01,1158.925,363.505
2021-08-22,94295.201,63155.561,55034.638,42732.542,37978.642,10677.996,3994.116,145.956,13063.01,1158.925,363.505
2021-08-23,94297.393,63219.724,55066.004,42846.898,38016.532,10698.34,4012.723,145.956,13068.114,1158.925,363.894
2021-08-24,94299.365,63254.192,55088.975,42930.651,38044.282,10704.78,4026.35,145.956,13072.394,1158.925,364.178
2021-08-25,94301.337,63288.66,55111.947,43014.405,38072.033,10711.221,4039.977,145.956,13076.674,1158.925,364.463
2021-08-26,94303.309,63323.127,55134.919,43098.158,38099.784,10717.661,4053.604,145.956,13080.954,1158.925,364.748
2021-08-27,94305.099,63328.563,55149.939,43152.92,38117.928,10721.352,4062.514,145.956,13084.493,1158.925,364.934
2021-08-28,94305.099,63328.563,55149.939,43152.92,38117.928,10721.352,4062.514,145.956,13084.493,1158.925,364.934
2021-08-29,94305.099,63328.563,55149.939,43152.92,38117.928,10721.352,4062.514,145.956,13084.493,1158.925,364.934
2021-08-30,94307.253,63392.063,55180.862,43265.665,38155.285,10730.542,4080.858,145.956,13151.023,1158.925,365.317
2021-08-31,94303.347,63426.531,55203.834,43349.419,38183.035,10736.983,4098.789,145.956,13155.586,1158.925,365.602
2021-09-01,94305.31,63615.384,55226.806,43433.172,38126.278,10743.423,4112.501,145.956,13160.15,1158.925,365.886
2021-09-02,94307.273,63651.929,55249.778,43516.926,38159.041,10749.864,4126.212,145.956,13392.951,1158.925,366.171
2021-09-03,94309.093,63658.395,55265.24,43573.298,38177.771,10753.679,4135.442,145.956,13501.068,1158.925,366.363
2021-09-04,94309.093,63658.395,55265.24,43573.298,38177.771,10753.679,4135.442,145.956,13501.068,1158.925,366.363
2021-09-05,94309.093,63658.395,55265.24,43573.298,38177.771,10753.679,4135.442,145.956,13501.068,1158.925,366.363
2021-09-06,94311.2,63725.019,55295.721,43684.433,38214.695,10762.745,4153.636,145.956,13506.984,1158.925,366.74
2021-09-07,94313.163,63761.564,55252.574,43768.186,38242.523,10769.185,4167.348,145.956,13512.11,1158.925,367.025
2021-09-08,94315.126,63798.109,55275.779,43851.94,38197.289,10775.626,4181.06,145.956,13517.237,1158.925,337.479
2021-09-09,94317.089,63834.654,55298.984,43935.693,38224.849,10782.066,4194.771,145.956,13522.364,1158.925,325.453
2021-09-10,94318.946,63841.823,55315.048,43993.677,38243.929,10786.005,4204.264,145.956,13526.801,1158.925,327.708
2021-09-11,94318.946,63841.823,55315.048,43993.677,38243.929,10786.005,4204.264,145.956,13526.801,1158.925,327.708
2021-09-12,94318.946,63841.823,55315.048,43993.677,38243.929,10786.005,4204.264,145.956,13526.801,1158.925,327.708
2021-09-13,93060.068,63907.745,55345.393,44103.201,38279.969,10794.948,4233.539,145.956,13532.618,1158.925,328.373
2021-09-14,93053.802,63944.29,55368.598,44186.954,38307.529,10801.388,4247.341,145.956,13537.745,1158.925,328.881
2021-09-15,93054.087,63980.835,55391.802,44270.708,38335.089,10807.829,4261.143,145.956,13542.871,1158.925,329.388
2021-09-16,90292.09,64017.38,55415.007,44354.461,38362.649,10814.269,4297.881,145.956,13547.998,1158.925,329.896
2021-09-17,90281.741,64025.251,55431.518,44414.055,38382.259,10817.225,4307.678,145.956,13552.534,1158.925,331.686
2021-09-18,90281.741,64025.251,55431.518,44414.055,38382.259,10817.225,4307.678,145.956,13552.534,1158.925,331.686
2021-09-19,90281.741,64025.251,55431.518,44414.055,38382.259,10817.225,4307.678,145.956,13552.534,1158.925,331.686
2021-09-20,90270.649,64090.47,55461.416,44521.968,38417.769,10826.036,4325.418,145.956,13558.252,1158.925,332.355
2021-09-21,90259.929,64127.015,55484.621,44605.722,38445.329,10832.471,4339.187,145.956,13563.379,1158.925,332.874
2021-09-22,90249.209,64163.56,55507.826,44689.475,38472.889,10838.906,4350.747,145.956,13568.506,1158.925,333.393
2021-09-23,90238.488,64200.105,55531.03,44773.229,38500.449,10845.341,4364.383,145.956,13573.632,1158.925,333.913
2021-09-24,90227.933,64208.679,55547.987,44834.433,38491.957,10849.524,4374.348,145.956,13578.266,1158.925,334.292
2021-09-25,90227.933,64208.679,55547.987,44834.433,38491.957,10849.524,4374.348,145.956,13578.266,1158.925,334.292
2021-09-26,90227.933,64208.679,55547.987,44834.433,38491.957,10849.524,4374.348,145.956,13578.266,1158.925,334.292
2021-09-27,89347.736,64273.196,55725.958,44940.736,38526.767,10858.211,4391.655,145.956,13583.886,1158.925,334.951
2021-09-28,89337.07,64309.741,55747.011,45024.489,38554.194,10864.646,4405.291,145.956,13589.013,1158.925,335.47
2021-09-29,89326.404,64345.93,55768.063,45108.243,38581.621,10871.081,4418.927,145.956,13594.14,1158.925,335.99
2021-09-30,89277.109,64214.429,55387.804,45512.604,38177.227,10877.516,4713.606,145.956,13599.267,1158.925,336.856
2021-10-01,89277.109,64223.657,55403.462,45575.62,38197.587,10881.823,4724.124,145.956,13603.999,1158.925,337.245
2021-10-02,89277.109,64223.657,55403.462,45575.62,38197.587,10881.823,4724.124,145.956,13603.999,1158.925,337.245
2021-10-03,89277.109,64223.657,55403.462,45575.62,38197.587,10881.823,4724.124,145.956,13603.999,1158.925,337.245
2021-10-04,89337.154,64287.137,55429.56,45680.647,38231.521,10890.386,4913.318,145.956,13609.52,1158.925,338.596
2021-10-05,89367.177,64323.491,55403.606,45764.668,38267.807,10896.822,4926.989,145.956,13614.647,1158.925,339.124
2021-10-06,89397.2,64359.844,55424.382,45848.69,38294.973,10903.257,4940.661,145.956,13619.774,1158.925,339.652
2021-10-07,89427.222,64396.198,55445.158,44523.873,38322.14,10909.692,4954.332,145.956,13624.901,1158.925,340.18
2021-10-08,89427.799,64406.126,55461.14,44586.323,38343.037,10914.122,4833.213,145.956,13629.732,1158.925,340.586
2021-10-09,89427.799,64406.126,55461.14,44586.323,38343.037,10914.122,4833.213,145.956,13629.732,1158.925,340.586
2021-10-10,89427.799,64406.126,55461.14,44586.323,38343.037,10914.122,4833.213,145.956,13629.732,1158.925,340.586
2021-10-11,89487.267,64468.906,55486.711,44686.244,38301.509,10922.562,4847.704,145.956,13635.154,1158.925,341.236
2021-10-12,89517.29,64505.26,55494.067,44767.429,38324.937,10928.997,4859.477,145.956,13640.281,1158.925,341.764
2021-10-13,89547.312,64541.614,55492.007,44848.614,38351.739,10935.432,4871.251,145.956,13645.408,1158.925,342.292
2021-10-14,89577.335,64577.967,55512.785,44929.8,38514.397,10941.867,4889.844,145.956,13650.535,1158.925,342.821
2021-10-15,89920.388,64588.594,55529.166,44993.811,38535.654,10946.421,5176.339,145.956,13655.465,1158.925,340.845
2021-10-16,89920.388,64588.594,55529.166,44993.811,38535.654,10946.421,5176.339,145.956,13655.465,1158.925,340.845
2021-10-17,89920.388,64588.594,55529.166,44993.811,38535.654,10946.421,5176.339,145.956,13655.465,1158.925,340.845
2021-10-18,89980.643,64673.214,55550.605,45151.815,38576.826,10954.737,5172.848,145.956,13660.789,1158.925,341.482
2021-10-19,90012.859,64709.568,55571.375,45233.042,36041.984,10961.172,5317.514,145.956,13665.915,1158.925,342.008
2021-10-20,90043.555,64745.922,55578.829,45314.269,36067.345,10967.607,5183.014,145.956,13673.171,1158.925,342.535
2021-10-21,90074.251,64782.276,55599.598,45395.497,36092.707,10974.042,4845.456,145.956,13678.307,1158.925,343.061
2021-10-22,90076.022,64793.601,55616.373,40188.693,35171.8,10978.72,4854.231,145.956,13683.343,1158.925,343.486
2021-10-23,90076.022,64793.601,55616.373,40188.693,35171.8,10978.72,4854.231,145.956,13683.343,1158.925,343.486
2021-10-24,90076.022,64793.601,55616.373,40188.693,35171.8,10978.72,4854.231,145.956,13683.343,1158.925,343.486
2021-10-25,90752.173,64265.109,55641.136,40265.298,32855.402,10986.913,4863.664,145.956,13688.577,1158.925,344.106
2021-10-26,91390.705,65499.156,56338.363,40329.548,28898.609,10993.348,4792.922,145.956,13693.712,1158.925,344.632
2021-10-27,91416.363,66655.181,56181.065,40393.797,28686.843,10999.783,4797.394,145.956,13698.848,1158.925,350.761
2021-10-28,91611.207,67257.436,56220.815,39777.167,28678.829,11006.218,4808.082,145.956,13703.983,1158.925,337.663
2021-10-29,87649.361,67271.324,56253.686,34204.991,29649.268,11011.019,4816.92,145.956,13709.118,1158.925,338.24
2021-10-30,87649.361,67271.324,56253.686,34204.991,29649.268,11011.019,4816.92,145.956,13709.118,1158.925,338.24
2021-10-31,87649.361,67271.324,56253.686,34204.991,29649.268,11011.019,4816.92,145.956,13709.118,1158.925,338.24
2021-11-01,87645.724,66884.676,56300.316,35219.033,29576.291,11048.072,4809.387,446.929,13748.126,1158.925,339.059
2021-11-02,87643.833,66932.906,56340.067,35289.425,29562.353,11054.523,4820.019,448.986,13752.504,1158.925,339.757
2021-11-03,87641.942,66981.136,56379.817,35359.817,29548.415,11060.973,4830.652,449.482,13756.882,1158.925,340.455
2021-11-04,87640.051,67029.367,56419.568,32974.762,29534.477,11067.424,4841.284,449.977,13761.26,1158.925,341.153
2021-11-05,87639.869,67046.247,56453.203,33031.685,29522.684,11072.361,4850.281,450.397,13761.327,1158.925,341.744
2021-11-06,87639.869,67046.247,56453.203,33031.685,29522.684,11072.361,4850.281,450.397,13761.327,1158.925,341.744
2021-11-07,87639.869,67046.247,56453.203,33031.685,29522.684,11072.361,4850.281,450.397,13761.327,1158.925,341.744
2021-11-08,87669.513,67261.778,56548.403,32591.818,29437.237,11318.736,4728.08,450.969,14180.595,1158.925,342.549
2021-11-09,87733.993,67309.199,56588.329,32657.723,29422.757,11325.378,4735.568,448.909,14043.309,1158.925,343.248
2021-11-10,87731.572,67356.621,56586.152,32723.628,29408.276,11330.424,4750.604,513.804,14046.669,1158.925,343.946
2021-11-11,87729.152,67404.042,56626.111,32789.533,29393.796,11337.059,4765.641,514.137,14050.029,1158.925,344.644
2021-11-12,87728.873,67421.551,56660.691,32846.567,29381.264,11342.264,4778.653,514.425,14050.145,1158.925,345.248
2021-11-13,87728.873,67421.551,56660.691,32846.567,29381.264,11342.264,4778.653,514.425,14050.145,1158.925,345.248
2021-11-14,87728.873,67421.551,56660.691,32846.567,29381.264,11342.264,4778.653,514.425,14050.145,1158.925,345.248
2021-11-15,87724.311,67498.884,56706.03,32921.344,29267.0,11726.422,4795.714,514.803,14056.749,1158.925,346.04
2021-11-16,87721.891,67545.019,56649.888,32987.249,29251.834,11734.397,4810.751,490.964,14060.109,1158.925,346.738
2021-11-17,87719.47,67596.801,56672.54,33053.155,29236.667,11847.26,4825.787,491.447,14063.469,1158.925,347.699
2021-11-18,87717.05,67648.582,56774.116,31863.885,29221.501,12375.509,4840.824,491.93,14066.829,1158.925,348.398
2021-11-19,87682.89,67668.697,56807.606,31923.584,29208.085,12385.868,4854.125,492.358,14067.01,1158.925,349.017
2021-11-20,87682.89,67668.697,56807.606,31923.584,29208.085,12385.868,4854.125,492.358,14067.01,1158.925,349.017
2021-11-21,87682.89,67668.697,56807.606,31923.584,29208.085,12385.868,4854.125,492.358,14067.01,1158.925,349.017
2021-11-22,87678.575,67624.685,56849.833,30734.217,29191.168,12401.282,4872.681,492.897,14073.55,1158.925,349.797
2021-11-23,87676.261,67676.336,56887.691,30796.63,29176.002,12414.169,4887.656,493.38,14076.91,1158.925,350.496
2021-11-24,87673.947,67727.987,56925.55,30859.043,29160.835,12427.055,4902.631,493.863,14080.27,1158.925,351.195
2021-11-25,87671.634,67779.638,56963.408,30921.456,29145.669,12439.942,4917.607,494.347,14083.63,1158.925,351.894
2021-11-26,87671.278,67800.696,57016.115,30977.868,29131.961,12441.721,4931.142,494.784,14083.876,1158.925,352.526
2021-11-27,87671.278,67800.696,57016.115,30977.868,29131.961,12441.721,4931.142,494.784,14083.876,1158.925,352.526
2021-11-28,87671.278,67800.696,57016.115,30977.868,29131.961,12441.721,4931.142,494.784,14083.876,1158.925,352.526
2021-11-29,92444.0,67882.94,57057.62,31046.283,29115.336,12458.782,4947.557,495.313,14090.35,1158.925,353.293
2021-11-30,92465.906,67962.168,56870.995,31108.696,29100.169,12471.636,4962.532,495.797,14093.71,1158.925,353.992
2021-12-01,92487.812,68013.934,56908.093,31171.109,29085.003,12484.489,4977.507,496.28,14097.07,1158.925,354.691
2021-12-02,92509.718,68065.7,57520.529,31233.522,30473.824,12497.343,4992.482,496.763,14100.43,1158.925,355.232
2021-12-03,92513.51,68087.8,57554.597,31291.135,30457.189,12508.17,5006.305,497.209,14100.741,1158.925,355.885
2021-12-04,92513.51,68087.8,57554.597,31291.135,30457.189,12508.17,5006.305,497.209,14100.741,1158.925,355.885
2021-12-05,92513.51,68087.8,57554.597,31291.135,30457.189,12508.17,5006.305,497.209,14100.741,1158.925,355.885
2021-12-06,92490.003,68169.233,57594.343,31358.349,30437.782,12523.05,5022.432,497.73,14106.295,1158.925,336.465
2021-12-07,92511.661,68220.999,57631.249,31420.762,30419.761,12538.992,5669.554,498.213,14109.648,1158.925,337.089
2021-12-08,92328.691,68272.765,57668.156,31483.175,30401.739,12551.766,5686.491,498.696,14113.002,1158.925,337.712
2021-12-09,92350.387,68324.531,57705.063,31545.588,30383.718,12564.541,5703.428,499.179,14206.728,1158.925,338.335
2021-12-10,92339.749,68347.627,57739.841,31604.401,30366.737,12575.546,5719.387,499.635,14313.635,1158.925,338.923
2021-12-11,92339.749,68347.627,57739.841,31604.401,30366.737,12575.546,5719.387,499.635,14313.635,1158.925,338.923
2021-12-12,92339.749,68347.627,57739.841,31604.401,30366.737,12575.546,5719.387,499.635,14313.635,1158.925,338.923
2021-12-13,92379.36,68428.064,57778.877,30998.688,30347.676,12590.089,5737.301,500.146,14323.065,1158.925,339.56
2021-12-14,94037.735,68479.83,57789.52,31058.382,30329.655,12602.863,5754.237,500.629,14328.059,1158.925,340.185
2021-12-15,94073.297,68531.596,60170.798,30782.688,30311.634,12615.638,5771.174,501.112,14333.053,1158.925,340.81
2021-12-16,94108.858,68583.362,60209.667,30843.093,30293.613,12628.412,5788.111,501.596,14338.047,1158.925,341.435
2021-12-17,94116.381,68607.453,60247.041,30901.174,30276.285,12639.663,5804.396,502.06,14338.7,1158.925,342.036
2021-12-18,94116.381,68607.453,60247.041,30901.174,30276.285,12639.663,5804.396,502.06,14338.7,1158.925,342.036
2021-12-19,94116.381,68607.453,60247.041,30901.174,30276.285,12639.663,5804.396,502.06,14338.7,1158.925,342.036
2021-12-20,94179.982,68686.895,60287.404,30963.902,30257.571,12653.961,5768.11,502.562,14348.034,1158.925,342.685
2021-12-21,94215.543,68875.038,60326.273,31024.307,30239.55,12666.735,5784.824,503.046,14353.028,1158.925,343.309
2021-12-22,94251.105,68927.173,60365.142,31084.711,30221.529,12670.487,5801.537,503.529,14358.022,1158.925,343.934
2021-12-23,94286.667,68979.308,60404.011,35910.143,30203.508,12683.264,5818.251,504.012,14363.015,1158.925,344.559
2021-12-24,94294.873,69004.573,60442.132,35982.832,30185.833,12694.763,5834.643,504.486,14363.765,1158.925,345.172
2021-12-25,94294.873,69004.573,60442.132,35982.832,30185.833,12694.763,5834.643,504.486,14363.765,1158.925,345.172
2021-12-26,94294.873,69004.573,60442.132,35982.832,30185.833,12694.763,5834.643,504.486,14363.765,1158.925,345.172
2021-12-27,93743.41,69083.577,60481.748,36058.372,30167.465,12708.818,5851.678,504.979,14373.003,1158.925,345.809
2021-12-28,93778.752,69135.712,60520.617,36132.486,30149.444,12721.595,5868.391,505.462,14377.997,1158.925,346.434
2021-12-29,93814.093,69187.846,60559.485,36206.6,30131.423,12734.372,5885.105,505.945,14382.99,1158.925,347.059
2021-12-30,93849.434,69239.981,60598.354,36280.715,30113.402,12747.149,5901.818,506.428,14387.984,1158.925,347.683
2021-12-31,93858.269,69164.818,60215.189,36509.029,29058.884,12758.894,6115.843,519.701,14388.829,1158.925,367.288
2022-01-01,93858.269,69164.818,60215.189,36509.029,29058.884,12758.894,6115.843,519.701,14388.829,1158.925,367.288
2022-01-02,93858.269,69164.818,60215.189,36509.029,29058.884,12758.894,6115.843,519.701,14388.829,1158.925,367.288
2022-01-03,93920.117,69242.715,60287.287,36715.521,29142.42,12772.703,6048.664,520.887,14397.972,1158.925,368.251
2022-01-04,93955.458,69294.78,60323.336,36818.767,29197.786,12785.48,5977.662,521.48,14402.965,1158.925,368.732
2022-01-05,93990.799,69346.845,60359.385,36922.013,29239.56,12798.257,5996.284,522.146,14407.959,1158.925,369.214
2022-01-06,94026.14,70309.948,60395.434,37025.258,29281.334,12811.035,6008.933,522.739,14412.953,1158.925,369.696
2022-01-07,94035.655,70338.174,60396.128,37040.12,29282.137,12823.025,6009.292,522.75,14413.894,1158.925,369.705
2022-01-08,94035.655,70338.174,60396.128,37040.12,29282.137,12823.025,6009.292,522.75,14413.894,1158.925,369.705
2022-01-09,94035.655,70338.174,60396.128,37040.12,29282.137,12823.025,6009.292,522.75,14413.894,1158.925,369.705
2022-01-10,94096.823,70417.873,60467.533,37244.804,29364.882,12836.589,6046.224,523.924,14422.94,1158.925,368.835
2022-01-11,94303.379,70471.835,60503.582,37348.139,29337.02,12849.366,6064.87,524.516,14427.934,1158.925,369.309
2022-01-12,94339.097,70525.798,60539.631,37451.474,29379.069,12862.143,6083.516,525.109,14434.75,1158.925,369.784
2022-01-13,94377.348,70579.76,62442.115,39733.37,29408.415,12874.92,6102.161,525.701,14439.778,1158.925,370.258
2022-01-14,94387.653,70609.025,62443.578,39736.541,29410.027,12887.157,6102.879,525.724,14440.822,1158.925,370.276
2022-01-15,94387.653,70609.025,62443.578,39736.541,29410.027,12887.157,6102.879,525.724,14440.822,1158.925,370.276
2022-01-16,94387.653,70609.025,62443.578,39736.541,29410.027,12887.157,6102.879,525.724,14440.822,1158.925,370.276
2022-01-17,94448.802,70722.911,62518.16,39898.233,29492.256,12900.474,6139.453,526.886,14449.834,1158.925,371.207
2022-01-18,94511.697,70776.441,62556.182,39980.664,29534.177,12913.251,7082.649,527.479,14454.862,1158.925,371.5
2022-01-19,94543.946,70772.451,62594.205,40063.096,29576.098,12926.028,7099.677,528.071,14459.89,1158.925,371.974
2022-01-20,94579.642,70874.116,62632.227,40113.901,29618.019,12938.805,7116.705,528.664,14464.918,1158.925,372.449
2022-01-21,94233.97,70904.046,61483.221,40118.535,29925.771,12950.85,7117.688,527.874,14466.059,1158.925,372.476
2022-01-22,94233.97,70904.046,61483.221,40118.535,29925.771,12950.85,7117.688,527.874,14466.059,1158.925,372.476
2022-01-23,94233.97,70904.046,61483.221,40118.535,29925.771,12950.85,7117.688,527.874,14466.059,1158.925,372.476
2022-01-24,94636.994,70980.716,62021.653,40292.113,30005.836,12963.996,7121.972,529.021,14474.975,1158.925,373.398
2022-01-25,94932.233,71168.392,61936.352,40372.444,30046.532,12976.846,7139.105,529.612,14480.003,1158.925,373.872
2022-01-26,94964.702,72349.515,61978.115,40452.775,30099.61,12989.696,6907.813,530.203,14485.031,1158.925,374.347
2022-01-27,95145.745,72858.035,62015.594,40533.106,30158.043,13002.545,7702.125,530.794,14490.059,1158.925,374.821
2022-01-28,104267.132,73064.156,61907.057,38374.424,30043.031,13015.346,7547.86,530.839,14491.297,1158.925,374.858
2022-01-29,104267.132,73064.156,61907.057,38374.424,30043.031,13015.346,7547.86,530.839,14491.297,1158.925,374.858
2022-01-30,104267.132,73064.156,61907.057,38374.424,30043.031,13015.346,7547.86,530.839,14491.297,1158.925,374.858
2022-01-31,104694.162,73117.295,61942.704,38535.644,30432.185,13056.545,7597.19,531.976,14500.115,1158.925,375.77
2022-02-01,104737.355,73154.738,59720.371,38619.478,30473.751,13070.96,7418.604,532.567,14505.143,1158.925,376.245
2022-02-02,104780.548,73192.18,59951.468,38703.313,30401.095,13085.375,7431.077,533.158,14510.172,1158.925,376.719
2022-02-03,104863.883,73229.623,60006.078,32500.64,28144.154,13099.791,7443.55,533.748,14515.2,1158.925,377.193
2022-02-04,104865.268,73252.088,60161.292,36352.442,25081.284,13099.957,7444.749,533.805,14516.534,1158.925,377.239
2022-02-05,104865.268,73252.088,60161.292,36352.442,25081.284,13099.957,7444.749,533.805,14516.534,1158.925,377.239
2022-02-06,104865.268,73252.088,60161.292,36352.442,25081.284,13099.957,7444.749,533.805,14516.534,1158.925,377.239
2022-02-07,104936.172,73304.508,60265.306,32230.189,24867.847,13128.621,7440.497,534.93,14525.256,1158.925,378.142
2022-02-08,104979.044,73341.95,60319.94,32308.356,24895.505,12570.282,7456.107,535.521,14530.284,1158.925,378.617
2022-02-09,105021.916,73379.393,60374.573,32386.523,24904.72,12581.052,7468.6,536.112,14535.312,1158.925,379.091
2022-02-10,105064.789,73416.835,60429.207,32464.69,24932.7,13125.816,7481.092,536.703,14540.34,1158.925,379.566
2022-02-11,105080.453,73440.021,60435.511,32473.709,24935.928,13126.082,7482.533,536.771,14541.771,1158.925,379.621
2022-02-12,105080.453,73440.021,60435.511,32473.709,24935.928,13126.082,7482.533,536.771,14541.771,1158.925,379.621
2022-02-13,105080.453,73440.021,60435.511,32473.709,24935.928,13126.082,7482.533,536.771,14541.771,1158.925,379.621
2022-02-14,105150.533,73491.72,60688.227,31688.613,24981.482,13383.94,7299.662,540.897,14550.397,1158.925,380.515
2022-02-15,105193.405,73529.163,60744.595,31768.832,25009.412,13391.639,7313.055,541.474,14555.425,1158.925,380.989
2022-02-16,105236.278,73566.605,60691.495,31849.051,25037.343,12949.134,7326.448,542.052,14560.453,1158.925,381.464
2022-02-17,105279.15,73604.048,60747.383,31929.27,25065.273,11425.066,7339.841,474.017,14565.481,1158.925,381.938
2022-02-18,105295.639,73627.953,60754.906,31940.069,25069.033,11436.568,7341.644,448.556,14567.009,1158.925,382.002
2022-02-19,105295.639,73627.953,60754.906,31940.069,25069.033,11436.568,7341.644,448.556,14567.009,1158.925,382.002
2022-02-20,105295.639,73627.953,60754.906,31940.069,25069.033,11436.568,7341.644,448.556,14567.009,1158.925,382.002
2022-02-21,105364.894,73678.932,60859.158,32089.709,25087.763,11464.51,7366.626,449.652,14575.537,1158.925,382.93
2022-02-22,105407.766,73716.375,60915.046,32169.928,25115.376,11478.839,7380.019,450.239,14580.565,1158.925,383.404
2022-02-23,105450.639,73753.817,60970.933,32250.147,25142.988,11493.168,7393.412,450.827,14585.593,1158.925,177.591
2022-02-24,105493.511,73791.26,61026.821,32330.366,25170.601,11507.497,7440.337,451.414,14590.622,1158.925,174.584
2022-02-25,105510.825,73890.487,61035.419,32342.708,25174.849,11508.49,7442.421,451.505,14592.246,1158.925,167.545
2022-02-26,105510.825,73890.487,61035.419,32342.708,25174.849,11508.49,7442.421,451.505,14592.246,1158.925,167.545
2022-02-27,105510.825,73890.487,61035.419,32342.708,25174.849,11508.49,7442.421,451.505,14592.246,1158.925,167.545
2022-02-28,105572.337,73939.625,61138.596,32490.805,25239.103,11551.733,7467.436,452.589,14674.364,1158.925,168.575
2022-03-01,105611.262,73976.233,61194.484,32571.024,25266.921,11566.079,7480.986,453.177,14679.866,1158.925,169.132
2022-03-02,105654.141,74012.84,61250.372,32651.243,25294.74,11580.425,8070.869,453.765,14685.368,1158.925,169.69
2022-03-03,105697.02,74049.448,61306.259,32731.462,25358.76,11594.771,8082.015,454.352,14899.481,1158.925,170.248
2022-03-04,105715.161,74074.228,61315.932,32745.346,25363.586,11596.041,8083.944,454.454,15927.206,1158.925,169.354
2022-03-05,105715.161,74074.228,61315.932,32745.346,25363.586,11596.041,8083.944,454.454,15927.206,1158.925,169.354
2022-03-06,105715.161,74074.228,61315.932,32745.346,25363.586,11596.041,8083.944,454.454,15927.206,1158.925,169.354
2022-03-07,105782.778,74122.663,61418.034,32891.9,25342.019,11623.464,8104.308,455.527,15937.566,1158.925,170.63
2022-03-08,105825.657,74159.27,61473.922,32972.12,25441.31,11637.81,8115.454,456.115,15943.815,1158.925,171.329
2022-03-09,105754.398,74195.878,59878.078,33052.339,25469.14,11652.156,8126.6,456.702,15950.065,1158.925,172.027
2022-03-10,105793.712,74232.485,59888.468,34900.826,26766.463,11666.502,8137.747,457.29,15956.314,1158.925,161.251
2022-03-11,105812.594,74257.969,60179.081,34916.215,26772.19,11668.047,8139.89,457.403,15958.573,1158.925,161.39
2022-03-12,105812.594,74257.969,60179.081,34916.215,26772.19,11668.047,8139.89,457.403,15958.573,1158.925,161.39
2022-03-13,105812.594,74257.969,60179.081,34916.215,26772.19,11668.047,8139.89,457.403,15958.573,1158.925,161.39
2022-03-14,105879.092,74305.7,60278.898,34080.385,26476.193,11695.194,8160.039,458.465,15968.813,1158.925,162.696
2022-03-15,105921.783,74342.307,60334.116,34159.921,26507.648,11709.54,8171.186,459.052,15975.062,1158.925,163.418
2022-03-16,105964.473,74378.915,60389.334,34239.458,26539.102,11712.171,8182.332,459.64,16268.33,1158.925,164.141
2022-03-17,106007.163,74196.928,60444.552,34318.995,26570.556,11726.508,8193.478,460.227,16278.547,1158.925,164.863
2022-03-18,106026.867,74222.911,60456.233,34335.82,26577.21,11716.963,8195.836,460.351,16281.259,1158.925,165.016
2022-03-19,106026.867,74222.911,60456.233,34335.82,26577.21,11716.963,8195.836,460.351,16281.259,1158.925,165.016
2022-03-20,106026.867,74222.911,60456.233,34335.82,26577.21,11716.963,8195.836,460.351,16281.259,1158.925,165.016
2022-03-21,106092.544,74269.568,60554.988,34478.068,26633.465,11743.736,8014.866,461.402,16292.794,1158.925,166.308
2022-03-22,106135.234,74305.888,60610.206,34557.604,26744.184,11758.03,8025.007,461.99,16299.917,1158.925,172.546
2022-03-23,106177.925,74342.208,60665.424,34637.141,26775.818,11772.324,8035.148,462.577,16307.041,1158.925,173.345
2022-03-24,106220.615,74378.528,60720.642,34716.678,26801.393,11786.617,7966.42,463.165,16314.164,1158.925,174.143
2022-03-25,106241.139,74405.209,60733.384,34735.032,26808.681,11788.706,7968.749,463.3,16317.014,1158.925,174.327
2022-03-26,106241.139,74405.209,60733.384,34735.032,26808.681,11788.706,7968.749,463.3,16317.014,1158.925,174.327
2022-03-27,106241.139,74405.209,60733.384,34735.032,26808.681,11788.706,7968.749,463.3,16317.014,1158.925,174.327
2022-03-28,105489.851,74451.168,60831.077,34875.751,26864.556,11815.205,8164.532,464.34,16328.411,1158.925,175.74
2022-03-29,105532.219,74487.488,60886.295,34955.287,26896.138,11829.498,8159.472,464.927,16335.535,1158.925,176.539
2022-03-30,105574.587,74523.808,60941.513,35034.824,26927.719,11843.792,8169.391,465.515,16342.658,1158.925,177.337
2022-03-31,105736.507,74398.263,60650.079,35290.771,26139.388,11858.086,8468.119,472.113,16349.782,1158.925,184.864
2022-04-01,105757.717,74425.582,60663.824,35310.695,26147.166,11911.985,8470.641,472.262,16352.768,1158.925,184.535
2022-04-02,105757.717,74425.582,60663.824,35310.695,26147.166,11911.985,8470.641,472.262,16352.768,1158.925,184.535
2022-04-03,105757.717,74425.582,60663.824,35310.695,26147.166,11911.985,8470.641,472.262,16352.768,1158.925,184.535
2022-04-04,105821.347,74025.553,60760.033,35057.546,26201.614,11938.208,8729.738,473.304,16364.029,1158.925,185.952
2022-04-05,105863.767,74067.906,60815.01,35136.85,26313.003,11952.502,8739.766,473.899,16371.152,1158.925,186.638
2022-04-06,105906.187,74110.26,60869.987,35216.153,26346.234,11966.796,8819.679,474.494,16378.276,1158.925,187.448
2022-04-07,105950.206,74152.613,60610.004,35295.457,26393.37,11981.09,8829.731,475.089,16385.399,1158.925,188.258
2022-04-08,105972.233,74185.355,60625.069,35316.808,26402.316,11983.729,8832.437,475.249,16388.824,1158.925,188.476
2022-04-09,105972.233,74185.355,60625.069,35316.808,26402.316,11983.729,8832.437,475.249,16388.824,1158.925,188.476
2022-04-10,105972.233,74185.355,60625.069,35316.808,26402.316,11983.729,8832.437,475.249,16388.824,1158.925,188.476
2022-04-11,106035.048,74056.2,60720.925,35454.064,26459.826,12009.677,8849.835,476.279,16399.952,1158.925,189.878
2022-04-12,106069.889,74100.502,60468.482,35533.368,26493.055,12023.971,8924.982,476.874,16407.078,1158.925,190.688
2022-04-13,106112.305,74144.804,60522.905,35612.672,26526.283,12057.642,8935.088,477.469,16414.204,1158.925,192.033
2022-04-14,102686.553,74189.106,60577.327,35691.975,26564.505,12071.881,8954.172,478.064,16421.33,1158.925,192.797
2022-04-15,102695.552,74269.778,60593.026,35714.851,26574.072,12074.784,8957.061,478.235,16424.592,1158.925,193.017
2022-04-16,102695.552,74269.778,60593.026,35714.851,26574.072,12074.784,8957.061,478.235,16424.592,1158.925,193.017
2022-04-17,102695.552,74269.778,60593.026,35714.851,26574.072,12074.784,8957.061,478.235,16424.592,1158.925,193.017
2022-04-18,102719.979,74311.605,60693.547,35850.583,26673.937,12100.36,8837.595,479.254,16435.582,1158.925,194.325
2022-04-19,102736.692,74279.989,60673.345,35388.466,26777.851,12114.599,8864.712,479.849,16442.709,1158.925,195.089
2022-04-20,102753.405,74324.402,60703.677,32890.475,26811.712,12128.838,8959.326,480.444,16449.835,1158.925,195.852
2022-04-21,102770.118,74272.383,60573.352,31626.062,26519.063,12143.078,8428.36,481.039,16456.961,1158.925,196.616
2022-04-22,100369.55,74320.482,60590.235,32404.081,26528.622,12146.254,8982.125,481.222,16460.359,1158.925,196.851
2022-04-23,100369.55,74320.482,60590.235,32404.081,26528.622,12146.254,8982.125,481.222,16460.359,1158.925,196.851
2022-04-24,100369.55,74320.482,60590.235,32404.081,26528.622,12146.254,8982.125,481.222,16460.359,1158.925,196.851
2022-04-25,100412.223,74372.257,60335.37,32538.212,26653.989,12171.556,8979.202,482.229,16725.045,1158.925,198.144
2022-04-26,100442.124,75379.151,54862.006,32617.471,26685.168,12185.796,8982.962,482.824,16732.431,1158.925,198.908
2022-04-27,100467.457,75587.251,54987.972,32696.73,26542.595,12200.035,8984.725,483.419,16739.816,1158.925,196.996
2022-04-28,100540.952,77024.497,55066.093,30306.446,25741.212,12214.274,8988.462,484.014,16747.202,1158.925,206.631
2022-04-29,100791.873,78454.036,55091.633,24138.587,25752.517,12217.725,9038.212,484.209,16750.866,1158.925,206.902
2022-04-30,100791.873,78454.036,55091.633,24138.587,25752.517,12217.725,9038.212,484.209,16750.866,1158.925,206.902
2022-05-01,100791.873,78454.036,55091.633,24138.587,25752.517,12217.725,9038.212,484.209,16750.866,1158.925,206.902
2022-05-02,104663.797,78515.752,55275.892,23243.957,25288.52,12253.62,9028.79,485.204,16594.276,1158.925,208.289
2022-05-03,104699.674,78568.535,55354.439,20686.574,25323.918,12267.871,9032.758,485.799,16601.587,1158.925,209.119
2022-05-04,104735.55,78621.318,55432.985,20775.992,25518.06,12282.122,9036.725,486.394,16608.899,1158.925,209.948
2022-05-05,104771.426,78674.101,55511.532,20865.409,25354.93,12296.372,9040.693,486.989,16616.21,1158.925,210.777
2022-05-06,104792.814,78718.966,55538.721,20896.361,25367.218,12300.1,9042.067,487.195,16619.979,1158.925,211.064
2022-05-07,104792.814,78718.966,55538.721,20896.361,25367.218,12300.1,9042.067,487.195,16619.979,1158.925,211.064
2022-05-08,104792.814,78718.966,55538.721,20896.361,25367.218,12300.1,9042.067,487.195,16619.979,1158.925,211.064
2022-05-09,106370.98,78779.667,55668.626,21044.244,25425.928,12324.874,9004.074,440.241,16630.833,1158.925,213.283
2022-05-10,106401.139,78832.45,55747.172,21133.661,25461.428,12339.125,9007.635,441.211,16638.145,1158.925,214.108
2022-05-11,106480.802,78885.233,55825.719,21223.079,25502.527,12353.376,9011.197,442.218,16645.456,1158.925,214.932
2022-05-12,106510.938,78938.016,55904.266,21312.496,25537.948,12367.626,9014.758,443.226,16652.768,1158.925,215.756
2022-05-13,106529.484,78983.897,55932.966,21345.168,25550.891,12371.628,9016.059,443.594,16656.677,1158.925,216.057
2022-05-14,106529.484,78983.897,55932.966,21345.168,25550.891,12371.628,9016.059,443.594,16656.677,1158.925,216.057
2022-05-15,106529.484,78983.897,55932.966,21345.168,25550.891,12371.628,9016.059,443.594,16656.677,1158.925,216.057
2022-05-16,106571.211,79043.582,56061.359,21491.331,25608.791,12396.128,9021.88,445.241,16667.391,1158.925,217.358
2022-05-17,106601.347,79096.365,56139.906,21580.749,25598.958,12410.379,9016.854,446.249,16674.702,1158.925,218.182
2022-05-18,106631.483,79149.148,56218.453,21670.166,25634.333,12424.63,9020.468,447.257,16682.014,1158.925,219.005
2022-05-19,106743.949,79201.931,56297.0,21759.583,25669.708,12438.88,8988.887,448.264,16689.325,1158.925,219.829
2022-05-20,106763.39,79248.827,56327.21,7167.664,25683.314,12443.156,8980.933,448.652,16693.375,1158.925,220.146
2022-05-21,106763.39,79248.827,56327.21,7167.664,25683.314,12443.156,8980.933,448.652,16693.375,1158.925,220.146
2022-05-22,106763.39,79248.827,56327.21,7167.664,25683.314,12443.156,8980.933,448.652,16693.375,1158.925,220.146
2022-05-23,106805.219,79307.497,56456.977,7275.942,25740.458,12369.104,8986.532,450.28,16703.949,1158.925,221.476
2022-05-24,106835.854,79360.28,56535.422,7342.971,25775.833,12385.617,8989.998,451.287,16711.26,1158.925,222.3
2022-05-25,106866.489,79413.063,56613.868,7410.0,25811.208,12907.309,8993.465,452.295,16718.572,1158.925,223.124
2022-05-26,106897.124,79465.846,56692.314,6829.02,25846.583,15564.431,8996.931,453.303,16910.932,1158.925,223.947
2022-05-27,106917.155,79513.757,56723.994,6855.711,25860.869,15572.347,9029.768,453.71,16927.817,1158.925,224.28
2022-05-28,106917.155,79513.757,56723.994,6855.711,25860.869,15572.347,9029.768,453.71,16927.817,1158.925,224.28
2022-05-29,106917.155,79513.757,56723.994,6855.711,25860.869,15572.347,9029.768,453.71,16927.817,1158.925,224.28
2022-05-30,106958.395,79571.412,56849.205,6961.206,25917.333,15553.218,8960.082,455.318,16926.101,1158.925,225.595
2022-05-31,106912.937,79624.195,56927.65,7027.299,25952.707,15575.829,8962.646,456.326,16936.679,1158.925,226.418
2022-06-01,106943.697,79676.978,57019.502,7172.919,25994.93,15598.44,8965.21,457.333,16787.59,1158.925,227.242
2022-06-02,106974.457,79503.466,56803.92,7241.452,26054.534,15621.052,8967.774,458.341,16794.573,1158.925,228.066
2022-06-03,106995.161,79555.06,54580.165,374.94,26069.505,15628.705,8968.859,458.767,16798.709,1158.925,228.414
2022-06-04,106995.161,79555.06,54580.165,374.94,26069.505,15628.705,8968.859,458.767,16798.709,1158.925,228.414
2022-06-05,106995.161,79555.06,54580.165,374.94,26069.505,15628.705,8968.859,458.767,16798.709,1158.925,228.414
2022-06-06,107035.977,79612.268,54701.986,5228.227,26125.306,15666.274,8982.668,460.356,16808.54,1158.925,228.248
2022-06-07,107066.737,79663.672,54779.238,5278.148,26160.692,15688.886,8985.196,461.364,16815.523,1158.925,229.249
2022-06-08,107097.497,79717.463,54856.491,5328.069,26196.078,15711.497,8987.724,462.372,16822.506,1158.925,230.082
2022-06-09,107128.257,79473.637,54933.743,5377.989,26231.463,15734.108,8610.259,463.379,16829.489,1158.925,230.915
2022-06-10,107149.552,79518.343,54967.912,5400.07,26247.115,15742.196,8586.661,463.86,16833.76,1158.925,221.198
2022-06-11,107149.552,79518.343,54967.912,5400.07,26247.115,15742.196,8586.661,463.86,16833.76,1158.925,221.198
2022-06-12,107149.552,79518.343,54967.912,5400.07,26247.115,15742.196,8586.661,463.86,16833.76,1158.925,221.198
2022-06-13,107189.776,79568.138,55088.247,5477.831,26302.235,15779.331,8596.798,465.395,16843.456,1158.925,222.547
2022-06-14,107755.678,79615.388,55165.499,5527.752,26337.621,15801.942,8603.306,466.402,16850.439,1158.925,223.414
2022-06-15,107787.644,79662.638,55242.751,5577.673,26373.007,15824.553,8609.814,467.41,16857.422,1158.925,224.28
2022-06-16,107811.27,79709.889,55320.004,5627.593,25473.923,15847.165,8616.322,468.418,16864.405,1158.925,225.146
2022-06-17,107828.081,79755.503,55128.104,5650.634,25408.588,15855.687,8619.325,468.883,16868.81,1158.925,225.546
2022-06-18,107828.081,79755.503,55128.104,5650.634,25408.588,15855.687,8619.325,468.883,16868.81,1158.925,225.546
2022-06-19,107828.081,79755.503,55128.104,5650.634,25408.588,15855.687,8619.325,468.883,16868.81,1158.925,225.546
2022-06-20,107858.523,79804.389,55242.786,5727.435,25460.56,15892.387,10153.263,470.433,16878.372,1158.925,226.879
2022-06-21,107882.149,79851.64,55317.33,5777.356,25494.342,15914.999,10172.262,418.824,16885.355,1158.925,227.745
2022-06-22,107905.776,79898.89,55391.873,5827.277,25528.123,15937.61,10191.262,419.653,16892.338,1158.925,228.612
2022-06-23,107929.402,79946.14,55466.417,5877.198,25561.905,15960.221,10210.261,420.481,16899.322,1158.925,229.478
2022-06-24,107946.668,79992.664,55502.255,5901.198,25578.146,15969.179,10148.466,420.879,16903.861,1158.925,229.895
2022-06-25,107946.668,79992.664,55502.255,5901.198,25578.146,15969.179,10148.466,420.879,16903.861,1158.925,229.895
2022-06-26,107946.668,79992.664,55502.255,5901.198,25578.146,15969.179,10148.466,420.879,16903.861,1158.925,229.895
2022-06-27,107122.84,80040.641,55615.504,5977.039,25629.469,16005.444,10236.748,422.137,16913.288,1158.925,231.211
2022-06-28,107146.267,80119.845,55681.188,6157.905,25677.651,16028.055,10732.927,422.966,16920.271,1158.925,232.077
2022-06-29,107169.695,80137.331,55697.688,6297.914,25725.975,15856.715,10703.655,423.794,16679.875,1158.925,232.944
2022-06-30,107193.122,79942.526,55290.381,6225.357,25333.731,15877.983,10770.816,428.936,16689.519,1158.925,234.389
2022-07-01,107220.546,79942.526,55327.299,6250.384,25350.45,15886.817,10778.366,429.354,16693.196,1158.925,234.823
2022-07-02,107220.546,79942.526,55327.299,6250.384,25350.45,15886.817,10778.366,429.354,16693.196,1158.925,234.823
2022-07-03,107220.546,79942.526,55327.299,6250.384,25350.45,15886.817,10778.366,429.354,16693.196,1158.925,234.823
2022-07-04,107249.872,80034.949,55438.051,6325.464,25400.609,15920.517,10802.531,430.608,16700.506,1158.925,236.124
2022-07-05,107273.333,80081.161,55150.706,6375.518,25536.819,15941.784,10810.655,431.444,16706.0,1158.925,236.992
2022-07-06,107296.794,80118.006,55222.262,6425.572,25580.411,15963.051,10826.175,432.279,16711.494,1158.925,237.86
2022-07-07,107320.255,80164.34,55293.818,6475.625,25614.185,15984.318,10841.696,433.115,16716.987,1158.925,238.728
2022-07-08,107338.302,80165.231,55330.972,6501.615,25631.722,15993.561,10849.755,433.549,16720.769,1158.925,239.178
2022-07-09,107338.302,80165.231,55330.972,6501.615,25631.722,15993.561,10849.755,433.549,16720.769,1158.925,239.178
2022-07-10,107338.302,80165.231,55330.972,6501.615,25631.722,15993.561,10849.755,433.549,16720.769,1158.925,239.178
2022-07-11,107375.467,80257.009,55436.93,6575.733,25733.235,16026.852,10736.156,434.787,16727.974,1158.925,240.558
2022-07-12,106430.181,80303.343,55508.486,6625.787,25767.385,16026.867,10726.099,435.623,16733.468,1158.925,232.324
2022-07-13,107738.928,80349.677,55193.379,6675.841,25914.59,16048.123,10778.275,436.458,16644.559,1158.925,227.918
2022-07-14,107764.717,80398.609,55303.73,8631.577,26013.463,15942.351,11157.581,437.294,16649.536,1158.925,228.763
2022-07-15,107785.051,80424.785,55341.474,8759.382,26031.955,15951.606,11133.849,437.744,16653.059,1158.925,229.218
2022-07-16,107785.051,80424.785,55341.474,8759.382,26031.955,15951.606,11133.849,437.744,16653.059,1158.925,229.218
2022-07-17,107785.051,80424.785,55341.474,8759.382,26031.955,15951.606,11133.849,437.744,16653.059,1158.925,229.218
2022-07-18,107944.484,80576.557,53147.121,8801.279,26082.147,15983.135,10465.43,438.966,16659.492,1158.925,230.453
2022-07-19,107970.893,80583.193,52809.971,8829.945,25716.802,15922.203,10480.582,439.802,16565.08,1158.925,231.298
2022-07-20,107997.301,80630.712,52880.897,9120.763,25750.396,15941.923,13800.673,440.638,16569.526,1158.925,235.215
2022-07-21,107914.439,80678.231,52590.421,4057.295,25300.791,15961.643,12917.669,446.204,16573.972,1158.925,236.055
2022-07-22,107937.465,80680.972,52871.304,4079.449,25407.666,15970.972,12944.897,446.674,16577.204,1158.925,236.524
2022-07-23,107937.465,80680.972,52871.304,4079.449,25407.666,15970.972,12944.897,446.674,16577.204,1158.925,236.524
2022-07-24,107937.465,80680.972,52871.304,4079.449,25407.666,15970.972,12944.897,446.674,16577.204,1158.925,236.524
2022-07-25,107971.343,80773.268,52975.474,4113.013,25528.374,16001.083,12970.686,447.891,16582.865,1158.925,237.735
2022-07-26,107574.427,79913.974,51403.833,22236.908,25632.632,16020.803,13005.666,448.734,16587.311,1158.925,238.575
2022-07-27,107601.711,74325.034,51613.528,22283.687,25203.223,16040.523,13030.908,449.577,16591.757,1158.925,239.415
2022-07-28,107691.042,73190.184,51675.967,21348.977,23359.585,16060.243,13056.15,450.421,16596.203,1158.925,240.255
2022-07-29,109806.64,73094.818,51711.989,20253.021,23377.932,16069.951,12954.851,450.907,16599.521,1158.925,240.74
2022-07-30,109806.64,73094.818,51711.989,20253.021,23377.932,16069.951,12954.851,450.907,16599.521,1158.925,240.74
2022-07-31,109806.64,73094.818,51711.989,20253.021,23377.932,16069.951,12954.851,450.907,16599.521,1158.925,240.74
2022-08-01,109843.409,73190.709,53419.792,20395.434,23239.296,16022.067,12990.488,452.108,16479.447,1158.925,241.935
2022-08-02,109792.347,73240.573,53481.234,20461.681,23269.889,16041.699,13015.53,452.951,16483.859,1158.925,242.775
2022-08-03,109821.345,73268.089,53542.676,20527.927,23300.481,16061.332,13040.572,453.795,16488.271,1158.925,266.174
2022-08-04,109850.343,73317.021,53604.118,20594.174,23331.074,16080.964,13065.615,454.638,16492.682,1158.925,267.14
2022-08-05,109874.879,73321.726,53662.918,20633.667,23349.312,16091.007,13080.544,455.141,16496.059,1158.925,238.41
2022-08-06,109874.879,73321.726,53662.918,20633.667,23349.312,16091.007,13080.544,455.141,16496.059,1158.925,238.41
2022-08-07,109874.879,73321.726,53662.918,20633.667,23349.312,16091.007,13080.544,455.141,16496.059,1158.925,238.41
2022-08-08,110024.62,73414.886,53750.849,20726.667,23392.259,13457.97,13115.699,429.37,16501.506,1158.925,239.808
2022-08-09,110053.917,73463.72,53812.207,20740.553,23422.852,12714.092,13140.741,358.976,16505.918,1158.925,240.804
2022-08-10,110100.406,73512.649,53873.565,20807.001,23453.445,12728.853,13165.784,359.56,16510.329,1158.925,241.8
2022-08-11,110129.741,73524.651,53934.923,20873.448,23484.038,12743.614,13190.826,360.143,16514.741,1158.925,242.796
2022-08-12,110155.128,73527.012,53972.681,20914.339,23502.864,12751.448,13206.237,360.502,16518.202,1158.925,243.409
2022-08-13,110155.128,73527.012,53972.681,20914.339,23502.864,12751.448,13206.237,360.502,16518.202,1158.925,243.409
2022-08-14,110155.128,73527.012,53972.681,20914.339,23502.864,12751.448,13206.237,360.502,16518.202,1158.925,243.409
2022-08-15,110188.412,73619.201,54057.639,21006.343,23548.134,12773.136,13240.91,361.31,16523.564,1158.925,212.362
2022-08-16,110702.459,73668.117,54118.997,21072.791,23578.716,12787.897,13265.953,361.894,16527.976,1158.925,213.685
2022-08-17,110729.935,73717.034,54180.355,21139.238,23609.298,12396.862,13290.995,362.478,16532.388,1158.925,215.009
2022-08-18,110757.412,73765.95,54241.713,21205.686,23639.88,12411.049,13316.037,363.061,16536.8,1158.925,216.333
2022-08-19,111015.207,73747.749,54280.651,21247.854,23659.287,12424.091,13331.929,363.432,16540.346,1158.925,217.173
2022-08-20,111015.207,73747.749,54280.651,21247.854,23659.287,12424.091,13331.929,363.432,16540.346,1158.925,217.173
2022-08-21,111015.207,73747.749,54280.651,21247.854,23659.287,12424.091,13331.929,363.432,16540.346,1158.925,217.173
2022-08-22,111046.681,73839.146,54364.429,21338.581,23684.462,14708.955,13366.122,364.229,16545.623,1158.925,218.98
2022-08-23,111074.898,73888.143,54425.787,21405.028,23714.358,14725.656,13342.837,364.812,16550.035,1158.925,220.303
2022-08-24,111103.116,73937.14,54487.145,21471.476,23744.254,11770.781,13368.061,365.396,16554.446,1158.925,221.627
2022-08-25,111131.333,73968.14,54548.503,21537.923,23774.149,9943.736,13226.304,365.98,16558.858,1158.925,222.95
2022-08-26,111156.837,73975.678,54588.621,21581.37,23793.696,9950.716,13243.556,366.361,16562.489,1158.925,223.816
2022-08-27,111156.837,73975.678,54588.621,21581.37,23793.696,9950.716,13243.556,366.361,16562.489,1158.925,223.816
2022-08-28,111156.837,73975.678,54588.621,21581.37,23793.696,9950.716,13243.556,366.361,16562.489,1158.925,223.816
2022-08-29,111187.768,74066.125,54671.219,21670.819,23833.941,9968.26,13291.761,367.147,16567.682,1158.925,225.597
2022-08-30,111215.986,74115.117,54732.577,21737.266,23863.836,9980.522,13317.904,367.731,16572.093,1158.925,226.921
2022-08-31,111244.203,74164.11,54793.935,21803.714,23893.732,9992.784,13363.24,368.314,16576.505,1158.925,229.964
2022-09-01,111272.421,74213.102,54855.293,21870.161,23923.628,9997.038,13389.039,368.898,16708.074,1158.925,231.273
2022-09-02,111298.468,74221.582,54896.591,21914.886,23750.779,10004.145,13406.69,369.291,16632.994,1158.925,232.153
2022-09-03,111298.468,74221.582,54896.591,21914.886,23750.779,10004.145,13406.69,369.291,16632.994,1158.925,232.153
2022-09-04,111298.468,74221.582,54896.591,21914.886,23750.779,10004.145,13406.69,369.291,16632.994,1158.925,232.153
2022-09-05,111328.856,74311.087,54978.009,22003.056,23792.894,10021.192,13441.487,370.065,16639.077,1158.925,233.89
2022-09-06,111494.741,74360.079,55039.367,22069.504,23824.632,10012.717,13467.71,370.649,16644.332,1158.925,235.199
2022-09-07,111518.121,74409.072,55100.725,22135.951,23856.371,10030.9,13493.934,371.232,16649.586,1158.925,236.482
2022-09-08,111549.532,74458.064,55162.083,22202.399,23888.11,10042.856,13520.157,371.816,16654.841,1158.925,237.791
2022-09-09,111568.798,74467.485,55204.561,22248.401,23910.083,10050.122,13538.312,372.22,16659.368,1158.925,252.556
2022-09-10,111568.798,74467.485,55204.561,22248.401,23910.083,10050.122,13538.312,372.22,16659.368,1158.925,252.556
2022-09-11,111568.798,74467.485,55204.561,22248.401,23910.083,10050.122,13538.312,372.22,16659.368,1158.925,252.556
2022-09-12,111431.059,74556.049,55284.799,22335.294,23725.529,10066.768,13572.605,372.983,16665.35,1158.925,253.79
2022-09-13,111450.859,74605.041,55346.157,22401.742,23997.275,10078.724,13552.383,373.567,16670.605,1158.925,254.733
2022-09-14,111470.659,74654.033,55407.515,22468.189,24029.099,10090.68,13565.966,374.151,16675.86,1158.925,255.677
2022-09-15,111490.459,74624.207,55589.817,22534.637,24060.923,10102.635,13592.09,374.734,16679.926,1158.925,256.62
2022-09-16,111509.498,74634.531,56108.801,22581.917,24083.566,10110.131,13853.75,375.15,16684.551,1158.925,257.292
2022-09-17,111509.498,74634.531,56108.801,22581.917,24083.566,10110.131,13853.75,375.15,16684.551,1158.925,257.292
2022-09-18,111509.498,74634.531,56108.801,22581.917,24083.566,10110.131,13853.75,375.15,16684.551,1158.925,257.292
2022-09-19,111529.443,74721.812,56190.606,22667.532,24124.57,11957.361,13888.911,375.902,16690.428,1158.925,258.507
2022-09-20,111549.279,74770.614,56254.097,22733.979,24156.394,11984.82,13916.201,376.485,16695.68,1158.925,259.451
2022-09-21,111569.116,74819.417,56317.587,22800.427,24188.217,8656.199,13943.491,377.069,16700.931,1158.925,260.394
2022-09-22,111588.952,74868.219,56381.078,22866.874,24220.041,8669.662,13970.78,377.653,16706.183,1158.925,261.338
2022-09-23,111608.407,74879.481,56427.475,22915.432,24243.297,8678.362,14020.584,378.079,16710.909,1158.925,262.028
2022-09-24,111608.407,74879.481,56427.475,22915.432,24243.297,8678.362,14020.584,378.079,16710.909,1158.925,262.028
2022-09-25,111608.407,74879.481,56427.475,22915.432,24243.297,8678.362,14020.584,378.079,16710.909,1158.925,262.028
2022-09-26,110616.268,74980.892,56431.145,23012.474,24283.688,8696.589,14054.681,378.82,16716.685,1158.925,263.225
2022-09-27,110635.899,75029.796,56494.478,23078.298,24315.512,8710.052,14081.546,379.403,16721.937,1158.925,264.169
2022-09-28,110648.778,75078.7,56605.288,23144.121,24430.974,8723.516,14108.411,379.987,16727.188,1158.925,265.112
2022-09-29,109826.922,75055.264,56668.828,23209.945,24463.152,8736.979,14135.275,380.571,16732.44,1158.925,266.209
2022-09-30,109843.372,74832.407,55924.709,23392.1,24046.317,8745.938,14436.17,384.683,16737.267,1158.925,267.354
2022-10-01,109843.372,74832.407,55924.709,23392.1,24046.317,8745.938,14436.17,384.683,16737.267,1158.925,267.354
2022-10-02,109843.372,74832.407,55924.709,23392.1,24046.317,8745.938,14436.17,384.683,16737.267,1158.925,267.354
2022-10-03,109933.153,74917.688,55676.682,24156.041,24086.266,8763.906,14616.72,385.419,16742.943,1158.925,246.346
2022-10-04,109978.044,74966.42,55738.621,24224.475,23656.922,8777.37,14644.919,386.008,16748.194,1158.925,247.507
2022-10-05,110022.934,75015.152,56110.865,24292.91,23732.481,8790.833,14660.137,386.597,16753.445,1158.925,249.084
2022-10-06,110067.825,75063.884,56168.666,24361.344,23762.842,8804.296,14688.224,387.185,16758.697,1158.925,250.471
2022-10-07,110068.688,75077.004,56213.129,24413.986,23786.196,8813.514,14733.787,387.638,16763.625,1158.925,251.366
2022-10-08,110068.688,75077.004,56213.129,24413.986,23786.196,8813.514,14733.787,387.638,16763.625,1158.925,251.366
2022-10-09,110068.688,75077.004,56213.129,24413.986,23786.196,8813.514,14733.787,387.638,16763.625,1158.925,251.366
2022-10-10,110213.286,75161.348,56284.269,24371.704,23823.563,8812.522,14224.821,388.363,16769.2,1158.925,252.798
2022-10-11,111028.825,74440.965,55971.866,24440.006,22945.245,8826.217,14250.939,388.952,16774.816,1158.925,266.277
2022-10-12,111074.095,74489.0,56028.719,24508.308,22912.061,8839.911,14277.057,389.54,16780.041,1158.925,267.488
2022-10-13,110497.262,74526.406,53887.125,24576.611,22933.29,8853.605,14301.158,390.129,16785.267,1158.925,268.699
2022-10-14,110498.952,74540.279,53924.597,24630.464,22954.882,8863.244,14318.225,390.593,16790.271,1158.925,269.654
2022-10-15,110498.952,74540.279,53924.597,24630.464,22954.882,8863.244,14318.225,390.593,16790.271,1158.925,269.654
2022-10-16,110498.952,74540.279,53924.597,24630.464,22954.882,8863.244,14318.225,390.593,16790.271,1158.925,269.654
2022-10-17,110583.631,74607.795,54067.255,24484.094,22988.061,8837.403,14349.762,391.307,16795.717,1158.925,260.753
2022-10-18,110627.563,75419.594,54115.04,24579.894,23015.446,8851.671,14375.792,391.895,16800.943,1158.925,261.956
2022-10-19,110671.495,75347.376,54162.825,24634.069,23042.831,8865.939,13499.562,392.484,16806.168,1158.925,263.158
2022-10-20,110715.427,75251.228,53477.392,22599.487,22569.911,8880.207,13559.832,393.073,16811.393,1158.925,264.361
2022-10-21,110767.26,75410.083,55838.359,22637.676,22290.411,8890.523,13583.082,393.548,16816.498,1158.925,265.333
2022-10-22,110767.26,75410.083,55838.359,22637.676,22290.411,8890.523,13583.082,393.548,16816.498,1158.925,265.333
2022-10-23,110767.26,75410.083,55838.359,22637.676,22290.411,8890.523,13583.082,393.548,16816.498,1158.925,265.333
2022-10-24,110852.2,75483.31,55897.133,22694.05,22318.136,8908.742,13623.675,394.25,16821.844,1158.925,266.767
2022-10-25,110895.931,75045.798,52266.579,21947.041,22408.245,8923.01,14050.775,394.839,16827.07,1158.925,267.969
2022-10-26,110939.663,71057.522,51603.118,22011.859,20679.529,8937.278,14078.085,395.428,16832.295,1158.925,273.931
2022-10-27,109226.492,70904.464,51644.401,19820.399,14954.899,8956.906,14105.394,396.016,16837.52,1158.925,253.616
2022-10-28,105946.271,70962.566,51678.539,12577.594,13394.722,8967.512,14127.977,396.503,16843.956,1158.925,255.276
2022-10-29,105946.271,70962.566,51678.539,12577.594,13394.722,8967.512,14127.977,396.503,16843.956,1158.925,255.276
2022-10-30,105946.271,70962.566,51678.539,12577.594,13394.722,8967.512,14127.977,396.503,16843.956,1158.925,255.276
2022-10-31,104100.319,71048.149,51726.967,13210.584,13323.34,8934.262,14227.691,397.194,17106.606,1158.925,256.885
2022-11-01,104154.275,71099.302,51768.25,13310.933,13318.093,8948.483,14255.084,397.783,17115.903,1158.925,258.257
2022-11-02,104208.327,69988.255,51809.532,13411.283,13312.846,8962.703,14254.005,398.371,17125.199,1158.925,259.629
2022-11-03,104268.787,70039.367,51850.815,13511.633,13307.599,8976.923,14281.419,398.96,17134.496,1158.925,261.001
2022-11-04,104326.755,70084.409,52065.519,13596.545,13303.16,8987.752,14304.615,399.458,17134.603,1158.925,262.161
2022-11-05,104326.755,70084.409,52065.519,13596.545,13303.16,8987.752,14304.615,399.458,17134.603,1158.925,262.161
2022-11-06,104326.755,70084.409,52065.519,13596.545,13303.16,8987.752,14304.615,399.458,17134.603,1158.925,262.161
2022-11-07,104080.743,70639.798,52113.766,13712.333,13149.348,9005.364,14336.246,394.96,17153.089,1158.925,263.744
2022-11-08,104106.655,70687.394,52237.787,13812.683,13144.016,9019.584,14363.66,394.611,17162.385,1158.925,265.116
2022-11-09,104162.354,70734.989,52279.585,13913.033,13333.438,9033.804,14391.893,443.453,17171.682,1158.925,266.488
2022-11-10,104185.47,70782.585,52321.384,14013.383,13383.828,9048.024,14419.284,363.323,17180.979,1158.925,267.859
2022-11-11,104191.89,70799.975,52903.059,14100.225,13380.238,9059.127,14442.989,364.009,17181.265,1158.925,269.046
2022-11-12,104191.89,70799.975,52903.059,14100.225,13380.238,9059.127,14442.989,364.009,17181.265,1158.925,269.046
2022-11-13,104191.89,70799.975,52903.059,14100.225,13380.238,9059.127,14442.989,364.009,17181.265,1158.925,269.046
2022-11-14,104298.397,70831.554,52951.786,14217.534,13398.42,10578.157,14483.063,364.907,17199.572,1158.925,268.675
2022-11-15,104354.037,70878.959,52994.731,14877.716,13394.373,11140.367,14510.472,365.698,17208.868,1158.925,270.067
2022-11-16,104412.953,70926.364,53037.677,14980.042,13390.327,10043.213,14537.881,366.49,17218.165,1158.925,271.458
2022-11-17,104468.578,70973.768,53080.622,15082.369,13386.28,9485.002,14594.58,367.282,17227.461,1158.925,272.85
2022-11-18,104476.066,70992.001,53118.612,15172.889,13382.701,9495.67,14618.94,367.982,17227.926,1158.925,274.081
2022-11-19,104476.066,70992.001,53118.612,15172.889,13382.701,9495.67,14618.94,367.982,17227.926,1158.925,274.081
2022-11-20,104476.066,70992.001,53118.612,15172.889,13382.701,9495.67,14618.94,367.982,17227.926,1158.925,274.081
2022-11-21,104579.829,71068.578,53166.513,15380.651,13378.187,9519.339,14649.653,368.865,17246.055,1158.925,275.633
2022-11-22,104635.455,71115.983,53082.999,15483.332,13259.52,9539.064,14677.19,369.657,17255.351,1158.925,277.024
2022-11-23,104691.081,71163.387,53125.523,15527.286,13255.002,9558.788,14704.727,370.448,17264.648,1158.925,278.416
2022-11-24,104746.706,71210.792,53168.048,15632.142,13250.484,9578.512,14732.263,371.24,17273.944,1158.925,279.807
2022-11-25,104755.264,71229.937,53206.484,15726.916,13246.258,9648.533,14753.098,371.955,17274.588,1158.925,281.065
2022-11-26,104755.264,71229.937,53206.484,15726.916,13246.258,9648.533,14753.098,371.955,17274.588,1158.925,281.065
2022-11-27,104755.264,71229.937,53206.484,15726.916,13246.258,9648.533,14753.098,371.955,17274.588,1158.925,281.065
2022-11-28,104859.402,71305.602,53253.097,15841.855,13241.305,9664.142,14783.46,372.823,17292.537,1158.925,282.59
2022-11-29,104915.115,71353.007,53049.315,15946.711,13236.787,9682.797,14811.158,373.615,17302.508,1158.925,283.982
2022-11-30,104972.643,71400.411,53055.852,16051.567,13232.269,9701.452,14838.856,374.407,17311.812,1158.925,285.373
2022-12-01,105028.347,71452.439,53097.859,16633.174,13227.75,9720.107,14866.554,375.198,17321.115,1158.925,287.059
2022-12-02,105037.988,71472.5,53136.634,16731.406,13223.58,9735.749,14892.121,375.929,17321.938,1158.925,288.346
2022-12-03,105037.988,71472.5,53136.634,16731.406,13223.58,9735.749,14892.121,375.929,17321.938,1158.925,288.346
2022-12-04,105037.988,71472.5,53136.634,16731.406,13223.58,9735.749,14892.121,375.929,17321.938,1158.925,288.346
2022-12-05,105139.773,71547.273,53233.178,16846.01,13218.714,9757.418,14921.95,376.782,17153.906,1158.925,289.693
2022-12-06,105195.478,71594.69,53275.449,16952.428,13214.195,9773.907,14949.821,377.573,17153.6,1158.925,291.088
2022-12-07,105251.182,71642.107,53317.721,17058.846,13235.796,9792.552,14977.509,378.365,17163.735,1158.925,292.482
2022-12-08,105306.727,71869.341,53359.992,17165.264,13231.363,9811.198,15005.197,379.156,16983.53,1158.925,293.876
2022-12-09,105221.873,71890.466,53399.825,17699.515,13227.186,9827.19,15031.289,379.902,17192.419,1158.925,295.201
2022-12-10,105221.873,71890.466,53399.825,17699.515,13227.186,9827.19,15031.289,379.902,17192.419,1158.925,295.201
2022-12-11,105221.873,71890.466,53399.825,17699.515,13227.186,9827.19,15031.289,379.902,17192.419,1158.925,295.201
2022-12-12,105046.421,71964.862,53444.535,17812.296,13234.412,9848.488,15060.574,380.74,17208.019,1158.925,297.827
2022-12-13,105101.139,72012.623,53486.806,17918.925,13230.028,9867.134,15088.263,381.531,17216.263,1158.925,299.138
2022-12-14,104920.171,72060.383,53529.078,18025.555,13225.643,9610.229,15117.725,382.323,17225.111,1158.925,300.449
2022-12-15,104975.722,72108.143,53571.349,18132.184,13221.259,9628.104,15145.421,383.115,17233.352,1158.925,301.76
2022-12-16,104987.473,72130.187,53611.995,18234.713,13262.746,9643.778,15172.051,383.876,17234.398,1158.925,303.021
2022-12-17,104987.473,72130.187,53611.995,18234.713,13262.746,9643.778,15172.051,383.876,17234.398,1158.925,303.021
2022-12-18,104987.473,72130.187,53611.995,18234.713,13262.746,9643.778,15172.051,383.876,17234.398,1158.925,303.021
2022-12-19,105088.251,72203.664,53655.892,18342.035,13258.383,9663.853,15200.811,384.698,17249.834,1158.925,304.382
2022-12-20,105143.794,72251.425,53698.195,18449.043,13307.049,9681.727,15231.069,385.299,17256.839,1158.925,305.693
2022-12-21,105199.338,72299.185,53740.462,18556.051,13303.056,9699.601,14906.866,386.114,17265.079,1158.925,307.004
2022-12-22,105254.881,72346.946,53782.73,18663.059,13299.063,9717.476,14933.78,386.93,17273.319,1158.925,308.315
2022-12-23,105267.699,72369.908,53824.184,18768.009,13295.147,9733.494,14960.177,387.73,17274.523,1158.925,309.601
2022-12-24,105267.699,72369.908,53824.184,18768.009,13295.147,9733.494,14960.177,387.73,17274.523,1158.925,309.601
2022-12-25,105267.699,72369.908,53824.184,18768.009,13295.147,9733.494,14960.177,387.73,17274.523,1158.925,309.601
2022-12-26,104356.894,72442.467,53867.265,18877.075,13291.078,9753.225,14987.223,388.561,17289.798,1158.925,310.937
2022-12-27,104411.939,72490.227,53909.532,18984.084,13287.085,9771.099,15014.135,389.376,17298.038,1158.925,312.248
2022-12-28,104684.487,72537.988,53951.8,19091.092,13283.067,9788.974,15041.047,390.192,17306.278,1158.925,313.559
2022-12-29,104739.755,72585.748,53994.067,19198.1,13279.074,9806.848,15105.945,391.007,17314.518,1158.925,314.87
2022-12-30,104754.688,72617.098,54036.335,19305.108,13275.081,9823.21,15132.979,391.823,17315.88,1158.925,316.181
2022-12-31,104754.688,72617.098,54036.335,19305.108,13275.081,9823.21,15132.979,391.823,17315.88,1158.925,316.181
2023-01-01,104754.688,72617.098,54036.335,19305.108,13275.081,9823.21,15132.979,391.823,17315.88,1158.925,316.181
2023-01-02,104851.417,72607.764,53278.058,19727.735,12579.898,9842.597,15270.263,397.121,17330.997,1158.925,317.342
2023-01-03,104906.691,72655.502,53787.687,19887.717,12678.407,9860.471,15026.486,398.026,17339.237,1158.925,317.751
2023-01-04,104971.383,72781.733,53813.511,19986.711,12718.049,9878.346,15040.865,398.932,17347.529,1158.925,318.161
2023-01-05,105026.836,72829.436,53839.335,20085.705,12759.025,9896.22,14915.803,399.838,17355.768,1158.925,318.57
2023-01-06,105041.766,72854.204,53839.832,20087.609,12759.813,9912.926,14937.427,399.855,17357.289,1158.925,318.578
2023-01-07,105041.766,72854.204,53839.832,20087.609,12759.813,9912.926,14937.427,399.855,17357.289,1158.925,318.578
2023-01-08,105041.766,72854.204,53839.832,20087.609,12759.813,9912.926,14937.427,399.855,17357.289,1158.925,318.578
2023-01-09,105137.743,72924.841,53924.156,20283.694,12840.979,9907.65,14967.134,401.649,17372.248,1158.925,317.838
2023-01-10,105212.988,73025.091,53950.141,18735.584,12965.333,9918.419,14924.214,402.555,17380.487,1158.925,318.246
2023-01-11,105268.442,73039.241,53976.127,18975.058,13006.13,9936.152,14939.306,403.461,17388.727,1158.925,318.654
2023-01-12,105345.43,73087.178,54116.717,19073.327,13046.927,9953.885,14954.399,404.366,17396.966,1158.925,315.712
2023-01-13,105361.435,73123.365,54117.721,18964.37,13048.496,9970.8,14971.69,404.401,17398.646,1158.925,315.728
2023-01-14,105361.435,73123.365,54117.721,18964.37,13048.496,9970.8,14971.69,404.401,17398.646,1158.925,315.728
2023-01-15,105361.435,73123.365,54117.721,18964.37,13048.496,9970.8,14971.69,404.401,17398.646,1158.925,315.728
2023-01-16,105456.402,73193.459,54043.205,19156.001,13245.113,9989.352,14385.456,406.178,17413.445,1158.925,316.551
2023-01-17,105511.888,73246.879,54067.848,19092.621,13288.071,10007.085,14278.108,407.083,17421.669,1158.925,328.77
2023-01-18,105567.374,72916.533,54092.49,19421.45,13319.555,10024.818,13894.593,405.052,17429.908,1158.925,329.214
2023-01-19,105625.245,72847.824,54117.133,19523.458,13361.268,10042.551,13876.845,406.194,17438.147,1158.925,329.657
2023-01-20,105637.572,72874.057,54860.17,19529.19,13456.814,10059.807,14033.644,406.246,17439.985,1158.925,329.683
2023-01-21,105637.572,72874.057,54860.17,19529.19,13456.814,10059.807,14033.644,406.246,17439.985,1158.925,329.683
2023-01-22,105637.572,72874.057,54860.17,19529.19,13456.814,10059.807,14033.644,406.246,17439.985,1158.925,329.683
2023-01-23,105134.693,72450.492,54908.822,19722.193,13541.256,10078.017,12975.103,408.016,17454.626,1158.925,330.545
2023-01-24,105190.414,71535.37,54850.916,19903.712,13637.323,10095.75,13002.737,408.927,17459.139,1158.925,330.989
2023-01-25,105246.135,71000.032,54938.368,20131.947,13991.924,10113.483,12913.257,409.838,17466.219,1158.925,331.433
2023-01-26,107123.735,70993.6,54958.872,20154.567,14034.091,10131.217,12966.146,410.749,17474.476,1158.925,331.876
2023-01-27,105005.275,70978.464,54960.449,20162.25,14185.866,10148.813,13086.395,410.82,17476.477,1158.925,331.911
2023-01-28,105005.275,70978.464,54960.449,20162.25,14185.866,10148.813,13086.395,410.82,17476.477,1158.925,331.911
2023-01-29,105005.275,70978.464,54960.449,20162.25,14185.866,10148.813,13086.395,410.82,17476.477,1158.925,331.911
2023-01-30,104994.79,71036.417,55105.911,22765.257,14429.304,10074.86,13172.042,412.572,17798.01,1158.925,332.764
2023-01-31,105065.607,71087.386,55126.325,22844.931,14470.944,10092.456,13195.446,413.483,17806.41,1158.925,333.208
2023-02-01,105119.439,71159.675,55146.739,22724.551,15763.66,10008.245,13215.567,414.394,17814.811,1158.925,333.652
2023-02-02,105101.006,71210.659,55915.535,22158.711,21022.546,10022.594,13238.834,415.305,17823.211,1158.925,334.095
2023-02-03,106249.771,71196.49,56144.928,22383.293,21026.971,10022.704,13241.071,415.393,17825.408,1158.925,334.138
2023-02-04,106249.771,71196.49,56144.928,22383.293,21026.971,10022.704,13241.071,415.393,17825.408,1158.925,334.138
2023-02-05,106249.771,71196.49,56144.928,22383.293,21026.971,10022.704,13241.071,415.393,17825.408,1158.925,334.138
2023-02-06,106589.963,71288.76,56335.902,22491.185,21612.397,10051.291,13283.606,417.127,17840.012,1158.925,334.983
2023-02-07,106059.321,71352.766,56369.019,22563.133,21761.445,10065.64,13400.584,418.038,17848.413,1158.925,335.427
2023-02-08,106164.078,69476.103,56553.819,22635.08,13664.351,10079.989,13424.183,418.949,17856.813,1158.925,335.871
2023-02-09,106228.809,69528.05,56586.959,22789.345,13703.042,10102.376,13447.782,419.861,17865.214,1158.925,336.314
2023-02-10,106252.461,69560.018,56590.782,22797.728,13707.507,10102.76,13450.504,419.966,17867.572,1158.925,336.366
2023-02-11,106252.461,69560.018,56590.782,22797.728,13707.507,10102.76,13450.504,419.966,17867.572,1158.925,336.366
2023-02-12,106252.461,69560.018,56590.782,22797.728,13707.507,10102.76,13450.504,419.966,17867.572,1158.925,336.366
2023-02-13,106319.543,69724.594,56653.237,22827.288,13780.425,10130.886,13494.979,426.536,17882.015,1158.925,337.202
2023-02-14,106371.502,69776.693,56686.377,22901.549,13811.938,10145.141,13526.245,403.803,17890.415,1158.925,337.646
2023-02-15,106436.209,69828.793,56734.583,23161.666,13913.802,10159.396,13549.853,315.599,17898.816,1158.925,338.09
2023-02-16,106479.717,69880.892,56823.332,23628.166,13952.536,10173.651,13547.897,315.981,17907.216,1158.925,338.533
2023-02-17,106504.614,69913.955,56827.825,23638.414,13957.75,10174.309,13551.121,316.033,17909.736,1158.925,338.593
2023-02-18,106504.614,69913.955,56827.825,23638.414,13957.75,10174.309,13551.121,316.033,17909.736,1158.925,338.593
2023-02-19,106504.614,69913.955,56827.825,23638.414,13957.75,10174.309,13551.121,316.033,17909.736,1158.925,338.593
2023-02-20,106683.096,69985.091,56825.359,23780.413,13914.479,10199.99,13595.804,316.746,17924.017,1158.925,339.421
2023-02-21,106747.724,70037.191,56859.026,23856.537,13953.387,8405.324,13619.758,317.562,17932.418,1158.925,339.865
2023-02-22,106812.353,70089.291,56892.693,23932.66,13992.295,7869.323,13643.712,318.055,17940.818,1158.925,320.233
2023-02-23,106876.981,70141.39,56926.36,24008.784,14031.203,10008.908,13667.666,318.434,17949.219,1158.925,328.696
2023-02-24,106903.081,70175.455,56931.54,24020.495,14037.189,10011.638,13671.351,318.493,17951.9,1158.925,327.717
2023-02-25,106903.081,70175.455,56931.54,24020.495,14037.189,10011.638,13671.351,318.493,17951.9,1158.925,327.717
2023-02-26,106903.081,70175.455,56931.54,24020.495,14037.189,10011.638,13671.351,318.493,17951.9,1158.925,327.717
2023-02-27,106804.503,70245.589,56993.695,24161.031,14092.454,10012.085,13715.573,319.193,17966.02,1158.925,324.325
2023-02-28,106906.768,70315.188,57055.375,24300.493,14163.967,10041.311,13759.458,319.712,17980.031,1158.925,325.077
2023-03-01,106971.084,70367.089,57088.914,24376.326,14202.852,10056.477,13992.752,320.09,17988.4,1158.925,318.124
2023-03-02,106998.19,70401.888,57094.696,24389.401,14209.556,10057.755,13996.588,320.155,18378.286,1158.925,318.196
2023-03-03,107025.505,70436.955,57100.523,24402.576,14216.312,10059.043,13995.994,320.221,18436.683,1158.925,318.269
2023-03-04,107025.505,70436.955,57100.523,24402.576,14216.312,10059.043,13995.994,320.221,18436.683,1158.925,318.269
2023-03-05,107025.505,70436.955,57100.523,24402.576,14216.312,10059.043,13995.994,320.221,18436.683,1158.925,318.269
2023-03-06,107164.032,70522.791,57189.53,24603.825,14319.507,10141.11,14059.497,321.223,18454.788,1158.925,319.385
2023-03-07,107228.348,70574.691,57223.068,24679.658,14358.391,10156.335,14104.955,321.6,18462.581,1158.925,319.806
2023-03-08,107283.317,70626.592,57256.607,24755.491,14397.276,10171.56,14129.098,321.978,18470.375,1158.925,320.226
2023-03-09,107311.593,70662.386,57263.032,24733.529,14404.726,8879.96,14133.723,322.05,18558.707,1158.925,320.306
2023-03-10,107340.321,70698.455,57269.507,24748.027,14412.232,8881.596,14138.384,322.123,18561.511,1158.925,319.254
2023-03-11,107340.321,70698.455,57269.507,24748.027,14412.232,8881.596,14138.384,322.123,18561.511,1158.925,319.254
2023-03-12,107340.321,70698.455,57269.507,24748.027,14412.232,8881.596,14138.384,322.123,18561.511,1158.925,319.254
2023-03-13,106370.922,70782.294,57371.357,24944.458,14513.931,8925.423,14357.955,323.111,18579.353,1158.925,320.355
2023-03-14,106443.785,70834.195,57404.896,25019.564,14688.55,8945.437,14381.981,323.488,18587.163,1158.925,320.776
2023-03-15,106516.648,70886.096,57460.273,25094.67,14723.897,8961.175,14406.006,323.866,18595.559,1158.925,321.197
2023-03-16,106550.149,70922.875,57467.411,25110.497,14740.608,8947.262,14411.069,323.946,18598.492,1158.925,321.286
2023-03-17,106563.252,70954.645,57474.603,25363.059,14748.773,8949.201,14447.165,324.026,18601.448,1158.925,321.375
2023-03-18,106563.252,70954.645,57474.603,25363.059,14748.773,8949.201,14447.165,324.026,18601.448,1158.925,321.375
2023-03-19,106563.252,70954.645,57474.603,25363.059,14748.773,8949.201,14447.165,324.026,18601.448,1158.925,321.375
2023-03-20,106714.887,71036.457,57545.156,25557.036,14847.859,8992.407,14510.069,324.999,18618.993,1158.925,322.46
2023-03-21,106787.897,71088.337,57579.138,25507.369,14886.31,10418.783,14553.139,325.376,18626.804,1158.925,322.881
2023-03-22,106860.906,71140.217,57613.119,25582.604,14946.246,10432.327,14577.214,325.754,18634.615,1158.925,323.302
2023-03-23,106895.873,71177.984,57620.931,25599.9,14955.145,10464.491,14582.748,325.841,18637.697,1158.925,323.399
2023-03-24,106931.108,71216.042,57628.803,25617.328,14964.665,10466.448,14588.325,325.928,18640.804,1158.925,323.497
2023-03-25,106931.108,71216.042,57628.803,25617.328,14964.665,10466.448,14588.325,325.928,18640.804,1158.925,323.497
2023-03-26,106931.108,71216.042,57628.803,25617.328,14964.665,10466.448,14588.325,325.928,18640.804,1158.925,323.497
2023-03-27,107079.935,71295.858,57715.064,25808.31,15056.616,11266.431,14649.438,329.804,18658.048,1158.925,324.565
2023-03-28,107152.944,71347.738,57749.045,25883.546,15095.319,11281.335,14521.684,330.186,18665.86,1158.925,324.986
2023-03-29,107225.954,71399.619,57783.027,25958.781,15134.022,11296.238,14546.954,330.568,18673.671,1158.925,325.407
2023-03-30,107262.319,71438.38,57785.405,25977.518,15347.244,11196.111,14553.247,330.663,18676.903,1158.925,325.512
2023-03-31,107298.963,71343.586,56988.273,26250.304,14452.341,11198.513,14601.592,333.807,18680.16,1158.925,326.592
2023-04-01,107298.963,71343.586,56988.273,26250.304,14452.341,11198.513,14601.592,333.807,18680.16,1158.925,326.592
2023-04-02,107298.963,71343.586,56988.273,26250.304,14452.341,11198.513,14601.592,333.807,18680.16,1158.925,326.592
2023-04-03,106650.749,71421.28,57071.911,26446.236,14551.879,11238.698,14675.833,334.77,18699.398,1158.925,327.647
2023-04-04,106723.264,71473.076,57105.367,26521.823,14591.694,11064.664,14701.075,335.155,18707.194,1158.925,328.069
2023-04-05,107061.811,71524.872,57138.822,26532.648,14631.509,11079.152,14726.316,335.54,18714.99,1158.925,328.491
2023-04-06,107100.036,71564.562,57140.815,26552.7,15365.509,11081.761,14733.086,335.643,18718.365,1158.925,328.604
2023-04-07,107138.555,71604.558,57149.964,26572.906,15376.828,11084.39,14739.908,335.747,18721.766,1158.925,328.718
2023-04-08,107138.555,71604.558,57149.964,26572.906,15376.828,11084.39,14739.908,335.747,18721.766,1158.925,328.718
2023-04-09,107138.555,71604.558,57149.964,26572.906,15376.828,11084.39,14739.908,335.747,18721.766,1158.925,328.718
2023-04-10,106936.616,71680.26,57233.29,26742.664,15479.919,11122.616,14807.155,336.695,18738.378,1158.925,329.757
2023-04-11,107009.72,71658.764,57267.141,26817.233,15521.799,11137.104,14832.378,337.08,18746.174,1158.925,335.457
2023-04-12,107082.823,71710.297,57300.992,26103.485,15557.882,11151.592,14859.367,337.465,18753.97,1158.925,335.876
2023-04-13,107180.89,71705.614,57277.768,26124.801,15569.917,11154.478,14866.621,337.576,18757.494,1158.925,335.996
2023-04-14,107221.056,72115.429,57287.54,26146.28,15582.044,11157.387,14873.931,337.687,18761.046,1158.925,336.118
2023-04-15,107221.056,72115.429,57287.54,26146.28,15582.044,11157.387,14873.931,337.687,18761.046,1158.925,336.118
2023-04-16,107221.056,72115.429,57287.54,26146.28,15582.044,11157.387,14873.931,337.687,18761.046,1158.925,336.118
2023-04-17,107363.957,72169.216,57375.483,26326.016,15683.526,11195.056,14950.915,338.62,18777.357,1158.925,337.133
2023-04-18,107438.266,72319.832,57364.658,25854.87,15718.994,11209.544,14881.957,339.006,18785.153,1158.925,337.552
2023-04-19,107335.837,72325.106,57404.979,25926.425,15811.704,11224.031,14638.439,339.391,18792.949,1158.925,337.971
2023-04-20,107376.894,72328.796,57484.604,25948.358,15824.541,11227.195,13992.5,339.509,18796.623,1158.925,338.099
2023-04-21,107418.266,72415.07,57495.208,25970.46,15837.476,11230.384,13955.459,339.628,18800.326,1158.925,338.228
2023-04-22,107418.266,72415.07,57495.208,25970.46,15837.476,11230.384,13955.459,339.628,18800.326,1158.925,338.228
2023-04-23,107418.266,72415.07,57495.208,25970.46,15837.476,11230.384,13955.459,339.628,18800.326,1158.925,338.228
2023-04-24,107557.543,72484.563,57581.822,26007.843,16229.744,11267.495,14107.004,340.546,18816.337,1158.925,339.227
2023-04-25,107631.445,71813.434,57374.278,26069.148,16272.404,11281.983,15536.563,340.931,18824.133,1158.925,339.646
2023-04-26,108228.338,72239.307,56212.814,25983.276,16258.304,11197.347,14667.56,341.316,18840.736,1158.925,340.211
2023-04-27,108267.965,72242.897,57954.87,26462.825,18084.309,11200.409,14679.94,341.441,18844.144,1158.925,340.101
2023-04-28,108259.028,72187.64,58311.529,25780.284,18642.866,11203.494,14692.416,341.568,18847.579,1158.925,340.245
2023-04-29,108259.028,72187.64,58311.529,25780.284,18642.866,11203.494,14692.416,341.568,18847.579,1158.925,340.245
2023-04-30,108259.028,72187.64,58311.529,25780.284,18642.866,11203.494,14692.416,341.568,18847.579,1158.925,340.245
2023-05-01,108385.833,72370.047,58389.504,25769.358,18733.768,11266.627,14757.876,342.471,18722.597,1158.925,335.515
2023-05-02,108454.416,72387.475,58422.739,25806.59,18772.514,11279.55,14905.949,342.856,18729.496,1158.925,336.016
2023-05-03,108523.102,72436.069,58455.975,25870.066,18811.259,11292.474,14922.76,343.241,18736.395,1158.925,336.517
2023-05-04,108482.615,72477.029,58467.435,26019.39,18824.619,11295.792,14935.876,343.374,18739.91,1158.925,336.69
2023-05-05,108848.205,72500.171,58478.984,26041.937,18838.083,11299.135,14949.092,343.508,18475.842,1158.925,336.864
2023-05-06,108848.205,72500.171,58478.984,26041.937,18838.083,11299.135,14949.092,343.508,18475.842,1158.925,336.864
2023-05-07,108848.205,72500.171,58478.984,26041.937,18838.083,11299.135,14949.092,343.508,18475.842,1158.925,336.864
2023-05-08,108254.923,72563.668,58979.502,26191.675,18927.495,11331.244,14259.231,347.849,18488.165,1158.925,338.019
2023-05-09,108323.755,72610.624,59016.968,26258.897,18962.414,11344.168,14298.887,328.787,18494.399,1158.925,338.52
2023-05-10,108392.586,72594.659,59096.922,26323.964,18943.246,11353.394,14338.544,454.993,18500.632,1158.925,339.021
2023-05-11,108434.782,72636.481,59065.824,26320.312,18972.5,11356.953,14352.978,455.175,18503.928,1158.925,339.203
2023-05-12,108477.302,72678.623,59260.305,26381.979,18986.697,11360.539,14367.523,455.359,18507.249,1158.925,369.076
2023-05-13,108477.302,72678.623,59260.305,26381.979,18986.697,11360.539,14367.523,455.359,18507.249,1158.925,369.076
2023-05-14,108477.302,72678.623,59260.305,26381.979,18986.697,11360.539,14367.523,455.359,18507.249,1158.925,369.076
2023-05-15,102843.519,72740.197,59319.622,26529.745,19074.527,11392.099,14457.513,456.498,18519.333,1158.925,369.877
2023-05-16,102877.04,72788.71,59352.504,26594.862,19113.231,11405.001,14516.288,457.0,18448.269,1158.925,370.229
2023-05-17,102910.561,72952.612,59385.387,26659.98,19151.936,11417.903,12365.269,457.501,18454.455,1158.925,370.582
2023-05-18,103009.269,72963.239,59281.4,26684.929,19166.766,11421.709,12385.599,457.693,18457.844,1158.925,370.717
2023-05-19,103030.71,73006.572,59294.123,25307.824,19181.709,11424.459,12406.085,457.887,18461.26,1158.925,370.853
2023-05-20,103030.71,73006.572,59294.123,25307.824,19181.709,11424.459,12406.085,457.887,18461.26,1158.925,370.853
2023-05-21,103030.71,73006.572,59294.123,25307.824,19181.709,11424.459,12406.085,457.887,18461.26,1158.925,370.853
2023-05-22,103219.774,73066.631,59367.632,25457.621,19222.894,11383.412,12524.452,459.006,18472.44,1158.925,371.64
2023-05-23,103253.585,73115.429,59400.584,25522.936,19261.976,11398.068,12231.767,459.508,18478.631,1158.925,371.992
2023-05-24,103287.396,73164.227,59725.158,25590.068,19301.058,13243.188,12284.852,460.01,18484.822,1158.925,372.345
2023-05-25,103309.419,73208.164,59738.846,25617.076,19316.781,17452.646,12306.208,460.211,18488.333,1158.925,372.487
2023-05-26,103321.286,73252.439,59752.64,25644.291,19332.625,17462.88,12327.729,460.415,18491.87,1158.925,372.63
2023-05-27,103321.286,73252.439,59752.64,25644.291,19332.625,17462.88,12327.729,460.415,18491.87,1158.925,372.63
2023-05-28,103321.286,73252.439,59752.64,25644.291,19332.625,17462.88,12327.729,460.415,18491.87,1158.925,372.63
2023-05-29,103378.457,73310.622,59808.728,25786.46,19418.305,17538.564,12444.108,461.515,18503.395,1158.925,373.403
2023-05-30,103412.24,72869.326,59842.874,25752.693,19457.387,17570.892,12498.085,462.016,18509.586,1158.925,373.755
2023-05-31,103446.688,72913.406,59877.019,25818.806,19496.469,17603.219,12551.171,443.633,18515.777,1158.925,374.108
2023-06-01,103469.334,72956.032,59891.41,25846.67,19475.519,17613.995,12573.544,443.895,18758.582,1158.925,372.887
2023-06-02,103492.155,73861.25,59905.912,25874.748,19491.982,17624.853,12596.09,444.159,19588.872,1158.925,411.209
2023-06-03,103492.155,73861.25,59905.912,25874.748,19491.982,17624.853,12596.09,444.159,19588.872,1158.925,411.209
2023-06-04,103492.155,73861.25,59905.912,25874.748,19491.982,17624.853,12596.09,444.159,19588.872,1158.925,411.209
2023-06-05,103833.007,73918.973,59979.456,26017.146,19575.475,18718.369,12710.428,445.499,19609.633,1158.925,411.565
2023-06-06,103824.115,73969.0,59994.022,25949.698,19614.239,18762.009,12763.681,446.121,19621.11,1158.925,411.731
2023-06-07,103843.112,74019.027,60005.373,26055.097,19604.358,18806.426,12816.761,446.902,19627.718,1158.925,411.896
2023-06-08,103856.213,74065.988,60020.41,26083.476,19621.335,18821.809,12840.148,447.177,19634.662,1158.925,411.969
2023-06-09,103869.415,74113.309,60035.563,26112.073,19638.442,18837.31,12863.716,447.453,19641.66,1158.925,412.042
2023-06-10,103869.415,74113.309,60035.563,26112.073,19638.442,18837.31,12863.716,447.453,19641.66,1158.925,412.042
2023-06-11,103869.415,74113.309,60035.563,26112.073,19638.442,18837.31,12863.716,447.453,19641.66,1158.925,412.042
2023-06-12,103900.102,74167.12,60107.757,26248.322,19712.931,18937.344,12975.999,448.77,19662.131,1158.925,412.392
2023-06-13,104024.039,74217.289,60141.884,26312.73,19733.093,18980.983,13029.079,449.392,19673.602,1158.925,412.557
2023-06-14,104043.268,74267.458,60176.012,26377.138,19771.421,19023.64,13082.158,450.015,19685.073,1158.925,412.723
2023-06-15,104056.897,74315.513,60191.703,26406.751,19789.044,19039.852,13106.563,450.301,19695.792,1158.925,412.799
2023-06-16,104070.631,74363.937,60207.515,26436.592,19806.801,19056.189,13131.155,450.589,19703.016,1158.925,412.875
2023-06-17,104070.631,74363.937,60207.515,26436.592,19806.801,19056.189,13131.155,450.589,19703.016,1158.925,412.875
2023-06-18,104070.631,74363.937,60207.515,26436.592,19806.801,19056.189,13131.155,450.589,19703.016,1158.925,412.875
2023-06-19,104100.953,74417.966,60278.396,26570.363,19886.406,19154.507,13244.006,451.882,19721.642,1158.925,413.218
2023-06-20,104120.182,74468.135,60312.524,26634.772,19924.734,19198.129,13297.066,450.388,19733.119,1158.925,413.384
2023-06-21,104139.41,74512.069,60327.581,26699.18,19963.014,19241.751,13347.878,451.006,19744.595,1158.925,413.549
2023-06-22,104153.408,74561.061,60343.857,26730.027,20055.051,19258.799,13373.296,451.302,19751.982,1158.925,413.628
2023-06-23,104167.513,74610.429,60360.258,26761.111,20073.832,19275.978,13398.908,451.601,19759.426,1158.925,413.708
2023-06-24,104167.513,74610.429,60360.258,26761.111,20073.832,19275.978,13398.908,451.601,19759.426,1158.925,413.708
2023-06-25,104167.513,74610.429,60360.258,26761.111,20073.832,19275.978,13398.908,451.601,19759.426,1158.925,413.708
2023-06-26,104197.096,74662.503,60412.123,26866.308,20116.705,19372.617,13206.299,452.862,19779.025,1158.925,414.045
2023-06-27,104216.324,74712.647,60594.371,26930.635,20155.104,19416.24,13259.569,453.48,19790.501,1158.925,414.21
2023-06-28,104235.553,74761.893,60629.116,26994.963,20193.782,19459.862,13312.838,454.098,19801.978,1158.925,413.424
2023-06-29,104249.919,74811.842,60646.422,27027.003,20213.048,19477.745,13339.09,454.406,19809.585,1158.925,413.662
2023-06-30,104264.395,74762.201,59832.482,27358.645,19849.022,19495.766,13399.927,460.109,19817.251,1158.925,416.482
2023-07-01,104264.395,74762.201,59832.482,27358.645,19849.022,19495.766,13399.927,460.109,19817.251,1158.925,416.482
2023-07-02,104264.395,74762.201,59832.482,27358.645,19849.022,19495.766,13399.927,460.109,19817.251,1158.925,416.482
2023-07-03,103632.621,74890.18,59901.25,27487.81,19925.746,19590.728,13694.548,461.36,19836.408,1158.925,417.442
2023-07-04,103651.736,74932.84,59935.634,27552.392,19964.108,19634.35,13747.949,461.986,19847.884,1158.925,417.923
2023-07-05,103670.851,74975.499,59970.019,27616.975,20002.469,19677.972,13895.973,462.611,19859.361,1158.925,418.403
2023-07-06,103685.499,74976.316,59987.804,27650.379,20001.902,19696.691,13923.609,462.935,19872.173,1158.925,418.651
2023-07-07,103700.259,74977.14,60005.725,32626.441,20021.593,19715.555,13947.948,463.261,19880.055,1158.925,417.509
2023-07-08,103700.259,74977.14,60005.725,32626.441,20021.593,19715.555,13947.948,463.261,19880.055,1158.925,417.509
2023-07-09,103700.259,74977.14,60005.725,32626.441,20021.593,19715.555,13947.948,463.261,19880.055,1158.925,417.509
2023-07-10,103728.196,75103.478,60073.171,32782.595,20091.622,19808.839,14052.759,464.488,19898.759,1158.925,418.437
2023-07-11,111007.877,75146.138,60107.555,32862.203,20129.396,19852.461,14106.192,465.114,20227.339,1158.925,418.91
2023-07-12,111064.199,75188.797,60712.493,32941.811,20453.016,19896.083,14176.479,465.739,20240.551,1158.925,419.383
2023-07-13,111176.809,75166.573,60731.618,33125.411,20473.777,19915.638,14193.384,466.075,20249.814,1158.925,419.637
2023-07-14,111222.63,75192.173,60750.891,33168.362,20494.698,19927.941,14232.985,466.413,20259.001,1158.925,419.893
2023-07-15,111222.63,75192.173,60750.891,33168.362,20494.698,19927.941,14232.985,466.413,20259.001,1158.925,419.893
2023-07-16,111222.63,75192.173,60750.891,33168.362,20494.698,19927.941,14232.985,466.413,20259.001,1158.925,419.893
2023-07-17,111305.117,75400.837,61510.342,33318.094,21289.361,20004.715,14335.997,467.616,20280.038,1158.925,420.802
2023-07-18,111363.037,75385.02,61529.053,33336.744,21314.557,20137.769,14389.563,468.242,20293.25,1158.925,421.275
2023-07-19,111814.955,75580.491,61475.11,32879.403,21261.588,20185.823,14403.616,468.868,20306.461,1158.925,421.749
2023-07-20,111262.227,77201.544,61482.29,32923.619,21284.017,20206.697,13835.871,469.215,20315.978,1158.925,422.011
2023-07-21,111306.224,74835.946,61501.274,32968.175,21306.618,20227.731,13844.899,469.565,20325.567,1158.925,422.276
2023-07-22,111306.224,74835.946,61501.274,32968.175,21306.618,20227.731,13844.899,469.565,20325.567,1158.925,422.276
2023-07-23,111306.224,74835.946,61501.274,32968.175,21306.618,20227.731,13844.899,469.565,20325.567,1158.925,422.276
2023-07-24,111381.351,74969.752,61632.665,33118.171,21334.854,20319.791,15018.752,470.744,20346.096,1158.925,423.168
2023-07-25,111435.617,73500.704,61454.355,33197.76,21375.525,20364.448,15062.719,471.37,20359.307,1158.925,423.641
2023-07-26,111489.882,70163.736,61362.756,33277.35,21867.415,20409.104,15095.915,471.996,20372.519,1158.925,424.114
2023-07-27,111534.583,69574.41,62645.14,33323.091,24186.37,21083.821,15121.165,472.355,20382.288,1158.925,424.386
2023-07-28,111579.628,69435.621,61674.216,33369.184,24263.504,21107.659,15146.609,473.339,20392.133,1158.925,424.66
2023-07-29,111579.628,69435.621,61674.216,33369.184,24263.504,21107.659,15146.609,473.339,20392.133,1158.925,424.66
2023-07-30,111579.628,69435.621,61674.216,33369.184,24263.504,21107.659,15146.609,473.339,20392.133,1158.925,424.66
2023-07-31,111652.677,68733.643,61723.072,33629.96,24313.379,21233.612,15193.647,474.495,20311.176,1158.925,425.533
2023-08-01,111706.778,68649.85,61767.06,33713.789,24370.572,21282.289,15237.418,475.121,20324.323,1158.925,426.007
2023-08-02,111761.053,68707.161,60640.842,33797.618,24403.834,21330.965,15281.19,475.747,20337.47,1158.925,491.942
2023-08-03,112878.554,68712.651,60660.167,37117.99,24423.587,21355.583,15307.184,476.119,20347.443,1158.925,547.887
2023-08-04,112294.556,68695.497,61061.386,44229.377,24443.492,21380.391,15203.33,476.494,20357.493,1158.925,548.186
2023-08-05,112294.556,68695.497,61061.386,44229.377,24443.492,21380.391,15203.33,476.494,20357.493,1158.925,548.186
2023-08-06,112294.556,68695.497,61061.386,44229.377,24443.492,21380.391,15203.33,476.494,20357.493,1158.925,548.186
2023-08-07,112356.536,68856.491,61225.498,45665.278,24503.618,21446.335,12532.217,478.136,20376.91,1158.925,640.275
2023-08-08,112364.485,68707.047,62063.418,45716.225,24536.88,21494.871,12555.678,532.087,20390.056,1158.925,621.988
2023-08-09,112412.517,68764.225,62102.47,45767.172,24636.289,21543.406,12579.138,532.507,20403.203,1158.925,622.394
2023-08-10,112453.924,68770.797,62126.41,45798.404,24618.038,21568.882,12593.52,533.073,20413.428,1158.925,621.172
2023-08-11,112495.65,68596.955,64361.588,46054.597,24638.401,21594.555,12608.013,533.331,20423.732,1158.925,621.401
2023-08-12,112495.65,68596.955,64361.588,46054.597,24638.401,21594.555,12608.013,533.331,20423.732,1158.925,621.401
2023-08-13,112495.65,68596.955,64361.588,46054.597,24638.401,21594.555,12608.013,533.331,20423.732,1158.925,621.401
2023-08-14,112785.715,68626.748,64326.258,46144.761,24599.02,21689.012,12649.52,534.067,20442.643,1158.925,622.056
2023-08-15,112834.743,68684.589,64373.283,46195.722,24630.063,22609.439,12672.981,535.092,20455.79,1158.925,622.426
2023-08-16,112883.772,68742.429,64420.308,46246.684,24661.106,22662.659,12696.442,535.506,20468.936,1158.925,622.797
2023-08-17,112926.976,68750.186,64409.25,46280.698,24643.058,22691.195,12711.273,535.769,20479.413,1158.925,623.031
2023-08-18,113216.837,68758.002,64439.05,46339.901,24662.963,21575.151,12726.218,536.033,20489.971,1158.925,623.267
2023-08-19,113216.837,68758.002,64439.05,46339.901,24662.963,21575.151,12726.218,536.033,20489.971,1158.925,623.267
2023-08-20,113216.837,68758.002,64439.05,46339.901,24662.963,21575.151,12726.218,536.033,20489.971,1158.925,623.267
2023-08-21,112995.112,68915.951,64570.024,46401.365,24745.732,25344.116,12766.823,536.75,20489.334,1158.925,623.908
2023-08-22,113041.596,68973.791,64616.994,46356.765,24777.023,25403.951,12790.284,537.165,20502.449,1158.925,624.278
2023-08-23,113088.079,69031.632,64663.964,46407.16,24808.313,26895.689,12813.745,537.58,20515.565,1158.925,624.648
2023-08-24,113129.932,69040.496,64694.557,46502.258,24828.694,30901.584,12829.025,537.85,20526.268,1158.925,624.89
2023-08-25,113172.106,69049.429,64725.386,46535.099,34255.914,30939.261,12844.424,538.122,20537.053,1158.925,625.133
2023-08-26,113172.106,69049.429,64725.386,46535.099,34255.914,30939.261,12844.424,538.122,20537.053,1158.925,625.133
2023-08-27,113172.106,69049.429,64725.386,46535.099,34255.914,30939.261,12844.424,538.122,20537.053,1158.925,625.133
2023-08-28,113227.529,69205.153,64363.419,45006.287,34315.718,30716.469,12884.126,560.136,20554.91,1158.925,625.759
2023-08-29,113274.012,69262.994,77521.509,45051.455,34351.056,30780.135,12910.715,560.551,20568.025,1158.925,626.13
2023-08-30,113319.507,68193.831,80025.423,45096.624,34386.394,30843.801,12934.181,560.966,20580.862,1158.925,626.5
2023-08-31,113346.445,68204.129,80062.123,45126.909,34410.089,30863.07,12949.915,561.244,20598.236,1158.925,626.749
2023-09-01,113350.947,67976.367,80063.695,45370.39,34372.758,30885.995,12965.771,561.524,20627.887,1158.925,626.999
2023-09-02,113350.947,67976.367,80063.695,45370.39,34372.758,30885.995,12965.771,561.524,20627.887,1158.925,626.999
2023-09-03,113350.947,67976.367,80063.695,45370.39,34372.758,30885.995,12965.771,561.524,20627.887,1158.925,626.999
2023-09-04,113404.438,68135.06,80154.109,45443.56,34430.437,32225.177,13004.58,562.21,20645.216,1158.925,627.611
2023-09-05,113450.797,66772.324,80208.779,45487.802,34562.833,32284.445,13028.047,562.624,20945.269,1158.925,627.982
2023-09-06,113497.155,66834.647,80263.448,45677.202,34598.068,32344.246,12280.186,563.039,21011.157,1158.925,628.352
2023-09-07,113406.61,66846.586,80301.151,45707.789,34622.369,32379.233,12295.176,563.325,20035.645,1158.925,628.607
2023-09-08,113454.358,66858.617,79618.001,45738.611,34646.856,32415.194,12310.281,563.613,20047.387,1158.925,628.865
2023-09-09,113454.358,66858.617,79618.001,45738.611,34646.856,32415.194,12310.281,563.613,20047.387,1158.925,628.865
2023-09-10,113454.358,66858.617,79618.001,45738.611,34646.856,32415.194,12310.281,563.613,20047.387,1158.925,628.865
2023-09-11,108421.659,67021.614,79655.266,45585.591,34695.589,32521.524,12345.393,564.283,20060.547,1158.925,634.112
2023-09-12,108155.609,67083.937,79704.623,45660.18,34730.928,32580.85,12367.128,564.698,20070.791,1158.925,634.526
2023-09-13,108452.993,67146.259,79753.979,45704.781,34766.267,32640.176,12388.864,565.112,20081.035,1158.925,630.035
2023-09-14,108474.502,70781.91,79788.963,45736.396,34791.315,32676.999,12347.568,446.878,20089.984,1158.925,630.318
2023-09-15,108374.183,70795.855,79824.217,45768.253,34816.556,32714.105,12361.123,446.941,20097.763,1158.925,630.604
2023-09-16,108374.183,70795.855,79824.217,45768.253,34816.556,32714.105,12361.123,446.941,20097.763,1158.925,630.604
2023-09-17,108374.183,70795.855,79824.217,45768.253,34816.556,32714.105,12361.123,446.941,20097.763,1158.925,630.604
2023-09-18,106486.859,70965.079,80661.258,47321.602,34742.357,32818.153,12391.049,447.079,20111.463,1158.925,631.235
2023-09-19,106495.062,71030.748,80715.933,47355.64,34775.731,32877.479,12410.027,447.167,20121.707,1158.925,631.635
2023-09-20,106503.264,71096.417,80770.607,47389.678,34809.106,32936.805,12429.005,447.255,20131.951,1158.925,632.035
2023-09-21,106511.278,71111.513,80810.409,47414.456,34833.402,32974.764,12442.82,447.319,20141.096,1158.925,632.326
2023-09-22,106519.354,71126.726,80850.517,47439.425,34857.884,33013.016,12456.741,447.384,20150.312,1158.925,632.619
2023-09-23,106519.354,71126.726,80850.517,47439.425,34857.884,33013.016,12456.741,447.384,20150.312,1158.925,632.619
2023-09-24,106519.354,71126.726,80850.517,47439.425,34857.884,33013.016,12456.741,447.384,20150.312,1158.925,632.619
2023-09-25,106527.872,71294.268,80934.632,47202.468,34909.23,33114.782,12483.883,447.369,20162.683,1158.925,633.235
2023-09-26,106536.074,71359.94,81814.53,47235.807,34901.846,33174.108,12306.605,447.457,20172.928,1158.925,633.635
2023-09-27,106544.277,71425.611,81871.857,47269.147,34935.039,33233.434,12325.641,447.545,20183.172,1158.925,633.991
2023-09-28,106552.448,71441.966,81866.075,47489.903,34948.565,33272.53,12339.863,447.611,20192.513,1158.925,634.294
2023-09-29,106560.682,71458.447,81909.054,47515.02,34974.026,33311.927,12354.195,447.677,20201.927,1158.925,638.903
2023-09-30,106560.682,71458.447,81909.054,47515.02,34974.026,33311.927,12354.195,447.677,20201.927,1158.925,638.903
2023-10-01,106560.682,71458.447,81909.054,47515.02,34974.026,33311.927,12354.195,447.677,20201.927,1158.925,638.903
2023-10-02,105920.343,71548.407,81191.89,47949.477,35232.738,33411.412,12412.654,454.832,20213.904,1158.925,641.468
2023-10-03,111626.88,71614.032,81140.874,47983.039,35266.717,33470.737,12402.766,454.921,20224.148,1158.925,641.876
2023-10-04,111653.682,71679.657,81196.94,48016.6,35300.257,33530.063,12421.977,455.011,20234.393,1158.925,642.392
2023-10-05,111654.092,71697.257,81239.903,48042.317,35204.35,33570.296,12436.697,455.08,20243.93,1158.925,642.705
2023-10-06,111654.506,71714.993,81285.015,48068.232,35207.574,33610.838,12464.826,455.149,20253.541,1158.925,643.02
2023-10-07,111654.506,71714.993,81285.015,48068.232,35207.574,33610.838,12464.826,455.149,20253.541,1158.925,643.02
2023-10-08,111654.506,71714.993,81285.015,48068.232,35207.574,33610.838,12464.826,455.149,20253.541,1158.925,643.02
2023-10-09,111734.085,71876.531,78440.193,41498.675,35243.014,33708.041,12504.721,455.28,20265.125,1158.925,643.617
2023-10-10,111760.887,71942.156,78490.794,41524.751,35276.587,33767.367,12252.121,455.37,20274.972,1158.925,644.025
2023-10-11,111787.688,71619.642,78541.395,41550.826,35310.159,33826.693,12269.736,455.46,20285.215,1158.925,644.433
2023-10-12,111788.612,71640.794,78581.139,41445.229,35248.472,33868.061,12283.572,455.53,20294.947,1158.925,644.754
2023-10-13,111789.543,71658.291,78835.068,41465.898,35274.748,33909.749,12297.514,455.601,20304.755,1158.925,645.077
2023-10-14,111789.543,71658.291,78835.068,41465.898,35274.748,33909.749,12297.514,455.601,20304.755,1158.925,645.077
2023-10-15,111789.543,71658.291,78835.068,41465.898,35274.748,33909.749,12297.514,455.601,20304.755,1158.925,645.077
2023-10-16,111868.091,71678.092,78904.09,41545.79,35315.921,34004.67,12354.471,455.729,20315.943,1158.925,645.658
2023-10-17,111894.893,71738.617,78750.59,41548.097,35450.367,34063.996,12246.463,455.819,20326.185,1158.925,646.066
2023-10-18,111723.069,71803.678,78801.104,41562.924,35481.096,34123.322,12234.446,455.909,20336.428,1158.925,646.474
2023-10-19,111724.522,71805.96,78881.354,41763.475,35519.499,34165.827,7920.084,455.981,20346.357,1158.925,646.802
2023-10-20,111725.987,71916.639,79350.176,41785.682,35833.931,34208.66,9921.978,456.054,20356.361,1158.925,647.133
2023-10-21,111725.987,71916.639,79350.176,41785.682,35833.931,34208.66,9921.978,456.054,20356.361,1158.925,647.133
2023-10-22,111725.987,71916.639,79350.176,41785.682,35833.931,34208.66,9921.978,456.054,20356.361,1158.925,647.133
2023-10-23,111848.127,72718.28,79406.157,41815.69,35810.317,34301.299,9804.545,456.178,20367.156,1158.925,647.698
2023-10-24,111875.048,72541.302,79186.566,41778.385,35841.473,34360.625,9815.913,456.267,20377.398,1158.925,648.106
2023-10-25,111139.373,69459.697,79280.714,41805.612,36352.884,34419.951,9827.28,456.357,20387.641,1158.925,666.481
2023-10-26,111141.379,69520.88,79199.402,43619.108,39434.911,34329.305,9836.645,456.431,20397.766,1158.925,665.024
2023-10-27,111143.401,69540.049,78413.847,40369.677,39456.553,34372.766,9846.081,456.506,20407.968,1158.925,753.262
2023-10-28,111143.401,69540.049,78413.847,40369.677,39456.553,34372.766,9846.081,456.506,20407.968,1158.925,753.262
2023-10-29,111143.401,69540.049,78413.847,40369.677,39456.553,34372.766,9846.081,456.506,20407.968,1158.925,753.262
2023-10-30,110914.503,70166.837,78433.068,40818.282,39423.386,34388.488,9826.049,456.626,20418.368,1158.925,754.179
2023-10-31,110828.998,70069.34,78661.844,41372.573,41646.455,34446.992,9824.561,456.747,20428.611,1158.925,754.861
2023-11-01,110860.087,70156.662,78714.591,41364.827,41692.883,34505.496,8365.412,456.837,20445.435,1158.925,755.542
2023-11-02,110719.479,70057.647,78759.053,43315.926,41717.828,34549.654,8370.082,463.122,20445.5,1158.925,756.116
2023-11-03,110693.259,70508.581,78803.856,43362.057,41742.964,34594.152,8374.789,492.026,20445.565,1158.925,756.695
2023-11-04,110693.259,70508.581,78803.856,43362.057,41742.964,34594.152,8374.789,492.026,20445.565,1158.925,756.695
2023-11-05,110693.259,70508.581,78803.856,43362.057,41742.964,34594.152,8374.789,492.026,20445.565,1158.925,756.695
2023-11-06,110875.885,70733.525,78872.833,43506.401,41781.663,34681.008,8382.034,492.006,20495.909,1158.925,757.586
2023-11-07,110927.45,70796.42,78925.58,43345.406,41811.256,34739.512,8387.575,491.99,20512.733,1158.925,758.267
2023-11-08,110958.364,70859.314,78978.328,43398.402,41840.849,34798.016,8296.011,491.974,20529.558,1158.925,758.948
2023-11-09,110961.799,70882.207,79023.799,43444.088,41866.36,34843.295,8303.012,491.961,20529.944,1158.925,759.536
2023-11-10,110965.26,70905.276,79069.621,43490.126,41892.068,34888.923,8310.068,491.947,20530.334,1158.925,763.563
2023-11-11,110965.26,70905.276,79069.621,43490.126,41892.068,34888.923,8310.068,491.947,20530.334,1158.925,763.563
2023-11-12,110965.26,70905.276,79069.621,43490.126,41892.068,34888.923,8310.068,491.947,20530.334,1158.925,763.563
2023-11-13,111051.107,71078.166,79136.57,43557.391,42266.449,34973.529,8320.376,491.927,20580.031,1158.925,764.304
2023-11-14,111082.021,71141.369,79189.317,43560.884,42296.714,35032.033,8328.498,491.911,20596.855,1158.925,764.888
2023-11-15,111112.935,71204.571,79154.929,43613.536,42327.189,35235.193,8336.62,491.895,20613.68,1158.925,765.472
2023-11-16,111116.962,71228.786,79200.608,43659.934,42352.357,35424.246,8343.777,491.881,20614.389,1158.925,765.986
2023-11-17,111121.02,71253.188,79246.639,43750.373,42377.718,35471.989,8349.408,491.867,20615.103,1158.925,766.505
2023-11-18,111121.02,71253.188,79246.639,43750.373,42377.718,35471.989,8349.408,491.867,20615.103,1158.925,766.505
2023-11-19,111121.02,71253.188,79246.639,43750.373,42377.718,35471.989,8349.408,491.867,20615.103,1158.925,766.505
2023-11-20,111205.677,71394.178,81739.435,43813.397,42412.868,36014.887,8359.713,491.848,20664.153,1158.925,767.223
2023-11-21,111236.591,71030.466,81799.051,43864.604,42441.428,39802.182,8368.087,492.68,20670.623,1158.925,767.807
2023-11-22,111267.506,71098.533,81858.666,44362.306,42469.988,41018.646,8376.46,492.665,20687.417,1158.925,768.391
2023-11-23,111272.125,71125.916,80563.332,44410.123,42495.703,41083.443,8383.999,492.651,20688.446,1158.925,768.917
2023-11-24,111332.75,71153.51,80614.459,44458.307,42521.615,42469.365,8391.596,492.637,20689.484,1158.925,769.447
2023-11-25,111332.75,71153.51,80614.459,44458.307,42521.615,42469.365,8391.596,492.637,20689.484,1158.925,769.447
2023-11-26,111332.75,71153.51,80614.459,44458.307,42521.615,42469.365,8391.596,492.637,20689.484,1158.925,769.447
2023-11-27,111758.715,71302.675,80681.645,44521.627,42488.885,42522.064,8401.58,492.618,20642.036,1158.925,770.143
2023-11-28,111793.913,71370.743,80737.995,44574.734,42517.286,42599.988,8404.159,492.602,20659.223,1158.925,770.727
2023-11-29,111829.112,71438.81,80794.346,50314.225,42545.686,42677.911,8412.508,491.632,20676.411,1158.925,747.621
2023-11-30,111835.046,71467.498,80846.162,50340.567,42571.802,42742.699,8420.185,491.614,20677.794,1158.925,740.84
2023-12-01,111839.05,71351.322,80898.377,51126.256,42598.118,42807.984,8436.695,491.596,20679.188,1158.925,729.405
2023-12-02,111839.05,71351.322,80898.377,51126.256,42598.118,42807.984,8436.695,491.596,20679.188,1158.925,729.405
2023-12-03,111839.05,71351.322,80898.377,51126.256,42598.118,42807.984,8436.695,491.596,20679.188,1158.925,729.405
2023-12-04,111932.664,71496.337,80963.396,51200.769,42630.888,42911.683,8445.208,491.574,20727.975,1158.925,729.887
2023-12-05,111967.837,71563.665,81019.746,51265.347,42659.288,42989.607,8452.586,491.554,20663.666,1158.925,730.305
2023-12-06,112003.009,71630.993,81076.096,51329.925,42687.689,43067.531,8459.964,491.535,20683.376,1158.925,730.722
2023-12-07,112009.613,71660.659,81128.992,51716.117,42714.348,43133.811,8466.89,491.517,20169.667,1158.925,731.114
2023-12-08,112016.267,71690.553,81182.294,51778.018,42741.213,43197.251,8472.473,491.499,19463.791,1158.925,731.51
2023-12-09,112016.267,71690.553,81182.294,51778.018,42741.213,43197.251,8472.473,491.499,19463.791,1158.925,731.51
2023-12-10,112016.267,71690.553,81182.294,51778.018,42741.213,43197.251,8472.473,491.499,19463.791,1158.925,731.51
2023-12-11,112108.528,71832.978,81358.886,51851.009,42772.89,43297.929,8480.767,491.477,19514.424,1158.925,731.706
2023-12-12,112143.7,71758.647,81415.721,51928.22,42801.291,43375.834,8488.202,491.458,19477.525,1158.925,732.123
2023-12-13,112178.873,71782.871,81472.555,51993.707,42829.691,43453.74,8541.823,491.439,19495.704,1158.925,732.539
2023-12-14,112186.15,71813.291,81526.995,52056.435,42856.895,43521.497,8298.848,491.42,19497.863,1158.925,732.938
2023-12-15,111578.985,71286.889,81581.852,52119.645,42884.307,43589.775,8302.13,491.402,19518.717,1158.925,733.34
2023-12-16,111578.985,71286.889,81581.852,52119.645,42884.307,43589.775,8302.13,491.402,19518.717,1158.925,733.34
2023-12-17,111578.985,71286.889,81581.852,52119.645,42884.307,43589.775,8302.13,491.402,19518.717,1158.925,733.34
2023-12-18,111674.048,71421.19,81643.059,52190.17,42914.893,43687.457,8309.596,491.381,19568.775,1158.925,733.789
2023-12-19,111710.829,71485.853,81778.946,52380.395,43146.645,43765.362,8316.528,491.362,19415.669,1158.925,734.206
2023-12-20,111747.609,71550.517,81835.833,52446.365,43175.587,43843.268,8323.461,491.343,19433.783,1158.925,724.96
2023-12-21,111755.923,71649.308,81891.413,52510.819,43203.864,43912.517,8330.234,491.324,19187.587,1158.925,725.32
2023-12-22,111764.302,71680.641,81947.421,52575.769,43232.358,43982.3,8337.059,491.305,19189.864,1158.925,725.683
2023-12-23,111764.302,71680.641,81947.421,52575.769,43232.358,43982.3,8337.059,491.305,19189.864,1158.925,725.683
2023-12-24,111764.302,71680.641,81947.421,52575.769,43232.358,43982.3,8337.059,491.305,19189.864,1158.925,725.683
2023-12-25,111857.95,71812.983,82006.497,52644.276,43262.413,44076.985,8344.258,491.285,19234.48,1158.925,726.065
2023-12-26,111894.73,71877.905,82063.385,52710.246,43291.356,44154.89,8339.637,491.265,19250.864,1158.925,726.434
2023-12-27,111931.511,71942.828,82120.272,52823.68,43320.298,44232.796,8346.587,491.246,19267.249,1158.925,726.802
2023-12-28,111942.181,71975.164,82176.942,52889.577,43349.129,44303.538,8353.511,491.227,19269.822,1158.925,727.169
2023-12-29,111951.267,72007.75,82234.048,52955.981,43378.182,44374.824,8360.488,491.208,19272.416,1158.925,727.539
2023-12-30,111951.267,72007.75,82234.048,52955.981,43378.182,44374.824,8360.488,491.208,19272.416,1158.925,727.539
2023-12-31,111951.267,72007.75,82234.048,52955.981,43378.182,44374.824,8360.488,491.208,19272.416,1158.925,727.539
2024-01-01,111333.386,72184.081,81418.615,53403.487,43142.421,44466.513,8416.274,498.674,19316.401,1158.925,730.062
2024-01-02,111369.94,72249.033,81403.307,53481.244,43195.2,44544.418,8437.533,500.242,19331.079,1158.925,730.987
2024-01-03,111406.493,72313.986,81391.756,53694.312,43255.557,44620.07,8464.725,501.809,19347.46,1158.925,731.912
2024-01-04,111416.157,72347.582,81392.432,53695.214,43256.251,44692.283,8432.659,501.827,19350.348,1158.925,731.923
2024-01-05,111425.895,72381.436,81487.865,53710.309,43256.95,44765.052,8432.951,501.845,19344.461,1158.925,731.934
2024-01-06,111425.895,72381.436,81487.865,53710.309,43256.95,44765.052,8432.951,501.845,19344.461,1158.925,731.934
2024-01-07,111425.895,72381.436,81487.865,53710.309,43256.95,44765.052,8432.951,501.845,19344.461,1158.925,731.934
2024-01-08,111515.923,72496.828,81520.434,53944.146,43381.528,44853.719,8514.333,506.511,19387.89,1158.925,745.607
2024-01-09,111552.483,72561.72,82622.777,54022.697,43384.483,44931.602,8542.808,508.078,19404.303,1158.925,746.563
2024-01-10,107391.497,72626.611,82681.958,54101.247,43444.596,45278.669,8571.252,509.646,19420.616,1158.925,747.519
2024-01-11,107407.655,72588.786,82683.772,54305.632,43446.438,45353.129,8572.124,509.694,19423.978,1158.925,747.548
2024-01-12,107423.936,72637.262,82685.6,53968.775,43224.139,45428.163,8573.004,509.742,19427.366,1158.925,747.578
2024-01-13,107423.936,72637.262,82685.6,53968.775,43224.139,45428.163,8573.004,509.742,19427.366,1158.925,747.578
2024-01-14,107423.936,72637.262,82685.6,53968.775,43224.139,45428.163,8573.004,509.742,19427.366,1158.925,747.578
2024-01-15,107562.461,72765.03,82852.875,54201.358,43434.579,45514.712,8672.069,514.348,19472.233,1158.925,750.387
2024-01-16,108346.542,72859.104,82881.091,54280.509,43495.447,45664.324,8704.986,515.915,19489.438,1158.925,751.343
2024-01-17,108395.56,72923.964,82939.602,54359.661,43554.939,45728.912,8496.493,517.482,19692.577,1158.925,752.299
2024-01-18,109108.396,73617.317,82942.516,54181.04,43543.1,45804.357,8497.892,517.578,19696.318,1158.925,752.346
2024-01-19,107817.976,73654.326,82945.453,54184.973,43546.155,46382.715,8499.302,517.657,19700.087,1158.925,752.394
2024-01-20,107817.976,73654.326,82945.453,54184.973,43546.155,46382.715,8499.302,517.657,19700.087,1158.925,752.394
2024-01-21,107817.976,73654.326,82945.453,54184.973,43546.155,46382.715,8499.302,517.657,19700.087,1158.925,752.394
2024-01-22,107943.381,73778.915,83115.136,54410.987,43722.647,46467.763,8712.179,522.202,19744.878,1158.925,755.167
2024-01-23,107995.802,73845.023,83173.647,54489.273,43783.507,46955.912,8620.018,523.769,19762.311,1158.925,756.123
2024-01-24,108048.222,73911.131,83091.942,54567.559,43813.691,47037.607,8342.323,525.336,19779.745,1158.925,757.079
2024-01-25,108065.093,73909.952,82951.222,55184.503,43850.746,47118.051,6487.281,525.445,19783.82,1158.925,757.145
2024-01-26,108082.093,73948.318,83459.953,55190.011,41383.375,47199.113,6178.058,525.553,19787.925,1158.925,757.211
2024-01-27,108082.093,73948.318,83459.953,55190.011,41383.375,47199.113,6178.058,525.553,19787.925,1158.925,757.211
2024-01-28,108082.093,73948.318,83459.953,55190.011,41383.375,47199.113,6178.058,525.553,19787.925,1158.925,757.211
2024-01-29,108205.483,74070.619,83631.01,55415.711,40537.579,47245.745,6240.184,530.038,19832.046,1158.925,759.946
2024-01-30,108257.903,74878.908,80753.304,55494.976,40531.094,47327.379,6262.937,531.606,19849.479,1158.925,760.902
2024-01-31,108309.471,75348.585,78441.062,55574.24,40536.817,47409.013,6223.998,533.173,19866.913,1158.925,761.713
2024-02-01,107924.305,75617.419,78020.235,55533.085,40073.29,47409.013,6226.03,533.311,19871.322,1158.925,761.797
2024-02-02,107260.429,75453.784,78033.664,56587.765,44566.72,47409.013,6228.078,533.45,19875.764,1158.925,761.882
2024-02-03,107260.429,75453.784,78033.664,56587.765,44566.72,47409.013,6228.078,533.45,19875.764,1158.925,761.882
2024-02-04,107260.429,75453.784,78033.664,56587.765,44566.72,47409.013,6228.078,533.45,19875.764,1158.925,761.882
2024-02-05,107615.997,75540.526,78051.876,62758.351,47453.017,47488.52,6098.395,581.009,21852.224,1158.925,764.581
2024-02-06,107675.515,75602.989,77699.862,62835.016,47446.437,47515.023,6122.22,653.128,21873.954,1158.925,765.537
2024-02-07,107735.033,75665.452,77757.139,62944.652,47457.186,47541.525,6124.086,654.201,21893.089,1158.925,766.493
2024-02-08,107756.469,75626.044,77763.284,62958.05,47458.34,47542.033,6134.529,654.316,21898.295,1158.925,766.595
2024-02-09,111429.24,75664.578,78237.488,62968.077,47381.845,47542.544,6152.181,654.432,21903.54,1158.925,766.698
2024-02-10,111429.24,75664.578,78237.488,62968.077,47381.845,47542.544,6152.181,654.432,21903.54,1158.925,766.698
2024-02-11,111429.24,75664.578,78237.488,62968.077,47381.845,47542.544,6152.181,654.432,21903.54,1158.925,766.698
2024-02-12,111555.196,75774.942,78327.535,63351.281,47379.513,48035.747,6218.037,657.418,21907.849,1158.925,769.36
2024-02-13,111596.628,76353.529,78381.775,63294.005,47390.114,49183.176,6241.687,748.984,21927.591,1158.925,769.311
2024-02-14,111638.06,76417.052,78436.015,63386.259,47400.715,49217.61,6265.336,750.424,21946.769,1158.925,770.271
2024-02-15,111541.445,76340.457,78437.871,63302.472,47441.269,51719.38,6268.327,750.606,21952.353,1158.925,770.038
2024-02-16,111557.15,76380.863,78444.773,63314.024,48556.452,52043.352,6271.34,749.607,21957.98,1158.925,770.161
2024-02-17,111557.15,76380.863,78444.773,63314.024,48556.452,52043.352,6271.34,749.607,21957.98,1158.925,770.161
2024-02-18,111557.15,76380.863,78444.773,63314.024,48556.452,52043.352,6271.34,749.607,21957.98,1158.925,770.161
2024-02-19,111649.125,76490.642,78848.544,63663.905,48677.35,51867.665,6336.286,753.554,22004.301,1158.925,772.792
2024-02-20,111690.214,76559.783,78904.456,63653.662,48983.74,51914.643,6359.936,754.991,22023.479,1158.925,773.75
2024-02-21,111731.302,76645.379,78920.235,65553.763,49028.379,53686.551,6383.585,756.428,22042.657,1158.925,810.875
2024-02-22,111747.675,76686.795,78928.337,65566.904,49034.878,54385.314,6387.029,756.637,22048.608,1158.925,830.127
2024-02-23,111748.542,76728.53,79165.746,65580.147,49039.497,54372.845,6390.498,756.848,22054.606,1158.925,829.49
2024-02-24,111748.542,76728.53,79165.746,65580.147,49039.497,54372.845,6390.498,756.848,22054.606,1158.925,829.49
2024-02-25,111748.542,76728.53,79165.746,65580.147,49039.497,54372.845,6390.498,756.848,22054.606,1158.925,829.49
2024-02-26,111836.826,76836.137,79316.565,65824.543,49160.228,54647.17,6440.517,760.74,21371.467,1158.925,869.364
2024-02-27,111876.956,76899.724,79374.972,65914.803,49204.816,54695.907,6464.058,762.177,21389.87,1158.925,870.176
2024-02-28,111917.085,76963.31,79430.737,66005.063,49249.405,54765.612,6493.561,763.614,21408.273,1158.925,870.988
2024-02-29,111933.844,76018.104,79439.924,66019.934,49256.751,54769.015,6497.43,763.851,21414.337,1158.925,871.122
2024-03-01,111950.732,76058.044,79449.182,66034.919,49231.85,54775.073,6501.328,764.09,21420.447,1158.925,871.257
2024-03-02,111950.732,76058.044,79449.182,66034.919,49231.85,54775.073,6501.328,764.09,21420.447,1158.925,871.257
2024-03-03,111950.732,76058.044,79449.182,66034.919,49231.85,54775.073,6501.328,764.09,21420.447,1158.925,871.257
2024-03-04,112014.41,76363.275,79551.88,66201.145,49314.238,54869.44,6547.604,766.737,21451.284,1158.925,872.752
2024-03-05,112236.372,76423.435,79607.859,66291.751,49359.145,54918.511,6571.178,768.179,21469.757,1158.925,873.567
2024-03-06,112276.255,76483.595,79612.175,69202.33,49400.305,54967.582,6594.752,773.209,21488.231,1158.925,874.382
2024-03-07,112316.139,76685.449,79667.817,69282.279,49445.23,55016.653,6618.326,774.533,21638.252,1158.925,875.197
2024-03-08,112333.626,76727.643,79678.089,69350.425,49453.524,55033.427,6622.678,774.796,20873.085,1158.925,875.347
2024-03-09,112333.626,76727.643,79678.089,69350.425,49453.524,55033.427,6622.678,774.796,20873.085,1158.925,875.347
2024-03-10,112333.626,76727.643,79678.089,69350.425,49453.524,55033.427,6622.678,774.796,20873.085,1158.925,875.347
2024-03-11,112395.905,76807.343,79779.099,69496.135,49535.08,55095.773,6605.797,777.385,20904.887,1158.925,876.827
2024-03-12,112435.788,76868.29,79834.741,69576.399,49580.005,55965.713,6184.37,778.811,20924.162,1158.925,877.642
2024-03-13,112480.411,76886.762,79859.609,69616.385,49629.715,56015.577,6215.679,780.456,20944.255,1158.925,877.257
2024-03-14,112183.211,76947.837,79915.298,69696.559,49674.643,56065.76,5996.203,781.881,20963.528,1158.925,878.07
2024-03-15,112204.961,76991.294,79926.65,69712.902,49683.802,56071.551,5412.732,782.171,20970.645,1158.925,878.236
2024-03-16,112204.961,76991.294,79926.65,69712.902,49683.802,56071.551,5412.732,782.171,20970.645,1158.925,878.236
2024-03-17,112204.961,76991.294,79926.65,69712.902,49683.802,56071.551,5412.732,782.171,20970.645,1158.925,878.236
2024-03-18,112279.223,77069.987,81730.354,69856.907,49772.778,56339.352,5448.408,784.731,21002.075,1158.925,880.502
2024-03-19,112326.751,77131.062,81787.048,70094.606,49817.66,56882.763,5466.584,786.156,21026.159,1158.925,881.331
2024-03-20,112374.28,77139.05,81843.741,70174.91,49862.542,56939.166,5484.761,787.581,21045.447,1158.925,882.159
2024-03-21,112421.808,77071.594,81900.435,70255.215,49907.425,56995.57,5501.749,789.007,21064.16,1158.925,882.988
2024-03-22,112444.475,77117.364,81913.082,70273.129,49917.437,56956.527,5505.803,789.324,20888.107,1158.925,883.173
2024-03-23,112444.475,77117.364,81913.082,70273.129,49917.437,56956.527,5505.803,789.324,20888.107,1158.925,883.173
2024-03-24,112444.475,77117.364,81913.082,70273.129,49917.437,56956.527,5505.803,789.324,20888.107,1158.925,883.173
2024-03-25,112518.087,77286.83,82013.822,70415.824,50039.569,57065.739,5543.658,791.857,20915.346,1158.925,884.645
2024-03-26,110579.644,77349.932,82070.515,70496.129,48281.709,57124.286,5557.633,793.282,20932.248,1158.925,885.473
2024-03-27,110631.798,77413.033,82127.208,70626.684,48329.28,57182.832,5170.789,794.707,20949.151,1158.925,886.302
2024-03-28,110683.952,77476.134,82183.902,70706.76,48549.981,57241.379,5168.374,796.132,20966.053,1158.925,887.022
2024-03-29,110709.829,77523.46,82197.639,70726.171,48561.479,57250.386,5172.831,796.477,20972.944,1158.925,887.223
2024-03-30,110709.829,77523.46,82197.639,70726.171,48561.479,57250.386,5172.831,796.477,20972.944,1158.925,887.223
2024-03-31,110709.829,77523.46,82197.639,70726.171,48561.479,57250.386,5172.831,796.477,20972.944,1158.925,887.223
2024-04-01,109973.284,77585.706,81569.173,71455.525,47960.688,57358.472,5024.15,808.931,20999.858,1158.925,881.742
2024-04-02,110025.059,77648.797,81624.732,71535.907,48009.185,57417.019,4954.081,810.374,21016.76,1158.925,882.96
2024-04-03,110076.833,77711.888,81688.291,71620.431,48056.153,57475.565,5962.769,811.816,21033.662,1158.925,883.804
2024-04-04,110128.607,77774.979,81743.986,69523.624,48103.121,57534.112,5981.184,813.259,21050.565,1158.925,885.369
2024-04-05,110155.291,77823.511,81758.553,69702.195,48115.405,57544.245,5928.212,813.636,21057.781,1158.925,885.59
2024-04-06,110155.291,77823.511,81758.553,69702.195,48115.405,57544.245,5928.212,813.636,21057.781,1158.925,885.59
2024-04-07,110155.291,77823.511,81758.553,69702.195,48115.405,57544.245,5928.212,813.636,21057.781,1158.925,885.59
2024-04-08,110247.937,77901.161,81855.378,69862.223,48189.112,57651.205,5959.971,816.143,22455.921,1158.925,876.973
2024-04-09,109348.973,77964.252,81908.832,70061.931,48236.073,57709.751,5978.24,817.586,22476.689,1158.925,877.836
2024-04-10,109397.971,78027.343,81946.077,70076.291,48275.239,57768.298,5892.359,819.028,22497.457,1158.925,878.7
2024-04-11,109451.118,78244.904,78684.686,70119.384,48320.033,57826.845,5916.149,820.471,22518.225,1158.925,879.563
2024-04-12,109477.312,78295.016,79085.467,69990.37,48333.211,57838.104,5921.144,820.876,22527.491,1158.925,879.805
2024-04-13,109477.312,78295.016,79085.467,69990.37,48333.211,57838.104,5921.144,820.876,22527.491,1158.925,879.805
2024-04-14,109477.312,78295.016,79085.467,69990.37,48333.211,57838.104,5921.144,820.876,22527.491,1158.925,879.805
2024-04-15,108668.185,78372.017,79185.798,70303.322,48413.806,58443.603,5963.195,823.356,22235.18,1158.925,881.29
2024-04-16,108652.962,78435.574,79200.299,70395.292,48456.29,58501.937,5984.205,824.798,22255.918,1158.925,882.153
2024-04-17,108388.807,78499.131,83885.47,70799.824,48384.895,58560.271,5805.919,826.241,22276.657,1153.872,883.016
2024-04-18,108436.219,78562.688,83942.643,70890.111,48436.978,58618.605,5784.94,827.683,22297.395,1155.882,883.88
2024-04-19,108462.477,78614.423,84132.364,70917.85,50516.207,58630.945,5790.208,828.116,22307.046,1156.484,884.139
2024-04-20,108462.477,78614.423,84132.364,70917.85,50516.207,58630.945,5790.208,828.116,22307.046,1156.484,884.139
2024-04-21,108462.477,78614.423,84132.364,70917.85,50516.207,58630.945,5790.208,828.116,22307.046,1156.484,884.139
2024-04-22,108538.36,78614.783,84218.679,65873.468,50595.463,58735.273,5830.647,830.568,22338.872,1160.221,885.606
2024-04-23,108586.243,82171.017,84148.511,66122.851,50636.653,58793.607,5782.753,832.011,22359.61,1162.277,886.469
2024-04-24,108634.127,82250.568,84206.081,66178.695,49171.12,58851.941,5456.786,833.453,22380.348,1165.23,892.034
2024-04-25,108682.01,82158.592,81762.46,66277.319,48359.358,58910.275,4720.722,834.896,22401.087,1222.307,891.766
2024-04-26,108709.451,81001.334,78576.737,66308.803,48504.011,58923.737,4699.483,835.356,22411.137,1216.36,892.064
2024-04-27,108709.451,81001.334,78576.737,66308.803,48504.011,58923.737,4699.483,835.356,22411.137,1216.36,892.064
2024-04-28,108709.451,81001.334,78576.737,66308.803,48504.011,58923.737,4699.483,835.356,22411.137,1216.36,892.064
2024-04-29,109551.172,80661.658,78202.939,66379.823,46827.384,58928.233,4857.73,837.781,22442.564,1227.253,893.634
2024-04-30,109547.66,80666.256,78163.097,72183.043,46843.162,59489.834,4873.238,839.223,22463.302,1229.256,894.568
2024-05-01,109498.286,80811.193,77966.64,72434.571,46779.811,59551.046,4888.747,840.665,22484.04,1225.736,901.792
2024-05-02,110268.106,80716.21,77923.309,73745.559,46575.059,59612.258,4883.596,842.108,22504.779,1227.774,902.746
2024-05-03,109937.866,80766.582,77949.563,73765.7,46579.306,59627.561,4888.86,842.596,22515.228,1228.463,903.068
2024-05-04,109937.866,80766.582,77949.563,73765.7,46579.306,59627.561,4888.86,842.596,22515.228,1228.463,903.068
2024-05-05,109937.866,80766.582,77949.563,73765.7,46579.306,59627.561,4888.86,842.596,22515.228,1228.463,903.068
2024-05-06,109950.108,80520.18,78134.314,65457.081,46600.155,59734.681,4914.701,885.735,23211.545,1231.849,904.653
2024-05-07,109998.95,80646.732,78212.503,65468.858,46612.703,59795.893,4925.215,883.154,23232.887,1233.887,905.607
2024-05-08,110041.909,80697.386,75408.023,65423.742,45996.417,59857.105,4940.773,884.18,23254.229,1235.925,906.561
2024-05-09,110069.466,80748.039,75509.285,65469.632,46010.1,59918.317,4956.332,885.205,23275.571,1237.963,907.515
2024-05-10,110095.849,80791.874,75545.505,65486.046,46014.995,60313.575,4954.764,885.977,23286.734,1270.809,907.856
2024-05-11,110095.849,80791.874,75545.505,65486.046,46014.995,60313.575,4954.764,885.977,23286.734,1270.809,907.856
2024-05-12,110095.849,80791.874,75545.505,65486.046,46014.995,60313.575,4954.764,885.977,23286.734,1270.809,907.856
2024-05-13,110155.749,80849.346,75711.809,65561.412,46037.468,61184.584,4980.191,887.658,23318.255,1274.72,909.423
2024-05-14,109452.503,80899.999,75813.071,64535.592,46051.151,61255.262,4995.673,888.682,23339.597,1277.102,917.659
2024-05-15,109481.242,80950.653,75782.864,64581.561,46064.835,61325.939,5011.156,889.705,23360.939,1279.484,918.621
2024-05-16,109509.981,81001.306,75827.063,64627.53,46078.519,61530.754,5026.638,890.729,23382.281,1281.866,919.584
2024-05-17,109528.108,81052.689,75864.812,64644.856,46034.022,61551.468,5019.941,891.115,23393.855,1282.764,919.947
2024-05-18,109528.108,81052.689,75864.812,64644.856,46034.022,61551.468,5019.941,891.115,23393.855,1282.764,919.947
2024-05-19,109528.108,81052.689,75864.812,64644.856,46034.022,61551.468,5019.941,891.115,23393.855,1282.764,919.947
2024-05-20,109567.458,81109.219,76027.364,66392.741,46055.971,61797.876,5044.856,892.776,23424.965,1286.63,921.509
2024-05-21,109626.327,81131.922,76127.514,66428.317,46069.493,61610.08,5058.755,893.799,23446.307,1289.012,922.472
2024-05-22,109655.139,81029.404,75112.744,66661.322,46046.521,65564.698,5074.323,894.823,23467.649,1291.394,923.434
2024-05-23,109683.951,81079.505,75207.382,66697.395,46060.084,66404.293,5114.713,895.846,23488.991,1293.776,924.397
2024-05-24,109658.123,81124.788,75244.873,66711.686,46065.457,66429.734,5120.905,896.252,23500.976,1294.72,924.778
2024-05-25,109658.123,81124.788,75244.873,66711.686,46065.457,66429.734,5120.905,896.252,23500.976,1294.72,924.778
2024-05-26,109658.123,81124.788,75244.873,66711.686,46065.457,66429.734,5120.905,896.252,23500.976,1294.72,924.778
2024-05-27,109697.177,81179.706,75396.658,66769.543,46087.209,66587.485,5145.974,897.894,23531.675,1298.54,926.322
2024-05-28,109726.105,80462.472,75336.689,66805.617,46081.407,66673.718,5161.605,898.917,23553.017,1300.922,927.285
2024-05-29,109755.034,80508.594,75431.106,66841.691,46095.345,66759.952,5177.236,899.941,23574.359,1303.304,928.247
2024-05-30,109783.962,80554.716,75525.523,66877.764,46109.284,66895.194,5192.867,900.964,23595.701,1305.686,929.21
2024-05-31,109786.458,80597.291,75564.743,66892.749,46115.073,66923.519,5199.36,901.389,23608.096,1315.721,929.61
2024-06-01,109786.458,80597.291,75564.743,66892.749,46115.073,66923.519,5199.36,901.389,23608.096,1315.721,929.61
2024-06-02,109786.458,80597.291,75564.743,66892.749,46115.073,66923.519,5199.36,901.389,23608.096,1315.721,929.61
2024-06-03,109825.216,80646.961,75714.357,66949.912,46137.161,69243.243,3895.413,903.011,23821.976,1276.44,931.135
2024-06-04,109854.34,80693.083,75724.334,66985.986,46151.099,69326.866,3913.448,904.035,23845.655,1279.215,932.098
2024-06-05,109883.463,80739.205,75817.99,67022.06,46170.016,69410.489,3931.483,905.058,23869.334,1281.991,933.06
2024-06-06,109972.564,80785.327,75911.647,67058.133,46183.99,69494.111,3949.518,906.082,23893.013,1284.766,934.023
2024-06-07,109992.951,80766.651,75952.351,67073.812,46190.064,69523.058,3957.357,906.527,23907.22,1285.972,934.441
2024-06-08,109992.951,80766.651,75952.351,67073.812,46190.064,69523.058,3957.357,906.527,23907.22,1285.972,934.441
2024-06-09,109992.951,80766.651,75952.351,67073.812,46190.064,69523.058,3957.357,906.527,23907.22,1285.972,934.441
2024-06-10,110026.211,80815.152,76160.515,67004.451,46211.939,70353.736,3828.669,908.129,23940.37,1290.317,935.948
2024-06-11,110047.146,80861.007,76254.707,67040.389,46225.913,70903.164,3846.448,909.153,23964.049,1293.093,936.911
2024-06-12,110616.845,80906.862,76348.899,65295.54,46239.888,71000.724,3864.227,910.176,23982.909,1295.868,937.873
2024-06-13,110642.415,80952.658,76443.09,65331.359,46253.862,71087.861,3882.005,911.2,26654.674,1298.644,938.836
2024-06-14,110660.511,80996.754,76482.493,65347.615,46260.204,71119.7,3890.074,911.664,26675.56,1299.903,939.273
2024-06-15,110660.511,80996.754,76482.493,65347.615,46260.204,71119.7,3890.074,911.664,26675.56,1299.903,939.273
2024-06-16,110660.511,80996.754,76482.493,65347.615,46260.204,71119.7,3890.074,911.664,26675.56,1299.903,939.273
2024-06-17,110650.513,81044.379,76628.084,65402.996,46281.811,71262.135,3826.13,913.247,26725.671,1348.069,940.761
2024-06-18,110629.295,81090.239,76722.248,65438.814,46295.785,71359.908,3844.395,914.27,26759.412,1350.533,941.724
2024-06-19,110654.847,81136.099,76816.411,65474.633,46309.76,71446.979,3862.66,915.294,26793.153,1352.998,942.686
2024-06-20,110680.399,81181.959,76910.575,65510.451,46288.826,71534.051,3880.924,916.317,26826.894,1355.462,943.649
2024-06-21,110698.973,81226.938,76955.121,65527.396,46295.381,71568.639,4019.537,916.802,26848.436,1364.831,944.104
2024-06-22,110698.973,81226.938,76955.121,65527.396,46295.381,71568.639,4019.537,916.802,26848.436,1364.831,944.104
2024-06-23,110698.973,81226.938,76955.121,65527.396,46295.381,71568.639,4019.537,916.802,26848.436,1364.831,944.104
2024-06-24,110855.42,81963.386,77098.902,65582.088,46321.379,71709.311,4062.92,918.365,26894.376,1368.622,945.574
2024-06-25,111307.171,82010.573,77193.065,65617.907,46335.37,71796.393,4081.127,919.388,26928.117,1371.105,946.537
2024-06-26,111097.803,82057.761,77356.04,65653.725,46349.361,71883.476,4086.797,920.412,26957.043,1343.417,946.57
2024-06-27,111125.35,82104.948,77450.538,65688.696,46363.352,71968.701,4107.279,921.435,27120.653,1345.806,947.565
2024-06-28,112891.032,82398.212,77419.941,65638.648,46380.92,72003.865,4117.362,921.939,27143.248,1346.982,948.054
2024-06-29,112891.032,82398.212,77419.941,65638.648,46380.92,72003.865,4117.362,921.939,27143.248,1346.982,948.054
2024-06-30,112891.032,82398.212,77419.941,65638.648,46380.92,72003.865,4117.362,921.939,27143.248,1346.982,948.054
2024-07-01,111979.567,82518.091,76828.845,66374.358,45963.317,72142.844,4170.827,931.211,27186.69,1378.785,936.136
2024-07-02,112010.27,82724.341,76922.152,66409.197,45976.713,72229.915,4238.385,932.243,27221.033,1380.185,937.117
2024-07-03,112040.972,82808.226,77015.458,66444.037,45990.109,72316.987,5322.406,933.275,27255.377,1382.62,938.099
2024-07-04,112071.674,82892.112,77108.765,66478.877,46003.505,72404.058,5339.092,934.307,27289.72,1385.055,939.08
2024-07-05,112095.173,82893.402,77156.495,66496.699,45960.765,72440.896,5347.627,934.835,27312.968,1386.3,939.582
2024-07-06,112095.173,82893.402,77156.495,66496.699,45960.765,72440.896,5347.627,934.835,27312.968,1386.3,939.582
2024-07-07,112095.173,82893.402,77156.495,66496.699,45960.765,72440.896,5347.627,934.835,27312.968,1386.3,939.582
2024-07-08,112133.079,83012.243,77313.757,66577.441,45984.94,73099.948,5372.463,936.371,27358.407,1389.924,941.043
2024-07-09,112163.781,83094.318,77406.892,66769.552,45987.553,73191.678,5374.121,937.403,27392.75,1271.182,942.025
2024-07-10,112194.484,83176.393,77500.028,66764.584,46000.768,73283.408,5390.883,938.436,27427.093,1273.878,943.006
2024-07-11,112557.821,82944.979,77593.163,66863.454,46013.983,73375.138,5407.646,939.468,27461.436,1276.574,943.922
2024-07-12,112583.014,82947.721,77668.675,66857.312,46011.635,73415.711,5443.4,940.015,27485.345,1278.005,944.442
2024-07-13,112583.014,82947.721,77668.675,66857.312,46011.635,73415.711,5443.4,940.015,27485.345,1278.005,944.442
2024-07-14,112583.014,82947.721,77668.675,66857.312,46011.635,73415.711,5443.4,940.015,27485.345,1278.005,944.442
2024-07-15,112609.851,83051.604,77783.904,66908.509,44632.514,73558.597,7503.194,941.532,27529.257,1281.967,945.884
2024-07-16,112642.181,82747.879,77871.811,66942.919,44653.049,73650.327,7521.938,942.564,27566.452,1284.663,946.865
2024-07-17,112722.519,83145.767,77992.91,66962.934,44667.179,73742.057,7540.082,943.596,27600.929,1287.359,947.846
2024-07-18,112745.797,83224.036,78275.489,66997.771,44736.398,73833.787,7558.225,944.628,27635.28,1290.055,948.827
2024-07-19,112771.709,83228.25,78326.035,67016.931,44744.217,73876.124,7568.204,945.195,27659.854,1291.538,949.367
2024-07-20,112771.709,83228.25,78326.035,67016.931,44744.217,73876.124,7568.204,945.195,27659.854,1291.538,949.367
2024-07-21,112771.709,83228.25,78326.035,67016.931,44744.217,73876.124,7568.204,945.195,27659.854,1291.538,949.367
2024-07-22,112810.268,83453.629,78678.151,67067.444,44709.776,74037.709,7594.513,946.692,27703.981,1295.448,950.789
2024-07-23,112832.582,83531.381,77668.226,67114.892,44724.439,74129.48,7627.514,947.724,27738.332,1298.144,951.77
2024-07-24,112860.755,83609.133,76588.053,67172.882,44739.103,74221.25,6395.4,948.756,27772.683,1519.881,954.715
2024-07-25,112849.819,83546.891,75517.823,62756.528,44753.766,74353.175,6413.389,949.788,27807.034,1558.449,992.978
2024-07-26,112876.307,83646.431,74928.177,62760.088,44762.113,74397.284,6427.824,950.671,27832.269,1558.731,993.499
2024-07-27,112876.307,83646.431,74928.177,62760.088,44762.113,74397.284,6427.824,950.671,27832.269,1558.731,993.499
2024-07-28,112876.307,83646.431,74928.177,62760.088,44762.113,74397.284,6427.824,950.671,27832.269,1558.731,993.499
2024-07-29,112914.044,83783.708,74960.438,62769.037,44783.094,74406.333,6430.885,952.149,27875.736,1559.44,1016.877
2024-07-30,112947.143,82322.905,75322.593,62797.863,44797.757,74497.92,6445.34,953.182,27910.087,1559.936,1017.814
2024-07-31,112980.243,78266.833,75394.097,62804.044,43619.189,74589.507,6539.892,954.215,27944.437,1585.785,1018.75
2024-08-01,113031.949,77630.82,75465.601,58990.756,45372.123,74681.094,6554.317,955.249,27978.788,1586.249,1019.687
2024-08-02,115243.561,77055.07,75500.565,56837.871,44799.306,74898.933,6512.888,955.857,28004.683,1586.522,1020.238
2024-08-03,115243.561,77055.07,75500.565,56837.871,44799.306,74898.933,6512.888,955.857,28004.683,1586.522,1020.238
2024-08-04,115243.561,77055.07,75500.565,56837.871,44799.306,74898.933,6512.888,955.857,28004.683,1586.522,1020.238
2024-08-05,115279.446,77170.214,75599.418,59559.154,44889.404,75005.764,6532.806,957.047,28127.547,1587.178,1021.561
2024-08-06,115209.226,77110.79,74550.096,59828.41,44828.161,75001.564,4947.713,962.689,28161.995,1587.642,1022.497
2024-08-07,117277.834,77154.751,74621.019,60085.486,44844.78,75093.463,4959.083,964.375,28196.442,1588.106,1023.434
2024-08-08,117263.929,77214.976,74611.745,61012.779,44895.681,75338.761,4970.452,965.092,28230.89,1588.57,1024.371
2024-08-09,117306.551,77221.694,74654.85,61056.308,44907.461,75387.162,4977.362,965.528,28257.52,1588.853,1024.94
2024-08-10,117306.551,77221.694,74654.85,61056.308,44907.461,75387.162,4977.362,965.528,28257.52,1588.853,1024.94
2024-08-11,117306.551,77221.694,74654.85,61056.308,44907.461,75387.162,4977.362,965.528,28257.52,1588.853,1024.94
2024-08-12,117362.872,77335.426,74753.608,61123.65,44607.157,75438.318,4993.192,966.526,28299.785,1556.119,1026.244
2024-08-13,117412.343,77574.99,74824.54,61195.461,44549.524,75531.257,5004.562,967.243,28334.232,1556.561,1027.181
2024-08-14,117461.814,77635.666,74895.472,61267.271,44567.616,75624.197,5015.931,967.961,28368.68,1557.004,1028.118
2024-08-15,117511.285,77539.037,74970.194,61362.727,44573.4,75684.204,5027.301,968.678,28403.128,1557.446,1029.054
2024-08-16,117554.858,76637.898,75014.638,61398.369,44447.318,75734.194,5034.429,968.255,28430.421,1557.724,1029.642
2024-08-17,117554.858,76637.898,75014.638,61398.369,44447.318,75734.194,5034.429,968.255,28430.421,1557.724,1029.642
2024-08-18,117554.858,76637.898,75014.638,61398.369,44447.318,75734.194,5034.429,968.255,28430.421,1557.724,1029.642
2024-08-19,117610.227,76751.667,75111.979,61497.006,44471.325,75863.807,5050.041,969.241,28472.023,1558.331,1030.928
2024-08-20,117659.698,76812.532,75182.872,61256.714,44488.809,75301.02,5061.411,969.959,28506.47,1558.774,1031.864
2024-08-21,117709.169,76371.999,75131.337,61324.908,44506.293,75616.611,5072.78,970.677,28540.918,1559.217,1032.801
2024-08-22,117758.641,76434.06,75201.8,61393.102,44523.382,75897.78,5084.15,971.395,28575.365,1559.659,1033.738
2024-08-23,117651.942,76632.053,75247.33,61399.224,44650.809,75952.964,5091.497,971.859,28603.321,1559.945,1034.343
2024-08-24,117651.942,76632.053,75247.33,61399.224,44650.809,75952.964,5091.497,971.859,28603.321,1559.945,1034.343
2024-08-25,117651.942,76632.053,75247.33,61399.224,44650.809,75952.964,5091.497,971.859,28603.321,1559.945,1034.343
2024-08-26,117706.139,77376.124,75342.726,60509.462,44675.417,76108.714,5106.89,972.832,28643.606,1560.544,1035.611
2024-08-27,117755.409,77409.478,75413.189,60576.37,44693.594,76204.442,5118.26,973.55,28678.051,1560.987,1036.548
2024-08-28,117804.678,77470.614,75483.651,60643.279,44711.771,77527.893,5129.629,974.268,28712.496,1561.43,1037.485
2024-08-29,117853.948,77531.751,75554.114,60984.813,44729.948,76944.25,5140.861,974.986,28746.94,1561.872,1038.422
2024-08-30,117899.238,77542.097,75600.999,61030.389,44742.043,77387.009,5148.428,975.464,28775.556,1562.167,1039.045
2024-08-31,117899.238,77542.097,75600.999,61030.389,44742.043,77387.009,5148.428,975.464,28775.556,1562.167,1039.045
2024-09-01,117899.238,77542.097,75600.999,61030.389,44742.043,77387.009,5148.428,975.464,28775.556,1562.167,1039.045
2024-09-02,117952.488,77654.024,75695.04,61121.805,44766.302,77541.191,5163.604,976.423,28815.83,1562.757,1040.295
2024-09-03,118001.757,77715.16,75765.503,61190.301,44784.479,77555.346,5168.654,977.141,28850.275,1548.013,1041.232
2024-09-04,118228.428,77776.297,75918.375,61455.948,44726.541,80217.101,5179.989,977.859,28884.72,1561.468,1042.168
2024-09-05,117743.312,77836.691,75989.211,61524.104,44744.174,80338.421,5191.324,978.577,28621.331,1561.914,1042.91
2024-09-06,117737.899,77848.253,76037.707,61570.764,44756.246,80410.746,5199.085,979.069,28138.01,1562.219,1043.551
2024-09-07,117737.899,77848.253,76037.707,61570.764,44756.246,80410.746,5199.085,979.069,28138.01,1562.219,1043.551
2024-09-08,117737.899,77848.253,76037.707,61570.764,44756.246,80410.746,5199.085,979.069,28138.01,1562.219,1043.551
2024-09-09,117792.599,78043.954,76130.883,61513.031,44746.836,80581.06,5054.757,980.014,27287.174,1562.806,1044.781
2024-09-10,117912.655,78099.661,76253.313,61581.046,44764.157,80702.38,5065.397,980.732,27316.712,1563.252,1045.717
2024-09-11,117963.656,78155.368,76324.09,61649.061,44781.478,81232.502,5076.037,981.45,27346.249,1563.698,1046.653
2024-09-12,118014.658,78211.074,76394.867,61717.075,44798.798,81354.311,5097.367,982.168,27361.969,1564.143,1047.588
2024-09-13,118063.501,78222.644,76444.683,61764.947,44810.989,81429.271,5104.655,982.674,27387.607,1567.66,1048.247
2024-09-14,118063.501,78222.644,76444.683,61764.947,44810.989,81429.271,5104.655,982.674,27387.607,1567.66,1048.247
2024-09-15,118063.501,78222.644,76444.683,61764.947,44810.989,81429.271,5104.655,982.674,27387.607,1567.66,1048.247
2024-09-16,118116.66,78322.488,76536.42,61853.104,44833.44,81597.929,5118.076,983.605,27429.344,1522.231,1049.459
2024-09-17,118167.662,78378.195,76607.197,61921.119,44850.76,81719.738,5128.431,984.323,27458.874,1608.704,1050.395
2024-09-18,118218.663,78433.901,76677.974,61989.133,44868.081,81854.568,5138.786,985.041,27513.014,1609.746,1051.331
2024-09-19,118269.664,78489.608,76748.751,62057.148,44885.402,81976.402,5149.14,985.759,27541.671,1610.789,1052.266
2024-09-20,118319.488,77635.687,76799.928,62106.328,44809.989,82053.719,5156.627,986.279,27567.132,1611.542,1052.943
2024-09-21,118319.488,77635.687,76799.928,62106.328,44809.989,82053.719,5156.627,986.279,27567.132,1611.542,1052.943
2024-09-22,118319.488,77635.687,76799.928,62106.328,44809.989,82053.719,5156.627,986.279,27567.132,1611.542,1052.943
2024-09-23,118371.667,77733.198,76890.304,62193.177,44831.384,82220.069,5166.939,987.196,27598.985,1612.873,1054.138
2024-09-24,118422.668,77788.193,76961.081,62261.192,44848.139,82341.902,5177.283,987.914,27627.642,1621.275,1055.073
2024-09-25,117722.785,77700.524,77031.858,62329.206,44864.894,82463.736,5187.628,988.632,27656.299,1622.301,1056.009
2024-09-26,117771.335,77755.784,77102.635,62397.221,44883.349,82585.569,5216.085,989.35,27684.956,1627.433,1056.944
2024-09-27,117819.697,77769.386,77155.173,62447.708,44895.786,82665.23,5223.827,989.883,27710.968,1628.21,1057.639
2024-09-28,117819.697,77769.386,77155.173,62447.708,44895.786,82665.23,5223.827,989.883,27710.968,1628.21,1057.639
2024-09-29,117819.697,77769.386,77155.173,62447.708,44895.786,82665.23,5223.827,989.883,27710.968,1628.21,1057.639
2024-09-30,116894.161,77866.303,76685.418,63165.491,44742.387,82829.237,5329.239,999.177,27742.27,1638.258,1060.407
2024-10-01,116940.747,77921.563,76675.363,63233.657,44721.579,82951.07,5339.985,999.901,27770.927,1639.314,1070.008
2024-10-02,116995.789,77976.823,76745.478,63301.824,44738.144,83072.904,5347.504,1000.625,27799.584,1640.371,1071.014
2024-10-03,117042.352,78032.083,76815.593,63369.991,44754.709,83194.737,5385.816,1001.35,27828.241,1659.281,1072.019
2024-10-04,117042.89,78046.748,76869.298,63421.903,44699.039,83276.741,5407.241,1001.901,27854.804,1660.155,1072.785
2024-10-05,117042.89,78046.748,76869.298,63421.903,44699.039,83276.741,5407.241,1001.901,27854.804,1660.155,1072.785
2024-10-06,117042.89,78046.748,76869.298,63421.903,44699.039,83276.741,5407.241,1001.901,27854.804,1660.155,1072.785
2024-10-07,117179.901,78198.872,78321.405,63143.044,38442.408,83438.404,5421.385,1002.799,27885.555,1661.575,1073.934
2024-10-08,117226.202,78254.442,78321.085,63209.774,38446.084,83560.238,5435.397,1003.523,27914.212,1662.722,1074.939
2024-10-09,117272.504,78310.013,78431.083,63266.169,38434.348,83682.071,5446.323,1004.247,27942.249,1669.18,1075.944
2024-10-10,117318.806,78365.583,78501.822,63256.6,38440.103,83803.905,5457.249,1004.972,27970.904,1670.35,1076.949
2024-10-11,117320.231,78381.399,78557.052,63350.447,38452.324,83888.251,5443.701,1005.537,27998.016,1671.264,1077.734
2024-10-12,117320.231,78381.399,78557.052,63350.447,38452.324,83888.251,5443.701,1005.537,27998.016,1671.264,1077.734
2024-10-13,117320.231,78381.399,78557.052,63350.447,38452.324,83888.251,5443.701,1005.537,27998.016,1671.264,1077.734
2024-10-14,117374.488,78468.102,78544.011,63431.737,38471.409,84047.572,5741.82,1006.42,28028.214,1672.691,1078.539
2024-10-15,117420.87,78523.578,78614.518,63498.41,38446.891,84169.406,5753.403,1007.145,27905.616,1673.334,1079.543
2024-10-16,117467.251,78579.053,78724.553,63565.083,38526.331,84291.239,5741.423,1007.869,27933.664,1674.502,1080.546
2024-10-17,117513.632,78714.091,80912.801,63585.295,38563.093,84960.286,5752.906,1008.593,27961.711,1674.923,1081.55
2024-10-18,117515.951,78867.369,80970.991,63638.454,38575.447,85048.986,5762.093,1009.173,27988.788,1675.857,1082.352
2024-10-19,117515.951,78867.369,80970.991,63638.454,38575.447,85048.986,5762.093,1009.173,27988.788,1675.857,1082.352
2024-10-20,117515.951,78867.369,80970.991,63638.454,38575.447,85048.986,5762.093,1009.173,27988.788,1675.857,1082.352
2024-10-21,117606.394,78956.04,81058.275,63989.437,38586.566,85209.603,5755.918,1196.906,28017.806,1678.599,1083.557
2024-10-22,117652.775,79011.433,81131.012,64039.098,38597.259,85334.262,5767.366,1198.519,28045.854,1679.766,1084.753
2024-10-23,117699.156,79028.539,81200.158,64107.201,38535.962,85458.921,5658.476,1200.132,28073.902,1668.912,1081.668
2024-10-24,117745.537,78537.29,81272.887,63625.417,38561.402,85583.579,5808.277,1201.746,28101.949,1682.895,1129.507
2024-10-25,117665.015,78555.696,81332.469,63631.54,38471.654,85674.676,5801.584,1203.067,28129.565,1682.626,1130.07
2024-10-26,117665.015,78555.696,81332.469,63631.54,38471.654,85674.676,5801.584,1203.067,28129.565,1682.626,1130.07
2024-10-27,117665.015,78555.696,81332.469,63631.54,38471.654,85674.676,5801.584,1203.067,28129.565,1682.626,1130.07
2024-10-28,117849.113,77860.125,81421.461,66179.669,38395.13,85670.701,5751.622,1204.972,28158.044,1682.238,1130.881
2024-10-29,117894.832,77923.543,80091.73,66267.027,38409.573,85795.13,5704.446,1206.585,28186.092,1656.865,1177.21
2024-10-30,117940.551,78576.513,79638.499,66354.384,39854.979,85919.559,5945.529,1208.198,28214.139,1701.916,1177.912
2024-10-31,118019.814,75681.52,79134.501,63736.675,42829.283,86043.987,5957.867,1209.811,28242.187,1701.681,1178.613
2024-11-01,116977.23,76330.682,86603.229,65225.359,42997.001,86137.309,5968.212,1211.164,28242.187,1701.483,1179.202
2024-11-02,116977.23,76330.682,86603.229,65225.359,42997.001,86137.309,5968.212,1211.164,28242.187,1701.483,1179.202
2024-11-03,116977.23,76330.682,86603.229,65225.359,42997.001,86137.309,5968.212,1211.164,28242.187,1701.483,1179.202
2024-11-04,116310.032,76427.497,86663.088,76310.174,42573.088,86290.772,5982.543,1214.235,28187.881,1660.0,1180.017
2024-11-05,116130.681,76485.9,83535.07,76413.893,42231.531,86415.193,5994.881,1335.52,28214.17,1659.817,1180.719
2024-11-06,116184.173,76474.614,83585.5,76536.932,42241.637,86539.615,5826.982,1339.688,28240.458,1659.634,1181.421
2024-11-07,116239.837,76630.902,85682.661,73129.543,42566.061,86664.036,5603.063,1341.363,28266.746,1659.452,1181.126
2024-11-08,116269.42,76652.379,85797.27,73261.424,42633.987,86742.417,5611.902,1342.799,28267.251,1659.295,1188.757
2024-11-09,116269.42,76652.379,85797.27,73261.424,42633.987,86742.417,5611.902,1342.799,28267.251,1659.295,1188.757
2024-11-10,116269.42,76652.379,85797.27,73261.424,42633.987,86742.417,5611.902,1342.799,28267.251,1659.295,1188.757
2024-11-11,116369.84,75896.784,85789.642,73311.793,42592.309,87745.744,5623.676,1344.712,28319.322,1659.086,1189.561
2024-11-12,116422.908,75950.85,85843.132,73367.068,42605.433,87876.117,5633.983,1346.386,28345.61,1658.903,1190.265
2024-11-13,116475.976,76004.917,85668.584,70992.429,41432.162,86906.305,5644.289,1348.061,28371.899,1665.843,1199.94
2024-11-14,116529.044,75808.209,85721.07,71090.655,41565.101,88851.709,5654.596,1349.735,28398.187,1666.131,1200.763
2024-11-15,116535.78,75399.312,85767.096,71176.791,41572.788,88985.028,5663.634,1351.204,28178.745,1666.382,1201.485
2024-11-16,116535.78,75399.312,85767.096,71176.791,41572.788,88985.028,5663.634,1351.204,28178.745,1666.382,1201.485
2024-11-17,116535.78,75399.312,85767.096,71176.791,41572.788,88985.028,5663.634,1351.204,28178.745,1666.382,1201.485
2024-11-18,116635.18,75494.968,85700.487,71287.107,41582.633,89472.014,5675.209,1353.084,28231.119,1666.705,1197.299
2024-11-19,116688.248,75554.009,85752.426,71385.333,41591.399,89593.09,5685.516,1354.759,28257.82,1666.992,1190.865
2024-11-20,116741.316,76391.675,85804.366,71437.707,41600.165,90333.269,5695.823,1356.434,28284.52,1667.279,1191.635
2024-11-21,116794.383,76555.062,85856.306,71537.514,41608.931,91634.0,5706.129,1358.108,28311.221,1684.361,1192.405
2024-11-22,116802.139,76579.819,85902.852,71626.956,41616.786,91737.582,5715.366,1359.609,28312.761,1684.661,1193.094
2024-11-23,116802.139,76579.819,85902.852,71626.956,41616.786,91737.582,5715.366,1359.609,28312.761,1684.661,1193.094
2024-11-24,116802.139,76579.819,85902.852,71626.956,41616.786,91737.582,5715.366,1359.609,28312.761,1684.661,1193.094
2024-11-25,116900.519,76678.848,85960.185,71974.241,41626.463,91911.083,5804.487,1356.285,28364.622,1685.031,1192.279
2024-11-26,116953.587,76740.741,86012.125,72234.198,41635.229,92045.592,5815.125,1357.985,28391.322,1685.366,1193.041
2024-11-27,117074.962,76802.634,86064.065,72334.82,41643.995,92180.101,5825.762,1359.685,28418.023,1685.701,1193.804
2024-11-28,117128.04,76864.527,86116.005,72435.443,41652.761,92278.706,5836.4,1361.386,28444.723,1686.035,1194.567
2024-11-29,117136.819,76890.474,86163.55,72527.551,41753.286,92389.797,5880.151,1362.942,28446.777,1686.342,1195.265
2024-11-30,117136.819,76890.474,86163.55,72527.551,41753.286,92389.797,5880.151,1362.942,28446.777,1686.342,1195.265
2024-12-01,117136.819,76890.474,86163.55,72527.551,41753.286,92389.797,5880.151,1362.942,28446.777,1686.342,1195.265
2024-12-02,117234.197,76988.313,85964.782,72636.688,41763.372,92547.391,5891.169,1364.787,28498.124,1688.042,1196.092
2024-12-03,117287.276,77050.206,86015.939,72737.31,41772.671,92681.733,5904.653,1366.487,29311.092,1688.313,1196.855
2024-12-04,117340.354,77112.099,86067.431,72837.932,41781.971,92816.075,6012.973,1368.188,29337.336,1682.992,1199.673
2024-12-05,117393.432,77173.991,86118.57,72938.555,41828.275,92950.417,6026.641,1369.888,29359.838,1678.724,1200.454
2024-12-06,117533.371,77201.129,86166.377,73026.315,41837.229,93064.091,6039.677,1371.477,29362.344,1678.963,1201.183
2024-12-07,117533.371,77201.129,86166.377,73026.315,41837.229,93064.091,6039.677,1371.477,29362.344,1678.963,1201.183
2024-12-08,117533.371,77201.129,86166.377,73026.315,41837.229,93064.091,6039.677,1371.477,29362.344,1678.963,1201.183
2024-12-09,117628.403,77297.777,86070.267,63861.515,41841.779,93219.101,6054.241,1374.295,29411.958,1679.237,1202.014
2024-12-10,117115.9,77359.67,86120.791,63946.64,41851.336,93353.443,6047.641,1375.988,29426.968,1732.888,1202.795
2024-12-11,117171.155,77417.968,86171.949,64025.515,41841.021,93487.785,6061.24,1377.837,29453.117,1923.242,1203.661
2024-12-12,116687.659,77479.886,86328.791,63971.221,41850.5,93622.127,6074.84,1379.531,29313.282,1873.564,1201.108
2024-12-13,116697.726,77508.225,86377.349,64051.899,41859.541,93738.385,6087.812,1381.147,30723.801,1874.588,1201.834
2024-12-14,116697.726,77508.225,86377.349,64051.899,41859.541,93738.385,6087.812,1381.147,30723.801,1874.588,1201.834
2024-12-15,116697.726,77508.225,86377.349,64051.899,41859.541,93738.385,6087.812,1381.147,30723.801,1874.588,1201.834
2024-12-16,116786.427,77603.722,86430.607,64096.992,41869.458,93889.517,6103.172,1382.919,31325.601,1875.71,1202.629
2024-12-17,116835.811,77665.64,86481.514,64189.857,41878.937,94023.854,6116.776,1384.613,31594.994,1876.784,1203.389
2024-12-18,116885.195,78322.829,86626.317,63878.638,41757.571,94158.19,6181.775,1386.307,31622.136,1877.857,1204.15
2024-12-19,116934.579,78386.014,86677.597,63961.844,41766.524,94355.122,6195.239,1355.44,31649.279,1878.93,1204.91
2024-12-20,116945.595,78416.148,86727.496,64042.81,41775.235,94474.198,6208.342,1356.954,31652.932,1882.555,1205.65
2024-12-21,116945.595,78416.148,86727.496,64042.81,41775.235,94474.198,6208.342,1356.954,31652.932,1882.555,1205.65
2024-12-22,116945.595,78416.148,86727.496,64042.81,41775.235,94474.198,6208.342,1356.954,31652.932,1882.555,1205.65
2024-12-23,117033.347,78512.382,86780.156,64128.256,50174.517,94624.339,6227.753,1358.552,31703.273,1883.664,1206.43
2024-12-24,117082.731,78575.566,86831.436,64211.462,50195.881,94758.947,6241.116,1360.108,31730.408,1884.744,1207.191
2024-12-25,117132.114,78638.75,86882.715,64294.668,50217.246,94893.556,6254.478,1361.664,31757.542,1885.824,1207.951
2024-12-26,117181.498,78701.935,86933.995,64377.875,50238.611,95028.164,6267.84,1363.22,31784.677,1886.904,1208.711
2024-12-27,117193.464,78733.284,86984.88,64460.441,50259.811,95149.83,6281.1,1364.765,31788.851,1887.976,1209.466
2024-12-28,117193.464,78733.284,86984.88,64460.441,50259.811,95149.83,6281.1,1364.765,31788.851,1887.976,1209.466
2024-12-29,117193.464,78733.284,86984.88,64460.441,50259.811,95149.83,6281.1,1364.765,31788.851,1887.976,1209.466
2024-12-30,116517.844,78828.303,86685.288,64544.287,50146.155,95297.381,6294.565,1366.333,31838.946,1889.064,1210.232
2024-12-31,116566.918,78930.162,85746.813,65354.549,50166.988,96516.108,6387.157,1400.975,31866.081,1900.472,1216.431
2025-01-01,116615.991,78993.369,85809.593,65352.489,49966.359,96655.763,6392.69,1401.938,31893.215,1902.661,1217.866
2025-01-02,116650.566,79056.575,85872.374,65350.428,49932.209,96842.51,6433.807,1402.901,31920.35,1904.85,1219.301
2025-01-03,116663.401,79089.151,85872.857,65350.412,49931.946,96971.508,6435.816,1402.908,31925.046,1904.867,1219.312
2025-01-04,116663.401,79089.151,85872.857,65350.412,49931.946,96971.508,6435.816,1402.908,31925.046,1904.867,1219.312
2025-01-05,116663.401,79089.151,85872.857,65350.412,49931.946,96971.508,6435.816,1402.908,31925.046,1904.867,1219.312
2025-01-06,117709.187,79267.013,85913.622,65479.058,49977.714,97110.373,6446.111,1404.827,31847.174,1895.538,1222.171
2025-01-07,117762.288,79330.831,86264.556,65627.092,49792.799,97244.509,6457.931,1392.226,31874.883,1897.749,1227.207
2025-01-08,117815.389,79394.649,86330.226,65625.502,49795.877,97383.713,6463.424,1393.242,31902.591,1899.96,1228.808
2025-01-09,117868.49,79458.467,86197.252,65623.912,49942.464,97669.52,6511.72,1394.258,31930.299,1921.36,1230.243
2025-01-10,117883.399,79492.585,85316.192,65623.87,49584.374,97440.069,6694.617,1394.286,31935.237,1921.417,1235.725
2025-01-11,117883.399,79492.585,85316.192,65623.87,49584.374,97440.069,6694.617,1394.286,31935.237,1921.417,1235.725
2025-01-12,117883.399,79492.585,85316.192,65623.87,49584.374,97440.069,6694.617,1394.286,31935.237,1921.417,1235.725
2025-01-13,117812.338,79624.029,85463.257,63743.022,49786.768,97587.5,6566.681,1396.29,31985.322,1930.399,1296.498
2025-01-14,117865.095,79688.116,85077.24,64057.953,49834.144,97726.89,6564.106,1397.307,32013.029,1932.444,1289.411
2025-01-15,117917.852,79752.203,85141.569,64051.314,50049.888,98580.839,6555.49,1398.323,32040.735,1934.49,1290.637
2025-01-16,117970.609,79632.25,85110.769,64155.343,50083.153,98718.809,6593.135,1399.121,32068.442,1936.536,1291.863
2025-01-17,117986.436,79679.67,85113.739,64155.005,50084.657,98783.773,6573.183,1399.168,32074.303,1950.299,1291.92
2025-01-18,117986.436,79679.67,85113.739,64155.005,50084.657,98783.773,6573.183,1399.168,32074.303,1950.299,1291.92
2025-01-19,117986.436,79679.67,85113.739,64155.005,50084.657,98783.773,6573.183,1399.168,32074.303,1950.299,1291.92
2025-01-20,118083.377,79771.69,85239.49,64140.702,50148.336,98930.071,6541.179,1401.15,32123.855,1954.257,1294.315
2025-01-21,118110.639,79420.139,84464.92,64013.188,50085.75,99070.897,6548.825,1402.164,32153.502,1956.282,1295.605
2025-01-22,118162.882,79502.196,84452.843,64004.879,50020.529,99211.777,6498.059,1403.179,32181.242,2021.389,1296.83
2025-01-23,118215.126,79581.753,84520.508,63996.57,50013.56,99352.656,6509.51,1404.193,32208.982,2224.072,1298.056
2025-01-24,118050.824,84291.729,84374.625,63874.476,49754.366,99523.48,6510.01,1429.593,32215.383,2241.375,1298.136
2025-01-25,118050.824,84291.729,84374.625,63874.476,49754.366,99523.48,6510.01,1429.593,32215.383,2241.375,1298.136
2025-01-26,118050.824,84291.729,84374.625,63874.476,49754.366,99523.48,6510.01,1429.593,32215.383,2241.375,1298.136
2025-01-27,116959.825,84284.178,84763.003,63817.98,49300.391,99482.728,6524.788,1431.355,32264.462,2243.417,1300.506
2025-01-28,117014.988,84238.124,84421.27,63811.679,49336.228,99623.485,6532.426,1432.265,32292.202,2238.422,1303.364
2025-01-29,116517.154,84235.588,84487.596,63805.378,45989.978,99764.243,6470.861,1433.176,32319.942,2241.176,1304.614
2025-01-30,116854.749,82558.289,84545.59,63821.978,41963.867,99905.001,5917.194,1434.086,32347.682,2243.93,1305.864
2025-01-31,114387.556,77038.262,84572.884,63821.453,41386.898,100045.759,5786.155,1433.996,32354.617,2248.759,1305.97
2025-02-01,114387.556,77038.262,84572.884,63821.453,41386.898,100045.759,5786.155,1433.996,32354.617,2248.759,1305.97
2025-02-02,114387.556,77038.262,84572.884,63821.453,41386.898,100045.759,5786.155,1433.996,32354.617,2248.759,1305.97
2025-02-03,115157.546,76656.646,84683.786,63668.875,39867.779,100284.889,5768.653,1435.999,32516.081,2256.376,1308.365
2025-02-04,115365.716,76381.762,77238.262,63662.429,39981.262,100404.454,5773.848,1596.919,32541.597,2259.12,1309.616
2025-02-05,115438.314,76440.623,71902.119,63655.982,38963.11,100524.019,5776.03,1418.201,32569.422,2261.863,1310.866
2025-02-06,115513.882,76499.484,72583.191,59425.551,39050.617,100643.584,5799.947,1459.12,32597.246,2233.678,1312.116
2025-02-07,115540.912,76077.831,72573.98,51651.8,39070.457,100645.884,5792.997,1459.781,32604.738,2245.738,1312.246
2025-02-08,115540.912,76077.831,72573.98,51651.8,39070.457,100645.884,5792.997,1459.781,32604.738,2245.738,1312.246
2025-02-09,115540.912,76077.831,72573.98,51651.8,39070.457,100645.884,5792.997,1459.781,32604.738,2245.738,1312.246
2025-02-10,115621.276,75564.243,72609.937,56180.308,39179.06,100882.715,5824.034,1463.095,32652.895,2250.861,1314.617
2025-02-11,115698.289,75617.989,72416.688,56233.222,39248.233,101002.28,5829.152,1464.842,32680.72,2253.563,1315.868
2025-02-12,115749.755,75675.996,72479.905,56313.853,39305.57,101273.845,5826.083,1466.59,32708.544,2256.265,1315.468
2025-02-13,115827.14,75730.142,72544.32,56367.661,39362.908,101391.613,5831.185,1468.338,32736.369,2258.967,1342.642
2025-02-14,115856.308,75764.296,72552.248,56374.284,39369.965,101382.75,5831.813,1468.553,32744.395,2259.3,1336.532
2025-02-15,115856.308,75764.296,72552.248,56374.284,39369.965,101382.75,5831.813,1468.553,32744.395,2259.3,1336.532
2025-02-16,115856.308,75764.296,72552.248,56374.284,39369.965,101382.75,5831.813,1468.553,32744.395,2259.3,1336.532
2025-02-17,115981.911,75838.434,74527.867,56475.278,39477.583,101618.328,5841.39,1471.833,32792.018,2264.372,1338.758
2025-02-18,116059.296,75892.58,74596.865,56228.933,39534.92,101738.621,5846.492,1473.58,32819.842,2458.881,1327.921
2025-02-19,116136.681,74529.028,70506.235,58885.598,37915.73,101242.124,5870.874,1475.462,32847.667,2422.598,1329.117
2025-02-20,116214.067,74580.073,70567.361,58935.879,37969.246,101465.836,5876.608,1478.072,32874.941,2426.037,1330.313
2025-02-21,117019.286,74613.253,70576.06,58943.034,37976.861,101472.644,5877.424,1478.321,32883.501,2426.527,1330.483
2025-02-22,117019.286,74613.253,70576.06,58943.034,37976.861,101472.644,5877.424,1478.321,32883.501,2426.527,1330.483
2025-02-23,117019.286,74613.253,70576.06,58943.034,37976.861,101472.644,5877.424,1478.321,32883.501,2426.527,1330.483
2025-02-24,116529.906,74682.164,70676.122,58104.263,38060.341,101701.848,5449.217,1481.575,32930.583,2432.916,1327.537
2025-02-25,116609.823,74733.21,70736.843,58154.223,38113.635,101819.854,5462.235,1483.326,32974.828,2312.07,1328.778
2025-02-26,116689.739,74784.255,70797.563,58204.184,38166.929,101756.86,5475.252,1485.078,33002.847,2315.652,1330.018
2025-02-27,116769.656,74835.301,70858.284,58254.144,38220.223,106209.769,5488.27,1486.829,33671.347,2319.234,1331.258
2025-02-28,116802.852,74880.969,70868.093,54529.816,38228.832,106149.367,5490.373,1487.112,33680.442,2319.813,1331.458
2025-03-01,116802.852,74880.969,70868.093,54529.816,38228.832,106149.367,5490.373,1487.112,33680.442,2319.813,1331.458
2025-03-02,116802.852,74880.969,70868.093,54529.816,38228.832,106149.367,5490.373,1487.112,33680.442,2319.813,1331.458
2025-03-03,116929.489,74948.914,70954.731,54785.88,38326.811,106529.825,5514.305,1490.332,33726.989,2326.398,1333.738
2025-03-04,117009.406,74999.971,71014.907,54837.611,38380.105,106623.284,5527.323,1492.083,33754.811,2329.981,1334.979
2025-03-05,117089.323,75051.029,71075.083,54889.343,38433.399,106750.604,5540.34,1493.834,33782.632,2332.995,1336.219
2025-03-06,117169.239,74892.528,71140.511,54941.074,38486.693,106796.937,5542.345,1495.586,33850.955,2289.287,1335.695
2025-03-07,117203.972,75175.484,71151.367,54950.425,38496.326,106738.55,5527.102,1495.902,33684.561,2289.982,1335.918
2025-03-08,117203.972,75175.484,71151.367,54950.425,38496.326,106738.55,5527.102,1495.902,33684.561,2289.982,1335.918
2025-03-09,117203.972,75175.484,71151.367,54950.425,38496.326,106738.55,5527.102,1495.902,33684.561,2289.982,1335.918
2025-03-10,117210.73,75242.727,71260.624,55207.58,38583.326,107032.969,5025.32,1499.089,33884.768,2291.574,1352.266
2025-03-11,117290.011,75293.997,71320.681,55260.989,38636.68,107157.642,4728.849,1500.84,33907.627,2295.406,1353.439
2025-03-12,117369.292,75345.294,71380.737,55314.398,38688.638,107282.315,4785.018,1502.591,33935.339,2299.238,1354.612
2025-03-13,117448.573,75396.564,71437.452,55367.808,38742.093,107406.989,4810.722,1504.343,33963.05,2303.07,1355.785
2025-03-14,117484.555,75432.847,71449.451,55378.489,39033.596,107421.374,4763.898,1504.693,33973.176,2303.836,1356.019
2025-03-15,117484.555,75432.847,71449.451,55378.489,39033.596,107421.374,4763.898,1504.693,33973.176,2303.836,1356.019
2025-03-16,117484.555,75432.847,71449.451,55378.489,39033.596,107421.374,4763.898,1504.693,33973.176,2303.836,1356.019
2025-03-17,117042.924,75499.103,71556.08,55474.626,39127.396,107547.443,4673.313,1507.845,34022.151,1991.624,1296.573
2025-03-18,117157.859,75550.373,71616.079,55546.074,39179.507,107464.835,4687.692,1509.597,34539.277,1995.03,1296.606
2025-03-19,117233.263,75586.827,71676.078,55599.485,39231.617,107527.524,3887.457,1511.348,34566.666,1998.436,1296.639
2025-03-20,117308.666,75637.981,71736.077,55652.897,39283.728,108465.332,3903.925,1513.1,34594.056,1992.338,1296.672
2025-03-21,117344.338,75675.167,71714.703,55664.607,39294.291,108481.895,3907.536,1513.484,34604.59,1993.084,1296.68
2025-03-22,117344.338,75675.167,71714.703,55664.607,39294.291,108481.895,3907.536,1513.484,34604.59,1993.084,1296.68
2025-03-23,117344.338,75675.167,71714.703,55664.607,39294.291,108481.895,3907.536,1513.484,34604.59,1993.084,1296.68
2025-03-24,117459.474,75740.29,71821.849,55759.721,39387.061,108736.959,3936.862,1516.602,34648.834,1998.93,1292.433
2025-03-25,117534.877,75182.7,71882.018,55813.133,39439.157,108860.011,3953.331,1518.354,34676.223,2002.334,1292.491
2025-03-26,117610.281,75230.684,71933.267,55866.545,39491.253,108983.063,3630.701,1520.105,34703.613,2005.526,1286.367
2025-03-27,117685.684,75278.668,71993.106,55919.957,39545.415,109106.115,3646.893,1521.857,34731.002,2008.937,1286.428
2025-03-28,117722.806,75314.471,72007.375,55932.693,39557.838,109125.046,3460.04,1522.274,34742.063,2009.75,1286.443
2025-03-29,117722.806,75314.471,72007.375,55932.693,39557.838,109125.046,3460.04,1522.274,34742.063,2009.75,1286.443
2025-03-30,117722.806,75314.471,72007.375,55932.693,39557.838,109125.046,3460.04,1522.274,34742.063,2009.75,1286.443
2025-03-31,117083.535,75355.126,71615.556,57084.109,39553.813,109352.219,3530.808,1554.803,34785.78,2004.715,1303.977
2025-04-01,117158.46,74995.871,71675.863,56978.823,39606.034,109475.271,3546.415,1556.588,34813.169,2009.58,1304.039
2025-04-02,117233.385,75043.358,71736.169,57189.753,39658.052,109598.323,3517.255,1558.373,34840.559,2023.004,1303.989
2025-04-03,117008.313,75090.844,71798.581,57242.576,39710.043,108943.241,3438.085,1560.158,34867.948,2026.405,1304.05
2025-04-04,117045.082,75127.189,71814.13,57256.188,39740.515,108963.557,3452.664,1560.618,34879.536,2027.281,1304.066
2025-04-05,117045.082,75127.189,71814.13,57256.188,39740.515,108963.557,3452.664,1560.618,34879.536,2027.281,1304.066
2025-04-06,117045.082,75127.189,71814.13,57256.188,39740.515,108963.557,3452.664,1560.618,34879.536,2027.281,1304.066
2025-04-07,116126.765,75185.817,71890.901,57348.22,39856.33,109178.0,3482.647,1563.728,34893.207,2033.207,1305.136
2025-04-08,116310.665,75233.303,72048.212,57436.214,39944.595,109295.38,3499.855,1565.513,34920.542,2035.616,1304.504
2025-04-09,116961.331,75096.554,70807.381,57489.3,39451.424,109412.76,3517.064,1567.298,34947.878,2039.016,1304.717
2025-04-10,116541.699,75143.235,70790.411,58286.453,39503.254,109530.14,3333.647,1569.084,34975.213,2041.563,1304.931
2025-04-11,116577.604,75179.861,69511.438,57751.542,38840.366,109553.365,3338.432,1569.757,34987.303,2042.504,1305.213
2025-04-12,116577.604,75179.861,69511.438,57751.542,38840.366,109553.365,3338.432,1569.757,34987.303,2042.504,1305.213
2025-04-13,116577.604,75179.861,69511.438,57751.542,38840.366,109553.365,3338.432,1569.757,34987.303,2042.504,1305.213
2025-04-14,116596.071,75772.277,69607.626,57107.846,38928.129,109765.575,3276.677,1572.835,35029.883,2048.355,1302.582
2025-04-15,116663.692,75809.791,69665.837,57676.771,38977.001,109882.968,3293.244,1574.621,35057.218,2052.181,1302.799
2025-04-16,116731.312,76073.604,69713.785,57873.692,39150.318,106221.485,3135.979,1576.407,35084.554,2055.578,1303.017
2025-04-17,116798.933,76086.947,69808.128,57933.314,39259.715,105368.34,3267.779,1578.193,35111.889,2058.974,1303.234
2025-04-18,116836.124,76128.946,69633.343,57950.971,39274.612,105413.478,3272.361,1578.722,35124.505,2059.98,1303.298
2025-04-19,116836.124,76128.946,69633.343,57950.971,39274.612,105413.478,3272.361,1578.722,35124.505,2059.98,1303.298
2025-04-20,116836.124,76128.946,69633.343,57950.971,39274.612,105413.478,3272.361,1578.722,35124.505,2059.98,1303.298
2025-04-21,116898.787,76130.231,70093.546,58316.857,39360.32,104475.573,3298.723,1581.765,35166.559,2065.767,1303.669
2025-04-22,116983.225,76185.963,70158.827,58376.299,39424.245,104594.977,3157.799,1583.551,35193.895,2069.164,1303.886
2025-04-23,117071.095,76238.063,70218.378,58406.809,39474.718,103989.939,3313.155,1585.337,35223.687,2120.344,1307.475
2025-04-24,116880.727,76239.464,70350.757,58554.276,39382.506,104108.686,3625.787,1587.123,35251.276,2153.529,1312.861
2025-04-25,116963.448,76282.323,72410.761,58479.377,39397.274,104136.089,3629.776,1583.154,35264.415,2176.438,1312.171
2025-04-26,116963.448,76282.323,72410.761,58479.377,39397.274,104136.089,3629.776,1583.154,35264.415,2176.438,1312.171
2025-04-27,116963.448,76282.323,72410.761,58479.377,39397.274,104136.089,3629.776,1583.154,35264.415,2176.438,1312.171
2025-04-28,117061.92,76343.607,75953.2,58578.232,39552.481,104134.299,3720.089,1586.143,35305.935,2182.036,1285.268
2025-04-29,117181.495,76395.679,76012.202,58566.606,39629.887,104252.809,3732.424,1587.903,35333.264,2191.223,1285.468
2025-04-30,117249.206,76556.684,76074.172,57564.145,37635.598,104371.319,4429.058,1589.662,35360.593,2194.513,1285.668
2025-05-01,117266.633,76557.387,76164.739,54193.593,35147.372,104489.829,4440.602,1591.422,35387.922,2197.802,1285.868
2025-05-02,116537.4,76963.982,76202.678,52298.727,35127.102,104519.456,4444.465,1592.011,35401.587,2198.903,1285.935
2025-05-03,116537.4,76963.982,76202.678,52298.727,35127.102,104519.456,4444.465,1592.011,35401.587,2198.903,1285.935
2025-05-04,116537.4,76963.982,76202.678,52298.727,35127.102,104519.456,4444.465,1592.011,35401.587,2198.903,1285.935
2025-05-05,116089.764,77549.102,76306.685,42083.956,33454.718,104726.849,4463.691,1592.628,35534.649,2204.382,1286.268
2025-05-06,116160.011,77454.462,76440.454,42575.504,33133.087,104845.359,4475.064,1623.799,35562.049,2207.671,1286.469
2025-05-07,116217.547,77510.605,76417.673,42950.153,33030.032,104963.87,4486.476,1425.538,35589.449,2206.597,1286.669
2025-05-08,116285.605,77566.748,76644.641,43048.848,33072.55,105082.38,4497.888,1427.296,35616.849,2209.883,1286.869
2025-05-09,116394.006,77432.454,76667.329,43083.77,33087.595,105114.286,4501.927,1427.918,35631.076,2211.046,1286.94
2025-05-10,116394.006,77432.454,76667.329,43083.77,33087.595,105114.286,4501.927,1427.918,35631.076,2211.046,1286.94
2025-05-11,116394.006,77432.454,76667.329,43083.77,33087.595,105114.286,4501.927,1427.918,35631.076,2211.046,1286.94
2025-05-12,116490.406,77495.639,76772.877,42229.852,33157.586,104428.412,4520.713,1575.494,35671.649,2187.622,1283.421
2025-05-13,116558.635,77551.139,76836.996,42334.315,33200.104,104550.229,4532.126,1577.342,35699.049,2189.931,1283.564
2025-05-14,116626.865,77606.64,76901.114,36347.836,32086.75,104672.045,4543.538,1579.19,35726.449,2192.24,1283.706
2025-05-15,116695.094,77662.14,76972.174,36584.297,31953.466,103382.192,4554.951,1581.038,35753.849,2194.548,1283.849
2025-05-16,116737.868,79596.416,76996.08,36621.86,33261.084,103416.864,4536.523,1581.727,35768.603,2186.485,1283.902
2025-05-17,116737.868,79596.416,76996.08,36621.86,33261.084,103416.864,4536.523,1581.727,35768.603,2186.485,1283.902
2025-05-18,116737.868,79596.416,76996.08,36621.86,33261.084,103416.864,4536.523,1581.727,35768.603,2186.485,1283.902
2025-05-19,116799.217,79537.308,77119.599,36674.794,33323.872,103623.157,4555.237,1584.734,35808.649,2190.273,1284.135
2025-05-20,116867.521,79597.444,77106.314,36774.792,33369.388,103743.353,4566.74,1586.582,35843.401,2192.601,1284.278
2025-05-21,116935.825,79657.579,77169.79,36874.79,33414.903,103603.728,4578.243,1588.43,35870.739,2233.298,1284.42
2025-05-22,117004.128,79841.776,77390.239,36974.788,33460.418,103721.821,4589.746,1590.278,35898.077,2235.826,1284.563
2025-05-23,117048.263,79895.729,77415.76,37014.018,33478.274,103758.084,4812.852,1591.003,35913.323,2236.818,1284.619
2025-05-24,117048.263,79895.729,77415.76,37014.018,33478.274,103758.084,4812.852,1591.003,35913.323,2236.818,1284.619
2025-05-25,117048.263,79895.729,77415.76,37014.018,33478.274,103758.084,4812.852,1591.003,35913.323,2236.818,1284.619
2025-05-26,117140.736,79961.672,77632.532,37174.784,33551.449,103192.738,4830.848,1593.974,35952.943,2241.072,1284.849
2025-05-27,117209.04,80021.62,77585.334,37274.782,33596.964,102978.11,4842.041,1595.822,35980.281,2243.602,1284.992
2025-05-28,117277.343,80265.808,77764.793,37374.779,33642.48,109472.746,4853.235,1597.67,36117.709,2246.132,1285.134
2025-05-29,117345.647,80326.353,77830.923,37474.777,33687.995,110983.436,4864.429,1599.518,36144.541,2238.841,1370.035
2025-05-30,117391.096,80382.008,77858.138,37515.93,33706.726,111006.882,4869.035,1600.278,36160.472,2239.863,1370.505
2025-05-31,117391.096,80382.008,77858.138,37515.93,33706.726,111006.882,4869.035,1600.278,36160.472,2239.863,1370.505
2025-06-01,117391.096,80382.008,77858.138,37515.93,33706.726,111006.882,4869.035,1600.278,36160.472,2239.863,1370.505
2025-06-02,117482.255,80447.444,81471.655,37614.387,33779.026,111023.941,4886.816,1603.214,36191.546,2243.806,1372.316
2025-06-03,117550.559,80507.989,81423.044,37473.33,33824.541,111165.525,4898.01,1605.062,36219.107,2246.023,1373.456
2025-06-04,117618.862,80568.534,81490.887,37562.786,33728.525,111353.81,4909.204,1606.91,36246.667,2248.504,1374.596
2025-06-05,117514.53,80629.079,81558.731,37660.647,33772.765,111466.779,4925.093,1608.758,36452.304,2250.985,1375.736
2025-06-06,117561.144,80685.899,81587.955,37702.803,33791.823,111529.385,4929.911,1609.554,36901.193,2252.053,1376.227
2025-06-07,117561.144,80685.899,81587.955,37702.803,33791.823,111529.385,4929.911,1609.554,36901.193,2252.053,1376.227
2025-06-08,117561.144,80685.899,81587.955,37702.803,33791.823,111529.385,4929.911,1609.554,36901.193,2252.053,1376.227
2025-06-09,117650.708,80750.17,81686.422,37856.37,33600.169,111719.782,4947.462,1612.454,37113.184,2255.866,1378.016
2025-06-10,117718.797,80605.084,81754.256,37954.231,33646.186,111824.096,4957.43,1614.302,37146.759,2212.423,1379.156
2025-06-11,117786.886,80664.737,82888.779,38052.093,33692.202,111939.354,4968.619,1616.15,37180.333,2217.348,1380.296
2025-06-12,117854.975,80724.39,82961.607,38095.025,33702.773,112265.805,4993.376,1617.998,37211.844,2220.334,1381.436
2025-06-13,117902.899,80781.519,82994.38,38138.858,33723.344,112307.454,4997.42,1618.829,37232.517,2221.678,1381.949
2025-06-14,117902.899,80781.519,82994.38,38138.858,33723.344,112307.454,4997.42,1618.829,37232.517,2221.678,1381.949
2025-06-15,117902.899,80781.519,82994.38,38138.858,33723.344,112307.454,4997.42,1618.829,37232.517,2221.678,1381.949
2025-06-16,117991.153,80843.696,83107.264,38289.839,33794.2,112503.229,4997.187,1621.694,37278.656,2226.307,1383.716
2025-06-17,118059.242,80903.349,83180.093,38504.259,33839.981,112617.198,5006.29,1623.542,37312.271,2229.293,1390.109
2025-06-18,118127.331,80963.002,83252.921,38599.368,33885.694,112731.166,5015.394,1625.39,37345.887,2232.279,1391.293
2025-06-19,118262.032,81022.655,83325.749,38694.476,33931.408,112845.135,5024.497,1627.238,37379.502,2235.265,1392.477
2025-06-20,118311.329,81080.931,83359.923,38739.104,33952.858,112888.969,4941.96,1628.105,37400.835,2236.666,1393.033
2025-06-21,118311.329,81080.931,83359.923,38739.104,33952.858,112888.969,4941.96,1628.105,37400.835,2236.666,1393.033
2025-06-22,118311.329,81080.931,83359.923,38739.104,33952.858,112888.969,4941.96,1628.105,37400.835,2236.666,1393.033
2025-06-23,118275.1,81141.961,83471.406,38884.693,34022.835,113073.072,4947.977,1630.934,37446.733,2241.237,1394.377
2025-06-24,118339.944,81201.614,83544.235,38979.801,34068.549,113187.04,4957.018,1632.782,38962.307,2244.223,1395.563
2025-06-25,118404.789,81261.267,83617.063,39074.91,34114.262,113301.216,4966.059,1634.629,39001.243,2249.225,1396.75
2025-06-26,118467.34,81320.92,83569.112,38848.364,34143.208,113415.189,4805.614,1636.477,39040.178,2252.191,1402.985
2025-06-27,118515.475,82921.869,83447.883,39421.022,33692.374,113461.217,4810.282,1637.38,39065.636,2253.64,1403.572
2025-06-28,118515.475,82921.869,83447.883,39421.022,33692.374,113461.217,4810.282,1637.38,39065.636,2253.64,1403.572
2025-06-29,118515.475,82921.869,83447.883,39421.022,33692.374,113461.217,4810.282,1637.38,39065.636,2253.64,1403.572
2025-06-30,117803.049,82780.546,82757.385,40151.788,33430.072,113643.135,4856.49,1651.914,39118.049,2232.848,1408.187
2025-07-01,117868.059,82841.84,82828.358,40272.314,33472.608,113757.108,4865.87,1653.775,39156.985,2235.828,1409.393
2025-07-02,117932.478,82903.133,82899.331,40392.841,33515.145,114121.671,4864.927,1655.636,39195.92,2238.807,1410.598
2025-07-03,117996.898,82964.427,82882.352,40513.367,33557.681,114235.925,4889.243,1657.497,39234.856,2241.787,1411.803
2025-07-04,118045.956,82965.134,82918.046,40574.558,33579.277,114284.263,4894.689,1658.442,39261.062,2243.299,1412.415
2025-07-05,118045.956,82965.134,82918.046,40574.558,33579.277,114284.263,4894.689,1658.442,39261.062,2243.299,1412.415
2025-07-06,118045.956,82965.134,82918.046,40574.558,33579.277,114284.263,4894.689,1658.442,39261.062,2243.299,1412.415
2025-07-07,118125.738,83087.014,82992.111,40705.806,33591.557,114464.433,4880.621,1661.22,39312.727,2283.495,1415.158
2025-07-08,118293.45,83148.308,83062.071,40825.8,33592.905,114578.687,4890.39,1663.081,39351.662,2286.736,1416.353
2025-07-09,118358.383,83209.602,83132.032,40945.793,33641.085,114692.94,4900.13,1664.942,39390.598,2289.721,1417.549
2025-07-10,118423.317,83270.895,83301.693,41172.373,33530.652,114807.194,4909.898,1666.803,39429.534,2293.406,1418.745
2025-07-11,118474.015,83272.781,83338.802,41235.432,33552.39,114857.73,4915.046,1667.784,39456.489,2295.116,1419.374
2025-07-12,118474.015,83272.781,83338.802,41235.432,33552.39,114857.73,4915.046,1667.784,39456.489,2295.116,1419.374
2025-07-13,118474.015,83272.781,83338.802,41235.432,33552.39,114857.73,4915.046,1667.784,39456.489,2295.116,1419.374
2025-07-14,118553.184,83276.744,83939.381,41460.959,33653.377,115035.702,4442.275,1670.525,39507.405,2300.556,1421.064
2025-07-15,118618.118,83337.269,83804.198,41581.233,33824.745,115508.824,4452.308,1672.386,39546.34,2309.793,1422.26
2025-07-16,118683.051,83390.834,84761.57,41701.506,33782.506,116429.555,4462.341,1674.248,39585.276,2313.008,1423.455
2025-07-17,119110.21,83451.366,84836.624,41438.255,33824.375,117149.553,4457.028,1676.109,39624.211,2316.222,1424.651
2025-07-18,119164.662,83454.392,85407.343,41503.133,33518.249,117205.266,4494.93,1677.125,39960.586,2317.977,1425.304
2025-07-19,119164.662,83454.392,85407.343,41503.133,33518.249,117205.266,4494.93,1677.125,39960.586,2317.977,1425.304
2025-07-20,119164.662,83454.392,85407.343,41503.133,33518.249,117205.266,4494.93,1677.125,39960.586,2317.977,1425.304
2025-07-21,119226.972,83165.435,85521.992,42735.123,33855.727,117403.992,4471.002,1679.831,40011.915,2322.015,1427.042
2025-07-22,119312.412,83226.821,85912.505,42940.442,34074.428,117524.61,4480.643,1681.692,40051.752,2325.235,1439.894
2025-07-23,119380.412,83393.537,80880.769,43060.101,34110.027,117642.482,4507.667,1683.553,40091.589,2507.055,1441.051
2025-07-24,119448.412,83455.436,77443.884,43159.974,34145.627,117763.088,4505.909,1685.445,40131.427,2717.618,1442.209
2025-07-25,119504.119,82775.295,77295.212,43227.601,33972.431,117821.072,4828.574,1686.499,40159.266,2715.723,1442.863
2025-07-26,119504.119,82775.295,77295.212,43227.601,33972.431,117821.072,4828.574,1686.499,40159.266,2715.723,1442.863
2025-07-27,119504.119,82775.295,77295.212,43227.601,33972.431,117821.072,4828.574,1686.499,40159.266,2715.723,1442.863
2025-07-28,119720.307,83182.602,77486.285,43508.967,34067.484,117627.07,4905.323,1689.172,40209.82,2889.565,1444.135
2025-07-29,119788.592,83246.655,77549.963,43629.454,34101.466,117747.296,4670.367,1691.035,40249.65,2892.361,1445.307
2025-07-30,119856.878,80686.514,77603.402,43784.561,29096.219,117867.521,4709.262,1692.898,40289.48,2895.158,1519.501
2025-07-31,118785.486,84797.101,77533.946,36918.165,29418.705,117987.746,4719.406,1694.761,40329.31,2897.954,1554.699
2025-08-01,118447.236,82420.528,77476.651,35054.386,28328.092,118096.476,4725.336,1695.85,40359.183,2899.589,1555.286
2025-08-02,118447.236,82420.528,77476.651,35054.386,28328.092,118096.476,4725.336,1695.85,40359.183,2899.589,1555.286
2025-08-03,118447.236,82420.528,77476.651,35054.386,28328.092,118096.476,4725.336,1695.85,40359.183,2899.589,1555.286
2025-08-04,117660.493,80798.465,76107.961,36837.476,30971.34,118277.372,4730.328,1697.312,40470.05,2903.546,1556.705
2025-08-05,117621.523,82840.156,76034.721,36959.966,30947.444,118397.97,4740.474,1838.345,40509.941,2906.343,1557.708
2025-08-06,117727.066,82931.473,76093.899,37082.455,30885.376,119068.59,4790.022,2012.74,40545.907,2921.183,1558.711
2025-08-07,117438.116,83022.791,76153.077,37204.945,31156.107,119189.936,4800.189,2015.034,40585.784,2924.995,1559.714
2025-08-08,117796.789,82961.268,76188.812,37278.909,31135.73,119252.943,4806.329,2016.419,40612.595,2926.531,1570.343
2025-08-09,117796.789,82961.268,76188.812,37278.909,31135.73,119252.943,4806.329,2016.419,40612.595,2926.531,1570.343
2025-08-10,117796.789,82961.268,76188.812,37278.909,31135.73,119252.943,4806.329,2016.419,40612.595,2926.531,1570.343
2025-08-11,117474.902,83129.264,76271.433,37449.923,31088.617,119913.504,4820.523,2018.885,40661.672,2930.083,1599.771
2025-08-12,117526.649,83218.043,76330.611,37572.413,31062.493,120036.682,4382.422,2021.179,40701.547,2932.627,1600.874
2025-08-13,117578.396,83306.822,76389.789,37694.902,31028.668,120197.201,4395.26,2023.472,40741.422,2935.172,1601.977
2025-08-14,117630.143,83819.311,76397.657,37817.391,30994.844,120320.472,4408.097,2025.766,40781.297,2937.716,1570.281
2025-08-15,117683.066,83556.626,76434.332,38601.429,30936.677,120170.249,4308.959,2027.195,40812.737,2939.301,1570.933
2025-08-16,117683.066,83556.626,76434.332,38601.429,30936.677,120170.249,4308.959,2027.195,40812.737,2939.301,1570.933
2025-08-17,117683.066,83556.626,76434.332,38601.429,30936.677,120170.249,4308.959,2027.195,40812.737,2939.301,1570.933
2025-08-18,117741.151,83722.331,76515.38,38273.558,30890.125,120349.531,4326.797,2030.353,40861.047,2942.804,1572.375
2025-08-19,117792.87,83844.109,76574.241,38403.101,30856.317,120472.198,4339.753,2032.646,40900.921,2945.349,1573.421
2025-08-20,117844.59,83933.366,76633.102,38532.644,30822.509,121568.227,4352.708,2034.94,40940.796,2947.893,1569.55
2025-08-21,117896.31,84022.622,76691.963,38662.187,30788.701,122503.318,4365.663,2037.234,40980.671,2950.437,1570.585
2025-08-22,117942.658,84035.667,76729.77,38745.393,30641.267,122578.652,4373.985,2038.707,41012.878,2952.071,1571.251
2025-08-23,117942.658,84035.667,76729.77,38745.393,30641.267,122578.652,4373.985,2038.707,41012.878,2952.071,1571.251
2025-08-24,117942.658,84035.667,76729.77,38745.393,30641.267,122578.652,4373.985,2038.707,41012.878,2952.071,1571.251
2025-08-25,117999.749,84201.136,76809.686,38921.273,30594.912,122773.483,4391.574,2041.821,41060.154,2955.526,1572.657
2025-08-26,117948.345,84290.392,76868.547,39050.816,30560.77,123067.478,4404.529,2044.114,41437.312,2958.07,1573.693
2025-08-27,118000.79,84379.649,76893.568,39180.359,30526.628,121111.2,4417.485,2046.408,41478.345,2960.614,1574.729
2025-08-28,118053.235,84468.906,76952.363,39309.902,30492.486,122018.925,4437.219,2048.702,41519.928,2963.158,1575.765
2025-08-29,118101.243,84483.667,76991.258,39395.6,30342.036,121942.115,4445.707,2050.219,41739.434,2964.842,1576.45
2025-08-30,118101.243,84483.667,76991.258,39395.6,30342.036,121942.115,4445.707,2050.219,41739.434,2964.842,1576.45
2025-08-31,118101.243,84483.667,76991.258,39395.6,30342.036,121942.115,4445.707,2050.219,41739.434,2964.842,1576.45
2025-09-01,118158.126,84647.419,77069.954,39239.241,30298.275,122247.949,4462.88,2053.289,41788.887,2968.247,1577.837
2025-09-02,118210.572,84736.676,77230.265,39380.155,30265.58,122816.797,4475.71,2055.582,41831.044,2970.791,1578.873
2025-09-03,118263.017,84825.932,77071.625,33655.24,30232.885,122566.8,4488.541,2057.876,41873.201,2973.336,1579.909
2025-09-04,118315.463,83601.144,77131.289,33788.052,30200.19,122692.693,4501.371,2060.169,42607.575,2998.596,1580.945
2025-09-05,118364.479,83618.528,77039.628,33878.466,30229.978,122794.816,4366.458,2061.731,43643.172,3000.418,1581.65
2025-09-06,118364.479,83618.528,77039.628,33878.466,30229.978,122794.816,4366.458,2061.731,43643.172,3000.418,1581.65
2025-09-07,118364.479,83618.528,77039.628,33878.466,30229.978,122794.816,4366.458,2061.731,43643.172,3000.418,1581.65
2025-09-08,118418.212,83789.477,76418.659,34053.675,30134.801,123035.298,4398.94,2064.757,43792.939,3003.949,1583.017
2025-09-09,118470.71,83883.644,76475.354,34186.487,30102.106,123205.889,4413.721,2067.05,43848.143,3006.625,1584.053
2025-09-10,119447.067,84482.299,76691.321,33856.09,30069.411,123230.573,4806.923,2069.344,43903.346,3009.301,1585.088
2025-09-11,119690.777,84576.939,76748.724,33987.717,30036.716,123402.361,4822.827,2071.637,43958.55,3011.346,1586.124
2025-09-12,119743.36,84596.231,76788.906,34079.855,29914.843,123508.077,4833.959,2073.243,44006.322,2992.681,1586.85
2025-09-13,119743.36,84596.231,76788.906,34079.855,29914.843,123508.077,4833.959,2073.243,44006.322,2992.681,1586.85
2025-09-14,119743.36,84596.231,76788.906,34079.855,29914.843,123508.077,4833.959,2073.243,44006.322,2992.681,1586.85
2025-09-15,119801.032,84766.219,76863.53,34250.969,29911.234,123718.878,4854.634,2076.224,44681.109,3007.356,1588.196
2025-09-16,119816.904,84860.859,76746.251,34110.412,29878.048,123890.627,4602.254,2078.518,44735.085,3010.002,1589.232
2025-09-17,119858.123,84955.499,76790.086,34240.567,29993.802,124062.375,4552.12,2080.812,44789.06,3010.324,1590.268
2025-09-18,119913.21,85050.139,76935.009,34370.722,29961.417,124257.943,4567.009,2083.105,44843.036,3012.957,1591.304
2025-09-19,119934.616,85071.251,76975.933,34464.333,29938.125,124366.957,4577.717,2084.755,44890.783,3014.851,1592.049
2025-09-20,119934.616,85071.251,76975.933,34464.333,29938.125,124366.957,4577.717,2084.755,44890.783,3014.851,1592.049
2025-09-21,119934.616,85071.251,76975.933,34464.333,29938.125,124366.957,4577.717,2084.755,44890.783,3014.851,1592.049
2025-09-22,119991.064,85616.278,76988.909,34631.032,29896.648,125229.884,4658.601,2087.692,45041.347,3018.224,1601.881
2025-09-23,120046.033,85710.783,76945.593,34761.187,29864.264,125369.829,4672.631,2096.873,44952.467,3020.857,1602.98
2025-09-24,120101.001,85805.287,77001.75,34891.342,29831.88,125547.771,4686.66,2099.203,45006.55,3023.49,1604.079
2025-09-25,120155.97,85899.791,77057.907,35021.497,29799.495,125725.712,4700.69,2101.533,45060.633,3026.123,1605.178
2025-09-26,120210.515,85922.691,77099.377,35117.612,29775.581,125842.058,4663.661,2103.253,45109.516,3028.068,1605.989
2025-09-27,120210.515,85922.691,77099.377,35117.612,29775.581,125842.058,4663.661,2103.253,45109.516,3028.068,1605.989
2025-09-28,120210.515,85922.691,77099.377,35117.612,29775.581,125842.058,4663.661,2103.253,45109.516,3028.068,1605.989
2025-09-29,119490.16,86051.401,76996.007,38254.855,29748.913,126081.594,4665.648,2106.192,45168.799,3031.39,1607.376
2025-09-30,119544.799,86169.675,76550.785,38968.127,29604.958,126259.535,4698.001,2119.371,45222.882,3034.023,1611.124
2025-10-01,119345.939,86200.525,76605.157,39105.841,29572.315,126437.477,4711.572,2121.713,45276.966,3016.826,1600.207
2025-10-02,118596.223,86294.553,76659.528,39243.554,29539.672,126615.418,4772.105,2124.054,45331.049,3019.38,1601.418
2025-10-03,118668.388,86319.145,76700.725,39347.899,29514.939,126735.186,4786.823,2125.829,45380.972,3021.315,1602.335
2025-10-04,118668.388,86319.145,76700.725,39347.899,29514.939,126735.186,4786.823,2125.829,45380.972,3021.315,1602.335
2025-10-05,118668.388,86319.145,76700.725,39347.899,29514.939,126735.186,4786.823,2125.829,45380.972,3021.315,1602.335
2025-10-06,118772.378,86354.665,77721.425,38311.765,29536.336,126834.444,4819.678,2128.738,45439.215,3024.489,1633.041
2025-10-07,118828.497,86448.891,77780.38,38443.412,29505.855,127011.312,4832.757,2131.08,45493.298,3022.921,1634.235
2025-10-08,118880.678,86543.117,77818.36,38575.059,29483.611,127188.18,4853.457,2133.421,45547.381,3025.479,1635.492
2025-10-09,118932.858,86637.344,78209.046,38723.016,31606.085,127365.047,4868.661,2135.763,45601.464,3028.036,1636.75
2025-10-10,118934.263,86663.8,78257.779,38825.917,31582.541,127487.494,4878.778,2137.583,45652.427,3030.024,1637.727
2025-10-11,118934.263,86663.8,78257.779,38825.917,31582.541,127487.494,4878.778,2137.583,45652.427,3030.024,1637.727
2025-10-12,118934.263,86663.8,78257.779,38825.917,31582.541,127487.494,4878.778,2137.583,45652.427,3030.024,1637.727
2025-10-13,118966.173,86837.079,78282.463,38987.909,31543.625,127718.783,4877.411,2140.447,45497.366,3033.152,1646.299
2025-10-14,119018.455,86931.326,78344.935,39167.986,31511.999,128278.529,4891.049,2142.788,45634.12,3037.538,1647.588
2025-10-15,119070.738,87025.573,78407.406,39302.357,31519.326,128434.108,4921.093,2145.13,45687.649,3040.767,1646.909
2025-10-16,119080.834,87119.819,78316.394,39958.388,31381.935,128612.431,4322.07,2147.472,45741.178,3043.334,1648.194
2025-10-17,119083.266,87148.094,78365.541,40056.271,31050.532,128739.314,4330.21,2149.336,45790.282,3045.378,1649.218
2025-10-18,119083.266,87148.094,78365.541,40056.271,31050.532,128739.314,4330.21,2149.336,45790.282,3045.378,1649.218
2025-10-19,119083.266,87148.094,78365.541,40056.271,31050.532,128739.314,4330.21,2149.336,45790.282,3045.378,1649.218
2025-10-20,119488.93,87308.313,78511.929,41462.927,31010.176,128969.076,4342.519,2152.155,45845.599,3048.469,1650.766
2025-10-21,120658.152,87758.419,78603.785,42325.444,31708.001,129147.398,4352.743,2154.497,45899.118,3051.036,1652.052
2025-10-22,120712.252,87824.799,78666.98,43170.738,31667.956,129325.72,4350.04,2156.839,45952.636,3047.521,1659.608
2025-10-23,120766.353,87921.223,78492.226,43289.292,31633.512,129504.043,3317.374,2159.181,46006.155,3028.694,1736.041
2025-10-24,120769.89,87952.04,78619.987,43385.959,31476.774,129634.355,3060.066,2161.09,46058.644,3030.861,1737.173
2025-10-25,120769.89,87952.04,78619.987,43385.959,31476.774,129634.355,3060.066,2161.09,46058.644,3030.861,1737.173
2025-10-26,120769.89,87952.04,78619.987,43385.959,31476.774,129634.355,3060.066,2161.09,46058.644,3030.861,1737.173
2025-10-27,121664.507,84644.807,78221.465,42951.362,31920.541,129642.412,3066.789,2163.864,46660.702,3020.293,1738.203
2025-10-28,121715.294,84334.117,78281.981,44400.889,31882.539,129798.961,2974.969,2166.206,46716.406,3021.733,1747.186
2025-10-29,121970.429,81895.239,71794.565,44524.245,29004.699,133614.272,2979.77,2168.548,46772.11,3024.62,1748.54
2025-10-30,122426.053,83355.188,70101.631,39193.977,25518.513,134181.074,2984.571,2170.889,46827.814,3027.507,1749.894
2025-10-31,125347.045,81285.303,71530.506,37025.523,25037.115,134325.576,2988.578,2172.844,46883.518,3029.917,1751.024
2025-11-01,125347.045,81285.303,71530.506,37025.523,25037.115,134325.576,2988.578,2172.844,46883.518,3029.917,1751.024
2025-11-02,125347.045,81285.303,71530.506,37025.523,25037.115,134325.576,2988.578,2172.844,46883.518,3029.917,1751.024
2025-11-03,125334.401,80666.954,69313.99,36855.049,23807.585,134566.412,2994.173,2175.583,47175.496,3033.281,1787.958
2025-11-04,124867.038,79829.99,70490.892,37136.442,23604.217,134759.081,2998.974,2336.226,47230.504,3036.168,1789.268
2025-11-05,124909.751,79823.608,70511.821,37249.21,23538.088,134951.751,3039.392,2498.645,47285.512,3039.055,1790.578
2025-11-06,124952.464,79891.034,70532.751,37361.979,23471.959,135144.42,3044.091,2501.038,47340.52,3041.942,1791.888
2025-11-07,124956.899,79915.152,70550.621,37458.266,23415.494,135292.627,3048.103,2503.726,47341.578,3051.554,1801.162
2025-11-08,124956.899,79915.152,70550.621,37458.266,23415.494,135292.627,3048.103,2503.726,47341.578,3051.554,1801.162
2025-11-09,124956.899,79915.152,70550.621,37458.266,23415.494,135292.627,3048.103,2503.726,47341.578,3051.554,1801.162
2025-11-10,125037.889,76912.256,70574.609,37587.516,23339.7,135529.758,3046.173,2507.334,47450.536,3066.575,1802.697
2025-11-11,125080.602,76981.02,70595.538,37700.285,23273.57,135722.428,3050.907,2568.682,47505.544,3069.568,1804.037
2025-11-12,125123.315,77049.785,70616.468,37813.054,23207.441,136459.104,3055.641,2569.849,47560.552,3072.561,1805.377
2025-11-13,125166.028,77118.549,70637.397,37925.823,23141.311,137704.885,3060.376,2572.825,47615.56,3073.774,1806.717
2025-11-14,125171.285,74945.328,70655.67,38024.278,23083.575,137934.262,3064.509,2575.423,47617.675,3076.379,1807.886
2025-11-15,125171.285,74945.328,70655.67,38024.278,23083.575,137934.262,3064.509,2575.423,47617.675,3076.379,1807.886
2025-11-16,125171.285,74945.328,70655.67,38024.278,23083.575,137934.262,3064.509,2575.423,47617.675,3076.379,1807.886
2025-11-17,125229.904,75304.098,70784.417,37723.886,23009.052,138197.249,2997.708,2578.776,47732.271,3079.742,1809.539
2025-11-18,125272.13,75369.974,70805.195,37835.364,22953.977,139607.508,3002.059,2581.752,47787.311,3082.726,1810.879
2025-11-19,125314.356,75435.849,70825.973,37946.843,22887.491,143664.478,3012.218,2584.728,47842.352,3087.288,1812.219
2025-11-20,125356.582,75501.725,70846.75,38045.566,22708.861,150753.46,3016.376,2587.704,47897.392,3090.219,1813.559
2025-11-21,125362.591,75527.822,72821.673,40970.81,23789.291,150993.085,3020.086,2590.359,47908.022,3092.835,1815.334
2025-11-22,125362.591,75527.822,72821.673,40970.81,23789.291,150993.085,3020.086,2590.359,47908.022,3092.835,1815.334
2025-11-23,125362.591,75527.822,72821.673,40970.81,23789.291,150993.085,3020.086,2590.359,47908.022,3092.835,1815.334
2025-11-24,125450.309,75474.351,70868.146,40656.784,23518.862,151451.206,3149.904,2593.656,49378.827,3096.082,1816.828
2025-11-25,125492.519,75422.139,71728.345,36159.902,22443.261,151725.614,3153.032,2596.631,49445.723,3099.014,1818.175
2025-11-26,125534.729,75488.64,71752.318,36266.827,22376.889,155010.284,3156.159,2599.607,49512.619,3101.945,1819.523
2025-11-27,125576.94,75555.14,71776.291,36373.751,22310.518,155290.735,3159.286,2602.583,49579.516,3104.877,1820.871
2025-11-28,125583.758,75582.764,71798.143,36471.217,22250.017,155522.647,3162.137,2605.296,49583.606,3107.549,1822.1
2025-11-29,125583.758,75582.764,71798.143,36471.217,22250.017,155522.647,3162.137,2605.296,49583.606,3107.549,1822.1
2025-11-30,125583.758,75582.764,71798.143,36471.217,22250.017,155522.647,3162.137,2605.296,49583.606,3107.549,1822.1
2025-12-01,125661.361,75688.142,70843.338,36864.435,22060.169,155851.638,3174.338,2608.535,49668.93,3005.844,1823.379
2025-12-02,125703.571,75754.642,70775.692,36971.984,21993.509,156132.089,3656.647,2611.511,49736.012,3008.985,1824.726
2025-12-03,125348.372,75821.143,70795.234,37079.533,21926.848,156412.54,3659.381,2614.487,49804.41,3012.126,1826.074
2025-12-04,127153.241,75887.643,70814.776,37603.331,21860.709,156692.992,3662.116,2617.462,49870.347,3014.973,1827.421
2025-12-05,127185.142,75916.546,70778.154,37704.734,21798.601,156930.297,3664.661,2620.232,49876.801,3017.895,1828.675
2025-12-06,127185.142,75916.546,70778.154,37704.734,21798.601,156930.297,3664.661,2620.232,49876.801,3017.895,1828.675
2025-12-07,127185.142,75916.546,70778.154,37704.734,21798.601,156930.297,3664.661,2620.232,49876.801,3017.895,1828.675
2025-12-08,126515.396,76020.645,70885.587,37821.222,21727.254,157253.894,3667.584,2624.085,50004.601,3017.639,1828.841
2025-12-09,127303.753,76087.145,70905.29,37930.167,21660.527,157534.346,3670.319,2626.813,50071.729,3018.535,1830.183
2025-12-10,127345.825,76153.646,70922.186,38026.136,21593.8,158328.777,3673.053,2629.791,50138.856,3334.006,1826.357
2025-12-11,127387.897,74911.611,70941.877,38135.425,21527.072,158611.523,3675.787,2632.768,50726.345,3335.266,1827.696
2025-12-12,127396.312,74941.678,70937.947,38198.371,21463.681,158856.207,3947.194,2635.597,52942.709,3338.89,1828.967
2025-12-13,127396.312,74941.678,70937.947,38198.371,21463.681,158856.207,3947.194,2635.597,52942.709,3338.89,1828.967
2025-12-14,127396.312,74941.678,70937.947,38198.371,21463.681,158856.207,3947.194,2635.597,52942.709,3338.89,1828.967
2025-12-15,127472.041,75044.107,71470.862,39411.183,21393.618,159177.014,3951.285,2638.723,53318.543,3319.748,1830.373
2025-12-16,127514.114,75110.354,71078.801,40170.435,21326.89,159459.76,3955.182,2641.7,53385.708,3324.358,1831.711
2025-12-17,127556.186,74233.456,71294.913,40457.263,21557.77,159665.698,3965.809,2644.678,53452.873,3328.967,1833.05
2025-12-18,127598.258,74298.061,71315.9,40574.988,21492.173,159884.622,3969.032,2647.655,53514.359,3333.183,1834.388
2025-12-19,127607.482,74328.624,71336.241,40362.231,21428.595,160134.439,3970.188,2650.541,53523.404,3337.649,1835.686
2025-12-20,127607.482,74328.624,71336.241,40362.231,21428.595,160134.439,3970.188,2650.541,53523.404,3337.649,1835.686
2025-12-21,127607.482,74328.624,71336.241,40362.231,21428.595,160134.439,3970.188,2650.541,53523.404,3337.649,1835.686
2025-12-22,127682.402,74427.272,71357.874,40482.165,21360.979,160449.424,3967.39,2653.61,53656.469,3342.399,1837.065
2025-12-23,127724.475,74491.877,71378.861,40598.52,21295.382,160731.826,3970.25,2656.587,53723.705,3347.007,1838.404
2025-12-24,127766.547,74556.483,71399.848,40714.874,21229.785,161014.227,3973.111,2659.565,53790.942,3351.615,1839.742
2025-12-25,127808.619,74621.088,71420.834,40831.228,21164.188,161296.628,3975.971,2662.542,53858.178,3356.223,1841.081
2025-12-26,127818.651,74652.894,71441.579,40946.24,21099.348,161551.875,3978.799,2665.485,53868.523,3360.778,1842.404
2025-12-27,127818.651,74652.894,71441.579,40946.24,21099.348,161551.875,3978.799,2665.485,53868.523,3360.778,1842.404
2025-12-28,127818.651,74652.894,71441.579,40946.24,21099.348,161551.875,3978.799,2665.485,53868.523,3360.778,1842.404
2025-12-29,127892.763,74750.299,71462.808,41063.937,21032.994,161861.43,3981.692,2668.497,53992.651,3365.439,1843.758
2025-12-30,127934.835,74814.904,71588.573,41180.291,21784.154,162143.831,3984.553,2671.474,54059.888,3370.047,1845.096
2025-12-31,127976.908,74881.303,70194.552,41296.645,21720.44,162426.232,3987.413,2674.452,54127.124,3374.655,1846.435
2026-01-01,128018.98,74945.903,70272.94,41367.456,21737.828,162708.633,3987.373,2681.701,54194.361,3383.018,1848.623
2026-01-02,128029.821,74978.948,70306.98,41367.728,21737.894,162969.311,4025.922,2681.729,54205.998,3383.051,1848.631
2026-01-03,128029.821,74978.948,70306.98,41367.728,21737.894,162969.311,4025.922,2681.729,54205.998,3383.051,1848.631
2026-01-04,128029.821,74978.948,70306.98,41367.728,21737.894,162969.311,4025.922,2681.729,54205.998,3383.051,1848.631
2026-01-05,128103.124,75075.101,70227.604,41509.078,21772.603,163273.435,4026.579,2696.986,55223.397,3397.818,1852.998
2026-01-06,128145.196,75139.7,70310.269,41579.889,21789.99,163555.836,4026.942,2704.241,55295.891,3406.178,1855.185
2026-01-07,128187.126,75204.3,70540.382,41650.7,21866.18,163838.238,4027.304,2711.497,55368.384,3413.851,1857.373
2026-01-08,128229.199,75268.899,70624.628,42740.793,21884.217,164120.639,4027.667,2718.753,55440.878,3422.115,1859.561
2026-01-09,128240.849,75303.186,70626.573,42742.76,21884.633,164386.747,4027.675,2718.92,55454.819,3422.306,1859.611
2026-01-10,128240.849,75303.186,70626.573,42742.76,21884.633,164386.747,4027.675,2718.92,55454.819,3422.306,1859.611
2026-01-11,128240.849,75303.186,70626.573,42742.76,21884.633,164386.747,4027.675,2718.92,55454.819,3422.306,1859.611
2026-01-12,128366.417,74825.722,70629.937,42911.261,22211.672,164685.441,4028.392,2733.264,55585.865,3437.02,1864.693
2026-01-13,128408.205,74887.807,70648.367,42996.494,22229.311,164967.842,4028.914,2740.52,55658.358,3445.285,1866.96
2026-01-14,128449.993,74949.892,70732.164,43081.728,22246.95,165000.876,4125.097,2747.775,55717.252,3453.55,1885.699
2026-01-15,128491.781,75011.976,70694.871,43166.962,22214.942,165347.586,4125.361,2755.031,55789.71,3461.815,1887.911
2026-01-16,128504.157,75046.123,70698.369,43170.568,22215.68,165618.348,4125.678,2755.338,55805.05,3462.165,1888.005
2026-01-17,128504.157,75046.123,70698.369,43170.568,22215.68,165618.348,4125.678,2755.338,55805.05,3462.165,1888.005
2026-01-18,128504.157,75046.123,70698.369,43170.568,22215.68,165618.348,4125.678,2755.338,55805.05,3462.165,1888.005
2026-01-19,128575.358,75136.146,70860.243,43337.429,22249.838,165910.77,4126.249,2769.542,55934.748,3478.346,1892.335
