date,AAPL,MSFT,GOOGL,AMZN,META,NVDA,TSLA,PLTR,AVGO,GEV,VRT
2013-01-01,26.573,34.24,19.99576,13.898334,30.71,0.38805,2.447616,,4.078948,,
2013-01-02,26.573,34.24,20.02078,13.898334,30.87667,0.38705,2.447616,,4.078948,,
2013-01-03,26.573,34.24,20.02078,13.898334,30.87667,0.38705,2.447616,,4.078948,,
2013-01-04,26.52428,34.21143,20.04938,13.981667,30.87667,0.38705,2.447616,,4.078948,,
2013-01-05,26.52428,34.21143,20.04938,13.981667,30.87667,0.38705,2.447616,,4.078948,,
2013-01-06,26.45591,34.04118,19.9877,13.981667,30.87667,0.38705,2.447616,,4.078948,,
2013-01-07,26.45591,34.04118,19.9877,14.054839,30.94333,0.38705,2.447616,,4.078948,,
2013-01-08,26.45591,33.92353,20.01346,14.191936,30.94333,0.38705,2.441023,,4.075,,
2013-01-09,26.43514,33.92353,19.92987,14.233871,30.80345,0.38705,2.538887,,4.084210000000001,,
2013-01-10,26.36039,33.77647,19.92987,14.233871,30.80345,0.38705,2.538887,,4.084210000000001,,
2013-01-11,26.36039,33.61818,19.99506,14.233871,31.59655,0.38705,2.538887,,4.084210000000001,,
2013-01-12,26.36039,33.61818,19.99506,14.233871,31.59655,0.38705,2.538887,,4.084210000000001,,
2013-01-13,26.36039,33.61818,19.99506,14.233871,32.0,0.38705,2.538887,,4.084210000000001,,
2013-01-14,26.25242,33.6,19.99506,14.274194,32.32143,0.38705,2.538887,,4.084210000000001,,
2013-01-15,26.1486,33.6,20.01714,14.274194,32.78571,0.38705,2.538887,,4.084210000000001,,
2013-01-16,26.01156,33.6,20.01714,14.274194,32.56897,0.38705,2.538887,,4.084210000000001,,
2013-01-17,26.01156,33.51176,20.03294,14.36875,32.56897,0.38705,2.538887,,4.084210000000001,,
2013-01-18,25.74993,33.51176,20.07941,14.43125,32.7069,0.38705,2.538887,,4.084210000000001,,
2013-01-19,25.74993,33.51176,20.07941,14.43125,32.7069,0.38705,2.538887,,4.084210000000001,,
2013-01-20,25.74993,33.51176,20.10326,14.43125,32.7069,0.38705,2.538887,,4.084210000000001,,
2013-01-21,25.7084,33.51176,20.10326,14.43125,32.7069,0.38705,2.538887,,4.084210000000001,,
2013-01-22,25.66687,33.51176,20.10326,14.43125,32.7069,0.38705,2.538887,,4.085,,
2013-01-23,25.66687,33.51176,20.69795,14.43125,32.7069,0.38705,2.538887,,4.085,,
2013-01-24,22.33879,33.51176,20.69795,14.65,32.7069,0.38705,2.538887,,4.085,,
2013-01-25,22.02485,33.1375,20.77866,14.739062,32.88334,0.38835,2.538887,,4.085,,
2013-01-26,22.02485,33.1375,20.77866,14.739062,32.88334,0.38835,2.538887,,4.085,,
2013-01-27,22.02485,33.10968,20.77866,14.739062,32.88334,0.38835,2.538887,,4.085,,
2013-01-28,22.02485,33.10968,20.77866,14.739062,32.82258,0.38835,2.538887,,4.085,,
2013-01-29,22.02485,33.10968,20.77866,14.739062,32.82258,0.38835,2.538887,,4.085,,
2013-01-30,22.02485,33.10968,20.77866,15.782812,32.82258,0.38835,2.538887,,4.085,,
2013-01-31,22.02485,33.10968,20.77866,15.782812,33.25,0.38835,2.538887,,4.089474,,
2013-02-01,22.02485,33.04516,20.77866,15.782812,33.25,0.38835,2.538887,,4.089474,,
2013-02-02,22.02485,33.04516,20.77866,15.782812,33.25,0.38835,2.538887,,4.089474,,
2013-02-03,22.02485,33.04516,20.77866,15.782812,33.25,0.38835,2.538887,,4.089474,,
2013-02-04,22.02485,33.04516,20.82513,15.782812,33.25,0.38835,2.538887,,4.089474,,
2013-02-05,22.02485,33.04516,20.82513,15.782812,33.25,0.38835,2.538887,,4.089474,,
2013-02-06,22.02485,33.04516,20.82513,15.782812,33.25,0.3836979,2.538887,,4.089474,,
2013-02-07,22.02485,33.04516,20.82513,15.782812,33.25,0.3836979,2.538887,,4.089474,,
2013-02-08,22.02485,33.04516,20.88858,15.783871,33.05,0.3867935,2.588887,,4.089474,,
2013-02-09,22.02485,33.04516,20.88858,15.783871,33.05,0.3867935,2.588887,,4.089474,,
2013-02-10,22.02485,33.04516,20.88858,15.783871,33.05,0.3867935,2.588887,,4.089474,,
2013-02-11,22.02485,33.04516,20.88858,15.783871,33.05,0.3829891,2.588887,,4.089474,,
2013-02-12,22.02485,33.04516,20.88858,15.783871,33.25,0.3829891,2.644443,,4.089474,,
2013-02-13,22.02485,33.04516,20.88858,15.783871,33.25,0.3829891,2.644443,,4.089474,,
2013-02-14,22.02485,33.04516,20.88858,15.783871,33.25,0.3580435,2.673331,,4.089474,,
2013-02-15,21.99162,33.04516,20.88858,15.843549,33.25,0.3580435,2.673331,,4.089474,,
2013-02-16,21.99162,33.04516,20.88858,15.843549,33.25,0.3580435,2.673331,,4.089474,,
2013-02-17,21.99162,33.04516,20.88858,15.843549,33.25,0.3580435,2.673331,,4.089474,,
2013-02-18,21.99162,33.04516,20.88858,15.843549,33.25,0.3580435,2.673331,,4.089474,,
2013-02-19,21.99162,32.88387,20.96218,15.843549,33.33,0.3580435,2.673331,,4.089474,,
2013-02-20,21.99162,32.88387,21.15722,15.843549,33.33,0.3580435,2.673331,,4.089474,,
2013-02-21,21.99162,32.88387,21.15722,15.9,33.33,0.3580435,2.719443,,4.089474,,
2013-02-22,21.99162,32.88387,21.15722,15.9,33.33,0.3580435,2.719443,,4.089474,,
2013-02-23,21.99162,32.88387,21.15722,15.9,33.33,0.3580435,2.719443,,4.089474,,
2013-02-24,21.99162,32.88387,21.15722,15.9,33.33,0.3580435,2.719443,,4.089474,,
2013-02-25,21.99162,32.88387,21.15722,15.9,33.33,0.3575,2.719443,,4.089474,,
2013-02-26,21.99162,32.88387,21.15722,15.9,33.33,0.3575,2.719443,,4.089474,,
2013-02-27,21.99162,32.88387,21.2529,15.9,33.33,0.3575,2.725639,,4.089474,,
2013-02-28,21.99162,32.88387,21.33386,15.9,33.33,0.3575,2.725639,,4.089474,,
2013-03-01,21.62617,32.88387,21.33386,15.9,33.33,0.3575,2.725639,,4.089474,,
2013-03-02,21.62617,32.88387,21.33386,15.9,33.33,0.3575,2.725639,,4.089474,,
2013-03-03,21.62617,32.88387,21.33386,15.9,33.33,0.3575,2.725639,,4.089474,,
2013-03-04,21.62617,32.88387,21.42586,15.9,33.33,0.3575,2.725639,,4.089474,,
2013-03-05,21.5888,32.88387,21.42586,15.859677,33.33,0.3575,2.725639,,4.089474,,
2013-03-06,21.53066,32.91613,21.52154,15.859677,33.33,0.3575,2.725639,,4.089474,,
2013-03-07,21.53066,32.91613,21.52154,15.859677,33.33,0.3575,2.725639,,4.089474,,
2013-03-08,21.47252,32.88387,21.80973,15.859677,33.33,0.3575,2.725639,,4.089474,,
2013-03-09,21.47252,32.88387,21.80973,15.859677,33.33,0.3575,2.725639,,4.089474,,
2013-03-10,21.47252,32.88387,21.86567,15.859677,33.33,0.3575,2.725639,,4.089474,,
2013-03-11,21.40607,32.88387,21.86567,15.859677,33.33,0.3575,2.725639,,4.089474,,
2013-03-12,21.40607,32.88387,21.86567,15.859677,33.33,0.3575,2.725639,,4.089474,,
2013-03-13,21.35788,32.88387,21.86567,15.806452,33.33,0.3575,2.725639,,4.089474,,
2013-03-14,21.25642,32.88387,21.90451,15.806452,33.33,0.3575,2.725639,,4.089474,,
2013-03-15,21.25642,32.88387,21.96315,15.806452,33.33,0.3575,2.725639,,4.089474,,
2013-03-16,21.25642,32.88387,21.96315,15.806452,33.33,0.3575,2.725639,,4.089474,,
2013-03-17,21.25642,32.88387,21.96315,15.806452,33.33,0.3575,2.725639,,4.089474,,
2013-03-18,21.21584,32.88387,21.96315,15.806452,33.33,0.3575,2.725639,,4.089474,,
2013-03-19,21.21584,32.88387,21.96315,15.806452,33.33,0.3575,2.725639,,4.089474,,
2013-03-20,21.21584,32.88387,21.96315,15.806452,33.33,0.3575,2.725639,,4.089474,,
2013-03-21,21.21584,32.88387,21.96315,15.806452,33.33,0.3575,2.725639,,4.089474,,
2013-03-22,21.17525,32.88387,21.96315,15.806452,33.33,0.3575,2.725639,,4.089474,,
2013-03-23,21.17525,32.88387,21.96315,15.806452,33.33,0.3575,2.725639,,4.089474,,
2013-03-24,21.17525,32.88387,21.96315,15.806452,33.33,0.3575,2.725639,,4.089474,,
2013-03-25,21.17525,32.88387,21.96315,15.806452,33.33,0.3575,2.725639,,4.089474,,
2013-03-26,21.17525,32.81936,22.10667,15.806452,33.33,0.3575,2.725639,,4.089474,,
2013-03-27,21.17525,32.81936,22.10667,15.806452,33.33,0.3575,2.725639,,4.105263,,
2013-03-28,21.17525,32.81936,22.10667,15.806452,33.33,0.3575,2.725639,,4.105263,,
2013-03-29,21.17525,32.81936,22.10667,15.806452,33.33,0.3575,2.725639,,4.105263,,
2013-03-30,21.17525,32.81936,22.10667,15.806452,33.33,0.3575,2.725639,,4.105263,,
2013-03-31,21.17525,32.81936,22.10667,15.806452,33.33,0.3575,2.725639,,4.105263,,
2013-04-01,21.10626,32.81936,22.15071,15.742188,33.09355,0.3575,2.741024,,4.105263,,
2013-04-02,21.10626,32.81936,22.15071,15.742188,33.09355,0.3575,2.83846,,4.105263,,
2013-04-03,21.0658,32.81936,22.15071,15.742188,33.09355,0.3575,2.83846,,4.105263,,
2013-04-04,21.0658,32.75484,22.15071,15.742188,33.09355,0.3575,2.83846,,4.105263,,
2013-04-05,21.0658,32.75484,22.15071,15.742188,33.06129,0.3575,2.83846,,4.105263,,
2013-04-06,21.0658,32.75484,22.15071,15.742188,33.06129,0.3575,2.83846,,4.105263,,
2013-04-07,21.0658,32.75484,22.15071,15.742188,33.06129,0.3575,2.83846,,4.105263,,
2013-04-08,21.0658,32.75484,22.15071,15.742188,33.06129,0.3575,2.83846,,4.105263,,
2013-04-09,21.0658,32.75484,22.15071,15.742188,33.06129,0.3575,2.83846,,4.105263,,
2013-04-10,21.0658,32.65807,22.15071,15.742188,33.06129,0.358587,2.83846,,4.105263,,
2013-04-11,21.00231,32.49677000000001,22.16924,15.742188,33.09667,0.3567391,2.83846,,4.105263,,
2013-04-12,20.98247,32.33871000000001,22.21506,15.742188,33.09667,0.3567391,2.83846,,4.105263,,
2013-04-13,20.98247,32.33871000000001,22.21506,15.742188,33.09667,0.3567391,2.83846,,4.105263,,
2013-04-14,20.98247,32.33871000000001,22.21506,15.742188,33.09667,0.3567391,2.83846,,4.105263,,
2013-04-15,20.88009,32.28333,22.2508,15.742188,33.09667,0.3567391,2.83846,,4.105263,,
2013-04-16,20.79278,32.40322,22.31394,15.757813,33.09667,0.3567391,2.83846,,4.094444,,
2013-04-17,20.60231,32.40322,22.31394,15.757813,33.09667,0.3567391,2.83846,,4.110526,,
2013-04-18,20.47136,32.40322,22.31394,15.757813,33.09667,0.3567391,2.83846,,4.110526,,
2013-04-19,20.36844,32.53226,22.576,15.757813,33.09667,0.3567391,2.83846,,4.110526,,
2013-04-20,20.36844,32.53226,22.576,15.757813,33.09667,0.3567391,2.83846,,4.110526,,
2013-04-21,20.36844,32.53226,22.576,15.757813,33.09667,0.3567391,2.83846,,4.110526,,
2013-04-22,20.28727,32.53226,22.6469,15.734375,33.09667,0.3567391,2.83846,,4.110526,,
2013-04-23,20.28727,32.64063,22.6469,15.734375,33.09667,0.3567391,2.83846,,4.110526,,
2013-04-24,18.7912,32.64063,22.6469,15.734375,33.09667,0.3567391,2.83846,,4.110526,,
2013-04-25,18.7912,32.64063,22.6469,15.734375,33.09667,0.3567391,2.83846,,4.110526,,
2013-04-26,18.73126,32.53226,22.63975,15.679032,33.20345,0.3567391,2.83846,,4.110526,,
2013-04-27,18.73126,32.53226,22.63975,15.679032,33.20345,0.3567391,2.83846,,4.110526,,
2013-04-28,18.73126,32.53226,22.63975,15.679032,33.20345,0.3567391,2.83846,,4.110526,,
2013-04-29,18.73126,32.56452,22.63975,15.679032,33.20345,0.3567391,2.83846,,4.110526,,
2013-04-30,18.73126,32.56452,22.63975,15.679032,33.20345,0.3567391,2.925639,,4.110526,,
2013-05-01,18.73126,32.69355,22.63975,15.679032,33.20345,0.3567391,2.925639,,4.110526,,
2013-05-02,18.73126,32.69355,22.63975,15.679032,33.20345,0.3567391,2.925639,,4.110526,,
2013-05-03,18.77996,32.69355,22.63975,15.679032,33.20345,0.3567391,3.0641,,4.105263,,
2013-05-04,18.77996,32.69355,22.63975,15.679032,33.20345,0.3567391,3.0641,,4.105263,,
2013-05-05,18.77996,32.69355,22.61378,15.679032,33.20345,0.3567391,3.0641,,4.105263,,
2013-05-06,18.77996,32.69355,22.61378,15.679032,33.20345,0.3567391,3.182049,,4.105263,,
2013-05-07,18.77996,32.69355,22.61378,15.679032,33.20345,0.3567391,3.182049,,4.105263,,
2013-05-08,18.77996,32.69355,22.61378,15.679032,33.20345,0.3567391,3.182049,,4.105263,,
2013-05-09,18.75318,32.69355,22.64323,15.679032,33.20345,0.3567391,4.061534,,4.105263,,
2013-05-10,18.75318,32.69355,22.64323,15.679032,33.20345,0.3684783,4.061534,,4.105263,,
2013-05-11,18.75318,32.69355,22.64323,15.679032,33.20345,0.3684783,4.061534,,4.105263,,
2013-05-12,18.75318,32.69355,22.64323,15.679032,33.20345,0.3684783,4.061534,,4.105263,,
2013-05-13,18.75318,32.75806,22.69843,15.679032,33.20345,0.3684783,4.061534,,4.105263,,
2013-05-14,18.71739,32.82258,22.69843,15.673437,33.13448,0.3684783,4.425637,,4.105263,,
2013-05-15,18.71739,32.95161,22.984,15.673437,33.13448,0.3684783,4.517945,,4.105263,,
2013-05-16,18.71739,32.95161,23.076,15.673437,33.13448,0.3684783,4.517945,,4.105263,,
2013-05-17,18.71739,32.95161,23.076,15.673437,33.13448,0.3651042,4.548713999999999,,4.105263,,
2013-05-18,18.71739,32.95161,23.076,15.673437,33.13448,0.3651042,4.548713999999999,,4.105263,,
2013-05-19,18.71739,32.95161,23.076,15.673437,33.13448,0.3651042,4.548713999999999,,4.105263,,
2013-05-20,18.71739,33.46774000000001,23.09439,15.673437,33.13448,0.3651042,4.558971,,4.133332999999999,,
2013-05-21,18.71739,33.66129,23.09439,15.673437,33.13448,0.3651042,4.558971,,4.133332999999999,,
2013-05-22,18.71739,33.66129,23.09439,15.673437,33.13448,0.3655,4.558971,,4.133332999999999,,
2013-05-23,18.71739,33.66129,23.09439,15.673437,33.53214000000001,0.3655,4.558971,,4.133332999999999,,
2013-05-24,18.71739,33.98387,23.11279,15.673437,33.53214000000001,0.3655,4.558971,,4.133332999999999,,
2013-05-25,18.71739,33.98387,23.11279,15.673437,33.53214000000001,0.3655,4.558971,,4.133332999999999,,
2013-05-26,18.71739,33.98387,23.11279,15.673437,33.53214000000001,0.3655,4.558971,,4.133332999999999,,
2013-05-27,18.71739,33.98387,23.11279,15.673437,33.53214000000001,0.3655,4.558971,,4.133332999999999,,
2013-05-28,18.71739,33.98387,23.11279,15.673437,33.53214000000001,0.3655,4.558971,,4.133332999999999,,
2013-05-29,18.75311,33.98387,23.11279,15.673437,33.60357,0.3655,4.558971,,4.133332999999999,,
2013-05-30,18.75311,33.95,23.11279,15.673437,33.60357,0.3630208,4.558971,,4.194445,,
2013-05-31,18.75311,33.95,23.20847,15.673437,33.60357,0.3630208,4.558971,,4.194445,,
2013-06-01,18.75311,33.95,23.20847,15.673437,33.60357,0.3630208,4.558971,,4.194445,,
2013-06-02,18.75311,33.95,23.20847,15.673437,33.92593,0.3630208,4.558971,,4.194445,,
2013-06-03,18.75311,33.95,23.20847,15.673437,33.92593,0.3630208,4.558971,,4.194445,,
2013-06-04,18.75311,34.24667,23.27104,15.673437,33.92593,0.3630208,4.558971,,4.194445,,
2013-06-05,18.77245,34.24667,23.27104,15.673437,33.92593,0.3630208,4.558971,,4.194445,,
2013-06-06,18.77245,34.41333,23.27104,15.673437,33.92593,0.3630208,4.558971,,4.194445,,
2013-06-07,18.77245,34.54667000000001,23.27104,15.720312,33.75,0.3630208,4.558971,,4.2,,
2013-06-08,18.77245,34.54667000000001,23.27104,15.720312,33.75,0.3630208,4.558971,,4.2,,
2013-06-09,18.77245,34.54667000000001,23.27104,15.720312,33.75,0.3630208,4.558971,,4.2,,
2013-06-10,18.77245,34.75484,23.27104,15.720312,33.75,0.3630208,4.558971,,4.2,,
2013-06-11,18.77245,34.75484,23.41529,15.720312,33.31034,0.3630208,4.805124999999999,,4.2,,
2013-06-12,18.77245,34.94839,23.41529,15.720312,33.31034,0.3630208,4.805124999999999,,4.2,,
2013-06-13,18.77245,34.94839,23.50729,15.720312,33.31034,0.3630208,4.927773999999999,,4.2,,
2013-06-14,18.77245,35.07742,23.56493,15.720312,33.31034,0.3630208,4.927773999999999,,4.2,,
2013-06-15,18.77245,35.07742,23.56493,15.720312,33.31034,0.3630208,4.927773999999999,,4.2,,
2013-06-16,18.77245,35.07742,23.56493,15.720312,33.31034,0.3630208,4.927773999999999,,4.2,,
2013-06-17,18.77245,35.07742,23.56493,15.720312,33.31034,0.3630208,4.927773999999999,,4.2,,
2013-06-18,18.77245,35.07742,23.63643,15.720312,33.31034,0.3630208,4.927773999999999,,4.2,,
2013-06-19,18.77245,35.07742,23.63643,15.720312,33.31034,0.3630208,4.927773999999999,,4.2,,
2013-06-20,18.77245,35.07742,23.63643,15.720312,33.37931,0.3630208,4.927773999999999,,4.2,,
2013-06-21,18.75692,35.17419,23.7544,15.720312,33.37931,0.3630208,4.927773999999999,,4.2,,
2013-06-22,18.75692,35.17419,23.7544,15.720312,33.37931,0.3630208,4.927773999999999,,4.2,,
2013-06-23,18.75692,35.17419,23.7544,15.720312,33.37931,0.3630208,4.927773999999999,,4.2,,
2013-06-24,18.75692,35.17419,23.82443,15.720312,33.37931,0.3630208,4.927773999999999,,4.2,,
2013-06-25,18.75692,35.17419,23.82443,15.720312,33.37931,0.3630208,4.927773999999999,,4.2,,
2013-06-26,18.72586,35.30323000000001,23.82443,15.720312,33.37931,0.3630208,5.112817,,4.2,,
2013-06-27,18.72586,35.30323000000001,23.82443,15.720312,33.37931,0.3630208,5.112817,,4.2,,
2013-06-28,18.72586,35.30323000000001,23.82443,15.720312,33.37931,0.3630208,5.420509,,4.2,,
2013-06-29,18.72586,35.30323000000001,23.82443,15.720312,33.37931,0.3630208,5.420509,,4.2,,
2013-06-30,18.72586,35.30323000000001,23.82443,15.720312,33.37931,0.3630208,5.420509,,4.2,,
2013-07-01,18.72586,35.30323000000001,23.82443,15.720312,33.37931,0.3630208,5.420509,,4.205883,,
2013-07-02,18.72586,35.30323000000001,23.82443,15.720312,33.37931,0.3630208,5.420509,,4.222221999999999,,
2013-07-03,18.72586,35.30323000000001,23.82443,15.720312,33.37931,0.3630208,5.420509,,4.222221999999999,,
2013-07-04,18.72586,35.30323000000001,23.82443,15.720312,33.37931,0.3630208,5.420509,,4.222221999999999,,
2013-07-05,18.72586,35.30323000000001,23.82443,15.720312,33.37931,0.3630208,5.420509,,4.233333,,
2013-07-06,18.72586,35.30323000000001,23.82443,15.720312,33.37931,0.3630208,5.420509,,4.233333,,
2013-07-07,18.72586,35.30323000000001,23.82443,15.720312,33.37931,0.3630208,5.420509,,4.233333,,
2013-07-08,18.71421,35.30323000000001,23.88004,15.720312,33.37931,0.3630208,5.420509,,4.233333,,
2013-07-09,18.71421,35.30323000000001,24.06538,15.839705,32.87097,0.3630208,5.420509,,4.244444,,
2013-07-10,18.71421,35.30323000000001,24.09238,15.839705,32.87097,0.3630208,5.420509,,4.244444,,
2013-07-11,18.71421,35.20645,24.09238,15.839705,32.87097,0.3630208,5.420509,,4.244444,,
2013-07-12,18.71421,35.24667,24.35561,15.958571,32.75,0.3630208,6.164097,,4.272222,,
2013-07-13,18.71421,35.24667,24.35561,15.958571,32.75,0.3630208,6.164097,,4.272222,,
2013-07-14,18.71421,35.24667,24.35561,15.958571,32.75,0.3630208,6.164097,,4.272222,,
2013-07-15,18.71421,35.48,24.60817,15.972222,32.75,0.3630208,6.282045999999999,,4.283333,,
2013-07-16,18.71421,35.48,24.72954,15.972222,32.75,0.3630208,6.846146,,4.283333,,
2013-07-17,18.71421,35.48,24.72954,15.972222,32.75,0.3630208,6.846146,,4.294445,,
2013-07-18,18.73362,35.48,24.72954,15.972222,32.75,0.3630208,6.846146,,4.294445,,
2013-07-19,18.73751,34.88,24.55,15.972222,32.75,0.3630208,6.846146,,4.294445,,
2013-07-20,18.73751,34.88,24.55,15.972222,32.75,0.3630208,6.846146,,4.294445,,
2013-07-21,18.73751,34.88,24.55,15.972222,32.75,0.3630208,6.846146,,4.294445,,
2013-07-22,18.73751,34.88,24.55,15.972222,32.75,0.3630208,6.846146,,4.294445,,
2013-07-23,18.73751,34.88,24.55,15.972222,32.75,0.3630208,6.846146,,4.294445,,
2013-07-24,18.73285,34.88,24.55,15.972222,32.75,0.3630208,6.846146,,4.294445,,
2013-07-25,18.73285,34.88,24.55,15.972222,37.24273,0.3630208,7.410244,,4.261111,,
2013-07-26,18.73285,34.81333,24.55,16.45,37.24273,0.3630208,7.410244,,4.261111,,
2013-07-27,18.73285,34.81333,24.55,16.45,37.24273,0.3630208,7.410244,,4.261111,,
2013-07-28,18.73285,34.81333,24.55,16.45,37.24273,0.3630208,7.410244,,4.261111,,
2013-07-29,18.73285,34.81333,24.55,16.45,37.24273,0.3630208,7.410244,,4.261111,,
2013-07-30,18.74838,34.81333,24.55,16.45,37.24273,0.3630208,7.410244,,4.261111,,
2013-07-31,18.78332,34.77242,24.55,16.48472,37.24273,0.3630208,7.410244,,4.261111,,
2013-08-01,18.78332,34.77242,24.55,16.48472,37.24273,0.3630208,7.410244,,4.261111,,
2013-08-02,18.76819,34.77242,24.55,16.48472,37.72758,0.3630208,7.410244,,4.261111,,
2013-08-03,18.76819,34.77242,24.55,16.48472,37.72758,0.3630208,7.410244,,4.261111,,
2013-08-04,18.76819,34.77242,24.55,16.49857,37.72758,0.3630208,7.410244,,4.261111,,
2013-08-05,18.76819,34.77242,24.55,16.49857,37.72758,0.3630208,7.410244,,4.261111,,
2013-08-06,18.47396,34.87586,24.55,16.49857,37.72758,0.3630208,7.410244,,4.261111,,
2013-08-07,18.47396,34.87586,24.55,16.49857,37.97,0.3630208,8.533312,,4.261111,,
2013-08-08,18.47396,34.87586,24.55,16.49857,38.24273,0.3630208,8.769209,,4.261111,,
2013-08-09,18.38061,34.87586,24.55,16.49857,38.24273,0.3723958,9.08331,,4.261111,,
2013-08-10,18.38061,34.87586,24.55,16.49857,38.46906000000001,0.3723958,9.08331,,4.261111,,
2013-08-11,18.38061,34.87586,24.55,16.49857,38.46906000000001,0.3723958,9.08331,,4.261111,,
2013-08-12,18.38061,34.87586,24.55,16.49857,38.46906000000001,0.3723958,9.08331,,4.261111,,
2013-08-13,18.38061,34.87586,24.55,16.49857,38.46906000000001,0.3723958,9.261087,,4.261111,,
2013-08-14,18.4212,34.87586,24.55,16.49857,38.68781000000001,0.3723958,9.261087,,4.261111,,
2013-08-15,18.4212,34.87586,24.55,16.49857,38.75788,0.3723958,9.261087,,4.261111,,
2013-08-16,18.4212,34.87586,24.55,16.49857,39.41206,0.3723958,9.261087,,4.261111,,
2013-08-17,18.4212,34.87586,24.55,16.49857,39.41206,0.3723958,9.261087,,4.261111,,
2013-08-18,18.4212,34.87586,24.55,16.49857,39.41206,0.3723958,9.261087,,4.261111,,
2013-08-19,18.49425,34.87586,24.55,16.51286,39.41206,0.3723958,9.261087,,4.261111,,
2013-08-20,18.54295,34.87586,24.55,16.51286,39.41206,0.3723958,9.261087,,4.261111,,
2013-08-21,18.54295,34.87586,24.55,16.51286,39.41206,0.3723958,9.261087,,4.261111,,
2013-08-22,18.54295,34.94483,24.55,16.51286,39.41206,0.3723958,9.261087,,4.261111,,
2013-08-23,18.54295,35.04827,24.55,16.51286,39.41206,0.3723958,9.261087,,4.261111,,
2013-08-24,18.54295,35.04827,24.55,16.51286,39.41206,0.3723958,9.261087,,4.261111,,
2013-08-25,18.54295,35.04827,24.55,16.51286,39.41206,0.3723958,9.261087,,4.261111,,
2013-08-26,18.54295,35.04827,24.55,16.51286,39.55912,0.3723958,9.261087,,4.261111,,
2013-08-27,18.54295,35.04827,24.55,16.51286,39.55912,0.3723958,9.261087,,4.261111,,
2013-08-28,18.54295,35.04827,24.55,16.51286,39.55912,0.3723958,9.261087,,4.411111,,
2013-08-29,18.54295,35.04827,24.55,16.51286,39.91177,0.3723958,9.261087,,4.411111,,
2013-08-30,18.54295,35.01379,24.53783,16.58677,40.0,0.3723958,9.261087,,4.411111,,
2013-08-31,18.54295,35.01379,24.53783,16.58677,40.0,0.3723958,9.261087,,4.411111,,
2013-09-01,18.54295,35.01379,24.53783,16.58677,40.0,0.3723958,9.261087,,4.411111,,
2013-09-02,18.54295,34.94483,24.53783,16.58677,40.0,0.3723958,9.261087,,4.411111,,
2013-09-03,18.78326,34.87586,24.53783,16.58677,40.42424,0.3723958,9.261087,,4.411111,,
2013-09-04,18.82295,34.8,24.56992,16.58677,40.81818000000001,0.3723958,9.261087,,4.411111,,
2013-09-05,18.83882,34.46207,24.56992,16.58677,41.27273,0.3723958,9.261087,,4.411111,,
2013-09-06,18.85866,34.46207,24.56992,16.58677,41.93939,0.3723958,9.261087,,4.411111,,
2013-09-07,18.85866,34.46207,24.56992,16.58677,41.93939,0.3723958,9.261087,,4.411111,,
2013-09-08,18.85866,34.46207,24.56992,16.58677,41.93939,0.3723958,9.261087,,4.411111,,
2013-09-09,18.87453,34.46207,24.56992,16.58429,42.15152,0.3723958,9.261087,,4.411111,,
2013-09-10,19.13247,34.46207,24.56992,16.58429,42.69697,0.3723958,9.261087,,4.411111,,
2013-09-11,19.14835,34.46207,24.56992,16.58429,43.33333,0.3723958,9.261087,,4.411111,,
2013-09-12,19.1285,34.46207,24.56992,16.58429,43.72727,0.3723958,9.261087,,4.411111,,
2013-09-13,19.1285,34.46207,24.56992,16.58429,43.90909000000001,0.3723958,9.261087,,4.411111,,
2013-09-14,19.1285,34.46207,24.56992,16.58429,43.90909000000001,0.3723958,9.261087,,4.411111,,
2013-09-15,19.1285,34.53571,24.56992,16.58429,43.90909000000001,0.3723958,9.261087,,4.411111,,
2013-09-16,19.1285,34.51852,24.56992,16.58429,43.90909000000001,0.3723958,9.261087,,4.468421,,
2013-09-17,19.14745,34.51852,24.63758,16.58429,44.44118,0.3723958,9.483312999999999,,4.468421,,
2013-09-18,19.14745,34.51852,24.63758,16.60972,44.44118,0.3755208,9.483312999999999,,4.468421,,
2013-09-19,19.14745,34.59259,24.63758,16.60972,45.14706,0.3755208,9.483312999999999,,4.468421,,
2013-09-20,19.26779,34.56429,24.63758,16.65139,45.14706,0.3755208,9.483312999999999,,4.510526,,
2013-09-21,19.26779,34.56429,24.63758,16.65139,45.14706,0.3755208,9.483312999999999,,4.510526,,
2013-09-22,19.26779,34.56429,24.63758,16.65139,45.14706,0.3755208,9.483312999999999,,4.510526,,
2013-09-23,19.50459,34.56429,24.63758,16.65139,45.14706,0.3755208,9.483312999999999,,4.510526,,
2013-09-24,19.50459,34.56429,24.63758,16.65139,46.74286,0.3755208,9.649980000000001,,4.510526,,
2013-09-25,19.50459,34.56429,24.63758,16.65139,47.71429000000001,0.3755208,9.649980000000001,,4.510526,,
2013-09-26,19.50459,34.56429,24.63758,16.65139,48.68571000000001,0.3755208,9.649980000000001,,4.510526,,
2013-09-27,19.50459,34.56429,24.63758,16.6473,48.68571000000001,0.3755208,9.649980000000001,,4.510526,,
2013-09-28,19.50459,34.56429,24.63758,16.6473,48.68571000000001,0.3755208,9.649980000000001,,4.510526,,
2013-09-29,19.50459,34.56429,24.63758,16.6473,48.68571000000001,0.3755208,9.649980000000001,,4.510526,,
2013-09-30,19.50459,34.45714,24.63758,16.6473,48.68571000000001,0.3755208,9.649980000000001,,4.510526,,
2013-10-01,19.50459,34.45714,24.68137,16.6473,49.31429000000001,0.3755208,9.649980000000001,,4.510526,,
2013-10-02,19.50459,34.45714,24.68137,16.65658,49.68571000000001,0.3755208,9.649980000000001,,4.510526,,
2013-10-03,19.52633,34.45714,24.68137,16.65658,50.0,0.3755208,9.649980000000001,,4.510526,,
2013-10-04,19.6622,34.45714,24.68137,16.65658,51.64865,0.3755208,9.927762,,4.510526,,
2013-10-05,19.6622,34.45714,24.68137,16.65658,51.64865,0.3755208,9.927762,,4.510526,,
2013-10-06,19.6622,34.45714,24.68137,16.65658,51.64865,0.3755208,9.927762,,4.510526,,
2013-10-07,19.6622,34.45714,24.68137,16.67105,51.64865,0.3755208,9.927762,,4.510526,,
2013-10-08,19.6622,34.45714,24.68137,16.67105,51.64865,0.3755208,9.927762,,4.510526,,
2013-10-09,19.6622,34.45714,24.64008,16.67105,51.64865,0.3755208,9.927762,,4.510526,,
2013-10-10,19.6622,34.45714,24.64008,16.67105,51.81081,0.3744792,9.927762,,4.510526,,
2013-10-11,19.68549,34.45714,24.64008,16.67105,51.81081,0.3744792,9.927762,,4.510526,,
2013-10-12,19.68549,34.45714,24.64008,16.67105,51.81081,0.3744792,9.927762,,4.510526,,
2013-10-13,19.68549,34.45714,24.64008,16.67105,51.81081,0.3744792,9.927762,,4.510526,,
2013-10-14,19.701,34.77857,24.64008,16.67105,52.21622000000001,0.3744792,10.261096,,4.510526,,
2013-10-15,19.701,34.77857,24.66511,16.67105,52.21622000000001,0.3744792,10.261096,,4.510526,,
2013-10-16,19.701,34.77857,24.66511,16.67105,52.21622000000001,0.3744792,10.261096,,4.542104999999999,,
2013-10-17,19.75924,34.77857,24.66511,16.77632,52.21622000000001,0.3744792,10.261096,,4.542104999999999,,
2013-10-18,19.75924,34.77857,26.56569,16.77632,52.21622000000001,0.3744792,10.316651,,4.542104999999999,,
2013-10-19,19.75924,34.77857,26.56569,16.77632,52.21622000000001,0.3744792,10.316651,,4.542104999999999,,
2013-10-20,19.75924,34.77857,26.56569,16.77632,52.21622000000001,0.3744792,10.316651,,4.542104999999999,,
2013-10-21,19.78254,34.77857,26.56569,16.82895,52.97297,0.3744792,10.316651,,4.573684,,
2013-10-22,19.81592,34.77857,26.56569,16.875,52.97297,0.3744792,10.316651,,4.573684,,
2013-10-23,19.81592,34.77857,26.78152,16.875,53.94595,0.373913,10.316651,,4.588889,,
2013-10-24,19.81592,34.88572000000001,26.78152,16.875,53.94595,0.373913,10.316651,,4.588889,,
2013-10-25,19.8625,35.6,26.78152,19.45256,55.08108000000001,0.3744792,10.316651,,4.588889,,
2013-10-26,19.8625,35.6,26.78152,19.45256,55.08108000000001,0.3744792,10.316651,,4.588889,,
2013-10-27,19.8625,35.65926,26.78152,19.45256,55.08108000000001,0.3744792,10.316651,,4.588889,,
2013-10-28,19.8625,35.65926,26.78152,19.45256,55.08108000000001,0.3744792,10.316651,,4.588889,,
2013-10-29,20.71732,35.65926,26.78152,19.45256,55.08108000000001,0.373913,10.316651,,4.588889,,
2013-10-30,20.71732,35.65926,26.78152,19.45256,55.08108000000001,0.373913,10.316651,,4.588889,,
2013-10-31,20.73245,35.65926,26.78152,19.45256,58.85526000000001,0.373913,10.316651,,4.588889,,
2013-11-01,20.73245,35.65926,26.82219,19.45256,58.85526000000001,0.3717391,10.316651,,4.588889,,
2013-11-02,20.73245,35.65926,26.82219,19.45256,58.85526000000001,0.3717391,10.316651,,4.588889,,
2013-11-03,20.73245,35.65926,26.82219,19.53026,58.85526000000001,0.3717391,10.316651,,4.588889,,
2013-11-04,20.73245,35.65926,26.82219,19.53026,58.85526000000001,0.3717391,10.316651,,4.564706,,
2013-11-05,20.73245,35.84444000000001,26.82219,19.59865,58.85526000000001,0.3717391,10.316651,,4.564706,,
2013-11-06,20.73245,35.84444000000001,26.82219,19.59865,58.85526000000001,0.3717391,10.2222,,4.564706,,
2013-11-07,20.81437,35.84444000000001,26.82219,19.59865,58.85526000000001,0.3717391,10.2222,,4.564706,,
2013-11-08,20.80272,35.84444000000001,26.82219,19.62237,58.85526000000001,0.3770833,10.2222,,4.564706,,
2013-11-09,20.80272,35.84444000000001,26.82219,19.62237,58.85526000000001,0.3770833,10.2222,,4.564706,,
2013-11-10,20.80272,35.84444000000001,26.82219,19.62237,58.85526000000001,0.3770833,10.2222,,4.564706,,
2013-11-11,20.80272,35.84444000000001,26.82219,19.62237,58.85526000000001,0.3770833,10.2222,,4.605556,,
2013-11-12,20.80272,35.84444000000001,26.82219,19.62237,58.85526000000001,0.3770833,10.2222,,4.605556,,
2013-11-13,20.80272,35.84444000000001,26.82219,19.62237,58.85526000000001,0.3770833,10.2222,,4.605556,,
2013-11-14,20.80272,35.84444000000001,26.91603,19.62237,59.22368,0.3770833,10.2222,,4.605556,,
2013-11-15,20.80272,35.84444000000001,26.91603,19.78553,59.22368,0.3770833,10.2222,,4.605556,,
2013-11-16,20.80272,35.84444000000001,26.91603,19.78553,59.22368,0.3770833,10.2222,,4.605556,,
2013-11-17,20.80272,35.84444000000001,26.91603,19.78553,59.22368,0.3770833,10.2222,,4.605556,,
2013-11-18,20.80272,35.95714,27.01925,19.78553,59.22368,0.375,10.2222,,4.605556,,
2013-11-19,20.80272,35.95714,27.01925,19.91053,59.24359,0.375,10.105535,,4.605556,,
2013-11-20,20.80272,35.95714,27.01925,19.91053,59.24359,0.375,10.105535,,4.605556,,
2013-11-21,20.80272,35.95714,27.01925,19.91053,59.24359,0.375,10.105535,,4.605556,,
2013-11-22,20.80272,36.17143,27.01925,19.95658,59.24359,0.375,10.105535,,4.605556,,
2013-11-23,20.80272,36.17143,27.01925,19.95658,59.24359,0.375,10.105535,,4.605556,,
2013-11-24,20.80272,36.17143,27.01925,19.95658,59.24359,0.375,10.105535,,4.605556,,
2013-11-25,20.80272,36.57857000000001,27.23821,19.95658,59.24359,0.375,10.105535,,4.627778,,
2013-11-26,20.80272,36.57857000000001,27.23821,19.95658,59.24359,0.375,10.105535,,4.627778,,
2013-11-27,20.80272,36.57857000000001,27.23821,19.95658,59.24359,0.375,10.105535,,4.627778,,
2013-11-28,20.80272,36.57857000000001,27.23821,19.95658,59.24359,0.375,10.105535,,4.627778,,
2013-11-29,20.84154,36.57857000000001,27.23821,20.14079,59.24359,0.375,10.105535,,4.738888999999999,,
2013-11-30,20.84154,36.57857000000001,27.23821,20.14079,59.24359,0.375,10.105535,,4.738888999999999,,
2013-12-01,20.84154,36.57857000000001,27.23821,20.14079,59.24359,0.375,10.105535,,4.738888999999999,,
2013-12-02,20.94636,36.57857000000001,27.34769,20.14079,59.24359,0.375,9.994418,,4.761111,,
2013-12-03,20.94636,36.57857000000001,27.34769,20.14079,59.24359,0.375,9.994418,,4.761111,,
2013-12-04,20.96576,36.57857000000001,27.34769,20.14079,59.24359,0.375,9.994418,,4.761111,,
2013-12-05,21.00459,36.57857000000001,27.34769,20.14079,59.24359,0.375,9.994418,,4.977778,,
2013-12-06,20.99841,36.57857000000001,27.34769,20.14079,59.24359,0.375,9.994418,,4.977778,,
2013-12-07,20.99841,36.57857000000001,27.34769,20.14079,59.24359,0.375,9.994418,,4.977778,,
2013-12-08,20.99841,36.57857000000001,27.34769,20.14079,59.24359,0.375,9.994418,,4.977778,,
2013-12-09,20.99841,36.57857000000001,27.52161,20.14079,59.24359,0.375,9.994418,,4.977778,,
2013-12-10,21.0668,36.57857000000001,27.65487,20.14079,59.24359,0.375,9.994418,,4.977778,,
2013-12-11,21.0668,36.57857000000001,27.74871,20.14079,59.24359,0.375,9.994418,,5.031579,,
2013-12-12,21.16558,36.57857000000001,27.82378,20.14079,59.24359,0.375,9.994418,,5.031579,,
2013-12-13,21.20358,36.57857000000001,27.82378,20.14079,59.34615,0.375,9.994418,,5.216667,,
2013-12-14,21.20358,37.00741,27.82378,20.14079,59.34615,0.375,9.994418,,5.216667,,
2013-12-15,21.20358,37.00741,27.82378,20.14079,59.34615,0.375,9.994418,,5.216667,,
2013-12-16,21.23777,37.00741,27.82378,20.15395,59.85897000000001,0.375,9.994418,,5.582941,,
2013-12-17,21.26816,37.00741,27.82378,20.15395,59.85897000000001,0.375,9.994418,,5.582941,,
2013-12-18,21.26816,37.00741,27.82378,20.15395,59.85897000000001,0.375,9.994418,,5.582941,,
2013-12-19,21.26816,37.00741,27.82378,20.23289,59.87838000000001,0.375,9.994418,,5.582941,,
2013-12-20,21.32515,37.00741,27.82378,20.23289,59.93421000000001,0.375,9.994418,,5.582941,,
2013-12-21,21.32515,37.00741,27.82378,20.23289,59.93421000000001,0.375,9.994418,,5.582941,,
2013-12-22,21.32515,37.00741,27.82378,20.23289,59.93421000000001,0.375,9.994418,,5.582941,,
2013-12-23,21.36314,37.00741,27.82378,20.23289,59.93421000000001,0.375,9.994418,,5.582941,,
2013-12-24,21.36314,37.00741,27.82378,20.23289,59.93421000000001,0.375,9.994418,,5.582941,,
2013-12-25,21.36314,37.00741,27.82378,20.23289,59.93421000000001,0.375,9.994418,,5.582941,,
2013-12-26,21.39278,37.00741,27.82378,20.23289,59.93421000000001,0.375,9.994418,,5.582941,,
2013-12-27,21.39278,37.00741,27.82378,20.3329,59.93421000000001,0.375,9.994418,,5.582941,,
2013-12-28,21.39278,37.00741,27.82378,20.3329,59.93421000000001,0.375,9.994418,,5.582941,,
2013-12-29,21.43961,37.00741,27.82378,20.3329,59.93421000000001,0.375,9.994418,,5.582941,,
2013-12-30,21.43961,37.00741,27.82378,20.3329,59.93421000000001,0.375,9.994418,,5.582941,,
2013-12-31,21.43961,37.00741,28.09905,20.37237,59.93421000000001,0.376,9.994418,,5.582941,,
2014-01-01,21.43961,37.00741,28.09905,20.37237,59.93421000000001,0.376,9.994418,,5.606471,,
2014-01-02,21.43961,37.00741,28.19289,20.47763,59.93421000000001,0.376,9.994418,,5.606471,,
2014-01-03,21.43961,37.00741,28.41186,20.47763,60.30263000000001,0.376,9.994418,,5.606471,,
2014-01-04,21.43961,37.00741,28.41186,20.47763,60.30263000000001,0.376,9.994418,,5.606471,,
2014-01-05,21.43961,37.00741,28.41186,20.47763,60.30263000000001,0.376,9.994418,,5.606471,,
2014-01-06,21.43961,37.11852,28.60079,20.51842,60.53947,0.376,9.994418,,5.606471,,
2014-01-07,21.43961,37.23846,28.73529,20.56447,60.53947,0.376,9.994418,,5.606471,,
2014-01-08,21.43961,37.50769,28.73529,20.56447,60.53947,0.376,9.994418,,5.606471,,
2014-01-09,21.43961,37.50769,28.73529,20.76184,60.77632000000001,0.376,9.994418,,5.606471,,
2014-01-10,21.47929,37.50769,29.07996,20.95135,61.01282,0.376,9.994418,,5.677778,,
2014-01-11,21.47929,37.50769,29.07996,20.95135,61.01282,0.376,9.994418,,5.677778,,
2014-01-12,21.47929,37.50769,29.07996,20.95135,61.14474000000001,0.376,9.994418,,5.677778,,
2014-01-13,21.47929,37.54615,29.25151,21.0579,61.3718,0.376,9.994418,,5.677778,,
2014-01-14,21.47233,37.54615,29.25151,21.0579,61.3718,0.376,9.994418,,5.772221999999999,,
2014-01-15,21.47233,37.58461,29.49282,21.0579,61.44872,0.376,10.105529,,5.838889,,
2014-01-16,21.47233,37.58461,29.49282,21.0579,61.3875,0.376,10.105529,,5.838889,,
2014-01-17,21.47233,37.58461,29.82945,21.0579,61.5125,0.379,10.105529,,5.838889,,
2014-01-18,21.47233,37.58461,29.82945,21.0579,61.5125,0.379,10.105529,,5.838889,,
2014-01-19,21.47233,37.58461,29.82945,21.0579,61.5125,0.379,10.105529,,5.838889,,
2014-01-20,21.5535,37.58461,29.9927,21.13684,61.7875,0.379,10.105529,,5.838889,,
2014-01-21,21.56567,37.89231,30.10591,21.13684,61.7875,0.379,10.105529,,5.838889,,
2014-01-22,21.56567,37.85385,30.10591,21.13684,62.1875,0.379,10.105529,,5.838889,,
2014-01-23,21.56567,37.85385,30.3925,21.13684,62.1875,0.379,10.105529,,5.838889,,
2014-01-24,21.5481,38.79615,30.3925,21.22895,62.1875,0.379,10.205529,,5.838889,,
2014-01-25,21.5481,38.79615,30.3925,21.22895,62.1875,0.379,10.205529,,5.838889,,
2014-01-26,21.5481,38.79615,30.58086,21.22895,62.1875,0.379,10.205529,,5.838889,,
2014-01-27,21.5481,38.71923,30.67711,21.22895,62.1875,0.379,10.205529,,5.838889,,
2014-01-28,21.03645,38.71923,30.62963,21.26184,62.1875,0.379,10.205529,,5.838889,,
2014-01-29,21.00804,38.71923,30.70783,21.32105,62.3125,0.379,10.205529,,5.838889,,
2014-01-30,21.00804,38.71923,30.85485,21.32105,70.80488000000001,0.379,10.205529,,5.838889,,
2014-01-31,21.00804,38.76667,32.38491,21.75132,70.80488000000001,0.3825,10.205529,,5.850000000000001,,
2014-02-01,21.00804,38.76667,32.38491,21.75132,70.80488000000001,0.3825,10.205529,,5.850000000000001,,
2014-02-02,21.00804,38.76667,32.58641,21.75132,70.80488000000001,0.3825,10.205529,,5.850000000000001,,
2014-02-03,21.00804,38.91481,32.58641,21.73816,70.80488000000001,0.3825,10.205529,,5.850000000000001,,
2014-02-04,21.00804,38.98889,32.67796000000001,21.73816,70.80488000000001,0.3825,10.205529,,5.850000000000001,,
2014-02-05,21.00804,38.98889,32.67796000000001,21.73816,70.80488000000001,0.3825,10.205529,,5.850000000000001,,
2014-02-06,21.00804,38.98889,32.66256,21.73816,70.80488000000001,0.3825,10.205529,,5.850000000000001,,
2014-02-07,21.004,38.98889,32.66256,21.73816,70.80488000000001,0.3825,10.205529,,5.850000000000001,,
2014-02-08,21.004,38.98889,32.66256,21.73816,70.875,0.3825,10.205529,,5.850000000000001,,
2014-02-09,21.004,38.98889,32.66256,21.73816,70.875,0.3825,10.205529,,5.850000000000001,,
2014-02-10,21.004,38.98889,32.66256,21.73816,70.875,0.3825,10.205529,,5.850000000000001,,
2014-02-11,21.004,38.98889,32.66256,21.63947,70.875,0.3825,10.205529,,5.905556,,
2014-02-12,21.004,38.98889,32.66256,21.63947,70.875,0.3825,10.205529,,5.905556,,
2014-02-13,21.004,38.98889,33.09452,21.63947,71.525,0.4365,10.205529,,5.927778,,
2014-02-14,21.01616,39.15926,33.09452,21.63947,71.525,0.4365,10.566639,,5.927778,,
2014-02-15,21.01616,39.15926,33.09452,21.63947,71.525,0.4365,10.566639,,5.927778,,
2014-02-16,21.01616,39.15926,33.09452,21.63947,71.525,0.4365,10.566639,,5.927778,,
2014-02-17,21.01616,39.15926,33.09452,21.63947,71.525,0.4365,10.753309,,5.927778,,
2014-02-18,21.01616,39.15926,33.09452,21.63947,71.525,0.4365,10.753309,,5.983333,,
2014-02-19,21.01616,39.15926,33.09452,21.63947,71.425,0.4365,10.753309,,5.983333,,
2014-02-20,21.01616,39.15926,33.09452,21.63947,71.525,0.4365,12.727752,,5.983333,,
2014-02-21,21.01616,39.15926,33.09452,21.63947,71.9,0.4365,12.727752,,6.036842,,
2014-02-22,21.01616,39.15926,33.09452,21.63947,71.9,0.4365,12.727752,,6.036842,,
2014-02-23,21.01616,39.15926,33.09452,21.63947,71.9,0.4365,12.727752,,6.036842,,
2014-02-24,21.01616,39.15926,33.09452,21.63947,71.9,0.4365,12.727752,,6.036842,,
2014-02-25,21.01616,39.15926,33.09452,21.63947,72.275,0.4365,13.655527,,6.036842,,
2014-02-26,21.01616,39.15357,33.09452,21.63947,72.275,0.4365,14.555513,,6.326315999999999,,
2014-02-27,21.01616,39.15357,33.1124,21.63947,72.47500000000001,0.4380208,14.555513,,6.326315999999999,,
2014-02-28,21.04051,39.15357,33.1124,21.63947,72.47500000000001,0.4380208,14.705511,,6.326315999999999,,
2014-03-01,21.04051,39.15357,33.1124,21.63947,72.47500000000001,0.4380208,14.705511,,6.326315999999999,,
2014-03-02,21.04051,39.15357,33.1124,21.63947,72.47500000000001,0.4380208,14.705511,,6.326315999999999,,
2014-03-03,21.04051,39.15357,33.1124,21.63947,72.47500000000001,0.4380208,14.705511,,6.326315999999999,,
2014-03-04,21.04051,39.15357,33.1124,21.63947,72.72500000000001,0.4380208,14.705511,,6.326315999999999,,
2014-03-05,21.04051,39.15357,33.1124,21.63947,72.72500000000001,0.4380208,14.117907,,6.326315999999999,,
2014-03-06,21.04051,39.15357,33.1124,21.63947,72.72500000000001,0.4380208,14.127738,,6.326315999999999,,
2014-03-07,21.04051,39.15357,33.172,21.63947,73.47500000000001,0.4380208,14.127738,,6.326315999999999,,
2014-03-08,21.04051,39.15357,33.172,21.63947,73.47500000000001,0.4380208,14.127738,,6.326315999999999,,
2014-03-09,21.04051,39.15357,33.1876,21.63947,73.47500000000001,0.4445652,14.127738,,6.326315999999999,,
2014-03-10,21.07691,39.15357,33.23032000000001,21.63947,74.15,0.4445652,14.127738,,6.326315999999999,,
2014-03-11,21.07691,39.15357,33.23032000000001,21.63947,74.15,0.4445652,14.127738,,6.378947,,
2014-03-12,21.07691,39.15357,33.23032000000001,21.63947,74.15,0.4445652,14.127738,,6.378947,,
2014-03-13,21.07691,39.15357,33.23032000000001,21.63947,74.3,0.4445652,14.127738,,6.378947,,
2014-03-14,21.07691,39.15357,33.23032000000001,21.63947,74.3,0.4445652,14.294405,,6.431578999999999,,
2014-03-15,21.07691,39.15357,33.23032000000001,21.63947,74.3,0.4445652,14.294405,,6.494444,,
2014-03-16,21.07691,39.15357,33.23032000000001,21.63947,74.3,0.4445652,14.294405,,6.494444,,
2014-03-17,21.07691,39.18929,33.23032000000001,21.65921,74.3,0.4445652,14.461072,,6.494444,,
2014-03-18,21.07691,39.225,33.23032000000001,21.65921,74.3,0.4479167,14.461072,,6.494444,,
2014-03-19,21.07691,39.40357,33.23032000000001,21.65921,74.3,0.4479167,14.461072,,6.494444,,
2014-03-20,21.10785,39.40357,33.2291,21.65921,74.3,0.4479167,14.461072,,6.494444,,
2014-03-21,21.10785,39.40357,33.25962000000001,21.65921,74.3,0.4479167,14.461072,,6.494444,,
2014-03-22,21.10785,39.40357,33.25962000000001,21.65921,74.3,0.4479167,14.461072,,6.494444,,
2014-03-23,21.10785,39.40357,33.25962000000001,21.65921,74.3,0.4479167,14.461072,,6.494444,,
2014-03-24,21.10785,39.51072000000001,33.25962000000001,21.65921,74.3,0.4479167,14.461072,,6.494444,,
2014-03-25,21.10785,39.51072000000001,33.25962000000001,21.65921,74.3,0.45,14.425605,,6.494444,,
2014-03-26,21.10785,39.83214,33.29625,21.65921,74.3,0.45,14.425605,,6.494444,,
2014-03-27,21.10785,40.18929,33.31192,21.65921,74.3,0.45,14.425605,,6.610526,,
2014-03-28,21.10785,40.18929,33.31192,21.65921,74.3,0.45,14.425605,,6.610526,,
2014-03-29,21.10785,40.18929,33.31192,21.65921,74.3,0.45,14.425605,,6.610526,,
2014-03-30,21.08516,40.18929,33.31192,21.65921,74.3,0.45,14.425605,,6.610526,,
2014-03-31,21.08516,40.18929,33.3111,21.65921,74.3,0.458,14.425605,,6.610526,,
2014-04-01,21.08516,40.18929,33.32735,21.65921,74.3,0.458,14.425605,,6.694737,,
2014-04-02,21.08516,40.18929,33.33963,21.65921,74.3,0.458,14.425605,,6.694737,,
2014-04-03,21.08921,40.18929,33.338,21.65921,74.3,0.458,14.425605,,6.694737,,
2014-04-04,21.08921,40.18929,33.33707,21.65921,74.3,0.458,14.425605,,6.715789,,
2014-04-05,21.08921,40.18929,33.33707,21.65921,74.3,0.458,14.425605,,6.715789,,
2014-04-06,21.08921,40.18929,33.33707,21.65921,74.3,0.458,14.425605,,6.715789,,
2014-04-07,21.08921,40.18929,33.33624,21.65921,74.3,0.458,14.425605,,6.715789,,
2014-04-08,21.13644,40.18929,33.39644000000001,21.65921,74.22500000000001,0.458,14.425605,,6.773683999999999,,
2014-04-09,21.13644,40.18929,33.46211,21.65921,74.4,0.458,14.425605,,6.773683999999999,,
2014-04-10,21.16024,40.29643,33.46212000000001,21.65921,74.4,0.461,14.425605,,6.773683999999999,,
2014-04-11,21.16024,40.29643,33.45973,21.65921,74.4,0.461,14.425605,,6.773683999999999,,
2014-04-12,21.16024,40.29643,33.45973,21.65921,74.4,0.461,14.425605,,6.773683999999999,,
2014-04-13,21.16024,40.29643,33.45973,21.65921,74.4,0.461,14.425605,,6.773683999999999,,
2014-04-14,21.16024,40.29643,33.65793,21.65921,74.4,0.461,14.425605,,6.773683999999999,,
2014-04-15,21.16024,40.29643,33.65793,21.65921,74.4,0.461,14.425605,,6.773683999999999,,
2014-04-16,21.16024,40.43929000000001,33.65793,21.65921,74.4,0.461,14.425605,,6.773683999999999,,
2014-04-17,21.19596,40.40357,33.12433,21.65921,74.95,0.461,14.425605,,6.773683999999999,,
2014-04-18,21.19596,40.40357,33.12433,21.64605,74.95,0.461,14.425605,,6.773683999999999,,
2014-04-19,21.19596,40.40357,33.12433,21.64605,74.95,0.461,14.425605,,6.773683999999999,,
2014-04-20,21.19596,40.40357,33.12433,21.64605,74.95,0.461,14.425605,,6.773683999999999,,
2014-04-21,21.19596,40.40357,33.12433,21.64605,74.95,0.461,14.425605,,6.773683999999999,,
2014-04-22,21.19596,40.40357,33.12433,21.60658,74.95,0.461,14.425605,,6.773683999999999,,
2014-04-23,21.22771,40.40357,33.12433,21.60658,74.95,0.461,14.425605,,6.773683999999999,,
2014-04-24,21.88223,40.40357,33.12433,21.60658,78.0,0.461,14.425605,,6.773683999999999,,
2014-04-25,21.88223,41.65357,33.12358,20.87368,78.0,0.461,14.425605,,6.773683999999999,,
2014-04-26,21.88223,41.65357,33.12358,20.87368,78.0,0.461,14.425605,,6.773683999999999,,
2014-04-27,21.88223,41.65357,33.12358,20.87368,78.0,0.461,14.425605,,6.773683999999999,,
2014-04-28,21.88223,41.90000000000001,33.12358,20.87368,78.0,0.461,14.425605,,6.773683999999999,,
2014-04-29,21.93167,42.02222,33.12358,20.87368,78.0,0.461,14.425605,,6.773683999999999,,
2014-04-30,21.97929,42.02222,33.10873,20.87368,78.0,0.4543269,14.425605,,6.773683999999999,,
2014-05-01,22.03882,42.02222,33.10873,20.87368,78.0,0.4543269,14.425605,,6.844443999999999,,
2014-05-02,22.05469,42.02222,33.10873,20.87368,78.0,0.4552885,14.425605,,6.844443999999999,,
2014-05-03,22.05469,42.02222,33.10873,20.87368,78.0,0.4552885,14.425605,,6.844443999999999,,
2014-05-04,22.05469,42.02222,33.10873,20.87368,78.0,0.4552885,14.425605,,6.844443999999999,,
2014-05-05,22.05469,42.02222,33.10873,20.87368,78.0,0.4552885,14.425605,,6.844443999999999,,
2014-05-06,22.09437,42.02222,33.10873,20.87368,78.0,0.4581731,14.425605,,6.927778,,
2014-05-07,22.1539,42.02222,33.10873,20.87368,78.0,0.4591346,14.425605,,6.927778,,
2014-05-08,22.21908,42.02222,33.10873,20.87368,78.0,0.4716346,14.266627,,7.073684,,
2014-05-09,22.23747,42.25385,33.10873,20.87368,78.0,0.4735577,14.266627,,7.073684,,
2014-05-10,22.23747,42.25385,33.10873,20.87368,78.41026000000001,0.4735577,14.266627,,7.073684,,
2014-05-11,22.23747,42.25385,33.10873,20.87368,78.41026000000001,0.4735577,14.266627,,7.073684,,
2014-05-12,22.23747,42.25385,33.10873,20.87368,78.41026000000001,0.4735577,14.266627,,7.145,,
2014-05-13,22.23747,42.25385,33.01869,20.87368,78.1282,0.4735577,14.266627,,7.145,,
2014-05-14,22.23747,41.94815000000001,33.01869,20.91081,78.1282,0.4735577,14.266627,,7.145,,
2014-05-15,22.23747,41.79231,33.01869,20.91081,78.1282,0.4783654,14.266627,,7.165,,
2014-05-16,22.23747,41.79231,33.01869,20.8079,78.1282,0.4783654,14.266627,,7.165,,
2014-05-17,22.23747,41.79231,33.01869,20.8079,78.1282,0.4783654,14.266627,,7.165,,
2014-05-18,22.23747,41.79231,33.01869,20.8079,78.1282,0.4783654,14.266627,,7.165,,
2014-05-19,22.23747,41.79231,33.01869,20.8079,78.1282,0.4783654,14.266627,,7.165,,
2014-05-20,22.23747,41.79231,33.01869,20.8079,78.1282,0.4783654,14.266627,,7.165,,
2014-05-21,22.23747,41.79231,33.01869,20.8079,78.28205000000001,0.4783654,14.266627,,7.165,,
2014-05-22,22.23747,41.79231,33.01869,20.8079,78.28205000000001,0.4783654,14.266627,,7.165,,
2014-05-23,22.23747,41.79231,33.01869,20.8079,78.28205000000001,0.4783654,14.266627,,7.25,,
2014-05-24,22.23747,41.79231,32.93903,20.8079,78.28205000000001,0.4783654,14.266627,,7.25,,
2014-05-25,22.23747,41.79231,32.93903,20.8079,78.28205000000001,0.4783654,14.266627,,7.25,,
2014-05-26,22.23747,41.79231,32.93903,20.8079,78.28205000000001,0.4783654,14.266627,,7.25,,
2014-05-27,22.43847,41.79231,32.93903,20.8079,78.28205000000001,0.4783654,14.266627,,7.300000000000001,,
2014-05-28,22.7084,41.79231,32.93903,20.82564,78.28205000000001,0.4783654,14.266627,,7.36,,
2014-05-29,22.7765,41.79231,32.93903,20.82564,78.28205000000001,0.4783654,14.266627,,7.36,,
2014-05-30,22.80142,41.79231,32.93903,20.82564,78.28205000000001,0.4783654,14.266627,,7.971428,,
2014-05-31,22.80142,41.79231,32.93903,20.82564,78.28205000000001,0.4783654,14.266627,,7.971428,,
2014-06-01,22.80142,41.79231,32.93903,20.82564,78.28205000000001,0.4783654,14.266627,,7.971428,,
2014-06-02,22.93847,41.83704,32.93903,20.82564,78.28205000000001,0.4783654,14.266627,,7.971428,,
2014-06-03,22.93847,41.83704,32.93903,20.82564,78.28205000000001,0.4783654,14.266627,,7.971428,,
2014-06-04,23.00076,42.05926,32.93903,20.82564,78.28205000000001,0.4783654,14.266627,,7.971428,,
2014-06-05,23.10873,42.05926,32.93903,20.82564,78.28205000000001,0.4783654,14.266627,,7.971428,,
2014-06-06,23.22918,42.05926,32.93903,20.82564,78.28205000000001,0.4782407,14.266627,,7.971428,,
2014-06-07,23.22918,42.05926,32.93903,20.82564,78.28205000000001,0.4782407,14.266627,,7.971428,,
2014-06-08,23.22918,42.05926,32.93903,20.82564,78.28205000000001,0.4782407,14.266627,,7.971428,,
2014-06-09,23.24662,42.05926,32.93903,20.82564,78.28205000000001,0.4782407,14.266627,,7.971428,,
2014-06-10,23.38385,42.05926,32.93903,20.78718,78.28205000000001,0.4782407,14.266627,,7.971428,,
2014-06-11,23.49749,42.28148,32.93903,20.78718,78.28205000000001,0.4782407,14.266627,,7.971428,,
2014-06-12,23.55807,42.28148,32.93903,20.78718,78.28205000000001,0.4782407,14.266627,,7.971428,,
2014-06-13,23.69096,42.28148,32.93903,20.70263,78.23684,0.4782407,14.866625,,7.971428,,
2014-06-14,23.69096,42.28148,32.93903,20.70263,78.23684,0.4782407,14.866625,,7.971428,,
2014-06-15,23.69096,42.28148,32.93903,20.70263,78.23684,0.4782407,14.866625,,7.971428,,
2014-06-16,23.76073,42.28148,32.93903,20.70263,78.23684,0.4782407,14.866625,,7.971428,,
2014-06-17,23.76073,42.28148,32.93903,20.70263,78.23684,0.4782407,14.866625,,7.971428,,
2014-06-18,23.76073,42.28148,32.93903,20.70263,78.23684,0.4782407,14.866625,,7.971428,,
2014-06-19,23.76073,42.28148,32.93903,20.70263,78.23684,0.4782407,14.866625,,7.971428,,
2014-06-20,23.76073,42.28148,32.93903,20.70263,78.23684,0.4782407,14.866625,,7.971428,,
2014-06-21,23.76073,42.28148,32.93903,20.70263,78.23684,0.4782407,14.866625,,7.971428,,
2014-06-22,23.76073,42.28148,32.93903,20.70263,78.23684,0.4782407,14.866625,,7.971428,,
2014-06-23,24.00492,42.28148,32.92857,20.59487,78.23077,0.4782407,14.866625,,7.971428,,
2014-06-24,23.98123,42.28148,32.92857,20.59487,78.23077,0.4782407,14.866625,,7.971428,,
2014-06-25,23.98123,42.28148,32.92857,20.59487,78.23077,0.4782407,14.866625,,7.971428,,
2014-06-26,23.98123,42.28148,32.92857,20.59487,78.23077,0.4782407,14.866625,,7.971428,,
2014-06-27,23.98123,42.28148,32.94167,20.59487,78.23077,0.4782407,14.866625,,7.971428,,
2014-06-28,23.98123,42.28148,32.94167,20.59487,78.23077,0.4782407,14.866625,,7.971428,,
2014-06-29,23.98123,42.28148,32.94167,20.59487,78.23077,0.4782407,14.866625,,7.971428,,
2014-06-30,24.2026,42.28148,32.94167,20.59487,78.23077,0.4782407,14.866625,,7.971428,,
2014-07-01,24.28981,42.28148,32.97143000000001,20.59487,78.23077,0.4824074,14.866625,,7.971428,,
2014-07-02,24.28981,42.28148,32.97143000000001,20.59487,78.23077,0.4824074,14.866625,,7.971428,,
2014-07-03,24.42257,42.28148,32.98903,20.57105,78.36842,0.4817308,14.866625,,7.985714,,
2014-07-04,24.42257,42.28148,32.98903,20.57105,78.36842,0.4817308,14.866625,,7.985714,,
2014-07-05,24.42257,42.28148,32.98903,20.57105,78.36842,0.4817308,14.866625,,7.985714,,
2014-07-06,24.42257,42.28148,32.98903,20.57105,78.36842,0.4817308,14.866625,,7.985714,,
2014-07-07,24.56093,42.28148,32.97683,20.57105,78.55264000000001,0.4817308,14.866625,,7.985714,,
2014-07-08,24.65675,42.28148,32.97683,20.57105,78.55264000000001,0.4817308,14.866625,,7.985714,,
2014-07-09,24.71772,42.31852000000001,32.97683,20.57105,78.6579,0.4817308,14.866625,,7.985714,,
2014-07-10,24.71772,42.42963,32.97683,20.57105,78.6579,0.4817308,14.866625,,8.01,,
2014-07-11,24.80919,42.5037,33.00238,20.57105,78.6579,0.4817308,14.866625,,8.01,,
2014-07-12,24.80919,42.5037,33.00238,20.57105,78.6579,0.4817308,14.866625,,8.01,,
2014-07-13,24.80919,42.5037,33.00238,20.57105,78.6579,0.4817308,14.866625,,8.01,,
2014-07-14,24.94857,42.87407,33.00238,20.57105,78.6579,0.4817308,14.866625,,8.057143,,
2014-07-15,25.03313,42.87407,32.94643,20.57105,78.6579,0.4817308,14.866625,,8.057143,,
2014-07-16,25.03313,43.46667,32.94643,20.57105,78.6579,0.4817308,14.866625,,8.057143,,
2014-07-17,25.03313,43.76296000000001,32.94643,20.57105,78.6579,0.4817308,14.866625,,8.057143,,
2014-07-18,25.45345,43.76296000000001,33.52976,20.51053,78.6579,0.4817308,14.866625,,8.057143,,
2014-07-19,25.45345,43.76296000000001,33.52976,20.51053,78.6579,0.4817308,14.866625,,8.057143,,
2014-07-20,25.45345,43.76296000000001,33.52976,20.51053,78.6579,0.4817308,14.866625,,8.057143,,
2014-07-21,25.45345,43.76296000000001,33.53,20.51053,78.63158,0.4817308,14.866625,,8.057143,,
2014-07-22,25.45345,43.76296000000001,33.53,20.48553,78.63158,0.4817308,14.866625,,8.057143,,
2014-07-23,26.23969,46.28929,33.53,20.48553,78.63158,0.4817308,14.866625,,8.057143,,
2014-07-24,26.23969,46.28929,33.53,20.48553,85.98718000000001,0.4817308,14.866625,,8.057143,,
2014-07-25,26.23969,46.28929,33.52976,19.37368,85.98718000000001,0.4817308,14.866625,,8.057143,,
2014-07-26,26.23969,46.28929,33.52976,19.37368,85.98718000000001,0.4817308,14.866625,,8.057143,,
2014-07-27,26.23969,46.28929,33.52976,19.37368,85.98718000000001,0.4817308,14.866625,,8.057143,,
2014-07-28,26.26191,46.35,33.52976,19.37368,85.98718000000001,0.4817308,14.866625,,8.057143,,
2014-07-29,26.26191,46.35,33.52976,19.37368,85.98718000000001,0.4817308,14.866625,,8.057143,,
2014-07-30,26.26191,46.42143,33.52976,19.37368,85.98718000000001,0.4817308,14.866625,,8.057143,,
2014-07-31,26.26191,46.42143,33.52976,19.37368,85.98718000000001,0.4817308,14.866625,,8.057143,,
2014-08-01,26.26191,46.42143,33.52976,19.37368,85.98718000000001,0.4807692,15.127742,,8.042857,,
2014-08-02,26.26191,46.42143,33.52976,19.37368,85.98718000000001,0.4807692,15.127742,,8.042857,,
2014-08-03,26.26191,46.6963,33.52976,19.37368,85.98718000000001,0.4807692,15.127742,,8.042857,,
2014-08-04,26.26191,46.6963,33.52976,19.37368,85.98718000000001,0.4807692,15.584577,,8.042857,,
2014-08-05,26.26191,46.6963,33.52976,19.37368,85.98718000000001,0.4807692,15.584577,,8.042857,,
2014-08-06,26.26191,46.6963,33.52976,19.37368,85.98718000000001,0.4807692,15.584577,,8.042857,,
2014-08-07,26.32306,46.6963,33.52976,19.37368,85.98718000000001,0.4807692,15.584577,,8.042857,,
2014-08-08,26.32306,46.6963,33.52976,19.31622,85.98718000000001,0.4982143,16.04612,,8.042857,,
2014-08-09,26.32306,46.6963,33.52976,19.31622,85.98718000000001,0.4982143,16.04612,,8.042857,,
2014-08-10,26.32306,46.6963,33.52976,19.31622,85.98718000000001,0.4982143,16.04612,,8.042857,,
2014-08-11,26.32306,46.6963,33.56395000000001,19.31622,86.2125,0.4982143,16.04612,,8.042857,,
2014-08-12,26.32306,46.6963,33.56395000000001,19.31622,86.2125,0.4982143,16.44725,,8.042857,,
2014-08-13,26.32306,46.6963,33.56395000000001,19.31622,86.2125,0.4982143,16.44725,,8.052381,,
2014-08-14,26.32306,46.6963,33.59884,19.31622,86.5625,0.4982143,16.44725,,8.052381,,
2014-08-15,26.32306,46.6963,33.59884,19.31622,86.5625,0.4982143,16.44725,,8.052381,,
2014-08-16,26.32306,46.6963,33.59884,19.31622,86.5625,0.4982143,16.44725,,8.052381,,
2014-08-17,26.32306,46.6963,33.59884,19.31622,86.5625,0.4982143,16.44725,,8.052381,,
2014-08-18,26.35472,46.6963,33.59884,19.31579,86.5625,0.4982143,16.6841,,8.052381,,
2014-08-19,26.35472,46.6963,33.59884,19.31579,86.5625,0.4982143,16.6841,,8.071428,,
2014-08-20,26.35472,46.6963,33.59884,19.31579,86.5625,0.4982143,16.6841,,8.071428,,
2014-08-21,26.35472,46.6963,33.59884,19.31579,86.5625,0.4982143,16.6841,,8.071428,,
2014-08-22,26.35472,46.6963,33.59884,19.31579,86.5625,0.4982143,16.6841,,8.071428,,
2014-08-23,26.35472,46.6963,33.59884,19.31579,86.5625,0.4982143,16.6841,,8.071428,,
2014-08-24,26.35472,46.6963,33.59884,19.31579,86.5625,0.4982143,16.6841,,8.071428,,
2014-08-25,26.35472,46.63572000000001,33.59884,19.31579,86.5625,0.4982143,16.6841,,8.114284999999999,,
2014-08-26,26.35472,46.63572000000001,33.59884,19.31579,86.5625,0.4982143,16.6841,,8.114284999999999,,
2014-08-27,26.35472,46.63572000000001,33.59884,19.31579,86.5625,0.4982143,16.6841,,8.114284999999999,,
2014-08-28,26.35715,46.63572000000001,33.59884,19.31579,86.5625,0.4982143,16.6841,,8.114284999999999,,
2014-08-29,26.49669,46.63572000000001,33.59884,19.31579,86.5625,0.4982143,16.6841,,9.190476,,
2014-08-30,26.49669,46.63572000000001,33.59884,19.31579,86.5625,0.4982143,16.6841,,9.190476,,
2014-08-31,26.49669,46.63572000000001,33.59884,19.31579,86.5625,0.4982143,16.6841,,9.190476,,
2014-09-01,26.49669,46.63572000000001,33.59884,19.31579,86.5625,0.4982143,17.308,,9.190476,,
2014-09-02,26.49669,46.63572000000001,33.59884,19.31579,86.5625,0.4982143,17.308,,9.190476,,
2014-09-03,26.49669,46.67143,33.59884,19.43421,86.5625,0.4982143,17.308,,9.190476,,
2014-09-04,26.54423,46.67143,33.62791,19.43421,86.5625,0.4982143,17.30829,,9.190476,,
2014-09-05,26.61905,46.67143,33.62791,19.43421,86.5625,0.4982143,17.56466,,9.238095,,
2014-09-06,26.61905,46.67143,33.62791,19.43421,86.5625,0.4982143,17.56466,,9.238095,,
2014-09-07,26.61905,46.67143,33.62791,19.43421,86.5625,0.4982143,17.56466,,9.31,,
2014-09-08,26.64881,46.67143,33.62791,19.43421,86.5625,0.4982143,17.56466,,9.36,,
2014-09-09,26.94048,47.27857,33.62791,19.43421,86.5875,0.4982143,17.56466,,9.36,,
2014-09-10,26.94048,47.27857,33.62791,19.43421,86.5875,0.4982143,17.56466,,9.36,,
2014-09-11,26.94048,47.27857,33.62791,19.43421,86.5875,0.4982143,17.51662,,9.36,,
2014-09-12,27.19767,47.52857,33.62791,19.43421,86.5875,0.4982143,17.74113,,9.41,,
2014-09-13,27.19767,47.52857,33.62791,19.43421,86.5875,0.4982143,17.74113,,9.41,,
2014-09-14,27.19767,47.52857,33.62791,19.43421,86.5875,0.4982143,17.74113,,9.41,,
2014-09-15,27.19767,47.64828000000001,33.62791,19.43421,86.5875,0.4982143,17.74113,,9.41,,
2014-09-16,27.25581,47.64828000000001,33.62791,19.43421,86.5875,0.4982143,17.74113,,9.41,,
2014-09-17,27.25581,47.64828000000001,33.62791,19.50658,86.5875,0.4982143,17.74113,,9.41,,
2014-09-18,27.27907,47.64828000000001,33.62791,19.50658,86.5875,0.4982143,17.74113,,9.41,,
2014-09-19,27.29651,47.64828000000001,33.62791,19.50658,86.5875,0.4982143,17.81956,,9.41,,
2014-09-20,27.29651,47.64828000000001,33.62791,19.50658,86.5875,0.4982143,17.81956,,9.41,,
2014-09-21,27.29651,47.64828000000001,33.62791,19.50658,86.5875,0.4982143,17.81956,,9.41,,
2014-09-22,27.29651,47.64828000000001,33.62791,19.50658,86.5875,0.4982143,17.81956,,9.41,,
2014-09-23,27.29651,47.64828000000001,33.63372,19.50658,86.7125,0.4982143,17.81956,,9.41,,
2014-09-24,27.29651,47.64828000000001,33.63372,19.50658,86.8125,0.4982143,17.81956,,9.41,,
2014-09-25,27.31977,47.64828000000001,33.63372,19.50658,86.8125,0.4982143,17.81956,,9.41,,
2014-09-26,27.31977,47.64828000000001,33.72675,19.50658,87.1375,0.4982143,17.81956,,9.41,,
2014-09-27,27.31977,47.64828000000001,33.72675,19.50658,87.1375,0.4982143,17.81956,,9.41,,
2014-09-28,27.31977,47.64828000000001,33.72675,19.50658,87.1375,0.4982143,17.81956,,9.41,,
2014-09-29,27.38068,47.70714,33.72675,19.50658,87.2625,0.4982143,17.81956,,9.46,,
2014-09-30,27.46512,47.70714,33.72675,19.50658,87.2625,0.4982143,17.81956,,9.46,,
2014-10-01,27.50581,47.95862,33.72675,19.50658,87.2625,0.4982143,17.81956,,9.46,,
2014-10-02,27.50581,47.95862,33.72675,19.50658,87.2625,0.4982143,17.81956,,9.46,,
2014-10-03,27.50581,47.95862,33.72675,19.50658,87.2625,0.4982143,17.81956,,9.47,,
2014-10-04,27.50581,47.95862,33.72675,19.50658,87.2625,0.4982143,17.81956,,9.47,,
2014-10-05,27.50581,47.95862,33.72675,19.50658,87.2625,0.4982143,17.81956,,9.47,,
2014-10-06,27.53488,47.95862,33.72675,19.50658,87.2625,0.4982143,17.81956,,9.47,,
2014-10-07,27.59091,47.95862,33.72675,19.50658,87.2625,0.4982143,17.81956,,9.47,,
2014-10-08,27.60795,48.02667,33.72675,19.50658,87.3375,0.4982143,17.81956,,9.47,,
2014-10-09,27.60795,48.02667,33.68023,19.49342,87.4375,0.5018519,17.49255,,9.47,,
2014-10-10,27.61932,48.02667,33.63953,19.49342,87.4875,0.5018519,17.49255,,9.47,,
2014-10-11,27.61932,48.02667,33.63953,19.49342,87.4875,0.5018519,17.49255,,9.47,,
2014-10-12,27.61932,48.02667,33.63953,19.49342,87.4875,0.5018519,17.49255,,9.47,,
2014-10-13,27.69886,48.02667,33.64884,19.46842,87.4375,0.5018519,17.49255,,9.435,,
2014-10-14,27.69886,48.02667,33.63256000000001,19.46842,87.4375,0.5018519,17.49255,,9.435,,
2014-10-15,27.69886,48.02667,33.63256000000001,19.46842,87.57317,0.5018519,17.62452,,9.4,,
2014-10-16,27.69886,48.2,33.557,19.46842,87.57317,0.5018519,17.62452,,9.4,,
2014-10-17,27.69886,48.2,32.44318000000001,19.46842,87.57317,0.5018519,17.62452,,9.4,,
2014-10-18,27.69886,48.2,32.44318000000001,19.46842,87.57317,0.5018519,17.62452,,9.4,,
2014-10-19,27.69886,48.2,32.44318000000001,19.46842,87.57317,0.5018519,17.62452,,9.4,,
2014-10-20,27.69886,48.2,32.44318000000001,19.46842,87.86905,0.5018519,17.62452,,9.4,,
2014-10-21,28.62222,48.2,32.44318000000001,19.46842,87.86905,0.5018519,17.62452,,9.4,,
2014-10-22,28.62222,48.31429000000001,32.44318000000001,19.46842,87.86905,0.5018519,17.62452,,9.4,,
2014-10-23,28.62222,48.31429000000001,32.4093,19.46842,88.40244000000001,0.5018519,17.62452,,9.4,,
2014-10-24,28.62222,48.8,32.4093,17.725,88.40244000000001,0.5018519,17.62452,,9.4,,
2014-10-25,28.62222,48.8,32.4093,17.725,88.40244000000001,0.5018519,17.62452,,9.4,,
2014-10-26,28.62222,48.8,32.4093,17.725,88.40244000000001,0.5018519,17.62452,,9.4,,
2014-10-27,28.62222,48.8,32.4093,17.725,88.40244000000001,0.5018519,17.62452,,9.4,,
2014-10-28,28.62222,48.89677,32.4093,17.725,88.40244000000001,0.5018519,17.80996,,9.4,,
2014-10-29,28.62222,48.89677,32.4093,17.809,87.19512,0.5018519,17.80996,,9.4,,
2014-10-30,28.72159,48.89677,32.4093,17.809,87.19512,0.5018519,17.80996,,9.4,,
2014-10-31,28.72159,48.89677,32.4093,17.73816,87.19512,0.5019231,17.62452,,9.4,,
2014-11-01,28.72159,48.89677,32.4093,17.73816,87.19512,0.5019231,17.62452,,9.4,,
2014-11-02,28.72159,48.89677,32.4093,17.69054,87.19512,0.5019231,17.62452,,9.4,,
2014-11-03,28.72159,48.89677,32.34318,17.69054,87.2619,0.5038462,17.62452,,9.4,,
2014-11-04,28.75,48.89677,32.34318,17.69054,87.2619,0.5038462,17.80996,,9.4,,
2014-11-05,28.78488,48.89677,32.34318,17.69054,87.2619,0.5038462,17.80996,,9.4,,
2014-11-06,28.78488,48.89677,32.34318,17.69054,87.2619,0.5038462,18.04996,,9.4,,
2014-11-07,28.78488,48.89677,32.34318,17.69054,87.2619,0.5300926,18.04996,,9.4,,
2014-11-08,28.78488,48.89677,32.34318,17.69054,87.2619,0.5300926,18.04996,,9.4,,
2014-11-09,28.78488,49.03333000000001,32.35116,17.69054,87.2619,0.5300926,18.04996,,9.4,,
2014-11-10,28.83523,49.03333000000001,32.35116,17.69054,87.2619,0.5300926,18.04996,,9.4,,
2014-11-11,28.83523,49.03333000000001,32.35116,17.69054,87.2619,0.5300926,18.04996,,9.4,,
2014-11-12,28.89205,49.25806000000001,32.32791,17.69054,87.2619,0.5300926,18.04996,,9.4,,
2014-11-13,29.08333,49.25806000000001,32.32791,17.69054,87.2619,0.5300926,18.04996,,9.4,,
2014-11-14,29.11111,49.25806000000001,32.32791,17.69054,87.2619,0.5300926,17.87715,,9.4,,
2014-11-15,29.11111,49.25806000000001,32.32791,17.69054,87.2619,0.5300926,17.87715,,9.4,,
2014-11-16,29.11111,49.25806000000001,32.32791,17.69054,87.2619,0.5300926,17.87715,,9.4,,
2014-11-17,29.27778,49.54839,32.32791,17.69054,87.37209000000001,0.5300926,17.87715,,9.4,,
2014-11-18,29.33333,49.54839,32.32791,17.69054,87.37209000000001,0.5300926,17.87715,,9.4,,
2014-11-19,29.47778,49.25,32.32674,17.69054,87.37209000000001,0.5300926,18.47364,,9.4,,
2014-11-20,29.47778,49.25,32.32674,17.76447,87.37209000000001,0.5300926,18.47364,,9.4,,
2014-11-21,29.56111,49.25,32.32674,17.76447,87.37209000000001,0.5300926,18.47364,,9.450000000000001,,
2014-11-22,29.56111,49.25,32.32674,17.76447,87.37209000000001,0.5300926,18.47364,,9.450000000000001,,
2014-11-23,29.56111,49.25,32.32674,17.76447,87.37209000000001,0.5300926,18.47364,,9.450000000000001,,
2014-11-24,29.64444,49.25,32.32674,17.76447,87.37209000000001,0.5319444999999999,18.47364,,9.495455,,
2014-11-25,29.73889,49.25,32.32674,17.76447,87.37209000000001,0.5319444999999999,18.47364,,9.559091,,
2014-11-26,29.73889,49.25,32.32674,17.79054,87.37209000000001,0.5319444999999999,18.47364,,9.559091,,
2014-11-27,29.73889,49.25,32.32674,17.79054,87.37209000000001,0.5319444999999999,18.47364,,9.559091,,
2014-11-28,29.93333,49.25,32.32674,17.79054,87.37209000000001,0.5319444999999999,18.47364,,9.604546,,
2014-11-29,29.93333,49.25,32.32674,17.79054,87.37209000000001,0.5319444999999999,18.47364,,9.604546,,
2014-11-30,29.93333,49.25,32.32674,17.79054,87.37209000000001,0.5319444999999999,18.47364,,9.604546,,
2014-12-01,30.01667,49.36364,32.32674,17.79054,87.37209000000001,0.5319444999999999,18.47364,,9.686363,,
2014-12-02,30.15556,49.36364,32.32674,17.79054,87.37209000000001,0.5319444999999999,18.47364,,9.686363,,
2014-12-03,30.15556,49.66667,32.32674,17.79054,87.37209000000001,0.5319444999999999,18.47364,,9.686363,,
2014-12-04,30.15556,49.66667,32.32674,17.78378,87.77273000000001,0.5319444999999999,18.47364,,11.422728,,
2014-12-05,30.21111,49.66667,32.30349,17.78378,87.77273000000001,0.5337963,18.47364,,11.422728,,
2014-12-06,30.21111,49.66667,32.30349,17.78378,87.77273000000001,0.5337963,18.47364,,11.422728,,
2014-12-07,30.21111,49.66667,32.30349,17.78378,87.77273000000001,0.5337963,18.47364,,11.422728,,
2014-12-08,30.29445,49.66667,32.24535,17.78378,87.77273000000001,0.5337963,18.47364,,11.422728,,
2014-12-09,30.29445,49.66667,32.24535,17.78378,87.77273000000001,0.5337963,18.47364,,11.422728,,
2014-12-10,30.29445,49.79412000000001,32.24535,17.78378,87.77273000000001,0.5337963,18.47364,,11.454545,,
2014-12-11,30.29445,49.91177,32.24535,17.78378,87.77273000000001,0.5337963,18.47364,,11.454545,,
2014-12-12,30.29445,49.91177,32.24535,17.78378,87.77273000000001,0.5337963,18.04996,,11.454545,,
2014-12-13,30.29445,49.91177,32.24535,17.78378,87.77273000000001,0.5337963,18.04996,,11.454545,,
2014-12-14,30.41477,49.91177,32.24535,17.78378,87.77273000000001,0.5337963,18.04996,,11.454545,,
2014-12-15,30.41477,49.91177,32.16395,17.78378,87.77273000000001,0.5337963,18.04996,,11.454545,,
2014-12-16,30.41477,49.91177,32.16395,17.78378,87.77273000000001,0.5337963,18.04996,,11.454545,,
2014-12-17,30.41477,49.91177,32.13488,17.78378,87.77273000000001,0.5337963,17.94996,,11.454545,,
2014-12-18,30.4375,49.91177,32.07674,17.78378,87.90909,0.5337963,17.94996,,11.454545,,
2014-12-19,30.4375,49.91177,32.07674,17.78378,88.02273000000001,0.5365740999999999,17.94996,,11.454545,,
2014-12-20,30.4375,49.91177,32.07674,17.78378,88.02273000000001,0.5365740999999999,17.94996,,11.454545,,
2014-12-21,30.43605,49.91177,32.07674,17.78378,88.02273000000001,0.5365740999999999,17.94996,,11.454545,,
2014-12-22,30.43605,49.91177,32.07674,17.78378,88.02273000000001,0.5365740999999999,17.94996,,11.454545,,
2014-12-23,30.43605,49.91177,32.07674,17.78378,88.02273000000001,0.5365740999999999,17.94996,,11.454545,,
2014-12-24,30.43605,49.91177,32.07674,17.78378,88.02273000000001,0.5365740999999999,17.94996,,11.454545,,
2014-12-25,30.43605,49.91177,32.07674,17.78378,88.02273000000001,0.5365740999999999,17.94996,,11.454545,,
2014-12-26,30.43605,49.91177,32.07674,17.78378,88.02273000000001,0.5365740999999999,17.94996,,11.454545,,
2014-12-27,30.43605,49.91177,32.07674,17.78378,88.02273000000001,0.5365740999999999,17.94996,,11.454545,,
2014-12-28,30.43605,49.91177,32.07674,17.78378,88.02273000000001,0.5365740999999999,17.94996,,11.454545,,
2014-12-29,30.43605,49.91177,32.07674,17.78378,88.02273000000001,0.5365740999999999,17.94996,,11.454545,,
2014-12-30,30.43605,49.91177,32.07674,17.78378,88.02273000000001,0.5365740999999999,17.94996,,11.454545,,
2014-12-31,30.43605,49.91177,32.07674,17.78378,88.02273000000001,0.5365740999999999,17.94996,,11.454545,,
2015-01-01,30.43605,49.91177,32.07674,17.78378,88.02273000000001,0.5365740999999999,17.94996,,11.454545,,
2015-01-02,30.43605,49.91177,32.09048,17.76389,88.06977,0.5365740999999999,17.94996,,11.456522,,
2015-01-03,30.43605,49.91177,32.09048,17.76389,88.06977,0.5365740999999999,17.94996,,11.456522,,
2015-01-04,30.43605,49.91177,32.09048,17.76389,88.06977,0.5365740999999999,17.94996,,11.456522,,
2015-01-05,30.43605,49.97059,32.09048,17.77778,88.13953000000001,0.5384259,17.94996,,11.456522,,
2015-01-06,30.43605,50.2,32.09048,17.79167,88.13953000000001,0.5384259,17.94996,,11.456522,,
2015-01-07,30.43605,50.2,32.00732,17.79167,88.13953000000001,0.5384259,17.94996,,11.456522,,
2015-01-08,30.44767,50.22857,32.00732,17.79167,88.13953000000001,0.5384259,17.94996,,11.456522,,
2015-01-09,30.44767,50.22857,31.84634,17.79167,88.25581000000001,0.5384259,17.94996,,11.456522,,
2015-01-10,30.44767,50.22857,31.84634,17.79167,88.25581000000001,0.5384259,17.94996,,11.456522,,
2015-01-11,30.44767,50.22857,31.84634,17.79167,88.25581000000001,0.5384259,17.94996,,11.456522,,
2015-01-12,30.56395,50.40000000000001,31.84634,17.79167,88.53488,0.5384259,17.94996,,11.456522,,
2015-01-13,30.56395,50.40000000000001,31.81951,17.92973,88.90697,0.5384259,17.94996,,11.526087,,
2015-01-14,30.56395,50.40000000000001,31.70732,17.92973,88.90697,0.5384259,17.94996,,11.526087,,
2015-01-15,30.6686,50.40000000000001,31.70732,17.92973,88.90697,0.5384259,17.94996,,11.526087,,
2015-01-16,30.6686,50.40000000000001,31.70732,17.92973,88.90697,0.5384259,17.94996,,11.526087,,
2015-01-17,30.6686,50.40000000000001,31.70732,17.92973,88.90697,0.5384259,17.94996,,11.526087,,
2015-01-18,30.6686,50.40000000000001,31.70732,17.92973,88.90697,0.5384259,17.94996,,11.526087,,
2015-01-19,30.64773,50.40000000000001,31.70732,17.92973,88.90697,0.5384259,17.94996,,11.526087,,
2015-01-20,30.64773,50.40000000000001,31.73256,17.92973,88.36364,0.5384259,17.94996,,11.526087,,
2015-01-21,30.64773,50.48571,31.68605,17.96216,88.36364,0.5384259,17.91662,,11.526087,,
2015-01-22,30.64773,50.48571,31.68605,17.96216,88.36364,0.5384259,17.8833,,11.526087,,
2015-01-23,30.69318,50.48571,31.68605,17.94865,88.34091000000001,0.5384259,18.03488,,11.526087,,
2015-01-24,30.69318,50.48571,31.68605,17.94865,88.34091000000001,0.5384259,18.03488,,11.526087,,
2015-01-25,30.69318,50.48571,31.68605,17.94865,88.34091000000001,0.5384259,18.03488,,11.526087,,
2015-01-26,30.69318,50.48571,31.68605,17.97027,88.34091000000001,0.5384259,18.03488,,11.526087,,
2015-01-27,30.69318,48.65714000000001,31.75,18.02432,88.34091000000001,0.5384259,18.03488,,11.526087,,
2015-01-28,32.06818000000001,48.51429,31.75,18.02432,88.34091000000001,0.5384259,18.03488,,11.526087,,
2015-01-29,32.23809,48.51429,31.75,18.01757,90.40909,0.5384259,18.03488,,11.526087,,
2015-01-30,32.41463,48.51429,31.12738,19.43194,90.30232000000001,0.5384259,18.03488,,11.526087,,
2015-01-31,32.41463,48.51429,31.12738,19.43194,90.30232000000001,0.5384259,18.03488,,11.526087,,
2015-02-01,32.41463,48.51429,31.12738,19.48714,90.30232000000001,0.5384259,18.03488,,11.526087,,
2015-02-02,32.43125000000001,48.51429,31.12738,19.48714,90.30232000000001,0.5384259,18.03488,,11.526087,,
2015-02-03,32.43125000000001,48.34286,31.12738,19.48714,90.30232000000001,0.5384259,18.03488,,11.526087,,
2015-02-04,32.54878,48.34286,31.12738,19.52286,90.30232000000001,0.5384259,18.03488,,11.526087,,
2015-02-05,32.54878,48.34286,31.12738,19.52286,90.30232000000001,0.5384259,17.97139,,11.526087,,
2015-02-06,32.60976,48.34286,31.12738,19.52286,90.30232000000001,0.5384259,17.97139,,11.526087,,
2015-02-07,32.60976,48.34286,31.12738,19.52286,90.30232000000001,0.5384259,17.97139,,11.526087,,
2015-02-08,32.60976,48.34286,31.12738,19.52286,90.30232000000001,0.5384259,17.97139,,11.526087,,
2015-02-09,32.60976,48.34286,31.12738,19.52286,90.30232000000001,0.5384259,17.97139,,11.526087,,
2015-02-10,32.64024000000001,48.34286,31.12738,19.52286,90.19232000000001,0.5384259,17.97139,,11.526087,,
2015-02-11,32.64024000000001,48.34286,31.12738,19.52286,90.19232000000001,0.5384259,17.94917,,11.526087,,
2015-02-12,32.91463,48.34286,31.12738,19.52286,90.19232000000001,0.5750000000000001,17.39996,,11.526087,,
2015-02-13,33.02381,48.34286,31.03139,19.46667,90.30159,0.5773148,17.39996,,11.547826,,
2015-02-14,33.02381,48.34286,31.03139,19.46667,90.30159,0.5773148,17.39996,,11.547826,,
2015-02-15,33.02381,48.34286,31.03139,19.46667,90.30159,0.5773148,17.39996,,11.547826,,
2015-02-16,33.02381,48.34286,31.03139,19.46667,90.30159,0.5773148,17.39996,,11.547826,,
2015-02-17,33.02381,48.34286,31.03139,19.54306,90.30159,0.5773148,17.39996,,11.560869,,
2015-02-18,33.19512,48.34286,31.03139,19.54306,90.30159,0.5773148,17.39996,,11.560869,,
2015-02-19,33.28659,48.34286,31.03139,19.54306,90.30159,0.5773148,17.39996,,11.560869,,
2015-02-20,33.30059,48.11765,31.04405,19.54306,90.49465000000001,0.5773148,17.39996,,11.673913,,
2015-02-21,33.30059,48.11765,31.04405,19.54306,90.49465000000001,0.5773148,17.39996,,11.673913,,
2015-02-22,33.30059,48.11765,31.04405,19.54306,90.49465000000001,0.5773148,17.18662,,11.673913,,
2015-02-23,33.30059,48.11765,31.04405,19.54306,90.49465000000001,0.5773148,17.16996,,11.673913,,
2015-02-24,33.41964,48.11765,31.04405,19.54306,90.49465000000001,0.5773148,17.16996,,11.673913,,
2015-02-25,33.41964,48.11765,31.04405,19.54306,90.49465000000001,0.5773148,17.16996,,11.681818,,
2015-02-26,33.41964,48.11765,31.04405,19.54306,90.37837,0.5773148,17.16996,,13.554545,,
2015-02-27,33.41964,48.11765,31.04405,19.54306,90.37837,0.5773148,17.16996,,13.554545,,
2015-02-28,33.41964,48.11765,31.04405,19.54306,90.37837,0.5773148,17.16996,,13.554545,,
2015-03-01,33.41964,48.11765,31.04405,19.54306,90.37837,0.5773148,17.16996,,13.554545,,
2015-03-02,33.72917,48.11765,31.175,19.54306,90.37837,0.5773148,17.16996,,13.554545,,
2015-03-03,33.72917,48.11765,31.175,19.60556,90.37837,0.5773148,17.16996,,13.554545,,
2015-03-04,33.72917,48.11765,31.175,19.60556,90.37837,0.5773148,17.16996,,13.554545,,
2015-03-05,33.72917,47.97059,31.18256,19.60556,90.53933,0.5773148,17.16996,,13.554545,,
2015-03-06,33.9375,47.97059,31.24419,19.60556,90.53933,0.5773148,17.16996,,13.627273,,
2015-03-07,33.9375,47.97059,31.24419,19.60556,90.53933,0.5773148,17.16996,,13.627273,,
2015-03-08,33.9375,47.97059,31.18452,19.60556,90.53933,0.5773148,17.16996,,13.627273,,
2015-03-09,34.16964,47.97059,31.18452,19.68378,90.60822,0.5773148,17.16996,,13.585714,,
2015-03-10,34.16964,47.97059,31.18452,19.68378,90.60822,0.5810185,17.16996,,13.585714,,
2015-03-11,34.4375,47.67647,31.18452,19.68378,90.60822,0.5810185,17.16996,,13.585714,,
2015-03-12,34.4375,47.58823,31.23333,19.68378,90.60822,0.5810185,17.16996,,13.585714,,
2015-03-13,34.4375,47.5,31.23333,19.68378,90.72543,0.5810185,17.16996,,13.704762,,
2015-03-14,34.4375,47.5,31.23333,19.68378,90.72543,0.5810185,17.16996,,13.815,,
2015-03-15,34.4375,47.5,31.23333,19.62639,90.72543,0.5810185,17.16996,,13.815,,
2015-03-16,34.47321,47.5,31.23333,19.69028,90.85587000000001,0.5810185,17.16996,,13.815,,
2015-03-17,34.47321,47.41177,31.37024,19.69028,90.85587000000001,0.5819445,17.16996,,13.815,,
2015-03-18,34.47321,47.29412000000001,31.37024,19.69028,90.85587000000001,0.5819445,17.16996,,13.815,,
2015-03-19,34.47321,47.29412000000001,31.37024,19.69028,90.85587000000001,0.5819445,17.16996,,13.815,,
2015-03-20,34.71131,47.29412000000001,31.37024,19.69028,91.095,0.5819445,17.14662,,13.815,,
2015-03-21,34.71131,47.29412000000001,31.37024,19.69028,91.095,0.5819445,17.14662,,13.815,,
2015-03-22,34.71131,47.29412000000001,31.37024,19.69028,91.095,0.5819445,17.14662,,13.815,,
2015-03-23,34.71131,47.29412000000001,31.37024,19.69028,91.095,0.5819445,17.14662,,13.96,,
2015-03-24,34.74128,47.29412000000001,31.37024,19.69028,91.095,0.5828704,16.89996,,13.96,,
2015-03-25,34.77035,47.29412000000001,31.37024,19.69028,91.095,0.5828704,16.89996,,13.96,,
2015-03-26,34.70536000000001,47.29412000000001,31.37024,19.725,91.37761,0.5828704,16.68066,,13.96,,
2015-03-27,34.70536000000001,47.20588,31.37024,19.725,91.37761,0.5828704,16.68066,,14.005,,
2015-03-28,34.70536000000001,47.20588,31.37024,19.725,91.37761,0.5828704,16.68066,,14.005,,
2015-03-29,34.70536000000001,46.87879,31.37024,19.725,91.37761,0.5828704,16.68066,,14.005,,
2015-03-30,34.71726,46.87879,31.37024,19.66714,91.37761,0.5828704,16.68066,,14.005,,
2015-03-31,34.58841,46.87879,31.37024,19.66714,91.37761,0.5828704,16.68066,,14.005,,
2015-04-01,34.58841,46.87879,31.37024,19.66714,91.37761,0.5828704,16.68066,,14.005,,
2015-04-02,34.58841,46.87879,31.37024,19.66714,91.50804000000001,0.5828704,16.76329,,14.005,,
2015-04-03,34.58841,46.87879,31.37024,19.66714,91.50804000000001,0.5828704,16.76329,,14.005,,
2015-04-04,34.58841,46.87879,31.37024,19.66714,91.50804000000001,0.5828704,16.76329,,14.005,,
2015-04-05,34.58841,46.87879,31.37024,19.66714,91.50804000000001,0.5828704,16.76329,,14.005,,
2015-04-06,34.58841,46.87879,31.37024,19.66714,91.50804000000001,0.5828704,16.76329,,14.095,,
2015-04-07,34.58841,46.87879,31.37024,19.69571,91.50804000000001,0.5828704,16.76329,,14.095,,
2015-04-08,34.58841,46.87879,31.34643,19.68143,91.46456,0.5828704,16.76329,,14.095,,
2015-04-09,34.70937,46.84848,31.34643,19.68143,91.46456,0.5828704,16.76329,,14.095,,
2015-04-10,34.70937,46.81818000000001,31.34643,19.68143,91.46456,0.5828704,16.76329,,14.095,,
2015-04-11,34.70937,46.81818000000001,31.34643,19.68143,91.46456,0.5828704,16.76329,,14.095,,
2015-04-12,34.70937,46.81818000000001,31.34643,19.68143,91.46456,0.5828704,16.76329,,14.095,,
2015-04-13,34.74062,46.81818000000001,31.32619,19.77714,91.68195,0.5828704,16.76329,,14.095,,
2015-04-14,34.74062,46.81818000000001,31.32619,19.77714,91.68195,0.5828704,16.76329,,14.095,,
2015-04-15,35.04464,46.69697,31.3619,19.82,91.7037,0.5828704,16.76329,,14.095,,
2015-04-16,35.04464,46.69697,31.3619,19.82,91.91933,0.5828704,16.76329,,14.095,,
2015-04-17,35.04464,46.69697,31.3619,19.91286,91.91933,0.5828704,16.72996,,14.095,,
2015-04-18,35.04464,46.69697,31.3619,19.91286,91.91933,0.5828704,16.72996,,14.095,,
2015-04-19,35.04464,46.69697,31.3619,19.91286,91.91933,0.5828704,16.72996,,14.095,,
2015-04-20,35.04464,46.69697,31.33214,19.93429,91.91933,0.5828704,16.72996,,14.095,,
2015-04-21,35.04464,46.69697,31.33214,19.96912,91.91933,0.5828704,16.72996,,14.095,,
2015-04-22,35.04464,46.90625000000001,31.33214,19.96912,91.91933,0.5828704,16.72996,,14.095,,
2015-04-23,35.17559,46.90625000000001,31.33214,19.96912,94.96891000000001,0.5828704,16.72996,,14.095,,
2015-04-24,35.31686000000001,47.84375000000001,31.9131,22.65735,94.96891000000001,0.5828704,16.72996,,14.085,,
2015-04-25,35.31686000000001,47.84375000000001,31.9131,22.65735,94.96891000000001,0.5828704,16.72996,,14.085,,
2015-04-26,35.31686000000001,47.84375000000001,31.9131,22.65735,94.96891000000001,0.5828704,16.72996,,14.085,,
2015-04-27,35.31686000000001,48.03125000000001,31.9131,22.69412,94.96891000000001,0.5828704,16.7633,,14.085,,
2015-04-28,36.39167,48.1875,31.9131,22.69412,94.96891000000001,0.5828704,16.7633,,14.085,,
2015-04-29,36.54261,48.59375000000001,31.9131,22.69412,94.96891000000001,0.5828704,16.7633,,14.085,,
2015-04-30,36.55114,48.59375000000001,31.9131,22.69412,95.19044000000001,0.5828704,16.7633,,14.085,,
2015-05-01,36.55114,48.59375000000001,31.9131,22.85588,95.87659000000001,0.5828704,16.82996,,14.085,,
2015-05-02,36.55114,48.59375000000001,31.9131,22.85588,95.87659000000001,0.5828704,16.82996,,14.085,,
2015-05-03,36.55114,48.59375000000001,31.9131,22.85588,95.87659000000001,0.5828704,16.82996,,14.085,,
2015-05-04,36.55114,48.59375000000001,31.9131,22.85588,95.87659000000001,0.5828704,17.13964,,14.085,,
2015-05-05,36.55114,48.70968000000001,31.9131,22.85588,95.87659000000001,0.5828704,17.13964,,14.085,,
2015-05-06,36.55114,48.70968000000001,31.9131,23.07647,95.87659000000001,0.5828704,17.13964,,14.085,,
2015-05-07,36.55114,49.06897000000001,31.9131,23.07647,95.87659000000001,0.5828704,17.20948,,14.135,,
2015-05-08,36.57954,49.24138000000001,31.9131,23.07647,95.87659000000001,0.5712963,17.20948,,14.135,,
2015-05-09,36.57954,49.24138000000001,31.9131,23.07647,95.87659000000001,0.5712963,17.20948,,14.135,,
2015-05-10,36.57954,49.24138000000001,31.9131,23.07647,95.87659000000001,0.5712963,17.20948,,14.135,,
2015-05-11,36.57954,49.24138000000001,31.9131,23.07647,95.87659000000001,0.5712963,17.20948,,14.152381,,
2015-05-12,36.57954,49.62069,31.9131,23.07647,95.87659000000001,0.5712963,17.20948,,14.152381,,
2015-05-13,36.57954,49.62069,31.9131,23.07647,95.87659000000001,0.5712963,17.20948,,14.152381,,
2015-05-14,36.57954,49.62069,31.9131,23.07647,95.87659000000001,0.5712963,17.20948,,14.152381,,
2015-05-15,36.62209,49.62069,31.90119,23.07647,95.88568000000001,0.5712963,17.20948,,14.223809,,
2015-05-16,36.62209,49.62069,31.90119,23.07647,95.88568000000001,0.5712963,17.20948,,14.223809,,
2015-05-17,36.62209,49.62069,31.90119,23.07647,95.88568000000001,0.5712963,17.20948,,14.223809,,
2015-05-18,36.62209,49.62069,31.90119,23.07647,95.88568000000001,0.5712963,17.20948,,14.223809,,
2015-05-19,36.62209,49.62069,31.90119,23.07647,95.88568000000001,0.5712963,17.20948,,14.223809,,
2015-05-20,36.62209,49.62069,31.90119,23.07647,95.88568000000001,0.5712963,17.20948,,14.259091,,
2015-05-21,36.62209,49.62069,31.90119,23.17941,95.88568000000001,0.5712963,17.20948,,14.263637,,
2015-05-22,36.62209,49.62069,31.90119,23.17941,95.88568000000001,0.5712963,17.20948,,14.263637,,
2015-05-23,36.62209,49.62069,31.90119,23.17941,95.88568000000001,0.5712963,17.06996,,14.263637,,
2015-05-24,36.62209,49.62069,31.90119,23.17941,95.88568000000001,0.5712963,17.06996,,14.263637,,
2015-05-25,36.65116,49.62069,31.90119,23.17941,95.88568000000001,0.5712963,17.06996,,14.263637,,
2015-05-26,36.7907,49.62069,31.90119,23.17941,95.88568000000001,0.5712963,17.06996,,14.263637,,
2015-05-27,36.7907,49.62069,31.92262,23.17941,95.88568000000001,0.5712963,17.06996,,14.442857,,
2015-05-28,36.7907,49.62069,31.98214,23.21912,95.88568000000001,0.5712963,17.44206,,15.311111,,
2015-05-29,36.7907,49.62069,31.98214,23.21912,95.88568000000001,0.5712963,17.44206,,16.55,,
2015-05-30,36.7907,49.62069,31.98214,23.21912,95.88568000000001,0.5712963,17.44206,,16.55,,
2015-05-31,36.7907,49.62069,31.98214,23.21912,95.88568000000001,0.5712963,17.44206,,16.55,,
2015-06-01,36.7907,49.62069,31.98214,23.21912,95.88568000000001,0.5712963,17.44206,,16.55,,
2015-06-02,36.7907,49.7931,31.98214,23.28529,95.88568000000001,0.5712963,17.44206,,16.55,,
2015-06-03,36.7907,49.7931,31.98214,23.28529,96.11295000000001,0.5712963,17.44206,,16.55,,
2015-06-04,36.7907,49.7931,31.98214,23.28529,96.11295000000001,0.5712963,17.54732,,16.55,,
2015-06-05,36.81977000000001,49.7931,31.98214,23.28529,96.11295000000001,0.5712963,17.75785,,16.55,,
2015-06-06,36.81977000000001,49.7931,31.98214,23.28529,96.11295000000001,0.5712963,17.75785,,16.55,,
2015-06-07,36.81977000000001,49.7931,31.98214,23.28529,96.11295000000001,0.5712963,17.75785,,16.55,,
2015-06-08,36.81977000000001,49.86666,31.98214,23.28529,96.16523000000001,0.5712963,17.75785,,16.55,,
2015-06-09,36.81977000000001,49.86666,31.98214,23.28529,96.16523000000001,0.5666667,17.75785,,16.55,,
2015-06-10,36.81977000000001,49.86666,31.98214,23.28529,96.16523000000001,0.5666667,17.75785,,16.55,,
2015-06-11,36.81977000000001,49.86666,31.98214,23.28529,96.16523000000001,0.5666667,17.86311,,16.55,,
2015-06-12,36.81977000000001,49.86666,32.0122,23.24091,96.16523000000001,0.5666667,17.86311,,16.55,,
2015-06-13,36.81977000000001,49.86666,32.0122,23.24091,96.16523000000001,0.5666667,17.86311,,16.55,,
2015-06-14,36.81977000000001,49.86666,32.0122,23.24091,96.16523000000001,0.5666667,17.86311,,16.55,,
2015-06-15,36.81977000000001,49.86666,32.0122,23.24091,96.16523000000001,0.5666667,17.86311,,16.55,,
2015-06-16,36.81977000000001,49.86666,32.0122,23.24091,96.34705000000001,0.5666667,17.86311,,16.55,,
2015-06-17,36.81977000000001,49.86666,32.0122,23.24091,96.41523000000001,0.5666667,17.86311,,16.55,,
2015-06-18,36.81977000000001,49.86666,32.0122,23.24091,96.41523000000001,0.5666667,17.86311,,16.55,,
2015-06-19,36.81977000000001,49.86666,32.0122,23.24091,97.05159,0.5666667,17.86311,,16.55,,
2015-06-20,36.81977000000001,49.86666,32.0122,23.24091,97.05159,0.5666667,17.86311,,16.55,,
2015-06-21,36.81977000000001,49.86666,32.0122,23.24091,97.05159,0.5666667,17.86311,,16.55,,
2015-06-22,36.81977000000001,49.86666,32.12195000000001,23.24091,96.406,0.5666667,17.86311,,16.55,,
2015-06-23,36.81977000000001,49.86666,32.12195000000001,23.24091,96.406,0.5666667,17.86311,,16.55,,
2015-06-24,36.81977000000001,49.86666,32.06548,23.28143,96.57109000000001,0.5666667,17.8982,,16.55,,
2015-06-25,36.81977000000001,49.86666,32.06548,23.28143,96.57109000000001,0.5666667,17.8982,,16.55,,
2015-06-26,36.81977000000001,49.86666,32.06548,23.28143,96.57109000000001,0.5666667,18.021,,16.55,,
2015-06-27,36.81977000000001,49.86666,32.06548,23.28143,96.57109000000001,0.5666667,18.021,,16.55,,
2015-06-28,36.81977000000001,49.86666,32.06548,23.28143,96.57109000000001,0.5666667,18.021,,16.55,,
2015-06-29,36.81977000000001,49.86666,32.06548,23.28143,96.57109000000001,0.5666667,18.021,,16.55,,
2015-06-30,36.81977000000001,49.86666,32.06548,23.28143,96.96239000000001,0.5666667,18.021,,16.55,,
2015-07-01,36.81977000000001,49.86666,32.06548,23.28143,96.96239000000001,0.5666667,18.19644,,16.55,,
2015-07-02,36.81977000000001,49.86666,32.06548,23.37429,96.96239000000001,0.5666667,18.59995,,16.55,,
2015-07-03,36.81977000000001,49.86666,32.06548,23.37429,96.96239000000001,0.5666667,18.59995,,16.55,,
2015-07-04,36.81977000000001,49.86666,32.06548,23.37429,96.96239000000001,0.5666667,18.59995,,16.55,,
2015-07-05,36.81977000000001,49.86666,32.18903,23.37429,96.96239000000001,0.5666667,18.59995,,16.55,,
2015-07-06,36.81977000000001,49.86666,32.18903,23.48143,96.96239000000001,0.5666667,18.72276,,16.55,,
2015-07-07,36.81977000000001,49.86666,32.18903,23.48143,96.96239000000001,0.5666667,18.67773,,16.55,,
2015-07-08,36.81977000000001,50.06667,32.18903,23.48143,96.96239000000001,0.5666667,18.67773,,16.55,,
2015-07-09,36.81977000000001,50.13334,32.20122,23.51,96.96239000000001,0.5666667,18.67773,,16.55,,
2015-07-10,36.81977000000001,50.13334,32.11585,23.51,96.91891000000001,0.5666667,18.67773,,16.55,,
2015-07-11,36.81977000000001,50.13334,32.11585,23.51,96.91891000000001,0.5666667,18.67773,,16.55,,
2015-07-12,36.81977000000001,50.13334,32.11585,23.51,96.91891000000001,0.5666667,18.67773,,16.55,,
2015-07-13,36.81977000000001,50.13334,32.11585,23.66714,96.91891000000001,0.5666667,18.68884,,16.55,,
2015-07-14,36.90476,50.13334,32.211,23.66714,96.91891000000001,0.5666667,18.68884,,16.55,,
2015-07-15,36.90476,50.35484,32.36341,23.66714,97.26674000000001,0.5666667,18.68884,,16.64286,,
2015-07-16,36.90476,50.35484,32.36341,23.66714,97.26674000000001,0.5666667,18.68884,,16.64286,,
2015-07-17,36.90476,50.35484,36.52976,24.21714,97.68659000000001,0.5666667,18.68884,,16.64286,,
2015-07-18,36.90476,50.35484,36.52976,24.21714,97.68659000000001,0.5666667,18.68884,,16.64286,,
2015-07-19,36.90476,50.35484,36.52976,24.21714,97.68659000000001,0.5666667,18.68884,,16.64286,,
2015-07-20,36.90476,50.35484,36.67857,24.62571,98.32489000000001,0.5666667,18.65181,,16.64286,,
2015-07-21,36.875,50.35484,36.67857,24.74028,98.32489000000001,0.5666667,18.65181,,16.64286,,
2015-07-22,36.55357,50.16129,36.67857,24.74028,98.32489000000001,0.5666667,18.65181,,16.64286,,
2015-07-23,36.55357,50.16129,36.67857,24.74028,98.32489000000001,0.5666667,18.65181,,16.64286,,
2015-07-24,36.55357,50.16129,36.67857,32.42361,99.62276000000001,0.5652777999999999,18.65181,,16.64286,,
2015-07-25,36.55357,50.16129,36.67857,32.42361,99.62276000000001,0.5652777999999999,18.65181,,16.64286,,
2015-07-26,36.55357,50.16129,36.67857,32.42361,99.62276000000001,0.5652777999999999,18.65181,,16.64286,,
2015-07-27,36.55357,50.06452,36.67857,32.52083,99.62276000000001,0.5652777999999999,18.65181,,16.64286,,
2015-07-28,36.55357,50.06452,36.67857,32.58784,99.62276000000001,0.5652777999999999,18.65181,,16.64286,,
2015-07-29,36.54651,50.06452,36.67857,32.58784,99.62276000000001,0.5652777999999999,18.65181,,16.64286,,
2015-07-30,36.54651,50.06452,36.67857,32.58784,108.11213,0.5652777999999999,18.65181,,16.64286,,
2015-07-31,36.54651,50.06452,36.67857,32.58784,108.53766,0.5671296,18.65181,,16.54762,,
2015-08-01,36.54651,50.06452,36.67857,32.58784,109.97727,0.5671296,18.65181,,16.54762,,
2015-08-02,36.54651,50.06452,36.86585,32.58784,109.97727,0.5671296,18.65181,,16.635,,
2015-08-03,36.54651,50.06452,36.86585,32.58784,109.97727,0.5671296,18.65181,,16.635,,
2015-08-04,36.54651,50.06452,36.86585,32.58784,109.97727,0.5671296,18.65181,,16.635,,
2015-08-05,36.47675,50.06452,36.86585,32.58784,109.97727,0.5671296,19.337,,16.635,,
2015-08-06,36.44767,50.06452,36.86585,32.58784,109.97727,0.5671296,19.21848,,16.36,,
2015-08-07,36.41861,50.06452,36.94048,32.68919,110.31111,0.587963,19.21848,,16.36,,
2015-08-08,36.41861,50.06452,36.94048,32.68919,110.31111,0.587963,19.21848,,16.36,,
2015-08-09,36.41861,50.06452,36.94048,32.68919,110.31111,0.587963,19.21848,,16.36,,
2015-08-10,36.41861,50.06452,37.25581,32.68919,110.31111,0.587963,19.21848,,16.36,,
2015-08-11,36.41861,50.06452,37.55814,32.68919,110.31111,0.587963,19.21848,,16.36,,
2015-08-12,36.41861,50.21875000000001,37.55814,32.68919,110.31111,0.587963,19.2296,,16.2,,
2015-08-13,36.41861,50.21875000000001,37.55814,32.68919,110.43182,0.587963,19.65487,,16.2,,
2015-08-14,36.41861,50.21875000000001,37.86364,32.68919,110.77273,0.587963,19.2296,,16.14545,,
2015-08-15,36.41861,50.21875000000001,37.86364,32.68919,110.77273,0.587963,19.10585,,16.14545,,
2015-08-16,36.41861,50.21875000000001,37.86364,32.68919,110.77273,0.5846154,19.10585,,16.14545,,
2015-08-17,36.41861,50.21875000000001,37.86364,32.68919,111.02174,0.5846154,19.10585,,16.14545,,
2015-08-18,36.41861,50.21875000000001,38.16477,32.68919,111.02174,0.5846154,19.0583,,16.14545,,
2015-08-19,36.41861,50.21875000000001,38.16477,32.68919,111.02174,0.5846154,19.0583,,16.14545,,
2015-08-20,36.41861,50.21875000000001,38.16477,32.68919,111.02174,0.5846154,19.0583,,16.14545,,
2015-08-21,36.41861,50.21875000000001,38.16477,32.68919,111.02174,0.5846154,19.0583,,16.00909,,
2015-08-22,36.41861,50.21875000000001,38.16477,32.68919,111.02174,0.5846154,19.0583,,16.00909,,
2015-08-23,36.41861,50.21875000000001,38.16477,32.68919,111.02174,0.5846154,19.0583,,16.00909,,
2015-08-24,36.41861,50.21875000000001,38.16477,32.68919,111.02174,0.5846154,19.0583,,16.10476,,
2015-08-25,36.41861,50.21875000000001,38.32386,32.59868,111.02174,0.5846154,19.0583,,16.10476,,
2015-08-26,36.41861,50.21875000000001,38.32386,32.59868,111.02174,0.5846154,19.0583,,16.10476,,
2015-08-27,36.41861,50.21875000000001,38.32386,32.59868,111.02174,0.5842592999999999,19.0583,,15.980952,,
2015-08-28,36.125,50.21875000000001,38.32386,32.59868,111.02174,0.5842592999999999,19.0583,,15.980952,,
2015-08-29,36.125,50.21875000000001,38.32386,32.59868,111.02174,0.5842592999999999,19.0583,,15.980952,,
2015-08-30,36.125,50.21875000000001,38.32386,32.59868,111.02174,0.5842592999999999,19.0583,,16.105,,
2015-08-31,36.125,50.21875000000001,38.32386,32.59868,111.15218,0.5842592999999999,19.0583,,16.105,,
2015-09-01,36.125,50.21875000000001,38.32386,32.59868,111.15218,0.5842592999999999,19.0583,,16.105,,
2015-09-02,36.125,50.21875000000001,38.32386,32.59868,111.15218,0.5842592999999999,19.0583,,16.105,,
2015-09-03,36.125,50.21875000000001,38.32386,32.59868,111.15218,0.5842592999999999,19.0583,,16.105,,
2015-09-04,36.125,50.21875000000001,38.32333000000001,32.63816,111.15218,0.5842592999999999,19.27055,,16.1,,
2015-09-05,36.125,50.21875000000001,38.32333000000001,32.63816,111.15218,0.5842592999999999,19.27055,,16.1,,
2015-09-06,36.125,50.21875000000001,38.32333000000001,32.63816,111.15218,0.5842592999999999,19.27055,,16.1,,
2015-09-07,36.125,50.21875000000001,38.32333000000001,32.59868,111.15218,0.5842592999999999,19.27055,,16.1,,
2015-09-08,36.00595000000001,50.21875000000001,38.32333000000001,32.59868,111.15218,0.5842592999999999,19.27055,,16.1,,
2015-09-09,36.02291,50.21875000000001,38.32333000000001,32.59868,111.15218,0.5842592999999999,19.27055,,16.11818,,
2015-09-10,36.02291,50.21875000000001,38.32333000000001,32.67105,111.15218,0.5842592999999999,19.27055,,16.43333,,
2015-09-11,36.02291,50.21875000000001,38.32333000000001,32.67105,111.15218,0.5842592999999999,19.27055,,16.43333,,
2015-09-12,36.02291,50.21875000000001,38.32333000000001,32.67105,111.15218,0.5842592999999999,19.27055,,16.43333,,
2015-09-13,36.02291,50.21875000000001,38.32333000000001,32.67105,111.15218,0.5842592999999999,19.27055,,16.43333,,
2015-09-14,36.02291,50.21875000000001,38.32333000000001,32.67105,111.15218,0.5842592999999999,19.27055,,16.43333,,
2015-09-15,36.08244000000001,50.21875000000001,38.32333000000001,32.60257,111.15218,0.5842592999999999,19.27055,,16.43333,,
2015-09-16,36.08244000000001,50.21875000000001,38.32333000000001,32.60257,111.15218,0.5907407,19.29016,,16.43333,,
2015-09-17,36.08244000000001,50.21875000000001,38.32333000000001,32.60257,111.15218,0.5907407,19.29016,,16.43333,,
2015-09-18,36.1122,50.21875000000001,38.46444,32.60257,111.15218,0.5907407,19.29016,,16.43333,,
2015-09-19,36.1122,50.21875000000001,38.46444,32.60257,111.15218,0.5907407,19.29016,,16.43333,,
2015-09-20,36.1122,50.21875000000001,38.46444,32.60257,111.15218,0.5907407,19.29016,,16.43333,,
2015-09-21,36.1122,50.21875000000001,38.46444,32.60257,111.15218,0.5907407,19.29016,,16.43333,,
2015-09-22,36.1122,50.21875000000001,38.46444,32.60257,111.15218,0.5907407,19.29016,,16.43333,,
2015-09-23,36.1122,50.21875000000001,38.46444,32.60257,111.15218,0.5907407,19.29016,,16.43333,,
2015-09-24,36.1122,50.21875000000001,38.52111,32.60257,111.15218,0.5907407,19.29016,,16.43333,,
2015-09-25,36.14448,50.21875000000001,38.52111,32.60257,111.26087,0.5907407,19.29016,,16.43333,,
2015-09-26,36.14448,50.21875000000001,38.52111,32.60257,111.26087,0.5907407,19.29016,,16.43333,,
2015-09-27,36.14448,50.21875000000001,38.52111,32.60257,111.26087,0.5907407,19.29016,,16.43333,,
2015-09-28,36.14448,50.21875000000001,38.60761,32.60257,111.26087,0.5907407,19.29016,,16.43333,,
2015-09-29,36.14448,50.21875000000001,38.60761,32.60257,111.26087,0.5925926,19.29016,,16.43333,,
2015-09-30,36.45937,50.21875000000001,38.71556,32.60257,112.28261,0.5925926,19.29016,,16.43333,,
2015-10-01,36.45937,50.4375,38.71556,32.60257,112.28261,0.5925926,19.29016,,16.43333,,
2015-10-02,36.45937,50.4375,38.71556,32.60257,112.28261,0.5925926,19.29016,,16.43333,,
2015-10-03,36.45937,50.4375,38.71556,32.60257,112.28261,0.5925926,19.29016,,16.43333,,
2015-10-04,36.45937,50.4375,38.71556,32.60257,112.28261,0.5925926,19.29016,,16.43333,,
2015-10-05,36.45937,50.4375,38.64022000000001,32.60257,112.28261,0.5925926,19.25552,,16.43333,,
2015-10-06,36.42139,50.4375,38.64022000000001,32.60257,112.28261,0.5925926,19.00367,,16.43333,,
2015-10-07,36.42139,50.4375,38.64022000000001,32.60257,112.28261,0.5925926,19.00367,,16.43333,,
2015-10-08,36.42139,50.4375,38.71087,32.6282,112.3913,0.5925926,18.96663,,16.43333,,
2015-10-09,36.48288,50.46875000000001,38.71087,32.6282,112.3913,0.5972221999999999,18.96663,,16.38571,,
2015-10-10,36.48288,50.46875000000001,38.71087,32.6282,112.3913,0.5972221999999999,18.96663,,16.38571,,
2015-10-11,36.48288,50.46875000000001,38.71087,32.6282,112.3913,0.5972221999999999,18.96663,,16.38571,,
2015-10-12,36.48288,50.46875000000001,38.71087,32.6282,112.3913,0.5990740999999999,18.96663,,16.37619,,
2015-10-13,36.48288,50.46875000000001,38.68511,32.6282,112.3913,0.5990740999999999,18.96663,,16.37619,,
2015-10-14,36.48288,50.46875000000001,38.68511,32.6282,112.84782,0.5990740999999999,18.96663,,16.37619,,
2015-10-15,36.59361000000001,50.46875000000001,38.7383,32.6282,112.84782,0.5990740999999999,18.65095,,16.37619,,
2015-10-16,36.59361000000001,50.46875000000001,38.66042,32.70513,113.06522,0.5990740999999999,18.65095,,16.37619,,
2015-10-17,36.59361000000001,50.46875000000001,38.66042,32.70513,113.06522,0.5990740999999999,18.65095,,16.37619,,
2015-10-18,36.59361000000001,50.46875000000001,38.66042,32.70513,113.06522,0.5990740999999999,18.65095,,16.37619,,
2015-10-19,36.59361000000001,50.46875000000001,38.66042,32.64743,113.06522,0.5990740999999999,18.65879,,16.37619,,
2015-10-20,36.59361000000001,50.46875000000001,38.66042,32.6859,113.06522,0.5990740999999999,18.65879,,16.37619,,
2015-10-21,36.59361000000001,50.46875000000001,38.66042,32.6859,113.06522,0.5990740999999999,18.65879,,16.28095,,
2015-10-22,36.72139,50.46875000000001,38.66042,32.6859,113.06522,0.5990740999999999,18.65879,,16.28095,,
2015-10-23,36.74917000000001,54.25806000000001,41.72083000000001,35.97763,113.06522,0.5990740999999999,18.65879,,16.28095,,
2015-10-24,36.74917000000001,54.25806000000001,41.72083000000001,35.97763,113.06522,0.5990740999999999,18.65879,,16.28095,,
2015-10-25,36.74917000000001,54.25806000000001,41.72083000000001,35.97763,112.97778,0.5990740999999999,18.65879,,16.28095,,
2015-10-26,36.74917000000001,54.58065000000001,41.72083000000001,35.97763,112.97778,0.5990740999999999,18.65879,,16.28095,,
2015-10-27,36.74917000000001,54.58065000000001,41.72083000000001,35.97763,112.97778,0.5990740999999999,18.65879,,16.28095,,
2015-10-28,36.7758,54.58065000000001,41.72083000000001,35.97763,113.15909,0.5990740999999999,18.65879,,16.28095,,
2015-10-29,36.7758,54.58065000000001,41.72083000000001,36.14211,113.15909,0.5990740999999999,18.58036,,16.28095,,
2015-10-30,36.7758,54.58065000000001,41.72083000000001,36.24079,113.15909,0.6055555,18.58036,,16.28095,,
2015-10-31,36.7758,54.58065000000001,41.72083000000001,36.24079,113.15909,0.6055555,18.58036,,16.28095,,
2015-11-01,36.66223,54.58065000000001,41.72083000000001,36.3473,113.15909,0.6055555,18.58036,,16.28095,,
2015-11-02,36.68397,54.58065000000001,41.72083000000001,36.3473,113.15909,0.6240384999999999,18.58036,,16.28095,,
2015-11-03,36.68397,54.58065000000001,41.72083000000001,36.3473,113.15909,0.6278846,18.58036,,16.28095,,
2015-11-04,36.68397,54.77419,41.72083000000001,36.3473,113.15909,0.6278846,18.52545,,16.28095,,
2015-11-05,36.68397,54.77419,41.72083000000001,36.3473,123.93333,0.6278846,18.52545,,16.28095,,
2015-11-06,36.68397,54.77419,41.72083000000001,36.3473,124.20667,0.7615384,18.52545,,16.25,,
2015-11-07,36.68397,54.77419,41.72083000000001,36.3473,124.20667,0.7615384,18.52545,,16.25,,
2015-11-08,36.68397,54.77419,41.72083000000001,36.3473,124.20667,0.7615384,18.52545,,16.25,,
2015-11-09,36.68397,55.12903000000001,41.72083000000001,36.3473,124.20667,0.7615384,18.52545,,16.25,,
2015-11-10,36.68397,55.32258,41.86146,36.39079,124.20667,0.7615384,18.52545,,16.25,,
2015-11-11,36.68397,55.32258,41.8875,36.45658,124.20667,0.7615384,18.52545,,16.25,,
2015-11-12,36.68397,55.32258,41.8875,36.45658,124.20667,0.7615384,18.52545,,16.20455,,
2015-11-13,36.62962,55.625,41.96041,36.56842,124.40667,0.7663462,18.52545,,16.20455,,
2015-11-14,36.62962,55.625,41.96041,36.56842,124.40667,0.7663462,18.52545,,16.20455,,
2015-11-15,36.62962,55.625,41.96041,36.56842,124.40667,0.7663462,18.52545,,16.20455,,
2015-11-16,36.62962,55.625,42.12708000000001,36.56842,124.62889,0.7663462,18.52545,,16.20455,,
2015-11-17,36.62962,55.625,42.12708000000001,36.56842,124.62889,0.7663462,18.52545,,16.20455,,
2015-11-18,36.62962,55.625,42.12708000000001,36.56842,124.62889,0.7663462,18.52545,,16.06522,,
2015-11-19,36.62962,55.625,42.12708000000001,36.56842,124.62889,0.7663462,18.52545,,16.06522,,
2015-11-20,36.62962,56.21875000000001,42.12708000000001,36.45,124.62889,0.7663462,18.52545,,16.06522,,
2015-11-21,36.62962,56.21875000000001,42.12708000000001,36.45,124.62889,0.7663462,18.52545,,16.06522,,
2015-11-22,36.62962,56.21875000000001,42.12708000000001,36.45,124.62889,0.7663462,18.52545,,16.06522,,
2015-11-23,36.62962,56.21875000000001,42.12708000000001,36.45,124.85111,0.7663462,18.52545,,16.06087,,
2015-11-24,36.62962,56.21875000000001,42.12708000000001,36.45,124.85111,0.7663462,18.52545,,16.06087,,
2015-11-25,36.62962,56.21875000000001,42.12708000000001,36.45,125.075,0.7663462,18.52545,,16.06087,,
2015-11-26,36.62962,56.21875000000001,42.12708000000001,36.45,125.075,0.7663462,18.52545,,16.06087,,
2015-11-27,36.62962,56.39394000000001,42.12708000000001,36.45,125.075,0.7663462,18.52545,,16.05833,,
2015-11-28,36.62962,56.39394000000001,42.12708000000001,36.45,125.075,0.7663462,18.52545,,16.05833,,
2015-11-29,36.62962,56.39394000000001,42.12708000000001,36.45,125.075,0.7663462,18.52545,,16.05833,,
2015-11-30,36.62962,56.39394000000001,42.12708000000001,36.64737,125.075,0.7663462,18.52545,,16.05833,,
2015-12-01,36.62962,56.39394000000001,42.20521,36.64737,125.075,0.7663462,18.52545,,16.05833,,
2015-12-02,36.62962,56.39394000000001,42.20521,36.64737,125.075,0.7663462,18.52545,,16.05833,,
2015-12-03,36.62962,56.39394000000001,42.20521,36.64737,125.075,0.7769231,18.52545,,16.975,,
2015-12-04,36.62962,56.39394000000001,42.23125,36.73333,125.075,0.7769231,18.52545,,16.975,,
2015-12-05,36.62962,56.39394000000001,42.23125,36.73333,125.075,0.7769231,18.52545,,16.975,,
2015-12-06,36.62962,56.39394000000001,42.23125,36.73333,125.075,0.7769231,18.52545,,16.975,,
2015-12-07,36.62962,56.39394000000001,42.23125,36.73333,125.075,0.7769231,18.52545,,16.975,,
2015-12-08,36.62962,56.54546000000001,42.23125,36.92564,125.075,0.7769231,18.52545,,17.036,,
2015-12-09,36.62962,56.54546000000001,42.23125,36.92564,125.075,0.7769231,18.52545,,17.036,,
2015-12-10,36.62962,56.60606000000001,42.23125,36.92564,125.075,0.7769231,18.52545,,17.036,,
2015-12-11,36.94361,56.66667,42.23125,36.92564,125.075,0.7769231,18.52545,,17.036,,
2015-12-12,36.94361,56.66667,42.23125,36.92564,125.075,0.7769231,18.52545,,17.036,,
2015-12-13,36.98779,56.66667,42.31489000000001,36.92564,125.075,0.7769231,18.52545,,17.036,,
2015-12-14,36.93665,56.66667,42.31489000000001,37.0025,125.075,0.7769231,18.52545,,17.036,,
2015-12-15,36.74915,56.81818000000001,42.34149,37.0025,125.075,0.7769231,18.52545,,17.036,,
2015-12-16,36.74915,56.81818000000001,42.34149,37.04625,125.075,0.7817308,18.52545,,17.036,,
2015-12-17,36.74915,57.18182,42.43192000000001,37.04625,125.18864,0.7817308,18.52545,,17.076,,
2015-12-18,36.74419,57.18182,42.43192000000001,37.04625,125.18864,0.7817308,18.52545,,17.136,,
2015-12-19,36.74419,57.18182,42.43192000000001,37.04625,125.18864,0.7817308,18.52545,,17.136,,
2015-12-20,36.74419,57.18182,42.43192000000001,37.04625,125.18864,0.7817308,18.52545,,17.136,,
2015-12-21,36.71511,57.18182,42.48511000000001,37.04625,125.18864,0.7817308,18.52545,,17.136,,
2015-12-22,36.51163,57.18182,42.48511000000001,37.07125000000001,125.18864,0.7817308,18.52545,,17.136,,
2015-12-23,36.51163,57.18182,42.48511000000001,37.07125000000001,125.18864,0.7817308,18.52545,,17.136,,
2015-12-24,36.51163,57.18182,42.59149,37.139,125.18864,0.7817308,18.52545,,17.136,,
2015-12-25,36.51163,57.18182,42.59149,37.139,125.18864,0.7817308,18.52545,,17.136,,
2015-12-26,36.51163,57.18182,42.59149,37.139,125.18864,0.7817308,18.52545,,17.136,,
2015-12-27,36.51163,57.18182,42.59149,37.139,125.18864,0.7817308,18.52545,,17.136,,
2015-12-28,36.42442,57.18182,42.59149,37.139,125.18864,0.7846154,18.52545,,17.136,,
2015-12-29,36.42442,57.18182,42.59149,37.139,125.18864,0.7846154,18.52545,,17.136,,
2015-12-30,36.42442,57.18182,42.59149,37.139,125.18864,0.7846154,18.52545,,17.136,,
2015-12-31,36.42442,57.42424,42.59149,37.31125,125.18864,0.7846154,18.62349,,17.136,,
2016-01-01,36.42442,57.42424,42.59149,37.31125,125.18864,0.7846154,18.6431,,17.136,,
2016-01-02,36.42442,57.42424,42.59149,37.31125,125.18864,0.7846154,18.6431,,17.136,,
2016-01-03,36.42442,57.42424,42.59149,37.31125,125.18864,0.7846154,18.6431,,17.136,,
2016-01-04,36.42442,57.42424,42.59149,37.31125,125.18864,0.789423,18.6431,,17.136,,
2016-01-05,36.20349,57.84848,42.59149,37.31125,125.18864,0.789423,18.6431,,17.136,,
2016-01-06,36.08721000000001,58.02941000000001,42.65532,37.31125,125.41591,0.789423,18.6431,,17.136,,
2016-01-07,35.72093,58.02941000000001,42.65532,37.31125,125.41591,0.789423,18.6431,,16.968,,
2016-01-08,35.16477,58.0,42.6766,37.31125,125.59772,0.789423,18.6431,,16.968,,
2016-01-09,35.16477,58.0,42.6766,37.31125,125.59772,0.789423,18.6431,,16.968,,
2016-01-10,35.16477,58.0,42.6766,37.31125,125.59772,0.789423,18.6431,,16.968,,
2016-01-11,35.16477,58.0,42.72979,37.34,125.59772,0.789423,18.6431,,16.968,,
2016-01-12,35.16477,58.0,42.74574,37.58781,125.59772,0.789423,18.6431,,17.00769,,
2016-01-13,35.16477,58.35294,42.74574,37.58781,125.87045,0.7913460999999999,18.6431,,17.03077,,
2016-01-14,35.17442,58.35294,42.74574,37.58781,125.87045,0.7913460999999999,18.42741,,17.03077,,
2016-01-15,35.17442,58.35294,42.74574,37.58781,125.87045,0.7913460999999999,18.1333,,17.03077,,
2016-01-16,35.17442,58.35294,42.74574,37.58781,125.87045,0.7913460999999999,18.1333,,17.03077,,
2016-01-17,35.17442,58.35294,42.74574,37.58781,125.87045,0.7913460999999999,18.1333,,17.03077,,
2016-01-18,35.17442,58.35294,42.74574,37.58781,125.87045,0.7913460999999999,18.1333,,17.03077,,
2016-01-19,35.17442,58.35294,42.96383,37.58781,124.68044,0.7913460999999999,18.1333,,17.03077,,
2016-01-20,35.093,58.35294,42.98478,37.69,124.68044,0.7913460999999999,18.1333,,17.03077,,
2016-01-21,35.093,58.35294,42.98478,37.8025,124.68044,0.7913460999999999,18.1333,,17.03077,,
2016-01-22,35.093,58.35294,42.98478,37.8025,124.57174,0.7913460999999999,18.1333,,17.03077,,
2016-01-23,35.093,58.35294,42.98478,37.8025,124.57174,0.7913460999999999,18.1333,,17.03077,,
2016-01-24,35.093,58.35294,42.98478,37.8025,124.57174,0.7913460999999999,18.1333,,17.03077,,
2016-01-25,35.093,58.35294,42.98478,37.8025,124.57174,0.7913460999999999,18.1333,,17.03077,,
2016-01-26,34.95349,58.35294,42.98478,37.79744,124.57174,0.7913460999999999,18.1333,,17.01154,,
2016-01-27,33.41029,58.29412000000001,42.98478,37.79744,124.57174,0.7913460999999999,18.1333,,17.01154,,
2016-01-28,33.41029,58.29412000000001,43.05,37.79744,132.0065,0.7913460999999999,18.1333,,17.01154,,
2016-01-29,33.27448,59.22059,43.10435,37.2025,132.0065,0.785,17.737,,16.98148,,
2016-01-30,33.27448,59.22059,43.10435,37.2025,132.0065,0.785,17.737,,16.98148,,
2016-01-31,33.27448,59.22059,43.10435,37.2025,132.0065,0.785,17.737,,16.98148,,
2016-02-01,33.27448,59.22059,43.10435,37.2025,132.1766,0.796875,17.30367,,16.99643,,
2016-02-02,33.27448,59.19118,46.01196,37.2025,132.5957,0.796875,17.30367,,16.99643,,
2016-02-03,33.27448,59.19118,46.01196,37.2025,132.766,0.796875,17.30367,,16.99643,,
2016-02-04,33.27448,59.19118,46.01196,37.2025,132.9149,0.796875,17.19256,,16.99643,,
2016-02-05,33.27448,59.19118,46.01196,37.2025,132.9149,0.796875,17.19256,,16.99643,,
2016-02-06,33.27448,59.19118,46.01196,37.2025,132.9149,0.796875,17.19256,,16.99643,,
2016-02-07,33.27448,59.19118,46.01196,37.2025,132.9149,0.796875,17.19256,,16.99643,,
2016-02-08,33.27448,59.19118,46.01196,37.2025,132.9149,0.796875,17.137,,16.99643,,
2016-02-09,33.27448,59.19118,46.01196,37.2025,132.9149,0.796875,17.137,,17.05926,,
2016-02-10,33.21634,58.95454,46.01196,37.23333,132.75,0.7958333,17.137,,17.05926,,
2016-02-11,33.21634,58.95454,46.01196,37.23333,132.75,0.7958333,15.503674,,17.04445,,
2016-02-12,33.21634,58.95454,46.06087,37.23333,132.75,0.7958333,15.503674,,16.87333,,
2016-02-13,33.21634,58.95454,46.06087,37.23333,132.75,0.7958333,15.503674,,16.87333,,
2016-02-14,33.21634,58.95454,46.06087,37.23333,132.75,0.7958333,15.503674,,16.87333,,
2016-02-15,33.21634,58.95454,46.06087,37.23333,132.75,0.7958333,15.503674,,16.87333,,
2016-02-16,33.21634,58.95454,46.06087,37.23333,132.75,0.7958333,15.503674,,16.87333,,
2016-02-17,33.21634,58.89394000000001,46.06087,37.42564,132.75,0.7958333,15.503674,,16.87333,,
2016-02-18,33.21634,58.89394000000001,46.07174000000001,37.42564,132.9583,0.8125,15.503674,,16.87333,,
2016-02-19,33.21634,58.89394000000001,46.07174000000001,37.315,132.9583,0.8125,15.503674,,16.87333,,
2016-02-20,33.21634,58.89394000000001,46.07174000000001,37.315,132.9583,0.8125,15.503674,,16.87333,,
2016-02-21,33.21634,58.89394000000001,46.07174000000001,37.315,132.9583,0.8125,15.503674,,16.87333,,
2016-02-22,33.21634,58.89394000000001,46.07174000000001,37.315,132.9583,0.8125,15.448118,,16.87333,,
2016-02-23,33.21634,58.89394000000001,46.07174000000001,37.315,132.9583,0.8125,15.448118,,16.82333,,
2016-02-24,33.21634,58.89394000000001,46.07174000000001,37.315,132.9583,0.8125,15.448118,,16.82333,,
2016-02-25,33.21634,58.89394000000001,46.07174000000001,37.215,132.9583,0.8125,15.448118,,16.84516,,
2016-02-26,33.21634,58.89394000000001,46.07174000000001,37.1775,132.9583,0.8125,15.448118,,16.87419,,
2016-02-27,33.21634,58.89394000000001,46.07174000000001,37.1775,132.9583,0.8125,15.448118,,16.87419,,
2016-02-28,33.21634,58.89394000000001,46.07174000000001,37.1775,132.9583,0.8125,15.448118,,16.87419,,
2016-02-29,33.21634,58.89394000000001,46.07174000000001,37.12439000000001,132.9583,0.8125,15.448118,,16.87419,,
2016-03-01,33.21634,58.89394000000001,46.07174000000001,37.12439000000001,132.9583,0.8125,15.448118,,16.87419,,
2016-03-02,33.21634,58.89394000000001,46.07174000000001,37.12439000000001,133.1667,0.8125,15.448118,,16.87419,,
2016-03-03,33.21634,58.89394000000001,46.07174000000001,37.12439000000001,133.1667,0.8125,15.448118,,16.88065,,
2016-03-04,33.18727000000001,58.72059,46.07174000000001,37.12439000000001,133.1667,0.8125,15.448118,,17.67742,,
2016-03-05,33.18727000000001,58.72059,46.07174000000001,37.12439000000001,133.1667,0.8125,15.448118,,17.67742,,
2016-03-06,33.18727000000001,58.72059,46.07174000000001,37.12439000000001,133.1667,0.8125,15.448118,,17.67742,,
2016-03-07,33.18727000000001,58.86765,46.07174000000001,37.12439000000001,133.1667,0.8125,15.448118,,17.67742,,
2016-03-08,33.18727000000001,58.86765,46.07174000000001,37.12439000000001,133.1667,0.8125,15.448118,,17.67742,,
2016-03-09,33.17564,58.86765,46.07174000000001,37.12439000000001,133.1667,0.8125,15.448118,,17.67742,,
2016-03-10,33.17564,58.86765,46.07174000000001,37.12439000000001,133.1667,0.8125,15.448118,,17.67742,,
2016-03-11,33.17564,58.86765,46.07174000000001,37.12439000000001,133.1667,0.8163043,15.707379,,17.65,,
2016-03-12,33.17564,58.86765,46.07174000000001,37.12439000000001,133.1667,0.8163043,15.707379,,17.68966,,
2016-03-13,33.17564,58.86765,46.07174000000001,37.12439000000001,133.1667,0.8163043,15.707379,,17.68966,,
2016-03-14,33.17564,58.86765,46.07174000000001,37.12439000000001,133.1667,0.8163043,15.792562,,17.68966,,
2016-03-15,33.17564,58.86765,46.07174000000001,37.12073,133.1667,0.8163043,15.792562,,17.68966,,
2016-03-16,33.17564,59.04412000000001,46.07174000000001,37.12073,133.1667,0.8163043,15.792562,,17.68966,,
2016-03-17,33.17564,59.04412000000001,46.07174000000001,37.12073,133.1667,0.8163043,15.792562,,17.68966,,
2016-03-18,33.19173,58.98529000000001,46.19130000000001,37.07195,133.1667,0.8163043,15.792562,,17.68966,,
2016-03-19,33.19173,58.98529000000001,46.19130000000001,37.07195,133.1667,0.8163043,15.792562,,17.68966,,
2016-03-20,33.19173,58.98529000000001,46.19130000000001,37.07195,133.1667,0.8163043,15.792562,,17.68966,,
2016-03-21,33.14762,58.98529000000001,46.19130000000001,36.9439,133.1667,0.8238635999999999,15.792562,,17.73214,,
2016-03-22,33.14762,58.98529000000001,46.19130000000001,36.9439,133.1667,0.8238635999999999,15.792562,,17.73214,,
2016-03-23,33.14762,58.98529000000001,46.19130000000001,36.9439,133.1667,0.8238635999999999,15.792562,,17.73214,,
2016-03-24,33.14762,58.98529000000001,46.19130000000001,36.9439,133.375,0.8238635999999999,15.792562,,17.73214,,
2016-03-25,33.14762,58.98529000000001,46.19130000000001,36.9439,133.375,0.8238635999999999,15.792562,,17.73214,,
2016-03-26,33.14762,58.98529000000001,46.19130000000001,36.9439,133.375,0.8238635999999999,15.792562,,17.73214,,
2016-03-27,33.14762,58.98529000000001,46.19130000000001,36.9439,133.375,0.8238635999999999,15.792562,,17.73214,,
2016-03-28,33.14762,58.98529000000001,46.19130000000001,36.97439,133.375,0.8238635999999999,15.792562,,17.73214,,
2016-03-29,33.2086,58.98529000000001,46.19130000000001,36.97439,133.375,0.8238635999999999,15.792562,,17.73214,,
2016-03-30,33.2086,58.89394000000001,46.19130000000001,36.97439,133.375,0.8284091,15.792562,,17.73214,,
2016-03-31,33.2086,58.95454,46.19130000000001,36.97439,133.375,0.8284091,16.3296,,17.73214,,
2016-04-01,33.11713,58.95454,46.16522000000001,36.95,133.4583,0.8306817999999999,16.47775,,17.73214,,
2016-04-02,33.11713,58.95454,46.16522000000001,36.95,133.4583,0.8306817999999999,16.47775,,17.73214,,
2016-04-03,33.11713,58.95454,46.16522000000001,36.95,133.4583,0.8306817999999999,16.47775,,17.73214,,
2016-04-04,33.22149,58.95454,46.16522000000001,36.95,133.4583,0.8306817999999999,16.84811,,17.73214,,
2016-04-05,33.22149,58.95454,46.17065,36.95,133.4583,0.8710226999999999,16.84811,,17.73214,,
2016-04-06,33.156,58.95454,46.17065,36.95,133.4583,0.8823864,16.84811,,17.73214,,
2016-04-07,33.156,58.95454,46.17333000000001,36.95,133.6383,0.8823864,16.84811,,17.73214,,
2016-04-08,33.156,58.95454,46.36222,36.95,134.0213,0.8823864,16.84811,,17.73214,,
2016-04-09,33.156,58.95454,46.36222,36.95,134.0213,0.8823864,16.84811,,17.73214,,
2016-04-10,33.156,58.95454,46.36222,36.95,134.0213,0.8823864,16.84811,,17.73214,,
2016-04-11,33.21553,58.95454,46.36222,36.95,134.0213,0.8823864,16.84811,,17.73214,,
2016-04-12,33.21553,58.95454,46.37333,36.95,134.0213,0.8823864,16.84811,,17.73214,,
2016-04-13,33.21553,58.95454,46.37333,36.95,134.0213,0.8823864,16.84811,,17.73214,,
2016-04-14,33.21553,58.95454,46.37333,36.95,134.0213,0.8823864,16.84811,,17.73214,,
2016-04-15,33.21553,58.95454,46.36222,36.95,134.0638,0.8823864,16.84811,,17.77586,,
2016-04-16,33.21553,58.95454,46.36222,36.95,134.0638,0.8823864,16.84811,,17.77586,,
2016-04-17,33.21553,58.95454,46.36222,36.95,134.4348,0.8823864,16.84811,,17.77586,,
2016-04-18,33.21553,59.04546000000001,46.36222,36.95,134.7609,0.8823864,16.90367,,17.77586,,
2016-04-19,33.15006,59.04546000000001,46.36222,36.98049,135.0217,0.8823864,16.79997,,17.77586,,
2016-04-20,33.22689,59.04546000000001,46.36222,36.98049,135.0217,0.8886904999999999,16.79997,,17.75,,
2016-04-21,33.22689,59.04546000000001,46.36222,36.98049,135.0217,0.8886904999999999,16.79997,,17.75,,
2016-04-22,33.1964,58.31818000000001,45.43,36.98049,135.0217,0.8886904999999999,16.9686,,17.75,,
2016-04-23,33.1964,58.31818000000001,45.43,36.98049,135.0217,0.8886904999999999,16.9686,,17.75,,
2016-04-24,33.1964,58.31818000000001,45.43,36.98049,135.0217,0.8886904999999999,16.9686,,17.75,,
2016-04-25,33.1964,58.25758,45.43,37.03,135.1277,0.8886904999999999,16.9686,,17.75,,
2016-04-26,33.1964,58.25758,45.43,37.03,135.1277,0.8886904999999999,16.9686,,17.75,,
2016-04-27,31.29909,58.25758,45.43,37.03,135.1277,0.8886904999999999,16.9686,,17.75,,
2016-04-28,31.29792,58.25758,45.43,37.03,143.4348,0.8886904999999999,16.9686,,17.75,,
2016-04-29,31.26815,58.25758,45.43,39.87073,143.6522,0.8886904999999999,16.9686,,17.73571,,
2016-04-30,31.26815,58.25758,45.43,39.87073,143.6522,0.8886904999999999,16.9686,,17.73571,,
2016-05-01,31.26815,58.25758,45.43,39.87073,143.6522,0.8886904999999999,16.9686,,17.73571,,
2016-05-02,31.26815,58.25758,45.43,39.87073,143.9565,0.8886904999999999,16.9686,,17.73571,,
2016-05-03,31.26815,58.25758,45.43,39.87073,143.9565,0.8886904999999999,16.9686,,17.73571,,
2016-05-04,31.26815,58.25758,45.43,39.87073,143.9565,0.8886904999999999,16.9686,,17.73571,,
2016-05-05,31.06577,58.25758,45.43977,39.8675,143.8222,0.8886904999999999,18.10585,,17.7,,
2016-05-06,31.12226,58.25758,45.43977,39.8675,143.8222,0.8994048,18.10585,,17.7,,
2016-05-07,31.12226,58.25758,45.43977,39.8675,143.8222,0.8994048,18.10585,,17.7,,
2016-05-08,31.12226,58.20313,45.43977,40.08846,143.8222,0.8994048,18.10585,,17.7,,
2016-05-09,31.09179,58.20313,45.43977,40.38334,143.8222,0.8994048,18.10585,,17.7,,
2016-05-10,31.062,58.20313,45.43977,40.38334,143.8222,0.8994048,17.8833,,17.7,,
2016-05-11,30.985,58.20313,45.43977,40.38334,143.8222,0.8994048,17.92497,,17.7,,
2016-05-12,30.87453,58.20313,45.41705,40.38334,144.1555,0.8994048,17.92497,,17.65862,,
2016-05-13,30.87453,58.10606000000001,45.48488,40.38334,144.1555,0.9809524,17.92497,,17.65862,,
2016-05-14,30.87453,58.10606000000001,45.48488,40.38334,144.1555,0.9809524,17.92497,,17.65862,,
2016-05-15,30.87453,58.10606000000001,45.48488,40.38334,144.1555,0.9809524,17.92497,,17.65862,,
2016-05-16,30.87453,58.10606000000001,45.42674,40.38334,144.1555,0.9809524,17.92497,,17.65862,,
2016-05-17,30.87453,58.10606000000001,45.45581000000001,40.38334,144.1555,0.9809524,17.92497,,17.65862,,
2016-05-18,30.87453,58.10606000000001,45.45581000000001,40.38334,144.1555,0.9809524,18.43108,,17.65862,,
2016-05-19,30.87453,58.10606000000001,45.45581000000001,40.38334,144.1555,0.9809524,18.43108,,17.65862,,
2016-05-20,30.87453,58.10606000000001,45.45581000000001,40.38334,144.1555,0.9809524,17.92497,,17.67931,,
2016-05-21,30.87453,58.10606000000001,45.45581000000001,40.38334,144.1555,0.9809524,17.92497,,17.67931,,
2016-05-22,30.87453,58.10606000000001,45.45581000000001,40.38334,144.1555,0.9809524,17.92497,,17.67931,,
2016-05-23,30.87453,58.10606000000001,45.45581000000001,40.38334,144.1555,0.9809524,17.8833,,17.67931,,
2016-05-24,30.87453,58.10606000000001,45.45581000000001,40.38334,144.1555,0.9809524,17.8833,,17.67931,,
2016-05-25,30.87453,58.10606000000001,45.45581000000001,40.38334,144.1555,0.9809524,17.8833,,17.67931,,
2016-05-26,30.87453,58.10606000000001,45.45581000000001,40.38334,144.1555,0.9809524,17.8833,,17.67931,,
2016-05-27,30.87453,58.10606000000001,45.45581000000001,40.38334,144.1555,0.9928572,17.8833,,17.67931,,
2016-05-28,30.87453,58.10606000000001,45.45581000000001,40.38334,144.4773,1.00375,17.8833,,17.67931,,
2016-05-29,30.87453,58.10606000000001,45.45581000000001,40.38334,144.4773,1.00375,17.8833,,17.67931,,
2016-05-30,30.87453,58.10606000000001,45.45581000000001,40.38334,144.4773,1.00375,17.8833,,17.67931,,
2016-05-31,30.87453,58.10606000000001,45.45581000000001,40.44744,144.4773,1.00375,17.8833,,17.67931,,
2016-06-01,30.80477,58.10606000000001,45.45581000000001,40.51154,144.4773,1.020238,18.5083,,17.62333,,
2016-06-02,30.80477,58.10606000000001,45.45581000000001,40.51154,144.4773,1.01625,18.5083,,17.71379,,
2016-06-03,30.80477,58.10606000000001,45.45581000000001,40.51154,144.4773,1.01381,18.5083,,19.04138,,
2016-06-04,30.80477,58.10606000000001,45.45581000000001,40.51154,144.4773,1.01381,18.5083,,19.04138,,
2016-06-05,30.67512,58.10606000000001,45.45581000000001,40.51154,144.4773,1.01381,18.5083,,19.04138,,
2016-06-06,30.67512,58.10606000000001,45.45581000000001,40.69359,144.4773,1.024524,18.5083,,19.04138,,
2016-06-07,30.67512,58.10606000000001,45.45581000000001,40.69359,144.4773,1.024524,18.5083,,19.04138,,
2016-06-08,30.67512,58.10606000000001,45.47326,40.69359,144.4773,1.036429,18.29408,,19.04138,,
2016-06-09,30.81354,58.16667,45.47326,40.69359,145.1136,1.036429,18.29408,,19.04138,,
2016-06-10,30.81354,58.16667,45.47326,40.69359,145.1136,1.073333,18.29408,,19.18571,,
2016-06-11,30.81354,58.16667,45.47326,40.69359,145.1136,1.073333,18.29408,,19.18571,,
2016-06-12,30.81354,58.16667,45.47326,40.69359,145.1136,1.073333,18.29408,,19.18571,,
2016-06-13,30.81963,58.13636,45.47326,40.69359,145.1136,1.073333,18.29408,,19.18571,,
2016-06-14,30.81963,58.13636,45.47326,40.71923,145.1136,1.085238,18.29408,,19.18571,,
2016-06-15,30.69768,58.13636,45.47326,40.71923,145.1136,1.105476,18.29408,,19.18571,,
2016-06-16,30.66719,58.13636,45.47326,40.71923,145.1136,1.120952,18.29408,,19.18571,,
2016-06-17,30.66719,58.13636,45.47326,40.71923,145.1136,1.120952,18.29408,,19.18571,,
2016-06-18,30.66719,58.13636,45.47326,40.71923,145.1136,1.120952,18.29408,,19.18571,,
2016-06-19,30.66719,58.13636,45.47326,40.71923,145.1136,1.120952,18.29408,,19.18571,,
2016-06-20,30.66719,58.13636,45.47326,40.71923,145.1136,1.120952,17.35291,,19.18571,,
2016-06-21,30.66719,58.13636,45.47326,40.77105,145.1136,1.120952,16.79164,,19.12759,,
2016-06-22,30.60622,58.13636,45.33372000000001,40.78333000000001,145.1136,1.120952,17.22219,,19.12759,,
2016-06-23,30.60622,58.13636,45.33372000000001,40.78333000000001,145.1136,1.120952,16.83108,,19.12759,,
2016-06-24,30.52762,58.13636,45.31047,40.78333000000001,145.3488,1.120952,16.5571,,19.1,,
2016-06-25,30.52762,58.13636,45.31047,40.78333000000001,145.3488,1.120952,16.5571,,19.1,,
2016-06-26,30.52762,58.13636,45.31047,40.78333000000001,145.3488,1.120952,16.5571,,19.1,,
2016-06-27,30.52762,58.13636,45.31047,40.78333000000001,145.3488,1.112,16.50949,,19.1,,
2016-06-28,30.52762,58.10606000000001,45.22791,40.77051,145.2558,1.112,16.40473,,19.1,,
2016-06-29,30.52762,58.10606000000001,45.22791,40.77051,145.2558,1.112,15.977744,,19.1,,
2016-06-30,30.52762,58.10606000000001,45.22791,40.87949,145.2558,1.112,16.40473,,19.1,,
2016-07-01,30.52762,58.10606000000001,45.22791,40.87949,145.2558,1.112,16.40473,,19.08214,,
2016-07-02,30.52762,58.10606000000001,45.22791,40.87949,145.2558,1.112,16.40473,,19.08214,,
2016-07-03,30.52762,58.10606000000001,45.22791,40.87949,145.2558,1.112,16.40473,,19.08214,,
2016-07-04,30.52762,58.10606000000001,45.22791,40.87949,145.2558,1.112,16.40473,,19.08214,,
2016-07-05,30.54524,58.10606000000001,45.22791,40.87949,143.7727,1.112,16.40473,,19.08214,,
2016-07-06,30.54524,57.96875000000001,45.22791,40.87949,143.7727,1.112,16.35711,,19.08214,,
2016-07-07,30.54524,57.96875000000001,45.22791,40.87949,143.7727,1.112,16.35711,,19.08214,,
2016-07-08,30.34774,57.96875000000001,45.35238,40.94359,143.7209,1.112,16.62497,,19.08214,,
2016-07-09,30.34774,57.96875000000001,45.35238,40.94359,143.7209,1.112,16.62497,,19.08214,,
2016-07-10,30.34774,57.96875000000001,45.35238,40.94359,143.7209,1.112,16.62497,,19.08214,,
2016-07-11,30.34774,57.96875000000001,45.34643000000001,40.93462,143.7209,1.11825,16.62497,,19.08214,,
2016-07-12,30.34774,57.96875000000001,45.34643000000001,41.14615000000001,143.7209,1.11825,16.62497,,19.08214,,
2016-07-13,30.34774,57.96875000000001,45.34643000000001,41.14615000000001,143.7209,1.136429,16.62497,,19.08214,,
2016-07-14,30.312,57.96875000000001,45.34643000000001,41.15,143.7209,1.152,16.62497,,19.08214,,
2016-07-15,30.2525,58.0303,45.34643000000001,41.15,143.7209,1.15825,16.62497,,19.08214,,
2016-07-16,30.2525,58.0303,45.34643000000001,41.15,143.7209,1.15825,16.62497,,19.08214,,
2016-07-17,30.2525,58.0303,45.34643000000001,41.15,143.7209,1.15825,16.62497,,19.08214,,
2016-07-18,30.2525,58.0303,45.34643000000001,41.15,143.7209,1.16,16.62497,,19.08214,,
2016-07-19,30.2525,58.0303,45.34643000000001,41.15,143.7209,1.16,16.60414,,19.08214,,
2016-07-20,30.24059,59.30303000000001,45.34643000000001,41.29473,144.1667,1.16,16.60414,,19.08214,,
2016-07-21,30.24059,59.30303000000001,45.34643000000001,41.37368,144.1667,1.16,16.60414,,19.08214,,
2016-07-22,30.09546,59.30303000000001,45.25114000000001,41.3641,144.4186,1.16,16.60414,,19.08214,,
2016-07-23,30.09546,59.30303000000001,45.25114000000001,41.3641,144.4186,1.16,16.60414,,19.08214,,
2016-07-24,30.09546,59.30303000000001,45.25114000000001,41.53158000000001,144.4186,1.16,16.60414,,19.08214,,
2016-07-25,30.09546,59.30303000000001,45.25114000000001,41.53158000000001,144.3023,1.168553,16.60414,,19.08214,,
2016-07-26,30.09546,59.30303000000001,45.25114000000001,41.4282,144.3023,1.168553,16.60414,,19.08214,,
2016-07-27,30.44064,59.30303000000001,45.25114000000001,41.4282,144.3023,1.168553,16.60414,,19.08214,,
2016-07-28,30.44064,59.30303000000001,45.25114000000001,41.4282,153.4651,1.168553,16.60414,,19.08214,,
2016-07-29,30.48715,59.30303000000001,46.66,44.05658,153.8139,1.168553,16.60414,,19.08214,,
2016-07-30,30.48715,59.30303000000001,46.66,44.05658,153.8139,1.168553,16.60414,,19.08214,,
2016-07-31,30.48715,59.30303000000001,46.72558,44.05658,153.8139,1.168553,16.60414,,19.08214,,
2016-08-01,30.48715,59.30303000000001,46.72558,44.24737,153.8139,1.180395,16.60414,,19.08214,,
2016-08-02,30.48715,59.30303000000001,46.72558,44.24737,153.8139,1.180395,16.23526,,19.08214,,
2016-08-03,30.48715,59.34375000000001,46.72558,44.24737,154.0,1.190263,16.23526,,19.08214,,
2016-08-04,30.48715,59.34375000000001,46.72558,44.24737,154.0,1.206053,16.17644,,19.08214,,
2016-08-05,30.42107,59.34375000000001,46.72558,44.24737,154.0,1.273158,16.17644,,19.1,,
2016-08-06,30.40085,59.34375000000001,46.72558,44.24737,154.0,1.273158,16.17644,,19.1,,
2016-08-07,30.40085,59.34375000000001,46.72558,44.29459000000001,154.0,1.273158,16.17644,,19.1,,
2016-08-08,30.40085,59.34375000000001,46.72558,44.29459000000001,154.0,1.336316,16.17644,,19.1,,
2016-08-09,30.40085,59.34375000000001,46.72558,44.29459000000001,154.0,1.336316,16.17644,,19.1,,
2016-08-10,30.41305,59.34375000000001,46.72558,44.29459000000001,154.1707,1.336316,16.17644,,19.1,,
2016-08-11,30.41305,59.34375000000001,46.72558,44.29459000000001,154.1707,1.336316,16.17644,,19.14828,,
2016-08-12,30.41305,59.34375000000001,46.72558,44.29459000000001,154.1707,1.588875,16.17644,,19.14828,,
2016-08-13,30.38588,59.34375000000001,46.72558,44.29459000000001,154.1707,1.588875,16.17644,,19.14828,,
2016-08-14,30.38588,59.34375000000001,46.72558,44.29459000000001,154.1707,1.588875,16.17644,,19.14828,,
2016-08-15,30.38588,59.34375000000001,46.72558,44.29459000000001,154.1707,1.600625,16.17644,,19.14828,,
2016-08-16,30.38588,59.34375000000001,46.72558,44.29459000000001,154.1707,1.600625,16.17644,,19.14828,,
2016-08-17,30.38588,59.34375000000001,46.86512,44.29459000000001,154.2927,1.600625,16.17644,,19.14828,,
2016-08-18,30.38588,59.34375000000001,46.86512,44.29459000000001,154.2927,1.600625,16.17644,,19.14828,,
2016-08-19,30.45346,59.34375000000001,46.86512,44.29459000000001,154.2927,1.600625,16.17644,,19.14828,,
2016-08-20,30.45346,59.34375000000001,46.86512,44.29459000000001,154.2927,1.600625,16.17644,,19.14828,,
2016-08-21,30.45346,59.34375000000001,46.86512,44.29459000000001,154.2927,1.600625,16.17644,,19.14828,,
2016-08-22,30.45346,59.34375000000001,46.86512,44.29459000000001,154.2927,1.600625,16.17644,,19.14828,,
2016-08-23,30.45346,59.34375000000001,46.86512,44.29459000000001,154.2927,1.600625,16.17644,,19.14828,,
2016-08-24,30.45346,59.34375000000001,46.86512,44.29459000000001,154.2927,1.600625,16.17644,,19.14828,,
2016-08-25,30.45346,59.34375000000001,46.86512,44.29459000000001,154.2927,1.600625,16.17644,,19.14828,,
2016-08-26,30.45346,59.40625000000001,46.86512,44.29459000000001,154.9,1.600625,16.17644,,19.24828,,
2016-08-27,30.45346,59.40625000000001,46.86512,44.29459000000001,154.9,1.600625,16.17644,,19.24828,,
2016-08-28,30.45346,59.40625000000001,46.86512,44.29459000000001,154.9,1.600625,16.17644,,19.24828,,
2016-08-29,30.45346,59.40625000000001,46.86512,44.29459000000001,154.9,1.600625,16.17644,,19.39,,
2016-08-30,30.45346,59.40625000000001,46.86512,44.29459000000001,154.9,1.605357,16.5833,,19.45667,,
2016-08-31,30.45346,59.40625000000001,46.86512,44.29459000000001,154.9,1.605357,16.5833,,19.45667,,
2016-09-01,30.45346,59.40625000000001,46.86512,44.29459000000001,154.9,1.605357,16.5833,,19.45667,,
2016-09-02,30.45346,59.40625000000001,46.8381,44.29459000000001,154.5366,1.605357,16.5833,,20.26333,,
2016-09-03,30.45346,59.40625000000001,46.8381,44.29459000000001,154.5366,1.605357,16.5833,,20.26333,,
2016-09-04,30.45346,59.40625000000001,46.8381,44.29459000000001,154.5366,1.605357,16.5833,,20.26333,,
2016-09-05,30.45346,59.40625000000001,46.8381,44.29459000000001,154.5366,1.605357,16.5833,,20.26333,,
2016-09-06,30.45346,59.40625000000001,46.8381,44.29459000000001,154.5366,1.605357,16.5833,,20.26333,,
2016-09-07,30.45346,59.40625000000001,46.8381,44.29459000000001,154.7805,1.605357,16.23526,,20.26333,,
2016-09-08,30.45346,59.40625000000001,46.8381,44.29459000000001,154.7805,1.605357,16.23526,,20.26333,,
2016-09-09,30.45346,59.40625000000001,46.8381,44.29459000000001,154.7805,1.605357,16.23526,,20.26333,,
2016-09-10,30.45346,59.40625000000001,46.8381,44.29459000000001,154.7805,1.605357,16.23526,,20.26333,,
2016-09-11,30.45346,59.40625000000001,46.8381,44.29459000000001,154.7805,1.605357,16.23526,,20.26333,,
2016-09-12,30.45346,59.40625000000001,46.8381,44.29459000000001,154.7805,1.605357,16.23526,,20.26333,,
2016-09-13,30.45346,59.40625000000001,46.8381,44.29459000000001,154.7805,1.605357,16.23526,,20.26333,,
2016-09-14,30.53038,59.40625000000001,46.8381,44.51081000000001,154.7805,1.610119,16.23526,,20.19667,,
2016-09-15,30.94064,59.625,46.8381,44.675,154.7805,1.603977,16.23526,,20.19667,,
2016-09-16,30.97269,59.625,46.8381,44.675,155.0244,1.604891,16.23526,,20.19032,,
2016-09-17,30.97269,59.625,46.8381,44.675,155.0244,1.604891,16.23526,,20.19032,,
2016-09-18,30.97269,59.625,46.8381,44.675,155.0244,1.604891,16.23526,,20.19032,,
2016-09-19,31.04962,59.625,46.8381,44.675,155.0244,1.604891,16.23526,,20.19032,,
2016-09-20,31.04962,59.625,46.83452,44.675,155.0244,1.604891,16.23526,,20.19032,,
2016-09-21,31.17782,59.29032000000001,46.83452,44.70789000000001,155.2619,1.604891,16.23526,,20.19032,,
2016-09-22,31.17782,59.29032000000001,46.81829,44.83289000000001,155.2619,1.604891,16.23526,,20.19032,,
2016-09-23,31.24192,59.29032000000001,46.81829,44.91184000000001,155.2619,1.604891,16.23526,,20.19032,,
2016-09-24,31.24192,59.29032000000001,46.81829,44.91184000000001,155.2619,1.604891,16.23526,,20.19032,,
2016-09-25,31.24192,59.29032000000001,46.81829,44.91184000000001,155.2619,1.604891,16.23526,,20.19032,,
2016-09-26,31.24192,59.29032000000001,46.69024,45.07436000000001,155.0952,1.604891,16.23526,,20.18438,,
2016-09-27,31.23551,59.29032000000001,46.6939,45.22179000000001,155.0952,1.604891,16.23526,,20.18438,,
2016-09-28,31.23551,59.29032000000001,46.6939,45.27875,155.0952,1.604891,16.23526,,20.18438,,
2016-09-29,31.23551,59.625,46.72439000000001,45.41625000000001,155.0952,1.604891,16.23526,,20.18438,,
2016-09-30,31.29962,59.625,46.72439000000001,45.27949,155.0952,1.604891,16.23526,,20.18438,,
2016-10-01,31.29962,59.625,46.72439000000001,45.27949,155.0952,1.604891,16.23526,,20.18438,,
2016-10-02,31.29962,59.625,46.72439000000001,45.27949,155.0952,1.604891,16.23526,,20.18438,,
2016-10-03,31.29962,59.625,46.72439000000001,45.27949,155.7561,1.613587,16.23526,,20.22424,,
2016-10-04,31.29962,59.625,46.72439000000001,45.34359000000001,155.7561,1.613587,16.23526,,20.22424,,
2016-10-05,31.29962,59.625,46.72439000000001,45.53590000000001,155.7561,1.613587,16.01957,,20.22424,,
2016-10-06,31.29962,59.625,46.72439000000001,45.53590000000001,155.7561,1.613587,16.01957,,20.22424,,
2016-10-07,31.29962,59.625,46.73658,45.6641,155.7561,1.630978,16.01957,,20.26364,,
2016-10-08,31.29962,59.625,46.73658,45.6641,155.7561,1.630978,16.01957,,20.26364,,
2016-10-09,31.29962,59.625,46.73658,45.6641,155.7561,1.630978,16.01957,,20.26364,,
2016-10-10,31.36372,59.625,46.77317,45.79125000000001,155.8781,1.630978,16.01957,,20.26364,,
2016-10-11,31.415,59.625,46.77317,45.9975,155.8781,1.630978,16.01957,,20.26364,,
2016-10-12,31.4791,59.625,46.77317,45.9975,155.8781,1.630978,16.01957,,20.26364,,
2016-10-13,31.4791,59.6875,46.77317,45.9975,155.8781,1.630978,16.01957,,20.26364,,
2016-10-14,31.48551,59.6875,47.01707,46.16,158.375,1.630978,16.01957,,20.26364,,
2016-10-15,31.48551,59.6875,47.01707,46.16,158.375,1.630978,16.01957,,20.26364,,
2016-10-16,31.48551,59.6875,47.01707,46.16,158.375,1.630978,16.01957,,20.26364,,
2016-10-17,31.56885,59.6875,47.01707,46.2325,158.375,1.630978,16.01957,,20.26364,,
2016-10-18,31.67782,59.8125,47.01707,46.3075,158.375,1.630978,16.01957,,20.26364,,
2016-10-19,31.67782,59.8125,47.01707,46.3075,158.375,1.638587,16.01957,,20.26364,,
2016-10-20,31.74192,59.8125,47.01707,46.3075,158.375,1.638587,16.01957,,20.26364,,
2016-10-21,31.80603,63.40625000000001,47.01707,46.47,158.375,1.638587,16.01957,,20.26364,,
2016-10-22,31.80603,63.40625000000001,47.01707,46.47,158.375,1.638587,16.01957,,20.26364,,
2016-10-23,31.80603,63.40625000000001,47.01707,46.47,158.375,1.638587,16.01957,,20.26364,,
2016-10-24,31.80603,63.40625000000001,47.01707,46.36026,158.375,1.65163,16.01957,,20.26364,,
2016-10-25,31.80603,63.40625000000001,47.01707,46.36026,158.375,1.65163,16.01957,,20.26364,,
2016-10-26,32.46032,63.40625000000001,47.01707,46.49487000000001,158.375,1.65163,16.01957,,20.26364,,
2016-10-27,32.49878,63.40625000000001,47.01707,46.40263,158.3333,1.65163,16.02349,,20.26364,,
2016-10-28,32.49878,63.51613,48.02927,46.71795,158.3333,1.65163,15.816625,,20.26364,,
2016-10-29,32.49878,63.51613,48.02927,46.71795,158.3333,1.65163,15.816625,,20.26364,,
2016-10-30,32.49878,63.51613,48.02927,46.71795,158.3333,1.65163,15.816625,,20.26364,,
2016-10-31,32.49878,63.6129,48.02927,46.81538,158.3333,1.65163,15.816625,,20.26364,,
2016-11-01,32.49878,63.6129,48.02927,46.80256000000001,158.3333,1.65163,15.816625,,20.45757,,
2016-11-02,32.49878,63.6129,48.02927,46.80256000000001,158.3333,1.676563,15.591625,,20.45807,,
2016-11-03,32.49878,63.6129,48.02927,46.80256000000001,155.875,1.676563,15.591625,,20.49063,,
2016-11-04,32.49878,63.6129,48.02927,46.80256000000001,155.875,1.702604,15.591625,,20.49063,,
2016-11-05,32.49878,63.6129,48.02927,46.80256000000001,155.875,1.702604,15.591625,,20.49063,,
2016-11-06,32.49878,63.6129,48.105,46.98158,155.875,1.702604,15.408847,,20.49063,,
2016-11-07,32.49878,63.6129,48.105,46.98158,155.875,1.702604,15.408847,,20.49063,,
2016-11-08,32.49878,63.6129,48.105,46.98158,155.875,1.717188,15.408847,,20.50645,,
2016-11-09,32.49878,64.09677,48.105,46.98158,155.875,1.717188,15.408847,,20.50645,,
2016-11-10,32.46585,63.96667000000001,48.12051,46.96757,155.8974,1.717188,15.408847,,20.59,,
2016-11-11,32.46585,63.96667000000001,48.07105000000001,46.94861,155.973,2.1065,15.408847,,20.59,,
2016-11-12,32.46585,63.96667000000001,48.07105000000001,46.94861,155.973,2.1065,15.087138,,20.59,,
2016-11-13,32.46585,63.96667000000001,48.07105000000001,46.94861,155.973,2.1065,15.087138,,20.59,,
2016-11-14,32.49878,64.09677,48.05641000000001,46.96351000000001,155.9474,2.102404,15.087138,,20.50645,,
2016-11-15,32.49878,64.09677,48.05641000000001,46.96351000000001,155.9474,2.107212,15.087138,,20.50645,,
2016-11-16,32.49878,64.35484000000001,48.09487000000001,46.96351000000001,155.9474,2.107212,15.087138,,20.50645,,
2016-11-17,32.49878,64.35484000000001,48.09487000000001,46.96351000000001,155.9211,2.10625,14.928529,,20.50645,,
2016-11-18,32.49878,64.35484000000001,48.09487000000001,46.86316,155.8462,2.10625,14.928529,,20.50645,,
2016-11-19,32.49878,64.35484000000001,48.09487000000001,46.86316,155.8462,2.10625,14.928529,,20.50645,,
2016-11-20,32.49878,64.35484000000001,48.09487000000001,46.86316,155.8462,2.10625,14.928529,,20.50645,,
2016-11-21,32.49878,64.35484000000001,48.09487000000001,46.86316,155.8462,2.124519,14.928529,,20.50645,,
2016-11-22,32.49878,64.35484000000001,48.09487000000001,46.86316,155.8462,2.124519,14.928529,,20.50645,,
2016-11-23,32.49878,64.35484000000001,48.09487000000001,46.86316,155.8462,2.1615,15.008846,,20.50645,,
2016-11-24,32.49878,64.35484000000001,48.09487000000001,46.86316,155.8462,2.1615,15.008846,,20.50645,,
2016-11-25,32.49878,64.35484000000001,48.09487000000001,46.85658,155.8462,2.1615,15.008846,,20.50645,,
2016-11-26,32.49878,64.35484000000001,48.09487000000001,46.85658,155.8462,2.1615,15.008846,,20.50645,,
2016-11-27,32.49878,64.35484000000001,48.09487000000001,46.85658,155.8462,2.1615,15.008846,,20.50645,,
2016-11-28,32.49878,64.35484000000001,48.09487000000001,46.85658,155.8462,2.1615,15.008846,,20.50645,,
2016-11-29,32.49878,64.35484000000001,48.09487000000001,46.85658,155.7436,2.1615,15.008846,,20.50645,,
2016-11-30,32.49878,64.35484000000001,48.06282,46.82368,155.4872,2.1615,14.986627,,20.50645,,
2016-12-01,32.49878,64.35484000000001,48.06282,46.82368,155.4872,2.1615,14.986627,,20.50645,,
2016-12-02,32.49878,64.35484000000001,48.06282,46.82368,155.4872,2.1615,14.986627,,20.50937,,
2016-12-03,32.49878,64.35484000000001,48.06282,46.82368,155.4872,2.1615,14.986627,,20.50937,,
2016-12-04,32.49878,64.35484000000001,48.06282,46.82368,155.4872,2.1615,14.986627,,20.50937,,
2016-12-05,32.49878,64.35484000000001,48.06282,46.82368,155.4872,2.1615,14.986627,,20.50937,,
2016-12-06,32.49878,64.35484000000001,48.06282,46.82368,155.4872,2.1615,14.986627,,20.50937,,
2016-12-07,32.49878,64.35484000000001,48.06282,46.9421,155.4872,2.1615,14.986627,,20.50937,,
2016-12-08,32.49878,64.35484000000001,48.08625000000001,46.9421,155.4872,2.1785,14.986627,,20.50937,,
2016-12-09,32.49878,64.35484000000001,48.08625000000001,46.9421,155.4872,2.220833,14.945794,,21.16875,,
2016-12-10,32.49878,64.35484000000001,48.08625000000001,46.9421,155.4872,2.220833,14.945794,,21.16875,,
2016-12-11,32.49878,64.35484000000001,48.08625000000001,46.9421,155.4872,2.220833,14.945794,,21.16875,,
2016-12-12,32.58212,64.35484000000001,48.155,46.9421,155.4872,2.230093,14.945794,,21.16875,,
2016-12-13,32.58212,64.67742000000001,48.155,46.9421,155.2308,2.260648,14.945794,,21.16875,,
2016-12-14,32.58212,64.80645000000001,48.155,47.15921,155.2308,2.260648,14.945794,,21.16875,,
2016-12-15,32.55006,64.80645000000001,48.155,47.15921,155.2308,2.260648,14.945794,,21.16875,,
2016-12-16,32.55006,64.80645000000001,48.155,47.15921,155.2308,2.279327,14.945794,,21.18387,,
2016-12-17,32.55006,64.80645000000001,48.155,47.15921,155.2308,2.279327,14.945794,,21.18387,,
2016-12-18,32.55006,64.80645000000001,48.155,47.15921,155.2308,2.279327,14.945794,,21.18387,,
2016-12-19,32.55006,64.80645000000001,48.155,47.15921,155.2308,2.314904,14.945794,,21.18387,,
2016-12-20,32.55006,65.28125,48.17561000000001,47.15921,155.2308,2.334135,14.945794,,21.18387,,
2016-12-21,32.55006,65.28125,48.17561000000001,47.15921,155.2308,2.334135,14.945794,,21.18387,,
2016-12-22,32.55006,65.75,48.17561000000001,47.15921,155.2308,2.334135,14.945794,,21.18387,,
2016-12-23,32.55006,65.75,48.17561000000001,47.15921,155.2308,2.334135,14.945794,,21.18387,,
2016-12-24,32.55006,65.75,48.17561000000001,47.15921,155.2308,2.334135,14.945794,,21.18387,,
2016-12-25,32.55006,65.75,48.17561000000001,47.15921,155.2308,2.334135,14.945794,,21.18387,,
2016-12-26,32.55006,65.75,48.17561000000001,47.15921,155.2308,2.334135,14.945794,,21.18387,,
2016-12-27,32.55006,65.75,48.17561000000001,47.15921,155.2308,2.334135,14.945794,,21.18387,,
2016-12-28,32.55006,65.75,48.17561000000001,47.15921,155.2308,2.334135,14.945794,,21.18387,,
2016-12-29,32.55006,65.75,48.17561000000001,47.15921,155.2308,2.3325,14.945794,,21.18387,,
2016-12-30,32.61131,65.75,48.17561000000001,47.14605,154.85,2.3325,15.248106,,21.18387,,
2016-12-31,32.61131,65.75,48.17561000000001,47.14605,154.85,2.3325,15.248106,,21.22333,,
2017-01-01,32.59494,65.75,48.17561000000001,47.14605,154.85,2.3325,15.248106,,21.22333,,
2017-01-02,32.59494,65.75,48.17561000000001,47.1329,154.85,2.3325,15.248106,,21.22333,,
2017-01-03,32.59494,65.90625,48.25488000000001,47.1329,154.85,2.3675,15.248106,,21.22333,,
2017-01-04,32.627,65.90625,48.25488000000001,47.1329,153.975,2.3885,15.248106,,21.26552,,
2017-01-05,32.627,66.0625,48.25488000000001,47.1329,153.975,2.43125,15.248106,,21.26552,,
2017-01-06,32.627,66.0625,48.25488000000001,47.1329,153.975,2.464904,15.248106,,21.26552,,
2017-01-07,32.627,66.0625,48.25488000000001,47.1329,153.975,2.464904,15.248106,,21.26552,,
2017-01-08,32.627,66.0625,48.25488000000001,47.1329,153.975,2.464904,15.248106,,21.26552,,
2017-01-09,32.627,66.0625,48.29146,47.0671,153.6585,2.486538,15.248106,,21.26552,,
2017-01-10,33.11717,66.0625,48.29146,47.0671,153.6585,2.486538,15.248106,,21.26552,,
2017-01-11,33.16322,66.0625,48.13293,47.0671,152.9756,2.486538,15.248106,,21.26552,,
2017-01-12,33.16322,66.0625,48.13293,47.0671,152.9756,2.499038,15.248106,,21.26552,,
2017-01-13,33.16322,66.28125,48.13293,47.0671,152.9756,2.499038,15.248106,,21.26552,,
2017-01-14,33.16322,66.28125,48.13293,47.0671,152.9756,2.499038,15.248106,,21.26552,,
2017-01-15,33.16322,66.28125,48.13293,47.0671,152.9756,2.499038,15.248106,,21.26552,,
2017-01-16,33.16322,66.34375,48.17561000000001,47.1329,153.0732,2.499038,15.248106,,21.26552,,
2017-01-17,33.16322,66.34375,48.17561000000001,47.1329,153.0732,2.516346,15.248106,,21.3,,
2017-01-18,33.16322,66.34375,48.25476,47.1329,153.0,2.516346,15.277734,,21.3,,
2017-01-19,33.36059,66.34375,48.30238000000001,47.14615000000001,153.0,2.516346,15.603662,,21.3,,
2017-01-20,33.34743,66.34375,48.30238000000001,47.14615000000001,153.0,2.516346,15.603662,,21.3,,
2017-01-21,33.34743,66.34375,48.30238000000001,47.14615000000001,153.0,2.516346,15.603662,,21.3,,
2017-01-22,33.34743,66.34375,48.30238000000001,47.14615000000001,153.0,2.516346,15.603662,,21.3,,
2017-01-23,33.33428,66.34375,48.30238000000001,47.14615000000001,153.119,2.516346,15.603662,,21.3,,
2017-01-24,33.33428,66.4375,48.31429000000001,47.14615000000001,153.119,2.516346,15.603662,,21.40345,,
2017-01-25,33.33428,66.4375,48.48690000000001,47.14615000000001,153.3095,2.516346,15.603662,,21.52414,,
2017-01-26,33.33428,66.4375,48.63572000000001,47.14615000000001,153.3095,2.516346,15.603662,,21.52414,,
2017-01-27,33.33428,69.125,49.30238000000001,47.09487000000001,153.3095,2.516346,15.603662,,21.52414,,
2017-01-28,33.33428,69.125,49.30238000000001,47.09487000000001,153.3095,2.516346,15.603662,,21.52414,,
2017-01-29,33.33428,69.125,49.30238000000001,47.09487000000001,153.3095,2.516346,15.603662,,21.52414,,
2017-01-30,33.25547,69.125,49.32857000000001,47.08421000000001,153.3095,2.516346,15.78885,,21.54286,,
2017-01-31,33.25547,69.125,49.40595,47.08421000000001,153.3095,2.516346,15.78885,,21.50714,,
2017-02-01,35.11203,69.125,49.40595,47.08421000000001,153.3095,2.537963,15.78885,,21.63214,,
2017-02-02,35.11203,69.125,49.40595,47.08421000000001,158.8095,2.537963,15.78885,,21.63214,,
2017-02-03,35.06303,69.125,49.40595,47.09605000000001,158.8095,2.584259,15.78885,,21.63214,,
2017-02-04,35.06303,69.125,49.40595,47.09605000000001,158.8095,2.584259,15.78885,,21.63214,,
2017-02-05,35.06303,69.125,49.40595,47.09605000000001,158.8095,2.584259,15.78885,,21.63214,,
2017-02-06,35.142,69.34375,49.40595,47.14474000000001,159.0238,2.614815,15.78885,,21.72143,,
2017-02-07,35.142,69.34375,49.40595,47.14474000000001,159.0238,2.614815,15.78885,,21.72143,,
2017-02-08,35.17487000000001,69.34375,49.40595,47.14474000000001,159.0238,2.614815,15.78885,,21.72143,,
2017-02-09,35.17487000000001,69.34375,49.40595,47.28378000000001,159.0238,2.662037,15.78885,,21.72143,,
2017-02-10,35.28671,69.34375,49.40595,47.28378000000001,159.0238,2.907408,15.78885,,21.72143,,
2017-02-11,35.28671,69.34375,49.40595,47.28378000000001,159.0238,2.907408,15.78885,,21.72143,,
2017-02-12,35.28671,69.34375,49.40595,47.28378000000001,159.0238,2.907408,15.78885,,21.72143,,
2017-02-13,35.3525,69.96875,49.4119,47.37838000000001,159.0238,2.907408,15.78885,,21.72143,,
2017-02-14,35.3525,69.96875,49.4119,47.37838000000001,159.0238,2.907408,15.78885,,21.72143,,
2017-02-15,35.3525,70.0,49.42558,47.37838000000001,159.0238,2.907408,15.78885,,21.72143,,
2017-02-16,35.3525,70.0,49.42558,47.37838000000001,159.0238,2.907408,15.78885,,21.72143,,
2017-02-17,35.41829000000001,70.0,49.42558,47.37838000000001,159.0238,2.892857,15.78885,,21.81724,,
2017-02-18,35.41829000000001,70.0,49.42558,47.37838000000001,159.0238,2.892857,15.78885,,21.81724,,
2017-02-19,35.41829000000001,70.0,49.42558,47.37838000000001,159.0238,2.892857,15.78885,,21.81724,,
2017-02-20,35.41829000000001,70.0,49.42558,47.37838000000001,159.0238,2.892857,15.78885,,21.81724,,
2017-02-21,35.44461,70.0,49.42558,47.37838000000001,159.0238,2.905172,15.78885,,21.95667,,
2017-02-22,35.44461,70.0,49.42558,47.37838000000001,159.0238,2.892241,15.78885,,21.90968,,
2017-02-23,35.56303,70.0,49.42558,47.37838000000001,159.0238,2.892241,16.22349,,21.95667,,
2017-02-24,35.85908000000001,70.0,49.42558,47.40789,159.0238,2.892241,16.20389,,22.26333,,
2017-02-25,35.85908000000001,70.0,49.42558,47.40789,159.0238,2.892241,16.20389,,22.26333,,
2017-02-26,35.85908000000001,70.0,49.42558,47.40789,159.0238,2.892241,16.20389,,22.26333,,
2017-02-27,36.15513,70.0,49.42558,47.40789,159.0238,2.892241,16.20389,,22.36333,,
2017-02-28,36.11878,69.9375,49.32857000000001,47.40541,158.2683,2.892857,16.2583,,22.42759,,
2017-03-01,36.11878,69.9375,49.32857000000001,47.29324,158.2683,2.892857,16.2583,,22.72069,,
2017-03-02,36.11878,69.9375,49.32857000000001,47.29324,158.2683,2.892857,16.2583,,24.8069,,
2017-03-03,36.25392,69.9375,49.32857000000001,47.29324,158.2683,2.892857,16.40781,,24.8069,,
2017-03-04,36.25392,69.9375,49.32857000000001,47.29324,158.2683,2.892857,16.40781,,24.8069,,
2017-03-05,36.25392,69.9375,49.32857000000001,47.29324,158.2683,2.892857,16.40781,,24.8069,,
2017-03-06,36.25392,69.9375,49.32857000000001,47.29868,158.6341,2.892857,16.40781,,24.89,,
2017-03-07,36.25392,69.93549,49.32857000000001,47.29868,158.6341,2.892857,16.42219,,24.89,,
2017-03-08,36.25392,69.93549,49.32857000000001,47.29868,158.6341,2.892857,16.42219,,24.89,,
2017-03-09,36.32149,69.93549,49.32857000000001,47.29868,158.6341,2.892857,16.42219,,24.92333,,
2017-03-10,36.32149,69.93549,49.32857000000001,47.29868,158.6341,2.892857,16.42219,,24.92333,,
2017-03-11,36.32149,69.93549,49.32857000000001,47.29868,158.6341,2.892857,16.42219,,24.92333,,
2017-03-12,36.32149,69.93549,49.32857000000001,47.29868,158.6341,2.892857,16.42219,,24.92333,,
2017-03-13,36.42284,70.125,49.32857000000001,47.29868,158.6341,2.892857,16.44071,,24.92581,,
2017-03-14,36.42284,70.125,49.31097,47.29868,158.725,2.892857,16.51848,,24.92581,,
2017-03-15,36.42284,70.125,49.31097,47.28553,158.725,2.892857,16.51848,,24.92581,,
2017-03-16,36.62554,70.125,49.28659,47.28553,158.975,2.892857,16.52589,,25.01936,,
2017-03-17,36.62554,70.125,49.28659,47.28553,158.975,2.892857,16.32277,,25.01936,,
2017-03-18,36.62554,70.125,49.28659,47.28553,158.975,2.892857,16.32277,,25.01936,,
2017-03-19,36.62554,70.125,49.28659,47.28553,158.975,2.911111,16.32277,,25.01936,,
2017-03-20,36.72092,70.125,49.28659,47.28553,159.3659,2.914286,16.32277,,25.01936,,
2017-03-21,36.72092,70.125,49.28659,47.28553,159.3659,2.914286,16.32277,,25.01936,,
2017-03-22,37.01068,70.125,49.26875,47.28553,159.475,2.914286,16.32277,,25.01936,,
2017-03-23,37.31473,70.125,49.26875,47.28553,159.475,2.914286,16.32277,,25.01936,,
2017-03-24,37.5377,70.125,49.33537,47.28553,159.475,2.914286,16.32277,,25.01936,,
2017-03-25,37.5377,70.125,49.33537,47.28553,159.475,2.914286,16.32277,,25.01936,,
2017-03-26,37.5377,70.125,49.33537,47.28553,159.475,2.914286,16.32277,,25.01936,,
2017-03-27,37.65932,70.125,49.33537,47.65385000000001,159.3415,2.914286,16.32277,,25.01936,,
2017-03-28,37.65932,70.125,49.33537,47.66026,159.3415,2.914286,16.32277,,25.01936,,
2017-03-29,37.70662,70.125,49.11309000000001,47.84375000000001,159.3415,2.914286,16.32277,,25.01936,,
2017-03-30,37.78094,70.125,49.11309000000001,47.84375000000001,159.3415,2.911667,16.32277,,25.06562,,
2017-03-31,37.84851,70.125,49.11309000000001,47.84375000000001,159.3415,2.911667,16.55084,,25.08125,,
2017-04-01,37.84851,70.125,49.11309000000001,47.84375000000001,159.3415,2.911667,16.55084,,25.08125,,
2017-04-02,37.84851,70.125,49.11309000000001,47.84375000000001,159.3415,2.911667,16.55084,,25.08125,,
2017-04-03,37.84851,70.125,48.93452000000001,48.21875000000001,159.3415,2.911667,16.55084,,25.08125,,
2017-04-04,37.85125,70.125,48.93452000000001,48.21875000000001,159.3415,2.9075,16.55084,,25.08125,,
2017-04-05,37.84851,70.125,48.93452000000001,48.3125,159.3415,2.9075,16.55084,,25.08125,,
2017-04-06,38.01743,70.125,48.87927000000001,48.39103,159.625,2.9075,16.55084,,25.09687,,
2017-04-07,38.01743,70.125,48.87927000000001,48.68125000000001,159.625,2.9075,17.05962,,25.09687,,
2017-04-08,38.01743,70.125,48.87927000000001,48.68125000000001,159.625,2.9075,17.05962,,25.09687,,
2017-04-09,38.01743,70.125,48.87927000000001,48.68125000000001,159.625,2.9075,17.05962,,25.09687,,
2017-04-10,38.01743,70.21875,48.87927000000001,48.68125000000001,159.625,2.9075,17.05962,,25.09687,,
2017-04-11,38.01743,70.25,48.87927000000001,48.68125000000001,159.625,2.9075,17.05962,,25.12424,,
2017-04-12,38.01743,70.25,48.87927000000001,48.68125000000001,159.875,2.9075,17.05962,,25.12424,,
2017-04-13,38.03094,70.25,48.90366,48.86875000000001,160.75,2.9075,17.05962,,25.12424,,
2017-04-14,38.03094,70.25,48.90366,48.86875000000001,160.75,2.9075,17.05962,,25.12424,,
2017-04-15,38.03094,70.25,48.90366,48.86875000000001,160.75,2.9075,17.05962,,25.12424,,
2017-04-16,38.03094,70.25,48.90366,48.86875000000001,160.75,2.9075,17.05962,,25.12424,,
2017-04-17,38.20662,70.25,48.87927000000001,48.99375000000001,160.75,2.9075,17.05962,,25.12424,,
2017-04-18,38.20662,70.25,48.87927000000001,48.99375000000001,160.75,2.906452,17.05962,,25.12424,,
2017-04-19,38.38905,70.25,48.87927000000001,49.06875,161.2821,2.906452,17.05962,,25.12424,,
2017-04-20,38.38905,70.25,48.87927000000001,49.06875,161.2821,2.906452,17.04909,,25.12424,,
2017-04-21,38.38905,70.25,48.87927000000001,49.77625,161.2821,2.906452,17.04909,,25.12424,,
2017-04-22,38.38905,70.25,48.87927000000001,49.77625,161.2821,2.906452,17.04909,,25.12424,,
2017-04-23,38.38905,70.25,48.87927000000001,49.77625,161.2821,2.906452,17.04909,,25.12424,,
2017-04-24,38.38905,70.25,48.87927000000001,49.86666,161.2821,2.906452,17.04909,,25.12424,,
2017-04-25,38.38905,70.54546,49.06219,50.02692,161.2821,2.906452,17.03155,,25.12424,,
2017-04-26,38.38905,70.54546,49.06219,50.02692,161.2821,2.906452,17.13681,,25.12424,,
2017-04-27,38.38905,70.54546,49.06219,50.02692,161.6667,2.886667,17.13681,,25.12812,,
2017-04-28,38.38905,73.87878,51.86829,53.73158,161.6667,2.886667,17.13681,,25.12812,,
2017-04-29,38.38905,73.87878,51.86829,53.73158,161.6667,2.886667,17.13681,,25.12812,,
2017-04-30,38.38905,73.87878,51.86829,53.73158,161.6667,2.886667,17.13681,,25.12812,,
2017-05-01,38.38905,74.0303,52.03293000000001,53.83684,162.3077,2.886667,16.88515,,25.12812,,
2017-05-02,38.38905,74.0303,52.21585,54.16579,162.3077,2.886667,16.88515,,25.12812,,
2017-05-03,39.23365,74.0303,52.21585,54.16579,162.3077,2.886667,16.88515,,25.12812,,
2017-05-04,39.4748,74.18182,52.21585,54.16579,167.7787,2.886667,17.137,,25.12812,,
2017-05-05,39.58664,74.18182,52.42317000000001,54.29737000000001,168.5287,2.866129,17.39295,,25.12812,,
2017-05-06,39.58664,74.18182,52.42317000000001,54.29737000000001,170.3372,2.866129,17.39295,,25.12812,,
2017-05-07,39.58664,74.18182,52.42317000000001,54.29737000000001,170.3372,2.866129,17.39295,,25.12812,,
2017-05-08,39.58664,74.18182,52.52073000000001,54.29737000000001,170.8756,2.866129,17.39295,,25.12812,,
2017-05-09,39.58664,74.18182,52.52073000000001,54.29737000000001,170.8756,2.866129,17.39295,,25.12812,,
2017-05-10,39.62612,74.44853,52.52073000000001,54.29737000000001,170.8756,2.972656,17.39295,,25.12812,,
2017-05-11,39.62612,74.44853,52.52073000000001,54.29737000000001,170.8756,3.011719,17.39295,,25.12812,,
2017-05-12,39.99047,74.44853,52.52073000000001,54.46842,170.8756,3.039063,17.39295,,25.15937,,
2017-05-13,39.99047,74.44853,52.52073000000001,54.46842,170.8756,3.039063,17.39295,,25.15937,,
2017-05-14,39.99047,74.44853,52.52073000000001,54.46842,170.8756,3.039063,17.39295,,25.15937,,
2017-05-15,40.09182000000001,74.44853,52.52073000000001,54.46842,170.8756,3.039063,17.39295,,25.15937,,
2017-05-16,40.40688,74.44853,52.52073000000001,54.46842,170.8756,3.039063,17.39295,,25.25312,,
2017-05-17,40.36885,74.44853,52.52073000000001,54.46842,170.8756,3.081818,17.39295,,25.25312,,
2017-05-18,40.36885,74.44853,52.52073000000001,54.46842,170.8756,3.081818,17.48067,,25.25312,,
2017-05-19,40.47696000000001,74.44853,52.7,54.46842,170.7038,3.081818,17.48067,,25.25312,,
2017-05-20,40.47696000000001,74.44853,52.7,54.46842,170.7038,3.081818,17.48067,,25.25312,,
2017-05-21,40.47696000000001,74.44853,52.7,54.46842,170.7038,3.081818,17.48067,,25.25312,,
2017-05-22,40.47696000000001,74.44853,52.7,54.46842,170.7038,3.094697,17.48067,,25.25312,,
2017-05-23,40.47696000000001,74.44853,52.94878000000001,54.46842,170.5936,3.094697,17.48067,,25.25312,,
2017-05-24,40.47696000000001,73.97727,52.92439,54.48784000000001,170.5423,3.094697,17.48067,,25.33125,,
2017-05-25,40.47696000000001,73.97727,52.92439,54.48784000000001,170.5423,3.094697,17.48067,,25.44062,,
2017-05-26,40.47696000000001,73.97727,52.92439,54.48784000000001,170.5423,3.094697,17.48067,,25.425,,
2017-05-27,40.47696000000001,73.97727,52.92439,54.48784000000001,170.5423,3.094697,17.48067,,25.425,,
2017-05-28,40.47696000000001,74.07031,52.92439,54.48784000000001,170.5423,3.094697,17.48067,,25.425,,
2017-05-29,40.47696000000001,74.07031,52.92439,54.48784000000001,170.5423,3.094697,17.48067,,25.425,,
2017-05-30,40.47696000000001,74.07031,52.92439,54.48784000000001,170.5423,3.094697,17.48067,,25.51563,,
2017-05-31,40.55128000000001,74.07031,52.92439,54.71622000000001,170.5423,3.094697,17.48067,,25.51563,,
2017-06-01,40.55128000000001,74.07031,52.92439,54.71622000000001,170.5423,3.094697,17.48067,,25.51563,,
2017-06-02,40.55128000000001,74.22656,52.92439,54.71622000000001,170.5423,3.094697,17.48067,,27.49394,,
2017-06-03,40.55128000000001,74.22656,52.92439,54.71622000000001,170.5423,3.094697,17.48067,,27.49394,,
2017-06-04,40.55128000000001,74.22656,52.92439,54.71622000000001,170.5423,3.094697,17.48067,,27.49394,,
2017-06-05,40.55128000000001,74.22656,52.92439,55.02027,170.5423,3.094697,17.67365,,27.49394,,
2017-06-06,40.58941,74.22656,52.92439,55.02027,170.5423,3.094697,17.67365,,27.49394,,
2017-06-07,40.58941,74.22656,52.92439,54.83684,170.5423,3.109848,17.67365,,27.49394,,
2017-06-08,40.58941,74.38281,52.92439,54.83684,170.5423,3.200758,17.67365,,27.49394,,
2017-06-09,40.52362,74.38281,52.92439,55.03421,170.5423,3.200758,18.62453,,27.49394,,
2017-06-10,40.52362,74.38281,52.92439,55.03421,170.5423,3.200758,18.62453,,27.49394,,
2017-06-11,40.52362,74.38281,52.92439,55.03421,170.5423,3.200758,18.61478,,27.49394,,
2017-06-12,40.58941,74.38281,52.92439,55.03421,170.5423,3.205303,18.61478,,27.49394,,
2017-06-13,40.58941,74.38281,52.94878000000001,55.03421,170.5936,3.205303,18.61478,,27.49394,,
2017-06-14,40.58941,74.38281,52.94878000000001,55.47432000000001,170.5936,3.239706,18.61478,,27.56765,,
2017-06-15,40.58941,74.38281,52.94878000000001,55.47432000000001,170.5936,3.239706,18.61478,,27.56765,,
2017-06-16,40.64862,74.38281,52.94878000000001,55.90417000000001,170.5936,3.239706,18.61478,,27.56765,,
2017-06-17,40.64862,74.38281,52.94878000000001,55.90417000000001,170.5936,3.239706,18.61478,,27.56765,,
2017-06-18,40.64862,74.38281,52.94878000000001,55.90417000000001,170.5936,3.239706,18.61478,,27.56765,,
2017-06-19,40.64862,74.63281,52.94878000000001,55.90417000000001,170.5936,3.262879,18.61478,,27.56765,,
2017-06-20,40.64862,74.63281,52.94878000000001,56.12857,170.5936,3.262879,18.61478,,27.56765,,
2017-06-21,40.64862,74.63281,52.94878000000001,56.12857,170.5936,3.262879,18.61478,,27.64545,,
2017-06-22,40.64862,74.63281,52.94878000000001,56.12857,170.5936,3.262879,18.61478,,27.64545,,
2017-06-23,40.64862,74.63281,52.94878000000001,56.12857,170.5936,3.257353,18.78593,,27.64545,,
2017-06-24,40.64862,74.63281,52.94878000000001,56.12857,170.5936,3.257353,18.78593,,27.64545,,
2017-06-25,40.64862,74.63281,52.94878000000001,56.12857,170.5936,3.257353,18.78593,,27.64545,,
2017-06-26,40.64862,74.63281,52.94878000000001,56.12857,170.5936,3.257353,18.78593,,27.64545,,
2017-06-27,40.73372000000001,74.91666000000001,52.94878000000001,56.16429,170.5936,3.275735,18.78593,,27.64545,,
2017-06-28,40.73372000000001,74.91666000000001,52.99146,56.39286000000001,171.1064,3.284091,18.78593,,27.64545,,
2017-06-29,40.73372000000001,74.91666000000001,52.99146,56.39286000000001,171.1064,3.284091,18.78593,,27.64545,,
2017-06-30,40.73372000000001,74.91666000000001,52.99146,56.39286000000001,171.1064,3.292969,18.78593,,27.64545,,
2017-07-01,40.73372000000001,74.91666000000001,52.99146,56.39286000000001,171.1064,3.292969,18.78593,,27.64545,,
2017-07-02,40.73372000000001,74.91666000000001,52.99146,56.39286000000001,171.1064,3.292969,18.78593,,27.64545,,
2017-07-03,40.73372000000001,74.91666000000001,53.18049000000001,56.39286000000001,169.2787,3.292969,18.96137,,27.64545,,
2017-07-04,40.73372000000001,74.91666000000001,53.18049000000001,56.39286000000001,169.2787,3.292969,18.92628,,27.64545,,
2017-07-05,40.73372000000001,74.91666000000001,53.18049000000001,56.39286000000001,169.2787,3.292969,18.92628,,27.64545,,
2017-07-06,40.73372000000001,74.75781,53.18049000000001,56.39286000000001,169.2787,3.292969,18.92628,,27.64545,,
2017-07-07,40.73372000000001,74.75781,53.18049000000001,56.39286000000001,169.4037,3.378906,18.92628,,27.64545,,
2017-07-08,40.73372000000001,74.75781,53.18049000000001,56.39286000000001,169.4037,3.378906,18.92628,,27.64545,,
2017-07-09,40.73372000000001,74.75781,53.18049000000001,56.39286000000001,169.4037,3.378906,18.92628,,27.64545,,
2017-07-10,40.74723,74.75781,53.16829000000001,56.39286000000001,169.4037,3.378906,19.47997,,27.64545,,
2017-07-11,40.74723,74.75781,53.16829000000001,56.39286000000001,169.6037,3.420312,19.47997,,27.64545,,
2017-07-12,40.74723,74.75781,53.16829000000001,56.39286000000001,169.7287,3.420312,19.47997,,27.64545,,
2017-07-13,40.74723,74.94531,53.16829000000001,56.39286000000001,169.9787,3.420312,19.47997,,27.64545,,
2017-07-14,40.74723,74.94531,53.16829000000001,56.53571,170.4787,3.44375,19.47997,,27.64545,,
2017-07-15,40.74723,74.94531,53.16829000000001,56.53571,170.4787,3.44375,19.47997,,27.64545,,
2017-07-16,40.74723,74.94531,53.16829000000001,56.53571,170.4787,3.44375,19.47997,,27.64545,,
2017-07-17,40.781,75.50781,53.16829000000001,56.51429,170.4787,3.460938,19.47997,,27.67576,,
2017-07-18,40.781,75.82031,53.16829000000001,56.51429,170.9787,3.460938,19.47997,,27.67576,,
2017-07-19,40.781,75.82031,53.16829000000001,56.51429,170.9787,3.460938,19.68569,,27.67576,,
2017-07-20,40.781,75.82031,53.17805000000001,56.83571000000001,171.0788,3.460938,19.68569,,27.67576,,
2017-07-21,40.95891,79.59151,53.17805000000001,56.14583,171.0788,3.480469,19.68569,,27.67576,,
2017-07-22,40.95891,79.59151,53.17805000000001,56.14583,171.0788,3.480469,19.68569,,27.67576,,
2017-07-23,40.95891,79.59151,53.17805000000001,56.14583,171.0788,3.480469,19.68569,,27.67576,,
2017-07-24,41.023,79.74303,53.17805000000001,56.24306000000001,171.7038,3.480469,19.68569,,27.67576,,
2017-07-25,41.08712000000001,79.74303,53.483,56.24306000000001,171.7038,3.480469,19.68569,,27.67576,,
2017-07-26,41.04993,79.87334000000001,53.483,56.24306000000001,172.3537,3.480469,19.7333,,27.67576,,
2017-07-27,41.04993,79.87334000000001,53.483,56.24306000000001,187.6512,3.5,19.7333,,27.67576,,
2017-07-28,41.04993,80.02485,53.483,57.21806,188.3345,3.534678,19.7333,,27.67576,,
2017-07-29,41.04993,80.02485,53.483,57.21806,188.3345,3.534678,19.7333,,27.67576,,
2017-07-30,41.04993,80.02485,53.483,57.21806,188.66,3.534678,19.7333,,27.67576,,
2017-07-31,41.04993,80.02485,53.51869000000001,57.21806,188.66,3.565625,19.7333,,27.67576,,
2017-08-01,41.04993,80.02485,53.51869000000001,56.99572000000001,189.1963,3.565625,19.7333,,27.67576,,
2017-08-02,42.92493,80.02485,53.51869000000001,57.06714,189.1963,3.565625,19.7333,,27.67576,,
2017-08-03,43.1027,80.02485,53.51869000000001,57.06714,189.1963,3.616406,19.99997,,27.67576,,
2017-08-04,43.1027,80.02563,53.73919000000001,57.21806,190.644,3.616406,19.99997,,27.67576,,
2017-08-05,43.1027,80.02563,53.73919000000001,57.21806,190.644,3.616406,19.99997,,27.67576,,
2017-08-06,43.1027,80.02563,54.27525000000001,57.21806,191.3915,3.616406,19.99997,,27.6875,,
2017-08-07,43.1027,80.02563,54.27525000000001,57.46806,191.3915,3.616406,19.99997,,27.69697,,
2017-08-08,43.1027,80.02563,54.27525000000001,57.46806,191.3915,3.659375,19.99997,,27.69697,,
2017-08-09,43.1027,80.02563,54.27525000000001,57.46806,191.3915,3.659375,19.99997,,27.69697,,
2017-08-10,43.1027,80.02563,54.27525000000001,57.46806,191.3915,3.659375,19.99997,,27.69697,,
2017-08-11,43.02222,80.02563,54.27525000000001,57.46806,191.3915,3.93125,20.13648,,27.69697,,
2017-08-12,43.10857,80.02563,54.27525000000001,57.46806,192.0513,3.93125,20.13648,,27.69697,,
2017-08-13,43.10857,80.02563,54.27525000000001,57.46806,192.0513,3.93125,20.13648,,27.69697,,
2017-08-14,43.25909,80.02563,54.2925,57.56351000000001,192.489,3.93125,20.17458,,27.69697,,
2017-08-15,43.25909,80.02563,54.2925,57.56351000000001,192.489,3.93125,20.17458,,27.69697,,
2017-08-16,43.25909,80.02563,54.2925,57.56351000000001,192.489,3.93125,20.219,,27.69697,,
2017-08-17,43.25909,80.02563,54.2925,57.56351000000001,192.489,3.93125,20.12997,,27.69697,,
2017-08-18,43.25909,80.02563,54.2925,57.56351000000001,192.489,3.93125,20.12997,,27.69697,,
2017-08-19,43.25909,80.02563,54.2925,57.56351000000001,192.489,3.945161,20.12997,,27.69697,,
2017-08-20,43.25909,80.02563,54.2925,57.56351000000001,192.489,3.945161,20.12997,,27.69697,,
2017-08-21,43.43906,80.02563,54.2925,57.56351000000001,193.0256,3.945161,20.12997,,27.69697,,
2017-08-22,43.43906,80.02563,54.2925,57.56351000000001,193.0256,3.945161,20.12997,,27.78182,,
2017-08-23,43.43906,80.02563,54.2925,57.56351000000001,193.0256,3.945161,20.12997,,27.78182,,
2017-08-24,43.43906,80.02563,54.2925,57.56351000000001,193.0256,3.945161,20.12997,,27.81212,,
2017-08-25,43.43906,80.02563,54.2925,57.52297000000001,193.0256,3.945161,20.12997,,28.47879,,
2017-08-26,43.43906,80.02563,54.2925,57.52297000000001,193.0256,3.945161,20.12997,,28.47879,,
2017-08-27,43.43906,80.02563,54.335,57.52297000000001,193.0256,3.945161,20.12997,,28.47879,,
2017-08-28,43.43906,80.02563,54.335,57.52297000000001,193.0256,3.945161,20.12997,,28.47879,,
2017-08-29,43.43906,80.02563,54.335,57.52297000000001,193.0256,3.945161,20.12997,,28.47879,,
2017-08-30,43.81613,80.02563,54.335,57.52297000000001,193.0256,3.945161,20.39664,,28.47879,,
2017-08-31,43.81613,80.02563,54.335,57.52297000000001,193.0256,3.945161,20.39664,,28.47879,,
2017-09-01,43.81613,80.02563,54.335,57.52297000000001,193.0256,3.945161,20.39664,,28.47879,,
2017-09-02,43.81613,80.02563,54.335,57.52297000000001,193.0256,3.945161,20.39664,,28.47879,,
2017-09-03,43.81613,80.02563,54.335,57.52297000000001,193.0256,3.945161,20.39664,,28.47879,,
2017-09-04,43.81613,80.02563,54.335,57.52297000000001,193.0256,3.945161,20.39664,,28.47879,,
2017-09-05,43.89677,80.02563,54.335,57.52297000000001,193.0256,3.945161,20.39664,,28.47879,,
2017-09-06,43.81212,80.02563,54.2925,57.71974,193.0256,3.945161,20.39664,,28.47879,,
2017-09-07,43.75147,80.02563,54.2925,57.71974,193.0256,3.945161,20.39664,,28.47879,,
2017-09-08,43.75147,80.02563,54.2925,57.71974,193.0256,3.945161,20.39664,,28.47879,,
2017-09-09,43.75147,80.02563,54.2925,57.71974,193.0256,3.945161,20.39664,,28.47879,,
2017-09-10,43.75147,80.02563,54.2925,57.71974,193.0256,3.945161,20.39664,,28.55807,,
2017-09-11,43.97121000000001,80.34903000000001,54.2925,57.77821,193.0256,3.945161,20.39664,,28.55807,,
2017-09-12,43.98636,80.34903000000001,54.2925,57.77821,193.0256,3.945161,20.54663,,28.55807,,
2017-09-13,44.00151,80.34903000000001,54.2925,57.77821,193.0256,3.957258,20.54663,,28.55807,,
2017-09-14,44.06406,80.34903000000001,54.2925,57.77821,193.0256,4.013710000000001,20.54663,,28.55807,,
2017-09-15,44.06406,80.51032000000001,54.2925,57.77821,193.0256,4.091406,20.54663,,28.625,,
2017-09-16,44.06406,80.51032000000001,54.2925,57.77821,193.0256,4.091406,20.54663,,28.625,,
2017-09-17,44.06406,80.51032000000001,54.2925,57.77821,193.0256,4.091406,20.54663,,28.625,,
2017-09-18,44.06406,80.51032000000001,54.2925,57.77821,193.1679,4.110938,20.33013,,28.625,,
2017-09-19,44.15781,80.51032000000001,54.2925,57.77821,193.1679,4.110938,20.25451,,28.625,,
2017-09-20,44.15781,80.51032000000001,54.2925,57.77821,193.1679,4.110938,20.25451,,28.63636,,
2017-09-21,44.20469000000001,80.51032000000001,54.2925,57.77821,193.1679,4.110938,20.25451,,28.63636,,
2017-09-22,44.20469000000001,80.51032000000001,54.2925,57.77821,193.1679,4.110938,20.25451,,28.63636,,
2017-09-23,44.20469000000001,80.51032000000001,54.2925,57.77821,193.1679,4.110938,20.25451,,28.63636,,
2017-09-24,44.20469000000001,80.51032000000001,54.2925,57.77821,193.1679,4.110938,20.25451,,28.63636,,
2017-09-25,44.28281,80.51032000000001,54.2925,57.77821,193.1679,4.125,20.25451,,28.63636,,
2017-09-26,44.28281,80.51032000000001,54.41155000000001,58.08375,194.0012,4.125,20.25451,,28.63636,,
2017-09-27,44.28281,80.51032000000001,54.55441,58.08375,194.12,4.125,20.25451,,28.63636,,
2017-09-28,44.28281,80.51032000000001,54.58417000000001,58.08375,194.12,4.144531,20.25451,,28.63636,,
2017-09-29,44.28281,80.51032000000001,54.59607,58.08375,194.12,4.159375,20.25451,,28.63636,,
2017-09-30,44.28281,80.51032000000001,54.59607,58.08375,194.12,4.159375,20.25451,,28.63636,,
2017-10-01,44.28281,80.51032000000001,54.59607,58.08375,194.12,4.159375,20.25451,,28.63636,,
2017-10-02,44.28281,80.51032000000001,54.59607,58.08375,194.2393,4.159375,20.82316,,28.63636,,
2017-10-03,44.30625000000001,80.51032000000001,54.59607,58.08375,194.2393,4.206250000000001,20.85214,,28.63636,,
2017-10-04,44.30625000000001,80.83290000000001,54.59607,58.08375,194.2393,4.225,20.85214,,28.63636,,
2017-10-05,44.30625000000001,80.83290000000001,54.59607,58.08375,194.2393,4.225,20.85214,,28.63636,,
2017-10-06,44.30625000000001,80.83290000000001,54.59607,58.08375,194.2393,4.225,20.85214,,28.63636,,
2017-10-07,44.30625000000001,80.83290000000001,54.59607,58.08375,194.2393,4.225,20.85214,,28.63636,,
2017-10-08,44.30625000000001,80.83290000000001,54.59607,58.08375,194.2393,4.225,20.85214,,28.63636,,
2017-10-09,44.30625000000001,80.83290000000001,54.59607,58.08375,194.2393,4.225,21.03185,,28.63636,,
2017-10-10,44.34531,80.83290000000001,54.89369000000001,58.39625,195.3107,4.257031,21.03185,,28.63636,,
2017-10-11,44.34531,80.83290000000001,54.79354000000001,58.55875,197.6841,4.290909,21.03185,,28.63636,,
2017-10-12,44.47742,80.83290000000001,54.79354000000001,58.55875,197.6841,4.328787999999999,21.03185,,28.63636,,
2017-10-13,44.54844000000001,80.83290000000001,54.79354000000001,58.55875,197.6841,4.359090999999999,21.03185,,28.65152,,
2017-10-14,44.54844000000001,80.83290000000001,54.79354000000001,58.55875,197.6841,4.359090999999999,21.03185,,28.65152,,
2017-10-15,44.54844000000001,80.83290000000001,54.79354000000001,58.55875,197.6841,4.359090999999999,21.03185,,28.65152,,
2017-10-16,44.54844000000001,80.83290000000001,54.79354000000001,58.55875,197.6841,4.359090999999999,21.03185,,28.65152,,
2017-10-17,44.62656,81.09097000000001,54.79354000000001,58.55875,197.6841,4.359090999999999,21.03185,,28.68182,,
2017-10-18,44.62656,81.09097000000001,54.91549000000001,58.55875,197.6841,4.359090999999999,20.62421,,28.68182,,
2017-10-19,44.62656,81.09097000000001,54.91549000000001,58.55875,197.6841,4.359090999999999,20.60906,,28.68182,,
2017-10-20,44.73636,81.09097000000001,54.91549000000001,58.55875,197.6841,4.39697,20.60906,,28.68182,,
2017-10-21,44.73636,81.09097000000001,54.91549000000001,58.55875,197.6841,4.39697,20.60906,,28.68182,,
2017-10-22,44.73636,81.09097000000001,54.91549000000001,58.55875,197.6841,4.39697,20.60906,,28.68182,,
2017-10-23,44.73636,81.25226,54.91549000000001,58.58625000000001,197.6841,4.39697,20.60906,,28.68182,,
2017-10-24,44.73636,81.57484000000001,54.91549000000001,58.611,197.6841,4.39697,20.60906,,28.68182,,
2017-10-25,44.73636,81.57484000000001,54.91549000000001,58.611,197.6841,4.412879,20.60906,,28.68182,,
2017-10-26,44.8197,81.57484000000001,54.97646,58.611,197.6841,4.420455,20.61736,,28.68182,,
2017-10-27,44.8197,88.81677,58.49845000000001,61.28667000000001,197.9774,4.420455,20.61736,,28.68182,,
2017-10-28,44.8197,88.81677,58.49845000000001,61.28667000000001,197.9774,4.420455,20.61736,,28.68182,,
2017-10-29,44.79844000000001,89.14333,58.49845000000001,61.95227000000001,197.9774,4.420455,20.61736,,28.68182,,
2017-10-30,44.82969000000001,89.14333,58.68893000000001,62.00909000000001,197.9774,4.420455,20.60287,,28.68182,,
2017-10-31,44.82969000000001,89.14333,58.68893000000001,62.15682,198.3345,4.420455,20.60287,,28.68182,,
2017-11-01,44.82969000000001,89.60000000000001,58.57171,62.02093000000001,199.0256,4.374219,20.60287,,28.83333,,
2017-11-02,44.82969000000001,89.76667,58.69513000000001,62.02093000000001,205.1174,4.374219,20.3188,,28.83333,,
2017-11-03,47.53281,89.76667,58.69513000000001,62.02093000000001,204.66,4.413281,20.3188,,28.96452,,
2017-11-04,47.53281,89.76667,58.69513000000001,62.02093000000001,205.3919,4.413281,20.3188,,28.96452,,
2017-11-05,47.53281,89.76667,58.69513000000001,62.02093000000001,205.4524,4.413281,20.3188,,28.96452,,
2017-11-06,47.53281,89.76667,58.69513000000001,62.02093000000001,205.5719,4.48125,20.3188,,29.05,,
2017-11-07,47.53281,89.76667,58.69513000000001,62.02093000000001,205.5719,4.48125,20.3072,,29.12593,,
2017-11-08,47.53281,90.53333,58.81551,62.02093000000001,205.5719,4.479839,20.3072,,29.12593,,
2017-11-09,47.53281,90.53333,58.81551,62.02093000000001,205.5719,4.479839,20.3072,,29.12593,,
2017-11-10,47.53281,90.53333,58.81551,62.02093000000001,205.5719,5.275,20.51761,,29.12593,,
2017-11-11,47.56452,90.53333,58.81551,62.02093000000001,205.5719,5.275,20.51761,,29.12593,,
2017-11-12,47.56452,90.53333,58.81551,62.24047,205.5719,5.275,20.51761,,29.12593,,
2017-11-13,47.56452,91.48387000000001,58.81551,62.24047,205.5719,5.275,20.51761,,29.12593,,
2017-11-14,47.60156000000001,91.48387000000001,58.81551,62.24047,205.5719,5.275,20.51761,,29.12593,,
2017-11-15,47.60156000000001,91.48387000000001,58.81551,62.24047,205.5719,5.321094,20.51761,,29.16923,,
2017-11-16,47.67424,91.48387000000001,58.81551,62.24047,205.5719,5.340625,20.51761,,29.22692,,
2017-11-17,47.67424,91.48387000000001,58.81551,62.55,205.5719,5.349531,20.5379,,29.36667,,
2017-11-18,47.67424,91.48387000000001,58.81551,62.55,205.5719,5.349531,20.4775,,29.36667,,
2017-11-19,47.67424,91.48387000000001,58.81551,62.55,205.5719,5.401129,20.4775,,29.36667,,
2017-11-20,47.67424,91.48387000000001,58.81551,62.55,205.5719,5.401129,20.4775,,29.45555,,
2017-11-21,47.67424,91.48387000000001,58.81551,62.55,205.5719,5.401129,20.4775,,29.45555,,
2017-11-22,47.67424,91.48387000000001,58.81551,62.55,205.5719,5.401129,20.4775,,29.45555,,
2017-11-23,47.67424,91.48387000000001,58.81551,62.55,205.5719,5.401129,20.4775,,29.45555,,
2017-11-24,47.67424,91.48387000000001,58.81551,62.55,205.5719,5.401129,20.4775,,29.45555,,
2017-11-25,47.67424,91.48387000000001,58.81551,62.55,205.5719,5.401129,20.4775,,29.45555,,
2017-11-26,47.67424,91.48387000000001,58.81551,62.55,205.5719,5.401129,20.4775,,29.45555,,
2017-11-27,47.67424,91.48387000000001,58.81551,62.72857,205.5719,5.401129,20.4775,,29.45555,,
2017-11-28,47.67424,91.48387000000001,58.87962,62.96667000000001,205.5719,5.401129,20.36979,,29.5037,,
2017-11-29,47.67424,91.83334,58.87962,63.32381,206.99,5.401129,20.36979,,29.5037,,
2017-11-30,47.67424,91.83334,58.75763000000001,63.63334,206.99,5.401129,20.36979,,29.61481,,
2017-12-01,47.67424,91.83334,58.87012000000001,63.63334,206.99,5.401129,20.36979,,29.98519,,
2017-12-02,47.67424,91.83334,58.87012000000001,63.63334,206.99,5.401129,20.36979,,29.98519,,
2017-12-03,47.67424,91.83334,58.87012000000001,63.63334,206.99,5.401129,20.36979,,29.98519,,
2017-12-04,47.67424,91.83334,58.93427000000001,63.72326,207.4091,5.401129,20.36979,,30.31154,,
2017-12-05,47.67424,91.83334,58.93427000000001,63.72326,207.4091,5.401129,20.36979,,30.42963,,
2017-12-06,47.67424,92.26667,58.93427000000001,64.043,207.4091,5.401129,20.36979,,30.42963,,
2017-12-07,47.67424,92.26667,58.93427000000001,64.043,207.4091,5.401129,20.36979,,31.72222,,
2017-12-08,47.67424,92.26667,58.93427000000001,64.043,207.4091,5.406774,20.36979,,31.72222,,
2017-12-09,47.67424,92.26667,58.93427000000001,64.043,207.4091,5.406774,20.36979,,31.72222,,
2017-12-10,47.67424,92.26667,58.93427000000001,64.043,207.4091,5.406774,20.36979,,31.72222,,
2017-12-11,47.67424,92.26667,58.93427000000001,64.043,207.4091,5.406774,20.36979,,31.82593,,
2017-12-12,47.67424,92.26667,58.93427000000001,64.043,207.4091,5.406774,20.36979,,31.80741,,
2017-12-13,47.67424,92.26667,58.93427000000001,64.27558,207.4091,5.406774,20.36979,,31.80741,,
2017-12-14,47.67424,92.26667,58.93427000000001,64.27558,207.4091,5.406774,20.36979,,31.80741,,
2017-12-15,47.70454,92.26667,59.09388000000001,64.45581,207.4091,5.406774,20.48573,,31.80741,,
2017-12-16,48.03906000000001,92.26667,59.09388000000001,64.45581,207.4091,5.406774,20.48573,,31.80741,,
2017-12-17,48.03906000000001,92.26667,59.09388000000001,64.45581,207.4091,5.406774,20.48573,,31.80741,,
2017-12-18,47.96094,92.53333,59.09388000000001,64.58372,207.4091,5.406774,20.48573,,31.80741,,
2017-12-19,47.96094,92.93333000000001,59.09388000000001,64.58372,207.4091,5.406774,20.48573,,31.80741,,
2017-12-20,47.96094,92.93333000000001,59.09388000000001,64.58372,207.4091,5.406774,20.48573,,31.80741,,
2017-12-21,47.96094,92.93333000000001,59.09388000000001,64.58372,207.4091,5.406774,20.48573,,31.80741,,
2017-12-22,47.96094,92.93333000000001,59.09388000000001,64.58372,207.4091,5.406774,20.48573,,31.80741,,
2017-12-23,47.96094,92.93333000000001,59.09388000000001,64.58372,207.4091,5.406774,20.48573,,31.80741,,
2017-12-24,47.96094,92.93333000000001,59.09388000000001,64.58372,207.4091,5.407833,20.48573,,31.80741,,
2017-12-25,47.96094,92.93333000000001,59.09388000000001,64.58372,207.4091,5.407833,20.48573,,31.80741,,
2017-12-26,47.96094,92.93333000000001,59.09388000000001,64.58372,207.4091,5.407833,20.48573,,31.80741,,
2017-12-27,47.96094,92.93333000000001,59.20638,64.58372,207.4091,5.407833,20.48573,,31.80741,,
2017-12-28,47.96094,93.43333000000001,59.20638,64.58372,207.4091,5.378793,20.48573,,31.80741,,
2017-12-29,47.96094,93.43333000000001,59.26888,64.87442,208.1068,5.361072,20.48573,,31.76154,,
2017-12-30,47.96094,93.43333000000001,59.26888,64.87442,208.1068,5.361072,20.48573,,31.76154,,
2017-12-31,47.96094,93.43333000000001,59.26888,64.87442,208.1068,5.361072,20.48573,,31.76154,,
2018-01-01,47.96094,93.43333000000001,59.26888,64.87442,208.1068,5.361072,20.48573,,31.76154,,
2018-01-02,47.6129,93.43333000000001,59.26888,64.87442,208.1068,5.361072,20.48573,,31.76154,,
2018-01-03,47.6129,93.43333000000001,59.36887000000001,64.87442,208.5719,5.361072,20.51472,,31.76154,,
2018-01-04,47.6129,93.43333000000001,59.36887000000001,65.04884,208.6881,5.361072,20.51472,,31.76154,,
2018-01-05,47.6129,93.43333000000001,59.65012000000001,65.43837,209.4556,5.361072,20.51472,,31.76154,,
2018-01-06,47.6129,93.43333000000001,59.65012000000001,65.43837,209.4556,5.361072,20.51472,,31.76154,,
2018-01-07,47.6129,93.43333000000001,59.65012000000001,65.43837,209.4556,5.361072,20.51472,,31.76154,,
2018-01-08,47.6129,94.30000000000001,59.65012000000001,65.94651,209.9207,5.361072,20.61617,,31.76154,,
2018-01-09,47.6129,94.60000000000001,59.65012000000001,65.95814,209.9207,5.361072,20.61617,,31.76154,,
2018-01-10,47.6129,95.0,60.12513000000001,66.92558000000001,210.6649,5.361072,20.61617,,31.76154,,
2018-01-11,47.70161,95.53333,60.30013,66.92558000000001,210.6649,5.361072,20.61617,,31.76154,,
2018-01-12,47.78226,95.53333,60.37513000000001,67.06512000000001,211.0137,5.374465,20.61617,,31.76154,,
2018-01-13,47.78226,95.53333,60.37513000000001,67.06512000000001,211.0137,5.374465,20.61617,,31.76154,,
2018-01-14,47.78226,95.53333,60.37513000000001,67.06512000000001,211.0137,5.374465,20.61617,,31.76154,,
2018-01-15,47.78226,95.53333,60.37513000000001,67.06512000000001,211.5021,5.374465,20.61617,,31.76154,,
2018-01-16,47.82258,95.53333,60.37513000000001,67.34418000000001,211.5021,5.396786,20.61617,,31.76154,,
2018-01-17,48.26613,96.76667,60.53762,67.34418000000001,211.5021,5.396786,20.61617,,31.76154,,
2018-01-18,48.33333,96.76667,60.53762,67.34418000000001,211.5021,5.396786,20.61617,,31.76154,,
2018-01-19,48.33333,96.76667,60.63763,67.34418000000001,211.5021,5.418214,20.61617,,31.76154,,
2018-01-20,48.33333,96.76667,60.63763,67.34418000000001,211.5021,5.418214,20.61617,,31.76154,,
2018-01-21,48.33333,96.76667,60.63763,67.34418000000001,211.5021,5.418214,20.61617,,31.76154,,
2018-01-22,48.33333,97.25806000000001,60.63763,67.57674,211.5021,5.418214,20.61617,,31.76154,,
2018-01-23,48.41667,97.25806000000001,60.63763,67.72209000000001,211.5021,5.418214,20.61617,,31.74231,,
2018-01-24,48.41667,97.70968,60.81875000000001,68.07093,211.5021,5.418214,20.61617,,31.74231,,
2018-01-25,48.375,98.45161,60.825,68.41977,211.6184,5.418214,20.61617,,31.74231,,
2018-01-26,48.46667,98.80645000000001,61.20625,68.91022000000001,211.6184,5.418214,20.61617,,31.74231,,
2018-01-27,48.46667,98.80645000000001,61.20625,68.91022000000001,211.6184,5.418214,20.61617,,31.74231,,
2018-01-28,48.46667,98.80645000000001,61.20625,68.91022000000001,211.6184,5.418214,20.61617,,31.74231,,
2018-01-29,48.59678,99.0,61.675,69.64886,211.6184,5.418214,20.61617,,31.74231,,
2018-01-30,48.25806,99.0,61.675,69.64886,211.7346,5.418214,20.61617,,31.77308,,
2018-01-31,48.25806,99.0,61.675,69.64886,211.7346,5.465536,20.61617,,31.9,,
2018-02-01,48.25806,104.17812,61.675,69.88256000000001,221.7407,5.465536,20.61617,,31.97308,,
2018-02-02,48.33871000000001,104.61562,63.83605000000001,82.307,222.4091,5.465536,20.61617,,31.97308,,
2018-02-03,48.33871000000001,104.61562,63.83605000000001,82.307,222.4091,5.465536,20.61617,,31.97308,,
2018-02-04,48.33871000000001,105.21613,63.83605000000001,82.307,222.4091,5.465536,20.61617,,31.97308,,
2018-02-05,48.01563,105.21613,63.96395,82.307,222.4091,5.465536,20.61617,,31.97308,,
2018-02-06,48.01563,104.83437,63.96395,82.79535000000001,222.4091,5.465536,20.61617,,31.97308,,
2018-02-07,48.01563,104.83437,63.96395,82.79535000000001,222.4091,5.478929,20.61617,,31.97308,,
2018-02-08,48.01563,104.83437,63.96395,82.79535000000001,222.4091,5.478929,21.13211,,31.97308,,
2018-02-09,47.96094,104.83437,63.96395,82.79535000000001,222.4091,6.1875,21.13211,,32.072,,
2018-02-10,47.96094,104.83437,63.96395,82.79535000000001,222.4651,6.1875,21.13211,,32.072,,
2018-02-11,47.96094,104.83437,63.96395,82.79535000000001,223.5952,6.1875,21.13211,,32.072,,
2018-02-12,47.96094,104.83437,63.96395,82.79535000000001,223.5952,6.1875,21.13211,,32.072,,
2018-02-13,47.96094,104.83437,63.96395,82.79535000000001,223.5952,6.1875,21.13211,,32.072,,
2018-02-14,47.96094,104.83437,63.96395,82.79535000000001,223.5952,6.1875,21.13211,,32.072,,
2018-02-15,47.96094,104.50645,63.96395,82.79535000000001,223.5952,6.1875,20.98054,,32.072,,
2018-02-16,47.96094,104.50645,63.96395,82.81786000000001,223.5952,6.1875,20.98054,,32.072,,
2018-02-17,47.96094,104.50645,63.96395,82.81786000000001,223.5952,6.1875,20.98054,,32.072,,
2018-02-18,47.96094,104.50645,63.96395,82.81786000000001,223.5952,6.1875,20.86028,,32.072,,
2018-02-19,47.96094,104.50645,63.96395,82.81786000000001,223.5952,6.1875,20.86028,,32.072,,
2018-02-20,47.96094,104.50645,64.13256000000001,82.92674000000001,223.5952,6.1875,20.86028,,32.072,,
2018-02-21,47.96094,104.50645,64.13256000000001,83.31477000000001,223.5952,6.1875,21.10936,,32.072,,
2018-02-22,47.96094,104.50645,64.13256000000001,83.31477000000001,223.5952,6.1875,21.10936,,32.072,,
2018-02-23,47.96094,104.50645,64.13256000000001,83.31477000000001,223.5952,6.1875,21.10936,,32.072,,
2018-02-24,47.96094,104.50645,64.13256000000001,83.31477000000001,223.5952,6.1875,21.10936,,32.072,,
2018-02-25,47.96094,104.50645,64.13256000000001,83.31477000000001,223.5952,6.1875,21.10936,,32.072,,
2018-02-26,47.96094,104.50645,64.13256000000001,83.31477000000001,223.5952,6.1875,21.10936,,32.072,,
2018-02-27,47.96094,104.50645,64.13256000000001,83.31477000000001,223.5952,6.1875,21.10936,,32.072,,
2018-02-28,47.96094,104.50645,64.13256000000001,83.31477000000001,223.5952,6.1875,21.10936,,32.072,,
2018-03-01,47.96094,104.50645,64.13256000000001,83.31477000000001,223.5952,6.1875,21.10936,,32.072,,
2018-03-02,47.96094,104.50645,64.13256000000001,83.31477000000001,223.5952,6.1875,21.10936,,32.072,,
2018-03-03,47.96094,104.50645,64.13256000000001,83.31477000000001,223.5952,6.1875,21.10936,,32.072,,
2018-03-04,47.96094,104.50645,64.13256000000001,84.11279,223.5952,6.1875,21.10936,,32.072,,
2018-03-05,47.96094,104.17812,64.13256000000001,84.11279,223.5952,6.1875,21.10936,,32.072,,
2018-03-06,47.96094,104.17812,64.13256000000001,84.22907000000001,223.5952,6.1875,21.10936,,32.072,,
2018-03-07,47.96094,104.17812,64.13256000000001,84.22907000000001,223.5952,6.1875,21.19736,,32.072,,
2018-03-08,47.96094,104.17812,64.13256000000001,84.58372000000001,223.5952,6.1875,21.28721,,32.072,,
2018-03-09,47.96094,104.33437,64.13256000000001,84.58372000000001,223.5952,6.1875,21.28721,,32.132,,
2018-03-10,47.96094,104.33437,64.13256000000001,84.58372000000001,223.5952,6.1875,21.28721,,32.132,,
2018-03-11,47.96094,104.33437,64.13256000000001,84.58372000000001,223.5952,6.1875,21.28721,,32.132,,
2018-03-12,47.96094,104.33437,64.13256000000001,84.7,223.5952,6.1875,21.28721,,32.096,,
2018-03-13,47.96094,104.33437,64.13256000000001,84.7,223.5952,6.191964,21.28721,,32.096,,
2018-03-14,47.96094,104.33437,64.13256000000001,84.76395000000001,223.5952,6.191964,21.28721,,32.11154000000001,,
2018-03-15,47.94531000000001,104.49062,64.13256000000001,84.76395000000001,223.5952,6.191964,21.28721,,32.18148,,
2018-03-16,47.94531000000001,104.49062,64.13256000000001,84.76395000000001,223.5952,6.191964,21.31619,,32.37931,,
2018-03-17,47.94531000000001,104.49062,64.13256000000001,84.76395000000001,223.5952,6.191964,21.31619,,32.37931,,
2018-03-18,47.94531000000001,104.49062,64.13256000000001,84.76395000000001,223.5952,6.287037,21.31619,,32.37931,,
2018-03-19,47.94531000000001,104.49062,64.13256000000001,84.76395000000001,223.119,6.287037,21.31619,,32.21667,,
2018-03-20,47.94531000000001,104.49062,64.13256000000001,84.76395000000001,223.0,6.287037,21.31619,,32.21667,,
2018-03-21,47.94531000000001,104.49062,64.13256000000001,84.99651,222.119,6.287037,21.31619,,32.21667,,
2018-03-22,47.94531000000001,104.49062,64.13256000000001,84.99651,221.2857,6.287037,21.31619,,32.21667,,
2018-03-23,47.94531000000001,104.55312,64.13256000000001,84.99651,220.5714,6.291666999999999,21.31619,,32.3,,
2018-03-24,47.94531000000001,104.55312,64.13256000000001,84.99651,220.5714,6.291666999999999,21.31619,,32.3,,
2018-03-25,47.94531000000001,104.55312,64.13256000000001,84.99651,220.5714,6.291666999999999,21.31619,,32.3,,
2018-03-26,47.94531000000001,105.17812,64.13256000000001,84.99651,220.4524,6.291666999999999,21.31619,,32.3,,
2018-03-27,47.91406000000001,105.17812,64.13256000000001,84.99651,219.9762,6.273148,21.31619,,32.3,,
2018-03-28,47.91406000000001,105.17812,64.13256000000001,84.99651,219.9762,6.273148,21.08431,,32.3,,
2018-03-29,47.91406000000001,105.17812,64.05116000000001,84.99651,218.8095,6.273148,21.08431,,32.3,,
2018-03-30,47.91406000000001,105.17812,64.05116000000001,84.99651,218.8095,6.273148,21.08431,,32.3,,
2018-03-31,47.91406000000001,105.17812,64.05116000000001,84.99651,218.8095,6.273148,21.08431,,32.3,,
2018-04-01,47.91406000000001,105.17812,64.05116000000001,84.99651,218.8095,6.273148,21.08431,,32.3,,
2018-04-02,47.91406000000001,105.17812,64.05116000000001,84.99651,218.8095,6.273148,21.08431,,32.3,,
2018-04-03,47.91406000000001,105.17812,64.05116000000001,84.99651,218.8095,6.273148,20.751,,32.3,,
2018-04-04,47.91406000000001,105.17812,64.05116000000001,85.35117000000001,218.1116,6.272321,20.664,,32.38182,,
2018-04-05,47.91406000000001,105.17812,64.05116000000001,85.35117000000001,218.1116,6.272321,20.664,,32.38182,,
2018-04-06,47.91406000000001,105.17812,64.05116000000001,85.35117000000001,218.107,6.272321,20.664,,32.38182,,
2018-04-07,47.91406000000001,105.17812,64.05116000000001,85.35117000000001,218.107,6.272321,20.664,,32.38182,,
2018-04-08,47.91406000000001,105.17812,64.05116000000001,85.35117000000001,218.107,6.272321,20.664,,32.38182,,
2018-04-09,47.91439,105.17812,64.05116000000001,85.35117000000001,217.9791,6.241071,20.664,,32.38182,,
2018-04-10,47.91439,105.17812,64.02209,85.35117000000001,217.9791,6.241071,20.664,,32.38182,,
2018-04-11,47.91439,105.17812,64.02209,85.35117000000001,217.7465,6.241071,20.664,,32.31176,,
2018-04-12,47.91439,105.17812,64.02209,85.35117000000001,217.7465,6.241071,20.664,,32.35882,,
2018-04-13,48.23309,105.17812,64.07442,85.46745000000001,217.3977,6.241071,20.664,,32.35882,,
2018-04-14,48.23309,105.17812,64.07442,85.46745000000001,217.3977,6.241071,20.664,,32.35882,,
2018-04-15,48.23309,105.17812,64.07442,85.46745000000001,217.3977,6.241071,20.664,,32.35882,,
2018-04-16,48.23309,105.17812,64.07442,85.46745000000001,217.3977,6.241071,20.664,,32.35882,,
2018-04-17,48.23309,105.17812,64.01628000000001,85.46745000000001,216.7,6.258928999999999,20.664,,32.35882,,
2018-04-18,48.23309,105.17812,63.98721,85.46861000000001,216.7,6.258928999999999,20.65533,,32.35882,,
2018-04-19,48.23309,105.17812,63.92907,85.58488000000001,216.4674,6.258928999999999,20.65533,,32.24118,,
2018-04-20,48.21103,105.17812,63.92907,85.58488000000001,216.4674,6.258928999999999,20.65533,,32.30571,,
2018-04-21,48.21103,105.17812,63.92907,85.58488000000001,216.4674,6.258928999999999,20.65533,,32.30571,,
2018-04-22,48.21103,105.17812,63.92907,85.58488000000001,216.4674,6.258928999999999,20.65533,,32.30571,,
2018-04-23,48.21103,105.49062,63.95814000000001,85.58488000000001,216.4093,6.258928999999999,20.65533,,32.30571,,
2018-04-24,48.21103,105.49062,62.81930000000001,85.58488000000001,216.4093,6.258928999999999,20.65533,,32.22222,,
2018-04-25,48.21103,105.49062,62.81930000000001,85.58488000000001,216.4093,6.258928999999999,20.65533,,32.22222,,
2018-04-26,48.21103,105.49062,62.85419,85.58488000000001,219.3628,6.258928999999999,20.65533,,32.22222,,
2018-04-27,48.21928,109.99091,62.88442000000001,93.3914,218.9227,6.258928999999999,20.65533,,31.73143,,
2018-04-28,48.21928,109.99091,62.88442000000001,93.3914,218.9227,6.258928999999999,20.65533,,31.73143,,
2018-04-29,48.21928,109.99091,62.88442000000001,93.3914,218.9227,6.258928999999999,20.65533,,31.73143,,
2018-04-30,48.21103,110.67812,63.10191,93.56581000000001,218.4558,6.258928999999999,20.6988,,31.42286,,
2018-05-01,48.21103,110.67812,63.10191,93.56581000000001,218.4558,6.258928999999999,20.6988,,31.32286,,
2018-05-02,48.83243,110.67812,63.10191,93.56581000000001,218.4558,6.281250000000001,20.42754,,31.32286,,
2018-05-03,48.83243,110.67812,63.10191,93.56581000000001,218.4558,6.281250000000001,20.26316,,31.32286,,
2018-05-04,48.99853,110.83437,63.03122,93.82568,220.5381,6.281250000000001,20.26316,,31.32286,,
2018-05-05,48.99853,110.83437,63.03122,93.82568,220.5381,6.281250000000001,20.26316,,31.32286,,
2018-05-06,48.99853,110.83437,63.03122,93.82568,220.5381,6.281250000000001,20.26316,,31.32286,,
2018-05-07,48.99853,110.83437,63.03122,93.82568,220.5381,6.316964,20.26316,,31.32286,,
2018-05-08,48.99853,110.83437,63.03122,93.82568,220.5381,6.316964,20.26316,,31.18,,
2018-05-09,48.99853,110.83437,63.03122,93.82568,220.5381,6.316964,20.26316,,31.10857,,
2018-05-10,49.14559000000001,110.83437,63.03122,93.82568,220.5381,6.331250000000001,20.89108,,31.10857,,
2018-05-11,49.14559000000001,110.92812,63.03122,93.82568,220.5381,6.803414,20.89108,,31.10857,,
2018-05-12,49.14559000000001,111.37742,63.03122,93.82568,220.5381,6.803414,20.89108,,31.10857,,
2018-05-13,49.30909,111.37742,63.032,93.82568,220.5381,6.803414,20.89108,,31.10857,,
2018-05-14,49.30909,111.37742,63.03122,93.82568,220.5381,6.803414,20.89108,,31.10857,,
2018-05-15,49.30909,111.37742,63.03122,93.82568,220.5381,6.847466,20.65497,,31.06571,,
2018-05-16,49.30909,111.37742,63.04342,93.82568,220.5381,6.884645,20.65497,,31.06571,,
2018-05-17,49.30909,111.37742,63.04342,93.82568,220.5381,6.884645,20.7383,,31.06571,,
2018-05-18,49.49849,111.37742,63.04342,93.82568,220.5381,6.884645,20.7383,,31.06571,,
2018-05-19,49.49849,111.37742,63.04342,93.82568,220.5381,6.884645,20.7383,,31.06571,,
2018-05-20,49.49849,111.37742,63.04342,93.82568,220.5381,6.884645,20.7383,,31.06571,,
2018-05-21,49.49849,111.37742,63.04342,93.82568,220.5381,6.884645,20.7383,,31.06571,,
2018-05-22,49.49849,111.76452,63.04342,93.93932000000001,220.5381,6.884645,20.7383,,31.06571,,
2018-05-23,49.60455,111.76452,63.04342,93.93932000000001,220.5381,6.884645,20.7383,,31.03611,,
2018-05-24,49.60455,111.76452,63.04342,93.93932000000001,220.5381,6.884645,20.71053,,31.03611,,
2018-05-25,49.46912,111.76452,63.04342,94.04159000000001,220.5381,6.872624999999999,20.71053,,31.03611,,
2018-05-26,49.46912,111.76452,63.04342,94.04159000000001,220.5381,6.872624999999999,20.71053,,31.03611,,
2018-05-27,49.46912,111.76452,63.04342,94.04159000000001,220.5381,6.872624999999999,20.71053,,31.03611,,
2018-05-28,49.46912,111.76452,63.04342,94.04159000000001,220.5381,6.872624999999999,20.71053,,31.03611,,
2018-05-29,49.4397,111.76452,63.04342,94.04159000000001,220.5381,6.872624999999999,20.71053,,30.99459,,
2018-05-30,49.4397,111.76452,63.04342,94.04159000000001,220.5381,6.872624999999999,20.71053,,30.99459,,
2018-05-31,49.58677,111.82903,63.04342,94.15523,220.8952,6.872624999999999,20.93274,,30.99459,,
2018-06-01,49.63824,111.82903,63.04342,94.15523,220.8952,6.872624999999999,20.69765,,30.99459,,
2018-06-02,49.63824,111.82903,63.04342,94.15523,220.8952,6.872624999999999,20.69765,,30.99459,,
2018-06-03,49.63824,111.82903,63.04342,94.15523,220.8952,6.872624999999999,20.69765,,30.99459,,
2018-06-04,49.71177,111.99033,63.04342,94.15523,220.8952,6.872624999999999,20.69765,,31.04054,,
2018-06-05,49.68428,111.99033,63.04342,94.15523,220.8952,6.872624999999999,20.5991,,31.04054,,
2018-06-06,49.68428,111.99033,63.04342,94.15523,220.8952,6.872624999999999,20.5991,,31.04054,,
2018-06-07,49.68428,111.99033,63.04342,94.15523,220.8952,6.872624999999999,20.45417,,31.04054,,
2018-06-08,49.68428,112.34516,63.04342,94.15523,220.8952,6.872624999999999,20.45417,,31.35833,,
2018-06-09,49.68428,112.34516,63.04342,94.15523,220.8952,6.872624999999999,20.45417,,31.35833,,
2018-06-10,49.68428,112.34516,63.04342,94.15523,220.8952,6.872624999999999,20.45417,,31.35833,,
2018-06-11,49.68428,112.34516,63.04342,94.15523,220.8952,6.849212,20.45417,,31.35833,,
2018-06-12,49.68428,112.34516,62.932,94.13558,220.8952,6.849212,20.45417,,31.35833,,
2018-06-13,49.68428,112.34516,62.932,94.36814000000001,220.8952,6.849212,20.45417,,31.35833,,
2018-06-14,49.68428,112.34516,62.932,94.36814000000001,220.8952,6.849212,20.45417,,31.32162,,
2018-06-15,49.68428,112.34516,62.932,94.42628,220.8952,6.863606,20.45417,,31.32162,,
2018-06-16,49.68428,112.34516,62.932,94.42628,220.8952,6.863606,20.45417,,31.32162,,
2018-06-17,49.68428,112.34516,62.932,94.42628,220.8952,6.863606,20.45417,,31.32162,,
2018-06-18,49.68428,112.34516,62.932,94.42628,220.8952,6.863606,20.45417,,31.32222,,
2018-06-19,49.68428,112.34516,62.932,94.42628,220.8952,6.863606,20.45417,,31.3027,,
2018-06-20,49.68428,112.34516,62.932,94.42628,220.8952,6.863606,20.45417,,31.3027,,
2018-06-21,49.68428,112.34516,62.932,94.42628,220.8952,6.863606,20.27785,,31.3027,,
2018-06-22,49.78429000000001,112.74062,62.932,94.4379,220.8952,6.871182,20.27785,,31.3027,,
2018-06-23,49.78429000000001,112.74062,62.932,94.4379,220.8952,6.871182,20.27785,,31.3027,,
2018-06-24,49.78429000000001,112.74062,62.932,94.4379,220.8952,6.871182,20.27785,,31.3027,,
2018-06-25,49.78429000000001,112.74062,62.932,94.4379,220.8952,6.892828,20.27785,,31.3027,,
2018-06-26,49.78429000000001,112.74062,62.932,94.55418,220.8952,6.892828,20.27785,,31.3027,,
2018-06-27,49.78429000000001,112.74062,62.932,94.55418,220.8952,6.892828,20.27785,,31.3027,,
2018-06-28,49.78429000000001,112.74062,62.9945,94.55418,220.8952,6.892828,20.27785,,31.3027,,
2018-06-29,49.78429000000001,112.74062,62.9945,94.58326000000001,221.3714,6.892828,20.27785,,31.3027,,
2018-06-30,49.78429000000001,112.74062,62.9945,94.58326000000001,221.3714,6.892828,20.27785,,31.3027,,
2018-07-01,49.78429000000001,112.74062,62.9945,94.58326000000001,221.3714,6.892828,20.27785,,31.3027,,
2018-07-02,49.78429000000001,112.74062,63.17756000000001,94.58326000000001,219.7116,6.892828,20.27785,,31.3027,,
2018-07-03,49.78429000000001,112.74062,63.17756000000001,94.58326000000001,222.0372,6.892828,20.27785,,31.3027,,
2018-07-04,49.78429000000001,112.74062,63.17756000000001,94.58326000000001,222.0372,6.892828,20.27785,,31.3027,,
2018-07-05,49.89143000000001,112.74062,63.17756000000001,94.58907,222.0372,6.892828,20.27785,,31.3027,,
2018-07-06,49.89143000000001,112.74062,63.17756000000001,94.58907,222.0372,6.892828,20.27785,,31.3027,,
2018-07-07,49.89143000000001,112.74062,63.17756000000001,94.58907,222.0372,6.892828,20.27785,,31.3027,,
2018-07-08,49.89143000000001,112.74062,63.17756000000001,94.58907,222.0372,6.892828,20.27785,,31.3027,,
2018-07-09,49.89143000000001,112.74062,63.34,94.58907,222.7409,6.892828,20.27785,,31.3027,,
2018-07-10,49.92714,112.74062,63.34,94.58907,222.7409,6.892828,20.27785,,31.1946,,
2018-07-11,49.92714,112.74062,63.34,94.82162000000001,222.7409,6.892828,20.27785,,30.9,,
2018-07-12,49.92714,112.74062,63.58405,95.11233000000001,224.6954,6.892828,20.27785,,29.93871,,
2018-07-13,49.92714,112.64687,63.65548,95.47314,225.3545,6.892828,20.27785,,29.84194,,
2018-07-14,49.92714,112.64687,63.65548,95.47314,225.3545,6.892828,20.27785,,29.84194,,
2018-07-15,49.92714,112.64687,63.65548,95.47314,225.3545,6.892828,20.27785,,29.84194,,
2018-07-16,50.10882,113.33437,63.65548,95.73476000000001,225.3545,6.892828,20.27785,,29.65937,,
2018-07-17,50.10882,113.55312,63.65548,95.73476000000001,225.3545,6.892828,20.27785,,29.40937,,
2018-07-18,50.14559000000001,113.55312,63.83405,95.73476000000001,226.4909,6.892828,20.10815,,29.40937,,
2018-07-19,50.14559000000001,113.95937,63.98286,96.43244000000001,228.3091,6.892828,20.10815,,29.13548,,
2018-07-20,50.3147,120.49375,64.11381,96.43244000000001,229.1045,6.892828,20.10815,,29.38125,,
2018-07-21,50.3147,120.49375,64.11381,96.43244000000001,229.1045,6.892828,20.10815,,29.38125,,
2018-07-22,50.3147,120.49375,64.11381,96.43244000000001,229.1045,6.892828,20.10815,,29.38125,,
2018-07-23,50.3147,120.93848,64.11381,96.43244000000001,229.1045,6.892828,20.10815,,29.00625,,
2018-07-24,50.44706000000001,120.93848,68.34167000000001,96.43244000000001,230.0136,6.892828,20.10815,,29.00625,,
2018-07-25,50.44706000000001,120.93848,68.34167000000001,96.43244000000001,229.3318,6.892828,20.10815,,29.00625,,
2018-07-26,50.44706000000001,120.96879,68.34167000000001,96.43244000000001,208.35,6.892828,20.10815,,29.00625,,
2018-07-27,50.44706000000001,120.96879,68.47143000000001,105.5125,206.5318,6.892828,20.10815,,29.00625,,
2018-07-28,50.44706000000001,120.96879,68.47143000000001,105.5125,206.5318,6.892828,20.10815,,29.00625,,
2018-07-29,50.44706000000001,120.96879,68.47143000000001,105.5125,206.5318,6.892828,20.10815,,28.82903,,
2018-07-30,50.44706000000001,120.96879,68.47143000000001,105.85341,206.5318,6.892828,20.10815,,28.82903,,
2018-07-31,50.44706000000001,120.96879,68.47143000000001,105.85341,206.5318,6.892828,20.15057,,28.82903,,
2018-08-01,52.79143000000001,120.96879,68.47143000000001,105.85341,205.9636,6.892828,20.15057,,28.82903,,
2018-08-02,52.79143000000001,120.96879,68.67805,105.85341,205.9636,6.892828,20.78441,,28.82903,,
2018-08-03,53.07714000000001,120.96879,68.67805,105.85341,205.9636,6.892828,20.78441,,28.82903,,
2018-08-04,53.07714000000001,120.96879,68.67805,105.85341,205.9636,6.892828,20.78441,,28.82903,,
2018-08-05,53.07714000000001,120.96879,68.67805,105.85341,205.9636,6.892828,20.78441,,28.82903,,
2018-08-06,53.07714000000001,120.96879,68.67805,105.85341,205.9636,6.902829,20.90386,,28.75625,,
2018-08-07,53.07714000000001,120.96879,68.67805,105.85341,205.9636,6.902829,21.5233,,28.75625,,
2018-08-08,53.07714000000001,121.1203,68.67805,105.85341,205.9636,6.902829,21.55108,,28.75625,,
2018-08-09,53.07714000000001,121.1203,68.67805,105.85341,205.9636,6.902829,21.55108,,28.75625,,
2018-08-10,53.35147000000001,121.1203,68.67805,105.85341,205.9636,6.902829,21.79925,,28.75625,,
2018-08-11,53.35147000000001,121.1203,68.67805,105.85341,205.9636,6.902829,21.79925,,28.75625,,
2018-08-12,53.43788000000001,121.1203,68.67805,105.85341,205.9636,6.902829,21.79925,,28.75625,,
2018-08-13,53.43788000000001,121.1203,68.67805,105.85341,205.9636,6.902829,21.79925,,28.84516,,
2018-08-14,53.43788000000001,121.1203,68.67805,105.85341,205.9636,7.027829,22.12422,,28.84516,,
2018-08-15,53.60455,121.1203,68.67805,105.85341,205.9636,7.027829,22.29089,,28.84516,,
2018-08-16,53.60455,121.0597,68.67805,105.85341,205.9636,7.027829,22.29089,,28.84516,,
2018-08-17,53.56667,121.0597,68.67805,105.91022,205.9636,7.051361,21.719,,28.84516,,
2018-08-18,53.56667,121.0597,68.67805,105.91022,205.9636,7.051361,21.719,,28.84516,,
2018-08-19,53.56667,121.0597,68.67805,105.91022,205.9636,7.044117,21.719,,28.84516,,
2018-08-20,53.56667,121.0597,68.67805,106.33636,205.9636,7.044117,21.52165,,28.84516,,
2018-08-21,53.71818,121.0597,68.87317,106.33636,205.9636,7.044117,21.61005,,28.84516,,
2018-08-22,53.71818,121.0597,68.87317,106.33636,205.9636,7.044117,21.61005,,28.84516,,
2018-08-23,53.71818,121.0597,68.87317,106.33636,205.9636,7.044117,21.61005,,28.84516,,
2018-08-24,53.71818,121.0597,68.87317,106.33636,205.9636,7.015152,21.47116,,28.84516,,
2018-08-25,53.71818,121.0597,68.87317,106.33636,205.9636,7.015152,21.47116,,28.84516,,
2018-08-26,53.71719,121.0597,68.87317,106.33636,205.9636,7.015152,21.47116,,28.84516,,
2018-08-27,53.71719,121.0597,68.87317,106.33636,205.9636,7.015152,21.335,,28.84516,,
2018-08-28,53.97576,121.0597,68.87317,106.33636,205.9636,7.015152,21.335,,28.84516,,
2018-08-29,53.97576,121.0597,69.10488000000001,107.13182,205.9636,7.015152,21.335,,28.84516,,
2018-08-30,54.12727,121.0597,69.10488000000001,107.13182,205.9636,7.015152,21.335,,28.84516,,
2018-08-31,54.24091000000001,121.0597,69.10488000000001,107.13182,205.3955,7.034091,21.335,,28.84516,,
2018-09-01,54.24091000000001,121.0597,69.10488000000001,107.13182,205.3955,7.034091,21.335,,28.84516,,
2018-09-02,54.52969,121.0597,69.10488000000001,107.13182,205.3955,7.050781,21.335,,28.84516,,
2018-09-03,54.76406000000001,121.0597,69.10488000000001,107.13182,205.3955,7.050781,21.05287,,28.84516,,
2018-09-04,55.0375,121.0597,69.10488000000001,107.41591,205.3955,7.050781,21.05287,,28.84516,,
2018-09-05,55.13906000000001,121.24152,69.10488000000001,107.41591,205.3955,7.050781,21.04004,,28.78065,,
2018-09-06,55.70156000000001,121.24152,69.10488000000001,107.41591,205.3955,7.050781,21.01184,,28.78065,,
2018-09-07,55.98281000000001,121.24152,69.10488000000001,107.80227,205.3955,7.050781,20.48054,,28.69355,,
2018-09-08,55.98281000000001,121.24152,69.10488000000001,107.80227,205.3955,7.050781,20.48054,,28.69355,,
2018-09-09,55.98281000000001,121.24152,69.10488000000001,107.80227,205.3955,7.050781,20.48054,,28.69355,,
2018-09-10,56.25625,121.24152,69.16586000000001,108.17727,205.1682,7.050781,20.23362,,28.69355,,
2018-09-11,56.56875,121.24152,69.16586000000001,108.17727,205.1682,7.050781,20.20893,,28.69355,,
2018-09-12,57.23281000000001,121.24152,69.16586000000001,108.17727,205.1682,7.050781,20.20893,,28.69355,,
2018-09-13,57.45937000000001,121.24152,69.16586000000001,108.17727,205.1682,7.070313,20.20893,,28.69355,,
2018-09-14,57.65469,122.66576,69.16586000000001,108.17727,205.1682,7.082031,20.20893,,28.9,,
2018-09-15,57.65469,122.66576,69.16586000000001,108.17727,205.1682,7.082031,20.20893,,28.9,,
2018-09-16,57.65469,122.66576,69.16586000000001,108.17727,205.1682,7.082031,20.20893,,28.82759,,
2018-09-17,57.74091000000001,122.66576,69.16586000000001,108.17727,204.9409,7.121212,20.20893,,28.82759,,
2018-09-18,57.74091000000001,122.66576,69.16586000000001,108.17727,204.9409,7.121212,20.20893,,28.82759,,
2018-09-19,57.89243,122.90818,69.16586000000001,108.17727,204.9409,7.176562,20.20893,,28.91379,,
2018-09-20,57.89243,122.90818,69.16586000000001,108.17727,204.9409,7.176562,20.20893,,28.91379,,
2018-09-21,57.89243,122.90818,69.16586000000001,108.17727,204.9409,7.176562,20.20893,,28.91379,,
2018-09-22,57.89243,122.90818,69.16586000000001,108.17727,204.9409,7.176562,20.20893,,28.91379,,
2018-09-23,57.89243,122.90818,69.16586000000001,108.17727,204.9409,7.176562,20.20893,,28.91379,,
2018-09-24,57.96818,124.04151,69.63853,109.33671,204.9409,7.176562,20.20893,,28.91379,,
2018-09-25,57.96818,124.04151,69.63853,109.33671,204.9409,7.192187,20.20893,,28.91379,,
2018-09-26,58.26324,124.34454,69.63853,109.91057,204.9409,7.270312,20.20893,,28.91379,,
2018-09-27,58.3,124.34454,69.69951,109.91057,204.9409,7.270312,19.84844,,28.91379,,
2018-09-28,58.3,124.34454,69.69951,109.91057,205.5091,7.35303,19.9729,,28.875,,
2018-09-29,58.3,124.34454,69.69951,109.91057,205.5091,7.35303,19.9729,,28.875,,
2018-09-30,58.51364,124.34454,69.69951,109.91057,205.5091,7.35303,19.9729,,28.875,,
2018-10-01,58.51364,124.34454,69.69951,109.85375,204.7136,7.35303,19.9729,,28.875,,
2018-10-02,58.51364,124.34454,69.69951,109.96738,204.7136,7.35303,19.96814,,28.875,,
2018-10-03,58.51364,124.34454,69.69951,109.96738,204.6,7.35303,19.96814,,28.875,,
2018-10-04,58.51364,124.34454,69.69951,109.96738,204.6,7.35303,19.96814,,28.92857,,
2018-10-05,58.77879000000001,124.34454,69.69951,109.96738,204.2591,7.35303,19.96814,,28.92857,,
2018-10-06,58.77879000000001,124.34454,69.69951,109.96738,204.2591,7.35303,19.96814,,28.92857,,
2018-10-07,58.77879000000001,124.34454,69.94200000000001,109.96738,204.2591,7.35303,19.96814,,28.92857,,
2018-10-08,59.02121,124.34454,69.94200000000001,109.96738,204.2591,7.35303,19.96814,,28.92857,,
2018-10-09,59.02121,124.34454,69.94200000000001,109.96738,204.2591,7.35303,20.26809,,28.92857,,
2018-10-10,59.02121,124.34454,69.92769000000001,109.96738,205.5209,7.383088,20.26809,,28.92857,,
2018-10-11,59.26406000000001,124.21677,69.83795,109.96738,205.3116,7.383088,20.26809,,28.92857,,
2018-10-12,59.26406000000001,124.65794,69.83795,110.01284,204.8955,7.383088,20.26809,,28.92857,,
2018-10-13,59.26406000000001,124.65794,69.83795,110.01284,204.8955,7.383088,20.26809,,28.92857,,
2018-10-14,59.26406000000001,124.65794,69.83795,110.01284,204.8955,7.383088,20.26809,,28.92857,,
2018-10-15,59.26406000000001,124.65794,69.83795,110.01284,204.5546,7.383088,20.26809,,28.92857,,
2018-10-16,59.26406000000001,124.65794,69.7795,110.01284,204.5546,7.383088,20.26809,,28.92857,,
2018-10-17,60.04394000000001,125.09628,69.7795,110.01284,204.5546,7.369117999999999,20.26809,,29.0,,
2018-10-18,60.04394000000001,125.09628,69.93575,110.01284,204.5546,7.369117999999999,20.26809,,29.0,,
2018-10-19,60.04394000000001,125.09628,69.93575,110.29693,204.5546,7.369117999999999,20.26809,,29.0,,
2018-10-20,60.04394000000001,125.09628,69.93575,110.29693,204.5546,7.369117999999999,20.26809,,29.0,,
2018-10-21,60.04394000000001,125.09628,69.93575,110.29693,204.5546,7.369117999999999,20.26809,,29.0,,
2018-10-22,60.04394000000001,125.15343,69.967,110.19466,204.2978,7.350734999999999,20.26809,,29.0,,
2018-10-23,60.23333,125.15343,69.967,110.19466,204.2978,7.350734999999999,20.34804,,29.0,,
2018-10-24,60.23333,125.15343,69.967,110.19466,203.9644,7.325,20.34804,,29.0,,
2018-10-25,60.23333,125.69629,69.967,110.19466,203.9644,7.280882,21.32063,,29.0,,
2018-10-26,60.41029,125.69629,68.35073,108.54393,203.9644,7.244117999999999,21.50508,,29.0,,
2018-10-27,60.41029,125.69629,68.35073,108.54393,203.9644,7.244117999999999,21.50508,,29.0,,
2018-10-28,60.41029,125.69629,68.35073,108.54393,203.9644,7.244117999999999,21.50508,,29.0,,
2018-10-29,60.25588,125.69629,68.27756000000001,108.54393,203.9644,7.236765,21.50508,,29.0,,
2018-10-30,60.25588,125.69629,68.27756000000001,108.72393,203.52,7.236765,21.50508,,29.0,,
2018-10-31,60.25588,125.82941,68.27756000000001,108.72393,194.5422,7.236765,21.392,,29.0,,
2018-11-01,60.25588,125.82941,68.16575,108.72393,194.5422,7.236765,21.392,,29.0,,
2018-11-02,59.27794000000001,125.82941,68.04075,108.72393,194.2089,7.236765,21.392,,29.0,,
2018-11-03,59.27794000000001,125.82941,68.04075,108.72393,193.4091,7.236765,21.392,,29.0,,
2018-11-04,59.27794000000001,125.82941,68.04075,108.8313,193.4091,7.236765,21.392,,29.0,,
2018-11-05,59.27794000000001,125.82941,68.04075,108.8313,193.4091,7.236765,21.392,,29.06897,,
2018-11-06,59.27794000000001,125.82941,68.04075,108.8313,193.4091,7.218382,21.392,,28.98621,,
2018-11-07,59.47647000000001,125.82941,68.04075,108.8313,193.4091,7.218382,21.392,,29.1,,
2018-11-08,59.47647000000001,125.82941,68.04075,108.71766,193.4091,7.208824,21.44793,,29.1,,
2018-11-09,59.50606000000001,125.82941,68.04075,108.78584,193.4091,7.170588,21.44793,,29.1,,
2018-11-10,59.50606000000001,125.82941,68.04075,108.78584,192.3256,7.170588,21.44793,,29.1,,
2018-11-11,59.50606000000001,125.82941,68.04075,108.78584,192.3256,7.170588,21.44793,,29.1,,
2018-11-12,59.40758,125.82941,68.04075,108.80857,192.3256,7.148530000000001,21.44793,,29.1,,
2018-11-13,58.74844,125.82941,68.022,108.80857,192.3256,7.148530000000001,21.44793,,29.1,,
2018-11-14,58.74844,125.82941,68.022,108.80857,192.3256,7.148530000000001,21.44793,,29.09687,,
2018-11-15,58.51406000000001,125.82941,68.022,107.78611,192.3256,7.148530000000001,21.44793,,29.09687,,
2018-11-16,58.51406000000001,126.30909,68.022,107.67248,192.2093,6.019852999999999,21.44793,,29.09687,,
2018-11-17,58.51406000000001,126.30909,68.022,107.67248,192.2093,6.019852999999999,21.44793,,29.09687,,
2018-11-18,58.51406000000001,126.30909,68.022,107.67248,192.2093,6.019852999999999,21.44793,,29.09687,,
2018-11-19,58.30312000000001,126.30909,68.022,107.67248,192.2093,5.819853,21.53395,,29.09687,,
2018-11-20,58.30312000000001,126.30909,68.022,107.67248,192.3864,5.819853,21.53395,,29.09687,,
2018-11-21,58.30312000000001,126.30909,67.89951,107.67248,192.3864,5.814286,21.53395,,29.09687,,
2018-11-22,58.30312000000001,126.30909,67.89951,107.67248,192.3864,5.814286,21.53395,,29.09687,,
2018-11-23,58.06094,126.30909,67.77756000000001,107.67248,190.6591,5.814286,21.53395,,29.09687,,
2018-11-24,58.06094,126.30909,67.77756000000001,107.67248,190.6591,5.814286,21.53395,,29.09687,,
2018-11-25,58.06094,126.30909,67.77756000000001,107.67248,190.6591,5.764705999999999,21.51553,,29.09687,,
2018-11-26,57.74844,126.30909,67.77756000000001,107.67248,190.6591,5.764705999999999,21.51553,,29.09687,,
2018-11-27,57.74844,125.82941,67.77756000000001,107.67248,190.6591,5.710713999999999,21.51553,,29.01818,,
2018-11-28,57.55312000000001,125.82941,67.77756000000001,107.67248,190.6591,5.710713999999999,21.51553,,28.92941,,
2018-11-29,57.14243,125.82941,67.77756000000001,107.67248,190.6591,5.710713999999999,21.51553,,28.9,,
2018-11-30,57.14243,125.82941,67.77756000000001,107.78611,190.6591,5.710713999999999,21.51553,,29.20286,,
2018-12-01,57.14243,125.82941,67.77756000000001,107.78611,190.6591,5.710713999999999,21.51553,,29.20286,,
2018-12-02,57.14243,125.82941,67.77756000000001,107.78611,190.6591,5.710713999999999,21.51553,,29.20286,,
2018-12-03,57.14243,125.82941,67.77756000000001,107.67248,190.6591,5.710713999999999,21.51553,,29.17429,,
2018-12-04,56.87727,125.82941,67.74715,107.67248,189.7556,5.710713999999999,21.75997,,28.96857,,
2018-12-05,56.76364,125.82941,67.74715,107.67248,189.7556,5.710713999999999,21.75997,,28.96857,,
2018-12-06,56.76364,125.82941,67.74715,107.67248,189.7556,5.710713999999999,21.75997,,28.94,,
2018-12-07,56.03529,125.82941,67.74715,107.67248,189.7556,5.710713999999999,21.75997,,29.41429,,
2018-12-08,56.03529,125.82941,67.74715,107.67248,189.7556,5.710713999999999,21.75997,,29.41429,,
2018-12-09,56.03529,125.82941,67.74715,107.67248,189.7556,5.710713999999999,21.75997,,29.41429,,
2018-12-10,56.03529,125.82941,67.74715,107.67248,189.7556,5.677856999999999,21.75997,,29.41429,,
2018-12-11,56.03529,125.82941,67.74715,107.67248,189.7556,5.677856999999999,21.75997,,29.41429,,
2018-12-12,55.57941,125.82941,67.74715,107.67248,189.7556,5.667142999999999,22.21039,,29.41429,,
2018-12-13,55.50588,125.82941,67.74715,107.67248,189.7556,5.667142999999999,22.21039,,29.41429,,
2018-12-14,55.50588,125.82941,67.74715,107.67248,189.7556,5.667142999999999,22.21039,,29.41429,,
2018-12-15,55.50588,125.82941,67.74715,107.67248,189.7556,5.667142999999999,22.21039,,29.41429,,
2018-12-16,55.50588,125.82941,67.74715,107.67248,189.7556,5.667142999999999,22.7118,,29.41429,,
2018-12-17,55.50588,125.82941,67.74715,107.67248,189.7556,5.667142999999999,22.74406,,29.41429,,
2018-12-18,55.21177,125.82941,67.74715,107.67248,189.7556,5.667142999999999,22.74406,,29.45714,,
2018-12-19,54.77059000000001,125.82941,67.74715,107.67248,189.7556,5.667142999999999,22.74406,,29.45714,,
2018-12-20,54.77059000000001,125.82941,67.74715,107.67248,188.8667,5.667142999999999,22.74406,,29.45714,,
2018-12-21,54.68182,125.82941,67.74715,107.67248,188.8667,5.667142999999999,22.74406,,29.45714,,
2018-12-22,54.68182,125.82941,67.74715,107.67248,188.8667,5.667142999999999,22.74406,,29.45714,,
2018-12-23,54.68182,125.82941,67.74715,107.67248,188.8667,5.667142999999999,22.74406,,29.45714,,
2018-12-24,54.68182,125.82941,67.74715,107.67248,188.8667,5.645714,22.74406,,29.45714,,
2018-12-25,54.68182,125.82941,67.74715,107.67248,188.8667,5.645714,22.74406,,29.45714,,
2018-12-26,54.68182,125.82941,67.74715,107.67248,188.8667,5.645714,22.74406,,29.45714,,
2018-12-27,54.68182,125.82941,67.74715,107.67248,188.8667,5.645714,22.78922,,29.45714,,
2018-12-28,54.68182,125.82941,67.68762000000001,107.45657,188.5333,5.645714,22.78922,,29.44118,,
2018-12-29,54.68182,125.82941,67.68762000000001,107.45657,188.5333,5.645714,22.78922,,29.44118,,
2018-12-30,54.68182,125.82941,67.68762000000001,107.45657,188.5333,5.645714,22.78922,,29.44118,,
2018-12-31,54.68182,125.82941,67.68762000000001,107.67248,188.5333,5.645714,22.68169,,29.44118,,
2019-01-01,54.68182,125.82941,67.68762000000001,107.67248,188.5333,5.645714,22.68169,,29.44118,,
2019-01-02,54.39394000000001,125.06061,67.45122,107.84293,188.4222,5.645714,22.4622,,29.44118,,
2019-01-03,46.33823,125.06061,67.45122,107.61566,188.4222,5.645714,22.45109,,29.44118,,
2019-01-04,45.30882,125.06061,67.67073,107.14642,187.8667,5.602856999999999,22.37331,,29.44118,,
2019-01-05,45.30882,125.06061,67.67073,107.14642,187.8667,5.602856999999999,22.37331,,29.44118,,
2019-01-06,45.30882,125.06061,67.67073,107.14642,187.8667,5.473529,22.57928,,29.44118,,
2019-01-07,45.01471,125.06061,67.67073,107.14642,187.8667,5.473529,22.59078,,29.39706,,
2019-01-08,45.01471,125.06061,67.67073,107.14642,187.4222,5.473529,22.59078,,29.39706,,
2019-01-09,44.88636,125.53125,67.78750000000001,107.25753,186.7333,5.473529,22.59078,,29.39706,,
2019-01-10,44.88636,125.53125,67.63461000000001,107.25753,186.7333,5.413281,22.59078,,29.36765,,
2019-01-11,44.88636,124.41936,67.63461000000001,107.25753,187.0,5.457576,22.59078,,29.36765,,
2019-01-12,44.88636,124.41936,67.63461000000001,107.25753,187.0,5.457576,22.59078,,29.36765,,
2019-01-13,44.88636,124.41936,67.63461000000001,107.25753,187.0,5.457576,22.59078,,29.36765,,
2019-01-14,44.88636,124.41936,67.63461000000001,107.25753,187.0,5.457576,22.59078,,29.37879,,
2019-01-15,44.88636,124.41936,67.63461000000001,107.25753,187.0,5.457576,22.59078,,29.37879,,
2019-01-16,44.88636,124.41936,67.63461000000001,107.25753,187.0,5.419696999999999,22.59078,,29.37879,,
2019-01-17,44.88636,124.74194,67.63461000000001,107.25753,187.0,5.419696999999999,22.75,,29.37879,,
2019-01-18,44.88636,124.74194,67.75625000000001,107.36864,185.5111,5.495312999999999,22.75,,29.37879,,
2019-01-19,44.88636,124.74194,67.75625000000001,107.36864,185.5111,5.495312999999999,22.75,,29.37879,,
2019-01-20,44.88636,124.74194,67.75625000000001,107.36864,185.5111,5.495312999999999,22.75,,29.37879,,
2019-01-21,44.88636,124.74194,67.75625000000001,107.36864,185.5111,5.495312999999999,22.75,,29.37879,,
2019-01-22,44.77273,124.74194,67.69375000000001,107.31309,185.5111,5.436719,22.64283,,29.37879,,
2019-01-23,44.77273,124.9,67.69375000000001,107.31309,185.5111,5.436719,22.64283,,29.37879,,
2019-01-24,44.77273,124.9,67.56875000000001,107.31309,185.5111,5.413281,22.64283,,29.37879,,
2019-01-25,44.73485,124.9,67.56875000000001,106.97976,185.2,5.382031,22.64283,,29.37879,,
2019-01-26,44.73485,124.9,67.56875000000001,106.97976,185.2,5.382031,22.24689,,29.37879,,
2019-01-27,44.73485,124.9,67.56875000000001,106.97976,185.2,5.382031,22.24689,,29.37879,,
2019-01-28,44.73485,125.23333,67.56875000000001,106.97976,185.0889,4.582812,22.2222,,29.40909,,
2019-01-29,44.73485,125.23333,67.51219,106.9242,185.0889,4.491406,22.2222,,29.40909,,
2019-01-30,44.50758,125.23333,67.41463,106.9242,185.4222,4.491406,22.01426,,29.40909,,
2019-01-31,44.45313,124.75862,67.41463,106.9242,193.1364,4.491406,21.95236,,29.42188,,
2019-02-01,44.60938,124.75862,67.41463,105.73777,193.9318,4.491406,21.94045,,29.42188,,
2019-02-02,44.60938,125.03571,67.41463,105.73777,193.9318,4.491406,21.8051,,29.42188,,
2019-02-03,44.60938,124.85185,67.41463,105.71628,193.9318,4.491406,21.8051,,29.42188,,
2019-02-04,44.53125000000001,126.06896,67.41463,105.71628,193.6222,4.475000000000001,21.87731,,29.40322,,
2019-02-05,44.53125000000001,126.06896,66.94,105.77442,193.6222,4.475000000000001,21.76151,,29.40322,,
2019-02-06,44.53125000000001,126.06896,67.09231000000001,106.03171,195.2955,4.475000000000001,21.76151,,29.40322,,
2019-02-07,44.53125000000001,126.06896,67.09231000000001,105.90125,195.2955,4.475000000000001,21.76151,,29.40322,,
2019-02-08,44.53125000000001,126.06896,67.09231000000001,105.90125,195.2955,4.36129,22.0692,,29.40322,,
2019-02-09,44.53125000000001,126.06896,67.09231000000001,105.90125,195.2955,4.36129,22.0692,,29.40322,,
2019-02-10,44.53125000000001,126.06896,67.09231000000001,105.90125,195.2955,4.36129,22.0692,,29.40322,,
2019-02-11,44.53125000000001,126.06896,67.09231000000001,105.90125,195.2955,4.36129,22.28886,,29.38333,,
2019-02-12,44.53125000000001,126.06896,67.09231000000001,105.90125,195.2955,4.36129,22.28886,,29.38333,,
2019-02-13,44.53125000000001,126.06896,67.09231000000001,105.90125,195.2955,4.36129,22.28886,,29.44,,
2019-02-14,44.53125000000001,126.06896,67.09231000000001,105.90125,195.2955,4.36129,22.28886,,29.44,,
2019-02-15,44.53125000000001,126.06896,67.09231000000001,105.90125,195.2955,4.444355,22.28886,,29.44,,
2019-02-16,44.53125000000001,126.06896,67.09231000000001,105.90125,195.2955,4.444355,22.41792,,29.44,,
2019-02-17,44.53125000000001,126.06896,67.09231000000001,105.90125,195.2955,4.444355,22.41792,,29.44,,
2019-02-18,44.53125000000001,126.06896,67.09231000000001,105.90125,195.2955,4.444355,22.41792,,29.44,,
2019-02-19,44.53125000000001,126.06896,67.09231000000001,105.90125,195.2955,4.444355,22.41792,,29.44,,
2019-02-20,44.53125000000001,126.06896,67.09231000000001,105.90125,195.2955,4.444355,22.41792,,29.44,,
2019-02-21,44.53125000000001,126.06896,67.09231000000001,105.90125,195.2955,4.444355,22.41792,,29.44,,
2019-02-22,44.53125000000001,126.06896,67.09231000000001,105.90125,195.2955,4.457812,22.41792,,29.44,,
2019-02-23,44.53125000000001,126.06896,67.09231000000001,105.90125,195.2955,4.457812,22.41792,,29.44,,
2019-02-24,44.53125000000001,126.06896,67.09231000000001,105.90125,195.2955,4.457812,22.41792,,29.44,,
2019-02-25,44.53125000000001,126.06896,67.09231000000001,105.90125,195.2955,4.457812,22.2617,,29.44,,
2019-02-26,44.53125000000001,126.06896,67.09231000000001,105.90125,195.2955,4.457812,22.2617,,29.44,,
2019-02-27,44.53125000000001,126.06896,67.09231000000001,105.90125,195.2955,4.457812,22.2617,,29.44,,
2019-02-28,44.53125000000001,126.06896,67.09231000000001,106.1075,195.1861,4.457812,22.65712,,29.44,,
2019-03-01,44.53125000000001,126.06896,67.1025,106.1075,195.1861,4.457812,22.65712,,29.44,,
2019-03-02,44.53125000000001,126.06896,67.1025,106.1075,195.1861,4.457812,22.65712,,29.44,,
2019-03-03,44.53125000000001,126.06896,67.1025,106.1075,195.1861,4.457812,22.65712,,29.44,,
2019-03-04,44.53125000000001,126.06896,67.1025,106.1075,195.1861,4.457812,22.61426,,29.44,,
2019-03-05,44.53125000000001,126.06896,67.1025,106.1075,195.1861,4.457812,22.61426,,29.55667,,
2019-03-06,44.53125000000001,126.06896,67.1025,106.1075,195.1861,4.457812,22.61426,,29.55667,,
2019-03-07,44.53125000000001,126.06896,67.1025,106.1075,195.1861,4.457812,22.61426,,29.55667,,
2019-03-08,44.53125000000001,126.06896,67.1025,106.1075,196.7273,4.432258,22.61426,,29.55667,,
2019-03-09,44.53125000000001,126.06896,67.1025,106.1075,196.7273,4.432258,22.61426,,29.55667,,
2019-03-10,44.53125000000001,126.06896,67.1025,106.1075,196.7273,4.432258,22.61426,,29.38621,,
2019-03-11,44.76563,126.06896,67.1025,106.1075,196.7273,4.432258,22.61426,,29.38621,,
2019-03-12,44.76563,126.36667,67.1025,106.1075,196.7273,4.432258,22.48807,,29.38621,,
2019-03-13,45.07576,126.36667,67.1025,106.08049,196.7273,4.422656,22.48807,,29.38621,,
2019-03-14,45.28906000000001,126.36667,67.1025,106.08049,196.7273,4.422656,22.48807,,29.38621,,
2019-03-15,45.28906000000001,126.36667,67.1025,106.08049,197.3488,4.422656,22.48807,,31.14667,,
2019-03-16,45.28906000000001,126.36667,67.1025,106.08049,197.3488,4.422656,22.48807,,31.14667,,
2019-03-17,45.28906000000001,126.36667,67.1025,106.08049,197.3488,4.422656,22.48807,,31.14667,,
2019-03-18,45.28906000000001,126.36667,67.1025,106.08049,196.93,4.446094,22.48807,,31.14667,,
2019-03-19,45.28906000000001,126.36667,67.1025,106.08049,196.93,4.490625,22.48807,,31.14667,,
2019-03-20,46.14844,126.36667,67.1025,106.08049,196.93,4.506250000000001,22.48807,,31.14667,,
2019-03-21,46.29172000000001,126.36667,67.1025,106.08049,196.93,4.506250000000001,22.44045,,31.14667,,
2019-03-22,46.29172000000001,126.56667,67.07307,105.9325,197.0952,4.506250000000001,22.32855,,31.14667,,
2019-03-23,46.29172000000001,126.56667,67.07307,105.9325,197.0952,4.506250000000001,22.32855,,31.14667,,
2019-03-24,46.29172000000001,126.56667,67.07307,105.9325,197.0952,4.506250000000001,22.32855,,31.14667,,
2019-03-25,47.40891000000001,126.56667,67.05526,105.9325,197.1463,4.521212,22.32855,,31.32,,
2019-03-26,47.82297000000001,126.56667,67.05526,105.9325,197.1463,4.545455,22.32855,,31.32,,
2019-03-27,47.82297000000001,126.9,67.05526,105.9325,197.1463,4.545455,22.2095,,31.32,,
2019-03-28,47.82297000000001,126.9,67.05526,105.9325,197.1463,4.545455,22.17379,,31.32,,
2019-03-29,47.82297000000001,127.23333,67.18684,106.07,197.2683,4.545455,22.17379,,31.40333,,
2019-03-30,47.82297000000001,127.23333,67.18684,106.07,197.2683,4.545455,22.17379,,31.40333,,
2019-03-31,47.82297000000001,127.23333,67.18684,106.07,197.2683,4.545455,22.17379,,31.40333,,
2019-04-01,47.82297000000001,127.23333,67.18684,106.07,197.2683,4.519852999999999,22.17379,,31.40333,,
2019-04-02,47.69955,127.23333,67.18684,106.07,197.2683,4.519852999999999,22.17379,,31.57,,
2019-04-03,47.69955,127.23333,67.41711000000001,106.37317,197.8781,4.519852999999999,22.12617,,31.57,,
2019-04-04,47.82297000000001,127.23333,67.41711000000001,106.37317,197.8781,4.519852999999999,21.7,,31.57,,
2019-04-05,47.82297000000001,127.23333,67.41711000000001,106.37317,197.8781,4.519852999999999,21.58095,,31.57,,
2019-04-06,47.82297000000001,127.23333,67.41711000000001,106.37317,197.8781,4.519852999999999,21.58095,,31.57,,
2019-04-07,47.82297000000001,127.23333,67.41711000000001,106.37317,197.8781,4.519852999999999,21.58095,,31.57,,
2019-04-08,48.05734,127.23333,67.41711000000001,106.37317,197.8781,4.519852999999999,21.43448,,31.57,,
2019-04-09,48.18439,127.23333,67.64079000000001,106.37317,198.0,4.519852999999999,21.43448,,31.57,,
2019-04-10,48.26015,127.9,67.64079000000001,106.37317,198.0,4.519852999999999,21.36551,,31.57,,
2019-04-11,48.48742000000001,128.4667,67.64079000000001,106.41586,198.0,4.519852999999999,21.36551,,31.67,,
2019-04-12,48.48742000000001,128.4667,67.64079000000001,106.41586,198.0,4.519852999999999,21.36551,,31.67,,
2019-04-13,48.51828,128.4667,67.64079000000001,106.41586,198.0,4.519852999999999,21.36551,,31.67,,
2019-04-14,48.51828,128.4667,67.64079000000001,106.41586,198.0,4.519852999999999,21.36551,,31.67,,
2019-04-15,48.51828,129.5333,67.64079000000001,106.41586,198.0,4.519852999999999,21.36551,,31.67,,
2019-04-16,48.51828,130.4667,67.64079000000001,106.41586,198.0,4.541912,21.21609,,31.67,,
2019-04-17,48.51828,130.4667,67.64079000000001,106.41586,198.1219,4.541912,21.13563,,31.67,,
2019-04-18,48.51828,130.4667,67.64737000000001,106.39146,198.6341,4.575,20.92873,,31.95333,,
2019-04-19,48.51828,130.8,67.64737000000001,106.41586,198.6341,4.575,20.92873,,31.95333,,
2019-04-20,48.51828,130.8,67.64737000000001,106.41586,198.6341,4.575,20.92873,,31.95333,,
2019-04-21,48.51828,130.8,67.64737000000001,106.41586,198.6341,4.575,20.92873,,31.95333,,
2019-04-22,48.75266000000001,130.8,67.64737000000001,106.41586,198.6585,4.605881999999999,20.90574,,32.05,,
2019-04-23,49.31516000000001,130.8,67.64737000000001,106.41586,198.6585,4.605881999999999,20.90574,,32.05,,
2019-04-24,49.65891000000001,130.8,67.77895000000001,106.41586,198.6585,4.605881999999999,20.90574,,32.1,,
2019-04-25,49.95578,142.8667,67.77895000000001,106.2939,219.6829,4.605881999999999,20.50575,,32.1,,
2019-04-26,50.16672000000001,142.8667,67.77895000000001,110.77256,221.0244,4.605881999999999,20.50575,,32.1,,
2019-04-27,50.16672000000001,142.8667,67.77895000000001,110.77256,221.0244,4.605881999999999,20.50575,,32.1,,
2019-04-28,50.16672000000001,142.8667,67.77895000000001,110.77256,221.0244,4.605881999999999,20.50575,,32.1,,
2019-04-29,50.18234,143.7667,67.77895000000001,110.88884,221.0244,4.605881999999999,20.50575,,32.1,,
2019-04-30,50.18234,143.7667,67.07763,111.22604,221.0244,4.605881999999999,20.48276,,32.1,,
2019-05-01,53.34348000000001,143.7667,67.07763,111.22604,221.0244,4.605881999999999,20.22989,,32.1,,
2019-05-02,53.34348000000001,143.7667,67.07763,111.22604,221.0244,4.605881999999999,20.36905,,32.1,,
2019-05-03,53.53288000000001,143.7667,67.07763,111.22604,221.0244,4.605881999999999,20.36905,,32.1,,
2019-05-04,53.53288000000001,143.7667,67.07763,111.22604,221.0244,4.605881999999999,20.36905,,32.1,,
2019-05-05,53.53288000000001,143.7667,67.07763,111.22604,221.0244,4.605881999999999,20.36905,,32.1,,
2019-05-06,53.53288000000001,143.7667,67.07763,111.22604,221.0244,4.605881999999999,20.18391,,32.1,,
2019-05-07,53.53288000000001,143.7667,67.07763,111.22604,221.0244,4.605881999999999,20.09195,,32.1,,
2019-05-08,53.53288000000001,143.7667,67.07763,111.22604,221.0244,4.593939,20.09195,,32.1,,
2019-05-09,53.53288000000001,143.7667,67.07763,111.22604,221.3476,4.593939,20.09195,,32.1,,
2019-05-10,53.53288000000001,143.7667,67.07763,111.22604,221.3476,4.605303,20.14943,,32.1,,
2019-05-11,53.53288000000001,143.7667,67.07763,111.22604,221.3476,4.605303,20.14943,,32.1,,
2019-05-12,53.53288000000001,143.7667,67.07763,111.31953,221.3476,4.605303,20.14943,,32.1,,
2019-05-13,53.53288000000001,143.7667,67.07763,111.31953,221.3476,4.614062,20.14943,,32.18333000000001,,
2019-05-14,53.53288000000001,143.7667,67.20921,111.31953,221.3476,4.614062,20.14943,,32.18333000000001,,
2019-05-15,53.53288000000001,143.2069,67.20921,111.31953,222.5063,4.637903,20.14943,,32.18333000000001,,
2019-05-16,53.44955,143.2069,67.20921,111.31953,222.5063,4.637903,20.14943,,32.18333000000001,,
2019-05-17,53.44955,143.2069,67.20921,111.31953,222.5063,4.587903,20.046,,32.18333000000001,,
2019-05-18,53.44955,143.2069,67.20921,111.31953,222.5063,4.587903,20.046,,32.18333000000001,,
2019-05-19,53.44955,143.2069,67.20921,111.31953,222.5063,4.587903,20.046,,32.18333000000001,,
2019-05-20,53.40409,143.2069,67.20921,111.31953,222.5063,4.587903,19.90805,,32.18333000000001,,
2019-05-21,53.40409,143.2069,67.20921,111.31953,222.5063,4.585484,19.36322,,32.18333000000001,,
2019-05-22,53.32833,143.2069,67.20921,111.31953,222.5063,4.581450999999999,19.36322,,32.18333000000001,,
2019-05-23,53.30397000000001,143.2069,67.20921,111.43857,222.5063,4.577419,19.34023,,32.16667,,
2019-05-24,53.19368000000001,143.2069,67.11411000000001,111.43857,223.0549,4.577419,19.34023,,32.16667,,
2019-05-25,53.19368000000001,143.2069,67.11411000000001,111.43857,223.0549,4.577419,19.34023,,32.16667,,
2019-05-26,53.19368000000001,143.2069,67.11411000000001,111.43857,223.0549,4.577419,19.34023,,32.16667,,
2019-05-27,53.19368000000001,143.2069,67.11411000000001,111.43857,223.0549,4.577419,19.34023,,32.16667,,
2019-05-28,53.19368000000001,143.2069,66.99875,112.04465,222.9821,4.577419,19.14483,,32.16667,,
2019-05-29,53.1275,143.2069,66.99875,112.04465,222.1686,4.577419,19.04827,,32.16667,,
2019-05-30,53.1275,143.2069,66.99875,112.04465,222.1686,4.577419,19.04827,,32.16667,,
2019-05-31,53.1275,143.2069,66.82805,112.25395,222.1686,4.577419,19.04827,,32.16667,,
2019-06-01,53.1275,143.2069,66.82805,112.25395,222.1686,4.577419,19.04827,,32.16667,,
2019-06-02,53.1275,143.2069,66.82805,112.25395,222.1686,4.577419,19.04827,,32.16667,,
2019-06-03,52.45103,143.2069,66.82805,112.25395,222.1686,4.590625,19.04827,,32.16667,,
2019-06-04,52.41671,143.2069,66.82805,112.25395,222.1686,4.590625,18.9977,,32.16667,,
2019-06-05,52.41671,143.2069,66.82805,112.25395,222.1686,4.559375,18.9977,,32.16667,,
2019-06-06,52.41671,143.2069,66.82805,112.25395,222.1686,4.559375,18.9977,,32.16667,,
2019-06-07,52.41671,143.2069,66.82805,112.25395,222.1686,4.559375,18.9977,,32.16667,,
2019-06-08,52.41671,143.2069,66.82805,112.25395,222.1686,4.559375,18.9977,,32.16667,,
2019-06-09,52.41671,143.2069,66.82805,112.25395,222.1686,4.559375,18.9977,,32.16667,,
2019-06-10,52.41671,143.2069,66.82805,112.25395,222.1686,4.559375,18.9977,,32.14839,,
2019-06-11,52.41671,143.2069,66.82805,112.25395,222.1686,4.559375,18.9977,,32.14839,,
2019-06-12,52.85544,143.2069,66.82805,112.25395,222.1686,4.559375,18.9977,,32.14839,,
2019-06-13,52.85544,143.2069,66.82805,112.25395,222.1686,4.559375,18.9977,,32.14839,,
2019-06-14,52.84074,143.2069,66.82805,112.25395,222.1686,4.559375,18.9977,,30.7129,,
2019-06-15,52.84074,143.2069,66.82805,112.25395,222.1686,4.559375,18.9977,,30.7129,,
2019-06-16,52.84074,143.2069,66.82805,112.25395,222.1686,4.559375,18.9977,,30.7129,,
2019-06-17,52.84074,143.3214,66.82805,112.25395,222.1686,4.537121,18.9977,,30.58064,,
2019-06-18,52.47386,143.6786,66.82805,112.25395,222.1686,4.546094,18.9977,,30.56667,,
2019-06-19,52.71764,143.6786,66.82805,112.48651,222.1686,4.546094,18.80919,,30.56667,,
2019-06-20,52.71764,143.6786,66.82805,112.48651,222.1686,4.546094,18.61379,,30.56667,,
2019-06-21,52.71764,143.6786,66.77927000000001,112.48651,222.1686,4.526562999999999,18.61379,,30.56667,,
2019-06-22,52.71764,143.6786,66.77927000000001,112.48651,222.1686,4.526562999999999,18.61379,,30.56667,,
2019-06-23,52.71764,143.6786,66.77927000000001,112.48651,222.1686,4.526562999999999,18.61379,,30.56667,,
2019-06-24,52.71764,144.0357,66.77927000000001,112.48651,222.1686,4.526562999999999,18.41333,,30.56667,,
2019-06-25,52.71764,144.0357,66.77927000000001,112.48651,222.1686,4.528788,18.34667,,30.56667,,
2019-06-26,52.71764,144.0357,66.77927000000001,112.48651,221.1488,4.528788,18.34667,,30.56667,,
2019-06-27,52.71764,144.0357,66.77927000000001,112.48651,221.744,4.528788,18.25778,,30.56667,,
2019-06-28,52.71764,144.2143,66.77927000000001,112.48651,221.744,4.528788,18.25778,,30.56667,,
2019-06-29,52.71764,144.2143,66.77927000000001,112.48651,221.744,4.528788,18.25778,,30.56667,,
2019-06-30,52.71764,144.2143,66.77927000000001,112.48651,221.744,4.528788,18.25778,,30.56667,,
2019-07-01,52.71764,144.2143,66.77927000000001,112.48651,221.744,4.528788,18.25778,,30.65,,
2019-07-02,52.71764,144.2143,66.77927000000001,112.48651,221.744,4.528788,18.2,,30.65,,
2019-07-03,52.71764,144.2143,66.77927000000001,112.48651,221.744,4.528788,18.2,,30.65,,
2019-07-04,52.71764,144.2143,66.77927000000001,112.48651,221.744,4.528788,18.2,,30.65,,
2019-07-05,52.71764,144.2143,66.77927000000001,112.48651,221.744,4.524242,18.2,,30.65,,
2019-07-06,52.71764,144.2143,66.77927000000001,112.48651,221.744,4.524242,18.2,,30.65,,
2019-07-07,52.71764,144.2143,66.77927000000001,112.48651,221.744,4.524242,18.2,,30.65,,
2019-07-08,52.77319000000001,144.2143,66.77927000000001,112.48651,221.744,4.524242,18.2,,30.65,,
2019-07-09,52.77319000000001,144.2143,66.77927000000001,112.48651,221.744,4.524242,18.2,,30.65,,
2019-07-10,52.77319000000001,144.7586,66.77927000000001,112.48651,221.744,4.530882,18.2,,30.65,,
2019-07-11,52.77319000000001,146.8965,66.77927000000001,112.48651,221.744,4.539394,18.2,,30.65,,
2019-07-12,52.781,146.8965,66.77927000000001,112.48651,221.744,4.539394,18.22151,,30.77586,,
2019-07-13,52.781,146.8965,66.77927000000001,112.48651,221.744,4.539394,18.22151,,30.77586,,
2019-07-14,52.781,146.8965,66.77927000000001,112.48651,221.744,4.539394,18.22151,,30.77586,,
2019-07-15,52.781,147.2759,66.74878000000001,112.71907,221.9821,4.539394,18.22151,,30.77586,,
2019-07-16,52.89529,147.2759,66.74878000000001,112.71907,221.9821,4.539394,18.22151,,30.77586,,
2019-07-17,53.16208,147.7586,66.74878000000001,112.71907,221.9821,4.571874999999999,18.22151,,30.77586,,
2019-07-18,53.04528000000001,147.7586,66.74878000000001,112.71907,221.9821,4.571874999999999,18.22151,,30.77586,,
2019-07-19,53.04528000000001,153.5862,66.74878000000001,113.06791,222.3393,4.571874999999999,18.22151,,30.77586,,
2019-07-20,53.04528000000001,153.5862,66.74878000000001,113.06791,222.3393,4.571874999999999,18.22151,,30.77586,,
2019-07-21,53.04528000000001,153.5862,66.74878000000001,113.06791,222.3393,4.571874999999999,18.22151,,30.77586,,
2019-07-22,53.15957,154.2759,66.74878000000001,113.37905,222.22,4.571874999999999,18.22151,,30.77586,,
2019-07-23,53.33814,154.8621,66.74878000000001,113.37905,222.22,4.571874999999999,18.22151,,30.77586,,
2019-07-24,53.33814,154.8621,66.74878000000001,113.37905,222.22,4.571874999999999,18.22151,,30.77586,,
2019-07-25,53.33814,154.8621,66.605,113.37905,232.0774,4.571874999999999,17.78279,,30.77586,,
2019-07-26,53.40957,154.8621,69.9,114.03381,232.3155,4.571874999999999,17.78279,,30.77586,,
2019-07-27,53.40957,154.8621,69.9,114.03381,232.3155,4.571874999999999,17.78279,,30.77586,,
2019-07-28,53.40957,154.8621,69.9,114.03381,232.3155,4.571874999999999,17.78279,,30.77586,,
2019-07-29,53.40957,154.8621,69.96342,114.11442,232.3155,4.571874999999999,17.78279,,30.77586,,
2019-07-30,53.40957,154.8621,69.96342,114.11442,232.3155,4.571874999999999,17.78279,,30.77586,,
2019-07-31,55.42386,154.8621,70.02381000000001,114.11442,232.6105,4.571874999999999,17.78279,,30.77586,,
2019-08-01,55.42386,154.8621,70.02381000000001,114.11442,232.6105,4.571874999999999,17.78279,,30.77586,,
2019-08-02,55.56672,154.8621,70.14286,114.11442,232.6105,4.571874999999999,17.26444,,30.77586,,
2019-08-03,55.56672,154.8621,70.14286,114.11442,232.6105,4.571874999999999,17.26444,,30.77586,,
2019-08-04,55.56672,154.8621,70.14286,113.79878,232.6105,4.571874999999999,17.26444,,30.77586,,
2019-08-05,55.64529,154.8621,70.14286,113.79878,232.6105,4.571874999999999,17.26444,,30.77586,,
2019-08-06,55.43292,154.8621,70.14286,113.79878,232.6105,4.571874999999999,17.26444,,30.77586,,
2019-08-07,55.43292,154.8621,70.14286,113.79878,232.6105,4.571874999999999,17.26444,,30.84483,,
2019-08-08,55.43292,154.8621,70.18293,113.79878,232.6105,4.571874999999999,17.60558,,30.74074,,
2019-08-09,55.43292,154.8621,70.18293,113.79878,232.6105,4.564063,17.60558,,30.83333,,
2019-08-10,55.43292,154.8621,70.18293,113.79878,232.6105,4.564063,17.60558,,30.83333,,
2019-08-11,55.43292,154.8621,70.18293,113.79878,232.6105,4.564063,17.60558,,30.83333,,
2019-08-12,55.43292,154.8621,70.18293,113.79878,232.6105,4.564063,17.60558,,30.83333,,
2019-08-13,55.43292,154.8621,70.18293,113.79878,232.6105,4.564063,17.60558,,30.76786,,
2019-08-14,55.43292,154.8621,70.27439000000001,113.79878,232.6105,4.564063,17.60558,,30.76786,,
2019-08-15,55.43292,154.8621,70.27439000000001,113.79878,232.6105,4.564063,17.60558,,30.76786,,
2019-08-16,55.43292,154.8621,70.27439000000001,113.79878,232.6105,4.550781,17.60558,,30.94444,,
2019-08-17,55.43292,154.8621,70.27439000000001,113.79878,232.6105,4.550781,17.60558,,30.94444,,
2019-08-18,55.43292,154.8621,70.27439000000001,113.79878,232.6105,4.550781,17.60558,,30.94444,,
2019-08-19,55.43292,154.8621,70.27439000000001,113.79878,232.6105,4.568750000000001,17.64411,,30.91072,,
2019-08-20,55.48153000000001,154.8621,70.27439000000001,113.79878,232.6105,4.589394,17.88113,,30.91072,,
2019-08-21,55.48153000000001,154.8621,70.27439000000001,113.79878,232.5952,4.589394,17.88113,,30.91072,,
2019-08-22,55.48153000000001,154.8621,70.27439000000001,113.79878,232.5952,4.589394,17.88113,,30.91072,,
2019-08-23,55.62042,154.8621,70.27439000000001,113.79878,232.5952,4.589394,17.88113,,30.91072,,
2019-08-24,55.62042,154.8621,70.27439000000001,113.79878,232.5952,4.589394,17.88113,,30.91072,,
2019-08-25,55.57857000000001,154.8621,70.27439000000001,113.79878,232.5952,4.589394,17.88113,,30.91072,,
2019-08-26,55.57857000000001,154.8621,70.27439000000001,114.15285,232.5952,4.589394,17.88113,,30.91072,,
2019-08-27,55.71625,154.8621,70.27439000000001,114.15285,232.5952,4.589394,17.88113,,30.91072,,
2019-08-28,55.71625,155.0345,70.27439000000001,114.15285,232.5952,4.589394,17.88113,,30.91072,,
2019-08-29,55.71625,155.0345,70.27439000000001,114.15285,232.5952,4.589394,17.88113,,30.91072,,
2019-08-30,55.71625,155.0345,70.64019,114.56953,232.5952,4.589394,17.88113,,30.91072,,
2019-08-31,55.71625,155.0345,70.64019,114.56953,232.5952,4.589394,17.88113,,30.91072,,
2019-09-01,55.71625,155.0345,70.64019,114.56953,232.5952,4.589394,17.88113,,30.91072,,
2019-09-02,55.71625,155.0345,70.64019,114.56953,232.5952,4.589394,17.88113,,30.91072,,
2019-09-03,55.71625,155.0345,70.64019,114.56953,233.5952,4.589394,17.88113,,30.91072,,
2019-09-04,55.71625,155.0345,70.64019,114.56953,236.2326,4.589394,17.88113,,30.91072,,
2019-09-05,55.71625,155.0345,70.64019,114.56953,236.2326,4.589394,17.88113,,30.91072,,
2019-09-06,55.71625,155.3793,70.64019,114.56953,236.2326,4.589394,17.88113,,30.94444,,
2019-09-07,55.71625,155.3793,70.64019,114.56953,236.2326,4.589394,17.88113,,30.94444,,
2019-09-08,55.71625,155.3793,70.64019,114.56953,236.2326,4.589394,17.88113,,30.94444,,
2019-09-09,55.61208000000001,155.3793,70.64019,114.56953,236.2326,4.589394,17.88113,,30.98148,,
2019-09-10,55.82736000000001,155.3793,70.64019,114.56953,236.2326,4.589394,17.88113,,30.98148,,
2019-09-11,55.89680000000001,155.3793,70.64019,114.56953,236.2326,4.589394,17.88113,,30.98148,,
2019-09-12,55.80653,155.3793,70.64019,114.56953,236.2326,4.589394,17.88113,,30.98148,,
2019-09-13,55.80653,155.3793,70.64019,114.56953,236.2326,4.589394,17.88113,,32.22963,,
2019-09-14,55.80653,155.3793,70.64019,114.56953,236.2326,4.589394,17.88113,,32.22963,,
2019-09-15,55.80653,155.3793,70.64019,114.56953,236.2326,4.589394,17.88113,,32.22963,,
2019-09-16,55.80653,155.3793,70.64019,114.56953,236.2326,4.589394,17.88113,,32.22963,,
2019-09-17,55.80653,155.3929,70.64019,114.56953,236.2326,4.589394,17.88113,,32.22963,,
2019-09-18,55.80653,155.3929,70.64019,114.56953,236.2326,4.589394,17.88113,,32.22963,,
2019-09-19,55.87597,155.3929,70.68781,114.56953,236.2326,4.593939,17.88113,,32.22963,,
2019-09-20,55.87597,155.3929,70.77709,114.56953,236.2326,4.593939,17.88113,,32.22963,,
2019-09-21,55.87597,155.3929,70.77709,114.56953,236.2326,4.593939,17.88113,,32.22963,,
2019-09-22,55.87597,155.3929,70.77709,114.56953,236.2326,4.593939,17.88113,,32.18077,,
2019-09-23,56.23067,155.3929,70.77709,114.56953,236.2326,4.593939,17.88113,,32.18077,,
2019-09-24,56.23067,155.3929,70.77709,114.68857,236.2326,4.603788,18.0011,,32.088,,
2019-09-25,56.23067,155.3929,70.77709,114.68857,236.2326,4.628125,18.0011,,32.088,,
2019-09-26,56.23067,155.3929,70.77709,114.68857,235.8636,4.628125,18.0011,,32.18077,,
2019-09-27,56.37933,155.3929,70.77709,114.68857,235.8636,4.628125,18.0011,,32.18077,,
2019-09-28,56.37933,155.3929,70.77709,114.68857,235.8636,4.628125,18.0011,,32.18077,,
2019-09-29,56.37933,155.3929,70.77709,114.68857,235.8636,4.628125,18.0011,,32.18077,,
2019-09-30,56.37933,155.3929,70.77709,114.68857,235.8636,4.628125,18.0011,,32.18077,,
2019-10-01,56.37933,155.3929,70.9259,114.68857,235.8636,4.666666999999999,18.06356,,32.18077,,
2019-10-02,56.37933,155.3929,70.9259,114.68857,235.8636,4.666666999999999,17.92153,,32.18077,,
2019-10-03,56.37933,155.3929,70.9259,114.62905,235.8636,4.666666999999999,18.07447,,32.18077,,
2019-10-04,56.51446000000001,157.7857,70.9259,114.55048,235.8636,4.717423999999999,18.07447,,32.18077,,
2019-10-05,56.51446000000001,157.7857,70.9259,114.55048,235.8636,4.717423999999999,18.07447,,32.18077,,
2019-10-06,56.51446000000001,157.7857,70.9259,114.55048,235.8636,4.717423999999999,18.07447,,32.18077,,
2019-10-07,56.51446000000001,157.7857,70.9259,114.55048,235.8636,4.717423999999999,17.91077,,32.18077,,
2019-10-08,56.64959,157.7857,70.9259,114.583,235.75,4.717423999999999,17.91077,,32.18077,,
2019-10-09,56.86934,157.7857,70.9259,114.583,235.75,4.717423999999999,17.91077,,32.18077,,
2019-10-10,57.00092000000001,157.7857,70.9259,114.583,235.75,4.717423999999999,17.98113,,32.18077,,
2019-10-11,57.00092000000001,157.7857,70.93344,114.583,235.75,4.717423999999999,17.98113,,32.372,,
2019-10-12,57.00092000000001,157.7857,70.93344,114.583,235.75,4.717423999999999,17.97818,,32.372,,
2019-10-13,57.00092000000001,157.7857,71.11043000000001,114.583,235.75,4.717423999999999,17.97818,,32.372,,
2019-10-14,57.00092000000001,157.7857,71.11043000000001,114.52489,235.75,4.740151,17.97818,,32.372,,
2019-10-15,57.00092000000001,157.7857,71.11043000000001,114.61209,235.75,4.759091,17.97818,,32.372,,
2019-10-16,57.11276,157.7857,71.11043000000001,114.61209,235.75,4.759091,17.97818,,32.372,,
2019-10-17,57.11276,158.5357,71.11043000000001,114.61209,235.75,4.759091,17.946,,32.372,,
2019-10-18,57.44171000000001,158.5357,71.11043000000001,114.61209,235.75,4.759091,17.946,,32.372,,
2019-10-19,57.44171000000001,158.5357,71.11043000000001,114.61209,235.75,4.759091,17.946,,32.372,,
2019-10-20,57.44171000000001,158.5357,71.11043000000001,114.61209,235.75,4.759091,17.946,,32.372,,
2019-10-21,57.44171000000001,158.5357,71.22948000000001,114.49581,235.75,4.774242,17.91841,,32.372,,
2019-10-22,57.84961000000001,158.5357,71.46758000000001,114.5307,235.75,4.774242,17.91841,,32.372,,
2019-10-23,58.11276,158.5357,71.46758000000001,114.5307,235.75,4.800000000000001,17.91841,,32.372,,
2019-10-24,58.15224000000001,160.5862,71.49138,114.5307,235.75,4.800000000000001,18.99657,,32.372,,
2019-10-25,58.37269000000001,161.0345,71.49138,109.73711,236.5909,4.800000000000001,19.18222,,32.372,,
2019-10-26,58.37269000000001,161.0345,71.49138,109.73711,236.5909,4.800000000000001,19.18222,,32.372,,
2019-10-27,58.37269000000001,161.0345,71.49138,109.73711,236.5909,4.800000000000001,19.18222,,32.372,,
2019-10-28,58.43679,161.0345,71.49138,109.73711,236.5909,4.800000000000001,19.18222,,32.372,,
2019-10-29,58.43679,161.0345,72.852,109.73711,236.5909,4.800000000000001,19.16,,32.372,,
2019-10-30,58.43679,161.0345,72.852,109.73711,236.5909,4.800000000000001,19.16,,32.372,,
2019-10-31,61.43679,161.4828,72.852,109.73711,238.9545,4.800000000000001,19.20444,,32.372,,
2019-11-01,61.91756,161.4828,72.852,109.73711,238.5682,4.822727,19.20444,,32.372,,
2019-11-02,62.16539,161.4828,73.03896,109.73114,239.1163,4.822727,18.94713,,32.372,,
2019-11-03,62.16539,161.4828,73.03896,109.73114,239.1163,4.822727,18.94713,,32.372,,
2019-11-04,62.16539,161.4828,73.03896,109.73114,239.2723,4.908823,18.94713,,32.23333,,
2019-11-05,62.66539,161.4828,73.03896,109.73114,239.2723,4.908823,20.42444,,32.23333,,
2019-11-06,62.98167000000001,161.4828,73.05211,109.73114,239.2723,4.952205999999999,20.42444,,32.23333,,
2019-11-07,62.98167000000001,161.4828,73.05211,109.73114,239.2723,4.952205999999999,20.42444,,32.23333,,
2019-11-08,62.98167000000001,161.4828,73.17406000000001,109.73114,239.2723,5.088235,20.64667,,32.23333,,
2019-11-09,62.98167000000001,161.4828,73.17406000000001,109.73114,239.2554,5.088235,20.64667,,32.23333,,
2019-11-10,62.98167000000001,161.4828,73.24091,109.73114,239.2554,5.088235,20.64667,,32.23333,,
2019-11-11,63.25087000000001,161.4828,73.24091,109.73114,239.2554,5.088235,20.64667,,32.35556,,
2019-11-12,63.25087000000001,161.4828,73.24091,109.73114,239.2554,5.088235,20.64667,,32.35556,,
2019-11-13,63.16338,161.4828,73.24091,109.73114,239.2554,5.128676,20.64667,,32.35556,,
2019-11-14,63.50713,161.4828,73.24091,109.73114,239.2723,5.128676,20.98851,,32.35556,,
2019-11-15,63.58838000000001,161.4828,73.24091,109.73114,239.2723,5.697143,20.98851,,32.35556,,
2019-11-16,63.58838000000001,161.4828,73.24091,109.73114,239.2723,5.697143,20.98851,,32.35556,,
2019-11-17,63.58838000000001,161.4828,73.24091,109.73114,239.2723,5.697143,20.98851,,32.35556,,
2019-11-18,63.58838000000001,161.4828,73.24091,109.73114,239.2723,5.697143,20.98851,,32.35556,,
2019-11-19,63.58838000000001,161.4828,73.24091,109.73114,239.2723,5.697143,21.31573,,32.61111,,
2019-11-20,63.58838000000001,161.4828,73.24091,109.73114,239.2723,5.725714,21.31573,,32.61111,,
2019-11-21,63.58838000000001,161.4828,73.35089,109.73114,239.2723,5.725714,21.31573,,32.68518,,
2019-11-22,63.58838000000001,161.4828,73.35089,109.73114,239.2723,5.725714,21.42684,,32.68518,,
2019-11-23,63.58838000000001,161.4828,73.35089,109.73114,239.2723,5.725714,21.42684,,32.68518,,
2019-11-24,63.58838000000001,161.4828,73.35089,109.73114,239.2723,5.761765,21.42684,,32.68518,,
2019-11-25,63.58838000000001,161.4828,73.35089,108.90378,239.2723,5.792647,21.42684,,32.68518,,
2019-11-26,63.58838000000001,161.4828,73.5092,108.90378,239.2723,5.792647,21.42684,,32.68518,,
2019-11-27,63.58838000000001,161.4828,73.5092,108.90378,239.2723,5.792647,21.51743,,32.68518,,
2019-11-28,64.14833,161.4828,73.5092,108.90378,239.2723,5.792647,21.51743,,32.68518,,
2019-11-29,64.1868,161.4828,73.5092,108.90378,239.2723,5.792647,21.51743,,32.68518,,
2019-11-30,64.1868,161.4828,73.5092,108.90378,239.2723,5.792647,21.51743,,32.68518,,
2019-12-01,64.1868,161.4828,73.5092,108.90378,239.2723,5.792647,21.51743,,32.68518,,
2019-12-02,64.1868,161.4828,73.602,108.90378,237.7387,5.792647,21.63467,,32.68518,,
2019-12-03,64.1868,161.4828,73.602,108.90378,237.7387,5.792647,21.40685,,32.68518,,
2019-12-04,64.50731,161.7241,73.8648,108.90378,238.2822,5.792647,21.77719,,32.68518,,
2019-12-05,65.24615,161.7241,73.8648,108.90378,238.2822,5.792647,21.77719,,32.68518,,
2019-12-06,65.24615,161.7241,73.8648,108.90378,238.543,5.792647,21.77719,,32.77778,,
2019-12-07,65.24615,161.7241,73.8648,108.90378,238.543,5.792647,21.77719,,32.77778,,
2019-12-08,65.24615,161.7241,73.8648,108.90378,238.543,5.792647,21.77719,,32.77778,,
2019-12-09,65.40641000000001,161.7241,73.8648,108.90378,238.543,5.792647,22.00708,,32.96296,,
2019-12-10,65.59872,161.7241,73.8648,108.90378,238.543,5.792647,22.00708,,32.96296,,
2019-12-11,65.72692,162.069,73.8648,108.90378,238.543,5.792647,21.51283,,32.96296,,
2019-12-12,65.72692,162.069,73.8648,108.90378,238.543,5.816911999999999,21.51283,,33.10741,,
2019-12-13,65.72692,162.4138,73.8648,108.90378,238.543,5.820588,21.51283,,35.04286,,
2019-12-14,65.72692,162.4138,73.8648,108.90378,238.543,5.820588,21.51283,,35.04286,,
2019-12-15,65.72692,162.4138,73.8648,108.90378,238.543,5.820588,21.51283,,35.04286,,
2019-12-16,65.60106,163.4483,73.8648,108.90378,238.543,5.835293999999999,21.51283,,35.04286,,
2019-12-17,65.60106,163.4483,73.8648,108.90378,238.7604,5.835293999999999,21.51283,,35.16786,,
2019-12-18,66.28955,163.4483,73.8648,108.90378,238.7604,5.857353,21.67375,,35.16786,,
2019-12-19,66.3857,164.7586,73.8648,108.90378,238.7604,5.857353,21.67375,,35.46207,,
2019-12-20,66.54596000000001,164.7586,73.8648,108.90378,238.7604,5.857353,21.67375,,35.46207,,
2019-12-21,66.54596000000001,164.7586,73.8648,108.90378,238.7604,5.857353,21.67375,,35.46207,,
2019-12-22,66.54596000000001,164.7586,73.8648,108.90378,238.7604,5.857353,21.67375,,35.46207,,
2019-12-23,66.54596000000001,164.7586,73.8648,108.90378,238.7604,5.857353,21.67375,,35.46207,,
2019-12-24,66.54596000000001,164.7586,73.8648,108.90378,238.7604,5.857353,21.90363,,35.46207,,
2019-12-25,66.54596000000001,164.7586,73.8648,108.90378,238.7604,5.857353,21.90363,,35.46207,,
2019-12-26,66.54596000000001,164.7586,73.8648,108.90378,238.7604,5.857353,21.90363,,35.46207,,
2019-12-27,66.54596000000001,164.7586,73.8648,108.90378,240.0648,5.857353,21.94961,,35.46207,,
2019-12-28,66.54596000000001,164.7586,73.8648,108.90378,240.0648,5.857353,21.94961,,35.46207,,
2019-12-29,66.54596000000001,164.7586,73.8648,108.90378,240.0648,5.857353,21.94961,,35.46207,,
2019-12-30,66.54596000000001,164.7586,73.8648,108.90378,240.0648,5.883088,21.94961,,35.46207,,
2019-12-31,66.54596000000001,165.3667,73.8648,108.90378,240.0648,5.883088,22.27145,,35.46207,,
2020-01-01,66.54596000000001,165.3667,73.8648,108.90378,240.0648,5.883088,22.27145,,35.46207,,
2020-01-02,67.27744,165.3667,73.8648,108.90378,240.0648,5.883088,22.47834,,35.46207,,
2020-01-03,68.92217000000001,165.3667,74.10317,108.90378,240.0648,5.89853,22.61641,,35.51035,,
2020-01-04,68.92217000000001,165.3667,74.10317,108.90378,240.5107,5.89853,22.61641,,35.51035,,
2020-01-05,68.92217000000001,165.3667,74.10317,108.90378,240.5107,5.89853,22.61641,,35.51035,,
2020-01-06,68.92217000000001,165.3667,74.2776,108.90378,240.9551,5.89853,22.93825,,35.51035,,
2020-01-07,68.92217000000001,165.3667,74.452,109.03711,241.0662,5.89853,22.93825,,35.51035,,
2020-01-08,70.00112,168.1,74.5781,108.895,241.2604,5.89853,23.62791,,35.51035,,
2020-01-09,70.29717000000001,168.3333,74.77129000000001,108.895,241.2604,5.993182,23.62791,,35.51035,,
2020-01-10,70.79059000000001,169.1667,75.05537000000001,108.895,242.6735,6.080303,24.60952,,35.51035,,
2020-01-11,70.79059000000001,169.1667,75.05537000000001,108.895,242.6735,6.080303,24.60952,,35.51035,,
2020-01-12,70.79059000000001,169.1667,75.05537000000001,108.895,242.6735,6.080303,24.60952,,35.51035,,
2020-01-13,71.54717000000001,169.8333,75.2656,108.895,243.0421,6.080303,24.98883,,35.51035,,
2020-01-14,72.07349,170.0,75.54969000000001,109.07978,243.9996,6.099241999999999,25.00032,,35.51035,,
2020-01-15,72.07349,170.0,75.54969000000001,109.07978,243.9996,6.156060999999999,25.00032,,35.51035,,
2020-01-16,72.43533000000001,171.129,75.794,109.4113,244.3187,6.156060999999999,25.25319,,35.51035,,
2020-01-17,73.27086,173.129,75.794,109.4113,245.17,6.156060999999999,25.25319,,35.51035,,
2020-01-18,73.27086,173.129,75.794,109.4113,245.17,6.156060999999999,25.25319,,35.51035,,
2020-01-19,73.27086,173.129,75.794,109.4113,245.17,6.156060999999999,25.25319,,35.51035,,
2020-01-20,73.27086,173.7742,75.794,109.4113,245.17,6.156060999999999,25.25319,,35.52759,,
2020-01-21,73.27086,174.7097,76.17469000000001,109.59608,246.0208,6.156060999999999,25.667,,35.52759,,
2020-01-22,73.5998,175.7419,76.4281,109.59608,246.51,6.223437,26.067,,35.52759,,
2020-01-23,74.55375000000001,176.4333,76.4281,109.59608,246.5953,6.223437,26.067,,35.59655,,
2020-01-24,74.58006,176.4333,76.65537,109.81348,246.8081,6.223437,26.067,,35.59655,,
2020-01-25,74.58006,176.4333,76.65537,109.81348,246.8081,6.223437,26.067,,35.59655,,
2020-01-26,74.58006,176.4333,76.65537,109.81348,246.8081,6.223437,26.067,,35.59655,,
2020-01-27,74.90656000000001,176.4333,77.08151000000001,109.81348,247.1272,6.223437,26.067,,35.59655,,
2020-01-28,74.90656000000001,176.4333,77.08151000000001,110.11239,247.9783,6.223437,26.407,,35.59655,,
2020-01-29,80.66822,176.4333,77.22356,110.11239,248.2974,6.223437,26.65142,,35.59655,,
2020-01-30,80.66822,196.2333,77.33720000000001,110.11239,247.7292,6.223437,31.91807,,35.59655,,
2020-01-31,81.12875000000001,196.2333,77.33720000000001,119.52869,247.1972,6.223437,31.91807,,35.59655,,
2020-02-01,81.12875000000001,196.2333,77.33720000000001,119.52869,247.1972,6.223437,32.32903,,35.59655,,
2020-02-02,82.03764000000001,196.2333,77.33720000000001,120.17023,247.1972,6.223437,32.867,,35.59655,,
2020-02-03,82.44304000000001,196.2333,77.33720000000001,120.22318,247.1972,6.223437,32.867,,35.59655,,
2020-02-04,82.44304000000001,196.2333,80.26740000000001,120.45045,247.1972,6.223437,33.00257000000001,,35.59655,,
2020-02-05,82.97086,196.2333,80.26740000000001,120.45045,247.1972,6.223437,33.00257000000001,,35.59655,,
2020-02-06,82.97086,196.2333,80.26740000000001,120.45045,246.6653,6.303906,33.00257000000001,,35.59655,,
2020-02-07,82.97086,196.2333,80.26740000000001,120.45045,246.6653,6.382031,33.00257000000001,,35.59655,,
2020-02-08,82.97086,196.2333,80.26740000000001,120.45045,246.6653,6.382031,33.00257000000001,,35.59655,,
2020-02-09,82.97086,196.2333,80.26740000000001,120.45045,246.6653,6.382031,33.00257000000001,,35.59655,,
2020-02-10,82.97086,196.2333,80.26740000000001,120.45045,245.9206,6.467969,33.00257000000001,,35.59655,,
2020-02-11,82.97086,196.9667,80.0771,120.45045,245.8754,6.528124999999999,33.00257000000001,,35.59655,,
2020-02-12,82.97086,196.9667,80.28059,120.57933,248.6727,6.560156,33.00257000000001,,35.59655,,
2020-02-13,82.97086,196.9667,80.28059,120.57933,248.6727,6.560156,34.09241,,35.59655,,
2020-02-14,82.79322,196.9667,80.28059,120.57933,248.6727,7.655652,35.23466000000001,,35.59655,,
2020-02-15,82.79322,196.9667,80.28059,120.57933,248.6727,7.655652,35.23466000000001,,35.59655,,
2020-02-16,82.79322,196.9667,80.28059,120.57933,248.6727,7.655652,35.23466000000001,,35.59655,,
2020-02-17,82.79322,196.9667,80.4085,120.57933,248.6727,7.655652,35.25936,,35.59655,,
2020-02-18,82.69454,196.9667,80.4085,120.57933,248.6727,7.723834,35.60504,,35.59655,,
2020-02-19,82.69454,196.9667,80.4085,120.57933,248.6727,7.723834,35.60504,,35.59655,,
2020-02-20,82.69454,196.9667,80.4085,120.57933,248.6727,7.723834,35.60504,,35.59655,,
2020-02-21,82.68138,196.9667,80.4085,120.57933,248.6727,7.723834,36.09887000000001,,35.65,,
2020-02-22,82.68138,196.9667,80.4085,120.57933,248.6727,7.723834,36.09887000000001,,35.65,,
2020-02-23,82.68138,196.9667,80.4085,120.57933,248.6727,7.907629,36.09887000000001,,35.65,,
2020-02-24,82.68138,196.9667,80.51315000000001,120.57933,249.0282,7.889887,36.32109000000001,,35.6,,
2020-02-25,82.68138,196.9667,80.51315000000001,120.57933,249.0282,7.889887,36.32109000000001,,35.6,,19.0
2020-02-26,82.68138,196.9667,80.51315000000001,120.57933,249.0282,7.889887,36.32109000000001,,35.6,,19.0
2020-02-27,82.68138,196.9667,80.51315000000001,120.57933,248.606,7.889887,36.32109000000001,,35.43103,,19.0
2020-02-28,82.61263000000001,196.9667,80.51315000000001,120.57933,248.606,7.889887,36.32109000000001,,35.43103,,19.0
2020-02-29,82.61263000000001,196.9667,80.51315000000001,120.57933,248.606,7.889887,36.32109000000001,,35.43103,,19.0
2020-03-01,82.61263000000001,196.9667,80.51315000000001,120.57933,248.606,7.889887,36.32109000000001,,35.43103,,19.0
2020-03-02,82.61263000000001,196.9667,80.71664000000001,120.57933,249.0504,7.889887,38.23,,35.43103,,19.0
2020-03-03,82.837,196.9667,80.71664000000001,120.57933,249.0504,7.897233999999999,38.23,,35.34483,,19.0
2020-03-04,82.78981,196.9667,80.71664000000001,120.57933,249.0504,7.897233999999999,38.23,,35.34483,,19.0
2020-03-05,82.78981,196.9667,80.71664000000001,120.57933,249.0504,7.897233999999999,38.23,,35.34483,,19.0
2020-03-06,82.78981,196.9667,80.71664000000001,120.57933,249.0504,7.897233999999999,38.23,,35.34483,,19.0
2020-03-07,82.78981,196.9667,80.71664000000001,120.57933,249.0504,7.897233999999999,38.23,,35.34483,,19.0
2020-03-08,82.78981,196.9667,80.71664000000001,120.57933,249.0504,7.897233999999999,38.23,,35.34483,,19.0
2020-03-09,82.41481,196.8,80.56548000000001,120.63489,249.0504,7.897233999999999,38.23,,35.04827,,17.5
2020-03-10,82.41481,196.6667,80.56548000000001,120.63489,249.0504,7.897233999999999,38.23,,35.04827,,17.5
2020-03-11,82.22731,196.3333,80.56548000000001,120.63489,249.0504,7.897233999999999,38.23,,35.04827,,17.5
2020-03-12,82.92545000000001,196.3333,80.39106000000001,120.41267,248.4949,7.897233999999999,38.184,,35.04827,,15.666667
2020-03-13,82.20109000000001,196.3333,80.39106000000001,120.41267,248.4949,7.873015,37.83917,,30.51724,,15.666667
2020-03-14,82.20109000000001,196.3333,80.39106000000001,120.41267,248.4949,7.873015,37.83917,,30.51724,,15.666667
2020-03-15,82.20109000000001,196.3333,80.39106000000001,120.41267,248.4949,7.873015,37.83917,,30.51724,,15.666667
2020-03-16,81.88058000000001,195.6667,80.1585,120.41267,247.8282,7.873015,37.83917,,30.18966,,15.666667
2020-03-17,81.17545000000001,195.6667,79.93176000000001,120.41267,247.1616,7.873015,37.55182000000001,,30.18966,,15.666667
2020-03-18,80.887,194.9333,79.78641,121.18711,246.9393,7.805828,36.34492,,30.12069,,15.666667
2020-03-19,80.887,194.9333,79.72179000000001,121.04364,247.2107,7.774578,36.29894,,30.12069,,15.666667
2020-03-20,80.43827,194.9333,79.42656000000001,121.04364,246.0743,7.774578,35.35411000000001,,30.12069,,15.666667
2020-03-21,80.43827,194.9333,79.42656000000001,121.04364,246.0743,7.774578,35.35411000000001,,30.12069,,15.666667
2020-03-22,80.43827,194.9333,79.42656000000001,121.04364,246.0743,7.774578,35.35411000000001,,30.12069,,15.666667
2020-03-23,79.90622,194.9333,78.80156000000001,121.04364,243.5743,7.585631999999999,35.22538,,29.93448,,15.666667
2020-03-24,79.90622,193.7667,78.65275000000001,121.04364,241.6425,7.585631999999999,35.1794,,29.93448,,14.0
2020-03-25,80.28684000000001,192.3,77.93846,121.04364,238.938,7.548868,34.91963000000001,,29.93448,,14.0
2020-03-26,80.15527,192.3,77.75394,120.93,237.9152,7.548868,34.91733,,30.02069,,14.0
2020-03-27,79.85921,192.3,77.07537,121.15727,235.188,7.537838,34.43457,,29.72069,,13.75
2020-03-28,79.85921,192.3,77.07537,121.15727,235.188,7.537838,34.43457,,29.25,,13.75
2020-03-29,79.85921,192.3,77.07537,121.15727,235.188,7.537838,34.43457,,29.25,,13.75
2020-03-30,79.85921,191.9667,76.6349,121.10046,233.2561,7.545191,33.92883,,29.40357,,13.75
2020-03-31,79.85921,191.9667,76.6349,121.10046,233.2561,7.545191,33.95182,,29.40357,,13.75
2020-04-01,79.85921,189.4667,76.27775000000001,121.10046,232.347,7.574603,33.95182,,29.49286,,13.75
2020-04-02,79.66184000000001,188.9,76.03966000000001,121.10046,232.347,7.574603,33.95182,,29.49286,,13.75
2020-04-03,79.20132000000001,188.9,75.81942000000001,121.10046,229.6282,7.574603,33.65297,,29.49286,,13.75
2020-04-04,79.20132000000001,188.9,75.81942000000001,121.10046,229.6282,7.574603,33.65297,,29.49286,,13.75
2020-04-05,79.20132000000001,188.9,75.81942000000001,121.10046,229.6282,7.574603,33.65297,,29.49286,,13.75
2020-04-06,79.17973,188.9,75.42061000000001,121.27091,227.7393,7.574603,33.29554,,29.49286,,13.75
2020-04-07,79.34865,188.7333,75.42061000000001,121.27091,227.7393,7.529614,33.29554,,29.49286,,13.75
2020-04-08,78.74079,188.7333,75.51585,121.27091,225.9407,7.529614,33.29554,,29.49286,,14.25
2020-04-09,78.64211,188.7333,75.123,121.38454,224.6363,7.526043,32.7668,,29.49286,,14.25
2020-04-10,78.64211,188.8,75.123,121.38454,224.6363,7.526043,32.7668,,29.49286,,14.0
2020-04-11,78.64211,188.8,75.123,121.38454,224.6363,7.526043,32.7668,,29.49286,,14.0
2020-04-12,78.64211,188.8,75.123,121.38454,224.6363,7.526043,32.7668,,29.49286,,14.0
2020-04-13,78.64211,188.8,75.123,121.555,224.4189,7.541042999999999,33.96124,,29.56786,,14.0
2020-04-14,78.64211,188.8,74.79561000000001,121.8675,224.1363,7.541042999999999,33.96124,,29.56786,,14.0
2020-04-15,78.44474000000001,188.8,74.65275000000001,122.09591,221.745,7.573186,33.96124,,29.56786,,14.0
2020-04-16,78.33289,188.4667,74.2599,122.09591,220.9841,7.591043,33.96124,,29.56786,,14.0
2020-04-17,78.03684000000001,188.4,73.40648,122.5807,216.606,7.591043,33.96124,,29.56786,,14.0
2020-04-18,78.03684000000001,188.4,73.40648,122.5807,216.606,7.591043,33.96124,,29.56786,,14.0
2020-04-19,78.03684000000001,188.4,73.40648,122.5807,216.606,7.591043,33.96124,,29.56786,,14.0
2020-04-20,78.03684000000001,188.7333,73.21745,122.5807,214.8727,7.591043,33.96124,,29.56786,,14.0
2020-04-21,77.65527,188.7333,72.91257,123.59814,214.8727,7.591043,33.96124,,29.56786,,14.0
2020-04-22,77.65527,188.4,72.91257,123.947,215.2107,7.591043,33.92791,,29.56786,,14.0
2020-04-23,77.675,188.4,72.91257,124.61558,214.8727,7.591043,33.92791,,29.56786,,14.0
2020-04-24,77.44474000000001,189.2333,72.906,125.91674,215.5393,7.591043,33.92791,,29.56786,,14.0
2020-04-25,77.44474000000001,189.2333,72.906,125.91674,215.5393,7.591043,33.92791,,29.56786,,14.0
2020-04-26,77.44474000000001,189.2333,72.906,125.91674,215.5393,7.591043,33.92791,,29.56786,,14.0
2020-04-27,77.51053,188.9,73.08895000000001,126.46907,215.5393,7.591043,33.92791,,29.56786,,14.0
2020-04-28,77.51053,188.9,73.08895000000001,126.71977,216.3171,7.601043,33.92791,,29.56786,,14.0
2020-04-29,77.51053,188.9,75.59724,127.06068,216.3171,7.601043,33.92791,,29.56786,,14.0
2020-04-30,77.51053,195.9667,75.51188,127.28796,235.5838,7.601043,40.70611,,29.56786,,14.0
2020-05-01,77.95532,196.1333,75.59724,132.74,235.806,7.6189,40.92116,,29.56786,,14.0
2020-05-02,77.95532,196.1333,75.59724,132.74,235.806,7.6189,40.92116,,29.36667,,14.0
2020-05-03,77.95532,196.1333,75.59724,132.74,235.806,7.6189,40.92116,,29.36667,,14.0
2020-05-04,77.95532,196.1333,75.73383000000001,133.1704,235.806,7.6189,41.43729,,29.36667,,14.0
2020-05-05,78.10275,196.1333,75.73383000000001,133.5927,235.8473,7.6189,41.43729,,29.36667,,14.0
2020-05-06,78.10275,196.1333,75.73383000000001,133.5927,235.8473,7.656757,41.43729,,29.36667,,15.5
2020-05-07,78.10275,196.1333,75.73383000000001,133.5927,236.9585,7.656757,41.43729,,29.36667,,15.5
2020-05-08,77.691,196.1333,75.73383000000001,133.5927,236.9585,7.762471,41.43729,,29.36667,,15.5
2020-05-09,77.691,196.1333,75.73383000000001,133.5927,238.2984,7.762471,41.43729,,29.36667,,15.5
2020-05-10,77.691,196.1333,75.73383000000001,133.5927,238.2984,7.762471,41.69409,,29.36667,,15.5
2020-05-11,77.78967,196.1333,75.97773000000001,133.8261,238.2984,7.762471,41.69409,,29.36667,,15.5
2020-05-12,77.78967,196.1333,75.97773000000001,133.8261,238.2984,7.801043,41.69409,,29.36667,,15.5
2020-05-13,77.8784,196.1333,75.97773000000001,133.8261,238.2984,7.862125,41.69409,,29.36667,,15.5
2020-05-14,77.8784,196.1333,76.21554,133.8261,239.4348,7.962820000000001,41.69409,,29.36667,,15.5
2020-05-15,77.42783,196.2667,76.21554,133.8261,239.4348,8.091291,41.69409,,29.36667,,15.5
2020-05-16,77.42783,196.3103,76.21554,133.8261,239.4348,8.091291,41.69409,,29.36667,,15.5
2020-05-17,77.42783,196.3103,76.21554,133.8261,239.4348,8.091291,41.69409,,29.36667,,15.5
2020-05-18,77.42783,196.3103,76.21554,133.8261,239.4348,8.129486,41.65187,,29.36667,,15.5
2020-05-19,77.42783,196.3103,76.21554,133.8261,239.4348,8.129486,41.70942,,29.36667,,15.5
2020-05-20,77.52651,196.3103,76.21554,133.8261,239.7757,8.196933,41.70942,,29.36667,,15.5
2020-05-21,77.54625,196.7586,76.21554,133.8261,239.7757,8.196933,41.70942,,29.36667,,15.5
2020-05-22,77.54625,197.5333,76.21554,133.8261,239.7757,9.426669,41.70942,,29.36667,,15.5
2020-05-23,77.54625,197.5333,76.21554,133.8261,239.5379,9.426669,41.70942,,29.36667,,15.5
2020-05-24,77.54625,197.5333,76.21554,133.8261,239.5379,9.426669,41.70942,,29.36667,,15.5
2020-05-25,77.54625,197.5333,76.21554,133.8261,239.5379,9.426669,40.55105,,29.36667,,16.0
2020-05-26,77.77651,197.5333,76.21554,133.8261,240.2356,9.426669,40.98116,,29.36667,,16.0
2020-05-27,78.00677,197.8667,75.98342000000001,133.8817,240.2356,9.426669,41.59633,,29.36667,,16.0
2020-05-28,78.11862,197.8667,75.98342000000001,133.8817,240.2356,9.468561,41.59633,,29.36667,,16.0
2020-05-29,78.11862,197.8667,75.98342000000001,134.1039,240.2356,9.468561,41.59633,,29.36667,,16.0
2020-05-30,78.11862,197.8667,75.98342000000001,134.1039,240.2356,9.468561,41.59633,,29.36667,,16.0
2020-05-31,78.11862,197.8667,75.98342000000001,134.1039,240.2356,9.468561,41.59633,,29.36667,,16.0
2020-06-01,78.11862,199.3667,75.98342000000001,134.1039,240.2356,9.468561,41.59633,,29.51481,,16.0
2020-06-02,78.11862,199.3667,75.98342000000001,134.1039,240.2356,9.498994,41.59633,,29.51481,,16.0
2020-06-03,78.3752,199.3667,75.98342000000001,134.1039,240.2356,9.498994,41.59633,,29.68148,,16.0
2020-06-04,78.60546000000001,199.5333,75.98342000000001,134.1039,240.2356,9.498994,41.59633,,29.68148,,16.0
2020-06-05,78.60546000000001,199.5333,75.98342000000001,134.9928,240.2356,9.498994,41.59633,,33.78929,,16.0
2020-06-06,78.60546000000001,199.5333,75.98342000000001,134.9928,240.4555,9.498994,41.59633,,33.78929,,16.0
2020-06-07,78.60546000000001,199.5333,75.98342000000001,134.9928,240.4555,9.498994,41.59633,,33.78929,,16.0
2020-06-08,78.83572000000001,200.2,75.98342000000001,135.2983,241.17,9.498994,43.98383,,34.27143,,16.0
2020-06-09,79.29625,200.2,75.98342000000001,136.0761,241.17,9.498994,43.98383,,34.27143,,16.0
2020-06-10,79.75677,201.3667,76.22092,136.0761,241.765,9.498994,44.4005,,34.27143,,16.5
2020-06-11,80.08572000000001,201.3667,76.22092,136.0761,241.765,9.518730000000001,44.4005,,34.46896,,16.5
2020-06-12,79.9948,201.3667,76.22092,136.0761,243.265,9.518730000000001,44.338,,34.46896,,16.5
2020-06-13,79.9948,201.3667,76.22092,136.0761,243.265,9.518730000000001,44.338,,34.46896,,16.5
2020-06-14,79.9948,201.3667,76.22092,136.0761,243.265,9.518730000000001,44.338,,34.46896,,16.5
2020-06-15,80.60291000000001,202.0333,76.22092,136.0761,243.265,9.518730000000001,44.338,,34.46896,,16.5
2020-06-16,81.284,202.3736,76.22092,137.2712,243.265,9.536493,45.48383,,34.46896,,16.5
2020-06-17,81.75696,202.3736,76.44724000000001,137.2712,243.265,9.536493,45.48383,,34.46896,,16.5
2020-06-18,82.10831,202.3736,76.44724000000001,137.2712,243.265,9.536493,45.55675,,34.55517,,16.5
2020-06-19,82.61507,202.3736,76.44724000000001,137.2712,243.265,9.536493,45.55675,,34.62414,,16.5
2020-06-20,82.61507,202.3736,76.44724000000001,137.2712,243.265,9.536493,45.55675,,34.62414,,16.5
2020-06-21,82.61507,202.3736,76.44724000000001,137.2712,243.265,9.536493,45.55675,,34.62414,,16.5
2020-06-22,84.74345000000001,202.3736,76.44724000000001,137.2712,243.265,9.536493,46.41925000000001,,34.62414,,16.5
2020-06-23,85.08128,203.7284,76.87408,137.5973,243.6221,9.539125,46.41925000000001,,34.62414,,16.5
2020-06-24,85.33804,203.7284,77.057,137.5973,243.7705,9.558862,46.52342,,34.62414,,16.5
2020-06-25,85.33804,204.6961,77.057,138.9919,243.7705,9.591757,46.52342,,34.84827,,16.5
2020-06-26,85.33804,204.6961,77.057,138.9919,243.7705,9.591757,47.088,,34.84827,,16.5
2020-06-27,85.33804,204.6961,77.057,138.9919,243.7705,9.591757,47.088,,34.84827,,16.5
2020-06-28,85.33804,204.6961,77.057,138.9919,243.7705,9.591757,47.088,,34.84827,,16.5
2020-06-29,85.33804,205.18,77.057,139.5897,243.7705,9.591757,47.3145,,34.84827,,16.5
2020-06-30,85.33804,205.18,77.23993,140.1875,244.3519,9.591757,48.66933,,34.84827,,16.5
2020-07-01,85.37183,205.18,77.23993,140.1875,244.3519,9.591757,48.66933,,34.84827,,16.5
2020-07-02,85.37183,205.18,77.23993,140.1875,244.3519,9.591757,48.92740000000001,,34.84827,,16.5
2020-07-03,85.37183,205.18,77.23993,140.1875,244.3519,9.591757,50.1102,,34.97241,,16.5
2020-07-04,85.37183,205.18,77.23993,140.1875,244.3519,9.591757,50.41387,,34.97241,,16.5
2020-07-05,85.37183,205.18,77.23993,140.1875,244.3519,9.591757,50.41387,,34.97241,,16.5
2020-07-06,85.77723,205.18,77.23993,140.7853,244.3519,9.591757,51.725,,34.97241,,16.5
2020-07-07,86.0475,205.18,77.23993,140.7853,244.3519,9.618072999999999,52.70275,,34.97241,,16.5
2020-07-08,86.0475,206.4703,77.23993,140.7853,244.3519,9.668073,52.70275,,34.97241,,16.5
2020-07-09,86.58304000000001,207.5026,77.67092000000001,142.7419,245.2821,9.733862,52.70275,,34.97241,,16.5
2020-07-10,86.75196000000001,209.586,78.47092,144.894,246.4449,9.832545999999999,55.80482000000001,,34.97241,,16.5
2020-07-11,86.75196000000001,209.586,78.47092,144.894,246.4449,9.832545999999999,55.80482000000001,,34.97241,,16.5
2020-07-12,86.75196000000001,209.586,78.47092,144.894,246.4449,9.832545999999999,55.80482000000001,,34.97241,,16.5
2020-07-13,87.97424000000001,210.9193,78.55992,144.894,246.1221,9.922615,56.63493,,34.97241,,16.75
2020-07-14,88.877,213.686,78.80992,144.894,249.2174,9.922615,56.63493,,34.97241,,16.75
2020-07-15,90.25896,214.9193,79.80992,145.6549,250.4079,9.922615,58.96605,,34.97241,,16.75
2020-07-16,90.25896,214.9193,79.80992,146.3614,250.4079,10.1288,59.59716,,34.97241,,16.75
2020-07-17,90.94493000000001,220.1579,80.13043,148.8886,253.3934,10.1288,59.59716,,34.97241,,16.75
2020-07-18,90.94493000000001,220.1579,80.13043,148.8886,253.3934,10.1288,59.59716,,34.97241,,16.75
2020-07-19,90.94493000000001,220.1579,80.13043,148.8886,253.3934,10.1288,59.59716,,34.97241,,16.75
2020-07-20,90.94493000000001,220.4338,80.45095,148.8886,255.6129,10.1288,58.20395000000001,,34.97241,,16.75
2020-07-21,91.20207,220.951,80.45095,149.7581,255.6129,10.170465,58.20395000000001,,34.97241,,16.75
2020-07-22,90.85618000000001,220.951,80.45095,150.394,255.6129,10.170465,58.89361,,34.97241,,16.75
2020-07-23,90.99507000000001,229.9789,80.45095,152.0679,255.6129,10.170465,78.0466,,34.97241,,16.75
2020-07-24,91.41174000000001,231.2289,81.28428000000001,154.3831,257.5641,10.170465,78.0466,,34.97241,,16.75
2020-07-25,91.41174000000001,231.2289,81.28428000000001,154.3831,257.5641,10.170465,78.0466,,34.97241,,16.75
2020-07-26,91.41174000000001,231.2289,81.28428000000001,154.3831,257.5641,10.170465,78.0466,,34.97241,,16.75
2020-07-27,91.41174000000001,231.2289,81.41249,154.3831,257.808,10.170465,78.0466,,34.97241,,16.75
2020-07-28,91.72424000000001,231.2289,81.66890000000001,154.3831,257.808,10.170465,78.0466,,34.97241,,16.75
2020-07-29,91.72424000000001,231.2289,81.66890000000001,155.0897,257.808,10.170465,78.73549000000001,,34.97241,,16.75
2020-07-30,91.72424000000001,231.2289,81.66890000000001,155.0897,257.808,10.170465,78.73549000000001,,34.97241,,16.75
2020-07-31,102.14646,231.2289,85.99582000000001,176.8636,276.3984,10.170465,78.95771,,34.97241,,16.75
2020-08-01,102.14646,231.2289,85.99582000000001,176.8636,276.3984,10.170465,78.95771,,34.97241,,16.75
2020-08-02,102.14646,231.2289,85.99582000000001,176.8636,276.3984,10.170465,78.95771,,34.97241,,16.75
2020-08-03,102.44111,231.2289,86.33522,176.8636,276.5146,10.170465,78.95771,,34.97241,,16.75
2020-08-04,103.69111,231.2289,86.33522,177.8092,276.5146,10.170465,79.29105000000001,,34.97241,,16.75
2020-08-05,104.67243,231.2289,86.33522,180.1113,279.1891,10.170465,79.29105000000001,,34.97241,,18.5
2020-08-06,104.67243,231.2289,86.33522,181.0582,279.1891,10.170465,79.29105000000001,,34.97241,,18.5
2020-08-07,105.43763,231.2289,86.67683000000001,182.0304,279.8867,10.170465,79.29105000000001,,34.97241,,18.5
2020-08-08,105.43763,231.2289,86.67683000000001,182.0304,279.8867,10.170465,79.29105000000001,,34.97241,,18.5
2020-08-09,106.96683,231.2289,86.67683000000001,183.2697,279.8867,10.170465,79.29105000000001,,34.97241,,18.5
2020-08-10,106.96683,231.2289,86.67683000000001,183.2697,279.8867,10.212132,79.29105000000001,,34.97241,,18.5
2020-08-11,107.10196,231.2289,86.85184000000001,183.2697,280.5844,10.212132,79.29105000000001,,34.97241,,18.5
2020-08-12,106.96683,231.2289,86.85184000000001,183.2697,280.5844,10.36491,79.33549000000001,,34.97241,,18.5
2020-08-13,106.96683,231.2289,86.85184000000001,183.2697,281.7472,10.482965,80.02438000000001,,34.97241,,18.5
2020-08-14,106.96683,231.2289,86.85184000000001,183.2697,281.7472,10.767688,82.35771000000001,,34.97241,,18.5
2020-08-15,106.96683,231.2289,86.85184000000001,183.2697,281.7472,10.767688,82.35771000000001,,34.97241,,18.5
2020-08-16,106.96683,231.2289,86.85184000000001,183.2697,281.7472,10.767688,82.35771000000001,,34.97241,,18.5
2020-08-17,106.96683,231.2289,86.85184000000001,183.2697,281.7472,10.767688,82.35771000000001,,34.97241,,18.5
2020-08-18,106.96683,231.2289,86.85184000000001,183.2697,281.7472,10.767688,82.35771000000001,,34.97241,,18.5
2020-08-19,106.96683,231.2289,86.85184000000001,183.2697,281.7472,10.767688,82.35771000000001,,34.97241,,21.0
2020-08-20,106.96683,231.2289,86.85184000000001,183.2697,281.7472,12.688203,82.35771000000001,,34.97241,,20.8
2020-08-21,107.97358,231.2289,86.85184000000001,183.2697,282.91,12.797597,85.92467,,34.97241,,20.8
2020-08-22,107.97358,231.2289,86.85184000000001,183.2697,282.91,12.797597,85.92467,,34.97241,,20.8
2020-08-23,107.97358,231.2289,86.85184000000001,183.2697,282.91,12.797597,85.92467,,34.97241,,20.8
2020-08-24,107.97358,231.2289,87.31434,183.2697,284.9565,13.040653,85.92467,,34.97241,,20.8
2020-08-25,108.5479,231.2289,87.31434,183.2697,284.9565,13.148986,85.92467,,34.97241,,20.8
2020-08-26,108.5479,231.2289,87.31434,183.2697,284.9565,13.148986,85.92467,,34.97241,,20.8
2020-08-27,108.5479,231.2289,87.92059,183.2697,284.9565,13.148986,85.92467,,34.97241,,20.8
2020-08-28,109.63574,231.7646,87.92059,183.2697,284.9565,13.148986,88.47736,,35.14483000000001,,20.8
2020-08-29,109.63574,231.7646,87.92059,183.2697,284.9565,13.148986,88.47736,,35.14483000000001,,20.8
2020-08-30,109.63574,231.7646,87.92059,183.2697,284.9565,13.148986,88.47736,,35.14483000000001,,20.8
2020-08-31,111.906,231.7646,87.92059,183.2697,285.2984,13.148986,89.77843000000001,,35.59311,,20.8
2020-09-01,113.62223,232.6575,87.92059,183.2697,285.2984,13.601069,95.32285,,35.8,,20.8
2020-09-02,113.62223,232.6575,88.07059000000001,183.2697,286.3211,13.601069,97.502,,35.8,,20.8
2020-09-03,113.62223,233.1263,88.07059000000001,183.2697,286.3211,13.601069,97.502,,35.8,,20.83333
2020-09-04,114.94656,233.1263,88.07059000000001,183.2697,286.3211,13.601069,98.54785000000001,,39.95862,,20.83333
2020-09-05,114.94656,233.1263,88.07059000000001,183.2697,286.3211,13.601069,98.54785000000001,,39.95862,,20.83333
2020-09-06,114.94656,233.1263,88.07059000000001,183.2697,286.3211,13.601069,98.54785000000001,,39.95862,,20.83333
2020-09-07,114.98709,233.1263,88.07059000000001,183.2697,286.3211,13.601069,98.54785000000001,,39.95862,,20.83333
2020-09-08,114.98709,233.1263,88.07059000000001,183.2697,286.3211,13.601069,98.70410000000001,,39.95862,,20.83333
2020-09-09,115.6425,233.6819,88.07059000000001,183.2697,286.3211,13.601069,98.70410000000001,,40.13103,,20.83333
2020-09-10,115.6425,233.6819,88.07059000000001,183.2697,286.3211,13.61843,100.42285,,40.13103,,20.83333
2020-09-11,116.18304,233.6819,88.30667000000001,183.2697,287.2918,13.759955,100.42285,,40.13103,,21.14286
2020-09-12,116.18304,233.6819,88.30667000000001,183.2697,287.2918,13.759955,100.42285,,40.13103,,21.14286
2020-09-13,116.18304,233.6819,88.30667000000001,183.2697,287.2918,13.759955,100.42285,,40.13103,,21.14286
2020-09-14,116.6425,233.6819,88.30667000000001,183.2697,287.2918,13.848191,100.42285,,40.13103,,21.14286
2020-09-15,117.38574,233.6819,88.30667000000001,183.2697,287.2918,13.848191,102.71452,,40.13103,,21.14286
2020-09-16,117.8925,233.6819,88.30667000000001,184.5879,287.2918,13.848191,104.06869,,40.13103,,21.14286
2020-09-17,118.02763,233.6819,88.30667000000001,184.5879,287.514,13.848191,104.06869,,40.13103,,21.14286
2020-09-18,118.36547,233.6819,88.30667000000001,184.5879,287.514,13.848191,104.06869,,40.13103,,21.14286
2020-09-19,118.36547,233.6819,88.30667000000001,184.5879,287.514,13.848191,104.06869,,40.13103,,21.14286
2020-09-20,118.36547,233.6819,88.30667000000001,184.5879,287.514,13.848191,104.06869,,40.13103,,21.14286
2020-09-21,118.63574,233.6819,88.30667000000001,184.5879,288.1807,13.848191,104.06869,,40.13103,,21.14286
2020-09-22,118.879,233.6819,88.30667000000001,184.5879,288.1807,13.848191,108.26115,,40.2,,21.14286
2020-09-23,119.92423,233.6819,88.30667000000001,184.7749,288.1807,13.848191,110.20906,,40.2,,21.14286
2020-09-24,119.92423,233.6819,88.35545,184.7749,288.1807,13.848191,110.20906,,40.2,,21.125
2020-09-25,119.92423,233.6819,88.58308000000001,184.7749,288.9584,13.848191,110.67781,,40.2,,21.125
2020-09-26,119.92423,233.6819,88.58308000000001,184.7749,288.9584,13.848191,110.67781,,40.2,,21.125
2020-09-27,119.92423,233.6819,88.58308000000001,184.7749,288.9584,13.848191,110.67781,,40.2,,21.125
2020-09-28,119.92423,233.6819,88.83308000000001,184.7749,289.6251,13.848191,110.67781,,40.2,,21.125
2020-09-29,119.92423,233.6819,88.83308000000001,184.7749,289.6251,13.848191,110.52156,,40.2,,21.125
2020-09-30,119.92423,233.6819,88.83308000000001,186.4471,293.48,13.903338,110.52156,,40.2,,21.125
2020-10-01,119.92423,233.6819,88.83308000000001,186.4471,293.48,13.903338,110.52156,,40.2,,21.125
2020-10-02,119.92423,233.6819,88.83308000000001,186.4471,293.48,14.002603,111.0424,,40.2,,21.125
2020-10-03,119.92423,233.6819,88.83308000000001,186.4471,293.48,14.002603,111.0424,,40.2,,21.125
2020-10-04,119.92423,233.6819,88.83308000000001,186.4471,293.48,14.002603,111.0424,,40.2,,21.125
2020-10-05,119.92423,233.6819,88.83308000000001,186.4471,293.48,14.091814,111.0424,,40.2,,21.125
2020-10-06,119.92423,233.6819,88.83308000000001,186.586,294.1848,14.091814,112.89656,,40.25172000000001,,21.125
2020-10-07,119.92423,233.6819,88.88309000000001,186.9193,294.8666,14.120386,113.11531,,40.25172000000001,,21.125
2020-10-08,119.92423,233.6819,88.88309000000001,186.9193,294.8666,14.120386,113.11531,,40.25172000000001,,21.125
2020-10-09,120.52222,234.4004,88.93934,186.9193,295.3211,14.172528,113.11531,,40.25172000000001,,21.125
2020-10-10,120.52222,234.4004,88.93934,186.9193,295.3211,14.172528,113.11531,,40.25172000000001,,21.125
2020-10-11,120.52222,234.4004,88.93934,186.9193,295.3211,14.172528,113.11531,,40.25172000000001,,21.125
2020-10-12,120.52222,234.4004,88.93934,186.9193,295.3211,14.172528,113.18823,,40.25172000000001,,21.125
2020-10-13,120.96667,234.8235,88.93934,186.9193,295.3211,14.172528,113.70906,,40.25172000000001,,21.125
2020-10-14,121.13333,235.4004,88.93934,186.9193,295.3211,14.172528,114.64656,,40.25172000000001,,21.125
2020-10-15,121.13333,235.4004,88.93934,186.9193,295.662,14.172528,115.282,,40.25172000000001,,21.125
2020-10-16,121.13333,236.1696,88.93934,186.9193,295.662,14.172528,115.5424,,40.37241,,21.25
2020-10-17,121.13333,236.1696,88.93934,186.9193,295.662,14.172528,115.5424,,40.37241,,21.25
2020-10-18,121.13333,236.1696,88.93934,186.9193,295.662,14.172528,115.5424,,40.37241,,21.25
2020-10-19,121.13333,237.1311,89.08716000000001,186.9193,296.503,14.172528,115.5424,,40.37241,,21.25
2020-10-20,121.13333,237.1311,89.08716000000001,186.9193,296.503,14.172528,115.5424,,40.37241,,21.25
2020-10-21,121.27222,237.1311,89.08716000000001,186.9193,296.503,14.172528,115.5424,,40.37241,,21.25
2020-10-22,121.27222,237.7081,89.14813000000001,187.1415,297.6393,14.172528,122.22495,12.0,40.37241,,21.25
2020-10-23,122.45277,238.0927,89.20911000000001,187.258,299.912,14.172528,122.22495,11.0,40.37241,,21.25
2020-10-24,122.45277,238.0927,89.20911000000001,187.258,299.912,14.172528,122.22495,11.0,40.37241,,21.25
2020-10-25,122.45277,238.0927,89.20911000000001,187.258,299.912,14.172528,122.22495,11.0,40.37241,,21.25
2020-10-26,122.45277,238.0927,89.20911000000001,187.28,299.912,14.172528,124.39667,11.333333,40.37241,,21.25
2020-10-27,122.45277,238.0927,89.20911000000001,187.28,300.253,14.172528,125.82091,11.333333,40.37241,,21.25
2020-10-28,122.45277,243.6027,89.20911000000001,187.28,300.253,14.172528,125.82091,11.333333,40.37241,,21.25
2020-10-29,121.14594,243.795,89.39204000000001,187.28,300.7075,14.172528,125.82091,11.333333,40.37241,,21.25
2020-10-30,123.56555,242.9137,94.59325000000001,190.4482,318.753,14.172528,125.82091,11.333333,40.37241,,21.25
2020-10-31,123.56555,242.9137,94.59325000000001,190.4482,318.753,14.172528,125.82091,11.333333,40.37241,,21.25
2020-11-01,123.56555,242.9137,94.59325000000001,190.4482,318.753,14.172528,125.82091,11.333333,40.37241,,21.25
2020-11-02,123.56555,242.9137,95.30058000000001,191.1982,319.0257,14.172528,125.82091,11.333333,40.37241,,21.25
2020-11-03,123.66972,243.5239,95.30058000000001,191.1982,319.253,14.172528,125.82091,11.333333,40.37241,,21.25
2020-11-04,123.66972,243.5239,95.30058000000001,191.5243,319.253,14.172528,125.82091,11.333333,40.37241,,22.375
2020-11-05,124.01694,243.5239,95.30058000000001,191.5243,319.253,14.172528,125.82091,11.333333,40.37241,,22.375
2020-11-06,124.01694,243.5239,95.30058000000001,191.5243,319.253,14.172528,125.82091,11.333333,40.37241,,22.375
2020-11-07,124.01694,243.5239,95.30058000000001,191.5243,319.253,14.172528,125.82091,11.333333,40.37241,,22.375
2020-11-08,124.01694,243.5239,95.55809,191.5243,320.3488,14.172528,125.82091,11.333333,40.37241,,22.375
2020-11-09,124.01694,243.5239,95.55809,191.5243,320.3488,14.172528,125.51788,11.333333,40.37241,,22.375
2020-11-10,124.01694,243.5239,95.55809,191.5243,320.903,14.172528,125.51788,11.333333,40.37241,,22.375
2020-11-11,124.01694,243.5239,95.55385000000001,191.5243,323.8309,14.208242,126.23794,11.333333,40.37241,,22.22222
2020-11-12,124.01694,243.5239,95.55385000000001,191.5243,323.8309,14.243958,126.23794,11.333333,40.37241,,22.66667
2020-11-13,124.63811,243.5239,95.55385000000001,191.5243,323.8309,14.243958,126.23794,14.0,40.37241,,22.66667
2020-11-14,124.63811,244.21,95.55385000000001,191.5243,323.8309,14.243958,126.23794,14.0,40.37241,,22.66667
2020-11-15,125.3225,244.21,95.43684,191.5243,323.8309,14.243958,126.23794,14.0,40.37241,,22.66667
2020-11-16,125.3225,244.21,95.43684,191.5243,323.8309,14.243958,126.23794,14.0,40.37241,,22.66667
2020-11-17,125.3225,244.21,95.43684,191.5243,323.8309,14.243958,126.48304,14.0,40.37241,,22.66667
2020-11-18,125.3225,244.21,95.77237000000001,191.5243,324.6449,14.243958,128.2477,14.0,40.37241,,22.66667
2020-11-19,125.3225,244.21,95.77237000000001,191.5243,324.6449,14.547528,128.2477,14.0,40.37241,,23.0
2020-11-20,125.3225,244.4168,95.77237000000001,191.5243,324.6449,14.547528,128.836,14.0,40.37241,,22.9
2020-11-21,125.3225,244.4168,95.77237000000001,191.5243,324.6449,14.547528,128.836,14.0,40.37241,,22.9
2020-11-22,125.3225,244.4168,95.77237000000001,191.5243,324.6449,14.547528,128.836,14.0,40.37241,,22.9
2020-11-23,125.91,244.4168,95.77237000000001,191.5243,324.6449,14.597528,128.836,14.0,40.37241,,22.9
2020-11-24,125.91,244.4168,95.77237000000001,191.5243,324.6449,14.597528,128.836,14.0,40.37241,,22.9
2020-11-25,126.02054,243.9197,96.26538000000001,191.5243,324.6449,14.567041,128.836,14.0,40.37241,,22.9
2020-11-26,126.02054,243.9197,96.26538000000001,191.5243,324.6449,14.567041,128.836,14.0,40.37241,,22.9
2020-11-27,126.58811,243.9197,96.26538000000001,191.5243,326.2728,14.587875,128.836,14.0,40.37241,,22.9
2020-11-28,126.58811,243.9197,96.26538000000001,191.5243,326.2728,14.756429,132.134,14.0,40.37241,,22.9
2020-11-29,126.58811,243.9197,96.26538000000001,191.5243,326.2728,14.756429,132.134,14.0,40.37241,,22.9
2020-11-30,126.58811,243.9197,96.26538000000001,191.5243,326.2728,14.756429,132.134,14.0,40.37241,,22.9
2020-12-01,126.58811,243.9197,96.4577,191.5243,326.7379,14.756429,135.4169,14.0,40.37241,,22.9
2020-12-02,126.58811,243.9197,96.4577,191.5243,326.7379,14.756429,135.4169,14.333333,40.63103,,22.9
2020-12-03,126.58811,243.9197,96.4577,191.5243,326.7379,14.756429,135.4169,14.333333,40.80345000000001,,22.9
2020-12-04,126.58811,243.9197,96.4577,191.5243,326.7379,14.756429,135.4169,14.333333,40.97586,,22.9
2020-12-05,126.58811,243.9197,96.48947000000001,191.5243,326.7379,14.756429,135.4169,14.333333,40.97586,,22.9
2020-12-06,126.58811,243.9197,96.48947000000001,191.5243,326.7379,14.756429,135.4169,14.333333,40.97586,,22.9
2020-12-07,126.85838,243.9197,96.48947000000001,191.5243,327.3193,14.756429,135.4169,14.333333,41.06207000000001,,23.1
2020-12-08,126.85838,243.9197,96.48947000000001,191.5243,327.3193,14.756429,135.5179,14.333333,41.71724,,23.1
2020-12-09,126.85838,244.4557,96.48947000000001,191.5243,327.3193,14.756429,137.033,14.333333,42.06207000000001,,23.1
2020-12-10,126.85838,244.4557,96.48947000000001,191.5243,327.3193,14.756429,137.033,14.333333,42.06207000000001,,23.3
2020-12-11,126.85838,244.2645,96.84872000000001,191.7417,324.5393,14.81,137.7085,14.333333,45.77242,,23.7
2020-12-12,126.85838,244.2645,96.84872000000001,191.7417,324.5393,14.81,137.7085,14.333333,45.77242,,23.7
2020-12-13,126.85838,244.2645,96.84872000000001,191.7417,324.5393,14.81,137.7085,14.333333,45.77242,,23.7
2020-12-14,126.85838,244.2645,96.84872000000001,191.7417,324.5393,14.81,137.7085,14.333333,45.8931,,23.7
2020-12-15,126.85838,244.2645,97.07949,191.7417,324.5393,14.81,137.7085,14.333333,45.8931,,23.7
2020-12-16,127.07459,244.6557,97.07949,191.7417,324.5393,14.820714,138.7379,14.333333,45.8931,,23.7
2020-12-17,127.75027,244.6557,97.07949,191.8504,324.5393,14.835,138.7379,15.0,45.8931,,23.7
2020-12-18,127.75027,246.4557,97.07949,191.8504,324.5393,14.835,142.9242,15.0,46.13214000000001,,24.0
2020-12-19,127.75027,246.4557,97.07949,191.8504,324.5393,14.835,142.9242,15.0,46.13214000000001,,24.0
2020-12-20,127.75027,246.4557,97.07949,191.8504,324.5393,14.835,142.9242,15.0,46.13214000000001,,24.0
2020-12-21,127.75027,246.161,97.07949,191.8504,324.5393,14.835,142.9242,15.0,46.23928,,24.44444
2020-12-22,127.75027,246.161,97.07949,191.8504,324.5393,14.835,143.2183,15.0,46.23928,,24.44444
2020-12-23,127.75027,246.161,97.07949,191.8504,324.5393,14.835,143.2183,15.0,46.23928,,24.44444
2020-12-24,127.75027,246.161,97.07949,191.8504,324.5393,14.835,143.2183,15.0,46.31071,,24.44444
2020-12-25,127.75027,246.161,97.07949,191.2493,324.5393,14.835,143.2183,15.0,46.31071,,24.44444
2020-12-26,127.75027,246.161,97.07949,191.2493,324.5393,14.835,143.2183,15.0,46.31071,,24.44444
2020-12-27,127.75027,246.161,97.07949,191.2493,324.5393,14.835,143.2183,15.0,46.31071,,24.44444
2020-12-28,127.75027,246.161,97.07949,191.2493,324.5393,14.835,144.0026,15.0,46.31071,,24.44444
2020-12-29,127.75027,246.161,97.07949,191.2493,324.5393,14.835,146.0125,15.0,46.31071,,24.44444
2020-12-30,127.75027,246.161,97.43205,191.2493,324.5393,14.835,146.0125,15.0,46.31071,,24.44444
2020-12-31,128.2638,246.161,97.43205,191.2493,324.5393,14.835,146.1595,15.0,46.31071,,24.44444
2021-01-01,128.2638,246.161,97.43205,191.2493,324.5393,14.835,146.1595,15.0,46.31071,,24.66667
2021-01-02,128.2638,247.0231,97.43205,191.2493,324.5393,14.835,146.1595,15.0,46.31071,,24.66667
2021-01-03,128.2638,247.0231,97.43205,191.2493,324.5393,14.835,146.1595,15.0,46.31071,,24.66667
2021-01-04,128.2638,247.0231,97.65,191.2493,325.4484,14.8375,145.7183,15.0,46.31071,,24.66667
2021-01-05,129.0746,247.0231,97.65,191.2493,325.4484,14.8375,148.3654,15.0,46.31071,,24.66667
2021-01-06,129.0746,247.0231,97.65,191.2493,325.4484,14.8375,151.9046,15.0,46.73103,,24.66667
2021-01-07,129.0746,247.0231,97.65,191.2493,325.4484,14.8375,156.0713,15.0,46.73103,,24.66667
2021-01-08,129.5724,247.0231,98.35513,191.2493,326.0166,14.8375,159.9928,17.0,46.83448000000001,,24.66667
2021-01-09,129.5724,247.0231,98.35513,191.2493,326.0166,14.8375,159.9928,17.0,46.83448000000001,,24.66667
2021-01-10,129.5724,247.0231,98.35513,191.2493,326.0166,14.8375,159.9928,17.0,46.83448000000001,,24.66667
2021-01-11,129.9778,247.0231,98.35513,191.2493,326.0166,14.808088,163.9144,17.0,46.83448000000001,,24.44444
2021-01-12,129.9778,247.0231,98.35513,191.2493,326.0166,14.808088,163.9144,17.83333,46.83448000000001,,24.44444
2021-01-13,131.5995,247.0231,98.35513,191.2493,326.0166,14.808088,166.2183,17.83333,46.83448000000001,,24.44444
2021-01-14,131.7346,247.4369,98.90395000000001,191.4482,326.3891,14.840441,166.434,17.83333,47.11379,,24.44444
2021-01-15,132.4942,247.4369,99.02237000000001,191.4482,327.7844,14.840441,167.6595,17.83333,47.28621,,24.44444
2021-01-16,132.4942,247.4369,99.02237000000001,191.4482,327.7844,14.840441,167.6595,17.83333,47.28621,,24.44444
2021-01-17,132.4942,247.4369,99.02237000000001,191.4482,327.7844,14.840441,167.6595,17.83333,47.28621,,24.44444
2021-01-18,132.4942,247.4369,99.02237000000001,191.4482,327.7844,14.840441,167.6595,17.83333,47.28621,,24.44444
2021-01-19,132.4942,247.7817,99.11923,191.4482,326.5848,14.840441,174.8654,17.83333,47.28621,,24.44444
2021-01-20,132.4942,249.0223,99.18333000000001,191.5732,328.2893,14.840441,174.8654,17.83333,47.28621,,24.44444
2021-01-21,133.6258,249.0223,99.50385000000001,191.9709,328.5166,14.840441,175.0615,17.83333,47.28621,,24.44444
2021-01-22,134.2837,248.9893,100.13205,191.9709,328.5166,14.877206,177.4144,17.83333,47.45862,,24.55556
2021-01-23,134.2837,248.9893,100.13205,191.9709,328.5166,14.877206,177.4144,17.83333,47.45862,,24.55556
2021-01-24,134.2837,248.9893,100.13205,191.9709,328.5166,14.877206,177.4144,17.83333,47.45862,,24.55556
2021-01-25,134.2837,248.9893,100.13205,191.9709,329.0848,14.877206,182.3866,17.83333,47.45862,,24.55556
2021-01-26,134.6784,248.9893,100.13205,192.147,329.0848,14.877206,182.3866,17.83333,47.63103,,24.55556
2021-01-27,134.6784,274.0861,100.90128,192.147,329.0848,14.877206,182.3866,17.83333,47.63103,,24.55556
2021-01-28,146.4026,275.2151,100.90128,192.2607,336.9051,14.877206,197.2528,17.83333,47.63103,,24.55556
2021-01-29,147.0868,275.2151,101.02949,192.2607,338.4607,14.877206,204.3882,17.83333,47.63103,,24.55556
2021-01-30,147.0868,275.2151,101.02949,192.2607,338.4607,14.877206,208.7444,17.83333,47.63103,,24.55556
2021-01-31,147.0868,275.2151,101.02949,192.2607,338.4607,14.877206,208.7444,17.83333,47.63103,,24.55556
2021-02-01,147.0868,275.2151,101.02949,192.2607,338.4607,14.877206,209.5222,17.83333,47.63103,,24.55556
2021-02-02,147.0868,275.2151,101.5423,192.3743,338.9273,14.950735,209.7444,17.83333,47.63103,,24.55556
2021-02-03,147.0868,275.2151,115.6,199.736,338.9273,14.950735,211.1149,17.83333,47.63103,,24.55556
2021-02-04,147.5486,276.1829,116.29512,199.736,338.9273,14.950735,211.1149,17.83333,47.63103,,24.55556
2021-02-05,148.0081,277.9333,116.90488,201.2062,338.9273,14.964143,208.1035,17.83333,47.63103,,24.55556
2021-02-06,150.0611,277.9333,116.90488,201.2062,338.9273,14.964143,208.1035,17.83333,47.63103,,24.55556
2021-02-07,150.0611,279.931,116.90488,201.2062,338.9273,14.964143,208.1035,17.83333,47.63103,,24.55556
2021-02-08,150.3944,280.2069,117.23415,201.2062,338.9273,14.964143,208.1035,17.83333,47.63103,,24.77778
2021-02-09,150.3944,280.8667,117.23415,201.081,338.9273,14.964143,208.1035,17.83333,48.07931000000001,,24.77778
2021-02-10,150.3944,280.8667,117.665,201.5495,339.0659,14.964143,208.1035,19.5,48.07931000000001,,24.77778
2021-02-11,150.3944,280.8667,117.74012,201.5495,339.0659,14.964143,208.1035,19.5,48.07931000000001,,24.77778
2021-02-12,150.3944,281.3667,118.96631,201.7717,339.9354,14.964143,208.1035,19.5,48.07931000000001,,24.77778
2021-02-13,150.6914,281.3667,118.96631,201.7717,339.9354,14.964143,208.1035,19.5,48.07931000000001,,24.77778
2021-02-14,150.6914,281.3667,118.96631,201.7717,339.9354,14.964143,208.1035,19.5,48.07931000000001,,24.77778
2021-02-15,150.6914,281.3667,118.96631,201.7717,339.9354,14.964143,208.1035,19.5,48.07931000000001,,24.77778
2021-02-16,150.95,281.3667,119.85917,201.4614,339.9354,15.035571,208.1035,25.5,48.07931000000001,,24.77778
2021-02-17,150.95,281.3667,119.85917,201.4614,339.9354,15.035571,208.1035,25.83333,48.07931000000001,,24.77778
2021-02-18,151.2278,282.3667,120.09726,200.8984,339.8289,15.164143,210.4023,25.83333,48.07931000000001,,24.77778
2021-02-19,151.2278,282.3667,120.09726,200.8984,339.8289,15.185572,210.4023,25.83333,48.07931000000001,,24.77778
2021-02-20,151.2278,282.3667,120.09726,200.8984,339.8289,15.185572,210.4023,25.83333,48.07931000000001,,24.77778
2021-02-21,151.2278,282.3667,120.09726,200.8984,339.8289,15.185572,210.4023,25.83333,48.07931000000001,,24.77778
2021-02-22,151.2278,282.3667,120.09726,200.8984,339.8289,15.185572,210.4023,25.83333,48.07931000000001,,24.77778
2021-02-23,151.2278,282.3667,120.09726,200.8984,339.8289,15.185572,210.4023,25.83333,48.07931000000001,,24.77778
2021-02-24,151.2278,282.3667,120.09726,200.8984,339.8289,15.185572,209.069,25.83333,48.33793000000001,,25.77778
2021-02-25,151.2278,281.9677,120.09726,200.7755,339.8289,15.891286,209.069,25.83333,48.33793000000001,,25.77778
2021-02-26,150.5408,281.9677,120.09726,200.7755,339.8289,15.891286,209.069,25.83333,48.85517,,25.77778
2021-02-27,150.5408,281.9677,120.09726,200.7755,339.8289,15.910147,209.069,25.83333,48.85517,,25.77778
2021-02-28,150.5408,281.9677,120.09726,200.7755,339.8289,15.971818,209.069,25.83333,48.85517,,25.77778
2021-03-01,150.5408,281.9677,119.91671,200.26,339.4841,15.971818,209.069,25.83333,49.13448,,25.77778
2021-03-02,150.5408,281.9677,119.91671,200.26,339.4841,15.971818,215.2111,25.83333,49.13448,,25.77778
2021-03-03,150.5408,281.9677,119.91671,200.26,339.4841,15.971818,215.2111,25.83333,49.41034000000001,,25.77778
2021-03-04,150.5408,281.9677,119.91671,200.26,339.4841,15.971818,215.2111,25.83333,49.41034000000001,,25.77778
2021-03-05,150.5408,282.129,119.91671,200.26,339.4841,16.04906,213.2667,25.83333,51.17931,,25.77778
2021-03-06,150.5408,282.129,119.91671,200.26,340.4023,16.04906,213.2667,25.83333,51.17931,,25.77778
2021-03-07,150.5408,282.129,119.91671,200.26,340.4023,16.04906,213.2667,25.83333,51.17931,,25.77778
2021-03-08,150.5408,282.129,119.91671,200.26,340.4023,15.956667,216.8444,25.83333,51.17931,,25.77778
2021-03-09,150.5408,282.129,119.91671,200.26,340.4023,15.956667,216.8444,25.83333,51.17931,,25.77778
2021-03-10,150.5408,282.129,119.91671,200.26,340.4023,16.01758,216.8444,25.83333,51.17931,,25.77778
2021-03-11,150.5408,282.129,119.91671,200.26,340.4023,16.01758,216.8444,25.83333,51.17931,,25.77778
2021-03-12,150.5408,281.5333,119.91671,200.26,340.4023,16.01758,216.8444,25.83333,51.24828,,25.77778
2021-03-13,150.5408,281.5333,119.91671,200.26,340.4023,16.01758,216.8444,25.83333,51.24828,,25.77778
2021-03-14,150.5408,281.5333,119.91671,200.26,340.4023,16.01758,216.8444,25.83333,51.24828,,25.77778
2021-03-15,150.8742,281.5333,119.91671,200.26,340.4023,16.01758,216.8444,25.83333,51.24828,,25.77778
2021-03-16,150.8742,281.5333,119.91671,200.26,340.4023,16.02484,216.8444,25.83333,51.24828,,25.77778
2021-03-17,150.8742,281.5333,119.91671,200.26,339.825,16.02484,222.0556,25.83333,51.24828,,25.77778
2021-03-18,150.8742,281.5333,119.91671,200.26,339.825,16.02484,222.0556,25.83333,51.52414,,25.77778
2021-03-19,150.8742,281.5333,119.91671,200.26,339.825,16.02484,222.0556,25.83333,51.52414,,25.77778
2021-03-20,150.8742,281.5333,119.91671,200.26,339.825,16.02484,222.0556,25.83333,51.52414,,25.77778
2021-03-21,150.8742,281.5333,119.91671,200.26,339.825,16.02484,224.1954,25.83333,51.52414,,25.77778
2021-03-22,150.8742,281.5333,119.91671,200.26,339.825,16.02484,224.1954,25.83333,51.52414,,25.77778
2021-03-23,150.8742,281.5333,119.91671,200.26,339.825,16.02484,224.1954,25.83333,51.52414,,26.0
2021-03-24,150.8505,281.5333,119.91671,200.26,339.825,16.02484,224.1954,25.83333,51.52414,,26.0
2021-03-25,150.8505,281.5333,120.09963,200.26,339.825,16.02484,224.1954,25.83333,51.52414,,26.0
2021-03-26,150.8505,281.5333,120.09963,200.26,340.5068,16.12636,223.3333,25.83333,51.52414,,26.0
2021-03-27,150.8505,281.5333,120.09963,200.26,340.5068,16.12636,223.3333,25.83333,51.52414,,26.0
2021-03-28,150.8505,281.5333,120.09963,200.26,340.5068,16.12636,223.3333,25.83333,51.52414,,26.0
2021-03-29,150.8505,281.5333,120.496,200.26,340.5068,16.12636,223.3333,25.83333,51.52414,,26.0
2021-03-30,151.5803,281.5333,120.13012,199.418,340.7341,16.07118,223.3333,25.83333,51.52414,,26.0
2021-03-31,151.5803,281.5333,120.13012,199.418,340.7341,16.07118,223.3333,25.83333,51.52414,,26.0
2021-04-01,151.5803,281.5333,120.28256,199.4886,340.9614,16.07118,223.3333,25.83333,51.49,,26.0
2021-04-02,151.5803,281.5333,120.28256,199.4886,340.9614,16.07118,226.6333,25.83333,51.49,,26.0
2021-04-03,151.5803,281.5333,120.28256,199.4886,340.9614,16.07118,226.6333,25.83333,51.49,,26.0
2021-04-04,151.5803,281.5333,120.28256,199.4886,340.9614,16.07118,226.6333,25.83333,51.49,,26.0
2021-04-05,151.5803,281.5333,120.28256,199.4886,340.9614,16.07118,226.6333,25.83333,51.49,,26.0
2021-04-06,151.3641,281.5333,120.28256,199.4886,340.9614,16.07118,226.8556,25.83333,51.49,,26.0
2021-04-07,151.3641,281.5333,120.28256,199.4886,340.9614,16.07118,230.4516,25.83333,51.49,,25.9
2021-04-08,151.3641,281.5333,120.28256,199.4886,340.9614,16.07118,230.4516,25.83333,51.49,,25.9
2021-04-09,151.3641,281.8667,120.28256,199.4886,340.9614,16.07118,236.7634,25.83333,51.49,,26.0
2021-04-10,151.3641,281.8667,120.28256,199.4886,340.9614,16.07118,236.7634,25.83333,51.49,,26.0
2021-04-11,151.3641,281.8667,120.28256,199.4886,340.9614,16.07118,236.7634,25.83333,51.49,,26.0
2021-04-12,151.3641,280.5987,120.87158,199.4886,340.1659,16.37629,236.7634,25.83333,51.49,,26.0
2021-04-13,151.3641,280.5987,121.11549,199.4886,340.3932,16.39414,236.7634,25.83333,51.49,,26.0
2021-04-14,150.8186,280.5987,121.11549,199.4886,340.3932,16.46456,236.7634,25.83333,51.67931,,26.0
2021-04-15,150.8464,280.5987,121.11549,199.4995,340.3932,16.46456,236.7634,25.83333,51.67931,,26.0
2021-04-16,150.8464,280.8925,122.34354,199.4995,340.3932,16.46456,237.2473,25.42857,51.73928,,26.0
2021-04-17,150.8464,280.8925,122.34354,199.4995,340.3932,16.46456,237.2473,25.42857,51.73928,,26.0
2021-04-18,150.8464,280.8925,122.34354,199.4995,340.3932,16.46456,237.2473,25.42857,51.73928,,26.0
2021-04-19,150.8464,280.8925,122.46548,199.4995,340.8477,16.51448,237.2473,25.42857,51.73928,,26.0
2021-04-20,150.8464,282.6836,123.44846,199.6082,341.075,16.51448,237.2473,25.42857,51.61034,,26.0
2021-04-21,150.8742,283.2897,123.44846,199.6082,341.075,16.51448,237.2473,25.42857,51.61034,,26.0
2021-04-22,150.8742,283.2897,123.91273,199.8256,342.3705,16.51448,237.4624,25.42857,51.61034,,26.0
2021-04-23,151.5611,283.7442,125.68256,199.8256,343.3023,16.51448,237.4624,25.42857,51.61034,,26.0
2021-04-24,151.5611,283.7442,125.68256,199.8256,343.3023,16.51448,237.4624,25.42857,51.61034,,26.0
2021-04-25,151.6743,283.7442,125.68256,199.8256,343.3023,16.51448,237.4624,25.42857,51.61034,,26.0
2021-04-26,151.6743,283.7442,125.68256,199.8256,343.5295,16.51448,236.5806,25.42857,51.61034,,26.0
2021-04-27,151.6743,283.7442,125.68256,199.8256,343.5295,16.51448,234.2796,25.42857,51.61034,,26.0
2021-04-28,151.6743,292.2939,136.8472,199.8256,343.5295,16.51448,234.2796,25.42857,51.61034,,27.7
2021-04-29,158.5889,293.9515,136.8472,199.8256,378.0953,16.51448,234.2796,25.42857,51.61034,,27.7
2021-04-30,158.8521,293.9515,137.7556,208.7934,382.6509,16.51448,234.4516,25.42857,51.61034,,27.7
2021-05-01,158.8521,293.9515,137.7556,208.7934,382.6509,16.51448,234.4516,25.42857,51.61034,,27.7
2021-05-02,158.8521,293.9515,137.7556,208.7934,382.6509,16.51448,234.4516,25.42857,51.61034,,27.7
2021-05-03,158.8521,293.9515,137.7556,209.69,382.6509,16.51448,234.4516,25.42857,51.61034,,27.7
2021-05-04,158.8521,293.9515,137.7556,209.69,382.6509,16.61407,234.4516,25.42857,51.61034,,27.7
2021-05-05,158.8258,293.9515,137.8746,209.69,384.3842,16.61407,234.4516,25.42857,51.61034,,27.7
2021-05-06,158.8258,293.9515,138.083,209.69,384.94,16.61407,234.4516,25.42857,51.61034,,27.7
2021-05-07,158.8258,293.9515,138.6938,209.2456,384.94,16.61407,243.2151,25.42857,51.61034,,27.7
2021-05-08,158.8258,293.9515,138.6938,209.2456,388.6884,16.61407,243.2151,25.42857,51.61034,,27.7
2021-05-09,158.8258,293.9515,138.6938,209.2456,388.6884,16.61407,243.2151,25.42857,51.61034,,27.7
2021-05-10,158.8258,293.9515,138.6938,209.2456,388.6884,16.61407,243.2151,25.42857,51.61034,,27.7
2021-05-11,158.8258,294.4529,138.6938,209.7075,388.6884,16.61407,243.2151,22.0,51.61034,,27.7
2021-05-12,158.8258,294.4529,138.6938,209.7075,388.6884,16.61407,243.2151,22.0,51.61034,,27.7
2021-05-13,158.8258,294.4529,138.6938,209.7075,388.6884,16.61407,243.2151,22.0,51.61034,,28.1
2021-05-14,158.4892,294.1588,138.9644,212.2721,388.6884,16.57121,243.2151,22.0,51.61034,,28.1
2021-05-15,158.4892,294.1588,138.9644,212.2721,388.6884,16.57121,243.2151,22.0,51.61034,,28.1
2021-05-16,158.4892,294.1588,138.9644,212.2721,388.6884,16.57121,243.2151,22.0,51.61034,,28.1
2021-05-17,158.4892,294.1588,138.9644,212.2721,388.6884,16.57121,243.2151,22.0,51.61034,,28.1
2021-05-18,158.3867,294.1588,138.9644,212.7847,388.5842,16.597,243.2151,22.0,51.61034,,28.1
2021-05-19,158.3867,294.1588,138.9644,212.7847,389.6776,16.597,243.2151,22.0,51.61034,,28.1
2021-05-20,158.3867,294.1588,138.9644,212.7847,389.6776,16.597,241.7604,22.0,51.61034,,28.1
2021-05-21,158.3867,293.1829,138.9644,212.7847,387.8828,16.597,239.6771,22.0,51.61034,,28.4
2021-05-22,158.3867,293.1829,138.9644,212.7847,387.8828,16.597,239.6771,22.0,51.61034,,28.4
2021-05-23,158.3867,293.1829,138.9644,212.7847,387.8828,16.597,239.6771,22.0,51.61034,,28.4
2021-05-24,158.3867,293.1829,138.9644,212.7847,387.8828,16.59264,239.6771,22.0,51.61034,,28.4
2021-05-25,157.802,293.1829,138.9644,212.7847,387.8828,16.59264,239.6771,22.0,51.61034,,28.4
2021-05-26,157.802,293.1829,138.9644,212.7847,387.8828,16.65257,239.5729,22.0,51.525,,28.4
2021-05-27,156.677,293.1829,138.9644,212.7847,387.8828,17.599,239.5729,22.0,51.525,,28.4
2021-05-28,156.677,293.1829,139.2271,212.7847,387.8828,17.72062,242.5534,22.0,51.525,,28.4
2021-05-29,157.1046,294.1588,139.5741,213.6244,387.8828,17.72062,239.7166,22.0,51.525,,28.4
2021-05-30,157.1046,294.1588,139.5741,213.6244,387.8828,17.72062,239.7166,22.0,51.525,,28.4
2021-05-31,157.1046,294.1588,139.5741,213.6244,387.8828,17.72062,239.7166,22.0,51.525,,28.4
2021-06-01,157.1046,294.1588,139.5741,213.6244,387.8828,17.72062,239.7166,22.0,51.61428,,28.4
2021-06-02,157.1046,294.1588,139.5741,213.6244,387.8828,17.72062,239.7166,22.0,51.61428,,28.4
2021-06-03,157.1046,294.1588,139.251,213.3658,387.0759,17.72062,239.7166,22.0,51.61428,,28.4
2021-06-04,157.1046,294.1588,139.251,213.3658,387.0759,17.72062,239.7166,22.0,53.13929,,28.4
2021-06-05,157.1046,294.8909,139.251,213.7929,387.0759,17.72062,239.7166,22.0,53.13929,,28.4
2021-06-06,157.1046,294.8909,139.251,213.7929,387.0759,17.72062,239.7166,22.0,53.13929,,28.4
2021-06-07,157.1046,294.8909,139.251,213.7929,387.0759,17.72062,239.7166,22.0,53.13929,,28.4
2021-06-08,157.1046,294.8909,139.251,213.7067,387.0759,17.78145,239.6124,22.0,53.13929,,28.4
2021-06-09,157.1046,294.8909,139.251,213.7067,387.0759,17.78145,238.4874,22.0,53.13929,,28.4
2021-06-10,157.1046,295.0438,139.251,213.7067,387.0759,17.78145,238.3311,22.0,53.13929,,28.4
2021-06-11,157.1046,295.0438,139.251,213.7067,387.0759,17.78145,236.5891,22.0,53.20679000000001,,28.6
2021-06-12,157.1046,295.0438,139.251,213.7067,387.0759,17.78145,236.5891,22.0,53.20679000000001,,28.6
2021-06-13,157.1046,294.8839,139.251,213.7067,387.0759,17.78145,236.9754,22.0,53.20679000000001,,28.6
2021-06-14,157.1046,294.8839,139.251,213.7067,387.0759,17.78145,236.9754,22.0,53.20679000000001,,29.0
2021-06-15,157.1046,294.8839,139.251,213.7067,387.0759,17.78145,236.9754,22.0,53.20679000000001,,29.0
2021-06-16,157.1046,294.8839,139.251,213.7067,387.0759,17.85645,236.9754,22.0,53.20679000000001,,29.0
2021-06-17,157.1046,294.8839,139.251,213.7067,387.0759,17.95514,236.9754,22.0,53.20679000000001,,29.0
2021-06-18,157.1046,294.2625,139.251,213.7067,387.0759,17.95514,236.9754,22.0,53.20679000000001,,29.0
2021-06-19,157.1046,294.2625,139.251,213.7067,387.0759,17.95514,236.9754,22.0,53.20679000000001,,29.0
2021-06-20,157.1046,294.2625,139.251,213.7067,387.0759,17.95514,236.9754,22.0,53.20679000000001,,29.0
2021-06-21,157.1046,294.7313,139.251,213.7067,387.0759,18.05382,236.9754,22.0,53.20679000000001,,29.0
2021-06-22,157.1046,294.7313,139.251,213.7067,387.0759,18.22487,236.17,22.0,53.20679000000001,,29.0
2021-06-23,157.13,295.5125,139.251,213.7067,387.0759,18.22487,236.17,22.0,53.20679000000001,,29.0
2021-06-24,157.13,295.5125,139.251,213.7067,387.0759,18.27825,236.17,22.0,53.20679000000001,,29.0
2021-06-25,157.13,296.1375,139.251,213.7067,387.0759,18.27825,236.17,22.0,53.20679000000001,,29.0
2021-06-26,157.13,296.1375,139.251,213.7067,387.0759,18.27825,236.17,22.0,53.20679000000001,,29.0
2021-06-27,157.13,296.1375,139.251,213.7067,387.0759,18.27825,236.17,22.0,53.20679000000001,,29.0
2021-06-28,157.13,296.1375,139.251,213.7067,387.0759,18.27825,235.6645,22.0,53.20679000000001,,29.0
2021-06-29,157.13,296.1375,139.251,213.7067,387.2933,18.27825,235.6645,22.0,53.20679000000001,,29.0
2021-06-30,157.13,296.1375,139.251,213.7067,387.2933,18.44717,235.6645,22.0,53.20679000000001,,29.0
2021-07-01,157.2585,296.1375,139.251,213.7067,387.2933,18.44717,235.6645,22.0,53.20679000000001,,29.0
2021-07-02,157.13,296.1375,139.251,213.7067,387.2933,18.44717,235.7166,22.0,53.20679000000001,,29.0
2021-07-03,157.13,296.1375,139.251,213.7067,387.2933,18.44717,235.7166,22.0,53.20679000000001,,29.0
2021-07-04,157.13,296.1375,139.251,213.7067,387.2933,18.44717,235.7166,22.0,53.20679000000001,,29.0
2021-07-05,157.13,296.1375,139.251,213.7067,387.2933,18.56541,235.7166,22.0,53.20679000000001,,29.0
2021-07-06,157.13,296.2545,139.251,213.7067,387.2933,18.71744,235.7166,22.0,53.20679000000001,,29.0
2021-07-07,157.13,296.2545,139.251,213.7067,387.2933,18.81339,235.7166,22.0,53.20679000000001,,29.0
2021-07-08,157.13,296.2545,139.251,213.7067,387.2933,18.81339,235.7166,22.0,53.20679000000001,,29.0
2021-07-09,157.13,296.2545,139.251,213.7067,387.2933,18.81339,237.1595,22.0,53.20679000000001,,30.4
2021-07-10,157.13,296.2545,139.251,213.7067,387.2933,18.81339,237.1595,22.0,53.20679000000001,,30.4
2021-07-11,157.13,296.2545,139.251,213.7067,387.2933,18.81339,237.1595,22.0,53.20679000000001,,30.4
2021-07-12,157.13,296.2545,139.251,213.7067,387.2933,18.81339,237.0888,22.0,53.20679000000001,,30.8
2021-07-13,157.2585,296.2545,139.501,213.7067,387.2933,18.81339,237.0888,22.4125,53.20679000000001,,30.8
2021-07-14,157.2585,296.2545,140.1549,213.7067,390.9,18.94176,237.0888,22.4125,53.20679000000001,,30.8
2021-07-15,157.361,297.0121,140.1549,213.7067,390.9,18.94176,237.0888,22.4125,53.20679000000001,,30.8
2021-07-16,157.361,297.9824,140.1549,213.291,390.9,19.11744,234.4457,22.4125,53.20679000000001,,30.8
2021-07-17,157.361,297.9824,140.1549,213.291,390.9,19.11744,234.4457,22.4125,53.20679000000001,,30.8
2021-07-18,157.361,297.9824,140.1549,213.291,390.9,19.11744,234.4457,22.4125,53.20679000000001,,30.8
2021-07-19,157.6431,298.9235,140.4497,213.291,391.2331,19.12757,234.4457,22.4125,53.20679000000001,,30.8
2021-07-20,157.6431,300.6882,140.4497,213.5132,391.2331,19.24311,234.4457,22.4125,53.20679000000001,,30.8
2021-07-21,157.8995,302.6882,140.4497,213.5132,391.2331,19.35933,234.4457,22.4125,53.20679000000001,,30.8
2021-07-22,157.8995,305.9824,141.2126,213.5132,393.0109,19.35933,234.4457,22.4125,53.20679000000001,,30.8
2021-07-23,157.8995,305.9824,141.2126,214.4577,393.9884,19.35933,234.4457,22.4125,53.20679000000001,,30.8
2021-07-24,157.8995,305.9824,141.2126,214.4577,393.9884,19.35933,234.4457,22.4125,53.20679000000001,,30.8
2021-07-25,157.8995,305.9824,141.2126,214.4577,393.9884,19.35933,234.4457,22.4125,53.20679000000001,,30.8
2021-07-26,157.8995,305.9824,141.2126,214.4466,393.9884,19.40392,234.4457,22.4125,53.20679000000001,,30.8
2021-07-27,157.8995,305.9824,141.2126,214.4466,393.9884,19.40392,236.6853,22.4125,53.20679000000001,,30.8
2021-07-28,163.0449,321.5929,155.6279,214.4466,393.9884,19.40392,236.6853,21.32857,53.20679000000001,,32.2
2021-07-29,163.0449,321.5929,156.1408,214.2243,413.6248,19.40392,236.6853,21.32857,53.20679000000001,,32.2
2021-07-30,163.5321,323.5047,156.7818,208.6666,414.9457,19.40392,238.1494,21.32857,53.20679000000001,,32.6
2021-07-31,163.5321,323.5047,156.7818,208.6666,414.9457,19.40392,238.1494,21.32857,53.20679000000001,,32.6
2021-08-01,163.5321,323.5047,156.7818,208.6666,414.9457,19.40392,238.1494,21.32857,53.20679000000001,,32.6
2021-08-02,163.9167,323.5047,156.7818,208.6666,415.8548,19.50866,238.1494,21.32857,53.20679000000001,,32.6
2021-08-03,163.9167,323.5047,156.7818,208.6666,415.8548,19.71271,239.3615,21.32857,53.20679000000001,,32.6
2021-08-04,163.9167,323.5047,156.7818,208.6666,416.3207,19.71271,239.3615,21.32857,53.20679000000001,,32.6
2021-08-05,163.9167,324.4194,157.1564,208.6666,416.3207,19.71271,240.8767,21.32857,53.20679000000001,,32.6
2021-08-06,163.9167,324.4194,158.118,208.5556,416.3207,19.71271,238.1957,21.32857,53.20679000000001,,33.44444
2021-08-07,164.2829,324.4194,158.118,208.5556,418.4905,19.71271,238.1957,21.32857,53.20679000000001,,33.44444
2021-08-08,164.2829,324.4194,158.118,208.2151,418.4905,19.71271,238.1957,21.32857,53.20679000000001,,33.44444
2021-08-09,164.2829,324.4194,158.118,208.2151,418.4905,19.71271,238.1957,21.32857,53.20679000000001,,33.44444
2021-08-10,164.2829,324.4194,158.118,208.2151,418.4905,19.95257,238.1957,21.32857,53.20679000000001,,33.44444
2021-08-11,164.2829,324.4194,158.118,208.2151,418.4905,20.0769,238.8728,21.32857,53.20679000000001,,33.44444
2021-08-12,164.2829,324.4194,158.118,208.2151,418.4905,20.0769,238.8728,23.18571,53.20679000000001,,33.44444
2021-08-13,164.2829,324.4194,158.118,208.2151,418.4905,20.42352,238.8728,23.61429,53.20679000000001,,33.44444
2021-08-14,164.2829,324.4194,158.7263,208.2151,418.4905,20.42352,238.8728,23.61429,53.20679000000001,,33.44444
2021-08-15,164.2505,324.4194,158.7263,208.2151,418.4905,20.42352,238.8728,23.61429,53.20679000000001,,33.44444
2021-08-16,164.2505,324.4194,158.7263,208.2151,418.4905,20.57217,240.3197,23.61429,53.20679000000001,,33.44444
2021-08-17,164.2505,324.4194,158.759,208.2151,419.0759,20.57217,240.3197,23.61429,53.20679000000001,,33.44444
2021-08-18,164.3857,324.4194,158.759,208.2151,419.0759,20.57217,240.3197,23.61429,53.20679000000001,,33.44444
2021-08-19,164.9808,327.4321,158.759,208.2151,419.0759,22.12238,240.4447,24.21667,53.20679000000001,,33.44444
2021-08-20,164.9808,327.4321,159.2718,208.2151,419.0759,22.12238,240.4447,24.21667,53.20679000000001,,33.44444
2021-08-21,164.9808,327.4321,159.2718,208.2151,419.0759,22.12238,240.4447,24.21667,53.20679000000001,,33.44444
2021-08-22,164.9808,327.4321,159.2718,208.2151,419.0759,22.12238,240.4447,24.21667,53.20679000000001,,33.44444
2021-08-23,164.9808,327.4321,159.2718,208.2151,419.0759,22.45979,240.4447,24.21667,53.20679000000001,,33.44444
2021-08-24,164.9808,327.4321,159.2718,208.2151,419.0759,22.63084,240.4447,24.21667,53.20679000000001,,33.44444
2021-08-25,164.9808,327.4321,159.2718,208.2151,419.0759,22.63084,240.4447,24.21667,53.20679000000001,,33.44444
2021-08-26,164.9808,327.4321,159.2718,207.5571,419.9528,22.63084,240.4447,24.21667,53.20679000000001,,33.44444
2021-08-27,164.9808,327.4321,159.2718,207.5571,419.9528,22.63084,240.4447,24.21667,53.20679000000001,,33.44444
2021-08-28,164.9808,327.4321,159.2718,207.5571,419.9528,22.63084,240.4447,24.21667,53.20679000000001,,33.44444
2021-08-29,164.9808,327.4321,159.2718,207.5571,423.6695,22.63084,240.4447,24.21667,53.20679000000001,,33.44444
2021-08-30,164.9808,327.4321,159.2718,207.5571,423.6695,22.63084,240.4447,24.21667,53.34964,,33.44444
2021-08-31,165.5071,327.4321,159.2718,207.5571,423.0778,22.78808,240.4447,24.21667,53.34964,,33.44444
2021-09-01,165.5071,327.4321,159.2718,207.5571,423.0778,22.78808,240.4686,24.21667,53.34964,,33.44444
2021-09-02,165.5071,327.4321,159.2718,207.5571,423.0778,22.88545,240.4686,24.21667,53.58179000000001,,33.44444
2021-09-03,165.0326,326.037,158.44,207.2535,423.149,22.82172,241.1413,24.21667,55.37897,,33.44444
2021-09-04,165.0326,326.037,158.44,207.2535,423.149,22.95518,241.1413,24.21667,55.37897,,33.44444
2021-09-05,165.0326,328.0382,158.6564,207.2535,423.2278,22.95518,241.1413,24.21667,55.37897,,33.44444
2021-09-06,165.0326,328.0382,158.6564,207.2535,423.2278,22.95518,241.1413,24.21667,55.37897,,33.44444
2021-09-07,165.289,328.3412,158.9897,207.2535,420.2222,22.95518,241.1413,24.21667,55.37897,,32.625
2021-09-08,165.5454,329.5533,159.0218,207.2535,420.2222,22.95518,241.1413,24.21667,55.46517000000001,,32.125
2021-09-09,165.5454,329.5533,159.0218,207.2535,420.2222,22.95518,241.1413,24.21667,55.46517000000001,,32.5
2021-09-10,165.5454,329.5533,159.2337,207.9409,421.05,22.95518,241.1413,24.38333,55.46517000000001,,31.66667
2021-09-11,165.5454,329.5533,159.2337,207.9409,421.05,22.95518,241.1413,24.38333,55.46517000000001,,31.66667
2021-09-12,165.5454,329.5533,159.2337,207.9409,421.05,23.05195,241.1413,24.38333,55.48178000000001,,31.66667
2021-09-13,165.5454,329.5533,159.2337,207.9409,421.05,23.05195,241.1413,24.38333,55.48178000000001,,31.66667
2021-09-14,165.7762,331.2503,159.2337,207.9409,421.05,23.05195,241.1413,24.38333,55.48178000000001,,31.66667
2021-09-15,165.7762,331.7048,159.2337,207.9409,421.05,23.12492,241.1918,24.38333,55.59643000000001,,31.66667
2021-09-16,165.7762,331.7048,159.4525,207.893,421.4074,23.12492,241.1918,24.38333,55.59643000000001,,31.66667
2021-09-17,165.7762,331.7145,159.4525,207.893,421.4074,23.16546,241.1918,24.38333,55.65714000000001,,31.66667
2021-09-18,165.7762,331.7145,159.4525,207.893,421.4074,23.16546,241.1918,24.38333,55.65714000000001,,31.66667
2021-09-19,165.7762,331.7145,159.4525,207.893,421.4074,23.16546,241.1918,24.38333,55.65714000000001,,31.66667
2021-09-20,165.7762,331.7145,159.4525,207.893,421.4074,23.16546,241.1918,24.38333,55.65714000000001,,31.66667
2021-09-21,165.7762,331.7145,159.4525,207.893,421.4074,23.16546,241.1918,24.38333,55.65714000000001,,31.66667
2021-09-22,165.7762,331.7145,159.4525,207.893,421.4074,23.16546,239.3626,24.38333,55.65714000000001,,31.66667
2021-09-23,165.7762,331.7145,159.4525,207.893,421.4677,23.16546,239.3626,24.38333,55.65714000000001,,31.66667
2021-09-24,165.7762,331.7145,159.4525,207.6605,421.4677,23.16546,239.3626,24.38333,55.65714000000001,,31.66667
2021-09-25,165.7762,331.7145,159.4525,207.6605,421.4677,23.16546,239.3626,24.38333,55.65714000000001,,31.66667
2021-09-26,165.7762,333.4869,159.4525,207.6605,421.4677,23.16546,239.3626,24.38333,55.65714000000001,,31.66667
2021-09-27,166.2121,333.4869,159.4525,207.6605,421.4677,23.35321,239.3626,24.38333,55.65714000000001,,31.66667
2021-09-28,166.2121,333.4869,159.4525,207.6605,421.4677,23.35321,239.3626,24.38333,55.65714000000001,,31.66667
2021-09-29,166.2121,333.4869,159.71,207.6568,421.5479,23.35321,239.3626,24.38333,55.65714000000001,,31.66667
2021-09-30,166.2121,333.4869,159.71,207.8522,421.5479,23.35321,239.3626,24.38333,55.94074000000001,,31.66667
2021-10-01,166.2121,333.4869,159.71,207.8522,421.5479,23.35321,239.9803,24.38333,55.94074000000001,,32.11111
2021-10-02,166.2121,333.4869,159.71,207.8522,421.5479,23.35321,239.9803,24.38333,55.94074000000001,,32.11111
2021-10-03,166.2121,333.4869,159.71,207.8522,421.5479,23.35321,239.9803,24.38333,55.94074000000001,,32.11111
2021-10-04,166.2121,333.4869,159.71,207.7967,421.0934,23.39268,242.819,24.38333,55.94074000000001,,32.11111
2021-10-05,166.2121,333.4869,159.71,207.7967,421.0934,23.39268,242.9142,24.38333,55.94074000000001,,32.11111
2021-10-06,166.2121,333.4869,159.71,207.6856,421.0934,23.39268,242.9142,24.38333,55.94074000000001,,32.11111
2021-10-07,166.2121,333.4869,159.71,207.6856,421.0934,23.39268,244.5523,24.33333,55.94074000000001,,32.11111
2021-10-08,166.2121,333.4869,159.71,207.6856,421.0934,23.39268,245.457,24.33333,55.94074000000001,,32.11111
2021-10-09,166.2121,333.4869,159.71,207.6856,421.0934,23.39268,245.457,24.33333,55.94074000000001,,32.11111
2021-10-10,166.2121,333.4869,159.71,207.6856,421.0934,23.39268,245.457,24.33333,55.94074000000001,,32.11111
2021-10-11,166.2121,333.4869,159.71,207.6856,421.0934,23.39268,245.457,24.33333,55.94074000000001,,32.11111
2021-10-12,166.2121,333.4869,159.7707,207.6856,421.0934,23.39268,245.6475,24.33333,55.94074000000001,,32.11111
2021-10-13,167.0067,333.4869,159.7707,207.6856,421.0934,23.39268,247.2666,24.33333,56.17037000000001,,32.11111
2021-10-14,167.3146,334.5671,159.7707,207.6856,421.0934,23.39268,247.2666,24.33333,56.48518000000001,,32.11111
2021-10-15,167.3146,334.5671,159.7707,207.6856,421.0934,23.39268,247.2666,24.33333,56.48518000000001,,32.11111
2021-10-16,167.3146,334.5671,159.7707,207.6856,421.0934,23.39268,247.2666,24.33333,56.48518000000001,,32.11111
2021-10-17,167.3146,334.5671,159.7707,207.6856,421.0934,23.39268,246.2058,24.33333,56.48518000000001,,32.11111
2021-10-18,167.3146,335.3735,159.7707,207.6856,421.0934,23.39268,246.2058,24.33333,56.48518000000001,,32.11111
2021-10-19,167.3146,336.3413,159.8927,207.6856,421.0934,23.39268,247.1862,24.33333,56.48518000000001,,32.11111
2021-10-20,167.3146,335.4703,159.8927,207.6856,421.0934,23.39268,247.1862,24.33333,56.48518000000001,,32.11111
2021-10-21,167.3146,335.4703,159.9659,207.13,421.0934,23.39268,266.1192,24.33333,56.48518000000001,,32.11111
2021-10-22,167.3146,336.2122,159.9659,207.13,420.1843,23.48479,269.4525,24.33333,56.48518000000001,,32.11111
2021-10-23,167.3146,336.2122,159.9659,207.13,420.1843,23.48479,269.4525,24.33333,56.48518000000001,,32.11111
2021-10-24,167.3146,336.4193,159.9659,207.4057,420.1843,23.48479,269.4525,24.33333,56.48518000000001,,32.11111
2021-10-25,167.3146,336.4193,159.9659,207.4057,418.7752,23.48479,274.2672,24.33333,56.48518000000001,,32.11111
2021-10-26,167.2633,336.4193,159.9659,207.4057,402.758,23.48479,277.4535,24.33333,56.48518000000001,,32.11111
2021-10-27,167.2633,356.3243,164.3882,207.4057,398.8937,23.48479,277.4535,24.33333,56.48518000000001,,32.33333
2021-10-28,167.2633,357.4106,164.5626,207.4057,398.8937,23.48479,277.4535,24.33333,56.48518000000001,,32.0
2021-10-29,166.4308,358.7977,164.7487,204.7886,398.9904,23.48479,277.4535,24.42857,56.48518000000001,,32.0
2021-10-30,166.4308,358.7977,164.7487,204.7886,398.9904,23.48479,277.4535,24.42857,56.48518000000001,,32.0
2021-10-31,166.4308,358.7977,164.7487,204.7886,398.9904,23.48479,277.4535,24.42857,56.48518000000001,,32.0
2021-11-01,166.4308,358.7977,164.9812,204.5079,398.9904,23.48479,277.4535,24.42857,56.48518000000001,,32.0
2021-11-02,166.4308,358.7977,165.458,204.3943,398.9904,23.68216,277.4535,24.42857,56.48518000000001,,32.0
2021-11-03,166.559,358.7977,165.458,204.3943,398.9904,23.68216,277.4535,24.42857,56.48518000000001,,32.0
2021-11-04,166.559,360.6719,165.6327,204.3943,398.9904,23.68216,277.4535,24.42857,56.72593000000001,,32.0
2021-11-05,167.3189,360.6719,165.7787,204.3943,398.9904,24.21595,281.8653,24.42857,56.72593000000001,,32.0
2021-11-06,167.3189,360.6719,165.7787,204.3943,398.9904,24.21595,281.8653,24.42857,56.72593000000001,,32.0
2021-11-07,167.3189,360.6719,165.7787,204.58,398.7052,24.21595,281.8653,24.42857,56.72593000000001,,32.0
2021-11-08,167.6432,360.6719,165.7787,204.58,398.7052,24.60056,278.3849,24.42857,57.24445000000001,,32.0
2021-11-09,167.6432,360.6719,166.0166,204.58,398.7052,25.45441,278.6692,22.85714,57.63334,,32.0
2021-11-10,167.4389,360.6719,166.0166,204.0833,398.7052,25.90313,280.63,23.14286,57.89259000000001,,32.0
2021-11-11,167.4389,360.7365,166.0166,204.0833,398.7052,26.10826,280.728,23.14286,57.89259000000001,,32.0
2021-11-12,167.4389,360.7365,166.0166,204.0833,398.3431,27.62108,280.728,23.14286,57.89259000000001,,32.0
2021-11-13,167.4389,360.7365,166.0166,204.0833,398.3431,27.62108,280.728,23.14286,57.89259000000001,,32.0
2021-11-14,167.4389,360.7365,166.0884,204.0549,398.3431,27.62108,280.728,23.14286,57.89259000000001,,32.0
2021-11-15,167.4389,362.6719,166.0884,204.0549,398.3431,28.0698,284.5516,23.375,57.89259000000001,,32.0
2021-11-16,167.4389,362.6719,166.0884,204.0549,398.3431,28.0698,284.5516,23.375,57.89259000000001,,32.0
2021-11-17,167.4389,362.6719,166.0884,204.0549,398.3431,28.30056,287.4927,23.375,57.89259000000001,,32.0
2021-11-18,167.4389,362.6719,166.0884,204.0549,398.3431,33.12051,287.4927,23.375,57.89259000000001,,32.0
2021-11-19,167.4389,365.2373,166.0884,204.1768,398.3431,33.12051,287.4927,23.375,57.89259000000001,,32.0
2021-11-20,167.4389,365.2373,166.0884,204.1768,398.3431,33.12051,287.4927,23.375,57.89259000000001,,32.0
2021-11-21,167.4389,365.2373,166.0884,204.1768,398.3431,33.12051,287.4927,23.375,57.89259000000001,,32.0
2021-11-22,167.6333,365.2373,166.0884,204.1768,398.3431,33.23846,287.4927,23.375,57.89259000000001,,32.0
2021-11-23,167.6333,365.2373,166.0884,204.1768,398.3431,33.23846,287.4927,23.375,57.89259000000001,,32.2
2021-11-24,167.0216,365.2373,166.1561,204.1768,398.3431,33.23846,287.4927,23.375,57.89259000000001,,32.2
2021-11-25,167.0216,365.2373,166.1561,204.1768,398.3431,33.23846,287.4927,23.375,57.89259000000001,,32.2
2021-11-26,167.0216,365.2373,166.1561,204.1768,398.3431,33.50513,287.4927,23.375,57.89259000000001,,32.2
2021-11-27,167.0216,365.2373,166.1561,204.1768,398.3431,33.8079,287.4927,23.375,57.89259000000001,,32.2
2021-11-28,167.0216,365.2373,166.4217,204.1768,398.7373,33.8079,287.4927,23.375,57.89259000000001,,32.2
2021-11-29,167.0216,365.2373,166.2142,204.1768,398.7373,33.8079,287.4927,23.375,57.89259000000001,,32.2
2021-11-30,167.427,365.2373,166.2142,204.1768,398.7373,33.8079,287.4927,23.375,57.89259000000001,,32.3
2021-12-01,167.427,365.2373,166.8969,204.9107,399.3209,33.8079,287.4927,23.375,58.17037000000001,,32.3
2021-12-02,167.427,365.2373,166.8969,204.9107,399.3209,33.8079,287.4927,23.375,58.5037,,32.3
2021-12-03,168.0474,365.2373,166.8969,204.9107,399.3209,33.8079,288.9633,23.375,59.0037,,32.3
2021-12-04,168.0474,365.2373,166.8969,204.9107,399.3209,33.8079,288.9633,23.375,59.0037,,32.3
2021-12-05,168.0474,365.2373,166.8969,204.9107,399.3209,33.8079,288.9633,23.375,59.0037,,32.3
2021-12-06,168.0474,365.2373,166.8969,204.9107,399.3209,33.8079,291.6594,23.375,59.18889000000001,,32.3
2021-12-07,168.9947,365.2373,166.8969,204.9107,399.3209,34.085,294.4241,23.375,59.18889000000001,,32.3
2021-12-08,169.4947,365.2373,166.8969,204.9107,399.3209,34.085,294.4241,23.375,59.18889000000001,,32.4
2021-12-09,169.4947,365.2373,166.8969,204.9107,399.3209,34.085,294.4241,23.375,59.42963,,32.4
2021-12-10,170.2842,366.4068,166.8969,205.1488,399.3209,34.085,298.8178,23.375,67.45715,,32.3
2021-12-11,170.2842,366.4068,166.8969,205.1488,399.3209,34.085,298.8178,23.375,67.45715,,32.3
2021-12-12,170.2842,366.4068,166.8969,205.1488,399.3209,34.085,298.8178,23.375,67.77037,,32.3
2021-12-13,170.8105,366.4068,166.8969,205.1488,399.3209,34.15079,298.8178,23.375,68.27037,,32.3
2021-12-14,172.1263,366.4068,167.3325,205.1488,399.3209,34.15079,294.7976,23.375,68.75185,,32.3
2021-12-15,172.1263,366.4068,167.3325,205.3869,399.3209,34.15079,294.7976,23.375,68.75185,,31.81818
2021-12-16,172.1263,369.3479,167.3325,205.3869,399.3209,34.15079,294.7976,23.0,68.75185,,31.81818
2021-12-17,172.1263,369.3479,167.3325,205.3869,398.432,34.15079,294.7976,23.0,68.75185,,31.81818
2021-12-18,172.1263,369.3479,167.3325,205.3869,398.432,34.15079,294.7976,23.0,68.75185,,31.81818
2021-12-19,172.1263,369.3479,167.3325,205.3869,398.432,34.15079,294.7976,23.0,68.75185,,31.81818
2021-12-20,172.1263,370.5094,167.3325,205.3869,398.432,34.15079,294.7976,23.0,68.75185,,31.81818
2021-12-21,172.9158,370.5094,167.3325,205.3869,398.432,34.1,294.7976,23.0,68.75185,,31.81818
2021-12-22,175.1568,370.5094,167.3325,205.3869,398.432,34.1,294.8986,23.0,68.75185,,31.81818
2021-12-23,175.8105,370.5094,167.3325,205.3869,398.432,34.1,294.8986,23.0,68.75185,,31.81818
2021-12-24,175.8105,370.5094,167.3325,205.3869,398.432,34.1,294.8986,23.0,69.25769000000001,,31.81818
2021-12-25,175.8105,370.5094,167.3325,205.3869,398.432,34.1,294.8986,23.0,69.25769000000001,,31.81818
2021-12-26,175.8105,370.5094,167.3325,205.3869,398.432,34.1,294.8986,23.0,69.25769000000001,,31.81818
2021-12-27,175.8105,370.5094,167.3325,205.3869,398.432,34.1,294.8986,23.0,69.25769000000001,,31.81818
2021-12-28,175.8105,370.5094,167.3325,205.3869,398.432,34.1,294.8986,23.0,69.25769000000001,,31.81818
2021-12-29,175.8105,370.5094,167.3325,205.3869,398.432,34.1,295.1612,23.0,69.25769000000001,,31.81818
2021-12-30,175.8105,370.5094,167.3325,205.3869,398.432,34.1,297.1814,23.0,69.25769000000001,,31.81818
2021-12-31,175.8105,370.5094,167.3325,205.3869,398.432,34.1,297.1814,23.0,69.65769,,31.72727
2022-01-01,175.8105,370.5094,167.3325,205.3869,398.432,34.1,297.1814,23.0,69.65769,,31.72727
2022-01-02,175.8105,370.5094,167.3325,205.3869,398.432,34.1,297.1814,23.0,69.65769,,31.72727
2022-01-03,175.8105,370.5094,167.3325,205.744,398.432,34.1,306.04,23.0,69.65769,,31.72727
2022-01-04,175.8105,370.5094,167.3325,205.744,398.432,34.1125,307.5551,23.0,69.65769,,31.72727
2022-01-05,175.8105,371.985,167.3325,205.744,398.7653,34.18718000000001,307.5551,22.125,69.65769,,31.72727
2022-01-06,173.6103,371.985,167.3325,205.744,398.7653,34.18718000000001,308.5652,21.625,69.65769,,31.72727
2022-01-07,174.5846,371.985,167.3325,205.7324,398.7922,34.18718000000001,309.3228,21.625,69.55556,,31.72727
2022-01-08,174.5846,371.985,167.3325,205.7324,398.7922,34.18718000000001,309.3228,21.625,69.55556,,31.72727
2022-01-09,174.5846,371.985,167.3325,205.7324,398.7922,34.18718000000001,309.3228,21.625,69.55556,,31.72727
2022-01-10,174.5846,371.985,167.3325,205.965,398.7922,34.18718000000001,311.242,21.625,69.74074,,31.72727
2022-01-11,174.9692,372.1239,167.3325,205.965,398.7922,34.18718000000001,316.3525,21.625,69.74074,,31.72727
2022-01-12,175.2256,372.1239,167.4881,205.965,398.7922,34.18718000000001,315.6562,21.625,69.74074,,31.72727
2022-01-13,177.0205,372.1239,167.4881,205.965,398.7922,34.18718000000001,316.06,21.625,69.74074,,31.72727
2022-01-14,178.0462,371.8461,167.4881,205.965,398.6835,34.52051,316.06,21.625,69.74074,,32.45454
2022-01-15,178.0462,371.8461,167.4881,205.965,398.6835,34.52051,316.06,21.14286,69.74074,,32.45454
2022-01-16,178.0462,371.8461,167.4881,205.965,398.6835,34.52051,316.06,21.14286,69.74074,,32.45454
2022-01-17,178.0462,370.735,167.4881,205.965,398.6835,34.52051,318.03,21.14286,69.74074,,32.45454
2022-01-18,178.0462,370.735,167.4881,205.965,398.6835,34.52051,318.03,21.14286,69.74074,,32.0
2022-01-19,179.0718,369.8183,168.0325,205.965,399.3357,34.52051,318.03,21.14286,69.74074,,32.0
2022-01-20,179.0718,369.8183,168.0325,205.965,399.3357,34.52051,318.03,20.14286,69.74074,,32.0
2022-01-21,178.5737,369.8183,168.0325,205.965,399.3357,34.52051,318.0804,20.14286,69.74074,,32.0
2022-01-22,178.5737,369.8183,168.0325,205.965,399.3357,34.52051,318.0804,20.14286,69.74074,,32.0
2022-01-23,178.5737,369.8183,168.0325,205.965,399.3357,34.52051,318.0804,20.14286,69.74074,,32.0
2022-01-24,178.5737,369.8183,167.8936,205.965,398.4661,34.52051,318.0804,20.14286,69.74074,,32.0
2022-01-25,178.5737,369.8183,167.4492,205.965,397.4878,34.52051,318.0804,20.14286,69.74074,,32.0
2022-01-26,178.5737,370.1913,167.3381,205.3836,397.4878,34.52051,318.0804,20.14286,69.74074,,32.0
2022-01-27,178.5737,369.6068,167.2825,205.2673,397.4878,34.52051,333.0519,20.14286,69.74074,,32.0
2022-01-28,189.5445,369.6068,167.7603,205.2673,397.5413,34.52051,335.8375,20.14286,69.74074,,32.0
2022-01-29,189.5445,369.6068,167.7603,205.2673,397.5413,34.52051,335.8375,20.14286,69.74074,,32.0
2022-01-30,189.5445,369.6068,167.7603,205.2673,397.5413,34.52051,335.8375,20.14286,69.74074,,32.0
2022-01-31,189.5445,369.6068,167.7603,205.2673,397.5413,34.52051,334.2634,19.0,69.74074,,32.0
2022-02-01,190.255,369.6068,167.7603,205.2673,397.5413,34.52051,334.2634,19.0,69.74074,,32.0
2022-02-02,190.255,369.6068,172.9905,205.2673,384.0306,34.52051,332.3852,19.0,69.74074,,32.0
2022-02-03,190.255,369.6068,173.2981,205.0929,335.8139,34.52051,332.3852,19.0,69.74074,,32.0
2022-02-04,190.255,369.6068,174.2141,206.1696,334.6183,34.52051,332.3852,19.0,69.74074,,32.0
2022-02-05,190.255,369.6068,174.2141,206.1696,334.6183,34.52051,332.3852,19.0,69.74074,,32.0
2022-02-06,190.5322,369.6068,174.2141,206.1696,332.25,34.52051,332.3852,19.0,69.74074,,32.0
2022-02-07,190.5322,370.6697,173.9928,205.7836,328.5869,34.52051,332.3852,19.0,69.74074,,32.0
2022-02-08,189.8024,370.6697,173.9928,205.7103,329.5145,34.52051,332.9567,19.0,69.74074,,32.0
2022-02-09,189.8024,370.6697,173.9928,205.7103,329.5145,34.52051,333.8005,19.0,69.74074,,32.0
2022-02-10,189.8024,370.8829,173.9928,205.6788,329.1496,34.52051,333.8005,19.0,69.74074,,32.0
2022-02-11,189.8024,370.8829,173.851,205.6788,327.3788,34.52051,334.2634,19.0,69.74074,,32.0
2022-02-12,189.8024,370.8829,173.851,205.6788,327.3788,34.52051,334.2634,19.0,69.74074,,32.0
2022-02-13,189.8024,370.8829,173.851,205.6788,327.3788,34.58684,334.2634,19.0,69.74074,,32.0
2022-02-14,189.8511,370.8829,173.851,205.6788,327.3788,34.58684,334.2634,19.0,69.74074,,32.0
2022-02-15,189.8511,370.8829,173.851,205.6788,327.9613,34.58684,334.2634,19.0,69.74074,,32.0
2022-02-16,189.8511,370.8829,174.0861,205.6788,327.9613,34.58684,334.2634,19.0,69.74074,,32.0
2022-02-17,189.8511,370.8829,174.0444,205.6788,327.9613,34.70769,334.2634,14.428572,69.74074,,31.54545
2022-02-18,189.8511,370.8829,174.0444,205.6788,326.3655,34.63808,334.2634,14.428572,69.74074,,31.54545
2022-02-19,189.8511,370.8829,174.0444,205.6788,326.3655,34.63808,334.2634,12.833333,69.74074,,31.54545
2022-02-20,189.8511,370.8829,174.0444,205.6788,326.3655,34.63808,334.2634,12.833333,69.74074,,31.54545
2022-02-21,189.8511,370.8829,174.0444,205.6788,326.3655,34.63808,334.2634,12.833333,69.74074,,31.54545
2022-02-22,189.8511,370.8829,174.0444,205.6788,326.3655,34.63808,334.2634,12.333333,69.74074,,31.54545
2022-02-23,189.8511,370.8829,174.0444,205.6788,326.3655,34.52526,334.2634,12.333333,69.74074,,20.77273
2022-02-24,189.8511,370.8829,174.0444,205.6788,324.0251,34.46212000000001,333.5227,12.333333,69.74074,,19.59091
2022-02-25,189.8511,370.8829,174.0444,205.6788,324.0251,34.46212000000001,334.9116,12.333333,69.74074,,19.59091
2022-02-26,189.8511,370.8829,174.0444,205.6788,324.0251,34.46212000000001,334.9116,12.333333,69.74074,,19.59091
2022-02-27,189.8511,369.8257,174.0444,205.6788,324.0251,34.46212000000001,334.9116,12.333333,69.74074,,19.59091
2022-02-28,189.8511,369.8257,174.0444,205.6788,324.0251,34.46212000000001,334.9116,12.333333,69.74074,,19.59091
2022-03-01,189.8511,369.8257,174.3385,205.6689,322.5357,34.46212000000001,334.9116,12.333333,69.74074,,17.68182
2022-03-02,189.9592,369.8257,174.3385,205.7977,320.94,34.40207,333.0597,12.333333,69.74074,,17.68182
2022-03-03,189.9592,369.8257,174.3385,205.7977,320.94,34.40207,333.0597,12.333333,69.74074,,17.68182
2022-03-04,189.9592,369.8257,174.3385,205.7977,320.94,34.16631,333.0597,12.333333,70.40714000000001,,17.5
2022-03-05,189.9592,369.8257,174.3385,205.7977,320.94,34.16631,333.0597,12.333333,70.40714000000001,,17.5
2022-03-06,189.9592,369.8257,174.3385,205.7977,320.94,34.16631,333.0597,12.333333,70.40714000000001,,17.5
2022-03-07,189.9592,369.8257,174.3385,205.7693,317.5663,34.16631,333.0597,12.857142,70.40714000000001,,17.5
2022-03-08,189.8192,370.0986,174.0125,205.7693,316.7329,34.16631,333.0597,13.125,70.40714000000001,,17.5
2022-03-09,189.8469,370.0986,173.6611,205.7522,315.6772,34.16631,333.0505,13.125,70.40714000000001,,17.5
2022-03-10,189.8469,370.0986,173.6611,205.7522,315.6772,34.16631,333.0505,13.125,70.40714000000001,,17.5
2022-03-11,189.8469,370.0986,173.6611,205.7522,315.6772,34.16631,333.0505,13.125,70.40714000000001,,17.5
2022-03-12,189.8469,370.0986,173.6611,205.7522,315.6772,34.16631,333.0505,13.125,70.40714000000001,,17.5
2022-03-13,189.8469,370.0986,173.6611,205.7522,315.6772,34.16631,333.0505,13.125,70.40714000000001,,17.5
2022-03-14,189.8469,370.0986,173.6611,205.7522,314.7996,34.16631,333.0505,13.125,70.40714000000001,,17.5
2022-03-15,189.8469,370.0986,173.6611,205.7522,314.7996,34.16631,332.2171,13.125,70.40714000000001,,17.5
2022-03-16,189.8469,370.0986,173.6611,205.7522,314.7996,34.083,332.2171,13.125,70.40714000000001,,17.5
2022-03-17,189.8469,370.0986,173.6611,205.7522,314.7996,34.07207,332.2171,13.125,70.40714000000001,,17.5
2022-03-18,189.8469,370.0986,173.6611,205.7522,314.7996,33.99179,329.6894,13.125,70.40714000000001,,17.5
2022-03-19,189.8469,370.0986,173.6611,205.7522,314.7996,33.99179,329.6894,13.125,70.40714000000001,,17.5
2022-03-20,189.8469,370.0986,173.6611,205.7522,314.7996,33.99179,329.6894,13.125,70.40714000000001,,17.5
2022-03-21,189.8469,370.0986,173.6611,205.7522,314.7996,33.99179,329.6894,13.125,70.40714000000001,,17.31818
2022-03-22,189.8469,370.0986,173.6611,205.7522,314.7996,33.99179,329.6894,13.125,70.40714000000001,,17.31818
2022-03-23,189.8469,370.0986,173.6755,205.7522,314.7996,33.99179,326.3468,13.125,70.40714000000001,,17.31818
2022-03-24,189.8469,370.0986,173.6755,205.7522,314.7996,33.99179,326.3468,13.125,70.40714000000001,,17.31818
2022-03-25,191.6426,371.6729,174.0339,206.9727,314.7329,34.34713,325.6805,13.125,70.46072000000001,,17.31818
2022-03-26,191.6426,371.6729,174.0339,206.9727,314.7329,34.34713,325.6805,13.125,70.46072000000001,,17.31818
2022-03-27,191.6426,371.6729,174.0339,206.9727,314.7329,34.34713,325.6805,13.125,70.46072000000001,,17.31818
2022-03-28,191.6426,371.3871,173.5172,205.4845,314.2121,34.34713,325.6805,13.125,70.46072000000001,,17.31818
2022-03-29,191.6426,371.3871,173.5172,205.4845,314.2121,34.34713,325.6805,13.125,70.46072000000001,,17.31818
2022-03-30,191.6426,371.3871,173.5172,205.4845,314.2121,34.34713,325.6805,13.125,70.46072000000001,,17.31818
2022-03-31,191.6426,371.3871,173.5172,205.4845,314.2121,34.34713,326.7186,13.125,70.46072000000001,,16.31818
2022-04-01,191.6426,370.6542,173.5172,205.4845,314.2121,34.34713,333.7789,13.125,70.46072000000001,,16.31818
2022-04-02,191.6426,370.6542,173.5172,205.4845,314.2121,34.34713,333.7789,13.125,70.46072000000001,,16.31818
2022-04-03,191.6426,370.6542,173.5172,205.4845,314.2121,34.34713,333.7789,13.125,70.46072000000001,,16.31818
2022-04-04,191.6426,370.6542,173.5172,205.4845,314.6288,34.34713,334.6613,13.125,70.46072000000001,,16.31818
2022-04-05,191.6426,370.6542,173.5172,205.4845,314.6288,34.34713,334.6613,13.125,70.46072000000001,,16.31818
2022-04-06,191.6426,370.6542,173.5172,205.4845,314.6288,34.21712,336.6221,13.125,70.35714,,16.31818
2022-04-07,191.6426,370.6542,173.4061,205.3733,314.6288,34.21712,336.6221,13.125,70.35714,,16.31818
2022-04-08,191.6426,370.6542,173.4061,205.3733,314.6288,33.87962,336.6221,13.888889,70.46786,,16.31818
2022-04-09,191.6426,370.6542,173.4061,205.3733,314.6288,33.87962,336.6221,13.888889,70.46786,,16.31818
2022-04-10,191.6426,370.6542,173.4061,205.3733,314.6288,33.87962,336.6221,13.888889,70.46786,,16.31818
2022-04-11,191.6426,370.7716,173.1472,205.3733,313.0663,33.67963,336.6221,13.888889,70.46786,,16.31818
2022-04-12,190.3469,370.7716,173.1472,205.3733,313.0663,33.51712000000001,336.6221,13.888889,70.2,,16.31818
2022-04-13,190.3469,369.8257,173.0657,205.3733,312.0246,33.51712000000001,336.6221,13.888889,70.2,,16.31818
2022-04-14,190.3469,369.5671,173.0657,205.3733,311.6079,33.22013,335.7397,13.888889,70.2,,16.31818
2022-04-15,190.3469,369.5671,173.0657,205.3733,311.6079,33.22013,336.72,13.888889,70.2,,16.31818
2022-04-16,190.3469,369.5671,173.0657,205.3733,311.6079,33.22013,336.72,13.888889,70.2,,16.31818
2022-04-17,190.3469,369.5671,173.0657,205.3733,311.6079,33.22013,336.72,13.888889,70.2,,16.31818
2022-04-18,190.1754,368.0934,173.1367,204.0391,307.9629,33.1432,336.72,14.222222,70.2,,16.31818
2022-04-19,190.1754,368.0934,173.7058,203.7239,308.82,33.1432,336.6024,14.222222,70.2,,16.31818
2022-04-20,190.1754,366.2513,173.5994,203.6152,307.5139,33.1432,336.6024,14.388889,70.2,,16.31818
2022-04-21,190.1754,365.4619,173.5994,203.4522,306.1873,33.05859,348.4445,14.5,70.2,,16.31818
2022-04-22,190.0403,365.0671,173.5994,202.9794,304.1465,32.79462,348.4445,14.5,70.20741000000001,,16.31818
2022-04-23,190.0403,365.0671,173.5994,202.9794,304.1465,32.79462,348.4445,14.5,70.20741000000001,,16.31818
2022-04-24,190.0403,365.0671,173.5994,202.9794,304.1465,32.79462,348.4445,14.5,70.20741000000001,,16.31818
2022-04-25,190.0403,365.0671,173.2409,202.9794,304.1465,32.79462,348.4445,14.5,70.20741000000001,,16.31818
2022-04-26,190.0403,365.0671,172.7622,202.9794,304.1465,32.79462,348.4445,14.5,70.20741000000001,,16.31818
2022-04-27,190.0403,361.7679,164.3952,202.9794,304.1465,32.79462,348.4445,14.5,70.20741000000001,,16.79545
2022-04-28,190.0403,361.3653,164.3952,202.9794,286.4731,32.79462,348.4445,14.5,70.20741000000001,,16.88636
2022-04-29,189.1346,360.9705,165.5652,185.1826,291.6036,32.79462,348.4445,14.5,70.20741000000001,,16.88636
2022-04-30,189.1346,360.9705,165.5652,185.1826,291.6036,32.79462,348.4445,14.5,70.20741000000001,,16.88636
2022-05-01,189.1346,360.9705,165.5652,185.1826,291.6036,32.79462,348.4445,14.5,70.20741000000001,,16.88636
2022-05-02,189.1346,360.9705,165.2354,185.1826,291.4036,32.79462,348.4445,14.5,70.20741000000001,,16.88636
2022-05-03,189.1346,360.9705,165.2354,183.3359,291.4036,32.524,348.4445,14.5,70.20741000000001,,16.88636
2022-05-04,189.1346,360.9705,165.2354,183.3359,291.4036,32.524,348.4445,14.5,70.20741000000001,,16.88636
2022-05-05,189.0258,360.9705,165.2354,183.3359,291.4036,32.524,348.4445,14.5,70.20741000000001,,16.88636
2022-05-06,189.0258,361.267,165.2354,183.3359,291.4036,32.524,347.0988,14.166667,70.20741000000001,,16.88636
2022-05-07,189.0258,361.267,165.2354,183.3359,291.4036,32.524,342.873,14.166667,70.20741000000001,,16.88636
2022-05-08,189.0258,361.267,165.2354,183.3359,291.4036,32.524,342.873,14.166667,70.20741000000001,,16.88636
2022-05-09,189.0258,361.267,165.2354,183.3359,291.4036,32.524,347.9588,10.722222,70.20741000000001,,16.88636
2022-05-10,189.0258,361.267,165.2354,183.3359,290.9036,32.524,347.3873,10.722222,70.20741000000001,,16.88636
2022-05-11,189.0258,360.7074,165.2354,183.3359,290.9036,32.23134,347.3873,10.722222,70.20741000000001,,16.70455
2022-05-12,189.0258,360.7074,165.2354,183.3359,289.636,32.23134,346.53,10.722222,70.20741000000001,,16.70455
2022-05-13,189.0508,360.7074,165.2354,183.3359,289.636,32.17524,342.9588,10.722222,70.05926000000001,,16.52273
2022-05-14,189.0508,360.7074,165.2354,183.3359,289.6286,32.17524,342.9588,10.722222,70.05926000000001,,16.52273
2022-05-15,189.0508,360.7074,165.2354,182.7433,289.6286,32.17524,342.9588,10.722222,70.05926000000001,,16.52273
2022-05-16,189.0508,360.7074,165.2354,181.8544,289.0163,32.17524,338.9016,10.722222,70.05926000000001,,16.52273
2022-05-17,189.0508,360.7074,165.2354,181.8544,288.5061,31.95573,338.9016,10.722222,69.96667000000001,,16.52273
2022-05-18,189.0508,358.1589,163.9133,181.5961,287.4646,31.39476,335.0921,10.722222,69.96667000000001,,16.52273
2022-05-19,188.6662,358.1589,163.9133,181.5961,287.4646,31.39476,335.0921,10.722222,69.96667000000001,,16.52273
2022-05-20,188.6662,356.1319,163.9133,181.5961,287.4646,30.69963,335.0921,10.722222,69.96667000000001,,16.52273
2022-05-21,188.6662,356.1319,163.9133,181.5961,287.4646,30.69963,335.0921,10.722222,69.96667000000001,,16.52273
2022-05-22,188.6662,356.1319,163.9133,181.5961,287.4646,30.69963,335.0921,10.722222,69.96667000000001,,16.52273
2022-05-23,188.6662,356.1319,163.3155,181.5961,287.0479,30.66793,331.7588,10.722222,69.96667000000001,,16.52273
2022-05-24,187.8969,356.1319,163.3155,179.6239,287.0479,30.66793,329.854,10.722222,69.96667000000001,,16.52273
2022-05-25,187.8969,356.1319,162.8264,179.6239,286.0063,30.66305,329.854,10.722222,70.26363,,16.52273
2022-05-26,187.8969,356.1319,162.8264,179.6239,286.0063,26.024,329.854,10.722222,70.29,,16.52273
2022-05-27,187.8969,356.1319,162.8264,179.1239,286.0063,25.99468,325.8386,10.722222,70.29,,16.52273
2022-05-28,187.8969,356.1319,162.8264,179.1239,286.0063,25.99468,325.8386,10.722222,70.29,,16.52273
2022-05-29,187.8969,356.1319,162.8264,179.1239,286.0063,25.99468,325.8386,10.722222,70.29,,16.52273
2022-05-30,187.8969,356.1319,162.8264,179.1239,286.0063,25.99468,323.9868,10.722222,69.8,,16.34091
2022-05-31,187.8969,356.1319,162.8264,178.9572,286.0063,25.99468,323.9868,10.722222,69.8,,16.34091
2022-06-01,187.8969,355.3211,162.2883,178.6239,285.1729,25.82395,323.9868,10.722222,70.17273,,16.34091
2022-06-02,187.8969,355.3211,162.2883,178.6239,285.1729,25.82395,323.1534,10.722222,70.17273,,16.34091
2022-06-03,187.8969,355.267,162.2883,178.5739,285.1729,25.82395,323.1534,10.74,70.17273,,16.34091
2022-06-04,187.8969,355.267,162.2883,178.5739,285.1729,25.82395,323.1534,10.74,70.17273,,16.34091
2022-06-05,187.8969,355.267,162.2883,178.5739,285.1729,25.82395,323.1534,10.74,70.17273,,16.34091
2022-06-06,187.8969,355.267,162.2883,178.5017,285.1729,25.82395,323.1534,10.74,70.17273,,16.34091
2022-06-07,187.8969,355.267,162.2883,178.5017,285.1729,25.82395,323.1534,10.74,70.17273,,16.34091
2022-06-08,187.8969,354.5103,162.2883,178.0131,285.1729,25.82395,323.1534,10.74,70.17273,,16.34091
2022-06-09,187.8969,354.5103,162.2883,177.6722,284.9646,25.82395,323.57,10.74,70.17273,,16.34091
2022-06-10,187.2559,354.3751,162.2883,177.6835,285.3894,25.7142,322.8664,10.74,69.99091,,16.34091
2022-06-11,187.2559,354.3751,162.2883,177.6835,285.3894,25.7142,322.8664,10.74,69.99091,,16.34091
2022-06-12,187.2559,354.3751,162.2883,177.6835,285.3894,25.7142,322.8664,10.74,69.99048,,16.34091
2022-06-13,186.5123,354.3751,162.2883,176.82,285.3894,25.7142,322.8664,10.74,69.99048,,16.34091
2022-06-14,186.2559,354.3751,162.2883,176.82,285.3894,25.7142,322.8664,10.74,69.99048,,16.34091
2022-06-15,186.2559,353.5643,162.2883,176.8767,283.3681,25.7142,322.8664,10.74,69.99048,,16.34091
2022-06-16,186.2559,353.5643,161.3803,176.8767,284.7457,25.7142,322.8664,10.74,69.99048,,16.34091
2022-06-17,186.2559,353.5643,161.0425,176.8767,285.54,25.67761,321.2532,10.74,69.75238,,16.34091
2022-06-18,186.2559,353.5643,161.0425,176.8767,285.54,25.67761,321.2532,10.74,69.75238,,16.34091
2022-06-19,186.2559,353.5643,161.0425,176.8767,285.54,25.67761,321.2532,10.74,69.75238,,16.34091
2022-06-20,186.2559,353.5643,161.0425,176.8767,285.54,25.67761,321.2532,10.74,69.75238,,16.34091
2022-06-21,186.2559,353.5643,161.0425,176.8767,285.54,25.67761,321.2532,10.945455,69.75238,,16.34091
2022-06-22,186.2559,353.5643,159.5369,175.604,283.54,25.67761,320.3524,10.866667,69.75238,,16.34091
2022-06-23,186.2559,352.9157,159.5369,175.604,283.54,25.67761,317.8749,10.866667,69.75238,,16.34091
2022-06-24,185.4867,352.9157,159.5369,175.604,283.54,25.67761,317.8749,10.866667,69.75238,,16.34091
2022-06-25,185.4867,352.9157,159.5369,175.604,283.54,25.67761,317.8749,10.866667,69.75238,,16.34091
2022-06-26,185.4867,352.9157,159.5369,175.604,283.54,25.55205,317.8749,10.866667,69.75238,,16.34091
2022-06-27,185.4867,352.9157,159.5369,175.604,283.54,25.68159,316.2082,10.866667,69.75238,,16.34091
2022-06-28,185.4867,352.9157,159.0925,173.9676,281.3178,25.68159,316.2082,10.866667,69.75238,,16.34091
2022-06-29,185.4867,352.9157,158.9814,173.9676,280.7622,25.55338,316.2082,10.866667,69.01428,,16.34091
2022-06-30,185.4867,352.9157,158.7592,173.9676,278.7622,25.55338,316.2082,10.866667,69.01428,,16.34091
2022-07-01,185.4867,352.9157,157.7592,173.9676,277.7622,25.42518,312.3343,10.866667,69.01428,,16.34091
2022-07-02,185.4867,352.9157,157.7592,173.9676,277.7622,25.42518,312.3343,10.866667,69.01428,,16.34091
2022-07-03,185.4867,352.9157,157.7592,173.9676,277.7622,25.42518,312.3343,10.866667,69.01428,,16.34091
2022-07-04,185.4867,352.9157,157.7592,173.9676,277.7622,25.42518,312.3343,10.866667,69.01428,,16.34091
2022-07-05,184.7944,352.9157,157.548,173.9676,276.7622,25.42518,312.2442,10.866667,69.01428,,16.06818
2022-07-06,184.7944,351.213,157.0378,173.6722,276.7622,25.42518,312.2442,10.866667,69.01428,,15.704545
2022-07-07,184.7944,350.1319,157.0378,173.6722,276.7622,25.46268,312.2442,10.866667,69.01428,,15.431818
2022-07-08,184.1533,349.0508,157.0378,173.6722,275.3178,25.25216,311.5235,10.866667,69.01428,,14.795455
2022-07-09,184.1533,349.0508,157.0378,173.6722,275.3178,25.25216,311.5235,10.866667,69.01428,,14.795455
2022-07-10,184.1533,349.0508,157.0378,173.6722,275.3178,25.25216,311.5235,10.866667,69.01428,,14.795455
2022-07-11,183.6662,349.0508,157.0378,173.6722,275.3178,24.691,311.5235,10.866667,69.01428,,14.704545
2022-07-12,183.0251,348.5643,156.8105,173.104,274.7622,24.58574,307.7203,10.866667,69.01428,,14.704545
2022-07-13,182.2046,346.8916,155.3936,171.4628,269.2022,24.08047,307.6078,10.866667,68.39524,,14.704545
2022-07-14,182.2046,345.839,155.1714,171.085,268.2239,23.81468,307.1804,10.866667,68.03809000000001,,14.704545
2022-07-15,182.2046,345.839,154.6269,171.085,267.5717,24.03738,307.3941,10.866667,68.03809000000001,,14.431818
2022-07-16,182.2046,345.839,154.6269,171.085,267.5717,24.03738,307.3941,10.866667,68.03809000000001,,14.431818
2022-07-17,182.2046,345.839,154.6269,171.085,267.5717,24.03738,302.3255,10.866667,68.03809000000001,,14.431818
2022-07-18,181.6918,344.6811,153.5605,170.7961,265.7674,23.99892,306.8478,10.866667,67.72857,,14.431818
2022-07-19,181.5636,343.3653,152.5592,170.6072,265.7674,23.99892,306.8478,11.569231,67.72857,,14.431818
2022-07-20,181.5636,342.5103,151.515,168.5739,263.2979,23.99892,306.8478,11.569231,67.72857,,14.431818
2022-07-21,182.5258,341.6995,150.7247,168.1438,262.3109,23.99892,310.3028,11.2,67.72857,,14.431818
2022-07-22,182.5258,339.8346,150.0677,167.8028,258.7239,23.7499,311.5139,11.2,67.72857,,14.431818
2022-07-23,182.5258,339.8346,150.0677,167.8028,258.7239,23.7499,311.5139,11.2,67.72857,,14.431818
2022-07-24,182.5258,339.8346,150.0677,167.8028,258.7239,23.7499,311.5139,11.2,67.72857,,14.431818
2022-07-25,181.3328,338.4442,149.2253,166.985,257.2191,23.7499,311.5139,11.2,67.72857,,14.431818
2022-07-26,180.9482,338.4442,148.873,166.985,257.2191,23.7499,311.5139,11.2,67.72857,,14.431818
2022-07-27,180.9482,329.2492,143.78,166.985,257.2191,23.7499,311.5139,11.2,67.72857,,14.431818
2022-07-28,180.9482,329.2492,143.8514,166.985,227.3681,23.7499,311.5139,10.945455,67.72857,,14.431818
2022-07-29,181.1233,329.2492,143.8514,170.906,227.1553,23.7499,311.5139,10.945455,67.72857,,14.431818
2022-07-30,181.1233,329.2492,143.8514,170.906,227.1553,23.7499,314.2733,10.945455,67.72857,,14.431818
2022-07-31,181.1233,329.2492,143.8514,170.906,227.1553,23.7499,314.2733,10.945455,67.72857,,14.431818
2022-08-01,181.5336,329.2492,143.4258,170.906,227.1553,23.7499,314.264,11.127273,67.72857,,14.431818
2022-08-02,181.0213,328.1681,143.4258,170.906,220.2191,23.7499,314.264,11.127273,67.72857,,14.431818
2022-08-03,181.0213,327.5041,143.4258,170.906,218.0915,23.7499,314.264,11.127273,67.72857,,14.795455
2022-08-04,181.0213,327.5041,143.4258,170.406,218.0915,23.7499,314.264,11.127273,67.72857,,14.795455
2022-08-05,181.0213,328.1257,143.3259,170.406,218.0915,23.68579,320.0212,11.127273,67.72857,,14.795455
2022-08-06,181.0213,328.1257,143.3259,170.406,218.0915,23.68579,320.0212,11.127273,67.72857,,14.795455
2022-08-07,181.1797,328.1257,141.4318,170.406,218.8109,23.68579,320.0212,11.127273,67.72857,,14.795455
2022-08-08,181.1797,328.1257,141.4318,170.406,218.8109,22.6422,320.0212,10.581819,67.72857,,14.795455
2022-08-09,181.1797,328.1257,141.4318,170.406,218.8109,22.6422,320.0212,10.4,67.72857,,14.795455
2022-08-10,181.1797,327.175,141.4318,170.406,220.2239,22.6422,320.0212,10.4,67.72857,,14.795455
2022-08-11,181.1797,327.175,141.4318,170.406,220.2239,22.6422,320.0212,10.4,67.72857,,14.795455
2022-08-12,181.7061,327.175,141.4318,169.915,220.2239,22.6422,320.0212,10.4,67.72857,,14.795455
2022-08-13,181.7061,327.175,141.4318,169.915,220.2239,22.6422,320.0212,10.4,67.72857,,14.795455
2022-08-14,181.7061,327.175,141.4318,169.915,220.2239,22.6422,320.0212,10.4,67.72857,,14.795455
2022-08-15,182.6271,327.175,141.6591,169.915,220.4413,22.6422,320.0212,10.4,67.72857,,14.795455
2022-08-16,182.6271,327.175,141.6591,169.915,220.4413,22.6422,320.0212,10.4,67.72857,,14.795455
2022-08-17,182.7792,327.175,141.6591,169.915,220.4413,22.6422,320.0212,10.79,67.72857,,14.795455
2022-08-18,182.7792,327.175,141.6591,169.4444,220.4413,22.6422,320.0212,10.79,67.72857,,14.795455
2022-08-19,182.7792,327.175,141.8182,169.4444,219.0391,22.19429,320.0212,10.79,67.72857,,14.795455
2022-08-20,182.7792,327.175,141.8182,169.4444,217.0444,22.19429,320.0212,10.79,67.72857,,14.795455
2022-08-21,182.3897,327.175,141.8182,169.4444,217.0444,22.19429,320.0212,10.79,67.72857,,14.795455
2022-08-22,182.8657,327.175,141.8182,169.4444,217.0444,22.19429,320.0212,10.79,67.72857,,14.795455
2022-08-23,182.8657,327.175,141.8182,169.4444,217.0444,22.19429,314.2805,10.79,67.72857,,14.795455
2022-08-24,182.8657,327.175,141.8182,169.4444,217.0444,22.19429,314.299,10.79,67.72857,,14.795455
2022-08-25,182.8657,327.175,141.8182,169.4444,217.0444,21.23358,319.317,10.79,67.72857,,14.795455
2022-08-26,182.8657,327.175,141.8182,169.4444,217.0444,21.23358,314.2619,10.79,67.72857,,14.795455
2022-08-27,182.8657,327.175,141.8182,169.4444,217.0444,21.23358,314.2619,10.79,67.72857,,14.795455
2022-08-28,182.8657,327.175,141.8182,169.4444,217.0444,21.23358,314.2619,10.79,67.72857,,14.795455
2022-08-29,182.8657,327.175,141.8182,169.4444,217.0444,21.23358,314.6786,10.52,67.72857,,14.795455
2022-08-30,182.8657,327.175,141.8182,169.4444,217.0444,21.23358,316.0953,10.52,67.72857,,14.795455
2022-08-31,182.8657,327.175,141.8182,169.4444,217.0444,21.0099,316.5582,10.52,67.72857,,14.613636
2022-09-01,182.8657,327.175,141.8182,169.4444,217.0444,20.75463,316.5582,10.52,67.72857,,14.613636
2022-09-02,182.8657,327.175,141.8636,169.4444,217.0,20.75463,317.7323,10.52,66.31818000000001,,14.613636
2022-09-03,182.8657,327.175,141.8636,169.4444,217.0,20.75463,317.7323,10.52,66.42857000000001,,14.613636
2022-09-04,182.8657,327.175,141.8636,169.4444,217.0,20.75463,319.124,10.52,66.42857000000001,,14.613636
2022-09-05,182.8657,327.175,141.8636,169.4444,217.0,20.75463,319.124,10.52,66.42857000000001,,14.613636
2022-09-06,182.8657,327.175,141.8636,169.4444,217.0,20.54297,319.411,10.52,66.42857000000001,,14.613636
2022-09-07,182.8657,327.175,141.7907,168.75,217.0,20.32836,319.411,10.52,66.75,,14.613636
2022-09-08,182.8657,327.175,141.7907,168.75,217.0,20.32836,319.411,10.52,66.33334,,14.613636
2022-09-09,182.4873,327.175,141.7907,168.75,216.6667,20.32836,319.411,10.52,66.33334,,14.613636
2022-09-10,182.4873,327.175,141.7907,168.75,216.6667,20.32836,319.411,10.52,66.33334,,14.613636
2022-09-11,182.4873,327.175,141.7907,168.75,216.6667,20.32836,319.411,10.52,66.33334,,14.613636
2022-09-12,182.4873,327.175,141.7907,168.75,216.6667,20.32836,319.411,10.52,66.33334,,14.613636
2022-09-13,182.4873,327.175,141.7907,168.75,216.6667,20.27708,319.411,10.52,66.33334,,14.613636
2022-09-14,182.4873,327.175,141.7209,168.75,216.6667,20.27708,319.411,10.52,66.33334,,14.613636
2022-09-15,182.4873,327.175,141.7209,168.75,216.6667,20.27708,320.1054,10.52,66.33334,,14.613636
2022-09-16,182.6224,327.175,141.7209,168.75,216.6667,20.27708,320.1054,10.52,65.9119,,14.613636
2022-09-17,182.6224,327.175,141.7209,168.75,216.6667,20.27708,320.1054,10.52,65.9119,,14.613636
2022-09-18,182.6224,327.175,141.7209,168.75,216.6667,20.27708,320.1054,10.52,65.9119,,14.613636
2022-09-19,182.6224,327.175,141.7209,168.75,216.6667,20.27708,320.1053,10.52,65.9119,,14.613636
2022-09-20,182.6224,327.175,141.7209,168.75,216.6667,20.20015,320.1053,10.52,65.9119,,14.613636
2022-09-21,182.6224,326.0936,141.7209,168.75,216.6667,20.20015,320.1053,10.52,65.9119,,14.613636
2022-09-22,182.6224,326.0936,141.7209,168.75,216.6667,20.20015,320.1979,10.52,65.9119,,14.522727
2022-09-23,183.8342,326.0936,141.7209,167.3111,216.6667,20.20015,320.3183,10.52,65.9119,,14.522727
2022-09-24,183.8342,326.0936,141.7209,167.3111,216.6667,20.20015,320.3183,10.52,65.9119,,14.522727
2022-09-25,183.8342,326.0936,141.7209,167.3111,216.6667,20.20015,320.3183,10.52,65.9119,,14.522727
2022-09-26,183.8342,326.0936,141.7209,167.3111,216.6667,20.20015,320.3183,10.52,65.9119,,14.340909
2022-09-27,183.8342,326.0936,141.7261,167.0889,216.2222,20.20015,319.7534,10.52,65.9119,,14.340909
2022-09-28,184.6397,325.4413,141.7261,167.0889,216.2222,20.17451,319.7534,10.52,65.9119,,14.340909
2022-09-29,183.9453,325.4413,141.7261,167.0889,216.2222,20.17451,319.7534,10.52,65.9119,,14.340909
2022-09-30,183.9453,326.7719,141.408,166.1364,216.2222,19.94515,318.1423,10.52,65.9119,,14.25
2022-10-01,183.9453,326.7719,141.408,166.1364,216.2222,19.94515,318.1423,10.52,65.9119,,14.25
2022-10-02,183.9453,326.7719,141.408,166.1364,216.2222,19.94515,318.1423,10.52,65.9119,,14.25
2022-10-03,183.9453,326.1622,141.408,165.9318,216.2222,19.94515,318.1331,10.52,65.9119,,14.068182
2022-10-04,183.9453,326.1622,141.067,165.9318,214.5111,19.94515,318.1331,10.52,65.9119,,14.068182
2022-10-05,183.9453,326.1622,141.067,165.9318,214.5111,19.94515,318.1331,10.52,65.9119,,14.068182
2022-10-06,183.9453,326.1622,141.067,165.9318,214.5111,19.94515,315.9507,10.52,65.9119,,14.340909
2022-10-07,183.5564,326.1622,140.84,165.9318,214.0667,19.89515,315.0617,10.52,65.9119,,14.340909
2022-10-08,183.5564,326.1622,140.84,165.9318,214.0667,19.89515,315.0617,10.52,65.9119,,14.340909
2022-10-09,183.5564,326.1622,140.84,165.9318,214.0667,19.89515,315.0617,10.52,65.9119,,14.340909
2022-10-10,183.5564,325.0646,140.84,165.9318,212.9556,19.80015,313.3673,10.52,65.9119,,14.340909
2022-10-11,183.5564,324.211,140.84,165.9318,212.9556,19.80015,314.284,10.52,65.9119,,14.159091
2022-10-12,182.7786,324.211,140.3852,165.4773,210.2889,19.49015,312.0617,10.52,65.57381000000001,,14.159091
2022-10-13,182.7786,323.3573,140.3852,165.4773,211.1522,19.49015,312.0617,10.52,65.57381000000001,,14.159091
2022-10-14,182.7786,322.1134,140.3852,164.3409,211.1522,19.49015,312.0617,10.52,65.28809000000001,,13.977273
2022-10-15,182.7786,322.1134,140.3852,164.3409,211.1522,19.49015,312.0617,10.52,65.28809000000001,,13.977273
2022-10-16,182.7786,322.1134,140.3852,164.3409,211.1522,19.49015,312.0617,10.52,65.28809000000001,,13.977273
2022-10-17,182.6953,321.0646,140.158,164.3409,210.6087,19.42765,311.7007,10.52,65.28809000000001,,13.977273
2022-10-18,182.6953,318.7476,140.0216,164.1136,209.6304,19.42765,311.4229,10.52,65.28809000000001,,13.977273
2022-10-19,182.6953,318.6663,139.7489,163.5227,208.8044,19.42765,311.4229,10.52,65.28809000000001,,14.340909
2022-10-20,182.6953,317.7913,139.5443,163.2955,207.7174,19.42765,307.7741,10.42,65.28809000000001,,14.340909
2022-10-21,182.6953,316.3244,138.9523,163.8372,206.2,19.30265,302.6352,10.42,65.28809000000001,,14.340909
2022-10-22,182.6953,316.3244,138.9523,163.8372,206.2,19.30265,302.6352,10.42,65.28809000000001,,14.340909
2022-10-23,182.6953,316.3244,138.9523,163.8372,206.2,18.96426,302.6352,10.42,65.28809000000001,,14.340909
2022-10-24,182.6953,316.3244,138.9523,163.2558,204.6222,18.92579,300.8852,10.42,65.28809000000001,,14.340909
2022-10-25,182.6953,316.3244,138.9523,163.2558,204.6222,18.92579,299.0333,10.42,65.28809000000001,,14.340909
2022-10-26,182.6953,299.1888,129.4989,163.2558,204.6222,18.92579,299.0333,10.42,65.28809000000001,,15.636364
2022-10-27,182.6953,298.8637,129.4989,163.2558,156.6087,18.92579,299.0333,10.42,65.28809000000001,,15.636364
2022-10-28,178.0205,297.8637,127.89478,138.1691,153.1778,18.92579,299.0333,10.42,65.28809000000001,,15.818182
2022-10-29,178.0205,297.8637,127.89478,138.1691,153.1778,18.92579,293.4343,10.42,65.28809000000001,,15.818182
2022-10-30,178.0205,297.8637,127.89478,138.1691,153.1778,18.92579,293.4343,10.42,65.28809000000001,,15.818182
2022-10-31,178.0205,297.3138,127.89478,138.1691,150.8222,18.92579,293.4343,10.32,65.28809000000001,,15.818182
2022-11-01,178.0205,297.3138,127.89478,138.1691,148.7556,18.92579,293.4343,10.32,65.28809000000001,,15.818182
2022-11-02,177.7911,294.8161,127.58568,137.4873,146.1756,18.92579,293.4343,10.32,65.28809000000001,,15.818182
2022-11-03,177.5749,292.73,127.58568,137.4873,146.1756,18.92579,293.4343,10.32,65.28809000000001,,15.818182
2022-11-04,176.2505,291.9743,127.13113,136.1895,146.1756,18.92579,293.4343,10.32,65.28809000000001,,15.818182
2022-11-05,176.2505,291.9743,126.66907,136.1895,146.1756,18.92579,293.4343,10.32,65.28809000000001,,15.818182
2022-11-06,176.2505,291.9743,126.66907,136.1895,146.1756,18.92579,293.4343,10.32,65.28809000000001,,15.818182
2022-11-07,175.3046,291.9743,126.66907,136.1895,146.1756,18.87451,293.4343,9.32,65.28809000000001,,15.818182
2022-11-08,175.3046,291.9743,126.08768,136.8076,145.9089,18.87451,291.8914,9.32,65.28809000000001,,15.818182
2022-11-09,175.3046,291.9743,126.08768,136.8076,145.3022,18.81041,290.4629,9.32,65.28809000000001,,15.818182
2022-11-10,175.3046,291.9743,126.08768,136.8076,145.737,18.81041,290.4629,9.32,65.28809000000001,,15.818182
2022-11-11,175.3046,291.9743,126.08768,136.4742,146.4872,18.81041,290.4629,9.32,65.28809000000001,,16.0
2022-11-12,175.3046,291.9743,126.08768,136.4742,146.4872,18.81041,290.4629,9.32,65.28809000000001,,16.0
2022-11-13,175.3046,291.9743,126.08768,136.4742,146.4872,18.81041,290.4629,9.32,65.28809000000001,,16.0
2022-11-14,175.3046,291.9743,125.9714,136.0726,146.3808,18.82323,289.0343,9.41,65.28809000000001,,16.0
2022-11-15,175.3046,291.9743,125.9714,136.0726,146.3808,18.82323,289.0343,9.41,65.28809000000001,,16.0
2022-11-16,175.3046,291.9743,125.9714,136.0726,146.3808,18.82323,289.0343,9.41,65.28809000000001,,16.0
2022-11-17,175.3046,291.9743,125.9714,136.0726,146.3808,19.13358,289.0343,9.41,65.28809000000001,,16.0
2022-11-18,175.6913,293.0648,125.9714,136.0726,146.3808,19.50276,289.0343,9.41,65.28809000000001,,16.0
2022-11-19,175.6913,293.0648,125.9714,136.0726,146.3808,19.50276,289.0343,9.41,65.28809000000001,,16.0
2022-11-20,175.6913,293.0648,125.9714,136.0726,146.3808,19.50276,289.0343,9.41,65.28809000000001,,16.0
2022-11-21,175.6913,293.0648,125.9714,135.9422,146.1021,19.50276,289.0343,9.41,65.28809000000001,,16.0
2022-11-22,175.6913,293.0648,125.66907,135.9422,146.1021,19.50276,290.0249,9.41,65.28809000000001,,16.0
2022-11-23,175.6913,293.0648,125.66907,135.9422,146.1021,19.42958,290.0249,9.41,65.28809000000001,,16.0
2022-11-24,175.6913,293.0648,125.66907,135.9422,146.1021,19.42958,290.0249,9.41,65.28809000000001,,16.0
2022-11-25,175.6913,293.0648,125.81296,135.8158,146.1021,19.42958,290.0249,9.41,65.28809000000001,,16.0
2022-11-26,175.6913,293.0648,125.81296,135.8158,146.1021,19.42958,290.0249,9.41,65.28809000000001,,16.0
2022-11-27,175.6913,293.0648,125.81296,135.8158,146.1021,19.42958,290.0249,9.41,65.28809000000001,,16.0
2022-11-28,175.6913,293.0648,125.81296,135.8158,146.1021,19.42958,290.0249,9.41,65.28809000000001,,16.0
2022-11-29,175.6913,293.0648,125.69932,135.8158,146.1021,19.56734,289.7464,9.41,65.28809000000001,,16.0
2022-11-30,175.6913,293.0648,125.69932,136.0285,146.1021,19.56734,288.6908,9.41,65.28809000000001,,16.3
2022-12-01,175.6913,293.0648,125.69932,136.0285,146.1021,19.56734,288.6908,9.41,65.28809000000001,,16.3
2022-12-02,175.6913,293.0648,125.69932,136.0285,146.1021,19.56734,288.6908,9.41,64.97857,,16.3
2022-12-03,175.6913,293.0648,125.69932,136.0285,146.1021,19.46823,288.6908,9.41,64.97857,,16.3
2022-12-04,175.6913,293.0648,125.69932,136.0285,146.1021,19.46823,288.6908,9.41,64.97857,,16.3
2022-12-05,175.6913,293.0648,125.69932,136.0285,146.1021,19.46823,288.6908,9.41,64.9775,,16.3
2022-12-06,175.6913,293.0648,125.69932,136.0191,146.2633,19.46823,288.6908,9.41,64.9775,,16.3
2022-12-07,174.2121,293.0648,125.69932,136.0191,146.3653,19.46823,288.1353,9.41,64.9775,,16.3
2022-12-08,174.2121,293.0648,125.69932,136.0191,146.3653,19.46823,288.1353,9.41,64.9775,,16.6
2022-12-09,173.6992,293.0648,125.69932,136.0191,146.3653,19.51951,288.1353,9.41,65.32143,,16.6
2022-12-10,173.6992,293.0648,125.69932,136.0191,146.3653,19.51951,288.1353,9.41,65.32143,,16.6
2022-12-11,173.6992,293.0648,125.69932,136.0191,146.3653,19.51951,288.1353,9.41,64.82895,,16.6
2022-12-12,173.6992,293.0648,125.69932,136.0191,146.3653,19.42152,288.1353,9.41,64.9079,,16.8
2022-12-13,173.6992,293.0648,125.69932,136.0191,146.3653,19.42152,283.9686,9.41,65.16250000000001,,16.8
2022-12-14,173.6992,293.0648,125.69932,136.0191,146.3653,19.47153,281.1908,9.41,65.28750000000001,,16.8
2022-12-15,173.6992,293.0648,125.69932,135.7,147.0796,19.47153,281.1908,8.963636,65.28750000000001,,16.8
2022-12-16,173.4428,293.0648,125.69932,134.8489,147.0796,19.57153,279.4408,8.963636,65.4375,,16.8
2022-12-17,173.4428,293.0648,125.69932,134.8489,147.0796,19.57153,279.4408,8.963636,65.82895,,16.8
2022-12-18,173.4428,293.0648,125.69932,134.8489,147.0796,19.57153,279.4408,8.963636,65.82895,,16.8
2022-12-19,173.4428,293.0648,125.47205,134.8489,147.0796,19.57153,275.4131,8.781818,65.82895,,16.8
2022-12-20,173.4428,293.0648,124.33568,134.6362,145.3449,19.57153,272.6353,8.781818,65.82895,,16.8
2022-12-21,173.4428,293.0648,124.33568,134.6362,145.3449,19.57153,269.7464,8.781818,65.82895,,16.8
2022-12-22,173.4428,293.0648,124.33568,134.6362,145.3449,19.57153,269.7464,8.781818,65.66250000000001,,16.8
2022-12-23,173.4428,293.0648,124.18069,134.6362,145.3449,19.57153,269.7464,8.781818,65.66250000000001,,16.8
2022-12-24,173.4428,293.0648,124.18069,134.6362,145.3449,19.57153,269.7464,8.781818,65.66250000000001,,16.8
2022-12-25,173.4428,293.0648,124.18069,134.6362,145.3449,19.57153,269.7464,8.781818,66.11053000000001,,16.8
2022-12-26,173.4428,293.0648,124.18069,134.6362,145.3449,19.57153,269.7464,8.781818,66.11053000000001,,16.8
2022-12-27,173.4428,293.0648,124.18069,134.6362,145.3449,19.57153,267.9686,8.781818,66.11053000000001,,16.8
2022-12-28,173.4428,293.0648,124.18069,134.6362,145.3449,19.57153,265.7464,8.781818,66.11053000000001,,16.8
2022-12-29,173.4428,293.0648,124.18069,134.6362,145.3449,19.57153,265.7464,8.781818,66.11053000000001,,16.8
2022-12-30,172.4172,293.0648,123.5993,134.1042,145.3449,19.57153,255.4131,8.781818,66.11053000000001,,16.8
2022-12-31,172.4172,293.0648,123.5993,134.1042,145.3449,19.57153,255.4131,8.781818,66.11053000000001,,16.8
2023-01-01,172.4172,293.0648,123.5993,135.1717,145.3449,19.57153,255.4131,8.781818,66.11053000000001,,16.8
2023-01-02,172.4172,293.0648,123.5993,135.1717,145.2429,19.57153,251.51,8.781818,66.11053000000001,,17.0
2023-01-03,171.7762,291.8743,123.45977,133.9761,145.2429,19.57153,240.0505,8.781818,66.11053000000001,,17.0
2023-01-04,171.7762,291.3656,123.34349,133.9761,145.4265,19.57153,237.8343,8.645453999999999,66.11053000000001,,17.0
2023-01-05,171.7762,291.3656,123.08768,133.9761,145.4265,19.57153,237.8343,8.645453999999999,66.11053000000001,,17.0
2023-01-06,170.6223,290.3656,123.08768,133.7587,146.0388,19.58618,236.2127,8.645453999999999,66.11053000000001,,17.0
2023-01-07,170.6223,290.3656,123.08768,133.7587,146.0388,19.58618,236.2127,8.645453999999999,66.11053000000001,,17.0
2023-01-08,170.6223,287.7552,123.08768,133.7587,146.0388,19.81213,236.2127,8.645453999999999,66.11053000000001,,17.0
2023-01-09,170.3403,287.3743,123.2675,133.7587,146.0388,19.81213,232.4289,8.645453999999999,66.11053000000001,,17.0
2023-01-10,170.3403,287.3743,123.04023,133.3239,146.0388,19.78582,231.537,8.645453999999999,66.11053000000001,,17.0
2023-01-11,170.3403,287.3743,123.04023,132.8891,146.0388,19.78582,231.537,8.645453999999999,66.11053000000001,,17.0
2023-01-12,169.7249,287.3743,123.04023,132.8457,146.0388,19.78582,223.9966,8.645453999999999,66.11053000000001,,17.27273
2023-01-13,169.7249,285.6214,122.81711,132.7851,146.898,19.78582,216.6545,8.645453999999999,66.11053000000001,,17.63636
2023-01-14,169.7249,285.6214,122.81711,132.7851,146.898,19.78582,216.6545,8.645453999999999,66.11053000000001,,17.63636
2023-01-15,169.7249,285.6214,122.81711,132.7851,146.5286,19.78582,216.6545,8.645453999999999,66.11053000000001,,17.63636
2023-01-16,169.7249,285.6214,122.81711,132.7851,146.5286,19.78582,216.5229,8.645453999999999,66.11053000000001,,17.63636
2023-01-17,168.9556,285.1563,122.86156,132.3596,146.8143,19.78582,215.0755,8.508333,66.11053000000001,,17.63636
2023-01-18,168.6992,284.9935,122.97266,132.3596,147.7327,19.78582,214.2071,8.508333,66.11053000000001,,17.63636
2023-01-19,168.6992,284.6447,122.97266,132.2745,147.7327,19.78582,214.2071,8.508333,66.11053000000001,,17.63636
2023-01-20,168.5071,284.8074,122.97266,132.2745,147.7327,20.03318,209.4703,8.425,66.43889,,17.63636
2023-01-21,168.5071,284.8074,122.97266,132.2745,145.6021,20.03318,209.4703,8.425,66.43889,,17.63636
2023-01-22,168.5071,284.8074,122.97266,132.2745,145.6021,20.03318,209.4703,8.425,66.43889,,17.63636
2023-01-23,168.5071,284.8074,122.66155,131.9553,145.6021,20.03318,209.4703,8.425,66.43889,,17.63636
2023-01-24,168.5071,284.7609,122.92822,131.9553,146.3313,20.03318,209.3387,8.425,66.45,,17.63636
2023-01-25,168.5071,279.1795,123.06155,131.8915,146.9563,20.03318,209.0755,8.425,66.45,,17.63636
2023-01-26,168.5071,278.9642,123.06155,131.6787,147.3729,20.03318,198.5138,8.425,66.45,,17.63636
2023-01-27,168.4808,278.8316,123.15044,132.2957,148.3104,20.03318,199.5678,8.466666,66.45,,17.63636
2023-01-28,168.4808,278.8316,123.15044,132.2957,148.3104,20.03318,193.0836,8.466666,66.45,,17.63636
2023-01-29,168.4808,278.8316,123.15044,132.2957,148.3104,20.03318,193.0836,8.466666,66.45,,17.63636
2023-01-30,168.4808,278.8316,123.15044,132.2957,148.3104,20.03318,196.2435,8.466666,66.45,,17.63636
2023-01-31,168.4808,278.8582,123.21711,132.2957,148.3104,20.03318,196.2435,8.466666,66.45,,17.63636
2023-02-01,168.4808,278.8582,123.21711,132.2957,148.3104,20.03318,196.2435,8.466666,66.45,,17.63636
2023-02-02,168.4808,278.8582,123.32822,132.083,194.61,20.03318,196.2435,8.466666,66.45,,17.63636
2023-02-03,168.289,279.9718,125.90887,134.1255,199.0388,20.03318,198.3516,8.466666,66.45,,17.63636
2023-02-04,168.289,279.9718,125.90887,134.1255,200.2479,20.03318,198.3516,8.466666,66.45,,17.63636
2023-02-05,168.0968,279.9718,126.46714,134.1255,200.2479,20.03318,198.3516,8.466666,66.45,,17.63636
2023-02-06,168.0865,281.9832,126.433,133.9553,202.5188,20.03318,198.3516,8.466666,66.45,,17.63636
2023-02-07,168.2947,284.3695,125.76136,133.8489,202.5188,20.03318,198.3516,8.466666,66.45,,17.63636
2023-02-08,168.2947,284.3695,125.76136,134.0404,202.5188,20.16476,199.0273,8.466666,66.45,,17.63636
2023-02-09,168.2947,284.3695,125.76136,134.0404,202.5188,20.16476,199.0273,8.466666,66.45,,17.63636
2023-02-10,168.5316,284.7104,125.83954,134.0404,204.6808,20.16476,201.0266,8.466666,66.45,,17.81818
2023-02-11,168.5316,284.7104,125.83954,134.0404,204.6808,20.16476,201.0266,8.466666,66.45,,17.81818
2023-02-12,168.5316,284.9595,125.83954,134.1956,204.6808,20.16476,201.0266,8.466666,66.45,,17.81818
2023-02-13,168.5316,284.9595,125.83954,134.1956,204.5625,20.27003,201.0266,8.466666,66.45,,17.81818
2023-02-14,168.5316,284.9595,125.17727,133.8936,204.5625,20.27003,201.0266,8.758333,66.45,,17.81818
2023-02-15,168.5316,284.9595,125.17727,133.8936,204.5625,20.70424,201.0266,8.675,66.45,,17.81818
2023-02-16,168.5316,284.9595,125.17727,133.6808,204.5625,20.70424,201.0266,8.675,66.45,,17.81818
2023-02-17,168.5316,284.9595,125.17727,133.0217,204.5625,20.8674,202.8687,8.766665999999999,66.45,,17.81818
2023-02-18,168.5316,284.9595,125.17727,133.0217,205.83,20.8674,202.8687,8.766665999999999,66.45,,17.81818
2023-02-19,168.5316,284.9595,125.17727,133.0217,206.4783,20.8674,202.8687,8.766665999999999,66.45,,17.81818
2023-02-20,168.5316,284.9595,125.17727,133.0217,206.4783,21.05161,202.8687,8.766665999999999,66.45,,17.81818
2023-02-21,168.5316,284.9595,125.17727,133.0217,206.4783,21.30424,202.8687,8.766665999999999,66.45,,17.81818
2023-02-22,168.5316,285.1921,124.60909,133.0217,206.4783,21.30424,204.5003,8.766665999999999,66.45,,18.95455
2023-02-23,168.5316,285.1921,124.60909,133.0217,206.4783,24.36877,205.5529,8.766665999999999,66.575,,18.95455
2023-02-24,168.5316,285.1921,124.60909,133.0217,206.4783,24.36877,205.5529,8.766665999999999,66.575,,18.95455
2023-02-25,168.5316,285.1921,124.60909,133.0217,206.4783,24.51171,205.5529,8.766665999999999,66.575,,18.95455
2023-02-26,167.9514,284.1562,124.60909,132.5111,206.4783,24.50125,201.9732,8.766665999999999,66.575,,18.95455
2023-02-27,167.9514,284.1562,124.60909,132.5111,206.4783,24.65645,201.9732,8.707692,66.54762000000001,,18.95455
2023-02-28,167.9514,284.1562,124.60909,132.5111,206.4783,24.86697,201.9732,8.707692,66.71429,,18.95455
2023-03-01,167.9514,284.1562,124.60909,132.5111,208.1111,24.86697,201.9732,8.707692,66.71429,,18.95455
2023-03-02,167.9514,284.1562,124.60909,132.5111,208.1111,24.86697,202.8651,8.707692,66.71429,,18.95455
2023-03-03,169.1632,284.1562,124.60909,132.7333,206.5652,24.86697,204.2165,8.707692,69.10000000000001,,18.95455
2023-03-04,169.1632,284.1562,124.60909,132.7333,206.5652,25.05257,204.2165,8.707692,69.10000000000001,,18.95455
2023-03-05,169.1632,284.1562,124.60909,132.7955,206.5652,25.05257,204.2165,8.707692,69.10000000000001,,18.95455
2023-03-06,169.1632,284.1562,124.60909,132.7955,206.5652,25.05257,204.4868,8.707692,69.10000000000001,,18.95455
2023-03-07,169.1632,284.1562,124.60909,132.7955,206.8913,25.05257,204.4868,8.707692,69.10000000000001,,18.95455
2023-03-08,169.1632,284.1562,124.60909,132.7955,206.8913,25.05257,204.4868,8.707692,69.10000000000001,,18.95455
2023-03-09,169.1632,284.1562,124.60909,132.7955,206.8913,25.05257,202.3892,8.707692,69.93333000000001,,18.95455
2023-03-10,169.1632,284.0371,124.60909,132.7955,207.0,25.05257,202.886,8.707692,70.07619000000001,,18.95455
2023-03-11,169.1632,284.0371,124.60909,132.7955,207.0,25.05257,202.886,8.707692,70.07619000000001,,18.95455
2023-03-12,169.1632,284.0371,124.60909,132.7955,207.0,25.05257,202.886,8.707692,70.07619000000001,,18.95455
2023-03-13,169.0054,284.0371,124.60909,132.7955,209.0652,25.05257,202.886,8.707692,70.07619000000001,,18.95455
2023-03-14,169.0054,284.0371,124.60909,132.7955,214.1087,25.05257,202.2003,8.707692,70.07619000000001,,18.95455
2023-03-15,169.0054,284.3943,124.60909,132.6364,214.5435,25.17487,202.2003,8.707692,70.07619000000001,,18.95455
2023-03-16,169.0054,285.3467,125.2,132.6364,216.3044,25.46171,202.2003,8.707692,70.07619000000001,,18.95455
2023-03-17,169.0054,285.3467,125.30666,132.6818,217.0,25.93705,202.2003,8.707692,70.07619000000001,,18.95455
2023-03-18,169.0054,285.3467,125.30666,132.6818,217.0,25.93705,202.2003,8.707692,70.07619000000001,,18.95455
2023-03-19,169.0054,285.3467,125.30666,132.6818,217.0,25.93705,202.2003,8.707692,70.07619000000001,,18.95455
2023-03-20,169.0054,285.3467,125.37334,132.6818,217.4894,26.48862,202.086,8.707692,70.07619000000001,,18.95455
2023-03-21,169.0054,285.3467,125.37334,132.6818,218.766,27.13162,202.086,8.707692,70.07619000000001,,18.95455
2023-03-22,169.0054,285.3467,125.37334,132.6818,218.766,27.20662,202.5146,8.707692,70.07619000000001,,18.95455
2023-03-23,169.0054,285.8228,125.37334,132.6818,220.6739,27.20662,202.5146,8.707692,70.07619000000001,,18.95455
2023-03-24,169.5579,286.0609,125.37334,132.6818,221.3261,27.31912,203.8289,8.707692,70.07619000000001,,18.95455
2023-03-25,169.5579,286.0609,125.37334,132.6818,221.3261,27.31912,203.8289,8.707692,70.07619000000001,,18.95455
2023-03-26,169.5579,286.0609,125.37334,132.6818,221.3261,27.31912,203.8289,8.707692,70.07619000000001,,18.95455
2023-03-27,169.5579,288.1086,125.37334,132.6818,221.3261,27.40663,203.8289,8.707692,70.07619000000001,,18.95455
2023-03-28,169.5579,288.1086,125.37334,132.6818,221.3261,27.46913,203.8289,8.707692,70.07619000000001,,18.95455
2023-03-29,169.5579,288.1086,125.37334,132.6818,222.0,27.58162,203.8289,8.707692,70.07619000000001,,18.95455
2023-03-30,169.5579,288.1086,125.30666,132.6818,222.0,27.58162,203.8289,8.707692,70.07619000000001,,18.95455
2023-03-31,169.9526,289.0609,124.75652,132.6818,223.4468,27.58162,203.7717,8.707692,70.07619000000001,,18.95455
2023-04-01,169.9526,289.0609,124.75652,132.6818,223.4468,27.58162,203.7717,8.707692,70.07619000000001,,18.95455
2023-04-02,169.9526,289.0609,124.75652,132.6818,223.4468,27.58162,203.7717,8.707692,70.07619000000001,,18.95455
2023-04-03,169.9526,289.0609,124.75652,132.6818,223.4468,27.59413,205.5431,8.707692,70.07619000000001,,18.95455
2023-04-04,169.9526,289.7752,124.75652,132.6818,223.9787,27.59413,205.5431,8.707692,70.07619000000001,,18.95455
2023-04-05,170.2158,289.7752,124.26222,132.1628,223.7391,27.59413,205.5431,8.707692,70.07619000000001,,18.95455
2023-04-06,170.0579,289.7752,124.26222,132.1628,223.7391,27.69412,205.5431,8.707692,70.07619000000001,,18.95455
2023-04-07,170.0579,289.7752,124.26222,132.1628,223.7391,27.69412,205.5431,8.707692,70.07619000000001,,18.95455
2023-04-08,170.0579,289.7752,124.26222,132.1628,223.7391,27.69412,205.5431,8.707692,70.07619000000001,,18.95455
2023-04-09,170.0579,289.7752,124.26222,132.1628,223.7391,27.69412,205.5431,8.707692,70.07619000000001,,18.95455
2023-04-10,170.0579,289.7752,124.26222,131.0909,223.7391,27.74413,205.5431,8.707692,70.07619000000001,,18.95455
2023-04-11,170.3211,290.3705,124.26222,131.1364,224.3913,27.74413,205.1146,8.707692,70.39091,,18.95455
2023-04-12,170.4263,290.4895,124.26222,131.1364,225.1522,27.74413,205.1146,8.707692,70.39091,,18.95455
2023-04-13,170.4263,290.9657,124.26222,131.1364,225.2609,28.19412,205.1146,8.707692,70.39091,,18.95455
2023-04-14,170.4263,293.2276,124.19556,131.1818,225.2609,28.19412,203.8289,8.707692,70.39091,,18.95455
2023-04-15,170.4263,293.2276,124.19556,131.1818,225.2609,28.19412,203.8289,8.707692,70.39091,,18.95455
2023-04-16,170.4263,293.2276,124.19556,131.1818,225.2609,28.19412,203.8289,8.707692,70.39091,,18.95455
2023-04-17,170.4263,293.9419,124.19556,131.0682,225.2609,28.32147,203.486,8.707692,70.39091,,18.95455
2023-04-18,170.8211,296.4181,124.19556,131.0682,226.3478,28.32147,203.3431,8.707692,70.39091,,18.95455
2023-04-19,171.4108,297.3467,124.08444,131.1591,226.8913,28.39647,202.5146,8.707692,70.39091,,18.95455
2023-04-20,171.4108,297.7038,124.08444,131.1591,226.8913,28.39647,190.3146,8.707692,70.39091,,18.95455
2023-04-21,171.4378,298.4657,123.64,130.9318,226.8913,28.39647,190.2336,8.707692,70.39091,,18.95455
2023-04-22,171.4378,298.4657,123.64,130.9318,226.8913,28.39647,190.2336,8.707692,70.39091,,18.95455
2023-04-23,171.4378,298.4657,123.64,130.9318,226.8913,28.39647,190.2336,8.707692,70.39091,,18.95455
2023-04-24,171.7081,298.4657,123.64,130.7045,226.8913,28.39647,188.9836,8.707692,70.39091,,18.95455
2023-04-25,171.8162,299.4657,123.64,130.7045,226.8913,28.39647,188.9836,8.707692,70.39091,,18.95455
2023-04-26,171.8162,323.1232,128.9787,130.7045,226.8913,28.39647,188.9836,8.707692,70.39091,,19.45455
2023-04-27,171.8162,323.1232,128.9787,130.5909,267.0612,28.39647,188.9836,8.707692,70.39091,,19.45455
2023-04-28,171.8162,325.679,128.9787,132.1591,267.0612,28.39647,188.4281,8.707692,70.39091,,19.45455
2023-04-29,171.8162,325.679,128.9787,132.1591,267.0612,28.39647,188.4281,8.707692,70.39091,,19.45455
2023-04-30,171.8162,325.679,128.9787,132.1591,267.0612,28.39647,188.4281,8.707692,70.39091,,19.45455
2023-05-01,172.2216,325.679,128.9787,132.2273,267.3878,28.39647,188.4281,8.592308,70.39091,,19.45455
2023-05-02,172.2216,325.679,128.9787,132.2273,268.8163,28.39647,188.4281,8.592308,70.39091,,19.45455
2023-05-03,172.2216,327.3864,129.2132,132.2273,268.8163,28.39647,188.4281,8.592308,70.39091,,19.45455
2023-05-04,172.2216,328.6059,129.2132,132.2273,268.8163,28.39647,188.4281,8.592308,70.7381,,19.45455
2023-05-05,177.9514,329.6762,129.2132,132.2273,270.2469,28.39647,188.7336,8.592308,70.7381,,19.45455
2023-05-06,177.9514,329.6762,129.2132,132.2273,270.2469,28.39647,188.7336,8.592308,70.7381,,19.45455
2023-05-07,177.9514,329.6762,129.2132,132.2273,270.2469,28.39647,188.7336,8.592308,70.7381,,19.45455
2023-05-08,178.2439,329.6762,129.2132,132.2273,270.2469,28.479,188.7336,8.592308,70.7381,,19.45455
2023-05-09,178.6124,329.6762,129.2132,132.2273,270.43,28.479,188.7336,8.976923,70.7381,,19.54545
2023-05-10,178.6124,330.0333,129.5579,132.2273,271.13,28.479,188.7336,8.976923,70.7381,,19.54545
2023-05-11,178.6124,331.2537,129.5579,132.2273,271.13,28.60147,188.7336,8.976923,70.7381,,19.54545
2023-05-12,178.6124,331.2537,129.5579,132.2273,273.13,28.60147,188.7336,8.976923,70.7381,,19.54545
2023-05-13,178.6124,331.2537,129.5579,132.2273,273.13,28.60147,190.5009,8.976923,70.7381,,19.54545
2023-05-14,180.702,331.2537,129.5579,132.3256,273.13,28.60147,190.5009,8.976923,70.7381,,19.54545
2023-05-15,180.702,331.2537,130.2175,132.3256,273.13,28.60147,190.5009,8.976923,70.7381,,19.54545
2023-05-16,180.702,331.2537,130.2175,132.3256,273.13,28.72647,190.5009,8.976923,70.7381,,19.54545
2023-05-17,180.702,331.2537,130.2175,132.3256,273.6569,28.82648,190.5009,8.976923,70.7381,,19.54545
2023-05-18,180.702,331.2537,130.2175,132.5,273.6569,28.82648,190.358,8.976923,70.7381,,19.54545
2023-05-19,180.702,331.2537,130.2175,132.5,273.6569,29.66973,190.358,8.976923,70.7381,,19.72727
2023-05-20,180.702,331.2537,130.2175,132.5,273.6569,29.66973,190.358,8.976923,70.7381,,19.72727
2023-05-21,180.9506,331.2537,130.2175,132.5,273.6569,29.66973,190.358,8.976923,70.7381,,19.72727
2023-05-22,181.1186,332.4732,130.643,132.8409,273.6569,29.99412,190.358,8.976923,70.7381,,19.72727
2023-05-23,181.1186,332.839,130.643,133.1778,273.6569,29.99412,190.358,8.976923,71.09524,,19.72727
2023-05-24,181.1186,332.839,130.643,133.1778,273.6569,30.57949,190.358,8.976923,71.92857000000001,,19.72727
2023-05-25,181.1186,334.1805,130.643,133.5111,273.6569,43.27956,190.358,8.976923,72.52381000000001,,19.72727
2023-05-26,181.1742,336.9381,130.643,133.7587,273.6569,43.73719000000001,190.358,8.976923,73.66666000000001,,19.72727
2023-05-27,181.1742,336.9381,130.643,133.7587,273.6569,43.73719000000001,190.358,8.976923,73.66666000000001,,19.72727
2023-05-28,181.1742,336.9381,130.643,133.7587,273.6569,43.73719000000001,190.358,8.875,73.66666000000001,,19.72727
2023-05-29,181.1742,336.9381,130.643,133.7587,273.6569,43.73719000000001,190.358,8.875,74.7619,,19.72727
2023-05-30,181.4127,340.8667,131.2813,135.5936,273.6569,43.85624000000001,190.358,8.681818,74.7619,,19.72727
2023-05-31,181.4127,342.3667,131.2813,135.5936,274.3431,43.85624000000001,190.358,8.681818,74.7619,,20.18182
2023-06-01,181.8181,342.3667,131.2813,135.5936,274.3431,44.65386,190.358,9.045455,76.7381,,20.18182
2023-06-02,183.5208,343.2714,131.2813,135.5936,276.2059,44.65386,191.5009,9.045455,88.16666000000001,,19.90909
2023-06-03,183.5208,343.2714,131.2813,135.5936,276.2059,44.65386,191.5009,9.045455,88.16666000000001,,19.90909
2023-06-04,183.5208,343.2714,131.2813,135.5936,276.2059,44.65386,191.5009,9.045455,88.16666000000001,,19.90909
2023-06-05,185.8755,343.2714,131.2813,135.5936,276.2059,44.52784,191.5009,9.136364,88.16666000000001,,19.90909
2023-06-06,186.2703,343.2714,130.9837,136.4979,276.2019,44.52784,191.5009,9.541667,89.11905,,19.90909
2023-06-07,186.2703,343.2714,130.9837,136.9146,276.2019,44.97136,191.5294,9.541667,89.11905,,19.90909
2023-06-08,186.2703,344.1762,130.9837,136.9146,276.2019,44.97136,193.958,9.541667,89.11905,,20.72727
2023-06-09,186.9282,344.1762,130.9837,136.9146,276.2019,44.97136,195.5744,9.541667,89.11905,,21.0
2023-06-10,186.9282,344.1762,130.9837,136.9146,276.2019,44.97136,195.5744,9.541667,89.11905,,21.0
2023-06-11,186.9282,344.1762,130.9837,136.9146,276.2019,44.97136,195.5744,9.541667,89.11905,,21.0
2023-06-12,187.1913,344.1762,130.9837,137.2271,276.2019,44.94714,195.5744,9.958333,89.11905,,21.18182
2023-06-13,187.1913,344.1762,131.2546,137.2271,278.4135,44.94714,198.5156,9.958333,89.11905,,21.18182
2023-06-14,187.1913,345.4857,131.2546,137.2271,278.4135,44.94714,201.2509,9.958333,89.11905,,22.54545
2023-06-15,187.1913,345.4857,131.2546,137.2271,278.4135,45.06342,201.2509,9.958333,89.11905,,22.54545
2023-06-16,187.1913,345.4857,131.2546,137.5396,278.7981,45.24482,201.2509,10.208333,89.08182000000001,,22.54545
2023-06-17,187.1913,345.4857,131.2546,137.5396,278.7981,45.24482,201.2509,10.208333,89.08182000000001,,22.54545
2023-06-18,187.1913,345.4857,131.2546,137.5396,278.7981,45.24482,201.2509,10.208333,89.08182000000001,,22.54545
2023-06-19,187.1913,345.4857,131.2546,137.5396,278.7981,45.24482,201.2509,10.208333,89.08182000000001,,22.54545
2023-06-20,187.1913,345.4857,131.2546,137.5396,279.2788,45.24482,202.4274,10.208333,89.08182000000001,,22.54545
2023-06-21,187.1913,345.8429,131.2546,138.3729,279.2788,45.24482,202.4274,10.208333,89.53636,,22.54545
2023-06-22,187.1913,345.8429,131.2546,138.3729,280.4327,45.24482,203.8979,10.208333,89.53636,,22.54545
2023-06-23,187.1913,345.8429,131.6087,139.4563,281.1058,45.24482,207.7215,10.208333,89.53636,,22.54545
2023-06-24,187.1913,345.8429,131.6087,139.4563,282.6569,45.24482,207.7215,10.208333,89.53636,,22.54545
2023-06-25,187.1913,345.8429,131.6004,139.4563,282.6569,45.9054,207.7215,10.208333,89.53636,,22.54545
2023-06-26,187.1913,345.8429,131.6004,139.4563,283.5392,45.9054,207.7215,10.208333,89.53636,,22.54545
2023-06-27,187.1913,345.8429,131.5791,140.0813,284.2647,45.92921,211.7866,10.208333,89.53636,,23.63636
2023-06-28,187.1913,345.8429,131.5791,140.0813,284.2647,46.08874,211.7866,10.208333,89.53636,,23.63636
2023-06-29,188.5454,345.8429,131.5791,140.0813,284.2647,46.55627,211.7866,10.208333,89.53636,,23.63636
2023-06-30,188.5454,345.8429,131.5791,140.2837,285.1471,46.55627,214.2437,10.208333,89.53636,,23.63636
2023-07-01,188.5454,345.8429,131.5791,140.2837,285.1471,46.55627,214.2437,10.208333,89.53636,,23.63636
2023-07-02,188.5454,345.8429,131.5791,140.2837,285.1471,46.55627,214.2437,10.208333,89.53636,,23.63636
2023-07-03,188.5454,345.8429,131.8345,140.2837,286.2255,46.55627,216.4723,10.208333,89.53636,,23.63636
2023-07-04,188.5454,345.8429,131.8345,140.2837,286.2255,46.55627,216.4723,10.208333,89.53636,,23.63636
2023-07-05,188.5454,345.8429,131.8345,140.278,290.5392,46.55627,218.758,10.208333,89.53636,,23.63636
2023-07-06,188.5454,347.7476,131.8345,140.278,290.5392,46.55627,220.9009,10.208333,89.53636,,24.72727
2023-07-07,189.0582,347.7476,132.0472,140.478,290.5392,47.427,223.1866,10.208333,90.10455,,24.72727
2023-07-08,189.0582,347.7476,132.0472,140.478,290.5392,47.427,223.1866,10.208333,90.10455,,24.72727
2023-07-09,189.0582,347.7476,132.7439,140.478,290.5392,47.427,223.1866,10.208333,90.10455,,24.72727
2023-07-10,189.0582,347.7476,132.7439,140.478,290.5392,47.427,223.1866,10.208333,90.26363,,24.72727
2023-07-11,189.0582,348.6093,132.7439,140.878,293.3824,47.427,226.4151,10.208333,90.26363,,24.72727
2023-07-12,189.0582,350.47,132.9613,141.378,295.8333,47.427,226.4151,10.208333,90.26363,,24.72727
2023-07-13,189.0582,351.7488,133.1787,141.778,296.8137,47.60993000000001,226.4151,10.208333,90.5,,25.63636
2023-07-14,191.0818,355.6864,135.1712,142.458,301.3039,48.32159,230.6723,10.708333,90.5,,25.63636
2023-07-15,191.0818,355.6864,135.1712,142.458,301.3039,48.32159,230.6723,10.708333,90.5,,25.63636
2023-07-16,191.0818,355.6864,135.1712,142.458,301.3039,48.32159,230.6723,10.708333,90.5,,25.63636
2023-07-17,191.4568,359.5955,135.2754,142.458,303.3627,48.32159,230.6723,10.708333,90.5,,25.63636
2023-07-18,191.4568,372.2267,135.3877,143.0184,306.79,48.6397,230.6723,10.708333,90.5,,25.63636
2023-07-19,192.4568,376.8933,135.3877,144.2271,306.79,49.16295,231.5294,10.708333,90.5,,25.63636
2023-07-20,192.4568,379.4489,135.9409,144.2271,309.31,49.16295,241.8923,10.708333,90.5,,25.63636
2023-07-21,193.5818,381.2267,135.9409,144.2271,310.71,49.46528000000001,245.3209,10.708333,90.5,,25.63636
2023-07-22,193.5818,381.2267,135.9409,144.2271,310.71,49.46528000000001,245.3209,10.708333,90.5,,25.63636
2023-07-23,193.5818,381.2267,135.9409,144.2271,310.71,49.46528000000001,245.3209,10.708333,90.5,,25.63636
2023-07-24,193.9068,381.2267,136.2175,144.2271,312.01,49.68853000000001,245.3209,10.708333,90.5,,25.63636
2023-07-25,193.9068,382.8933,136.8557,144.2271,312.01,50.08588,249.1208,10.708333,90.5,,25.63636
2023-07-26,194.4068,389.4933,147.1651,144.2271,312.01,50.08588,249.1208,10.708333,90.5,,25.63636
2023-07-27,194.4068,391.1609,148.146,144.2271,358.702,50.08588,249.1208,11.807693,90.5,,25.63636
2023-07-28,195.4068,391.1609,149.0179,145.2896,360.54,50.08588,249.1208,11.807693,90.5,,25.63636
2023-07-29,195.4068,391.1609,149.0179,145.2896,360.54,50.08588,247.9185,11.807693,90.5,,25.63636
2023-07-30,195.4068,391.1609,149.0179,145.2896,360.54,50.08588,247.9185,11.807693,90.5,,25.63636
2023-07-31,197.1568,392.272,149.0179,145.2896,363.04,50.08588,247.9185,12.038462,90.5,,25.63636
2023-08-01,197.1568,392.272,149.0179,145.2896,365.04,50.08588,247.9185,12.038462,90.5,,25.63636
2023-08-02,197.1568,392.272,149.0179,145.2896,365.04,50.08588,251.2151,12.038462,90.5,,36.81818000000001
2023-08-03,197.1568,392.272,149.0179,145.2896,365.04,50.08588,251.2151,12.038462,90.5,,36.81818000000001
2023-08-04,201.3322,392.272,149.55,167.59,365.04,50.18554,252.5865,12.346154,90.5,,36.81818000000001
2023-08-05,201.3322,392.272,149.55,167.59,374.8044,50.18554,252.5865,12.346154,90.5,,36.81818000000001
2023-08-06,201.3322,393.5536,149.55,167.59,374.8044,50.18554,252.5865,12.346154,90.5,,36.81818000000001
2023-08-07,201.3322,393.5536,149.8055,168.3041,374.8044,50.18554,252.5865,12.346154,90.5,,36.81818000000001
2023-08-08,201.3322,393.5536,149.8055,168.3041,374.8044,50.35627,252.5865,13.653846,90.5,,36.81818000000001
2023-08-09,201.3322,393.5536,149.8055,169.4265,374.8044,50.35627,252.5865,13.653846,90.5,,36.81818000000001
2023-08-10,201.3322,393.4037,149.8055,169.7271,374.8044,50.35627,252.5865,13.653846,90.5,,37.45454
2023-08-11,201.3322,392.334,149.8055,169.9354,374.8044,50.37334000000001,252.5865,13.653846,90.5,,37.45454
2023-08-12,201.3322,392.334,149.8055,169.9354,374.8044,50.37334000000001,252.5865,13.653846,90.5,,37.45454
2023-08-13,201.3322,392.7809,149.8055,169.9354,374.8044,50.37334000000001,252.5865,13.653846,90.5,,37.45454
2023-08-14,201.3322,392.7809,149.8055,169.9354,374.8044,51.00749,252.5865,13.653846,90.5,,37.45454
2023-08-15,201.3322,392.7809,149.8055,170.5125,374.8044,51.81237,252.5865,13.653846,90.5,,37.45454
2023-08-16,201.7803,392.7809,150.1247,170.5125,376.7609,51.81237,252.5865,13.653846,90.5,,37.45454
2023-08-17,201.7803,392.7809,150.1247,170.5125,376.7609,52.25139000000001,252.5865,13.653846,90.5,,37.45454
2023-08-18,201.7803,392.7809,150.3304,170.7208,376.1915,52.666,252.5865,13.653846,90.84091000000001,,37.45454
2023-08-19,201.7803,392.7809,150.3304,170.7208,376.1915,52.666,252.5865,13.653846,90.84091000000001,,37.45454
2023-08-20,201.7803,392.7809,150.3304,170.7208,376.1915,52.666,253.877,13.653846,90.84091000000001,,37.45454
2023-08-21,201.7803,392.7809,150.3425,171.1375,376.1915,52.666,253.877,13.653846,90.84091000000001,,37.45454
2023-08-22,201.7803,392.7809,150.3425,171.1375,376.1915,53.64164,253.877,13.653846,90.84091000000001,,37.45454
2023-08-23,201.7803,392.7809,150.3425,171.3458,376.1915,54.15383000000001,253.877,13.653846,91.29546,,37.45454
2023-08-24,201.7803,392.7809,150.3425,171.3458,376.1915,63.23505000000001,254.2041,13.653846,91.29546,,38.33333
2023-08-25,201.7803,392.7809,150.3425,171.3458,375.2708,63.71179000000001,254.2041,13.653846,91.29546,,38.33333
2023-08-26,201.7803,392.7809,150.3425,172.0128,375.2708,63.71179000000001,254.2041,13.653846,91.29546,,38.33333
2023-08-27,201.7803,392.7809,150.3425,172.0128,375.2708,63.71179000000001,254.2041,13.653846,91.29546,,38.33333
2023-08-28,201.7803,392.7809,150.3425,172.0128,375.2708,63.85133,254.2041,13.653846,91.72727,,38.33333
2023-08-29,201.7803,392.7809,150.3425,172.0128,375.2708,63.85133,254.2041,13.653846,91.72727,,38.33333
2023-08-30,201.7803,392.7809,150.3425,172.0128,375.2708,63.72289000000001,254.2041,13.653846,91.72727,,38.33333
2023-08-31,201.7803,392.7809,150.3425,172.0128,375.2708,63.72289000000001,254.2041,13.730769,91.72727,,38.33333
2023-09-01,201.7803,392.7809,150.3425,172.0128,375.2708,63.72289000000001,254.2041,13.730769,96.56818000000001,,38.33333
2023-09-02,201.7803,392.7809,150.3425,172.8174,375.2708,64.10616,254.2041,13.730769,96.56818000000001,,38.33333
2023-09-03,202.1166,392.7809,150.3425,173.7711,375.2708,64.10616,254.2041,13.730769,96.56818000000001,,38.33333
2023-09-04,202.1166,392.7809,150.3425,173.7711,375.9375,64.10616,254.2041,13.730769,97.13636000000001,,38.75
2023-09-05,202.1166,392.7809,150.3425,173.7711,375.9375,64.48314,254.2041,13.730769,97.27273000000001,,38.75
2023-09-06,202.3187,392.7809,150.3425,173.7711,375.9375,64.1343,254.2041,13.730769,97.27273000000001,,39.58333
2023-09-07,202.5113,392.7809,150.3425,173.7711,375.9375,64.1343,254.2041,13.730769,97.51363,,39.58333
2023-09-08,202.5113,392.7809,149.9756,173.7711,370.3061,64.09148,254.2041,14.214286,97.51363,,41.0
2023-09-09,202.5113,392.7809,149.9756,173.7711,370.3061,64.09148,254.2041,14.214286,97.51363,,41.0
2023-09-10,202.5113,392.7809,149.9756,173.7711,370.3061,64.09148,254.2041,14.214286,97.51363,,41.0
2023-09-11,202.5113,391.7163,149.9756,173.7711,370.3061,64.09148,258.6159,14.333333,97.85364000000001,,41.0
2023-09-12,202.5639,391.7163,149.9756,173.7711,370.3061,64.09148,259.2041,14.333333,97.85364000000001,,41.75
2023-09-13,202.7684,392.5905,149.9756,173.7711,370.3061,64.66953000000001,259.2041,14.333333,97.96727000000001,,41.75
2023-09-14,200.7218,392.5905,149.9756,173.7711,370.3061,64.66953000000001,259.2041,14.357142,97.96727000000001,,41.75
2023-09-15,200.4587,392.5905,149.9547,173.3556,369.5417,64.66953000000001,259.2041,14.357142,97.96727000000001,,41.75
2023-09-16,200.4587,392.5905,149.9547,173.3556,369.5417,64.66953000000001,259.2041,14.357142,97.96727000000001,,41.75
2023-09-17,200.4587,392.5905,149.9547,173.3556,369.5417,64.66953000000001,259.2041,14.357142,97.96727000000001,,41.75
2023-09-18,200.4587,392.6381,149.9547,173.3556,369.5417,64.66953000000001,259.2041,14.357142,97.96000000000001,,41.75
2023-09-19,200.4587,392.6381,149.9547,173.3556,369.5417,64.66953000000001,259.2041,14.357142,97.96000000000001,,41.75
2023-09-20,200.4587,392.6381,149.9547,173.3556,369.5417,64.67705000000001,259.2041,14.357142,97.96000000000001,,41.75
2023-09-21,200.4587,392.6381,150.4853,173.3556,369.5417,64.67705000000001,259.2041,14.426666,97.96000000000001,,41.75
2023-09-22,200.4587,396.5561,150.4853,173.3556,369.5417,64.67705000000001,259.2041,14.426666,98.14083000000001,,41.75
2023-09-23,200.4587,396.5561,150.4853,173.3556,369.5417,64.67705000000001,259.2041,14.426666,98.14083000000001,,41.75
2023-09-24,200.4587,396.5561,150.4853,173.3556,369.5417,64.67705000000001,259.2041,14.426666,98.14083000000001,,41.75
2023-09-25,200.4587,396.5561,150.4853,173.3556,369.5417,64.67705000000001,258.7629,14.426666,98.14083000000001,,41.75
2023-09-26,200.4587,396.5561,150.4853,173.3556,369.6458,64.67705000000001,258.6747,14.426666,98.14083000000001,,41.75
2023-09-27,200.4587,396.5561,150.4853,173.3556,369.6458,64.67705000000001,258.6747,14.426666,98.14083000000001,,41.75
2023-09-28,200.4587,396.5561,150.4853,173.3556,369.6458,64.67705000000001,258.6747,14.426666,98.14083000000001,,41.75
2023-09-29,200.4587,396.5561,150.4853,173.4667,369.6458,64.67705000000001,258.3512,14.426666,98.14083000000001,,41.75
2023-09-30,200.4587,396.5561,150.4853,173.4667,369.6458,64.67705000000001,258.3512,14.426666,98.14083000000001,,41.75
2023-10-01,200.4587,396.5561,150.4853,173.4667,369.6458,64.67705000000001,258.3512,14.426666,98.14083000000001,,41.75
2023-10-02,200.4711,396.5561,150.4649,173.4667,369.6458,64.85886,256.4688,14.426666,98.14083000000001,,41.75
2023-10-03,200.4711,396.6381,150.5057,173.4667,369.125,64.85886,255.5865,14.426666,98.34917000000002,,41.75
2023-10-04,200.4711,396.6381,150.5057,173.4667,369.125,64.85886,255.5865,14.426666,98.34917000000002,,41.83333
2023-10-05,200.4711,396.6381,150.6078,173.4667,369.125,64.85886,255.5865,14.426666,98.34917000000002,,42.5
2023-10-06,200.4711,396.6381,151.0363,173.4667,368.3542,64.85886,254.9982,14.426666,98.34917000000002,,43.08333
2023-10-07,200.4711,396.6381,151.0363,173.4667,368.3542,64.85886,254.9982,14.426666,98.34917000000002,,43.08333
2023-10-08,200.4711,396.6381,151.0363,174.0,368.3542,64.85886,254.9982,14.426666,98.34917000000002,,43.08333
2023-10-09,200.4711,396.6381,151.0363,173.7333,368.3542,65.10886,253.7924,14.426666,98.34917000000002,,43.08333
2023-10-10,200.4711,396.6381,151.0363,173.6889,368.3542,65.33614,253.7924,14.426666,98.34917000000002,,43.08333
2023-10-11,200.4711,396.6381,151.2404,173.5778,368.3542,65.33614,253.7924,14.426666,98.34917000000002,,43.08333
2023-10-12,200.4711,396.6381,151.4445,173.5778,368.3542,65.33614,253.7924,14.426666,98.34917000000002,,43.08333
2023-10-13,200.4711,397.53,151.4445,173.5652,367.6808,65.33841000000001,253.9394,14.426666,98.34917000000002,,43.08333
2023-10-14,200.4711,397.53,151.4445,173.5652,367.6808,65.33841000000001,253.9394,14.426666,98.34917000000002,,43.08333
2023-10-15,200.4711,397.53,151.4445,173.5652,367.6808,65.33841000000001,253.9394,14.426666,98.34917000000002,,43.08333
2023-10-16,200.336,397.53,151.6894,173.5217,368.0,65.33841000000001,253.7041,14.426666,98.34917000000002,,43.08333
2023-10-17,199.9587,397.53,151.6894,173.5217,368.0,65.21341000000001,253.7041,14.426666,98.34917000000002,,43.08333
2023-10-18,199.9587,397.7628,151.6894,173.5217,368.0,65.14523000000001,253.41,14.426666,98.34917000000002,,43.08333
2023-10-19,199.9587,397.7628,151.7914,173.4783,368.1064,64.91795,243.4029,14.426666,98.34917000000002,,43.08333
2023-10-20,199.9587,397.7628,152.0771,173.4783,368.4681,64.91795,239.4912,14.426666,98.34917000000002,,43.08333
2023-10-21,199.9587,397.7628,152.0771,173.4783,368.4681,64.91795,239.4912,14.426666,98.34917000000002,,43.08333
2023-10-22,199.9587,397.7628,152.0771,173.4783,368.4681,64.91795,239.4912,14.426666,98.34917000000002,,43.08333
2023-10-23,199.9587,397.7628,152.0771,172.8723,368.3958,64.91795,241.7914,14.426666,98.34917000000002,,43.08333
2023-10-24,199.6166,397.7628,152.2812,172.8723,368.3958,64.91795,241.7914,14.426666,98.34917000000002,,43.08333
2023-10-25,199.6166,403.5419,152.9556,172.8723,368.1875,64.72023,241.7914,14.426666,97.93667,,44.83333
2023-10-26,199.6166,404.1233,152.5972,172.8723,374.8979,64.72023,241.7914,14.426666,97.93667,,44.83333
2023-10-27,197.8797,403.9674,152.3972,174.71,375.1,64.72023,241.7914,14.426666,97.93667,,44.83333
2023-10-28,197.8797,403.9674,152.3972,174.71,375.1,64.72023,241.7914,14.426666,97.93667,,44.83333
2023-10-29,197.8797,403.9674,152.3972,174.71,375.1,64.72023,241.7914,14.426666,97.93667,,44.83333
2023-10-30,197.8797,404.3163,152.3372,174.71,376.6,64.72023,241.7914,14.36,97.93667,,44.83333
2023-10-31,197.8797,404.8977,152.3372,174.616,376.26,64.72023,241.7914,14.36,97.93667,,44.83333
2023-11-01,197.8797,404.8977,152.3372,174.716,376.4314,64.72023,241.7914,14.36,97.93667,,44.83333
2023-11-02,197.8797,405.3628,152.3372,174.716,376.4314,64.72023,241.7914,14.993333,97.93667,,44.83333
2023-11-03,195.7033,404.5591,152.8367,174.736,376.4314,64.72023,239.1306,15.66,97.93667,,44.83333
2023-11-04,195.7033,407.0349,152.8367,174.736,376.4314,64.72023,239.1306,15.66,97.93667,,44.83333
2023-11-05,195.7033,407.0349,152.8367,174.736,376.4314,64.72023,239.1306,15.66,97.93667,,44.83333
2023-11-06,195.5495,407.0349,152.8367,174.6431,376.4314,64.72023,239.1306,15.66,97.93667,,44.83333
2023-11-07,195.5495,407.0349,152.8367,174.6431,376.4314,64.72023,239.1306,15.66,97.93667,,44.83333
2023-11-08,195.5495,407.0349,152.8367,174.6431,376.4314,64.72023,239.1306,15.66,97.93667,,44.83333
2023-11-09,196.0623,407.0349,152.8367,174.4863,376.4314,64.72023,239.1306,15.66,97.93667,,44.83333
2023-11-10,196.0623,408.3605,152.8367,174.4863,376.4314,64.72023,239.3757,15.66,97.93667,,45.25
2023-11-11,196.0623,408.3605,152.8367,174.4863,376.4314,64.72023,239.3757,15.66,97.93667,,45.25
2023-11-12,196.3158,408.3605,152.8367,175.216,376.4314,64.72023,239.3757,15.66,97.93667,,45.25
2023-11-13,196.3158,408.7093,152.8367,175.216,376.4314,64.72023,239.3757,15.66,97.93667,,45.25
2023-11-14,196.3158,408.7093,152.9184,175.222,376.8235,65.50422,239.3757,15.66,97.93667,,45.25
2023-11-15,196.3158,409.1744,152.9184,175.222,377.2157,65.55978,239.3757,15.66,97.93667,,45.83333
2023-11-16,196.3158,409.1744,152.9184,175.222,377.2157,65.55978,239.3757,15.66,97.93667,,45.83333
2023-11-17,196.3158,409.1744,152.9184,175.222,377.2157,65.55978,238.4297,15.66,97.93667,,45.83333
2023-11-18,196.3158,409.1744,152.9184,175.222,377.2157,65.55978,238.4297,15.66,97.93667,,45.83333
2023-11-19,196.3158,409.1744,152.9184,175.222,377.2157,65.55978,238.4297,15.66,97.93667,,45.83333
2023-11-20,196.3158,409.1744,152.9184,175.222,377.2157,65.55978,238.4297,15.66,98.31167,,46.5
2023-11-21,196.3158,409.1744,152.9184,175.222,377.2157,65.55978,238.4297,15.66,99.145,,46.5
2023-11-22,196.5789,409.1744,152.8571,175.222,377.2157,66.65829000000001,239.3921,15.66,99.145,,46.5
2023-11-23,196.5789,409.1744,152.8571,175.222,377.2157,66.65829000000001,239.3921,15.66,99.145,,46.5
2023-11-24,196.55,409.1744,152.8571,175.222,377.2157,66.74340000000001,239.3921,16.03333,99.145,,47.58333
2023-11-25,196.55,409.1744,152.8571,175.222,377.2157,66.74340000000001,239.3921,16.03333,99.145,,47.58333
2023-11-26,196.55,409.1744,152.8571,175.222,377.2157,66.74340000000001,239.3921,16.03333,99.145,,47.58333
2023-11-27,196.55,409.1744,152.8571,175.222,377.2157,66.74340000000001,239.3921,16.03333,100.97833,,47.58333
2023-11-28,196.55,409.1744,152.8571,175.222,377.2157,66.74340000000001,239.3921,16.03333,100.97833,,47.83333
2023-11-29,196.55,409.1744,152.8571,175.222,377.2157,66.74340000000001,239.3921,16.03333,100.97833,,49.0
2023-11-30,196.55,409.1744,152.8571,175.822,377.51,66.74340000000001,239.3921,16.03333,100.97833,,49.58333
2023-12-01,196.55,410.4659,152.8571,175.822,377.51,66.74340000000001,239.3921,16.03333,101.43667,,49.58333
2023-12-02,196.55,410.4659,152.8571,175.822,377.51,66.74340000000001,239.3921,16.03333,101.43667,,50.45454
2023-12-03,196.55,410.4659,152.8571,175.822,377.51,66.74340000000001,239.3921,16.03333,101.43667,,50.45454
2023-12-04,196.55,410.4659,152.8571,175.822,378.8608,66.63404,239.3921,16.03333,101.72833,,50.45454
2023-12-05,196.55,410.4659,152.8571,175.822,378.8608,66.63404,239.3921,16.03333,101.72833,,50.45454
2023-12-06,196.55,410.4659,153.1429,176.442,378.8608,66.63404,239.3921,16.03333,101.72833,,50.45454
2023-12-07,196.55,410.4659,153.1429,176.442,378.8608,66.63404,239.3921,16.03333,101.72833,,50.45454
2023-12-08,197.3395,410.4659,153.1429,176.442,378.8608,66.63404,239.3921,16.03333,105.7632,,51.72727
2023-12-09,197.3395,410.4659,153.1429,176.442,378.8608,66.63404,239.3921,16.03333,105.7632,,51.72727
2023-12-10,197.3395,410.4659,153.1429,176.442,378.8608,66.63404,239.3921,16.03333,105.8575,,51.72727
2023-12-11,197.3395,410.4659,153.49,176.442,379.2646,66.63404,239.3921,16.03333,105.8575,,51.72727
2023-12-12,197.3395,414.6778,153.6939,176.442,379.2646,66.63404,238.9974,16.03333,106.06583,,51.20833
2023-12-13,197.3395,415.5667,153.6939,176.742,379.2646,66.63404,238.9974,16.03333,106.06583,,51.875
2023-12-14,197.3395,416.2333,153.6939,176.742,379.2646,66.63404,239.1816,16.03333,106.36166,,51.875
2023-12-15,197.3395,417.4556,153.6939,177.042,379.2646,66.66956,239.1553,16.03333,107.46584,,51.875
2023-12-16,197.3395,417.4556,153.6939,177.042,379.2646,66.66956,239.1553,16.03333,107.46584,,51.875
2023-12-17,197.3395,417.4556,153.6939,177.042,379.2646,66.74,239.1553,16.03333,107.46584,,51.875
2023-12-18,197.3395,416.5378,153.62,177.6882,380.1275,66.74,239.9447,16.03333,107.46584,,51.875
2023-12-19,197.3395,416.5378,153.58,178.9039,380.1275,66.81087000000001,239.9447,16.03333,107.46584,,51.875
2023-12-20,197.3395,417.4818,153.74,178.9039,380.8823,66.81087000000001,240.9974,16.03333,107.68029,,51.875
2023-12-21,197.9974,417.4818,153.74,179.198,380.8823,66.81087000000001,240.9974,16.03333,107.68029,,51.875
2023-12-22,197.9974,417.4818,153.74,179.198,380.8823,66.81087000000001,240.9974,15.714286,107.68029,,51.875
2023-12-23,197.9974,417.4818,153.74,179.198,380.8823,66.81087000000001,240.9974,15.714286,107.68029,,51.875
2023-12-24,197.9974,417.4818,153.74,179.198,380.8823,66.81087000000001,240.9974,15.714286,107.68029,,51.875
2023-12-25,197.9974,417.4818,153.74,179.198,380.8823,66.81087000000001,240.9974,15.714286,107.68029,,51.875
2023-12-26,197.9974,418.05,153.74,179.198,382.203,66.81087000000001,240.9974,15.714286,107.68029,,51.875
2023-12-27,197.9711,418.05,153.74,179.198,382.203,66.81087000000001,241.2079,15.714286,107.68029,,51.875
2023-12-28,197.9711,418.05,153.94,179.4922,382.8634,66.81087000000001,241.2079,15.714286,107.68029,,51.875
2023-12-29,197.9711,418.7023,154.24,179.7863,383.6181,66.81087000000001,241.2079,15.714286,108.16508,,51.875
2023-12-30,197.9711,418.7023,154.24,179.7863,383.6181,66.81087000000001,241.2079,15.714286,108.16508,,51.875
2023-12-31,197.9711,418.7023,154.24,179.7863,383.6181,66.81087000000001,241.2079,15.714286,108.16508,,51.875
2024-01-01,197.9711,418.7023,154.24,179.7863,383.6181,66.81087000000001,241.2605,15.714286,108.16508,,52.375
2024-01-02,197.9711,418.7023,154.62,181.8059,384.0332,66.33829,242.1816,15.714286,109.63685,,52.70833
2024-01-03,197.5763,418.7023,154.62,181.8059,384.0332,66.33829,242.1816,15.714286,113.09838,,53.625
2024-01-04,197.5763,419.8651,154.62,181.8059,384.0332,66.37447,242.1553,15.357142,113.96377,,53.625
2024-01-05,197.5763,420.4465,155.098,182.1558,384.7363,66.37447,242.1553,15.357142,113.96377,,53.70833
2024-01-06,197.5763,420.4465,155.098,182.1558,384.7363,66.37447,239.2405,15.357142,113.96377,,53.70833
2024-01-07,197.5763,420.4465,155.098,182.1558,384.7363,66.37447,239.2405,15.357142,113.96377,,53.70833
2024-01-08,197.5763,420.9116,155.3922,182.1942,386.7733,66.37447,239.2405,15.357142,113.96377,,53.70833
2024-01-09,197.5763,420.9116,155.5882,182.3865,387.3289,66.40435000000001,239.2405,15.357142,114.52232,,53.70833
2024-01-10,197.5763,420.9116,155.5882,182.2904,387.3289,66.40435000000001,239.6189,15.357142,114.52232,,53.70833
2024-01-11,197.5763,420.9116,155.5882,182.8865,387.3289,66.40435000000001,239.6189,15.357142,114.52232,,53.70833
2024-01-12,198.2,424.6558,155.8235,183.5211,389.1067,66.60000000000001,238.8892,15.357142,114.52232,,53.70833
2024-01-13,198.2,424.6558,155.8235,183.5211,389.1067,66.60000000000001,238.8892,15.357142,114.52232,,53.70833
2024-01-14,198.2,424.6558,155.8235,183.5211,389.1067,66.60000000000001,238.8892,15.357142,114.52232,,53.70833
2024-01-15,198.2,424.6558,155.8235,183.5211,389.1067,66.60000000000001,238.8892,15.357142,114.52232,,53.70833
2024-01-16,198.2,424.6558,156.1176,183.5211,389.1067,66.93111,237.6189,15.357142,116.74825,,53.70833
2024-01-17,198.2,424.6558,156.1176,183.5211,390.2178,67.00889000000001,237.6189,15.428572,116.74825,,53.70833
2024-01-18,198.6,425.9349,156.3137,183.5211,390.7733,67.23111,237.6189,15.428572,117.37832,,53.70833
2024-01-19,198.6,425.9349,156.3137,183.7135,390.7733,67.45435,237.6189,15.428572,117.86377,,54.125
2024-01-20,198.6,425.9349,156.3137,183.7135,390.7733,67.45435,237.6189,15.428572,117.86377,,54.125
2024-01-21,198.6,425.9349,156.3137,183.7135,390.7733,67.45435,237.6189,15.428572,117.86377,,54.125
2024-01-22,198.6,425.5273,156.51,183.7135,391.4215,67.45435,236.673,15.428572,119.01762,,54.125
2024-01-23,198.6,426.3227,156.8039,184.0981,392.1622,67.45435,236.5108,15.428572,119.01762,,54.125
2024-01-24,198.4947,427.9818,157.5882,184.3865,392.1622,67.45435,234.7605,15.428572,119.01762,,54.125
2024-01-25,198.4947,429.2318,158.0392,184.4827,393.7363,67.45435,219.3447,15.428572,119.01762,,54.125
2024-01-26,198.8632,429.2318,158.451,184.9635,397.903,67.45435,217.6342,15.428572,119.01762,,54.125
2024-01-27,198.8632,429.2318,158.451,184.9635,397.903,67.45435,217.6342,15.428572,119.01762,,54.125
2024-01-28,198.8632,429.2318,158.451,184.9635,397.903,67.45435,216.5305,15.428572,119.01762,,54.125
2024-01-29,198.8632,429.2318,158.451,184.9635,397.903,67.45435,217.2361,15.428572,119.01762,,54.125
2024-01-30,198.8632,429.2318,158.4118,184.9635,397.903,67.45435,217.2361,15.428572,119.01762,,54.125
2024-01-31,198.8632,455.5,163.3333,184.9635,397.903,67.45435,217.5054,15.428572,119.01762,,54.79167
2024-02-01,199.7579,459.3445,163.4108,185.6365,403.9771,67.45435,217.2351,15.428572,119.01762,,54.79167
2024-02-02,199.3165,460.7333,164.0823,204.6141,490.8571,68.05218,214.2105,15.428572,119.01762,,54.79167
2024-02-03,199.3165,460.7333,164.0823,204.6141,493.9074,68.05218,214.2105,15.428572,119.01762,,54.79167
2024-02-04,199.3165,462.7954,164.0823,204.6141,496.2453,68.05218,214.2105,15.428572,119.01762,,54.79167
2024-02-05,199.3165,464.2727,164.1577,204.53,502.3396,68.05218,214.2105,15.428572,120.3503,,54.79167
2024-02-06,199.3165,465.1778,164.1577,205.2029,502.8513,68.45,214.2105,18.78572,120.3503,,54.79167
2024-02-07,199.3165,467.8139,164.1577,205.2029,505.4439,68.76956000000001,214.3684,18.78572,120.3503,,54.79167
2024-02-08,199.044,467.8139,164.1577,205.8548,511.0143,68.76956000000001,214.7632,18.78572,120.3503,,54.79167
2024-02-09,199.044,467.8139,164.4408,206.5715,513.1439,69.57391000000001,214.7632,18.78572,122.01696,,54.86364
2024-02-10,199.044,467.8139,164.4408,206.5715,513.1439,69.57391000000001,214.7632,18.78572,122.01696,,54.86364
2024-02-11,199.6516,469.9875,164.4408,206.5715,513.1439,69.57391000000001,214.7632,18.78572,122.01696,,54.86364
2024-02-12,199.6516,469.9875,164.4408,206.5715,513.1439,70.16087,214.7632,18.78572,123.49844,,55.31818000000001
2024-02-13,199.6516,469.9875,164.4408,207.0344,513.1439,70.65,214.7632,18.78572,123.49844,,56.40909000000001
2024-02-14,199.6516,469.9875,164.4408,207.7332,513.1439,72.61489,214.7632,18.78572,123.49844,,56.40909000000001
2024-02-15,199.6516,469.9875,164.4408,207.7332,513.1439,73.89149,214.7632,18.78572,123.49844,,59.79167
2024-02-16,199.6516,469.9875,164.4408,207.7332,513.7704,75.18936000000001,213.7436,18.78572,123.49844,,59.79167
2024-02-17,199.6516,469.9875,164.4408,207.7332,513.7704,75.18936000000001,213.7436,18.78572,123.49844,,59.79167
2024-02-18,199.6516,469.9875,164.4408,207.7332,513.7704,75.18936000000001,213.7436,18.78572,123.49844,,59.79167
2024-02-19,199.6516,469.9875,164.4408,207.7332,513.7704,75.18936000000001,213.7436,18.78572,123.49844,,59.79167
2024-02-20,199.9937,470.0661,164.5844,207.8307,513.7704,75.18936000000001,213.7436,18.78572,123.49844,,59.79167
2024-02-21,199.9937,470.0661,164.5844,207.8307,513.7704,75.29575000000001,213.7436,18.78572,123.49844,,65.45834
2024-02-22,199.9937,470.0661,164.5844,207.8307,513.8613,86.62034000000001,212.904,18.78572,123.49844,,66.375
2024-02-23,199.9937,470.0661,164.7141,208.4313,515.97,87.75034000000001,212.904,18.78572,123.51696,,67.54166000000001
2024-02-24,199.9937,470.0661,164.7141,208.4313,515.97,87.75034000000001,212.904,18.78572,123.51696,,67.54166000000001
2024-02-25,199.9937,470.0661,164.7141,208.4313,515.97,87.75034000000001,212.904,18.78572,123.51696,,67.54166000000001
2024-02-26,199.9937,470.0661,164.7141,208.4233,515.97,87.75034000000001,212.904,18.78572,123.65223,,67.54166000000001
2024-02-27,199.9937,470.0661,164.6585,208.0344,515.97,88.33334,212.904,18.78572,124.22916,,69.8125
2024-02-28,199.9937,470.0661,164.6585,208.0344,515.97,89.06334000000001,212.904,18.78572,125.76762,,69.8125
2024-02-29,199.9937,470.0661,164.603,208.0344,515.97,89.06334000000001,212.904,18.78572,126.72916,,69.8125
2024-03-01,199.9937,469.6924,164.603,208.0344,515.97,89.69321000000001,212.929,18.78572,128.0368,,70.0625
2024-03-02,199.9935,469.6924,164.603,208.0344,515.97,89.69321000000001,212.929,18.78572,128.0368,,70.0625
2024-03-03,199.9935,469.6924,164.603,208.0344,515.97,89.69321000000001,212.929,18.78572,128.0368,,70.0625
2024-03-04,199.9935,469.6924,164.603,208.0344,515.97,89.63934,212.929,18.78572,128.0368,,70.0625
2024-03-05,199.9935,469.97,164.603,208.2196,515.97,89.93934,212.254,19.0,128.4215,,70.0625
2024-03-06,199.9935,469.97,164.603,208.2196,515.97,89.93934,212.254,19.28572,128.4215,,70.0625
2024-03-07,199.9935,469.97,164.603,208.2196,515.97,90.43934,212.254,20.29333,128.4215,,70.0625
2024-03-08,199.8584,469.97,164.8738,208.2196,515.97,90.71078000000001,211.454,20.29333,151.0377,,71.72916000000001
2024-03-09,199.8584,469.97,164.8738,208.2196,515.97,90.71078000000001,211.454,20.29333,151.0377,,71.72916000000001
2024-03-10,199.8584,469.97,164.8738,208.2196,515.97,90.71078000000001,211.454,20.29333,151.0377,,71.72916000000001
2024-03-11,199.2042,469.97,164.8738,208.2196,515.97,90.71078000000001,209.579,20.29333,152.934,,72.14584
2024-03-12,199.2042,469.97,164.8738,208.2196,515.97,91.06078000000001,209.579,20.29333,153.1863,,72.14584
2024-03-13,199.2042,469.97,164.8738,208.2196,515.97,91.36078,208.079,20.29333,153.1863,,72.14584
2024-03-14,199.2042,469.97,164.8738,208.2196,515.97,91.70078000000001,205.6868,20.29333,153.1863,,72.14584
2024-03-15,199.2042,469.97,164.9284,208.2196,517.3217000000001,92.23278,204.9551,20.29333,153.1863,,72.14584
2024-03-16,199.2042,469.97,165.0567,208.2196,517.3217000000001,92.23278,204.9551,20.29333,153.1863,,72.14584
2024-03-17,199.2042,469.97,165.0567,208.2196,517.3217000000001,92.23278,204.9551,20.29333,153.1863,,72.14584
2024-03-18,199.2042,469.97,165.0567,208.2196,517.3217000000001,94.50278,204.9551,20.29333,152.7489,,72.97916000000001
2024-03-19,199.2042,470.379,165.0567,208.2196,517.3217000000001,95.69478000000001,204.9307,20.29333,152.7489,,72.97916000000001
2024-03-20,199.2042,470.379,165.0567,208.2196,517.3217000000001,96.51478,205.1746,20.29333,153.0937,,75.64584
2024-03-21,199.2042,470.379,165.3344,208.2196,517.3217000000001,97.11478000000001,205.1746,20.29333,153.0937,,75.64584
2024-03-22,199.2042,470.8892,165.3344,208.2196,517.9328,97.11478000000001,203.3454,20.29333,153.0937,,75.64584
2024-03-23,199.2042,470.8892,165.3344,208.2196,517.9328,97.11478000000001,203.3454,20.29333,153.0937,,75.64584
2024-03-24,199.2042,470.8892,165.3344,208.2196,517.9328,97.11478000000001,203.3454,20.29333,153.0937,,75.64584
2024-03-25,199.2042,470.8892,165.3344,208.2196,523.0825,97.11478000000001,202.6137,20.29333,153.0937,,75.64584
2024-03-26,199.2042,470.8892,165.4456,208.2196,523.0825,97.11478000000001,201.0693,20.29333,153.0937,,75.64584
2024-03-27,199.2042,470.8892,165.4456,208.2196,524.5068,97.11478000000001,200.3863,20.275,153.0937,,77.3125
2024-03-28,198.8095,472.6239,165.4456,208.3307,524.5068,97.11478000000001,200.3863,20.275,153.0937,,77.3125
2024-03-29,198.8095,472.6239,165.6307,208.6085,525.2476,97.67478000000001,200.3863,20.275,153.0937,,77.3125
2024-03-30,198.8095,472.6239,165.6307,208.6085,525.2476,97.67478000000001,200.3863,20.275,153.0937,,77.3125
2024-03-31,198.8095,472.6239,165.6307,208.6085,525.2476,97.67478000000001,200.3863,20.275,153.0937,,77.3125
2024-04-01,198.8095,472.6239,165.5752,208.6085,525.0809,97.67478000000001,198.8741,20.275,153.0937,150.5,78.14584
2024-04-02,198.8095,472.6239,165.5752,208.6085,526.47,97.67478000000001,197.9961,20.275,153.0937,150.5,78.14584
2024-04-03,198.8095,472.6239,165.5752,209.2567,527.118,97.97478000000001,197.85,20.275,153.0937,150.5,79.51923000000001
2024-04-04,198.8095,472.6239,165.5752,209.2567,527.118,97.97478000000001,197.118,20.275,152.9906,150.5,80.28846
2024-04-05,198.8095,472.6239,165.8159,209.5344,528.2291,98.17478000000001,197.118,20.275,152.9906,150.5,82.28846
2024-04-06,198.8095,472.6239,165.8159,209.5344,528.2291,98.17478000000001,197.118,20.275,152.9906,150.5,82.28846
2024-04-07,198.8095,472.6239,165.8159,209.5344,528.2291,98.17478000000001,197.118,20.275,152.9906,150.5,82.28846
2024-04-08,198.8095,472.6239,166.0381,209.5344,529.8958,98.17478000000001,195.7766,20.275,152.9906,150.5,86.75
2024-04-09,198.8095,472.6239,166.0381,210.1826,531.2846000000001,98.58478000000001,195.7766,20.275,152.9906,150.5,86.75
2024-04-10,198.6779,472.6239,166.0381,210.1826,532.2106,99.51508000000001,194.3132,20.275,152.6937,150.5,89.05769000000001
2024-04-11,198.52,473.9504,166.0381,210.1826,532.2106,99.51508000000001,193.3132,20.275,152.6937,150.5,89.05769000000001
2024-04-12,198.52,473.9504,166.2974,210.1826,533.2291,99.84478000000001,192.2156,20.275,153.0039,157.25,89.05769000000001
2024-04-13,198.52,473.9504,166.2974,210.1826,533.2291,99.84478000000001,192.2156,20.275,153.0039,157.25,89.05769000000001
2024-04-14,198.52,473.9504,166.2974,210.1826,533.2291,99.84478000000001,192.2156,20.275,153.0039,157.25,89.05769000000001
2024-04-15,198.52,474.3586,166.9641,210.627,537.0439,99.84478000000001,193.3132,20.275,153.3206,157.1667,89.05769000000001
2024-04-16,197.9939,474.2157,167.3715,211.1429,538.0624,99.84478000000001,192.2262,20.275,153.3206,160.0,89.05769000000001
2024-04-17,197.9939,474.2157,167.4641,211.1429,539.0809,99.84478000000001,189.1071,20.275,154.3425,160.0,89.05769000000001
2024-04-18,197.9939,474.1137,167.6493,211.1429,540.8958,99.84478000000001,189.1071,20.275,154.3425,160.0,89.05769000000001
2024-04-19,197.9939,474.1137,167.8344,211.3611,541.3587,99.84478000000001,189.1071,20.275,154.3425,158.375,89.05769000000001
2024-04-20,197.9939,474.1137,167.8344,211.3611,541.3587,99.84478000000001,189.1071,20.275,154.3425,158.375,89.05769000000001
2024-04-21,199.9147,474.1137,167.8344,211.3611,541.3587,99.84478000000001,189.1071,20.275,154.3425,158.375,89.05769000000001
2024-04-22,199.6516,474.1137,167.8344,211.452,541.3587,99.84478000000001,189.1071,20.275,154.3425,158.375,89.05769000000001
2024-04-23,199.6516,474.1137,167.8344,211.452,541.3587,99.84478000000001,188.7738,20.275,154.3425,158.375,89.05769000000001
2024-04-24,199.6516,474.1137,167.8344,212.452,541.3587,99.84478000000001,183.78,20.275,154.3425,157.4444,93.90385
2024-04-25,199.6516,474.3177,167.8344,212.652,525.6912,100.34365,182.8279,20.29333,155.1139,159.8889,96.90385
2024-04-26,197.7374,478.5244,187.552,212.652,524.7984,100.59875,182.0414,20.29333,155.1139,161.8889,96.90385
2024-04-27,197.7374,478.5244,187.552,212.652,524.7984,100.59875,182.0414,20.29333,155.1139,161.8889,96.90385
2024-04-28,197.1016,478.5244,187.552,212.652,524.7984,100.59875,182.0414,20.29333,155.1139,161.8889,96.90385
2024-04-29,196.8384,478.8244,188.3884,212.8338,524.7091,100.7008,182.0414,20.29333,155.1139,163.0,96.90385
2024-04-30,196.8384,478.8244,188.712,212.9247,524.7091,100.7008,182.0414,20.29333,155.1139,164.1111,96.90385
2024-05-01,196.8384,479.0244,190.5041,221.1429,521.644,100.7008,182.956,20.29333,155.1139,164.1111,98.95385
2024-05-02,196.8384,479.0244,190.5041,221.4194,521.644,100.7008,182.956,20.42667,155.1139,164.1111,98.95385
2024-05-03,201.3965,478.3304,191.2988,221.8376,521.644,100.7008,180.7645,20.5875,155.1139,164.1111,98.95385
2024-05-04,201.3965,478.3304,191.2988,221.8376,521.644,100.7008,183.03,20.5875,155.1139,164.1111,98.95385
2024-05-05,201.3965,478.3304,191.2988,221.8376,521.644,100.7008,183.03,20.5875,155.1139,164.1111,98.95385
2024-05-06,201.3965,478.2164,191.2988,221.8048,521.644,100.90488,183.03,20.5875,155.1139,164.1111,98.95385
2024-05-07,201.3965,478.2164,191.2988,221.8048,521.644,100.90488,183.03,21.62667,155.1139,164.1111,98.95385
2024-05-08,201.6551,478.2164,191.2988,221.8495,521.644,100.90488,183.03,21.62667,155.1139,164.1111,98.95385
2024-05-09,201.6551,478.2164,191.2988,221.8495,521.644,101.51712,183.03,21.62667,155.1139,164.1111,98.95385
2024-05-10,201.5576,479.4045,191.9587,221.8495,521.644,102.14678,183.03,21.525,155.11,165.7778,98.95385
2024-05-11,201.5576,479.4045,191.9587,221.8495,521.644,102.14678,183.03,21.525,155.11,165.7778,98.95385
2024-05-12,201.4715,479.4045,191.9587,222.2649,520.9055000000001,102.14678,183.03,21.525,155.11,165.7778,98.95385
2024-05-13,201.4715,479.4045,191.9587,222.153,520.9055000000001,102.50678,183.03,21.525,155.11,165.7778,99.26154000000001
2024-05-14,201.4715,479.4045,191.9587,222.153,520.9055000000001,102.85678,183.03,21.21938,155.11,165.7778,100.41538
2024-05-15,201.4715,479.4045,191.9587,222.153,520.9055000000001,103.45678,183.03,21.21938,155.2818,165.7778,101.41538
2024-05-16,201.4715,480.4249,191.9587,222.153,521.7584,103.45678,183.03,21.21938,155.2818,165.7778,102.03077
2024-05-17,201.9234,481.3712,191.9587,222.153,521.7584,104.70678,183.03,21.21938,155.2818,165.7778,102.03077
2024-05-18,202.0215,481.3712,191.9587,222.153,521.7584,104.70678,183.03,21.21938,155.2818,165.7778,102.03077
2024-05-19,202.0215,481.3712,191.9587,222.153,521.7584,104.70678,183.03,21.21938,155.2818,165.7778,102.03077
2024-05-20,201.9868,481.3712,191.9587,222.153,521.7584,104.70678,183.03,21.21938,155.2818,165.7778,102.03077
2024-05-21,201.9868,481.6837,192.638,222.153,521.7584,104.70678,183.03,21.21938,155.3642,165.7778,102.03077
2024-05-22,202.5966,481.6837,192.638,222.153,521.7584,104.70678,183.03,21.21938,155.3642,169.4444,102.03077
2024-05-23,203.011,481.6837,192.638,222.153,521.7584,118.73973,183.03,21.21938,155.3914,169.2,102.03077
2024-05-24,203.011,481.6837,192.638,222.153,521.7584,118.73973,183.03,21.234,155.3914,169.2,102.03077
2024-05-25,203.011,481.6837,192.638,222.153,521.7584,118.73973,183.03,21.234,155.3914,169.2,102.03077
2024-05-26,203.011,481.6837,192.638,222.153,521.7584,118.73973,183.03,21.234,155.3914,169.2,102.03077
2024-05-27,203.011,481.6837,192.638,222.153,521.7584,118.73973,183.03,21.234,155.3914,169.2,102.03077
2024-05-28,203.011,481.5053,192.638,222.153,521.5132,121.39069,183.03,21.234,155.3914,171.2,102.03077
2024-05-29,203.011,481.5053,192.638,222.153,521.5132,122.78492,183.03,21.234,155.3914,171.2,102.03077
2024-05-30,202.7185,481.5053,192.638,222.153,521.5132,122.78492,183.03,21.234,155.3914,171.2,102.03077
2024-05-31,202.7185,481.5053,192.638,222.153,521.5132,123.24261,183.03,21.32214,156.2623,173.7,102.03077
2024-06-01,202.7185,481.5053,192.638,222.153,521.5132,123.99247,183.03,21.32214,156.2623,173.7,102.03077
2024-06-02,202.7185,481.5053,193.0496,222.153,521.5132,123.99247,183.03,21.32214,156.2623,173.7,102.03077
2024-06-03,202.7185,481.5053,193.0496,222.153,521.5132,124.34541,183.03,21.32214,156.2623,173.7,102.03077
2024-06-04,202.7185,481.6408,193.0496,222.153,521.9597,124.34541,183.0052,21.32214,156.2623,173.7,102.03077
2024-06-05,202.7185,482.6825,193.0496,221.7268,521.9597,124.34541,183.0052,21.32214,156.2623,173.7,102.03077
2024-06-06,202.7185,484.4645,193.0496,221.7268,521.9597,124.6657,182.8053,21.32214,156.2623,173.7,102.03077
2024-06-07,202.7185,484.4645,193.1405,221.7268,523.3288,127.1657,182.8053,21.32214,156.9532,173.7,102.03077
2024-06-08,202.7185,484.4645,193.1405,221.7268,523.3288,127.1657,182.8053,21.32214,156.9532,173.7,102.03077
2024-06-09,202.7185,484.4645,193.1405,221.7268,523.3288,127.1657,182.8053,21.32214,156.9532,173.7,102.03077
2024-06-10,203.9137,484.4645,193.1405,221.7268,523.3288,127.72338,182.8053,21.32214,156.9532,173.7,102.03077
2024-06-11,204.8893,484.4645,193.1405,221.7268,523.3288,128.0503,182.8053,21.32214,156.9532,174.5455,102.03077
2024-06-12,204.8893,484.4645,192.5951,221.7268,523.3288,128.0503,182.8053,21.32214,158.0366,174.5455,102.03077
2024-06-13,205.5234,484.4645,192.7769,221.7268,523.3288,128.3388,182.8053,21.32214,182.7924,174.5455,102.8
2024-06-14,205.5234,485.4849,192.7769,221.7268,523.3288,128.3388,182.8053,21.834,183.4464,174.5455,102.8
2024-06-15,205.5234,485.4849,192.7769,221.7268,523.3288,128.3388,182.8053,21.834,183.4464,174.5455,102.8
2024-06-16,205.5234,486.1721,193.0228,221.7268,523.3288,128.3388,182.8053,21.834,184.175,174.5455,102.8
2024-06-17,206.0112,486.1721,193.0228,221.7268,523.3288,130.0695,182.8053,21.834,185.7722,174.5455,102.8
2024-06-18,206.0112,486.1721,193.0228,221.7268,524.4691,131.0503,181.1552,21.834,185.7722,174.5455,102.8
2024-06-19,206.1615,486.1721,193.0228,221.7268,524.4691,131.0503,181.1552,21.834,187.4657,177.6525,102.8
2024-06-20,207.2865,486.6929,193.0228,221.7795,524.4691,131.7234,181.1552,21.71938,187.4657,179.4869,102.8
2024-06-21,208.8615,486.6929,193.0228,221.7795,524.4691,132.0118,181.1552,21.71938,187.4657,179.4869,102.8
2024-06-22,208.8615,486.6929,193.0228,221.7795,524.4691,132.0118,181.1552,21.71938,187.4657,179.4869,102.8
2024-06-23,208.8615,488.0055,193.0228,221.7795,524.4691,132.0118,181.1552,21.71938,187.4657,179.4869,102.8
2024-06-24,209.2865,488.0055,193.3006,221.7795,524.4691,132.0118,182.9563,21.71938,187.8943,179.4869,102.8
2024-06-25,210.8865,488.3247,193.3006,221.7795,524.4691,132.6849,182.9563,21.71938,187.8943,179.4869,103.18462
2024-06-26,210.8865,489.0679,193.3006,222.0936,524.4691,133.3618,182.9563,21.71938,188.68,179.4869,103.18462
2024-06-27,212.1365,490.1119,193.1553,222.2181,524.4691,133.6305,182.9563,21.71938,188.68,179.4869,103.18462
2024-06-28,212.1365,490.1119,193.344,222.4812,525.7849,133.6305,184.1479,21.71938,189.3371,179.4869,103.18462
2024-06-29,212.1365,490.1119,193.344,222.4812,525.7849,133.6305,184.1479,21.71938,189.3371,179.4869,103.18462
2024-06-30,212.1365,490.1119,193.344,222.4812,525.7849,133.6305,184.1479,21.71938,189.3371,179.4869,103.18462
2024-07-01,212.1365,490.1119,193.344,222.4812,525.7849,134.1588,185.9812,21.71938,189.3371,179.4869,103.18462
2024-07-02,212.1365,490.1119,193.344,222.4812,525.7849,134.1588,189.4,21.71938,189.3371,179.3807,103.18462
2024-07-03,212.1365,490.1119,193.344,222.4812,525.7849,134.1588,196.2961,21.71938,188.8778,179.3807,103.18462
2024-07-04,212.1365,490.1119,193.344,222.4812,525.7849,134.1588,196.2961,21.71938,188.8778,179.3807,103.18462
2024-07-05,212.1365,490.1119,194.3628,222.6567,528.3112,135.1965,196.2961,21.71938,190.2444,181.5236,103.18462
2024-07-06,212.1365,490.1119,194.3628,222.6567,528.3112,135.1965,196.2961,21.71938,190.2444,181.5236,103.18462
2024-07-07,212.1365,490.1119,194.3628,222.6567,528.3112,135.1965,196.2961,21.71938,190.2444,181.5236,103.18462
2024-07-08,213.0115,490.1119,194.3628,222.6567,528.3112,136.14,196.5234,21.71938,190.2444,181.5236,103.10769
2024-07-09,214.0115,490.9429,194.74,223.3584,529.5393,136.14,198.1825,21.71938,190.2444,183.2379,103.10769
2024-07-10,214.5115,490.9429,194.74,223.6216,529.5393,136.6116,199.3189,21.71938,192.3278,183.2379,103.26154
2024-07-11,215.1615,491.6721,195.5783,224.0764,531.6445,137.272,202.5461,21.71938,192.3278,184.8093,103.26154
2024-07-12,219.8365,491.6721,195.6323,224.2316,532.6095,137.272,202.7734,21.71938,192.6194,184.8093,103.26154
2024-07-13,219.8365,491.6721,195.6323,224.2316,532.6095,137.272,202.7734,21.71938,192.6194,184.8093,103.26154
2024-07-14,219.8365,491.6721,195.6323,224.2316,532.6095,137.272,202.7734,21.71938,192.6194,184.8093,103.26154
2024-07-15,219.8365,492.2971,196.1417,224.0591,532.6095,137.272,203.7961,21.78188,194.1154,185.4521,103.26154
2024-07-16,219.8365,492.2971,197.154,224.1453,532.6095,137.272,203.7961,22.91706,194.1289,186.0236,103.26154
2024-07-17,220.5115,493.4429,197.3656,224.1453,533.4867,137.272,203.7961,22.91706,194.1289,186.0236,103.26154
2024-07-18,221.7615,493.4429,197.3656,224.1453,533.4867,137.272,203.7961,22.91706,194.1289,186.0236,103.26154
2024-07-19,221.7615,494.1721,197.9813,224.404,534.4867,138.6871,203.7961,22.91706,194.1289,186.0236,103.26154
2024-07-20,221.7615,494.1721,197.9813,224.404,534.4867,138.6871,203.7961,22.91706,194.1289,186.0236,103.26154
2024-07-21,221.7615,494.1721,197.9813,224.404,534.4867,138.6871,203.7961,22.91706,194.1289,186.0236,103.26154
2024-07-22,221.7615,494.1721,197.9813,224.3867,534.4867,138.8734,203.7961,22.91706,194.1289,186.0236,103.26154
2024-07-23,222.8365,494.1721,198.3209,224.7316,534.4867,139.21,203.7961,22.91706,194.1289,186.0236,103.26154
2024-07-24,223.8365,494.4846,203.3983,224.904,534.522,139.21,206.2109,22.91706,194.1289,190.3807,102.64616
2024-07-25,225.0865,495.5679,203.5547,224.904,534.522,139.21,207.9976,23.15235,194.1289,192.8807,102.64616
2024-07-26,225.8365,495.5679,204.0091,225.0764,534.522,139.21,213.7976,23.15235,194.1289,194.1664,102.64616
2024-07-27,225.8365,495.5679,204.0091,225.0764,534.522,139.21,213.7976,23.15235,194.1289,194.1664,102.64616
2024-07-28,225.8365,495.5679,204.0091,225.0764,534.522,139.21,213.7976,23.15235,194.1289,194.1664,102.64616
2024-07-29,225.8365,495.5679,204.402,225.1971,534.522,139.21,213.45,23.15235,194.1289,194.1664,102.64616
2024-07-30,225.8365,493.3459,203.9365,225.1971,534.522,139.21,213.45,23.32882,194.1289,194.1664,102.64616
2024-07-31,225.8365,497.5789,203.9365,225.1971,534.9148,139.1118,213.45,23.32882,194.1289,194.1664,102.8
2024-08-01,225.8365,497.9331,203.9365,225.1971,562.0847,139.602,213.45,23.32882,194.1289,197.3807,102.8
2024-08-02,236.4551,499.3196,203.9365,223.5936,564.2777,140.2882,215.2884,23.32882,194.1289,197.3807,102.8
2024-08-03,236.4551,499.3196,203.9365,223.5936,565.9787,140.2882,215.2884,23.32882,194.1289,197.3807,102.8
2024-08-04,239.2415,499.3196,203.9365,223.5936,567.8119,140.2882,215.8363,23.32882,194.1289,197.3807,102.8
2024-08-05,239.7415,499.3196,203.9365,223.4384,568.408,140.4451,215.8363,23.32882,194.1289,197.3807,102.8
2024-08-06,239.6165,499.3196,203.9365,222.904,568.408,140.4451,215.7665,24.505,194.1289,197.3807,102.56923
2024-08-07,239.6165,499.3196,203.9365,222.904,568.408,140.5333,215.7665,24.505,194.1289,199.095,102.56923
2024-08-08,240.559,498.6674,204.8333,222.2567,568.408,140.5333,215.7665,24.63,194.1289,199.0553,102.56923
2024-08-09,241.6105,498.6674,204.8333,219.9556,568.408,140.5333,215.7665,24.63,193.3927,199.0553,102.83334
2024-08-10,241.6105,498.6674,204.8333,219.9556,568.408,140.5333,215.7665,24.63,193.3927,199.0553,102.83334
2024-08-11,242.7351,498.6674,204.8333,219.9556,568.408,140.5333,215.7665,24.63,193.3927,199.0553,102.83334
2024-08-12,242.7351,498.6674,204.8333,219.9556,568.408,140.5333,215.7665,24.63,193.3927,199.0553,103.75
2024-08-13,242.7351,498.6674,204.8333,219.9556,568.7783000000001,140.5333,215.7665,24.63,193.3927,199.0553,103.75
2024-08-14,243.45,498.6674,204.8333,219.9556,568.7783000000001,140.5333,215.7665,24.79812,193.3927,199.0553,103.75
2024-08-15,243.45,498.6674,204.8333,219.9556,568.7783000000001,140.5333,215.7665,25.518,193.3927,199.0553,102.79462
2024-08-16,242.573,498.6674,204.8333,219.9789,568.7783000000001,140.5333,215.7665,25.518,193.3927,200.3887,102.79462
2024-08-17,242.573,498.6674,204.8333,219.9789,568.7783000000001,140.5333,215.7665,25.518,193.3927,200.3887,102.79462
2024-08-18,242.573,498.6674,204.8333,219.9789,568.7783000000001,140.5333,215.7665,25.518,193.3927,200.3887,102.79462
2024-08-19,242.573,497.6319,204.8333,219.9789,568.7783000000001,140.7294,215.7665,25.518,193.3927,200.3887,102.79462
2024-08-20,242.573,497.6319,204.8333,219.9604,568.7783000000001,142.0824,215.7665,26.11062,193.3927,200.3887,102.79462
2024-08-21,242.573,497.6319,204.8333,219.9604,568.7783000000001,142.1804,215.7665,26.11062,193.3927,200.3887,102.79462
2024-08-22,242.573,497.6319,204.8333,219.9604,568.7783000000001,142.5333,215.7665,26.11062,193.3927,200.3887,102.79462
2024-08-23,242.573,497.6319,204.8333,219.8307,568.7783000000001,142.5333,215.7665,26.11062,193.3927,200.3887,102.79462
2024-08-24,242.573,497.6319,204.8333,219.8307,568.7783000000001,142.5333,215.7665,26.11062,193.3927,200.3887,102.79462
2024-08-25,242.573,497.6319,204.8333,219.8307,568.7783000000001,142.5333,215.7665,26.11062,193.3927,200.3887,102.79462
2024-08-26,242.573,497.6319,204.8333,219.8307,568.7783000000001,142.6314,215.7665,26.11062,193.3927,200.3887,102.79462
2024-08-27,243.1135,497.6319,204.8333,219.8307,568.7783000000001,142.6314,215.7665,26.11062,193.3927,201.3644,102.79462
2024-08-28,243.1135,497.6319,204.8333,219.8307,568.7783000000001,142.8863,215.7665,26.11062,193.3927,201.3644,102.79462
2024-08-29,243.1135,497.6319,204.8333,219.8307,568.7783000000001,148.6654,215.7665,26.11062,193.3927,201.3644,102.79462
2024-08-30,243.5189,497.6319,204.8333,220.2011,570.8725000000001,148.6654,215.7665,26.11062,193.3927,204.8724,102.79462
2024-08-31,243.5189,497.6319,204.8333,220.2011,570.8725000000001,149.2961,215.7665,26.11062,193.3927,204.8724,102.79462
2024-09-01,243.5189,497.6319,204.8333,220.2011,570.8725000000001,149.2961,215.7665,26.11062,193.3927,204.8724,102.79462
2024-09-02,243.5459,497.6319,204.5556,220.3793,570.8725000000001,149.2961,215.7665,26.11062,193.3927,204.8724,102.79462
2024-09-03,244.7892,497.6319,204.2909,220.3429,571.3835,149.2961,215.7665,26.11062,193.3927,206.99,102.79462
2024-09-04,245.0579,497.6319,204.2909,220.3429,571.3835,149.149,215.7665,26.11062,193.3927,206.99,102.79462
2024-09-05,245.0579,498.1687,204.2909,220.3429,572.5148,149.149,215.7665,26.11062,193.3927,206.99,102.48692
2024-09-06,245.4526,498.1687,204.1818,220.3429,572.5148,149.149,217.5673,26.11062,193.1473,206.99,102.48692
2024-09-07,245.4526,498.1687,204.1818,220.3429,572.5148,149.149,217.5673,26.11062,193.1473,206.99,102.48692
2024-09-08,245.4526,498.1687,204.1818,220.3429,572.5148,149.149,217.5673,26.11062,193.1473,206.99,102.48692
2024-09-09,245.4526,498.1687,203.5714,220.3429,572.5148,149.149,217.5673,26.11062,193.1473,206.99,102.48692
2024-09-10,245.4526,498.1687,203.5714,220.3429,572.5148,149.5216,217.5673,25.85133,192.477,206.99,102.48692
2024-09-11,245.4526,498.1687,203.5714,220.3429,572.5148,149.5216,217.5673,27.36062,191.9365,209.2253,102.48692
2024-09-12,245.4526,498.1687,203.5714,220.3429,572.5148,149.5216,217.9991,27.36062,191.9365,215.8332,102.56384
2024-09-13,245.4526,498.1687,203.125,219.8863,572.5148,149.5216,217.9991,27.36062,191.9365,222.3595,102.56384
2024-09-14,245.4526,498.1687,203.125,219.8863,572.5148,149.5216,217.9991,27.36062,191.9365,222.3595,102.56384
2024-09-15,245.4526,498.1687,203.125,219.8863,572.5148,149.5216,217.9991,27.36062,192.5014,222.3595,102.56384
2024-09-16,245.4526,497.8665,203.125,219.8863,572.5148,149.5216,217.9991,27.36062,192.5014,225.5174,102.56384
2024-09-17,245.1846,497.4317,203.125,219.8863,572.5148,149.5216,217.9991,27.36062,192.5014,230.7805,102.56384
2024-09-18,245.1846,497.4317,203.125,220.1641,572.5148,149.5216,217.9991,27.36062,192.5014,230.7805,102.56384
2024-09-19,245.1846,497.4317,203.125,220.1641,572.5148,149.5216,217.9991,27.36062,192.5014,232.4647,102.56384
2024-09-20,245.1846,497.4317,203.125,220.6156,572.5148,149.5216,217.9991,27.18467,192.5014,232.4647,102.56384
2024-09-21,245.1846,497.4317,203.125,220.6156,572.5148,149.5216,217.9991,27.18467,192.5014,232.4647,102.56384
2024-09-22,245.1846,497.4317,203.125,220.6156,573.6755,149.5216,217.9991,27.055,192.5014,232.4647,102.56384
2024-09-23,245.1846,497.4317,202.6786,220.6156,573.6755,149.5216,216.1619,27.055,192.5014,235.8415,102.56384
2024-09-24,245.5692,497.4317,202.6786,220.5793,575.1934,149.5216,216.1619,27.555,192.5014,235.8415,102.56384
2024-09-25,245.5692,497.4317,202.6786,220.5793,580.6041,149.5216,216.1619,27.555,192.5014,238.8967,103.33308
2024-09-26,245.5692,497.4317,202.6786,220.5793,581.8005,149.5216,216.1619,27.555,192.5014,238.8967,103.33308
2024-09-27,244.68,497.4317,202.6786,221.2156,582.6934,149.4654,216.1619,27.555,192.5014,240.9919,103.33308
2024-09-28,244.68,497.4317,202.6786,221.2156,582.6934,149.4654,216.1619,27.555,192.5014,240.9919,103.33308
2024-09-29,244.68,497.4317,202.6786,221.2156,582.6934,149.4654,216.1619,27.555,192.5014,240.9919,103.33308
2024-09-30,244.68,497.4317,202.7544,221.2156,587.5584,149.5722,216.1619,27.555,192.5014,246.0415,104.10231
2024-10-01,244.878,497.4317,202.7544,221.2156,588.611,149.5722,216.65,27.555,192.5014,246.7915,104.10231
2024-10-02,244.878,497.4317,202.7544,221.2156,588.611,149.5722,217.1386,27.555,192.5014,247.5415,104.10231
2024-10-03,244.878,497.4317,202.7544,221.2156,588.611,149.5722,216.34,27.555,192.5014,247.5415,107.02357
2024-10-04,244.878,497.4317,202.4561,220.452,592.4181,149.5722,213.8855,27.555,192.5292,247.5415,107.02357
2024-10-05,244.878,497.4317,202.4561,220.452,592.4181,149.5722,213.8855,27.555,192.5292,247.5415,107.02357
2024-10-06,244.878,497.4317,202.4561,220.452,592.4181,149.5722,213.8855,27.555,192.5292,247.5415,107.02357
2024-10-07,245.3663,497.3747,202.1053,220.0884,594.9619,149.5722,214.1582,27.555,193.2236,247.5415,107.80929
2024-10-08,245.3663,497.3747,201.9825,220.0884,595.8391,149.5722,214.1582,27.555,193.6403,254.1915,109.52357
2024-10-09,245.3663,497.0413,202.1552,220.5332,597.8936,149.5722,214.1582,27.555,193.6403,254.1915,109.52357
2024-10-10,245.3663,497.0413,202.1552,221.2256,599.1005,149.85,214.1582,27.555,193.6403,254.1915,109.52357
2024-10-11,245.3663,497.0413,202.0,221.2256,601.7557,149.85,215.534,27.555,194.4736,256.3415,111.52357
2024-10-12,245.3663,497.0413,202.0,221.2256,601.7557,149.85,215.534,27.555,194.4736,256.3415,111.52357
2024-10-13,245.3663,497.0413,202.0,221.2256,601.7557,149.85,215.534,27.555,194.4736,256.3415,111.52357
2024-10-14,245.3663,497.0413,202.0862,221.2256,603.79,149.85,215.55,27.555,194.4736,261.5415,112.95214
2024-10-15,245.3663,497.0413,202.5,221.2256,604.6522,149.85,215.55,27.555,194.4736,265.0915,114.02357
2024-10-16,245.3663,497.0413,202.5,221.2256,607.066,149.85,215.55,27.98357,194.4736,268.0415,115.30929
2024-10-17,245.3663,497.0413,202.5,221.2256,607.066,150.3129,215.55,27.98357,194.4736,274.3729,115.30929
2024-10-18,245.2505,497.0413,202.5,221.2432,607.6243000000001,150.3129,216.2479,28.318,194.4736,274.3729,115.30929
2024-10-19,245.2505,497.0413,202.5,221.2432,607.6243000000001,150.3129,216.2479,28.318,194.4736,274.3729,115.30929
2024-10-20,245.2505,497.0413,202.5,221.2432,607.6243000000001,150.3129,216.2479,28.318,194.4736,274.3729,115.30929
2024-10-21,245.2505,497.0413,202.5,221.2432,609.3192,151.0166,216.2479,28.318,194.4736,274.3729,116.35533
2024-10-22,245.2505,497.0413,202.5,221.2432,609.3192,151.0166,216.2479,28.318,194.4736,274.3252,116.35533
2024-10-23,244.1224,496.9747,202.5,221.2432,612.4548,151.0166,216.2479,28.318,194.4736,288.4681,123.022
2024-10-24,244.1224,496.9525,202.5,221.5063,612.4548,151.0166,224.1091,28.318,194.4736,295.9415,123.68867
2024-10-25,244.1224,496.9525,202.5,221.5589,613.1327,151.0166,226.7227,28.318,195.0928,295.9415,124.75533
2024-10-26,244.1224,496.9525,202.5,221.5589,613.1327,151.0166,226.7227,28.318,195.0928,295.9415,124.75533
2024-10-27,244.1224,496.9525,202.1053,221.5589,613.1327,151.0166,226.7227,28.318,195.0928,295.9415,124.75533
2024-10-28,244.1224,496.9525,202.1053,221.5589,613.1327,151.0166,228.4838,28.318,195.0928,306.3875,124.75533
2024-10-29,244.1224,496.9525,202.1053,221.6467,613.1327,151.0166,228.7727,28.318,195.0928,306.3875,124.75533
2024-10-30,244.1224,496.9525,208.1864,221.6467,613.5565,151.0166,232.906,28.318,195.0928,306.9875,124.75533
2024-10-31,244.1224,499.5172,208.7797,221.6467,642.8347,151.0166,233.1727,28.318,195.0928,306.9875,124.75533
2024-11-01,243.1652,499.4994,208.6207,231.905,647.4347,151.0166,233.1727,28.318,195.95,306.9875,124.75533
2024-11-02,243.1652,499.4994,209.2321,231.905,648.2386,151.0166,235.39,28.318,195.95,306.9875,124.75533
2024-11-03,243.1652,499.4994,209.2321,231.905,648.2386,151.0166,235.39,28.318,195.95,306.9875,124.75533
2024-11-04,243.1652,499.9249,209.5,232.8383,649.6285,151.0166,235.39,28.318,195.95,306.9875,124.75533
2024-11-05,243.1652,499.9249,209.6842,233.6717,650.8149000000001,151.0166,235.39,35.58467,195.95,306.9875,124.75533
2024-11-06,243.6414,499.9249,209.6842,233.855,650.8149000000001,151.2389,235.39,36.69786000000001,195.95,306.9875,124.58312
2024-11-07,243.6414,499.9249,209.6842,233.855,651.6346,151.7944,237.3667,36.69786000000001,195.95,306.9875,124.58312
2024-11-08,243.0916,500.1407,209.6842,234.7262,651.6346,154.2574,239.6923,36.69786000000001,195.95,306.9875,127.52062
2024-11-09,243.0916,500.1407,209.6842,234.7262,652.9335,154.2574,239.6923,36.69786000000001,195.95,306.9875,127.52062
2024-11-10,243.0916,500.1407,209.6842,235.055,652.9335,154.2574,239.6923,36.69786000000001,195.95,306.9875,127.52062
2024-11-11,243.673,500.1407,209.7719,235.055,653.442,154.4426,239.6923,36.69786000000001,195.95,309.9875,128.1456
2024-11-12,243.673,501.2276000000001,209.7193,234.71,653.442,156.1254,239.6923,36.69786000000001,195.7786,309.9875,129.7253
2024-11-13,243.673,501.2276000000001,209.7193,235.3656,653.442,159.5327,243.6226,36.69786000000001,195.7786,309.9875,129.7253
2024-11-14,243.673,501.2276000000001,209.7193,235.3656,653.442,160.2418,243.6226,36.69786000000001,195.7786,309.9875,129.7253
2024-11-15,243.673,501.2276000000001,209.7193,235.3656,653.442,160.5872,244.4365,36.69786000000001,195.7786,316.8875,132.0782
2024-11-16,243.673,501.2276000000001,209.7193,235.5383,653.442,160.5872,244.4365,36.69786000000001,195.7786,316.8875,132.0782
2024-11-17,243.673,501.2276000000001,209.7193,235.5383,654.3635,160.5872,244.4365,36.69786000000001,195.7786,316.8875,132.0782
2024-11-18,243.4637,501.2276000000001,209.7193,235.5383,653.6793,160.86,244.4365,36.69786000000001,195.7786,316.8875,136.9018
2024-11-19,243.4637,501.2276000000001,209.7193,235.5383,653.6793,160.86,244.4365,36.69786000000001,195.7786,316.8875,138.1371
2024-11-20,243.4637,501.2276000000001,209.7193,235.5383,653.6793,160.86,244.4365,36.69786000000001,195.7786,323.1786,138.1371
2024-11-21,243.4637,501.2276000000001,209.7193,235.5383,653.6793,169.8184,244.4365,36.69786000000001,195.7786,323.1786,138.1371
2024-11-22,243.4637,501.2276000000001,209.7193,235.5383,653.6793,170.5327,245.1109,37.98357,195.7786,332.1786,141.0782
2024-11-23,243.4637,501.2276000000001,209.7193,235.5383,653.6793,170.5327,245.1109,38.15385000000001,195.7786,332.1786,144.1875
2024-11-24,243.4637,501.2276000000001,209.7193,235.5383,653.6793,170.5327,245.1109,38.15385000000001,195.7786,332.1786,144.1875
2024-11-25,243.4637,501.2276000000001,209.7193,235.755,653.6793,170.5327,245.1109,39.69231000000001,195.7786,332.1786,144.1875
2024-11-26,243.4637,501.2276000000001,209.7193,235.7426,653.6793,170.8005,245.1109,39.69231000000001,195.7786,332.1786,144.1875
2024-11-27,243.4637,501.2276000000001,209.7193,235.7426,653.6793,170.8005,245.1109,39.69231000000001,195.7786,334.4643,144.1875
2024-11-28,243.4637,501.2276000000001,209.7193,235.7426,653.6793,170.8005,245.1109,39.69231000000001,195.7786,334.4643,144.1875
2024-11-29,243.4637,501.2276000000001,209.7193,235.7426,653.6793,170.8005,254.8551,39.69231000000001,195.7786,337.4643,144.1875
2024-11-30,243.4637,501.2276000000001,209.7193,235.7426,653.6793,170.8005,254.8551,39.69231000000001,195.7786,337.4643,144.1875
2024-12-01,243.4637,501.2276000000001,209.7193,235.7426,653.6793,170.8005,254.8551,39.69231000000001,195.7786,337.4643,144.1875
2024-12-02,243.4637,501.2276000000001,209.7193,235.7426,653.6793,171.4255,254.8551,39.69231000000001,194.7847,338.7024,144.1875
2024-12-03,243.4637,501.2276000000001,209.9825,235.7426,653.6793,171.4255,257.9016,39.69231000000001,194.7847,348.8977,144.2941
2024-12-04,243.4637,504.393,209.8448,236.5048,656.3948,171.4255,258.3435,39.69231000000001,194.7847,355.4674,144.2941
2024-12-05,243.4637,504.393,209.8448,237.1609,656.3948,171.4255,264.5528,39.69231000000001,194.7847,355.4674,144.2941
2024-12-06,243.4637,504.393,209.8448,237.9422,656.3948,171.4255,264.5528,39.69231000000001,194.7847,355.4674,144.2941
2024-12-07,243.4637,504.393,209.8448,237.9422,656.3948,173.6005,264.5528,39.69231000000001,194.7847,355.4674,144.2941
2024-12-08,243.4637,504.393,209.8448,237.9422,656.3948,173.6005,264.5528,39.69231000000001,194.7847,355.4674,144.2941
2024-12-09,243.4637,504.393,209.8448,237.9422,656.7226,173.6005,267.1109,39.69231000000001,194.7847,361.9456,145.1176
2024-12-10,244.8941,504.393,209.8448,237.9422,656.7226,173.6005,274.5528,39.69231000000001,195.6181,363.6704,144.9444
2024-12-11,246.0076,504.393,209.8448,238.3328,656.7226,173.6005,275.6226,41.85714,195.6181,369.315,144.9444
2024-12-12,246.452,505.0313,209.8448,239.4261,656.7226,173.6005,275.6226,42.35714,196.9792,370.4968,144.9444
2024-12-13,246.8964,505.4568,209.8448,240.5646,658.6303,174.2736,290.2505,42.35714,225.4514,370.4968,144.9444
2024-12-14,246.8964,505.4568,209.8448,240.5646,658.6303,174.2736,290.2505,42.35714,225.4514,370.4968,144.9444
2024-12-15,246.8964,505.4568,209.8448,240.5646,658.6303,174.2736,290.2505,42.35714,227.0357,370.4968,144.9444
2024-12-16,246.8964,505.4568,209.7586,241.0262,659.4368000000001,174.2736,290.2505,42.35714,234.6643,370.4968,144.9444
2024-12-17,246.8964,506.84,210.1035,241.4877,660.4852000000001,174.7544,295.2272,42.35714,238.8071,370.4968,144.9444
2024-12-18,246.8964,506.84,210.1035,242.6415,660.4852000000001,174.6647,295.2272,44.86666,239.2929,370.4968,144.9444
2024-12-19,246.8964,506.84,210.5345,243.1031,661.6142,175.3121,296.1342,44.86666,241.4357,369.5681,144.9444
2024-12-20,246.8964,506.84,210.8103,243.4569,664.8723,175.2736,296.1084,44.86666,243.7786,369.5681,144.9444
2024-12-21,246.8964,506.84,210.8103,243.4569,664.8723,175.2736,296.1084,44.86666,243.7786,369.5681,144.9444
2024-12-22,246.8964,506.84,210.8103,243.4569,664.8723,175.2736,296.1084,44.86666,243.7786,369.5681,144.9444
2024-12-23,246.8964,506.84,210.8103,243.4569,664.8723,175.2736,296.1084,44.86666,243.7786,369.5681,144.9444
2024-12-24,247.452,506.84,210.8103,243.4569,664.8723,175.2736,296.1084,44.86666,243.7786,369.5681,144.9444
2024-12-25,247.452,506.84,210.8103,243.4569,664.8723,175.2736,296.1084,44.86666,243.7786,369.5681,144.9444
2024-12-26,247.452,506.84,210.8103,243.4569,664.8723,175.2736,296.1084,44.86666,243.7786,369.5681,144.9444
2024-12-27,247.452,506.84,210.9828,243.7646,665.84,173.8092,296.1084,44.86666,244.0347,369.5681,144.9444
2024-12-28,247.452,506.84,210.9828,243.7646,665.84,173.8092,296.1084,44.86666,244.0347,369.5681,144.9444
2024-12-29,247.452,506.84,210.9828,243.7646,665.84,173.8092,296.1084,44.86666,245.8286,369.5681,144.9444
2024-12-30,247.452,506.84,210.9828,243.7646,665.84,173.8092,296.1084,44.86666,245.8286,369.5681,144.9444
2024-12-31,247.452,506.84,210.9828,243.7646,667.2916,173.8092,296.1084,44.86666,245.8286,369.5681,144.9444
2025-01-01,247.452,506.84,210.9828,243.7646,667.2916,173.8092,296.1084,44.86666,245.8286,369.5681,144.3889
2025-01-02,247.8964,506.84,211.39,243.7646,667.2916,173.8092,300.1311,44.86666,245.8286,369.5681,144.3889
2025-01-03,248.452,509.9249,212.2881,244.38,669.3884,173.8092,306.972,44.86666,246.6857,369.5681,144.3889
2025-01-04,248.452,509.9249,212.2881,244.38,669.3884,173.8092,306.972,44.86666,246.6857,369.5681,144.3889
2025-01-05,249.3259,509.9249,212.2881,244.6516,669.3884,173.8092,306.972,44.86666,246.6857,369.5681,144.3889
2025-01-06,249.0077,509.9249,212.2881,245.0422,669.3884,173.8092,306.972,46.375,246.6857,369.5681,144.6842
2025-01-07,249.0077,509.9249,212.8333,245.4953,669.3884,174.3284,309.063,46.375,246.6857,369.5681,144.6842
2025-01-08,249.0077,509.9249,213.4167,245.8859,670.9219,175.5524,310.1993,46.375,247.1143,369.5681,144.865
2025-01-09,249.0077,509.9249,213.7333,246.5891,671.1918000000001,175.5524,308.1109,46.375,247.5429,369.5681,144.865
2025-01-10,249.0077,509.9249,214.6167,246.7954,672.1282,175.5524,308.1109,46.375,248.2571,369.5205,144.265
2025-01-11,249.0077,509.9249,214.6167,246.7954,672.1282,175.5524,308.1109,46.375,248.2571,369.5205,144.265
2025-01-12,249.0077,509.9249,214.6167,246.7954,672.1282,175.5524,308.1109,46.375,248.2571,369.5205,144.265
2025-01-13,249.0077,509.9249,214.8667,247.7954,674.0013,175.5524,311.7621,46.375,248.2571,369.8538,144.165
2025-01-14,249.0077,509.9249,215.1167,248.4877,674.8743000000001,175.9456,316.4789,46.375,249.7429,371.5205,144.165
2025-01-15,248.6381,509.9056,215.1167,248.9492,675.6679,175.9456,316.4789,47.88235,248.3714,377.8538,144.415
2025-01-16,248.6381,509.9056,215.3333,249.3954,675.6679,176.234,316.4789,47.88235,249.9429,377.4252,144.415
2025-01-17,246.8893,509.9056,215.7167,250.8262,676.541,176.234,325.3505,47.88235,249.9429,380.2824,145.015
2025-01-18,246.8893,509.9056,215.7167,250.8262,676.541,176.234,325.3505,47.88235,249.9429,380.2824,145.015
2025-01-19,246.8893,509.9056,215.7167,250.8262,676.541,176.234,325.3505,47.88235,249.9429,380.2824,145.015
2025-01-20,246.8893,509.9056,215.7167,250.8262,676.541,176.234,325.3505,47.88235,249.9429,380.2824,145.015
2025-01-21,246.8893,510.1556,215.7167,250.8262,676.6997,176.234,338.4435,48.76471,248.0571,380.2824,145.015
2025-01-22,246.7464,509.989,215.7167,250.8262,678.0489,176.234,338.4435,48.76471,248.0571,410.2881,145.015
2025-01-23,246.7464,509.989,216.35,251.7492,680.0172,175.7391,338.4435,50.6875,248.0571,427.8119,145.765
2025-01-24,246.675,510.3973,216.7333,252.0569,681.3663,175.7391,338.4435,50.6875,248.4857,429.0024,145.765
2025-01-25,246.675,510.3973,216.7333,252.0569,681.3663,175.7391,338.4435,50.6875,248.4857,429.0024,145.765
2025-01-26,246.675,510.3973,216.7333,252.0569,682.0336,175.7391,338.4435,50.6875,248.4857,429.0024,145.765
2025-01-27,246.675,510.3157,216.7333,252.0569,682.84,175.7391,338.4435,50.6875,250.3714,422.4786,143.815
2025-01-28,246.5939,510.3157,216.9,252.0569,682.84,175.7391,344.2342,50.6875,249.8286,422.1452,143.815
2025-01-29,246.5939,510.3157,217.3167,252.4569,685.0172,175.4749,344.2342,50.6875,249.8286,423.7167,143.815
2025-01-30,246.6427,508.9145,217.4833,252.4569,739.1719,175.4749,348.5691,50.6875,249.8286,420.437,143.815
2025-01-31,253.0936,508.939,217.35,252.4569,748.123,175.2485,348.5691,50.6875,249.8286,420.437,143.815
2025-02-01,253.0936,508.939,217.35,252.4569,748.123,175.2485,357.5044,50.6875,249.8286,420.437,143.815
2025-02-02,253.0936,508.939,217.35,252.4569,748.123,175.2485,366.5186,50.6875,249.8286,420.437,143.815
2025-02-03,251.8555,507.92,217.35,253.2262,754.0461,175.2485,369.6297,51.625,249.8286,420.437,143.815
2025-02-04,251.7364,507.98,217.2667,253.2262,756.3538000000001,175.2485,376.5103,82.25,249.8286,422.5674,143.815
2025-02-05,251.7364,507.86,217.8852,253.2262,756.3538000000001,175.0221,377.9545,88.375,249.8286,422.6688,143.815
2025-02-06,251.7364,508.3727,218.3065,253.8415,756.3538000000001,175.0221,379.2633,88.375,249.8286,422.6688,143.815
2025-02-07,251.7364,508.3727,219.1803,265.1185,756.6154,175.1164,378.8018,92.58823000000001,251.5429,422.6688,143.815
2025-02-08,251.7364,508.9585,219.6333,265.1185,756.6154,175.1164,378.8018,92.58823000000001,251.5429,422.6688,143.815
2025-02-09,251.3885,509.5747,219.9661,266.3397,756.6154,175.1164,378.8018,92.58823000000001,251.5429,422.6688,143.815
2025-02-10,251.3885,509.5747,219.9661,268.4594,756.6154,175.1164,378.8018,92.58823000000001,251.5429,422.6688,143.815
2025-02-11,251.3885,509.3752,220.3729,268.7563,758.6,175.1164,381.2068,92.58823000000001,251.5429,423.682,143.715
2025-02-12,251.3885,509.3752,220.3729,269.0688,758.6,174.7439,381.2068,92.58823000000001,251.5429,423.682,142.7526
2025-02-13,251.3885,509.3752,220.3729,269.0688,758.6,174.9277,381.2068,92.58823000000001,251.4412,423.682,139.6311
2025-02-14,251.3885,509.3752,220.3729,269.0688,758.6,175.392,379.3068,92.58823000000001,251.4412,423.6173,140.6105
2025-02-15,251.3885,509.3752,220.3729,269.0688,759.5156000000001,175.392,379.3068,92.58823000000001,251.4412,423.6173,140.6105
2025-02-16,251.3885,509.3752,220.3729,269.0688,759.5156000000001,175.392,379.3068,92.58823000000001,251.4412,423.6173,140.6105
2025-02-17,251.3885,509.3752,220.3729,269.0688,759.5156000000001,175.392,379.3068,92.58823000000001,251.4412,423.6173,140.6105
2025-02-18,251.3885,509.3752,220.3729,269.0688,759.5156000000001,175.392,379.3068,95.27778,251.4412,423.6173,140.555
2025-02-19,251.291,509.3752,220.3729,269.0688,759.5156000000001,175.392,379.3068,95.27778,251.4412,423.6173,140.555
2025-02-20,252.07,510.0,220.0345,268.9446,761.4127000000001,175.392,377.7068,95.27778,251.4412,423.6173,140.555
2025-02-21,253.3705,510.2176,220.0345,268.9446,761.4127000000001,175.392,379.1255,95.27778,251.4412,423.6173,140.555
2025-02-22,253.3705,510.2176,220.0345,268.9446,761.4127000000001,175.392,379.1255,95.27778,251.4412,423.6173,140.555
2025-02-23,253.3705,510.2176,220.0345,268.9446,761.4127000000001,175.392,379.1255,95.27778,251.4412,423.6173,140.555
2025-02-24,253.3705,510.2176,220.0345,268.8831,762.7969,175.392,379.1255,95.27778,251.4412,423.6173,140.555
2025-02-25,253.3705,510.2176,219.8621,268.8831,762.7969,175.392,379.1255,95.27778,252.1765,423.6173,140.555
2025-02-26,253.3705,510.2176,219.8621,268.3908,762.7969,175.392,379.1255,95.27778,252.1765,423.6173,140.555
2025-02-27,254.046,510.2176,219.8621,268.3908,762.7969,175.8349,379.1255,95.27778,252.1765,421.6558,140.555
2025-02-28,254.046,510.2176,219.7759,268.3908,762.7969,175.4167,379.1255,95.27778,252.1765,419.3481,139.4439
2025-03-01,254.046,510.2176,219.7759,268.3908,762.7969,175.6777,379.1255,95.27778,252.1765,419.3481,139.4439
2025-03-02,254.046,510.2176,219.7759,268.3908,762.7969,175.6777,379.1255,95.27778,252.1765,419.3481,139.4439
2025-03-03,254.046,509.1306,219.7759,267.9292,762.7969,175.1117,379.1255,95.27778,252.1765,419.3481,139.4439
2025-03-04,254.046,509.1306,219.7759,267.9292,762.7969,175.1117,380.8636,95.27778,252.1765,418.0759,139.4439
2025-03-05,254.0227,508.2611,219.7759,267.9292,762.7969,175.1117,379.1969,95.27778,252.1765,418.0759,138.4732
2025-03-06,254.0227,508.2611,219.7759,267.9292,762.7969,175.1117,379.1969,95.27778,252.1765,418.0759,138.4732
2025-03-07,253.9007,508.2611,219.7759,267.9292,762.7969,174.64,378.3874,95.27778,252.4412,418.0759,138.4732
2025-03-08,253.9007,508.2611,219.7759,267.9292,762.7969,174.64,378.3874,95.27778,252.4412,418.0759,138.4732
2025-03-09,253.9007,508.2611,219.7759,267.9292,762.7969,174.64,378.3874,95.27778,252.4412,418.0759,138.4732
2025-03-10,253.9007,508.2611,219.7759,267.7939,762.7969,174.64,373.1923,95.27778,252.9118,418.0759,138.4732
2025-03-11,253.9007,508.2611,219.7759,267.7939,763.0,174.64,372.8435,94.38889,252.9118,418.0759,138.4732
2025-03-12,253.34,508.8046000000001,219.7759,267.7939,763.0,174.7869,371.9133,94.38889,252.9118,418.0759,138.4732
2025-03-13,253.34,508.8046000000001,219.6035,267.7939,763.0,174.7869,371.6342,94.38889,252.9118,417.7875,138.4732
2025-03-14,253.7056,504.8915,219.2931,268.2215,762.7258,174.7869,366.8667,94.38889,252.9118,417.5018,138.4732
2025-03-15,253.7056,504.8915,219.2931,268.2215,762.7258,174.7869,366.8667,94.38889,252.9118,417.5018,138.4732
2025-03-16,253.7056,504.8915,219.2931,268.2215,762.7258,174.7869,366.8667,94.38889,252.9118,417.5018,138.4732
2025-03-17,253.7056,504.8915,219.2931,267.9754,762.4839000000001,174.7869,366.8667,94.38889,252.9118,417.5018,138.4732
2025-03-18,254.2982,505.2669,219.6667,267.9438,762.2787000000001,174.735,368.5779,94.38889,252.9118,417.5018,138.4732
2025-03-19,254.2982,505.2669,219.6667,267.9438,762.2787000000001,174.5427,367.3874,94.38889,252.9118,417.5018,138.4732
2025-03-20,254.2982,505.2669,219.6667,267.9438,762.2787000000001,174.5427,366.9112,94.38889,252.9118,417.5018,138.4732
2025-03-21,254.2982,505.2669,219.6667,267.9438,762.2787000000001,174.5427,367.8115,94.38889,252.9118,417.5018,138.4732
2025-03-22,254.2982,505.2669,219.6667,267.9206,762.2787000000001,174.5427,367.8115,94.38889,252.9118,417.5018,138.4732
2025-03-23,254.2982,505.2669,219.6667,267.9206,762.2787000000001,174.5427,367.8115,94.38889,252.9118,417.5018,138.4732
2025-03-24,254.2982,505.2669,219.6667,267.9206,762.2787000000001,174.5427,367.8115,94.38889,252.9118,417.5018,138.4732
2025-03-25,254.2982,505.2669,219.3684,267.9206,762.2787000000001,174.5427,362.0797,94.38889,252.9118,413.6089,136.7363
2025-03-26,254.2982,505.2669,218.93,267.9206,762.2787000000001,174.5427,362.0797,94.38889,252.9118,413.3232,136.7363
2025-03-27,254.2982,505.2669,218.93,267.9206,761.9194,174.5427,360.2505,94.38889,252.2424,413.3232,136.7363
2025-03-28,254.2982,502.2176,216.8983,267.0308,760.5484,174.5427,359.7871,94.1579,252.2424,413.3232,136.7363
2025-03-29,254.2982,502.2176,216.8983,267.0308,760.5484,174.5427,359.7871,94.1579,252.2424,413.3232,136.7363
2025-03-30,254.2982,502.2176,216.8983,267.0308,760.5484,174.5427,359.7871,94.1579,252.2424,413.3232,136.7363
2025-03-31,254.2982,502.2176,216.8983,267.0308,760.5484,174.5427,359.7871,94.1579,251.4706,413.3232,136.7363
2025-04-01,254.2982,502.2176,216.3051,267.0308,759.5806,174.5427,359.7871,94.1579,251.4706,411.8293,134.3679
2025-04-02,252.3642,502.2176,216.3051,267.0308,759.5806,173.485,353.8358,94.1579,251.4706,410.5879,132.4205
2025-04-03,251.9983,502.2176,216.0508,266.6461,758.6129000000001,173.485,353.8358,94.1579,251.4706,410.5879,132.4205
2025-04-04,246.608,500.0437,215.9322,266.6461,756.5968,172.9081,348.1042,94.1579,248.6765,410.5879,128.6495
2025-04-05,246.608,500.0437,215.9322,266.6461,756.5968,172.9081,348.1042,94.1579,248.6765,410.5879,128.6495
2025-04-06,246.608,500.0437,215.9322,266.6461,756.5968,172.9081,348.1042,94.1579,248.6765,410.5879,128.6495
2025-04-07,245.9983,500.0437,214.2034,264.3385,751.0323000000001,170.0782,348.1042,94.1579,246.7647,409.5534,124.47572
2025-04-08,243.28,498.6306,212.9322,263.3385,745.7258,170.0782,343.7139,94.1579,243.9706,409.5534,124.47572
2025-04-09,243.28,497.0,211.8644,260.6923,741.0484,170.0782,342.3481,94.1579,243.9706,409.1741,120.80904
2025-04-10,242.4263,497.0,209.3051,260.2308,737.5645000000001,169.8374,342.3481,94.1579,243.9706,409.1741,120.80904
2025-04-11,242.8166,495.6811,208.1186,256.9846,736.0161,169.7448,342.3481,93.89474000000001,243.6765,409.1741,120.80904
2025-04-12,242.8166,495.6811,208.1186,256.9846,736.0161,169.7448,342.3481,93.89474000000001,243.6765,409.1741,120.80904
2025-04-13,242.0849,495.6811,208.1186,256.9846,736.0161,169.7448,342.3481,93.89474000000001,243.6765,409.1741,120.80904
2025-04-14,241.4751,495.6811,207.61,255.4,732.5484,169.2818,340.8115,93.89474000000001,243.6765,404.2086,114.66619
2025-04-15,241.4751,493.1491,206.6552,254.0781,727.565,166.8531,328.6163,93.89474000000001,243.6765,403.3466,114.42809
2025-04-16,241.4638,489.7393,205.7931,254.0781,726.436,165.1258,327.3968,93.63158000000001,243.0882,403.519,114.42809
2025-04-17,240.44,488.5747,203.4912,251.6667,723.64,164.944,327.3968,93.63158000000001,243.0882,403.519,112.99953
2025-04-18,240.44,488.5747,203.4912,251.1111,723.64,164.944,327.3968,93.63158000000001,243.0882,403.519,112.99953
2025-04-19,240.44,488.5747,203.4912,251.1111,723.64,164.944,327.3968,93.63158000000001,243.0882,403.519,112.99953
2025-04-20,240.44,488.5747,203.4912,251.1111,723.64,164.944,327.3968,93.63158000000001,243.0882,403.519,112.99953
2025-04-21,240.3686,487.3406000000001,203.3448,250.73,718.148,164.5804,327.3968,93.63158000000001,241.7647,403.519,112.99953
2025-04-22,239.0352,484.0428,201.8276,248.7143,713.3611000000001,163.7076,325.5676,93.63158000000001,240.6176,403.519,112.99953
2025-04-23,238.8251,482.9789,201.8276,248.7143,710.9022,162.2531,304.8651,93.63158000000001,240.6176,406.2776,111.71381
2025-04-24,238.5926,482.9789,201.8276,248.7143,710.9022,161.6281,304.3773,93.63158000000001,240.1515,407.8638,109.80904
2025-04-25,238.29,482.9577,201.4677,247.6032,707.5415,161.5911,304.3773,92.05264000000001,239.7813,408.6569,109.80904
2025-04-26,238.29,482.9577,201.4677,247.6032,707.5415,161.5911,304.3773,92.05264000000001,239.7813,408.6569,109.80904
2025-04-27,238.29,482.9577,201.4677,247.6032,707.5415,161.5911,304.3773,92.05264000000001,239.7813,408.6569,109.80904
2025-04-28,238.0809,486.4377,201.4677,246.6667,705.9022,161.5911,304.3773,92.05264000000001,239.7813,406.2431,109.80904
2025-04-29,237.43,486.4377,201.4677,245.873,705.9022,160.4713,304.3773,92.05264000000001,239.4848,406.2431,109.80904
2025-04-30,237.43,487.0627,201.4677,245.7143,706.7218,160.4713,304.3773,92.05264000000001,239.4848,406.2431,109.80904
2025-05-01,237.43,504.1935,201.4677,245.5556,702.23,160.4713,304.3773,92.05264000000001,239.4848,406.2431,109.80904
2025-05-02,233.2144,503.7096,201.4677,241.6508,700.0811,160.4713,304.3773,92.05264000000001,239.4848,404.6071,109.80904
2025-05-03,233.2144,503.7096,201.4677,241.6508,700.0811,160.4713,304.3773,92.05264000000001,239.4848,404.6071,109.80904
2025-05-04,233.2144,503.7096,201.4677,241.6508,700.0811,160.4713,304.3773,92.05264000000001,239.4848,404.6071,109.80904
2025-05-05,232.7214,505.1096,201.4677,240.4921,698.7585,160.4713,304.3773,92.05264000000001,239.4848,404.6071,109.80904
2025-05-06,232.8027,505.1096,201.4127,239.0635,698.7747,160.4713,304.3773,101.6,239.4848,404.4074,109.80904
2025-05-07,232.8027,505.4016,200.68,239.0635,698.7747,160.4713,304.3773,101.85,239.4848,404.4074,109.80904
2025-05-08,232.8027,505.5977,200.0394,239.0318,698.7747,160.4713,304.3773,100.80952,239.4848,404.4074,109.80904
2025-05-09,232.5982,505.5977,200.0394,238.9682,698.7747,160.3804,305.8407,102.14286,239.4848,411.8432,112.2495
2025-05-10,232.5982,505.8096,200.0394,238.9682,696.5415,160.3804,305.8407,102.14286,239.4848,413.6893,112.2495
2025-05-11,231.3493,505.8096,200.0394,238.9682,696.5415,160.3804,305.8407,102.14286,239.4848,413.6893,112.2495
2025-05-12,230.6176,505.8096,200.0394,238.9682,696.5415,160.3804,305.8407,103.33334,239.4848,415.43,112.47572
2025-05-13,230.6176,505.8096,200.0394,238.9682,695.3939,160.5622,305.8407,103.33334,239.4848,419.1337,112.47572
2025-05-14,230.133,505.8096,200.0394,238.4921,699.7054,160.5622,307.9578,103.33334,239.4848,421.8374,113.23762
2025-05-15,230.133,507.0096,199.9612,238.4921,699.7054,160.5622,307.9578,103.33334,239.4848,422.2927,115.9519
2025-05-16,230.133,507.0096,199.8813,238.4921,699.7054,160.5622,307.9578,103.33334,239.4848,422.2927,115.9519
2025-05-17,230.133,507.1526,199.5406,238.4921,699.7054,160.5622,307.9578,103.33334,239.4848,422.2927,115.9519
2025-05-18,230.133,507.1526,198.7134,238.5323,699.7054,160.5622,307.9578,103.33334,239.4848,422.2927,115.9519
2025-05-19,230.133,508.5812,198.7134,238.5323,699.7054,161.4167,307.9578,103.33334,239.4848,422.2927,115.94045
2025-05-20,230.13,508.8874,198.7487,238.5323,699.7054,161.82,307.9578,103.33334,239.4848,424.985,115.94045
2025-05-21,230.13,508.8874,198.7487,238.5323,699.7054,161.82,307.9578,103.33334,239.4848,424.985,115.94045
2025-05-22,230.13,509.0725,198.7487,237.8197,696.5005,161.82,311.6163,103.33334,239.4848,424.985,115.94045
2025-05-23,230.13,510.1142,199.5622,237.8197,696.5005,163.07,311.6163,103.33334,241.0,433.6389,118.21318
2025-05-24,230.13,510.1142,199.5622,237.8197,696.5005,163.07,311.6163,103.33334,241.0,433.6389,118.17619
2025-05-25,230.13,510.1142,199.5622,237.8197,696.5005,163.07,308.1068,103.33334,241.0,433.6389,118.17619
2025-05-26,230.13,510.1142,199.5622,237.8197,696.5005,163.07,308.1068,103.33334,241.0,433.6389,118.17619
2025-05-27,230.13,510.1142,199.5622,237.7869,696.5005,163.07,308.1068,103.33334,243.5758,438.5411,118.17619
2025-05-28,230.13,510.1142,199.5622,237.7869,696.5005,163.07,308.1068,103.33334,247.3279,441.8745,118.17619
2025-05-29,230.13,510.1142,199.5622,237.7869,696.5005,170.3379,308.1068,103.33334,248.6515,457.393,118.17619
2025-05-30,230.13,510.1142,199.5622,238.1967,696.5005,170.8582,308.1068,103.33334,250.1221,458.6893,118.17619
2025-05-31,230.13,510.1142,199.5622,238.1967,696.5005,170.8582,308.6992,103.33334,250.1221,458.6893,118.17619
2025-06-01,228.183,510.1142,199.5622,238.1967,696.5005,170.8582,308.6992,103.33334,250.1221,458.6893,118.17619
2025-06-02,228.183,510.1142,199.5622,238.5246,696.5005,171.1883,308.6992,104.7619,252.0632,458.6893,118.17619
2025-06-03,228.2646,510.1142,199.5622,238.7705,697.5005,172.0503,308.6992,104.7619,252.0632,458.6893,118.17619
2025-06-04,228.2646,510.1142,199.5622,238.7705,694.9158,172.0503,308.6992,104.7619,252.0632,458.6893,118.17619
2025-06-05,228.2646,510.5308,199.5622,238.7705,695.3339000000001,172.0503,308.4428,104.7619,253.1515,458.6893,118.17619
2025-06-06,228.2646,512.5389,199.6416,238.7705,695.3339000000001,172.0503,308.4428,104.7619,282.3931,463.1337,118.9381
2025-06-07,228.2646,512.5389,199.6416,238.7705,695.3339000000001,171.3455,308.4428,104.7619,282.3931,463.1337,118.9381
2025-06-08,228.2646,512.5389,199.6416,238.7705,695.3339000000001,171.5556,308.4428,104.7619,282.3931,463.1337,118.9381
2025-06-09,228.2646,513.5806,199.6416,239.3443,696.3672,171.5556,308.4428,104.7619,282.5461,471.2819,118.9381
2025-06-10,228.2646,513.5806,199.6416,239.3443,696.3672,171.5556,308.571,107.0,282.5461,471.2819,118.9381
2025-06-11,228.2646,514.9348,199.6416,239.4426,696.3672,171.5556,308.571,107.0,282.5461,472.393,118.9381
2025-06-12,228.2646,515.9764,199.6416,239.4426,697.6172,171.6667,308.571,107.0,282.836,471.485,118.9381
2025-06-13,228.2646,515.9764,199.8003,239.6066,700.9505,171.6667,306.2526,107.0,282.836,471.485,118.9381
2025-06-14,228.2646,515.9764,199.8003,239.6066,700.9505,171.6667,306.2526,107.0,282.836,471.485,118.9381
2025-06-15,228.2646,515.9764,199.8003,239.6066,700.9505,171.6667,306.2526,107.0,282.836,471.485,118.9381
2025-06-16,228.2646,515.9764,199.8003,239.9344,702.6172,172.2222,306.2526,107.0,282.836,471.485,120.46191
2025-06-17,228.2646,515.9764,199.8003,239.9344,704.8005,172.2222,306.2526,107.0,284.4514,480.0226,120.7
2025-06-18,228.2646,515.9764,199.8003,240.2,704.8005,172.2222,306.0421,107.0,284.4514,480.0226,121.46191
2025-06-19,228.2646,515.9764,199.8003,240.2,704.8005,172.2222,306.0421,107.0,284.4514,480.0226,121.46191
2025-06-20,228.2646,515.9764,199.8003,240.2,704.8005,172.2222,306.7,107.0,284.4514,480.0226,121.46191
2025-06-21,228.2646,515.9764,199.8003,240.2,704.8005,172.2222,306.7,107.0,284.4514,480.0226,121.46191
2025-06-22,228.2646,515.9764,199.8003,240.2,704.8005,172.2222,306.7,107.0,284.4514,480.0226,121.46191
2025-06-23,228.2646,515.9764,199.8003,240.25,704.8005,172.2222,307.8316,107.0,288.554,480.0226,121.46191
2025-06-24,228.2646,518.1639,199.8479,240.25,706.6838,173.6111,307.8316,107.0,288.554,483.3189,121.46191
2025-06-25,228.0082,520.3723,199.5222,241.15,710.5005,173.5849,311.1211,107.0,288.554,483.3189,122.7
2025-06-26,228.0082,521.3723,199.5222,241.4833,713.1339,173.5849,311.1211,107.0,289.3232,483.3189,122.7
2025-06-27,227.9569,521.3723,199.5222,241.5667,713.1339,173.5849,311.1211,107.0,289.7078,483.9485,122.7
2025-06-28,227.9569,521.3723,199.5222,241.5667,713.1339,173.5849,311.1211,107.0,289.7078,483.9485,122.7
2025-06-29,227.9569,521.3723,199.5222,241.5667,713.1339,173.5849,311.1211,107.0,289.7078,483.9485,122.7
2025-06-30,228.4108,522.1431,199.6003,241.65,713.1339,173.5849,311.1211,107.0,289.7078,483.9485,122.7
2025-07-01,228.9755,524.2264,199.6003,242.05,714.8839,173.8679,311.1211,107.0,289.7078,485.7263,122.7
2025-07-02,228.9755,524.2264,199.6003,242.05,714.8839,173.8679,313.5795,107.90476,289.7078,485.7263,122.7
2025-07-03,228.9755,525.7728000000001,199.6003,242.05,714.8839,173.8679,313.1949,107.90476,289.7078,485.7263,123.22381
2025-07-04,228.9755,525.7728000000001,199.6003,242.05,714.8839,173.8679,313.1949,107.90476,289.7078,498.0575,124.17619
2025-07-05,228.9755,525.7728000000001,199.6003,242.05,714.8839,173.8679,313.1949,107.90476,289.7078,498.0575,124.17619
2025-07-06,228.9755,525.7728000000001,199.6003,242.05,714.8839,173.8679,313.1949,107.90476,289.7078,498.0575,124.17619
2025-07-07,228.9755,527.2574000000001,200.8109,243.4167,718.8672,174.0566,313.5026,107.90476,290.99,501.5575,128.319
2025-07-08,228.9755,527.2574000000001,200.8109,244.0,720.5338,174.0566,313.5026,107.90476,290.99,501.5575,128.319
2025-07-09,228.9755,531.0574,200.8891,244.0,721.9505,174.2593,313.5026,108.85714,292.554,505.9865,128.319
2025-07-10,228.9755,531.9774,200.9672,245.7167,722.9505,174.2593,312.7333,108.85714,292.554,507.6072,129.1286
2025-07-11,228.9755,533.7774000000001,200.9672,245.7167,722.9505,175.463,312.7333,108.85714,293.836,510.7107,129.1286
2025-07-12,228.9755,533.7774000000001,200.9672,245.7167,722.9505,175.463,312.7333,108.85714,293.836,510.7107,129.1286
2025-07-13,228.9755,533.7774000000001,200.9672,245.7167,722.9505,175.463,312.7333,108.85714,293.836,510.7107,129.1286
2025-07-14,228.9755,534.7774000000001,201.3985,245.7167,722.9505,177.0185,312.7333,108.85714,294.7335,521.2624000000001,131.2238
2025-07-15,228.9755,536.9574,202.6754,246.2167,728.8005,179.037,312.7333,109.7619,295.8873,526.7797,132.5095
2025-07-16,229.4755,538.7574000000001,202.9831,246.7,728.8005,179.037,312.7333,109.7619,295.8873,530.2279,132.5095
2025-07-17,229.4755,544.5774,202.6754,246.7,728.8005,179.4906,312.7333,109.7619,295.8873,532.6417,132.9857
2025-07-18,229.4755,547.0974,203.1369,247.7,730.4672,179.8679,312.7333,109.7619,295.8873,538.2624000000001,132.9857
2025-07-19,229.4755,547.0974,203.1369,247.7,730.4672,179.8679,312.7333,109.7619,295.8873,538.2624000000001,132.9857
2025-07-20,229.4755,547.0974,203.1369,247.7,730.4672,179.8679,312.7333,109.7619,295.8873,538.2624000000001,132.9857
2025-07-21,229.4755,547.0974,204.3677,249.4833,740.8005,179.8679,313.6564,109.7619,295.8873,538.2624000000001,132.9857
2025-07-22,229.4255,550.2574000000001,204.3677,250.4167,743.4672,179.8679,313.6564,109.7619,295.8873,538.2624000000001,132.9857
2025-07-23,229.4255,550.8574,205.1369,250.7,743.4672,180.1321,313.6564,112.5,295.8873,598.1603,132.9857
2025-07-24,229.4255,550.8574,216.5985,250.7,744.8135000000001,181.6731,313.865,112.5,295.8873,624.7603,132.9857
2025-07-25,229.4255,556.6374000000001,217.0292,251.2333,746.4407,182.3462,313.965,112.5,296.4258,640.89,132.9857
2025-07-26,229.4255,556.6374000000001,217.0292,251.2333,746.4407,182.3462,313.965,112.5,296.4258,640.89,132.9857
2025-07-27,229.4255,556.6374000000001,217.0292,251.2333,746.4407,182.3462,313.965,112.5,296.4258,640.89,132.9857
2025-07-28,229.4255,556.6374000000001,217.6138,251.6333,746.4407,183.1154,313.965,113.54546,296.4258,640.89,135.7
2025-07-29,229.4255,556.6374000000001,218.1045,251.8833,746.4407,183.1154,313.965,113.54546,296.4258,640.89,135.7
2025-07-30,229.4255,556.6374000000001,218.46,251.8833,749.6610000000001,184.6538,313.965,115.5,298.1694,640.89,151.8428
2025-07-31,229.4255,606.3941,218.46,251.85,844.7333,184.6538,313.965,115.5,300.2791,640.89,156.7476
2025-08-01,232.1443,611.5706,218.46,261.3548,846.5667000000001,184.6538,309.9641,115.5,300.2791,640.89,156.7476
2025-08-02,232.1443,611.5706,218.46,261.3548,846.5667000000001,184.6538,309.9641,115.5,300.2791,653.7789,156.7476
2025-08-03,233.6095,611.5706,218.6968,261.3548,846.5667000000001,184.6538,309.9641,115.5,300.2791,653.7789,156.7476
2025-08-04,233.3531,611.5706,219.173,261.6774,857.0833,184.6538,309.9641,115.5,300.2791,653.7789,156.7476
2025-08-05,233.7045,611.5706,219.173,262.0968,857.7667,185.0392,309.9641,147.3636,300.2791,665.4932,156.7476
2025-08-06,233.9676,615.7471,219.1078,262.8387,857.0656,185.3333,309.9641,152.8182,300.2791,669.4768,156.7476
2025-08-07,234.5992,615.7471,219.1078,263.2258,857.0656,185.3333,313.9105,152.8182,300.2791,669.4768,156.7476
2025-08-08,235.4939,615.7471,219.1078,263.0952,857.0656,186.0196,313.9105,152.8182,300.2791,669.4768,158.6524
2025-08-09,235.4939,618.662,219.1078,263.0952,860.8644,186.0196,313.9105,152.8182,300.2791,669.4768,158.6524
2025-08-10,236.0208,621.4918,219.1078,262.8548,860.8644,186.0196,313.9105,152.8182,300.2791,669.4768,158.6524
2025-08-11,236.0208,620.522,219.1078,262.9355,864.5593,186.0196,313.9105,152.8182,300.2791,669.4768,158.6524
2025-08-12,236.5614,620.522,219.1078,262.9355,864.5593,187.1569,313.9105,152.8182,300.937,669.4768,158.6524
2025-08-13,236.5614,624.0020000000001,219.1078,262.9355,864.5593,187.1569,313.9105,152.8182,300.937,669.4768,158.6524
2025-08-14,236.5686,624.0020000000001,219.4429,263.7213,864.5593,187.1569,313.9105,153.4286,300.937,670.8339000000001,158.6524
2025-08-15,236.5686,624.5123,219.4429,263.8853,864.5593,189.1176,313.9105,155.5714,302.6475,670.8339000000001,158.6524
2025-08-16,236.5686,624.5123,219.9984,263.8853,864.5593,189.1176,313.9105,155.5714,302.6475,670.8339000000001,158.6524
2025-08-17,236.4991,624.5123,219.9984,263.8853,864.5593,189.1176,313.9105,155.5714,302.6475,670.8339000000001,158.6524
2025-08-18,236.4991,624.5123,219.9984,263.6167,864.5593,189.7255,313.9105,155.5714,302.6475,670.8339000000001,156.5318
2025-08-19,236.4991,624.5123,219.9984,263.6167,864.5593,190.3137,313.9105,155.5714,302.6475,670.8339000000001,156.5318
2025-08-20,236.3849,624.5123,219.9984,263.6167,864.5593,195.098,313.9105,155.5714,302.6475,670.8339000000001,155.5957
2025-08-21,236.3849,624.5123,219.9984,263.6167,866.678,195.098,313.9105,155.5714,303.0422,670.8339000000001,155.8565
2025-08-22,237.1797,624.5123,220.4082,263.6167,866.678,197.3077,313.9105,155.5714,305.1437,670.8339000000001,155.8565
2025-08-23,237.1797,624.5123,220.4082,263.6167,866.678,197.3077,313.9105,155.5714,305.1437,670.8339000000001,155.8565
2025-08-24,237.1797,624.5123,220.4082,263.6167,866.678,197.3077,313.9105,155.5714,305.1437,670.8339000000001,155.8565
2025-08-25,237.1797,624.5123,220.4082,263.6167,866.678,197.3077,313.9105,155.5714,306.4258,670.8339000000001,155.8565
2025-08-26,237.1797,624.5123,220.4082,263.4754,866.678,197.3077,313.9105,155.5714,306.9386,670.8339000000001,155.8565
2025-08-27,237.1797,624.5123,220.4082,263.4754,866.678,197.3077,313.9105,155.5714,306.9386,670.8339000000001,157.6818
2025-08-28,237.1797,624.5123,220.7333,263.4754,866.678,213.643,313.9105,155.5714,306.9386,670.8339000000001,157.6818
2025-08-29,237.1797,625.1653,223.3167,263.4754,866.678,214.483,313.9105,155.5714,308.99,670.8339000000001,157.6818
2025-08-30,237.1797,625.1653,223.3167,263.4754,866.678,214.483,313.9105,155.5714,308.99,670.8339000000001,157.6818
2025-08-31,237.1797,625.1653,223.3167,263.4754,866.678,214.483,313.9105,155.5714,308.99,670.8339000000001,157.6818
2025-09-01,237.1797,625.1653,224.15,263.4754,866.678,214.483,313.9105,155.5714,308.99,670.8339000000001,157.6818
2025-09-02,237.4575,625.1653,229.25,263.4754,866.678,215.2196,313.9105,155.5714,311.3488,672.7982000000001,157.6818
2025-09-03,239.8464,625.1653,232.0,263.4754,866.678,215.1443,318.5568,155.5714,311.3488,673.1553,157.6818
2025-09-04,239.8464,625.1653,232.7869,263.4754,866.678,215.1443,318.5568,155.5714,312.0668,677.1241,157.6818
2025-09-05,240.233,625.1653,234.8689,263.4754,866.678,215.1443,318.5568,155.5714,361.6656,678.1981000000001,157.6818
2025-09-06,240.233,625.1653,234.8689,263.4754,866.678,215.1443,318.5568,155.5714,361.6656,678.1981000000001,157.6818
2025-09-07,240.233,625.1653,234.8689,263.4754,866.678,215.6924,318.5568,155.5714,361.6656,678.1981000000001,157.6818
2025-09-08,240.5033,624.362,234.8689,263.4754,866.678,216.2378,318.5568,155.5714,364.999,678.1981000000001,157.6818
2025-09-09,241.8005,624.362,235.4839,263.4754,866.678,216.2378,318.1513,155.5714,364.999,678.1981000000001,157.6818
2025-09-10,242.5426,624.362,235.4839,263.4754,866.678,216.5105,318.1513,155.5714,368.0759,678.1981000000001,157.6818
2025-09-11,242.5426,624.362,235.4839,263.4754,866.678,217.5015,318.1513,155.5714,371.4605,678.5685000000001,157.6818
2025-09-12,243.7595,624.362,235.4839,263.4754,866.7627,217.5015,322.9323,155.5714,371.4605,686.6796,157.6818
2025-09-13,243.7595,624.362,235.4839,263.4754,866.7627,217.5015,322.9323,155.5714,371.4605,686.6796,157.6818
2025-09-14,243.7595,624.362,235.4839,263.4754,866.7627,217.5015,322.9323,155.5714,371.4605,686.6796,157.6818
2025-09-15,243.7595,624.362,236.8548,263.8033,866.7627,217.2742,322.9323,155.5714,372.674,686.6796,157.6818
2025-09-16,245.2905,624.362,236.8548,263.8033,866.7627,217.2742,327.6759,155.5714,372.674,686.6796,157.6818
2025-09-17,245.2905,624.362,238.5484,263.8033,866.7627,217.2742,327.6759,155.5714,377.281,686.6796,158.0
2025-09-18,245.9155,624.362,238.5484,263.8033,868.4183,217.0193,333.5221,155.5714,377.281,686.6796,158.0
2025-09-19,246.9155,624.362,241.0484,263.8033,868.4183,217.2157,338.0092,155.5714,379.4605,686.6796,158.0
2025-09-20,246.9155,624.362,241.0484,263.8033,868.4183,217.2157,338.0092,155.5714,379.4605,686.6796,158.0
2025-09-21,246.9155,624.362,241.0484,263.8033,868.4183,217.2157,338.0092,155.5714,382.2516,686.6796,158.0
2025-09-22,246.9155,624.362,241.0484,263.8033,868.4183,217.5627,338.0092,155.5714,382.2516,686.6796,158.0
2025-09-23,246.9155,624.362,241.0484,264.377,868.4183,217.5627,338.0092,157.2381,382.2516,686.6796,158.0
2025-09-24,246.9155,624.362,242.0968,264.377,868.4183,218.277,338.0092,157.2381,382.2516,686.3093,158.0
2025-09-25,247.6655,624.362,242.0968,264.4426,868.4183,218.5448,342.881,157.2381,382.2516,686.3093,158.0
2025-09-26,247.6655,625.222,242.9365,265.0161,869.3459,218.902,347.0862,157.2381,382.7779,686.3093,158.1304
2025-09-27,247.6655,625.222,242.9365,265.0161,869.3459,218.902,347.0862,157.2381,382.7779,686.3093,158.1304
2025-09-28,247.6655,625.222,242.9365,265.0161,869.3459,218.902,347.0862,157.2381,382.7779,686.3093,158.1304
2025-09-29,247.6655,625.222,244.0476,265.0161,869.3459,218.902,347.0862,157.2381,382.7779,687.4203,158.913
2025-09-30,249.1859,625.422,244.9206,265.0161,869.3459,219.0805,347.0862,157.2381,382.7779,686.4574,158.913
2025-10-01,249.1859,625.422,245.5469,265.0968,869.3459,219.0805,347.0862,157.2381,382.7779,686.4574,158.913
2025-10-02,250.5844,625.422,246.4844,265.6613,869.3459,219.0805,351.9579,157.2381,382.7779,686.4574,159.5652
2025-10-03,250.5844,628.722,247.9231,265.6613,869.3459,219.8511,352.7785,157.2381,382.7779,686.4574,160.8696
2025-10-04,250.5844,628.722,247.9231,265.6613,869.3459,219.8511,352.7785,157.2381,382.7779,686.4574,160.8696
2025-10-05,250.5844,628.722,247.9231,265.6613,869.3459,219.8511,352.7785,157.2381,382.7779,686.4574,160.8696
2025-10-06,251.2429,628.722,248.6769,265.6613,869.7722,219.8511,352.7785,157.2381,382.7779,686.4574,160.8696
2025-10-07,251.2429,628.722,248.8308,265.6613,869.7722,219.8511,353.881,157.2381,382.7779,686.4574,161.3478
2025-10-08,251.2429,628.722,250.1692,265.6613,869.8213000000001,220.9037,361.8297,157.2381,382.7779,686.4574,161.3478
2025-10-09,251.2429,628.722,250.1692,265.6613,869.8213000000001,221.2546,361.8297,157.2381,383.3042,686.4574,162.4348
2025-10-10,251.192,628.722,251.1538,265.6613,869.1656,221.2546,367.409,157.2381,387.4503,686.6055,163.6956
2025-10-11,251.192,628.722,251.1538,265.6613,869.1656,221.2546,367.409,157.2381,387.4503,686.6055,163.6956
2025-10-12,251.192,628.722,251.1538,265.6613,869.1656,221.2546,367.409,157.2381,387.4503,686.6055,163.6956
2025-10-13,251.192,628.722,251.9846,265.6613,869.8213000000001,221.4125,367.409,158.1429,396.2708,686.6426,166.7826
2025-10-14,251.192,628.722,251.9846,265.6613,869.8213000000001,223.5177,367.409,158.1429,397.9887,686.9019000000001,171.3044
2025-10-15,251.192,628.722,253.9077,265.6613,869.8213000000001,223.5177,369.7161,158.1429,399.0063,679.3339000000001,171.3044
2025-10-16,251.192,629.022,254.9846,265.6613,869.8213000000001,223.5177,369.7161,158.1429,399.0063,679.8696,172.7391
2025-10-17,253.3627,629.022,256.3692,265.6613,868.3951000000001,223.5177,369.7161,158.1429,399.1346,679.8696,175.0435
2025-10-18,253.3627,629.022,256.3692,265.6613,868.3951000000001,223.5177,369.7161,158.1429,399.1346,679.8696,175.0435
2025-10-19,253.3627,629.022,256.3692,265.6613,868.3951000000001,223.5177,369.7161,158.1429,399.1346,679.8696,175.0435
2025-10-20,255.4076,629.022,256.8,265.6613,868.3951000000001,223.5177,369.7161,158.1429,398.3694,679.8696,175.0435
2025-10-21,255.4076,629.062,257.5692,265.6613,868.3951000000001,223.5177,369.7161,158.1429,398.3694,679.8696,175.0435
2025-10-22,255.4076,629.2620000000001,260.6461,266.3492,868.3951000000001,223.5177,369.7161,158.1429,398.3694,681.1732000000001,186.4348
2025-10-23,255.4076,629.2620000000001,261.8769,266.8254,868.7230000000001,223.5177,382.5551,158.1429,398.3694,684.1018,188.1739
2025-10-24,254.6836,628.8059000000001,265.5692,266.9048,869.8705,223.5177,391.9941,158.1429,399.8329,683.9589000000001,189.0833
2025-10-25,254.6836,628.8059000000001,265.5692,267.1774,869.8705,223.5177,391.9941,158.1429,399.8329,683.9589000000001,189.0833
2025-10-26,254.6836,628.8059000000001,265.5692,267.1774,869.8705,223.5177,391.9941,158.1429,399.8329,683.9589000000001,189.0833
2025-10-27,255.8741,628.9039,265.5692,267.3065,869.8705,224.8511,393.4576,158.7619,399.8329,683.9589000000001,191.9583
2025-10-28,255.8741,628.9039,265.5692,267.3065,869.8705,227.3072,393.4576,158.7619,399.8329,683.9589000000001,191.9583
2025-10-29,257.0645,629.3941,266.0615,267.3065,869.2967,230.5177,396.6283,158.7619,399.8329,683.9589000000001,191.9583
2025-10-30,257.0645,633.0843,312.7576,268.0645,846.8111,231.044,396.6283,158.7619,399.8329,686.3518,191.9583
2025-10-31,280.8264,633.9471,317.0151,291.6805,841.573,233.5879,397.36,160.1905,401.4182,686.3518,193.0
2025-11-01,280.8264,633.9471,317.0151,291.6805,841.573,233.5879,399.839,160.1905,401.4182,686.3518,193.0
2025-11-02,280.8264,633.9471,320.125,291.6805,841.573,233.5879,399.839,160.1905,401.4182,686.3518,193.0
2025-11-03,282.4931,633.8135,320.125,293.4265,841.573,233.5879,399.839,160.1905,401.4182,686.3518,193.172
2025-11-04,282.4931,632.6094,320.197,293.6646,841.573,233.5879,399.839,186.4286,401.4182,686.3518,193.172
2025-11-05,282.4931,632.4208,321.6615,293.6646,841.573,233.5879,399.839,187.1905,401.4182,686.3518,193.172
2025-11-06,282.4931,632.4208,321.6615,293.6646,839.9857000000001,233.5879,399.839,187.1905,401.4182,686.3518,193.172
2025-11-07,283.0883,632.4208,323.1515,294.3948,839.9857000000001,233.5879,399.964,187.1905,401.4182,686.7089000000001,194.7625
2025-11-08,283.0883,632.4208,323.1515,294.3948,839.3403000000001,233.5879,399.964,187.1905,401.4182,686.7089000000001,194.7625
2025-11-09,283.749,632.4096000000001,323.1515,295.1431,839.3403000000001,233.5879,399.964,187.1905,401.4182,685.2907,194.7625
2025-11-10,283.749,632.4096000000001,323.1515,295.1431,839.3403000000001,233.7633,399.964,188.2381,402.2719,685.1018,194.7625
2025-11-11,283.749,632.4096000000001,323.1515,295.1431,839.3403000000001,234.4651,399.964,188.2381,402.2719,685.1018,194.7625
2025-11-12,283.749,632.4096000000001,323.1515,295.1431,839.3403000000001,234.816,399.964,190.381,402.2719,685.1018,195.2208
2025-11-13,283.749,631.7981,323.1515,295.3913,839.3403000000001,235.6054,400.114,190.381,402.2719,684.5500000000001,195.2208
2025-11-14,283.749,631.7981,324.0606,296.7028,839.3403000000001,237.3814,400.739,189.4,402.813,684.5500000000001,195.2208
2025-11-15,284.8427,631.7981,324.0606,296.7028,839.3403000000001,237.3814,400.739,189.4,402.813,684.5500000000001,195.2208
2025-11-16,284.8427,631.7981,324.0606,297.3978,839.3403000000001,237.3814,400.739,189.4,402.813,684.5500000000001,195.2208
2025-11-17,285.5428,631.8359,324.0606,297.3978,837.3242,238.82,400.739,189.4,402.813,686.6818000000001,195.2208
2025-11-18,285.5428,630.7038,324.0606,296.6208,835.5500000000001,238.82,400.739,189.4,402.813,686.6818000000001,195.2208
2025-11-19,285.5428,630.7038,324.0606,296.3366,835.6738,239.3463,400.739,189.4,403.2127,686.6818000000001,194.932
2025-11-20,285.5428,630.7038,325.1846,296.4569,840.2683000000001,253.0215,400.739,189.4,403.2127,686.6818000000001,194.932
2025-11-21,285.5428,631.2943,325.6364,296.8366,839.6082,254.0054,400.489,189.4,406.3523,686.6818000000001,194.932
2025-11-22,285.5428,631.2943,325.6364,296.8366,839.6082,254.0054,400.489,189.4,406.3523,686.6818000000001,194.932
2025-11-23,285.5428,631.2943,325.6364,296.8366,839.6082,254.0054,400.489,189.4,406.3523,686.6818000000001,194.932
2025-11-24,285.5428,631.2943,327.1343,296.8366,839.6082,254.802,400.489,189.4,411.4686,686.6818000000001,194.932
2025-11-25,285.5428,631.2943,327.1343,296.8366,839.6082,254.802,400.489,189.4,411.4686,686.6818000000001,194.932
2025-11-26,285.5428,631.2943,327.1343,296.8366,839.6082,254.802,400.489,189.4,411.6753,686.6818000000001,194.932
2025-11-27,285.5428,631.2943,327.1343,296.8366,839.6082,254.802,400.489,189.4,414.0009,686.6818000000001,194.932
2025-11-28,285.5428,631.2943,329.394,297.1946,839.4350000000001,254.802,400.489,189.4,415.3264,688.7646000000001,194.972
2025-11-29,285.5428,631.2943,329.394,297.1946,839.4350000000001,254.802,400.489,189.4,415.3264,688.7646000000001,194.972
2025-11-30,285.5428,631.2943,329.394,297.1946,839.4350000000001,254.802,400.489,189.4,415.3264,688.7646000000001,194.972
2025-12-01,285.7928,631.2943,330.606,297.2438,839.4350000000001,255.0563,400.489,189.4,417.5125,688.7646000000001,194.972
2025-12-02,287.0905,631.2943,330.606,297.2438,838.7885,255.0563,400.489,189.4,417.5125,689.1218,195.412
2025-12-03,288.6758,631.2943,330.606,297.3447,838.7885,255.0563,400.489,189.4,419.4893,689.1218,195.412
2025-12-04,289.2856,631.2943,331.8182,297.3447,838.7885,255.0563,400.489,189.4,421.2334,689.1218,195.412
2025-12-05,290.0173,631.2943,331.8182,297.3447,838.7885,255.0563,400.489,189.4,421.2334,691.6218,194.4292
2025-12-06,290.0173,631.2943,331.8182,297.3447,838.7885,255.0563,400.489,189.4,421.2334,691.6218,194.4292
2025-12-07,290.0173,631.2943,331.8182,297.3447,838.7885,256.69,400.489,189.4,421.2334,691.6218,194.4292
2025-12-08,290.3832,631.2943,331.8182,297.3868,838.7885,256.69,400.864,189.4,422.1637,691.6218,196.9292
2025-12-09,290.3832,631.2943,331.8182,297.3868,838.7885,256.953,400.864,189.4,422.1637,727.6136,196.9292
2025-12-10,290.3832,631.2943,332.3485,297.3868,838.7885,256.953,400.864,189.4,422.1637,731.1176,200.6217
2025-12-11,290.3832,631.2943,333.2576,297.3868,837.641,256.953,400.864,189.4,425.1172,731.1176,200.6217
2025-12-12,290.3832,630.3327,333.2576,297.3868,837.641,256.953,398.9374,189.4,466.373,735.4137000000001,200.6217
2025-12-13,290.3832,630.3327,334.0769,297.3868,837.641,256.953,398.9374,189.4,466.373,735.4137000000001,200.6217
2025-12-14,291.6678,630.3327,334.0769,297.3868,837.641,256.953,398.9374,189.4,466.373,735.4137000000001,200.6217
2025-12-15,291.6678,630.3327,334.1231,297.4503,837.1952,256.953,398.9374,189.4,463.2541,742.7137,200.6217
2025-12-16,292.577,630.3327,334.1231,297.4503,837.1952,256.953,402.2708,189.4,463.2541,750.1136,200.6217
2025-12-17,292.827,630.3327,334.1231,297.4503,837.1952,259.4091,402.2708,189.4,461.6347,752.7470000000001,200.6217
2025-12-18,292.827,630.3327,334.5846,297.4503,836.5500000000001,259.76,410.4358,189.4,461.862,752.7470000000001,200.6217
2025-12-19,292.827,630.3327,334.6923,297.4503,836.5500000000001,259.76,412.2516,189.4,460.2284,753.2470000000001,200.6217
2025-12-20,292.827,630.3327,334.6923,297.4503,836.5500000000001,260.595,412.2516,189.4,460.2284,753.2470000000001,200.6217
2025-12-21,292.827,630.3327,334.6923,297.4503,836.5500000000001,260.595,412.2516,189.4,460.2284,753.2470000000001,200.6217
2025-12-22,292.827,630.3327,334.5,297.4503,836.4694000000001,259.76,412.2516,189.4,460.2284,753.2470000000001,200.6217
2025-12-23,292.827,630.3327,334.5,297.4503,836.4694000000001,259.76,412.2516,189.4,460.2284,753.2470000000001,200.6217
2025-12-24,292.827,630.3327,334.5,297.4503,836.4694000000001,259.76,412.2516,189.4,460.2284,753.2470000000001,200.6217
2025-12-25,292.5149,630.3327,334.5,297.4503,836.4694000000001,259.76,412.2516,189.4,460.2284,753.2470000000001,200.6217
2025-12-26,292.5149,630.3327,334.5,297.4503,836.4694000000001,259.76,412.2516,189.4,460.2284,753.2470000000001,202.2409
2025-12-27,292.5149,630.3327,334.5,297.4503,835.9508000000001,260.7736,412.2516,189.4,460.2284,753.2470000000001,202.2409
2025-12-28,292.5149,630.3327,334.5,297.4503,835.9508000000001,260.7736,412.2516,189.4,460.2284,753.2470000000001,202.2409
2025-12-29,292.5149,630.3327,335.1818,297.4503,835.9508000000001,260.7736,412.2516,189.4,460.2284,753.2470000000001,202.2409
2025-12-30,292.5149,630.3327,335.1818,297.4503,837.59,260.7736,412.2516,189.4,460.2284,753.2470000000001,203.1045
2025-12-31,292.5149,630.3327,335.1818,297.4503,837.59,260.1986,412.2516,189.4,460.2284,753.2470000000001,203.1045
2026-01-01,292.5149,630.3327,335.1818,297.4503,837.59,260.1986,412.2516,189.4,460.2284,753.2470000000001,203.1045
2026-01-02,292.5149,630.0443,337.0,297.3709,836.7705000000001,260.7249,414.62,189.4,460.4506,756.5803000000001,204.2409
2026-01-03,292.5149,630.0443,337.0,297.3709,836.7705000000001,260.7249,414.62,189.4,460.4506,756.5803000000001,204.2409
2026-01-04,292.5149,630.0443,337.0,297.3709,836.7705000000001,260.7249,414.62,189.4,460.4506,756.5803000000001,204.2409
2026-01-05,292.5149,630.0443,337.9091,297.3709,836.7705000000001,260.4538,414.62,191.0,460.4506,756.5803000000001,204.2409
2026-01-06,292.5149,630.0443,337.9091,297.5456,836.7705000000001,259.2124,414.62,191.0,460.4506,757.5803000000001,204.2409
2026-01-07,292.5149,629.3712,338.8182,296.8313,836.0328000000001,259.2124,413.7516,191.0,460.4506,757.5803000000001,204.2409
2026-01-08,292.6431,629.3712,340.9105,296.8313,836.0328000000001,259.7296,413.7516,191.0,461.1172,761.9137000000001,204.2409
2026-01-09,292.6431,629.5635,342.806,296.9265,835.918,259.7296,414.0147,191.0,461.1172,764.0604000000001,203.8318
2026-01-10,292.6431,629.5635,342.806,296.9265,835.918,259.7296,414.0147,191.0,461.1172,764.0604000000001,203.8318
2026-01-11,292.6431,629.5635,342.806,296.9265,835.918,259.7296,414.0147,191.0,461.1172,764.0604000000001,203.8318
2026-01-12,292.6431,629.5635,342.8806,297.3233,836.082,259.7296,414.0147,192.1905,461.1172,765.727,203.8318
2026-01-13,292.6431,629.5635,344.2985,297.3233,836.082,259.3953,415.5937,192.1905,459.4843,766.8937000000001,203.8318
2026-01-14,292.6431,629.5635,344.2985,297.0852,836.082,259.819,415.5937,192.1905,459.919,766.8937000000001,204.2864
2026-01-15,292.6431,629.5635,344.2985,297.0852,836.082,260.2088,415.5937,192.1905,459.919,766.8937000000001,204.0591
2026-01-16,292.6431,629.5635,344.2985,297.0852,836.082,260.2088,415.5937,192.1905,459.919,766.8937000000001,204.0591
2026-01-17,292.6431,629.5635,344.2985,297.0852,836.082,260.2088,415.5937,192.1905,459.919,766.8937000000001,204.0591
2026-01-18,292.6431,629.5635,344.2985,297.0852,836.082,260.2088,415.5937,192.1905,459.919,766.8937000000001,204.0591
