date,AAPL,MSFT,GOOGL,AMZN,META,NVDA,TSLA,PLTR,AVGO,GEV,VRT
2013-01-02,516468.1379,232462.705,237655.7608,116550.7506,60659.9663,7948.1026,4023.2219,11106.9837,7987.8376,38091.7006,849.5625
2013-01-03,509945.2618,229348.6138,237793.7703,117080.7121,60161.688,7954.3511,3956.0924,11106.9837,8029.5688,38091.7006,849.5625
2013-01-04,495744.6927,225056.2177,242492.6675,117384.1943,62306.4511,8216.7884,3913.9942,11106.9837,7978.0185,38091.7006,849.5625
2013-01-05,495744.6927,225056.2177,242492.6675,117384.1943,62306.4511,8216.7884,3913.9942,11106.9837,7978.0185,38091.7006,849.5625
2013-01-06,495744.6927,225056.2177,242492.6675,117384.1943,62306.4511,8216.7884,3913.9942,11106.9837,7978.0185,38091.7006,849.5625
2013-01-07,492828.5475,224635.3946,241434.5942,121600.8698,63739.1366,7979.3451,3907.1674,11106.9837,7933.8326,38091.7006,849.5625
2013-01-08,493286.3534,223457.0897,240958.1326,120659.0842,62957.8687,7805.3241,3832.0734,11106.9837,7879.8275,38091.7006,849.5625
2013-01-09,485576.8467,224719.5592,242541.2994,120645.4954,66271.0132,7629.4286,3827.5222,11106.9837,8054.1166,38091.7006,849.5625
2013-01-10,491596.084,222699.6081,243646.0332,120188.0074,67809.1766,7641.9257,3815.0065,11106.9837,8228.4056,38091.7006,849.5625
2013-01-11,488581.7702,225813.6994,243156.4278,121365.6994,68719.0761,7629.4286,3744.4636,11106.9837,8429.6971,38091.7006,849.5625
2013-01-12,488581.7702,225813.6994,243156.4278,121365.6994,68719.0761,7629.4286,3744.4636,11106.9837,8429.6971,38091.7006,849.5625
2013-01-13,488581.7702,225813.6994,243156.4278,121365.6994,68719.0761,7629.4286,3744.4636,11106.9837,8429.6971,38091.7006,849.5625
2013-01-14,471162.6046,226318.6871,237655.7608,123535.3706,67045.511,7623.1801,3784.2862,11106.9837,8486.1569,38091.7006,849.5625
2013-01-15,456297.624,229011.9553,238207.799,123159.4151,65209.4638,7485.7129,3857.1047,11106.9837,8314.3227,38091.7006,849.5625
2013-01-16,475238.032,227581.1566,235007.2915,121814.1284,64667.8569,7554.4465,3879.8605,11106.9837,8483.7022,38091.7006,849.5625
2013-01-17,472035.9105,229348.6138,233735.6319,122516.214,65296.1209,7654.4227,3911.7186,11106.9837,8545.0715,38091.7006,849.5625
2013-01-18,469519.2871,229348.6138,231497.9053,123259.066,64256.2357,7604.4346,3927.6476,11106.9837,8454.2449,38091.7006,849.5625
2013-01-19,469519.2871,229348.6138,231497.9053,123259.066,64256.2357,7604.4346,3927.6476,11106.9837,8454.2449,38091.7006,849.5625
2013-01-20,469519.2871,229348.6138,231497.9053,123259.066,64256.2357,7604.4346,3927.6476,11106.9837,8454.2449,38091.7006,849.5625
2013-01-21,469519.2871,229348.6138,231497.9053,123259.066,64256.2357,7604.4346,3927.6476,11106.9837,8454.2449,38091.7006,849.5625
2013-01-22,473998.5011,228506.9675,230959.0108,122384.8561,66572.1466,7566.9436,4003.8795,11106.9837,8454.2449,38091.7006,849.5625
2013-01-23,482670.5223,232378.5404,243652.6051,121442.7024,66769.2915,7579.4406,4096.0404,11106.9837,8449.3353,38091.7006,849.5625
2013-01-24,423036.8777,232546.8697,247704.1716,123938.5037,67332.5626,7616.9316,4208.6815,11106.9837,8329.0513,38091.7006,849.5625
2013-01-25,413064.288,234650.9854,247651.5966,128635.6833,68329.1192,7754.3988,4207.5437,11106.9837,8385.5112,38091.7006,849.5625
2013-01-26,413064.288,234650.9854,247651.5966,128635.6833,68329.1192,7754.3988,4207.5437,11106.9837,8385.5112,38091.7006,849.5625
2013-01-27,413064.288,234650.9854,247651.5966,128635.6833,68329.1192,7754.3988,4207.5437,11106.9837,8385.5112,38091.7006,849.5625
2013-01-28,422407.7218,233789.3775,246685.5296,125034.6633,70341.7302,7879.369,4327.0116,11106.9837,8464.064,38091.7006,849.5625
2013-01-29,430333.2074,234618.6257,247654.8825,117927.7445,66704.2987,7710.6592,4317.9093,11106.9837,8486.1569,38091.7006,849.5625
2013-01-30,428980.9919,233278.4265,247704.1716,123985.1725,67679.191,7698.1622,4268.9843,11106.9837,8603.9861,38091.7006,849.5625
2013-01-31,427722.6802,229927.9285,250237.2144,120683.3134,67118.0863,7660.6712,4267.8465,11106.9837,8780.7299,38091.7006,849.5625
2013-02-01,425966.678,233948.5261,256830.1598,120456.0379,64407.8857,7729.4048,4357.7319,11106.9837,8901.0139,38091.7006,849.5625
2013-02-02,425966.678,233948.5261,256830.1598,120456.0379,64407.8857,7729.4048,4357.7319,11106.9837,8901.0139,38091.7006,849.5625
2013-02-03,425966.678,233948.5261,256830.1598,120456.0379,64407.8857,7729.4048,4357.7319,11106.9837,8901.0139,38091.7006,849.5625
2013-02-04,415351.786,229844.166,251339.9019,118174.1914,60896.1069,7598.1861,4294.0157,11106.9837,8635.8982,38091.7006,849.5625
2013-02-05,429933.177,230304.8595,253565.1451,121315.1395,62046.4798,7773.1443,4338.3895,11106.9837,8692.358,38091.7006,849.5625
2013-02-06,429469.2919,229006.5415,255032.0838,119192.3859,62934.715,7710.6592,4456.7195,11106.9837,8748.8179,38091.7006,849.5625
2013-02-07,439685.729,228529.0955,256283.7831,118287.8292,68248.1418,7679.4167,4491.991,11106.9837,8581.8932,38091.7006,849.5625
2013-02-08,446033.761,230765.553,260065.3721,119069.6571,67998.0177,7729.4048,4464.684,11106.9837,8670.2651,38091.7006,849.5625
2013-02-09,446033.761,230765.553,260065.3721,119069.6571,67998.0177,7729.4048,4464.684,11106.9837,8670.2651,38091.7006,849.5625
2013-02-10,446033.761,230765.553,260065.3721,119069.6571,67998.0177,7729.4048,4464.684,11106.9837,8670.2651,38091.7006,849.5625
2013-02-11,450682.098,233362.189,259088.5168,116915.0849,67319.1095,7816.8839,4371.3853,11106.9837,8689.9033,38091.7006,849.5625
2013-02-12,439385.2304,233529.7139,258518.9605,117592.3661,65199.0102,7766.8958,4311.0825,11106.9837,8626.0791,38091.7006,849.5625
2013-02-13,438549.4688,234786.1506,259234.2172,122487.8813,66479.4072,7729.4048,4374.7987,11106.9837,8633.4434,38091.7006,849.5625
2013-02-14,438155.0645,234869.9131,260876.6587,122383.3345,67890.8217,7954.3511,4357.7319,11106.9837,8748.8179,38091.7006,849.5625
2013-02-15,432116.9216,234618.6257,262555.5253,120496.9475,67462.0375,7954.9759,4214.3705,11106.9837,8626.0791,38091.7006,849.5625
2013-02-16,432116.9216,234618.6257,262555.5253,120496.9475,67462.0375,7954.9759,4214.3705,11106.9837,8626.0791,38091.7006,849.5625
2013-02-17,432116.9216,234618.6257,262555.5253,120496.9475,67462.0375,7954.9759,4214.3705,11106.9837,8626.0791,38091.7006,849.5625
2013-02-18,432116.9216,234618.6257,262555.5253,120496.9475,67462.0375,7954.9759,4214.3705,11106.9837,8626.0791,38091.7006,849.5625
2013-02-19,431957.2818,234911.7943,267178.2032,122615.1556,68915.1393,7845.0022,4469.2352,11106.9837,8725.4975,38091.7006,849.5625
2013-02-20,421496.1758,233445.9514,262413.1362,121096.9549,67800.3006,7735.6533,4385.0388,11106.9837,8510.7047,38091.7006,849.5625
2013-02-21,418876.2041,230262.9783,263429.728,120883.3159,64991.7645,7679.4167,4000.4661,11106.9837,8265.2272,38091.7006,849.5625
2013-02-22,423336.7295,232524.5645,264813.8823,120646.9494,64627.298,7823.1324,4108.5561,11106.9837,8368.3277,38091.7006,849.5625
2013-02-23,423336.7295,232524.5645,264813.8823,120646.9494,64627.298,7823.1324,4108.5561,11106.9837,8368.3277,38091.7006,849.5625
2013-02-24,423336.7295,232524.5645,264813.8823,120646.9494,64627.298,7823.1324,4108.5561,11106.9837,8368.3277,38091.7006,849.5625
2013-02-25,415814.875,229257.8289,261853.514,118124.1908,64960.7967,7685.6652,3911.7186,11106.9837,8088.4834,38091.7006,849.5625
2013-02-26,421608.8628,229257.8289,261641.5861,117892.3698,65246.6528,7729.4048,3917.4075,11106.9837,8132.6694,38091.7006,849.5625
2013-02-27,417477.0077,232943.3767,264837.0619,119660.5735,64007.9431,7873.1205,3993.6394,11106.9837,8270.1367,38091.7006,849.5625
2013-02-28,414500.1939,232859.6143,265307.277,120124.2156,64913.1541,7910.6115,3962.9191,11106.9837,8400.2398,38091.7006,849.5625
2013-03-01,404236.2901,234116.051,266959.6526,120792.4057,66175.6851,7941.8541,3942.4389,11106.9837,8272.5915,38091.7006,849.5625
2013-03-02,404236.2901,234116.051,266959.6526,120792.4057,66175.6851,7941.8541,3942.4389,11106.9837,8272.5915,38091.7006,849.5625
2013-03-03,404236.2901,234116.051,266959.6526,120792.4057,66175.6851,7941.8541,3942.4389,11106.9837,8272.5915,38091.7006,849.5625
2013-03-04,394451.3059,235791.3,272030.6905,124142.4472,66032.7571,7907.4873,4048.2533,11106.9837,8233.3151,38091.7006,849.5625
2013-03-05,404869.2152,237466.5491,277693.1399,125269.7339,65556.3303,7998.0906,4169.9967,11106.9837,8427.2423,38091.7006,849.5625
2013-03-06,399721.2993,235288.7253,275301.0034,124451.542,65395.5362,7991.8421,4288.3267,11106.9837,8520.5238,38091.7006,849.5625
2013-03-07,404341.4646,235707.5376,275703.6665,124492.4516,68076.6281,7973.0966,4349.7674,11106.9837,8584.3479,38091.7006,849.5625
2013-03-08,405410.1126,234534.8633,275347.3626,124633.3624,66604.4693,8010.5876,4405.5074,11106.9837,8657.9912,38091.7006,849.5625
2013-03-09,405410.1126,234534.8633,275347.3626,124633.3624,66604.4693,8010.5876,4405.5074,11106.9837,8657.9912,38091.7006,849.5625
2013-03-10,405410.1126,234534.8633,275347.3626,124633.3624,66604.4693,8010.5876,4405.5074,11106.9837,8657.9912,38091.7006,849.5625
2013-03-11,411185.3192,233445.9514,276440.116,123292.4367,67033.2534,7932.4813,4477.6537,11106.9837,8655.5364,38091.7006,849.5625
2013-03-12,402320.6118,233781.0012,274052.6155,124606.0893,66294.7918,7847.5881,4479.9441,11106.9837,8702.1771,38091.7006,849.5625
2013-03-13,402245.4872,233822.8824,273290.9995,125047.0039,64508.1913,7847.5881,4463.9116,11106.9837,8834.735,38091.7006,849.5625
2013-03-14,406142.5778,235665.6564,272042.6115,120792.4057,64412.9059,7853.7479,4219.9882,11106.9837,9021.6486,38091.7006,849.5625
2013-03-15,416622.4649,234828.0319,269645.8391,119010.5654,63471.9629,7785.99,4041.3401,11106.9837,8859.2294,38091.7006,849.5625
2013-03-16,416622.4649,234828.0319,269645.8391,119010.5654,63471.9629,7785.99,4041.3401,11106.9837,8859.2294,38091.7006,849.5625
2013-03-17,416622.4649,234828.0319,269645.8391,119010.5654,63471.9629,7785.99,4041.3401,11106.9837,8859.2294,38091.7006,849.5625
2013-03-18,427947.5042,235372.4878,267489.4724,117224.1797,63102.7322,7730.5518,4025.3076,11106.9837,8677.123,38091.7006,849.5625
2013-03-19,426792.4629,236042.5874,268658.3874,116551.4441,63245.6602,7681.2734,4017.2914,11106.9837,8686.9666,38091.7006,849.5625
2013-03-20,424529.3331,237173.3805,269780.2808,116945.9944,61601.9877,7773.6704,4116.922,11106.9837,8842.0032,38091.7006,849.5625
2013-03-21,425139.7208,235456.2502,268638.5191,115178.6998,61316.1316,7650.4744,4123.7931,11106.9837,8750.95,38091.7006,849.5625
2013-03-22,433760.2731,236628.9246,268323.9386,117160.5425,61292.3102,7687.4332,4193.6491,11106.9837,8810.0115,38091.7006,849.5625
2013-03-23,433760.2731,236628.9246,268323.9386,117160.5425,61292.3102,7687.4332,4193.6491,11106.9837,8810.0115,38091.7006,849.5625
2013-03-24,433760.2731,236628.9246,268323.9386,117160.5425,61292.3102,7687.4332,4193.6491,11106.9837,8810.0115,38091.7006,849.5625
2013-03-25,435328.4999,235875.0625,268102.0766,116374.1691,59865.4119,7644.3146,4297.8605,11106.9837,8741.1064,38091.7006,849.5625
2013-03-26,433033.4422,235833.1813,269022.6385,118324.1933,60041.6898,7699.7528,4335.6514,11106.9837,8807.5506,38091.7006,849.5625
2013-03-27,424529.3331,237634.074,265790.7376,120592.4032,62149.8785,7792.1498,4370.0068,11106.9837,8770.6371,38091.7006,849.5625
2013-03-28,415683.4069,239602.4916,262985.3416,121133.319,60934.9901,7903.0263,4339.0869,11106.9837,8834.6205,38091.7006,849.5625
2013-03-29,415683.4069,239602.4916,262985.3416,121133.319,60934.9901,7903.0263,4339.0869,11106.9837,8834.6205,38091.7006,849.5625
2013-03-30,415683.4069,239602.4916,262985.3416,121133.319,60934.9901,7903.0263,4339.0869,11106.9837,8834.6205,38091.7006,849.5625
2013-03-31,415683.4069,239602.4916,262985.3416,121133.319,60934.9901,7903.0263,4339.0869,11106.9837,8834.6205,38091.7006,849.5625
2013-04-01,402771.3597,239644.3728,265303.9656,118915.1097,60815.8834,7644.3146,5030.7756,11106.9837,8696.8102,38091.7006,849.5625
2013-04-02,403599.6088,241235.8594,269227.9437,119693.3012,60553.8487,7561.1573,5077.728,11106.9837,8583.609,38091.7006,849.5625
2013-04-03,405663.6582,239225.5605,266963.6262,117742.3679,62531.02,7469.3762,4706.6897,11106.9837,8443.3378,38091.7006,849.5625
2013-04-04,401653.8807,239518.7291,263277.4048,117765.0955,64490.3253,7542.6779,4810.9011,11106.9837,8514.7038,38091.7006,849.5625
2013-04-05,397409.3386,240398.2349,259297.1333,116128.7116,65246.6528,7675.1136,4737.6096,11106.9837,8448.2596,38091.7006,849.5625
2013-04-06,397409.3386,240398.2349,259297.1333,116128.7116,65246.6528,7675.1136,4737.6096,11106.9837,8448.2596,38091.7006,849.5625
2013-04-07,397409.3386,240398.2349,259297.1333,116128.7116,65246.6528,7675.1136,4737.6096,11106.9837,8448.2596,38091.7006,849.5625
2013-04-08,400235.9031,239476.8479,256581.8067,117706.0038,63957.9183,7656.6342,4790.2878,11106.9837,8529.4692,38091.7006,849.5625
2013-04-09,400958.9778,248020.6179,257508.9914,118701.4707,63340.9456,7779.8302,4637.9789,11106.9837,8559.0,38091.7006,849.5625
2013-04-10,409138.1728,253632.7021,261658.1429,120351.4912,65675.437,7903.0263,4793.7234,11106.9837,8706.6538,38091.7006,849.5625
2013-04-11,407861.0539,242366.6525,261727.6818,122660.6107,66741.442,7866.0675,4991.8395,11106.9837,8768.1762,38091.7006,849.5625
2013-04-12,403607.1213,241152.0969,261615.0951,124215.99,65270.4742,8063.1811,5010.1624,11106.9837,8590.9917,38091.7006,849.5625
2013-04-13,403607.1213,241152.0969,261615.0951,124215.99,65270.4742,8063.1811,5010.1624,11106.9837,8590.9917,38091.7006,849.5625
2013-04-14,403607.1213,241152.0969,261615.0951,124215.99,65270.4742,8063.1811,5010.1624,11106.9837,8590.9917,38091.7006,849.5625
2013-04-15,394263.4943,240314.4724,258926.2595,121871.6049,63174.1962,7896.8665,4958.6293,11106.9837,8312.9103,38091.7006,849.5625
2013-04-16,400264.0748,242659.821,262714.4712,123974.7232,64127.0498,7983.1037,5220.8755,11106.9837,8509.782,38091.7006,849.5625
2013-04-17,378252.5557,241445.2655,259134.876,121725.9344,63424.3203,7875.3072,5204.843,11106.9837,7974.5369,38091.7006,849.5625
2013-04-18,368157.6824,241152.0969,253622.763,118093.2756,61197.0249,7724.392,5416.7778,11106.9837,7719.8341,38091.7006,849.5625
2013-04-19,366730.3143,248570.6833,264866.8642,118502.974,61292.3102,7742.8714,5515.9567,11106.9837,7692.7642,38091.7006,849.5625
2013-04-20,366730.3143,248570.6833,264866.8642,118502.974,61292.3102,7742.8714,5515.9567,11106.9837,7692.7642,38091.7006,849.5625
2013-04-21,366730.3143,248570.6833,264866.8642,118502.974,61292.3102,7742.8714,5515.9567,11106.9837,7692.7642,38091.7006,849.5625
2013-04-22,374374.2462,257464.6117,264947.6618,119973.3359,61864.0224,7755.191,5788.1218,11106.9837,7771.5129,38091.7006,849.5625
2013-04-23,381379.6188,255543.8572,267421.3689,122408.765,61887.8438,7958.4645,5882.6876,11106.9837,7965.9238,38091.7006,849.5625
2013-04-24,380586.4955,265231.1407,269259.7874,122354.1386,62197.5212,8229.4958,5815.7996,11106.9837,8027.4462,38091.7006,849.5625
2013-04-25,383325.4732,266734.3399,267818.5785,125049.0433,62268.9852,8297.2536,5996.8586,11106.9837,8029.9071,38091.7006,849.5625
2013-04-26,391609.0505,265481.6739,265276.437,116000.394,63960.3004,8260.2948,5904.5992,11106.9837,7901.9405,38091.7006,849.5625
2013-04-27,391609.0505,265481.6739,265276.437,116000.394,63960.3004,8260.2948,5904.5992,11106.9837,7901.9405,38091.7006,849.5625
2013-04-28,391609.0505,265481.6739,265276.437,116000.394,63960.3004,8260.2948,5904.5992,11106.9837,7901.9405,38091.7006,849.5625
2013-04-29,403731.7022,272329.5812,271115.4183,113692.3135,65178.2211,8358.8516,6335.9117,11106.9837,8005.2981,38091.7006,849.5625
2013-04-30,415614.9984,276421.6233,272939.2724,115545.1513,67084.2855,8482.0477,6226.3537,11106.9837,7865.027,38091.7006,849.5625
2013-05-01,412339.1134,273248.2029,271568.8992,113004.897,66265.33,8408.1301,6144.4736,11106.9837,7707.5296,38091.7006,849.5625
2013-05-02,418186.8966,276922.6897,274607.5527,114971.5455,69983.2325,8506.6869,6240.1927,11106.9837,7897.0187,38091.7006,849.5625
2013-05-03,422373.2711,279678.5549,279940.0917,117475.3804,68391.277,8543.6457,6290.9353,11106.9837,7845.3398,38091.7006,849.5625
2013-05-04,422373.2711,279678.5549,279940.0917,117475.3804,68391.277,8543.6457,6290.9353,11106.9837,7845.3398,38091.7006,849.5625
2013-05-05,422373.2711,279678.5549,279940.0917,117475.3804,68391.277,8543.6457,6290.9353,11106.9837,7845.3398,38091.7006,849.5625
2013-05-06,432444.9747,281849.8425,285179.9485,116414.6649,66601.233,8519.0065,6861.7901,11106.9837,8071.7424,38091.7006,849.5625
2013-05-07,430518.867,278175.3557,283749.9939,117329.7027,64956.1318,8408.1301,6401.6465,11106.9837,8007.759,38091.7006,849.5625
2013-05-08,435382.946,275503.0016,289178.5252,117762.1833,65514.1617,8561.5091,6433.5337,11106.9837,8244.0052,38091.7006,849.5625
2013-05-09,428746.6977,272747.1365,288466.858,118435.9425,65320.9046,8568.2849,8003.4997,11106.9837,8335.0584,38091.7006,849.5625
2013-05-10,425179.8316,272997.6697,291363.178,120015.6347,64451.2476,8956.3525,8870.2872,11106.9837,8381.8154,38091.7006,849.5625
2013-05-11,425179.8316,272997.6697,291363.178,120015.6347,64451.2476,8956.3525,8870.2872,11106.9837,8381.8154,38091.7006,849.5625
2013-05-12,425179.8316,272997.6697,291363.178,120015.6347,64451.2476,8956.3525,8870.2872,11106.9837,8381.8154,38091.7006,849.5625
2013-05-13,426841.2403,275837.0459,290469.4564,120416.2482,64789.4476,8771.5584,10145.5267,11106.9837,8273.5359,38091.7006,849.5625
2013-05-14,416628.7393,280012.5991,293637.2031,122155.2754,65393.376,8900.9142,9618.6064,11106.9837,8293.2231,38091.7006,849.5625
2013-05-15,402539.618,282643.1976,303166.9236,121349.4958,64257.9905,9051.8294,9803.7219,11106.9837,8411.3462,38091.7006,849.5625
2013-05-16,407916.1994,284605.7077,299188.2073,120238.7036,63122.6049,9011.7907,10872.7181,11106.9837,8417.4984,38091.7006,849.5625
2013-05-17,406679.06,291203.0817,300945.8598,122870.0064,63412.4906,9159.6259,10784.5559,11106.9837,8472.8686,38091.7006,849.5625
2013-05-18,406679.06,291203.0817,300945.8598,122870.0064,63412.4906,9159.6259,10784.5559,11106.9837,8472.8686,38091.7006,849.5625
2013-05-19,406679.06,291203.0817,300945.8598,122870.0064,63412.4906,9159.6259,10784.5559,11106.9837,8472.8686,38091.7006,849.5625
2013-05-20,415755.7957,292956.8141,300730.7046,121836.6055,62226.3751,9141.1465,10600.688,11106.9837,8475.3295,38091.7006,849.5625
2013-05-21,412686.4135,291036.0596,300214.3322,122396.554,61987.2194,9190.425,10323.7076,11106.9837,8635.2878,38091.7006,849.5625
2013-05-22,414276.4849,289031.7941,294405.1416,119710.622,60776.9467,8870.1152,10282.4552,11106.9837,8504.8603,38091.7006,849.5625
2013-05-23,415014.263,285190.2851,292210.5585,119182.5405,60537.791,8454.9167,10929.5286,11106.9837,8359.6673,38091.7006,849.5625
2013-05-24,417839.5965,286184.0668,289075.9127,119155.2259,58732.0449,8402.9042,11558.7334,11106.9837,8391.659,38091.7006,849.5625
2013-05-25,417839.5965,286184.0668,289075.9127,119155.2259,58732.0449,8402.9042,11558.7334,11106.9837,8391.659,38091.7006,849.5625
2013-05-26,417839.5965,286184.0668,289075.9127,119155.2259,58732.0449,8402.9042,11558.7334,11106.9837,8391.659,38091.7006,849.5625
2013-05-27,417839.5965,286184.0668,289075.9127,119155.2259,58732.0449,8402.9042,11558.7334,11106.9837,8391.659,38091.7006,849.5625
2013-05-28,414356.2701,292455.7477,291707.4264,121681.823,58218.7057,8397.125,13136.8077,11106.9837,8475.3295,38091.7006,849.5625
2013-05-29,417651.8667,291286.5928,287417.5626,120880.5958,56334.4488,8345.1126,12457.5476,11106.9837,8472.8686,38091.7006,849.5625
2013-05-30,423875.1095,292539.2588,288228.5322,121472.4113,59305.7769,8454.9167,12495.7671,11106.9837,9307.1127,38091.7006,849.5625
2013-05-31,422143.3021,291453.6149,288380.1339,122551.3365,58817.8027,8362.45,11639.6872,11106.9837,9284.9646,38091.7006,849.5625
2013-06-01,422143.3021,291453.6149,288380.1339,122551.3365,58817.8027,8362.45,11639.6872,11106.9837,9284.9646,38091.7006,849.5625
2013-06-02,422143.3021,291453.6149,288380.1339,122551.3365,58817.8027,8362.45,11639.6872,11106.9837,9284.9646,38091.7006,849.5625
2013-06-03,423067.8713,297215.8784,287192.4772,121495.1735,57609.9458,8350.8917,11024.1269,11106.9837,9179.146,38091.7006,849.5625
2013-06-04,421744.3763,292205.2145,284368.9789,120957.9871,56817.5916,8362.45,11292.0206,11106.9837,9302.1909,38091.7006,849.5625
2013-06-05,417802.0505,290451.4822,284567.5837,121627.1938,55317.4332,8183.296,11355.1245,11106.9837,9105.3191,38091.7006,849.5625
2013-06-06,411560.0348,291954.6813,286202.7632,121927.654,55488.9489,8235.3084,11590.871,11106.9837,9043.7967,38091.7006,849.5625
2013-06-07,414705.4475,297883.9669,291197.674,126043.0481,56264.3931,8348.0021,12149.2807,11106.9837,9205.1221,38091.7006,849.5625
2013-06-08,414705.4475,297883.9669,291197.674,126043.0481,56264.3931,8348.0021,12149.2807,11106.9837,9205.1221,38091.7006,849.5625
2013-06-09,414705.4475,297883.9669,291197.674,126043.0481,56264.3931,8348.0021,12149.2807,11106.9837,9205.1221,38091.7006,849.5625
2013-06-10,411963.6538,296213.7456,295344.809,127955.0675,58774.3199,8345.1126,11912.3436,11106.9837,9091.57,38091.7006,849.5625
2013-06-11,410752.7966,290952.5486,291891.124,125091.5908,58049.6057,8189.0751,11247.967,11106.9837,8958.2698,38091.7006,849.5625
2013-06-12,405674.7056,292288.7256,289293.3955,123675.786,57421.5201,8119.7252,11636.1153,11106.9837,8881.7456,38091.7006,849.5625
2013-06-13,409218.1055,289908.6602,290958.8613,125551.386,57324.8915,8304.6584,11689.6941,11106.9837,9160.6887,38091.7006,849.5625
2013-06-14,403665.9968,287278.0617,290308.5997,124731.9491,57083.3201,8293.1001,11942.1096,11106.9837,9279.1778,38091.7006,849.5625
2013-06-15,403665.9968,287278.0617,290308.5997,124731.9491,57083.3201,8293.1001,11942.1096,11106.9837,9279.1778,38091.7006,849.5625
2013-06-16,403665.9968,287278.0617,290308.5997,124731.9491,57083.3201,8293.1001,11942.1096,11106.9837,9279.1778,38091.7006,849.5625
2013-06-17,405496.3623,292288.7256,294027.6976,126584.7869,58030.28,8374.0084,12168.331,11106.9837,9402.6039,38091.7006,849.5625
2013-06-18,405280.473,292121.7035,298795.1557,128269.1849,58484.4342,8321.9959,12310.017,11106.9837,9565.5264,38091.7006,849.5625
2013-06-19,397048.5214,288864.7719,298815.0617,126630.3112,58723.5899,8576.2791,12463.6095,11106.9837,9397.6669,38091.7006,849.5625
2013-06-20,391264.5664,279678.5549,293526.7106,124481.5656,57735.5629,8345.1126,11983.7819,11106.9837,9148.346,38091.7006,849.5625
2013-06-21,388131.356,277799.5559,292262.6818,124445.1462,59257.4627,8330.6646,11852.8116,11106.9837,9227.3388,38091.7006,849.5625
2013-06-22,388131.356,277799.5559,292262.6818,124445.1462,59257.4627,8330.6646,11852.8116,11106.9837,9227.3388,38091.7006,849.5625
2013-06-23,388131.356,277799.5559,292262.6818,124445.1462,59257.4627,8330.6646,11852.8116,11106.9837,9227.3388,38091.7006,849.5625
2013-06-24,377843.7632,281557.5538,288566.8079,123193.2288,57820.1129,8160.1793,12083.7956,11106.9837,9057.0107,38091.7006,849.5625
2013-06-25,377928.2416,281181.754,287375.7677,123866.0775,58581.0628,8217.9709,12192.1438,11106.9837,9158.2201,38091.7006,849.5625
2013-06-26,373648.0022,286860.5064,289847.4249,126361.718,58363.6485,8171.7376,12587.4359,11106.9837,9195.248,38091.7006,849.5625
2013-06-27,369621.198,289115.3051,290982.0648,126352.6131,59571.5055,8096.6085,13007.7315,11106.9837,9212.5276,38091.7006,849.5625
2013-06-28,372202.4827,288488.9722,292076.8928,126416.3471,60102.9625,8113.946,12782.7007,11106.9837,9227.3388,38091.7006,849.5625
2013-06-29,372202.4827,288488.9722,292076.8928,126416.3471,60102.9625,8113.946,12782.7007,11106.9837,9227.3388,38091.7006,849.5625
2013-06-30,372202.4827,288488.9722,292076.8928,126416.3471,60102.9625,8113.946,12782.7007,11106.9837,9227.3388,38091.7006,849.5625
2013-07-01,384113.9384,286944.0175,294568.456,128423.9674,59933.8626,8148.621,13951.7892,11106.9837,9284.1148,38091.7006,849.5625
2013-07-02,392815.2145,283436.5528,292720.519,129166.0131,58967.577,8142.8418,14028.1091,11106.9837,9498.8763,38091.7006,849.5625
2013-07-03,394983.4937,284021.1302,294087.3952,129302.5859,59233.3055,8165.9585,13720.9243,11106.9837,9526.0301,38091.7006,849.5625
2013-07-04,394983.4937,284021.1302,294087.3952,129302.5859,59233.3055,8165.9585,13720.9243,11106.9837,9526.0301,38091.7006,849.5625
2013-07-05,391810.8601,285691.3515,296429.6637,130144.7849,58870.9484,8229.5293,14298.3842,11106.9837,9580.3376,38091.7006,849.5625
2013-07-06,391810.8601,285691.3515,296429.6637,130144.7849,58870.9484,8229.5293,14298.3842,11106.9837,9580.3376,38091.7006,849.5625
2013-07-07,391810.8601,285691.3515,296429.6637,130144.7849,58870.9484,8229.5293,14298.3842,11106.9837,9580.3376,38091.7006,849.5625
2013-07-08,389586.262,286651.7287,300278.15,132288.978,59692.2912,8186.1855,14479.3613,11106.9837,9200.185,38091.7006,849.5625
2013-07-09,396438.3996,286860.5064,300327.9149,132716.9062,61552.3909,8230.1072,14698.4389,11106.9837,9276.7092,38091.7006,849.5625
2013-07-10,394917.7882,289783.3937,300576.7395,133081.1003,62325.4193,8339.3334,14557.9435,11106.9837,9461.8485,38091.7006,849.5625
2013-07-11,401073.4483,298009.2335,305304.406,136418.0294,62349.5765,8454.9167,14955.617,11106.9837,9526.0301,38091.7006,849.5625
2013-07-12,400343.1794,297883.9669,306220.0803,140009.8943,62591.1479,8460.6958,15466.4011,11106.9837,9614.8969,38091.7006,849.5625
2013-07-13,400343.1794,297883.9669,306220.0803,140009.8943,62591.1479,8460.6958,15466.4011,11106.9837,9614.8969,38091.7006,849.5625
2013-07-14,400343.1794,297883.9669,306220.0803,140009.8943,62591.1479,8460.6958,15466.4011,11106.9837,9614.8969,38091.7006,849.5625
2013-07-15,401216.1229,302059.5201,306780.765,139563.7565,63484.962,8443.3583,15152.0724,11106.9837,9382.8557,38091.7006,849.5625
2013-07-16,403802.1009,302894.6308,305094.7298,139700.3293,63581.5906,8489.5916,12983.9187,11106.9837,9595.1487,38091.7006,849.5625
2013-07-17,403910.0455,298468.5444,304743.7213,140528.871,64378.7762,8443.3583,14317.4344,11106.9837,9607.4913,38091.7006,849.5625
2013-07-18,405269.2092,295963.2124,302132.7224,138443.8594,63243.3906,8408.6834,14172.1765,11106.9837,9281.6463,38091.7006,849.5625
2013-07-19,398878.8869,262224.7424,298687.2703,138953.7312,62521.0922,8229.5293,14249.568,11106.9837,9343.3594,38091.7006,849.5625
2013-07-20,398878.8869,262224.7424,298687.2703,138953.7312,62521.0922,8229.5293,14249.568,11106.9837,9343.3594,38091.7006,849.5625
2013-07-21,398878.8869,262224.7424,298687.2703,138953.7312,62521.0922,8229.5293,14249.568,11106.9837,9343.3594,38091.7006,849.5625
2013-07-22,400155.4496,266579.28,303385.1258,138157.0565,62917.2693,8223.7501,14576.9937,11106.9837,9328.5482,38091.7006,849.5625
2013-07-23,393284.539,264996.96,301086.5013,137055.3692,63122.6049,8212.1918,14613.9036,11106.9837,9284.1148,38091.7006,849.5625
2013-07-24,400202.0176,266162.88,300786.6807,136090.2546,64040.5762,8212.1918,14490.0771,11106.9837,9106.3812,38091.7006,849.5625
2013-07-25,398375.9386,261415.92,295799.5475,138120.6371,83004.3921,8241.0876,14772.2585,11106.9837,9108.8497,38091.7006,849.5625
2013-07-26,400638.0961,263331.36,295016.4801,142552.2253,82825.2314,8206.4126,15405.6785,11106.9837,9079.2274,38091.7006,849.5625
2013-07-27,400638.0961,263331.36,295016.4801,142552.2253,82825.2314,8206.4126,15405.6785,11106.9837,9079.2274,38091.7006,849.5625
2013-07-28,400638.0961,263331.36,295016.4801,142552.2253,82825.2314,8206.4126,15405.6785,11106.9837,9079.2274,38091.7006,849.5625
2013-07-29,406815.8758,262665.12,293990.1619,139852.0438,86283.3857,8189.0751,16028.3827,11106.9837,9032.3255,38091.7006,849.5625
2013-07-30,411839.8642,265246.8,296872.5164,138166.1436,91633.7836,8327.7751,15685.4787,11106.9837,9096.5071,38091.7006,849.5625
2013-07-31,411122.1516,265163.52,295816.2085,137622.4522,89619.774,8342.223,15987.901,11106.9837,9054.5422,38091.7006,849.5625
2013-08-01,414888.7802,263747.76,301304.3447,139609.8955,91297.7095,8460.6958,16139.1122,11106.9837,9232.2758,38091.7006,849.5625
2013-08-02,420216.2067,265579.92,302087.4121,138988.5339,92663.924,8530.0458,16430.8187,11106.9837,9254.4925,38091.7006,849.5625
2013-08-03,420216.2067,265579.92,302087.4121,138988.5339,92663.924,8530.0458,16430.8187,11106.9837,9254.4925,38091.7006,849.5625
2013-08-04,420216.2067,265579.92,302087.4121,138988.5339,92663.924,8530.0458,16430.8187,11106.9837,9254.4925,38091.7006,849.5625
2013-08-05,426493.921,263997.6,301564.2565,137517.369,95437.7534,8570.4999,17226.1656,11106.9837,9138.472,38091.7006,849.5625
2013-08-06,422678.2336,262998.24,298755.2104,137407.717,93881.5839,8443.3583,16924.9339,11106.9837,9098.9756,38091.7006,849.5625
2013-08-07,422432.9394,267020.664,296782.547,135653.2843,94660.8863,8437.5792,15981.9478,11106.9837,9205.1221,38091.7006,849.5625
2013-08-08,418826.2062,273907.92,297452.3195,135118.7305,93857.2307,8494.7929,18273.928,11106.9837,9212.5276,38091.7006,849.5625
2013-08-09,412866.4659,272325.6,296702.5741,135813.1935,93759.8179,8374.0084,18581.7958,11106.9837,9091.57,38091.7006,849.5625
2013-08-10,412866.4659,272325.6,296702.5741,135813.1935,93759.8179,8374.0084,18581.7958,11106.9837,9091.57,38091.7006,849.5625
2013-08-11,412866.4659,272325.6,296702.5741,135813.1935,93759.8179,8374.0084,18581.7958,11106.9837,9091.57,38091.7006,849.5625
2013-08-12,424595.1623,273741.36,295069.7953,135552.7699,93077.9283,8304.6584,17899.2488,11106.9837,9306.3315,38091.7006,849.5625
2013-08-13,444772.8808,268411.44,293650.2774,134310.0467,90153.1091,8333.5542,17662.422,11106.9837,9385.3243,38091.7006,849.5625
2013-08-14,452885.7591,269410.8,289838.2386,133108.4431,89254.476,8686.0832,16925.2227,11106.9837,9187.8424,38091.7006,849.5625
2013-08-15,452349.7459,264747.12,286456.0538,130883.4204,89035.2972,8740.9853,16962.8721,11106.9837,8891.6197,38091.7006,849.5625
2013-08-16,456365.3027,264830.4,285539.0319,130129.5626,90301.6636,8777.9719,17245.8497,11106.9837,8948.3957,38091.7006,849.5625
2013-08-17,456365.3027,264830.4,285539.0319,130129.5626,90301.6636,8777.9719,17245.8497,11106.9837,8948.3957,38091.7006,849.5625
2013-08-18,456365.3027,264830.4,285539.0319,130129.5626,90301.6636,8777.9719,17245.8497,11106.9837,8948.3957,38091.7006,849.5625
2013-08-19,461280.2715,261440.904,288452.0427,130472.2252,92079.4472,8639.8499,17598.0537,11106.9837,8948.3957,38091.7006,849.5625
2013-08-20,455220.5964,263331.36,288375.402,131166.6882,93540.6391,8639.8499,18166.438,11106.9837,9081.6959,38091.7006,849.5625
2013-08-21,456392.5576,263248.08,289678.2929,130015.3417,93321.4603,8609.5386,17957.5447,11106.9837,9032.3255,38091.7006,849.5625
2013-08-22,456937.6558,269743.92,291137.7972,132372.8606,93881.5839,8655.8264,19079.7394,11106.9837,9037.2625,38091.7006,849.5625
2013-08-23,455175.1716,289398.0,289971.5266,132500.788,98752.2238,8655.8264,19655.2893,11106.9837,9069.3533,38091.7006,849.5625
2013-08-24,455175.1716,289398.0,289971.5266,132500.788,98752.2238,8655.8264,19655.2893,11106.9837,9069.3533,38091.7006,849.5625
2013-08-25,455175.1716,289398.0,289971.5266,132500.788,98752.2238,8655.8264,19655.2893,11106.9837,9069.3533,38091.7006,849.5625
2013-08-26,456946.7408,284401.2,288698.6256,130764.6307,100676.1266,8676.0773,19944.4609,11106.9837,9252.024,38091.7006,849.5625
2013-08-27,443882.5538,277054.3384,283287.13,128352.2857,96536.0827,8566.1437,20283.3054,11106.9837,9023.6856,38091.7006,849.5625
2013-08-28,445977.5479,275055.1489,282753.9777,128649.26,98747.3532,8563.2507,20215.2936,11106.9837,9449.5058,38091.7006,849.5625
2013-08-29,446707.9795,279470.0256,285046.5325,129745.7804,100530.0074,8545.8928,20167.9282,11106.9837,9614.8969,38091.7006,849.5625
2013-08-30,442634.2789,278220.5322,282204.1644,128375.1299,100564.1019,8534.3208,20524.9902,11106.9837,9506.2819,38091.7006,849.5625
2013-08-31,442634.2789,278220.5322,282204.1644,128375.1299,100564.1019,8534.3208,20524.9902,11106.9837,9506.2819,38091.7006,849.5625
2013-09-01,442634.2789,278220.5322,282204.1644,128375.1299,100564.1019,8534.3208,20524.9902,11106.9837,9506.2819,38091.7006,849.5625
2013-09-02,442634.2789,278220.5322,282204.1644,128375.1299,100564.1019,8534.3208,20524.9902,11106.9837,9506.2819,38091.7006,849.5625
2013-09-03,443873.4688,265558.999,286695.9723,131947.959,101966.8462,8540.1068,20517.7032,11106.9837,9466.7855,38091.7006,849.5625
2013-09-04,453059.2821,259852.9791,290446.0322,134159.2752,101747.6674,8621.1105,20721.9815,11106.9837,9622.3025,38091.7006,849.5625
2013-09-05,449951.3138,260186.1774,293087.1353,134369.4416,103890.7489,8644.2545,20637.9383,11106.9837,9575.4005,38091.7006,849.5625
2013-09-06,452631.38,259494.791,293093.7997,135173.5566,107032.3116,8609.5386,20278.4474,11106.9837,9518.6245,38091.7006,849.5625
2013-09-07,452631.38,259494.791,293093.7997,135173.5566,107032.3116,8609.5386,20278.4474,11106.9837,9518.6245,38091.7006,849.5625
2013-09-08,452631.38,259494.791,293093.7997,135173.5566,107032.3116,8609.5386,20278.4474,11106.9837,9518.6245,38091.7006,849.5625
2013-09-09,459853.9312,263684.7589,295917.5074,136932.5581,107251.4904,8751.2951,19516.9581,11106.9837,9570.4635,38091.7006,849.5625
2013-09-10,449378.9607,269807.2766,296122.771,137229.5324,106179.9497,8939.3394,20205.5776,11106.9837,9790.162,38091.7006,849.5625
2013-09-11,424913.1362,272722.7612,298628.5867,136900.5763,109686.8104,9089.7749,19859.4461,11106.9837,9688.9526,38091.7006,849.5625
2013-09-12,429437.4513,272306.2634,297586.9405,136544.2071,108980.5676,9083.989,20030.6901,11106.9837,9634.6451,38091.7006,849.5625
2013-09-13,422360.2596,275138.4485,296255.3927,136114.7366,107909.0268,9141.8488,20104.7744,11106.9837,9655.9411,38091.7006,849.5625
2013-09-14,422360.2596,275138.4485,296255.3927,136114.7366,107909.0268,9141.8488,20104.7744,11106.9837,9655.9411,38091.7006,849.5625
2013-09-15,422360.2596,275138.4485,296255.3927,136114.7366,107909.0268,9141.8488,20104.7744,11106.9837,9655.9411,38091.7006,849.5625
2013-09-16,408932.6738,273230.8885,295819.5407,135264.9333,103525.4509,9147.6347,20231.082,11106.9837,9727.7601,38091.7006,849.5625
2013-09-17,413656.8583,274305.4529,295269.7274,138970.2586,109759.87,9176.5646,20188.5747,11106.9837,9935.7875,38091.7006,849.5625
2013-09-18,422160.3903,277554.1357,301004.4466,142563.1905,110149.5212,9256.9898,20187.1173,11106.9837,10071.996,38091.7006,849.5625
2013-09-19,429083.1375,280219.7217,299361.6711,142575.0695,111976.0111,9214.1735,21608.321,11106.9837,10091.8081,38091.7006,849.5625
2013-09-20,424640.5871,273147.589,300934.4703,144530.5309,115653.3442,9138.9558,22272.6506,11106.9837,10307.2651,38091.7006,849.5625
2013-09-21,424640.5871,273147.589,300934.4703,144530.5309,115653.3442,9138.9558,22272.6506,11106.9837,10307.2651,38091.7006,849.5625
2013-09-22,424640.5871,273147.589,300934.4703,144530.5309,115653.3442,9138.9558,22272.6506,11106.9837,10307.2651,38091.7006,849.5625
2013-09-23,445744.9726,272722.7612,295399.6833,142314.6459,114922.7483,9049.2731,21995.7454,11106.9837,10369.1781,38091.7006,849.5625
2013-09-24,444345.8872,270348.7238,295512.9781,143520.8184,117991.2514,9083.989,22143.914,11106.9837,10502.91,38091.7006,849.5625
2013-09-25,437468.5649,270765.2216,292310.7323,142844.6308,120450.9245,9098.4539,22497.0895,11106.9837,10453.3797,38091.7006,849.5625
2013-09-26,441729.4159,272972.6599,292623.9592,145343.7836,122715.7721,9066.631,22910.2612,11106.9837,10468.2388,38091.7006,849.5625
2013-09-27,438576.9312,277137.6379,292030.8273,144379.7594,124785.794,9014.5572,23184.7374,11106.9837,10574.729,38091.7006,849.5625
2013-09-28,438576.9312,277137.6379,292030.8273,144379.7594,124785.794,9014.5572,23184.7374,11106.9837,10574.729,38091.7006,849.5625
2013-09-29,438576.9312,277137.6379,292030.8273,144379.7594,124785.794,9014.5572,23184.7374,11106.9837,10574.729,38091.7006,849.5625
2013-09-30,433125.9492,277220.9375,291870.8816,142840.0619,122326.1209,9002.9852,23484.718,11106.9837,10668.8367,38091.7006,849.5625
2013-10-01,443310.2006,279719.9243,295567.6262,146636.7639,122788.8317,8997.1992,23439.7817,11106.9837,10753.0383,38091.7006,849.5625
2013-10-02,444763.7959,282552.1094,295896.1813,146435.7352,122447.8869,8991.4133,21976.3134,11106.9837,10750.5617,38091.7006,849.5625
2013-10-03,439176.5393,282052.312,291930.8613,143808.655,119776.3409,8898.8376,21048.4381,11106.9837,10723.3201,38091.7006,849.5625
2013-10-04,438831.3104,282218.9111,290684.6178,145764.1164,124298.7301,9020.3432,21979.9569,11106.9837,10772.8504,38091.7006,849.5625
2013-10-05,438831.3104,282218.9111,290684.6178,145764.1164,124298.7301,9020.3432,21979.9569,11106.9837,10772.8504,38091.7006,849.5625
2013-10-06,438831.3104,282218.9111,290684.6178,145764.1164,124298.7301,9020.3432,21979.9569,11106.9837,10772.8504,38091.7006,849.5625
2013-10-07,443119.4163,277387.5366,288482.0325,141647.596,123020.1871,9020.3432,22233.7867,11106.9837,10649.0245,38091.7006,849.5625
2013-10-08,436932.5516,274971.8494,284460.065,138540.7881,114800.9823,8945.1254,21220.8966,11106.9837,10549.9638,38091.7006,849.5625
2013-10-09,442063.7428,275471.6467,285189.8172,136256.3705,113899.9139,8806.2619,20498.2713,11106.9837,10450.9031,38091.7006,849.5625
2013-10-10,444834.6586,281219.3164,289315.0829,139428.9696,119452.4434,8901.7306,21002.2873,11106.9837,10775.3269,38091.7006,849.5625
2013-10-11,447718.2281,284301.4001,290564.6586,142040.0589,119598.5626,8829.4058,21703.0517,11106.9837,10720.8435,38091.7006,849.5625
2013-10-12,447718.2281,284301.4001,290564.6586,142040.0589,119598.5626,8829.4058,21703.0517,11106.9837,10720.8435,38091.7006,849.5625
2013-10-13,447718.2281,284301.4001,290564.6586,142040.0589,119598.5626,8829.4058,21703.0517,11106.9837,10720.8435,38091.7006,849.5625
2013-10-14,450650.8565,286966.9861,291937.5257,141953.7079,120572.6905,8962.4834,21826.9304,11106.9837,10953.6362,38091.7006,849.5625
2013-10-15,453049.2886,287300.1843,293903.5247,139989.1088,120548.3373,8916.1955,22339.4479,11106.9837,10832.2868,38091.7006,849.5625
2013-10-16,455260.5703,288549.6777,299241.3786,141857.7624,124530.0855,9026.1292,22293.297,11106.9837,11020.5021,38091.7006,849.5625
2013-10-17,458336.7412,290882.0654,296996.738,141985.6898,127148.0544,9043.4871,22201.2382,11106.9837,11169.0932,38091.7006,849.5625
2013-10-18,462325.0431,291215.2637,337969.0646,150283.1513,132043.0475,9147.6347,22273.8651,11106.9837,11406.8388,38091.7006,849.5625
2013-10-19,462325.0431,291215.2637,337969.0646,150283.1513,132043.0475,9147.6347,22273.8651,11106.9837,11406.8388,38091.7006,849.5625
2013-10-20,462325.0431,291215.2637,337969.0646,150283.1513,132043.0475,9147.6347,22273.8651,11106.9837,11406.8388,38091.7006,849.5625
2013-10-21,473655.8178,291465.1624,335259.7196,149145.0544,131141.9791,9170.7787,20962.2089,11106.9837,11652.0141,38091.7006,849.5625
2013-10-22,472298.069,288049.8804,336496.1005,151932.0439,128280.4782,9124.4908,20833.4723,11106.9837,11607.4367,38091.7006,849.5625
2013-10-23,476924.59,281219.3164,344651.8704,149289.4296,126393.1052,8968.8479,19978.4668,11106.9837,11240.9122,38091.7006,849.5625
2013-10-24,483238.6442,280886.1182,342694.7338,151781.2723,127720.3546,8901.7306,21029.0062,11106.9837,11265.6774,38091.7006,849.5625
2013-10-25,477831.27,298272.9234,339165.5464,166335.8173,126514.8712,8817.8339,20605.1469,11106.9837,11300.3486,38091.7006,849.5625
2013-10-26,477831.27,298272.9234,339165.5464,166335.8173,126514.8712,8817.8339,20605.1469,11106.9837,11300.3486,38091.7006,849.5625
2013-10-27,477831.27,298272.9234,339165.5464,166335.8173,126514.8712,8817.8339,20605.1469,11106.9837,11300.3486,38091.7006,849.5625
2013-10-28,481390.7613,296937.2484,339098.7289,163941.8705,122323.6856,8800.4759,19779.2893,11106.9837,11270.6304,38091.7006,849.5625
2013-10-29,464603.581,296519.85,346194.7456,166019.9811,120292.6287,8812.0479,19974.8233,11106.9837,11342.4494,38091.7006,849.5625
2013-10-30,472268.8647,296686.8094,344250.3777,165278.4526,119355.0306,8806.2619,19337.2126,11106.9837,11107.1802,38091.7006,849.5625
2013-10-31,470294.8396,295559.8336,344303.79,166628.7668,122265.2379,8788.3254,19424.6564,11106.9837,11250.8182,38091.7006,849.5625
2013-11-01,467890.7397,296561.5898,343121.1623,164327.2822,122127.6992,8826.5128,19695.4891,11106.9837,11074.9855,38091.7006,849.5625
2013-11-02,467890.7397,296561.5898,343121.1623,164327.2822,122127.6992,8826.5128,19695.4891,11106.9837,11074.9855,38091.7006,849.5625
2013-11-03,467890.7397,296561.5898,343121.1623,164327.2822,122127.6992,8826.5128,19695.4891,11106.9837,11074.9855,38091.7006,849.5625
2013-11-04,473936.9789,300025.9969,342809.0828,164207.356,118371.8122,8574.8227,21277.978,11106.9837,11154.2341,38091.7006,849.5625
2013-11-05,472766.4198,305869.575,341276.9788,164276.9315,122999.1632,8563.2507,21473.5119,11106.9837,11151.7576,38091.7006,849.5625
2013-11-06,468691.5065,318725.4469,341687.9064,163035.5579,120581.1575,8621.1105,18358.3285,11106.9837,11235.9591,38091.7006,849.5625
2013-11-07,461108.5148,313048.8281,336743.4126,157258.9598,116751.6256,8415.7082,16975.2599,11106.9837,10812.4747,38091.7006,849.5625
2013-11-08,468367.6008,315386.2594,339442.8389,160348.6616,116677.9808,9002.9852,16911.832,11106.9837,10983.3544,38091.7006,849.5625
2013-11-09,468367.6008,315386.2594,339442.8389,160348.6616,116677.9808,9002.9852,16911.832,11106.9837,10983.3544,38091.7006,849.5625
2013-11-10,468367.6008,315386.2594,339442.8389,160348.6616,116677.9808,9002.9852,16911.832,11106.9837,10983.3544,38091.7006,849.5625
2013-11-11,467007.197,313800.1453,337625.4034,162210.722,113413.0594,9078.203,17739.0958,11106.9837,10948.6831,38091.7006,849.5625
2013-11-12,467872.7449,311880.1125,338022.9674,159991.6294,114407.2648,9092.6679,16893.4429,11106.9837,11176.5227,38091.7006,849.5625
2013-11-13,468434.1814,318516.7477,344935.2361,163053.8673,119574.678,9344.3581,17003.7775,11106.9837,11238.4357,38091.7006,849.5625
2013-11-14,475205.6094,317398.1198,345857.3173,168169.4981,120262.0298,9384.8599,16868.9241,11106.9837,10636.6419,38091.7006,849.5625
2013-11-15,472354.3398,315895.4855,345299.4122,168981.5176,120311.1264,9355.93,16605.3472,11106.9837,11047.7438,38091.7006,849.5625
2013-11-16,472354.3398,315895.4855,345299.4122,168981.5176,120311.1264,9355.93,16605.3472,11106.9837,11047.7438,38091.7006,849.5625
2013-11-17,472354.3398,315895.4855,345299.4122,168981.5176,120311.1264,9355.93,16605.3472,11106.9837,11047.7438,38091.7006,849.5625
2013-11-18,466630.2068,310544.4375,344627.8965,167612.8941,112504.773,9130.2768,14904.9695,11106.9837,10886.7702,38091.7006,849.5625
2013-11-19,467458.8655,306704.3719,342507.7569,167045.3044,113805.8319,8933.5535,15457.8681,11106.9837,10636.6419,38091.7006,849.5625
2013-11-20,463365.0577,309542.6812,341540.9079,165960.4757,113977.6698,8647.4262,14847.3503,11106.9837,10574.729,38091.7006,849.5625
2013-11-21,468885.8499,312214.0313,345469.755,168867.0842,114640.4734,8715.6505,14968.7183,11106.9837,10661.4071,38091.7006,849.5625
2013-11-22,467683.8,313633.1859,344741.4653,170418.8011,113486.7042,8630.3702,14880.4507,11106.9837,10723.3201,38091.7006,849.5625
2013-11-23,467683.8,313633.1859,344741.4653,170418.8011,113486.7042,8630.3702,14880.4507,11106.9837,10723.3201,38091.7006,849.5625
2013-11-24,467683.8,313633.1859,344741.4653,170418.8011,113486.7042,8630.3702,14880.4507,11106.9837,10723.3201,38091.7006,849.5625
2013-11-25,471228.7676,314217.5438,349432.0736,172400.7876,110025.3966,8817.9869,14814.25,11106.9837,10824.8573,38091.7006,849.5625
2013-11-26,479920.2364,311796.6328,353601.4845,174565.8676,112652.0627,8891.8965,14772.568,11106.9837,11082.4151,38091.7006,849.5625
2013-11-27,491220.9454,313883.625,355171.6745,177010.1651,114124.9595,8926.0087,15562.0729,11106.9837,11062.6029,38091.7006,849.5625
2013-11-28,491220.9454,313883.625,355171.6745,177010.1651,114124.9595,8926.0087,15562.0729,11106.9837,11062.6029,38091.7006,849.5625
2013-11-29,500317.2964,318308.0484,353995.6659,180173.1044,115401.4702,8869.1551,15603.7548,11106.9837,11077.462,38091.7006,849.5625
2013-11-30,500317.2964,318308.0484,353995.6659,180173.1044,115401.4702,8869.1551,15603.7548,11106.9837,11077.462,38091.7006,849.5625
2013-12-01,500317.2964,318308.0484,353995.6659,180173.1044,115401.4702,8869.1551,15603.7548,11106.9837,11077.462,38091.7006,849.5625
2013-12-02,495962.5646,320979.3984,352288.5001,179568.896,115524.2116,8954.4354,15222.4877,11106.9837,11144.328,38091.7006,849.5625
2013-12-03,509541.4101,319810.6828,351880.9135,176071.8112,114714.1183,8948.7501,17739.341,11106.9837,11089.8446,38091.7006,849.5625
2013-12-04,508351.9565,325069.9031,353524.6444,176666.8649,119353.7434,9073.8279,17034.4259,11106.9837,11020.5021,38091.7006,849.5625
2013-12-05,510962.0964,317222.8125,353243.9692,175993.9965,118666.3916,8926.0087,17221.9947,11106.9837,11785.746,38091.7006,849.5625
2013-12-06,503871.2614,320228.0812,357430.1055,177120.0212,117684.4603,8795.2455,16839.5016,11106.9837,11629.7254,38091.7006,849.5625
2013-12-07,503871.2614,320228.0812,357430.1055,177120.0212,117684.4603,8795.2455,16839.5016,11106.9837,11629.7254,38091.7006,849.5625
2013-12-08,503871.2614,320228.0812,357430.1055,177120.0212,117684.4603,8795.2455,16839.5016,11106.9837,11629.7254,38091.7006,849.5625
2013-12-09,509638.5818,323108.1305,360193.0084,176177.0899,119893.8056,8644.5835,17359.2998,11106.9837,11731.2626,38091.7006,849.5625
2013-12-10,508846.8124,318141.0891,362371.2793,177499.9401,123342.8391,8846.4137,17431.6303,11106.9837,11540.5708,38091.7006,849.5625
2013-12-11,505076.9102,313967.1047,359909.055,174941.2092,121219.4128,8761.1333,17120.2417,11106.9837,11419.2214,38091.7006,849.5625
2013-12-12,504339.1251,310711.3969,357460.1525,174510.9396,127233.7417,8590.5727,18078.9262,11106.9837,11330.0668,38091.7006,849.5625
2013-12-13,498841.7261,306286.9734,354396.6126,175879.5631,130891.4356,8539.4045,18101.4835,11106.9837,11305.3016,38091.7006,849.5625
2013-12-14,498841.7261,306286.9734,354396.6126,175879.5631,130891.4356,8539.4045,18101.4835,11106.9837,11305.3016,38091.7006,849.5625
2013-12-15,498841.7261,306286.9734,354396.6126,175879.5631,130891.4356,8539.4045,18101.4835,11106.9837,11305.3016,38091.7006,849.5625
2013-12-16,501603.9217,307914.8273,358469.1173,178044.6431,132094.3014,8550.7752,18136.5453,11106.9837,12407.3518,38091.7006,849.5625
2013-12-17,499345.5793,304867.8187,357426.7646,177440.4347,134671.8709,8590.5727,18690.6699,11106.9837,13264.2268,38091.7006,849.5625
2013-12-18,495548.6851,305368.6969,362401.3262,181244.201,136414.7989,8709.9651,18141.4491,11106.9837,13162.6896,38091.7006,849.5625
2013-12-19,489871.3385,302613.8672,362892.4347,180891.7462,135138.2883,8744.0773,17251.4172,11106.9837,12739.2052,38091.7006,849.5625
2013-12-20,493974.1436,307205.25,367703.2936,184100.4588,138814.566,8917.4806,17560.3539,11106.9837,12856.171,38091.7006,849.5625
2013-12-21,493974.1436,307205.25,367703.2936,184100.4588,138814.566,8917.4806,17560.3539,11106.9837,12856.171,38091.7006,849.5625
2013-12-22,493974.1436,307205.25,367703.2936,184100.4588,138814.566,8917.4806,17560.3539,11106.9837,12856.171,38091.7006,849.5625
2013-12-23,512931.6228,305702.6156,372540.8794,184430.027,145488.3432,8971.4915,17598.358,11106.9837,12958.2238,38091.7006,849.5625
2013-12-24,510754.2569,309542.6812,371451.7335,182727.2579,145966.8404,8994.2329,18561.9463,11106.9837,13097.6131,38091.7006,849.5625
2013-12-25,510754.2569,309542.6812,371451.7335,182727.2579,145966.8404,8994.2329,18561.9463,11106.9837,13097.6131,38091.7006,849.5625
2013-12-26,507362.2447,312547.95,373329.3048,185102.8954,145387.6069,8908.9526,19063.3554,11106.9837,13122.504,38091.7006,849.5625
2013-12-27,503934.243,311295.7547,373643.3678,182214.5963,139620.456,8960.1208,18526.394,11106.9837,13137.4386,38091.7006,849.5625
2013-12-28,503934.243,311295.7547,373643.3678,182214.5963,139620.456,8960.1208,18526.394,11106.9837,13137.4386,38091.7006,849.5625
2013-12-29,503934.243,311295.7547,373643.3678,182214.5963,139620.456,8960.1208,18526.394,11106.9837,13137.4386,38091.7006,849.5625
2013-12-30,498922.7025,311295.7547,370656.6055,180058.671,135263.6128,9079.5133,18688.218,11106.9837,13117.5258,38091.7006,849.5625
2013-12-31,504770.9993,312297.5109,374415.0889,182539.5872,137628.3965,9107.94,18441.6816,11106.9837,13162.0806,38091.7006,849.5625
2014-01-01,504770.9993,312297.5109,374415.0889,182539.5872,137628.3965,9107.94,18441.6816,11106.9837,13162.0806,38091.7006,849.5625
2014-01-02,497672.0667,310210.5188,371879.3863,182164.2456,137782.0193,9016.9744,18401.3482,11106.9837,13105.0804,38091.7006,849.5625
2014-01-03,486740.2503,308123.5266,369166.5965,181463.9132,137396.7031,8908.9526,18335.1475,11106.9837,13154.8622,38091.7006,849.5625
2014-01-04,486740.2503,308123.5266,369166.5965,181463.9132,137396.7031,8908.9526,18335.1475,11106.9837,13154.8622,38091.7006,849.5625
2014-01-05,486740.2503,308123.5266,369166.5965,181463.9132,137396.7031,8908.9526,18335.1475,11106.9837,13154.8622,38091.7006,849.5625
2014-01-06,489394.4773,301612.1109,373282.5326,180177.6817,144052.8515,9028.3451,18021.307,11106.9837,13065.2549,38091.7006,849.5625
2014-01-07,485892.2473,303949.5422,380477.9821,182191.7096,145866.1041,9176.1643,18310.6287,11106.9837,13190.7052,38091.7006,849.5625
2014-01-08,488971.6005,298523.3625,381270.5836,183972.2934,146646.8102,9301.2421,18546.009,11106.9837,13386.348,38091.7006,849.5625
2014-01-09,482726.5192,296603.3297,377598.9629,183555.7558,144103.2196,8954.4354,18086.2818,11106.9837,13249.4478,38091.7006,849.5625
2014-01-10,479506.357,300860.7938,377578.9385,182022.3482,145916.4723,8943.0647,17864.3715,11106.9837,13266.8715,38091.7006,849.5625
2014-01-11,479506.357,300860.7938,377578.9385,182022.3482,145916.4723,8943.0647,17864.3715,11106.9837,13266.8715,38091.7006,849.5625
2014-01-12,479506.357,300860.7938,377578.9385,182022.3482,145916.4723,8943.0647,17864.3715,11106.9837,13266.8715,38091.7006,849.5625
2014-01-13,478167.9304,292011.9469,375173.4882,178964.6876,140804.1071,8732.7066,17082.2376,11106.9837,13102.5913,38091.7006,849.5625
2014-01-14,487682.5555,298690.3219,384000.0778,181967.4201,145412.791,9005.6036,19770.7224,11106.9837,13757.223,38091.7006,849.5625
2014-01-15,497473.8724,306871.3313,383739.4896,181203.005,145060.2141,9102.2547,20121.341,11106.9837,14180.369,38091.7006,849.5625
2014-01-16,494698.0296,307956.5672,386278.554,181170.9637,144027.6674,9130.6815,20959.8834,11106.9837,13797.0485,38091.7006,849.5625
2014-01-17,482577.1469,303699.1031,384377.5966,182914.9287,141786.2856,9090.884,20842.1933,11106.9837,13973.7742,38091.7006,849.5625
2014-01-18,482577.1469,303699.1031,384377.5966,182914.9287,141786.2856,9090.884,20842.1933,11106.9837,13973.7742,38091.7006,849.5625
2014-01-19,482577.1469,303699.1031,384377.5966,182914.9287,141786.2856,9090.884,20842.1933,11106.9837,13973.7742,38091.7006,849.5625
2014-01-20,482577.1469,303699.1031,384377.5966,182914.9287,141786.2856,9090.884,20842.1933,11106.9837,13973.7742,38091.7006,849.5625
2014-01-21,490074.6001,301946.0297,388777.507,186320.4668,147351.964,9124.9961,21659.8948,11106.9837,13966.3069,38091.7006,849.5625
2014-01-22,492252.4318,299942.5172,389218.5233,185171.5554,144833.5575,9113.6254,21890.3713,11106.9837,14225.1727,38091.7006,849.5625
2014-01-23,496420.6587,299282.5906,387574.8132,183033.9395,142617.3598,9079.5133,22250.7975,11106.9837,13951.3724,38091.7006,849.5625
2014-01-24,487396.9382,305508.1333,375457.4416,177417.548,137127.2336,8846.4137,21404.8994,11106.9837,13563.0737,38091.7006,849.5625
2014-01-25,487396.9382,305508.1333,375457.4416,177417.548,137127.2336,8846.4137,21404.8994,11106.9837,13563.0737,38091.7006,849.5625
2014-01-26,487396.9382,305508.1333,375457.4416,177417.548,137127.2336,8846.4137,21404.8994,11106.9837,13563.0737,38091.7006,849.5625
2014-01-27,491292.0853,299075.0725,367907.0869,176813.3397,134860.6678,8789.5601,20794.3816,11106.9837,13553.1173,38091.7006,849.5625
2014-01-28,451792.4354,301067.2462,375183.5108,180543.8686,138864.9341,8874.8405,21868.3044,11106.9837,13620.3228,38091.7006,849.5625
2014-01-29,446663.4986,304304.5284,369808.0652,175861.2538,134810.2996,8789.5601,21482.1336,11106.9837,13458.5317,38091.7006,849.5625
2014-01-30,445800.0532,305964.6731,379320.8703,184471.223,153824.2687,8937.3794,22415.0733,11106.9837,13702.4629,38091.7006,849.5625
2014-01-31,446529.7002,314099.3823,394547.2176,164733.593,159537.403,8926.0087,22239.764,11106.9837,13599.7878,38091.7006,849.5625
2014-02-01,446529.7002,314099.3823,394547.2176,164733.593,159537.403,8926.0087,22239.764,11106.9837,13599.7878,38091.7006,849.5625
2014-02-02,446529.7002,314099.3823,394547.2176,164733.593,159537.403,8926.0087,22239.764,11106.9837,13599.7878,38091.7006,849.5625
2014-02-03,447359.25,302810.3981,378664.7226,158974.4158,156758.1835,8806.6162,21712.6101,11106.9837,13256.9151,38091.7006,849.5625
2014-02-04,453835.0903,301731.3041,380244.9561,159801.0919,159996.3567,8857.7844,21911.2123,11106.9837,13443.5972,38091.7006,849.5625
2014-02-05,457224.6485,297331.9205,381928.7149,159112.1952,158568.5008,8778.1894,21382.8325,11106.9837,13436.1299,38091.7006,849.5625
2014-02-06,457153.2894,300320.181,389551.6799,162850.6084,158492.0085,8891.8965,21868.3044,11106.9837,13739.7994,38091.7006,849.5625
2014-02-07,463548.8506,303474.456,395422.0234,165831.2352,163999.4528,9022.6597,22867.4449,11106.9837,14080.8052,38091.7006,849.5625
2014-02-08,463548.8506,303474.456,395422.0234,165831.2352,163999.4528,9022.6597,22867.4449,11106.9837,14080.8052,38091.7006,849.5625
2014-02-09,463548.8506,303474.456,395422.0234,165831.2352,163999.4528,9022.6597,22867.4449,11106.9837,14080.8052,38091.7006,849.5625
2014-02-10,471853.2683,305466.6297,393907.463,165734.7896,162031.0514,9051.0865,24097.062,11106.9837,14016.0888,38091.7006,849.5625
2014-02-11,478070.4318,308579.401,399700.5652,166157.313,165353.3662,9238.7032,24104.4176,11106.9837,14454.1694,38091.7006,849.5625
2014-02-12,478034.7522,311028.1145,398788.1349,160398.1358,164330.9194,9568.4539,23945.0455,11106.9837,14670.7205,38091.7006,849.5625
2014-02-13,485625.5787,312190.2158,403227.3873,164049.2888,171674.1785,9869.7777,24473.4253,11106.9837,14705.5679,38091.7006,849.5625
2014-02-14,485233.1035,312273.2231,404201.9558,164118.1785,171062.2402,10182.4723,24301.7938,11106.9837,14456.6584,38091.7006,849.5625
2014-02-15,485233.1035,312273.2231,404201.9558,164118.1785,171062.2402,10182.4723,24301.7938,11106.9837,14456.6584,38091.7006,849.5625
2014-02-16,485233.1035,312273.2231,404201.9558,164118.1785,171062.2402,10182.4723,24301.7938,11106.9837,14456.6584,38091.7006,849.5625
2014-02-17,485233.1035,312273.2231,404201.9558,164118.1785,171062.2402,10182.4723,24301.7938,11106.9837,14456.6584,38091.7006,849.5625
2014-02-18,487017.0816,310613.0783,406917.2254,162418.8997,171597.6862,10176.7869,24972.3826,11106.9837,14528.8422,38091.7006,849.5625
2014-02-19,479328.1363,311360.1435,404047.3304,159539.3112,173535.4907,10313.2355,23739.0877,11106.9837,14362.0729,38091.7006,849.5625
2014-02-20,473779.9646,313352.3171,404642.1613,160650.7313,177538.5868,10677.0983,25741.0465,11106.9837,14732.4439,38091.7006,849.5625
2014-02-21,468517.2294,315261.4836,404534.6461,159254.5672,174886.8543,10597.5033,25695.6868,11106.9837,14620.0778,38091.7006,849.5625
2014-02-22,468517.2294,315261.4836,404534.6461,159254.5672,174886.8543,10597.5033,25695.6868,11106.9837,14620.0778,38091.7006,849.5625
2014-02-23,468517.2294,315261.4836,404534.6461,159254.5672,174886.8543,10597.5033,25695.6868,11106.9837,14620.0778,38091.7006,849.5625
2014-02-24,470568.8042,312854.2737,407464.9883,161560.0751,180470.7909,10751.0079,26682.5679,11106.9837,14874.7743,38091.7006,849.5625
2014-02-25,465671.7845,311609.1652,409982.009,164563.6651,178099.5302,10654.3568,30403.2935,11106.9837,14732.4439,38091.7006,849.5625
2014-02-26,461470.5162,311028.1145,410039.1586,165243.3766,176595.182,10637.3008,31167.5609,11106.9837,15456.5809,38091.7006,849.5625
2014-02-27,470675.8428,314265.3967,409716.5078,165394.9339,175779.2643,10517.9083,31110.8926,11106.9837,15326.7357,38091.7006,849.5625
2014-02-28,469400.2986,318000.7224,408520.1879,166299.685,174555.3878,10449.684,30158.6189,11106.9837,15406.6404,38091.7006,849.5625
2014-03-01,469400.2986,318000.7224,408520.1879,166299.685,174555.3878,10449.684,30158.6189,11106.9837,15406.6404,38091.7006,849.5625
2014-03-02,469400.2986,318000.7224,408520.1879,166299.685,174555.3878,10449.684,30158.6189,11106.9837,15406.6404,38091.7006,849.5625
2014-03-03,470756.1219,313601.3388,404164.9482,165234.1913,171878.1579,10398.5158,30866.9726,11106.9837,15416.6285,38091.7006,849.5625
2014-03-04,473860.2436,318830.7947,408271.5313,167126.3611,175422.3003,10506.5376,31394.2341,11106.9837,15818.6495,38091.7006,849.5625
2014-03-05,474859.2713,316340.5776,409397.2805,171016.3317,182485.0877,10597.5033,31125.6756,11106.9837,15751.2298,38091.7006,849.5625
2014-03-06,473423.169,316672.6066,409850.9491,170919.8861,180623.7755,10449.684,31160.1694,11106.9837,15891.0632,38091.7006,849.5625
2014-03-07,473146.6524,314597.4257,408231.2052,170873.9597,177972.043,10438.3133,30331.0876,11106.9837,15668.828,38091.7006,849.5625
2014-03-08,473146.6524,314597.4257,408231.2052,170873.9597,177972.043,10438.3133,30331.0876,11106.9837,15668.828,38091.7006,849.5625
2014-03-09,473146.6524,314597.4257,408231.2052,170873.9597,177972.043,10438.3133,30331.0876,11106.9837,15668.828,38091.7006,849.5625
2014-03-10,473574.8071,313933.3678,407149.0795,170171.285,183657.9693,10284.8087,29423.163,11106.9837,15681.3131,38091.7006,849.5625
2014-03-11,478186.3903,315593.5125,403257.6319,169385.9426,178736.9659,10387.1451,28877.4227,11106.9837,15486.5452,38091.7006,849.5625
2014-03-12,478650.2246,317668.6934,405714.1845,170221.8041,180725.4465,10415.5719,29749.6217,11106.9837,15776.2001,38091.7006,849.5625
2014-03-13,473333.9701,314514.4184,399584.6174,170621.3642,175498.7926,9832.2423,29293.8115,11106.9837,15659.3665,38091.7006,849.5625
2014-03-14,468017.7156,312937.281,394120.4309,171645.5241,172668.5781,9876.5816,28453.6425,11106.9837,15659.3665,38091.7006,849.5625
2014-03-15,468017.7156,312937.281,394120.4309,171645.5241,172668.5781,9876.5816,28453.6425,11106.9837,15659.3665,38091.7006,849.5625
2014-03-16,468017.7156,312937.281,394120.4309,171645.5241,172668.5781,9876.5816,28453.6425,11106.9837,15659.3665,38091.7006,849.5625
2014-03-17,469846.2931,315842.5342,400606.1909,172242.568,175268.997,9876.5816,28824.4502,11106.9837,15841.7427,38091.7006,849.5625
2014-03-18,474002.9619,328293.6197,407044.9247,173955.6247,176416.7,10109.363,29570.9934,11106.9837,15944.1731,38091.7006,849.5625
2014-03-19,473878.0834,325969.4171,403008.9543,171411.2992,173994.4444,10283.9491,29053.5872,11106.9837,16091.573,38091.7006,849.5625
2014-03-20,471594.5915,334768.1841,402306.6291,169454.8323,170756.2711,10292.2627,28939.0187,11106.9837,16316.4203,38091.7006,849.5625
2014-03-21,475314.1857,333357.0611,397561.5914,165619.9735,171444.7016,10275.6354,28197.4032,11106.9837,15964.1595,38091.7006,849.5625
2014-03-22,475314.1857,333357.0611,397561.5914,165619.9735,171444.7016,10275.6354,28197.4032,11106.9837,15964.1595,38091.7006,849.5625
2014-03-23,475314.1857,333357.0611,397561.5914,165619.9735,171444.7016,10275.6354,28197.4032,11106.9837,15964.1595,38091.7006,849.5625
2014-03-24,480951.5563,336179.3071,389123.3551,161592.2236,163438.5094,10225.7537,27123.1695,11106.9837,15779.2851,38091.7006,849.5625
2014-03-25,486125.0926,334851.1913,389388.8143,162905.7201,165452.8062,10225.7537,27156.4313,11106.9837,15989.1426,38091.7006,849.5625
2014-03-26,481477.8298,330285.7933,381071.618,157716.031,153966.2152,9992.9723,26234.9556,11106.9837,15691.8445,38091.7006,849.5625
2014-03-27,479408.4153,326716.4822,375116.3745,155447.2642,155457.8147,9859.9544,25540.1531,11106.9837,15684.3495,38091.7006,849.5625
2014-03-28,478873.2219,334519.1624,377092.4785,155364.5966,153010.0616,9920.921,26162.2724,11106.9837,16016.6239,38091.7006,849.5625
2014-03-29,478873.2219,334519.1624,377092.4785,155364.5966,153010.0616,9920.921,26162.2724,11106.9837,16016.6239,38091.7006,849.5625
2014-03-30,478873.2219,334519.1624,377092.4785,155364.5966,153010.0616,9920.921,26162.2724,11106.9837,16016.6239,38091.7006,849.5625
2014-03-31,478766.1832,340246.6617,375193.8028,154480.5124,153596.5025,9926.4634,25679.36,11106.9837,16091.573,38091.7006,849.5625
2014-04-01,483145.8493,343815.9729,382054.6203,157523.1399,159664.8902,10336.602,26728.9553,11106.9837,16251.4644,38091.7006,849.5625
2014-04-02,483948.6394,343234.9222,382125.3157,157050.0974,159919.8645,10270.093,28369.8719,11106.9837,16149.034,38091.7006,849.5625
2014-04-03,480594.7607,340412.6762,384143.2075,153219.8313,151684.1954,10380.9413,27767.4633,11106.9837,15971.6545,38091.7006,849.5625
2014-04-04,474377.5973,330949.8512,366341.774,148342.442,144695.3506,10059.4813,26144.4095,11106.9837,15439.5158,38091.7006,849.5625
2014-04-05,474377.5973,330949.8512,366341.774,148342.442,144695.3506,10059.4813,26144.4095,11106.9837,15439.5158,38091.7006,849.5625
2014-04-06,474377.5973,330949.8512,366341.774,148342.442,144695.3506,10059.4813,26144.4095,11106.9837,15439.5158,38091.7006,849.5625
2014-04-07,466929.489,330368.8006,363096.2962,145935.8959,145207.8489,10092.7358,25564.7915,11106.9837,15079.7601,38091.7006,849.5625
2014-04-08,466902.7293,330534.8151,374414.0279,150211.6486,148369.8486,10452.9927,26542.9355,11106.9837,15032.2923,38091.7006,849.5625
2014-04-09,473039.6137,335930.2854,380724.7565,152386.2662,159129.4442,10441.9079,26724.0276,11106.9837,15606.9021,38091.7006,849.5625
2014-04-10,466938.4089,326716.4822,365988.0135,145915.9775,150842.7803,10243.2803,25154.5623,11106.9837,14954.8449,38091.7006,849.5625
2014-04-11,463486.4114,325463.0729,359457.8871,143440.4076,149236.4424,10098.3808,25104.0536,11106.9837,14622.5705,38091.7006,849.5625
2014-04-12,463486.4114,325463.0729,359457.8871,143440.4076,149236.4424,10098.3808,25104.0536,11106.9837,14622.5705,38091.7006,849.5625
2014-04-13,463486.4114,325463.0729,359457.8871,143440.4076,149236.4424,10098.3808,25104.0536,11106.9837,14622.5705,38091.7006,849.5625
2014-04-14,465332.8287,325222.3519,362454.8726,145363.8057,150154.3498,10209.842,24403.0915,11106.9837,14695.0214,38091.7006,849.5625
2014-04-15,462014.518,329953.7644,364964.4938,145442.0301,150664.2983,10282.2918,23888.1491,11106.9837,14725.001,38091.7006,849.5625
2014-04-16,462951.218,335349.2348,376984.7591,148939.1176,152270.6362,10304.584,24528.7472,11106.9837,14817.4382,38091.7006,849.5625
2014-04-17,468240.7128,332111.9525,363185.6775,149505.0936,150281.8369,10343.5954,24406.7872,11106.9837,15212.1702,38091.7006,849.5625
2014-04-18,468240.7128,332111.9525,363185.6775,149505.0936,150281.8369,10343.5954,24406.7872,11106.9837,15212.1702,38091.7006,849.5625
2014-04-19,468240.7128,332111.9525,363185.6775,149505.0936,150281.8369,10343.5954,24406.7872,11106.9837,15212.1702,38091.7006,849.5625
2014-04-20,468240.7128,332111.9525,363185.6775,149505.0936,150281.8369,10343.5954,24406.7872,11106.9837,15212.1702,38091.7006,849.5625
2014-04-21,473797.8044,331530.9019,359233.1675,152247.5465,156146.2452,10427.1913,25177.9688,11106.9837,15462.0005,38091.7006,849.5625
2014-04-22,474269.6666,331945.9381,363382.3033,151534.3247,160710.6034,10516.3602,26934.6858,11106.9837,15849.2376,38091.7006,849.5625
2014-04-23,452200.6862,329455.721,358046.4675,149353.2464,156452.2143,10638.9675,25622.6917,11106.9837,16139.0408,38091.7006,849.5625
2014-04-24,489066.2798,329260.0267,357088.9663,155137.2451,155202.8404,10733.7094,25783.8252,11106.9837,16333.9085,38091.7006,849.5625
2014-04-25,492658.2385,329673.0473,350301.6916,139812.6578,148103.8986,10438.3374,24790.2313,11106.9837,15574.4242,38091.7006,849.5625
2014-04-26,492658.2385,329673.0473,350301.6916,139812.6578,148103.8986,10438.3374,24790.2313,11106.9837,15574.4242,38091.7006,849.5625
2014-04-27,492658.2385,329673.0473,350301.6916,139812.6578,148103.8986,10438.3374,24790.2313,11106.9837,15574.4242,38091.7006,849.5625
2014-04-28,511737.8273,337603.0429,350188.1188,136476.4442,144074.7334,10393.7529,24624.012,11106.9837,15184.6888,38091.7006,849.5625
2014-04-29,510221.7967,334629.2946,358601.0334,138225.0803,149233.0914,10416.0451,25667.2237,11106.9837,15219.6651,38091.7006,849.5625
2014-04-30,508292.3033,333720.6492,357772.6822,139950.708,153416.2373,10293.4379,25787.5465,11106.9837,15864.2274,38091.7006,849.5625
2014-05-01,509489.6229,330416.4844,360614.2226,141680.9374,156932.1331,10349.1684,25767.6995,11106.9837,15861.7291,38091.7006,849.5625
2014-05-02,510437.142,327855.7566,357923.7263,141736.1575,155161.3535,10271.1456,26162.16,11106.9837,16056.5968,38091.7006,849.5625
2014-05-03,510437.142,327855.7566,357923.7263,141736.1575,155161.3535,10271.1456,26162.16,11106.9837,16056.5968,38091.7006,849.5625
2014-05-04,510437.142,327855.7566,357923.7263,141736.1575,155161.3535,10271.1456,26162.16,11106.9837,16056.5968,38091.7006,849.5625
2014-05-05,517655.5146,325708.0495,358331.7299,142674.8989,157111.7774,10382.6068,26869.2119,11106.9837,16051.6002,38091.7006,849.5625
2014-05-06,512013.4692,322651.697,349758.0414,136844.5781,150208.3033,10170.8306,25711.8796,11106.9837,16823.576,38091.7006,849.5625
2014-05-07,510221.7967,325666.7474,346452.9322,134695.5964,147282.6675,10184.7632,24976.2975,11106.9837,16691.1659,38091.7006,849.5625
2014-05-08,506483.4033,327442.736,347504.0928,132675.4616,145665.8687,10310.157,22153.0518,11106.9837,16975.9725,38091.7006,849.5625
2014-05-09,504375.1733,326616.6948,352321.8248,134479.3177,146897.7154,10059.3694,22616.6719,11106.9837,16841.0641,38091.7006,849.5625
2014-05-10,504375.1733,326616.6948,352321.8248,134479.3177,146897.7154,10059.3694,22616.6719,11106.9837,16841.0641,38091.7006,849.5625
2014-05-11,504375.1733,326616.6948,352321.8248,134479.3177,146897.7154,10059.3694,22616.6719,11106.9837,16841.0641,38091.7006,849.5625
2014-05-12,510652.4872,330168.672,360061.2749,139366.2954,153544.5547,10354.7415,22915.7292,11106.9837,17270.7723,38091.7006,849.5625
2014-05-13,511453.5715,333885.8575,362180.853,140185.3934,153544.5547,10187.5498,23596.9842,11106.9837,17178.3351,38091.7006,849.5625
2014-05-14,511548.3235,332398.9833,357623.5868,136955.0183,152004.7464,10087.2347,23654.0656,11106.9837,17115.8775,38091.7006,849.5625
2014-05-15,507198.3495,327112.3195,353551.764,135836.8115,148640.2652,10031.5042,23402.1626,11106.9837,16970.9759,38091.7006,849.5625
2014-05-16,514683.7502,329012.2143,353535.2825,136991.8317,148899.1454,10009.2119,23770.7104,11106.9837,17108.3826,38091.7006,849.5625
2014-05-17,514683.7502,329012.2143,353535.2825,136991.8317,148899.1454,10009.2119,23770.7104,11106.9837,17108.3826,38091.7006,849.5625
2014-05-18,514683.7502,329012.2143,353535.2825,136991.8317,148899.1454,10009.2119,23770.7104,11106.9837,17108.3826,38091.7006,849.5625
2014-05-19,520782.3276,328351.3813,359798.1193,136556.9735,151953.4194,10332.4493,24332.8388,11106.9837,17068.4097,38091.7006,849.5625
2014-05-20,520885.6933,327773.1525,360613.0561,138597.8159,150285.2937,10165.2575,24234.8076,11106.9837,16868.5454,38091.7006,849.5625
2014-05-21,522263.9029,333307.6286,366841.4889,140355.6553,155238.3439,10177.3044,24749.7817,11106.9837,17090.8944,38091.7006,849.5625
2014-05-22,523090.8286,331242.5256,370854.8922,140309.6386,155315.3343,10221.9417,25423.5913,11106.9837,17158.3486,38091.7006,849.5625
2014-05-23,528999.9021,331407.7338,376227.7401,143682.6655,157447.9688,10316.7959,25723.8895,11106.9837,17625.5314,38091.7006,849.5625
2014-05-24,528999.9021,331407.7338,376227.7401,143682.6655,157447.9688,10316.7959,25723.8895,11106.9837,17625.5314,38091.7006,849.5625
2014-05-25,528999.9021,331407.7338,376227.7401,143682.6655,157447.9688,10316.7959,25723.8895,11106.9837,17625.5314,38091.7006,849.5625
2014-05-26,528999.9021,331407.7338,376227.7401,143682.6655,157447.9688,10316.7959,25723.8895,11106.9837,17625.5314,38091.7006,849.5625
2014-05-27,538905.7834,331985.9627,384490.1666,143029.2278,162911.7221,10500.9248,26252.5135,11106.9837,17720.4669,38091.7006,849.5625
2014-05-28,537510.3462,330499.0885,381563.6591,142725.5173,162988.7125,10590.1994,26088.7145,11106.9837,17513.1077,38091.7006,849.5625
2014-05-29,547304.248,333225.0245,381013.6413,144391.3233,163809.9436,10573.4604,26088.7145,11106.9837,17685.4907,38091.7006,849.5625
2014-05-30,545254.1613,338181.2718,381281.593,143825.3174,162449.7796,10601.3587,25782.2118,11106.9837,17655.511,38091.7006,849.5625
2014-05-31,545254.1613,338181.2718,381281.593,143825.3174,162449.7796,10601.3587,25782.2118,11106.9837,17655.511,38091.7006,849.5625
2014-06-01,545254.1613,338181.2718,381281.593,143825.3174,162449.7796,10601.3587,25782.2118,11106.9837,17655.511,38091.7006,849.5625
2014-06-02,541507.154,336942.2099,376843.8419,142118.0964,161885.1678,10567.8807,25401.255,11106.9837,17897.8465,38091.7006,849.5625
2014-06-03,549164.8309,332812.0039,370520.1977,141358.8202,161346.2503,10523.2434,25431.0367,11106.9837,17850.3787,38091.7006,849.5625
2014-06-04,555435.6845,333059.8162,370185.8944,141170.1516,162552.4335,10534.4028,25313.151,11106.9837,17890.3516,38091.7006,849.5625
2014-06-05,557614.9783,340411.583,377015.4708,148896.362,162157.216,10579.0401,25674.2534,11106.9837,17955.3075,38091.7006,849.5625
2014-06-06,556081.7202,342641.8943,378242.9124,151703.3831,160396.7018,10618.0977,25831.972,11106.9837,17895.3482,38091.7006,849.5625
2014-06-07,556081.7202,342641.8943,378242.9124,151703.3831,160396.7018,10618.0977,25831.972,11106.9837,17895.3482,38091.7006,849.5625
2014-06-08,556081.7202,342641.8943,378242.9124,151703.3831,160396.7018,10618.0977,25831.972,11106.9837,17895.3482,38091.7006,849.5625
2014-06-09,564979.7972,340907.2078,381810.9232,150704.8199,161371.9138,10629.257,25476.95,11106.9837,17935.321,38091.7006,849.5625
2014-06-10,568296.114,339585.5418,380485.8344,152964.2417,168788.6573,10685.0536,25103.4387,11106.9837,18088.3964,38091.7006,849.5625
2014-06-11,565944.5439,337520.4388,379614.0562,154248.1088,168816.8871,10824.5452,25372.7143,11106.9837,18060.7075,38091.7006,849.5625
2014-06-12,556477.9667,335207.5234,374404.2738,149973.1537,164990.7841,10891.5012,25254.8287,11106.9837,18063.2247,38091.7006,849.5625
2014-06-13,550388.003,340576.7913,374816.9776,150138.814,165529.3963,10902.6605,25614.6901,11106.9837,17977.6409,38091.7006,849.5625
2014-06-14,550388.003,340576.7913,374816.9776,150138.814,165529.3963,10902.6605,25614.6901,11106.9837,17977.6409,38091.7006,849.5625
2014-06-15,550388.003,340576.7913,374816.9776,150138.814,165529.3963,10902.6605,25614.6901,11106.9837,17977.6409,38091.7006,849.5625
2014-06-16,555935.2967,342807.1025,369595.3726,150760.04,164733.8286,10869.1825,27871.8901,11106.9837,17841.7136,38091.7006,849.5625
2014-06-17,555211.7366,344293.9767,368610.3406,149839.7052,165272.7615,10941.7181,28747.9666,11106.9837,17992.7439,38091.7006,849.5625
2014-06-18,555814.7033,344046.1644,375500.6179,153870.7715,168352.3782,10930.5588,28183.3564,11106.9837,17927.2974,38091.7006,849.5625
2014-06-19,553885.2099,342889.7067,377399.0746,150474.7362,165122.6302,10678.358,28266.4968,11106.9837,17854.2995,38091.7006,849.5625
2014-06-20,548157.0263,344293.9767,378405.4977,149186.2675,165529.3963,10562.3011,28489.859,11106.9837,18015.3985,38091.7006,849.5625
2014-06-21,548157.0263,344293.9767,378405.4977,149186.2675,165529.3963,10562.3011,28489.859,11106.9837,18015.3985,38091.7006,849.5625
2014-06-22,548157.0263,344293.9767,378405.4977,149186.2675,165529.3963,10562.3011,28489.859,11106.9837,18015.3985,38091.7006,849.5625
2014-06-23,547674.6529,346854.7045,383945.6448,150585.1763,167762.1184,10439.5485,29436.6669,11106.9837,17932.3318,38091.7006,849.5625
2014-06-24,544358.3361,344830.9035,383283.6322,149167.8608,168660.3399,10277.7383,28850.9614,11106.9837,17788.853,38091.7006,849.5625
2014-06-25,544840.7094,347185.121,392548.7284,150677.2098,173074.4571,10383.7519,29395.8413,11106.9837,18030.5015,38091.7006,849.5625
2014-06-26,548096.7296,344624.3932,391222.4113,149871.9169,172278.8895,10244.2603,29235.6409,11106.9837,17861.851,38091.7006,849.5625
2014-06-27,554608.7699,349002.4116,391959.7573,149356.5294,173485.0727,10255.4196,29664.9928,11106.9837,17856.8166,38091.7006,849.5625
2014-06-28,554608.7699,349002.4116,391959.7573,149356.5294,173485.0727,10255.4196,29664.9928,11106.9837,17856.8166,38091.7006,849.5625
2014-06-29,554608.7699,349002.4116,391959.7573,149356.5294,173485.0727,10255.4196,29664.9928,11106.9837,17856.8166,38091.7006,849.5625
2014-06-30,560336.9536,344459.185,390928.6394,149453.1646,172689.505,10344.6942,29789.083,11106.9837,18141.257,38091.7006,849.5625
2014-07-01,563894.4571,345863.455,395736.7583,152955.0384,174665.5924,10461.8671,29746.8923,11106.9837,18634.6227,38091.7006,849.5625
2014-07-02,563653.2704,346111.2674,395394.7563,153166.7154,170533.7734,10424.2044,28469.3842,11106.9837,18707.6207,38091.7006,849.5625
2014-07-03,566969.5873,345285.2262,396980.7707,155302.8124,170123.1578,10517.6638,28447.6684,11106.9837,18924.0975,38091.7006,849.5625
2014-07-04,566969.5873,345285.2262,396980.7707,155302.8124,170123.1578,10517.6638,28447.6684,11106.9837,18924.0975,38091.7006,849.5625
2014-07-05,566969.5873,345285.2262,396980.7707,155302.8124,170123.1578,10517.6638,28447.6684,11106.9837,18924.0975,38091.7006,849.5625
2014-07-06,566969.5873,345285.2262,396980.7707,155302.8124,170123.1578,10517.6638,28447.6684,11106.9837,18924.0975,38091.7006,849.5625
2014-07-07,578655.0819,346854.7045,395357.5391,153488.8326,167556.8106,10433.9688,27629.9143,11106.9837,18760.4813,38091.7006,849.5625
2014-07-08,574928.7477,345120.0179,387458.8385,149006.8022,161063.9521,10350.2739,27184.4306,11106.9837,18473.5237,38091.7006,849.5625
2014-07-09,575169.9344,344211.3726,390815.2791,151841.4333,166735.5795,10662.735,27679.5503,11106.9837,18684.9661,38091.7006,849.5625
2014-07-10,573029.4026,344335.2788,387969.9991,150898.0902,166485.3606,10604.1485,27232.8258,11106.9837,18413.1116,38091.7006,849.5625
2014-07-11,574144.891,347680.7457,392965.0071,159309.95,170251.4752,10629.257,27067.7858,11106.9837,18425.6975,38091.7006,849.5625
2014-07-12,574144.891,347680.7457,392965.0071,159309.95,170251.4752,10629.257,27067.7858,11106.9837,18425.6975,38091.7006,849.5625
2014-07-13,574144.891,347680.7457,392965.0071,159309.95,170251.4752,10629.257,27067.7858,11106.9837,18425.6975,38091.7006,849.5625
2014-07-14,581561.3814,348093.7663,397397.0356,163506.6766,174254.9768,10763.1689,28131.2385,11106.9837,18637.1399,38091.7006,849.5625
2014-07-15,574747.8577,350654.494,396992.8333,163101.7293,172368.7116,10807.8062,27247.7166,11106.9837,18481.0752,38091.7006,849.5625
2014-07-16,571491.8375,364118.9658,395463.8799,163773.5737,173639.0535,10796.6469,26947.4184,11106.9837,18538.9702,38091.7006,849.5625
2014-07-17,561300.9466,367836.1512,389171.3988,162187.8369,170430.7987,10768.7486,26729.0197,11106.9837,18098.4651,38091.7006,849.5625
2014-07-18,569381.4541,369157.8172,404481.6708,165043.6357,175589.1566,10288.8976,27302.3318,11106.9837,18878.7884,38091.7006,849.5625
2014-07-19,569381.4541,369157.8172,404481.6708,165043.6357,175589.1566,10288.8976,27302.3318,11106.9837,18878.7884,38091.7006,849.5625
2014-07-20,569381.4541,369157.8172,404481.6708,165043.6357,175589.1566,10288.8976,27302.3318,11106.9837,18878.7884,38091.7006,849.5625
2014-07-21,566420.8876,370355.5769,400369.7353,165549.8198,178104.4977,10350.2739,27366.8431,11106.9837,18984.5096,38091.7006,849.5625
2014-07-22,571130.0575,370314.2749,403880.9939,166046.8006,177770.8726,10305.6366,27247.7166,11106.9837,18976.9581,38091.7006,849.5625
2014-07-23,581960.812,370644.6913,404834.9601,164804.3487,182954.894,10088.0298,27608.8189,11106.9837,18533.9358,38091.7006,849.5625
2014-07-24,581002.7532,366762.2977,403200.2971,165020.6273,194951.8716,10104.7687,27739.1136,11106.9837,18252.0126,38091.7006,849.5625
2014-07-25,584840.9761,367588.3389,401223.9811,149704.3175,195497.8825,9926.2195,27742.8363,11106.9837,17600.0651,38091.7006,849.5625
2014-07-26,584840.9761,367588.3389,401223.9811,149704.3175,195497.8825,9926.2195,27742.8363,11106.9837,17600.0651,38091.7006,849.5625
2014-07-27,584840.9761,367588.3389,401223.9811,149704.3175,195497.8825,9926.2195,27742.8363,11106.9837,17600.0651,38091.7006,849.5625
2014-07-28,592918.6089,363210.3204,402093.7882,148040.9875,194795.8685,9887.1619,27897.949,11106.9837,17748.5782,38091.7006,849.5625
2014-07-29,589086.3739,362508.1854,398693.7306,147851.5527,191649.8061,9920.6399,27921.5261,11106.9837,17589.9964,38091.7006,849.5625
2014-07-30,587709.1645,359976.3691,399818.554,149011.2634,194164.056,10088.0298,28406.7186,11106.9837,17748.5782,38091.7006,849.5625
2014-07-31,572440.1031,355631.867,389096.2788,144612.6797,188893.7513,9764.4093,27709.332,11106.9837,17464.1378,38091.7006,849.5625
2014-08-01,575613.6727,353159.9124,385225.308,141872.8056,188139.7364,9870.4229,28946.5108,11106.9837,17730.958,38091.7006,849.5625
2014-08-02,575613.6727,353159.9124,385225.308,141872.8056,188139.7364,9870.4229,28946.5108,11106.9837,17730.958,38091.7006,849.5625
2014-08-03,575613.6727,353159.9124,385225.308,141872.8056,188139.7364,9870.4229,28946.5108,11106.9837,17730.958,38091.7006,849.5625
2014-08-04,572380.2245,357362.2352,390508.2863,144917.6235,191129.7957,9848.1043,29597.9841,11106.9837,17957.5035,38091.7006,849.5625
2014-08-05,569565.9269,354972.6791,384716.7313,144303.1155,188997.7534,9853.6839,29594.2614,11106.9837,17650.4085,38091.7006,849.5625
2014-08-06,568607.8681,352171.1306,385613.0419,145028.5121,188425.742,9842.5246,30889.7782,11106.9837,17693.7039,38091.7006,849.5625
2014-08-07,565733.6919,356208.6564,383678.1933,143901.1441,190245.7782,9742.0907,31319.1146,11106.9837,17527.0671,38091.7006,849.5625
2014-08-08,567290.5373,355961.4609,387561.2278,146373.0372,189959.7725,10601.3587,30924.3958,11106.9837,17728.4409,38091.7006,849.5625
2014-08-09,567290.5373,355961.4609,387561.2278,146373.0372,189959.7725,10601.3587,30924.3958,11106.9837,17728.4409,38091.7006,849.5625
2014-08-10,567290.5373,355961.4609,387561.2278,146373.0372,189959.7725,10601.3587,30924.3958,11106.9837,17728.4409,38091.7006,849.5625
2014-08-11,574775.3713,355961.4609,387021.3927,147079.9524,190947.7921,10545.5621,32319.0034,11106.9837,17826.6106,38091.7006,849.5625
2014-08-12,574655.614,358598.2125,383544.1894,147537.3682,189361.7606,10545.5621,32398.7665,11106.9837,17909.6772,38091.7006,849.5625
2014-08-13,582260.2053,363212.5277,391815.9129,150753.1395,191805.8092,10606.9384,32442.3869,11106.9837,18116.0853,38091.7006,849.5625
2014-08-14,583817.0508,364778.099,391796.3511,153955.0496,193173.4363,10489.7655,32575.7408,11106.9837,18586.7964,38091.7006,849.5625
2014-08-15,586691.227,369062.8203,391076.4494,154149.1048,191441.8019,10623.6774,32654.2576,11106.9837,18825.9278,38091.7006,849.5625
2014-08-16,586691.227,369062.8203,391076.4494,154149.1048,191441.8019,10623.6774,32654.2576,11106.9837,18825.9278,38091.7006,849.5625
2014-08-17,586691.227,369062.8203,391076.4494,154149.1048,191441.8019,10623.6774,32654.2576,11106.9837,18825.9278,38091.7006,849.5625
2014-08-18,593756.9103,371699.5718,397043.8703,154564.9373,193937.8515,10768.7486,32396.2739,11106.9837,18971.9237,38091.7006,849.5625
2014-08-19,601960.2884,373512.3385,400132.7896,154842.159,195757.8877,10807.8062,31999.9511,11106.9837,19034.853,38091.7006,849.5625
2014-08-20,602199.803,370381.196,398737.9559,155142.4824,194509.8629,10431.8657,31869.0898,11106.9837,19226.1581,38091.7006,849.5625
2014-08-21,602259.6817,372605.9552,397399.2586,153816.4388,193885.8505,10334.321,31698.3469,11106.9837,19198.4692,38091.7006,849.5625
2014-08-22,606690.7034,372029.1658,397140.3964,153206.5512,193885.8505,10339.7401,32002.4437,11106.9837,19183.3662,38091.7006,849.5625
2014-08-23,606690.7034,372029.1658,397140.3964,153206.5512,193885.8505,10339.7401,32002.4437,11106.9837,19183.3662,38091.7006,849.5625
2014-08-24,606690.7034,372029.1658,397140.3964,153206.5512,193885.8505,10339.7401,32002.4437,11106.9837,19183.3662,38091.7006,849.5625
2014-08-25,608008.0342,372193.9627,395665.3113,154329.2989,195055.8737,10355.9976,32721.5577,11106.9837,19072.6106,38091.7006,849.5625
2014-08-26,604109.9327,370834.3877,394048.3694,157937.8008,197500.2473,10542.9583,32620.6076,11106.9837,19119.1783,38091.7006,849.5625
2014-08-27,611540.8759,369722.0082,389949.0586,158561.5496,194041.8536,10421.0274,32808.7986,11106.9837,19170.7803,38091.7006,849.5625
2014-08-28,612259.4199,369804.4066,388458.0762,157101.5155,192026.8136,10507.7338,32884.8228,11106.9837,19221.1237,38091.7006,849.5625
2014-08-29,613756.3867,374336.3234,389969.5401,156648.7201,194535.8634,10540.2487,33612.6609,11106.9837,20663.4632,38091.7006,849.5625
2014-08-30,613756.3867,374336.3234,389969.5401,156648.7201,194535.8634,10540.2487,33612.6609,11106.9837,20663.4632,38091.7006,849.5625
2014-08-31,613756.3867,374336.3234,389969.5401,156648.7201,194535.8634,10540.2487,33612.6609,11106.9837,20663.4632,38091.7006,849.5625
2014-09-01,613756.3867,374336.3234,389969.5401,156648.7201,194535.8634,10540.2487,33612.6609,11106.9837,20663.4632,38091.7006,849.5625
2014-09-02,618546.6805,371534.7749,394013.0815,158191.9207,199371.9594,10564.6349,35409.8228,11106.9837,21400.9945,38091.7006,849.5625
2014-09-03,592439.5795,370463.5945,394512.696,156630.2387,197161.9155,10667.5987,35044.6574,11106.9837,21494.1299,38091.7006,849.5625
2014-09-04,587529.5284,372935.5491,397114.7966,159841.3896,197473.9217,10854.5595,35649.112,11106.9837,21670.3319,38091.7006,849.5625
2014-09-05,592619.2155,378291.4507,400055.8192,160040.0651,200879.9894,10822.0445,34571.0641,11106.9837,22120.9056,38091.7006,849.5625
2014-09-06,592619.2155,378291.4507,400055.8192,160040.0651,200879.9894,10822.0445,34571.0641,11106.9837,22120.9056,38091.7006,849.5625
2014-09-07,592619.2155,378291.4507,400055.8192,160040.0651,200879.9894,10822.0445,34571.0641,11106.9837,22120.9056,38091.7006,849.5625
2014-09-08,588966.6166,382905.766,402583.1475,158173.4393,202518.0219,10724.4998,35159.3169,11106.9837,22197.6794,38091.7006,849.5625
2014-09-09,586751.1057,385295.3221,396396.5426,152356.4047,199345.9589,10589.0211,34706.9106,11106.9837,22253.0572,38091.7006,849.5625
2014-09-10,604774.5859,385954.51,397611.3096,153086.4218,201321.9982,10626.9551,35033.4408,11106.9837,22402.8289,38091.7006,849.5625
2014-09-11,607349.3688,387272.8857,396253.5929,152712.1725,202596.0235,10518.5721,34934.9832,11106.9837,22420.4491,38091.7006,849.5625
2014-09-12,608726.5783,384759.7319,392228.6976,153021.7367,201452.0007,10361.4167,34796.6441,11106.9837,22217.1948,38091.7006,849.5625
2014-09-13,608726.5783,384759.7319,392228.6976,153021.7367,201452.0007,10361.4167,34796.6441,11106.9837,22217.1948,38091.7006,849.5625
2014-09-14,608726.5783,384759.7319,392228.6976,153021.7367,201452.0007,10361.4167,34796.6441,11106.9837,22217.1948,38091.7006,849.5625
2014-09-15,608546.9423,381010.6008,390294.2206,149648.8732,193911.851,10220.5188,31638.5246,11106.9837,21928.8897,38091.7006,849.5625
2014-09-16,603936.2845,385295.3221,395017.6288,151436.9529,197811.9284,10369.5454,32495.9777,11106.9837,22234.8977,38091.7006,849.5625
2014-09-17,608247.5489,383317.7584,398181.4997,149699.6971,198721.9465,10377.6742,32575.7408,11106.9837,22189.3758,38091.7006,849.5625
2014-09-18,609505.001,384636.1342,401063.6638,150161.7332,200203.976,10534.8295,32879.8376,11106.9837,22639.5364,38091.7006,849.5625
2014-09-19,604535.0712,391557.607,406080.1085,153081.8014,202570.0229,10339.7401,32319.0034,11106.9837,22533.3188,38091.7006,849.5625
2014-09-20,604535.0712,391557.607,406080.1085,153081.8014,202570.0229,10339.7401,32319.0034,11106.9837,22533.3188,38091.7006,849.5625
2014-09-21,604535.0712,391557.607,406080.1085,153081.8014,202570.0229,10339.7401,32319.0034,11106.9837,22533.3188,38091.7006,849.5625
2014-09-22,605133.858,387767.2767,400368.9804,149930.7152,199683.9656,10236.7762,31161.1924,11106.9837,22047.7523,38091.7006,849.5625
2014-09-23,614594.6881,383647.3523,396194.9097,149528.7438,203558.0426,10193.423,31208.5518,11106.9837,22143.854,38091.7006,849.5625
2014-09-24,609265.4863,387932.0736,400953.051,151644.8691,204195.0552,10253.0337,31424.1613,11106.9837,22513.0868,38091.7006,849.5625
2014-09-25,586032.5616,379362.6311,392132.718,148743.2824,200775.9873,10030.8485,30777.3326,11106.9837,21865.6649,38091.7006,849.5625
2014-09-26,603277.6191,382411.375,393702.1268,149334.6886,204858.0684,10049.8155,30733.7122,11106.9837,22128.68,38091.7006,849.5625
2014-09-27,603277.6191,382411.375,393702.1268,149334.6886,204858.0684,10049.8155,30733.7122,11106.9837,22128.68,38091.7006,849.5625
2014-09-28,603277.6191,382411.375,393702.1268,149334.6886,204858.0684,10049.8155,30733.7122,11106.9837,22128.68,38091.7006,849.5625
2014-09-29,599445.3841,382658.5705,393403.5967,148692.4584,205404.0792,10033.5581,30566.7082,11106.9837,22030.0494,38091.7006,849.5625
2014-09-30,603277.6191,381999.3826,393955.681,148978.9208,205508.0813,9998.3336,30245.1633,11106.9837,22002.2304,38091.7006,849.5625
2014-10-01,593876.6677,378209.0522,387903.6162,146677.981,199033.9527,9900.7889,29941.0666,11106.9837,21632.9976,38091.7006,849.5625
2014-10-02,598187.932,377055.4734,388953.855,147116.9153,200411.9801,9857.4357,31334.4279,11106.9837,21043.7425,38091.7006,849.5625
2014-10-03,596511.3292,379774.6235,392523.9241,149117.5317,201347.9987,9879.1123,31806.7749,11106.9837,21109.4963,38091.7006,849.5625
2014-10-04,596511.3292,379774.6235,392523.9241,149117.5317,201347.9987,9879.1123,31806.7749,11106.9837,21109.4963,38091.7006,849.5625
2014-10-05,596511.3292,379774.6235,392523.9241,149117.5317,201347.9987,9879.1123,31806.7749,11106.9837,21109.4963,38091.7006,849.5625
2014-10-06,596511.3292,379774.6235,393756.2402,148868.0322,201647.0046,9819.5016,32481.0222,11106.9837,20960.2857,38091.7006,849.5625
2014-10-07,591301.8848,375160.3083,384528.7913,146456.2037,198357.9393,9713.8282,32350.1609,11106.9837,20492.4222,38091.7006,849.5625
2014-10-08,603577.0125,385460.119,390727.4621,149099.0502,201556.0028,9895.3697,32314.0182,11106.9837,21066.5034,38091.7006,849.5625
2014-10-09,604894.3433,377797.0598,382460.6795,145712.3256,197369.9197,9705.6994,32031.1085,11106.9837,20383.6756,38091.7006,849.5625
2014-10-10,603157.8618,362800.5353,371613.907,143873.4219,189569.7648,9128.5599,29526.0493,11106.9837,18046.8869,38091.7006,849.5625
2014-10-11,603157.8618,362800.5353,371613.907,143873.4219,189569.7648,9128.5599,29526.0493,11106.9837,18046.8869,38091.7006,849.5625
2014-10-12,603157.8618,362800.5353,371613.907,143873.4219,189569.7648,9128.5599,29526.0493,11106.9837,18046.8869,38091.7006,849.5625
2014-10-13,597649.024,359669.3928,364245.2513,141590.9635,189777.7689,9096.045,27990.61,11106.9837,17460.1608,38091.7006,849.5625
2014-10-14,591301.8848,360328.5807,367199.0778,142450.3507,191337.7999,9307.3918,28298.4456,11106.9837,18213.8004,38091.7006,849.5625
2014-10-15,584056.5655,356126.2579,361833.2787,141369.1862,190349.7803,9450.9993,28627.4683,11106.9837,18347.837,38091.7006,849.5625
2014-10-16,576392.0955,352171.1306,358631.0101,139932.2539,188841.7503,9456.4185,28209.9584,11106.9837,19119.1796,38091.7006,849.5625
2014-10-17,584834.9882,359504.5958,349418.3718,140292.6421,197473.9217,9440.161,28350.7901,11106.9837,19511.1733,38091.7006,849.5625
2014-10-18,584834.9882,359504.5958,349418.3718,140292.6421,197473.9217,9440.161,28350.7901,11106.9837,19511.1733,38091.7006,849.5625
2014-10-19,584834.9882,359504.5958,349418.3718,140292.6421,197473.9217,9440.161,28350.7901,11106.9837,19511.1733,38091.7006,849.5625
2014-10-20,585208.2346,363881.4762,355878.2824,141480.0749,200073.9734,9521.4483,28723.4333,11106.9837,19723.6086,38091.7006,849.5625
2014-10-21,601105.5313,370485.4957,359718.1783,145693.8441,204598.0632,9927.8846,29330.3805,11106.9837,20833.8361,38091.7006,849.5625
2014-10-22,604155.9351,366357.9835,363422.2555,144603.4389,203766.0467,9694.8611,28801.95,11106.9837,20449.4293,38091.7006,849.5625
2014-10-23,614949.6716,371093.2213,372033.6253,144700.4665,208108.1329,9908.9176,29324.149,11106.9837,20580.9369,38091.7006,849.5625
2014-10-24,617237.4744,380242.7876,369012.9328,132910.6284,209746.1655,10014.591,29317.9175,11106.9837,20699.7996,38091.7006,849.5625
2014-10-25,617237.4744,380242.7876,369012.9328,132910.6284,209746.1655,10014.591,29317.9175,11106.9837,20699.7996,38091.7006,849.5625
2014-10-26,617237.4744,380242.7876,369012.9328,132910.6284,209746.1655,10014.591,29317.9175,11106.9837,20699.7996,38091.7006,849.5625
2014-10-27,616453.316,378429.3601,369681.3956,134257.9772,208732.1453,10020.0102,27626.6909,11106.9837,20628.9878,38091.7006,849.5625
2014-10-28,626013.0049,383210.2145,375486.5951,136860.0734,210006.1706,10258.4528,30256.38,11106.9837,21294.1127,38091.7006,849.5625
2014-10-29,629531.9088,384281.7854,375491.3248,136179.4539,197239.9078,10190.7135,29674.3587,11106.9837,21466.0841,38091.7006,849.5625
2014-10-30,627420.5665,379583.3594,376418.137,138471.3358,206607.4124,10128.3932,29744.1514,11106.9837,20836.3651,38091.7006,849.5625
2014-10-31,633402.7031,387001.9267,382002.4558,141429.9469,209060.7186,10589.0211,30123.0261,11106.9837,21812.556,38091.7006,849.5625
2014-11-01,633402.7031,387001.9267,382002.4558,141429.9469,209060.7186,10589.0211,30123.0261,11106.9837,21812.556,38091.7006,849.5625
2014-11-02,633402.7031,387001.9267,382002.4558,141429.9469,209060.7186,10589.0211,30123.0261,11106.9837,21812.556,38091.7006,849.5625
2014-11-03,641613.4789,391040.9245,379309.1033,141550.3286,205966.2074,10767.853,30233.9466,11106.9837,21835.317,38091.7006,849.5625
2014-11-04,636921.607,392112.4953,379033.357,140202.9799,211207.3616,10908.751,29777.8015,11106.9837,21587.4757,38091.7006,849.5625
2014-11-05,638446.4654,394502.9225,373461.9463,137290.6694,208614.663,10908.751,28785.7482,11106.9837,21928.8897,38091.7006,849.5625
2014-11-06,637508.091,401426.9187,370711.3575,137346.2301,209813.4376,10957.5233,30063.2038,11106.9837,22161.5569,38091.7006,849.5625
2014-11-07,639326.1914,401262.0616,370374.4695,138837.1109,210761.3059,10724.4998,30116.7078,11106.9837,21506.548,38091.7006,849.5625
2014-11-08,639326.1914,401262.0616,370374.4695,138837.1109,210761.3059,10724.4998,30116.7078,11106.9837,21506.548,38091.7006,849.5625
2014-11-09,639326.1914,401262.0616,370374.4695,138837.1109,210761.3059,10724.4998,30116.7078,11106.9837,21506.548,38091.7006,849.5625
2014-11-10,638270.5202,402993.0606,374748.4445,141267.8947,209088.5971,10849.1403,30333.6183,11106.9837,21726.5703,38091.7006,849.5625
2014-11-11,643372.9309,402828.2036,376728.9678,144462.6391,208001.3364,10719.0807,31480.8618,11106.9837,21789.7951,38091.7006,849.5625
2014-11-12,652463.4326,402086.3469,374688.7229,144231.1359,208307.9997,10645.9221,31232.6058,11106.9837,22014.8754,38091.7006,849.5625
2014-11-13,661671.2312,408927.9145,373416.9078,146532.2779,206997.7111,10594.4402,31558.5985,11106.9837,22114.7706,38091.7006,849.5625
2014-11-14,669647.4134,408680.6289,372667.8907,151782.7709,208754.0554,10721.7903,32433.7635,11106.9837,22511.8223,38091.7006,849.5625
2014-11-15,669647.4134,408680.6289,372667.8907,151782.7709,208754.0554,10721.7903,32433.7635,11106.9837,22511.8223,38091.7006,849.5625
2014-11-16,669647.4134,408680.6289,372667.8907,151782.7709,208754.0554,10721.7903,32433.7635,11106.9837,22511.8223,38091.7006,849.5625
2014-11-17,668533.0938,407691.4866,367109.7176,149574.2302,206969.8327,10673.0179,31844.469,11106.9837,22386.6372,38091.7006,849.5625
2014-11-18,677213.0568,401756.6328,365902.9876,150444.6823,207248.6175,10930.4276,32310.8893,11106.9837,23117.5159,38091.7006,849.5625
2014-11-19,672521.1849,397470.3494,367460.2869,151190.1227,204432.891,10876.1739,31062.0866,11106.9837,22571.2536,38091.7006,849.5625
2014-11-20,682139.5222,401426.9187,365595.7578,153042.1484,205185.61,11055.5411,31183.7069,11106.9837,22743.2251,38091.7006,849.5625
2014-11-21,683077.8966,395492.0648,367238.5566,154009.8319,205603.7872,11118.0478,30440.1929,11106.9837,22814.0369,38091.7006,849.5625
2014-11-22,683077.8966,395492.0648,367238.5566,154009.8319,205603.7872,11118.0478,30440.1929,11106.9837,22814.0369,38091.7006,849.5625
2014-11-23,683077.8966,395492.0648,367238.5566,154009.8319,205603.7872,11118.0478,30440.1929,11106.9837,22814.0369,38091.7006,849.5625
2014-11-24,695716.6265,392277.3523,368383.118,155403.4813,206328.6276,11185.9899,30934.1972,11106.9837,23049.2331,38091.7006,849.5625
2014-11-25,689705.1656,391288.21,369592.2445,155125.6774,210844.9413,11180.5546,31105.9702,11106.9837,23051.7621,38091.7006,849.5625
2014-11-26,697915.9414,393596.2087,368864.1871,154445.0579,216392.7588,11368.0748,31149.8538,11106.9837,23716.887,38091.7006,849.5625
2014-11-27,697915.9414,393596.2087,368864.1871,154445.0579,216392.7588,11368.0748,31149.8538,11106.9837,23716.887,38091.7006,849.5625
2014-11-28,697505.4026,394090.7799,369820.2896,156792.5006,216615.7866,11397.9693,30658.3572,11106.9837,23620.7853,38091.7006,849.5625
2014-11-29,697505.4026,394090.7799,369820.2896,156792.5006,216615.7866,11397.9693,30658.3572,11106.9837,23620.7853,38091.7006,849.5625
2014-11-30,697505.4026,394090.7799,369820.2896,156792.5006,216615.7866,11397.9693,30658.3572,11106.9837,23620.7853,38091.7006,849.5625
2014-12-01,674867.1208,400767.4904,363936.3236,150940.0992,209367.3819,11185.9899,29043.4396,11106.9837,23001.1823,38091.7006,849.5625
2014-12-02,672286.5913,399448.634,363587.3648,151083.6312,210371.0072,11202.2961,29017.1095,11106.9837,23317.3063,38091.7006,849.5625
2014-12-03,679910.8831,396316.3501,362191.5925,146541.538,208754.0554,11490.3706,28750.0462,11106.9837,24058.3009,38091.7006,849.5625
2014-12-04,677330.3536,402580.918,366136.4727,146740.6308,209757.6806,11387.0986,28622.1568,11106.9837,26066.3206,38091.7006,849.5625
2014-12-05,674456.582,399118.9199,357197.9594,144749.7031,212880.0703,11452.323,28049.162,11106.9837,26298.9879,38091.7006,849.5625
2014-12-06,674456.582,399118.9199,357197.9594,144749.7031,212880.0703,11452.323,28049.162,11106.9837,26298.9879,38091.7006,849.5625
2014-12-07,674456.582,399118.9199,357197.9594,144749.7031,212880.0703,11452.323,28049.162,11106.9837,26298.9879,38091.7006,849.5625
2014-12-08,659207.9984,393142.8519,358654.8352,141976.2945,213326.126,11305.5681,26876.8422,11106.9837,25469.4785,38091.7006,849.5625
2014-12-09,669295.523,392277.3523,362674.5512,144689.5123,214218.2374,11267.5205,27194.0581,11106.9837,25957.5739,38091.7006,849.5625
2014-12-10,656568.8205,386589.7841,357478.6381,141605.8894,212378.2577,11017.4935,26310.1164,11106.9837,25100.2456,38091.7006,849.5625
2014-12-11,654633.4234,388815.3543,359583.6509,142309.6592,216699.422,11012.0581,26189.7499,11106.9837,25429.0146,38091.7006,849.5625
2014-12-12,643548.8761,387001.9267,352730.1038,142291.1389,216978.2068,10669.6299,25954.0321,11106.9837,25087.6007,38091.7006,849.5625
2014-12-13,643548.8761,387001.9267,352730.1038,142291.1389,216978.2068,10669.6299,25954.0321,11106.9837,25087.6007,38091.7006,849.5625
2014-12-14,643548.8761,387001.9267,352730.1038,142291.1389,216978.2068,10669.6299,25954.0321,11106.9837,25087.6007,38091.7006,849.5625
2014-12-15,634722.2921,384693.928,349180.5905,141712.3808,214636.4146,10637.0176,25582.902,11106.9837,24837.2305,38091.7006,849.5625
2014-12-16,626042.3291,372247.2207,336919.5814,136614.68,208224.3642,10514.7218,24801.7734,11106.9837,24614.6792,38091.7006,849.5625
2014-12-17,641672.1273,377028.0751,342986.6303,138383.3646,212183.1083,10946.8337,25806.0816,11106.9837,25034.4919,38091.7006,849.5625
2014-12-18,660674.2084,391700.3527,347810.6467,137850.9071,218567.2802,10990.3166,27365.8312,11106.9837,25707.2037,38091.7006,849.5625
2014-12-19,655571.7977,392854.352,351425.093,138855.6311,222693.2952,11099.024,27494.9744,11106.9837,25327.8549,38091.7006,849.5625
2014-12-20,655571.7977,392854.352,351425.093,138855.6311,222693.2952,11099.024,27494.9744,11106.9837,25327.8549,38091.7006,849.5625
2014-12-21,655571.7977,392854.352,351425.093,138855.6311,222693.2952,11099.024,27494.9744,11106.9837,25327.8549,38091.7006,849.5625
2014-12-22,662375.012,395492.0648,358371.354,141929.9939,227070.2165,11294.6973,27909.9882,11106.9837,25646.5079,38091.7006,849.5625
2014-12-23,660029.076,399366.2055,362485.5465,141811.9272,224728.4242,11224.0375,27705.6159,11106.9837,25487.1814,38091.7006,849.5625
2014-12-24,656920.7109,396810.9212,361244.6826,140304.8413,225174.4798,11180.5546,27867.3584,11106.9837,25472.0075,38091.7006,849.5625
2014-12-25,656920.7109,396810.9212,361244.6826,140304.8413,225174.4798,11180.5546,27867.3584,11106.9837,25472.0075,38091.7006,849.5625
2014-12-26,668533.0938,394667.7796,364603.8986,143110.6603,225188.4191,11191.4253,28564.4812,11106.9837,25446.7175,38091.7006,849.5625
2014-12-27,668533.0938,394667.7796,364603.8986,143110.6603,225188.4191,11191.4253,28564.4812,11106.9837,25446.7175,38091.7006,849.5625
2014-12-28,668533.0938,394667.7796,364603.8986,143110.6603,225188.4191,11191.4253,28564.4812,11106.9837,25446.7175,38091.7006,849.5625
2014-12-29,668063.9066,391123.353,361934.8659,144476.5293,223083.5939,11175.1192,28299.9256,11106.9837,25862.5304,38091.7006,849.5625
2014-12-30,659911.7792,387578.9264,361334.6456,143670.8981,220853.3155,11071.8472,27863.5969,11106.9837,25750.1846,38091.7006,849.5625
2014-12-31,647361.022,382880.5004,358420.4629,143694.0484,217507.898,10897.9154,27886.1656,11106.9837,25683.7984,38091.7006,849.5625
2015-01-01,647361.022,382880.5004,358420.4629,143694.0484,217507.898,10897.9154,27886.1656,11106.9837,25683.7984,38091.7006,849.5625
2015-01-02,641202.9401,385435.7847,357491.5838,142846.7466,218706.6726,10941.3983,27497.4821,11106.9837,25556.1326,38091.7006,849.5625
2015-01-03,641202.9401,385435.7847,357491.5838,142846.7466,218706.6726,10941.3983,27497.4821,11106.9837,25556.1326,38091.7006,849.5625
2015-01-04,641202.9401,385435.7847,357491.5838,142846.7466,218706.6726,10941.3983,27497.4821,11106.9837,25556.1326,38091.7006,849.5625
2015-01-05,623139.2334,381850.1439,350335.3967,139915.9159,215193.9841,10756.5958,26341.4619,11106.9837,25147.6022,38091.7006,849.5625
2015-01-06,623197.8818,376286.2184,341972.2134,136721.1714,212294.6223,10430.4736,26490.6662,11106.9837,24575.6595,38091.7006,849.5625
2015-01-07,631936.4932,381067.0729,341192.3085,138170.3816,212294.6223,10400.5791,26449.2902,11106.9837,25239.5215,38091.7006,849.5625
2015-01-08,656216.9301,392277.3523,342320.2721,139114.9147,217940.0144,10794.6434,26407.2873,11106.9837,26500.8593,38091.7006,849.5625
2015-01-09,656920.7109,388980.2113,338003.9265,137480.502,216727.3005,10838.1263,25911.4023,11106.9837,26783.0006,38091.7006,849.5625
2015-01-10,656920.7109,388980.2113,338003.9265,137480.502,216727.3005,10838.1263,25911.4023,11106.9837,26783.0006,38091.7006,849.5625
2015-01-11,656920.7109,388980.2113,338003.9265,137480.502,216727.3005,10838.1263,25911.4023,11106.9837,26783.0006,38091.7006,849.5625
2015-01-12,640733.7529,384116.9283,335535.766,134924.7064,213883.6956,10702.2421,25353.4533,11106.9837,26340.0004,38091.7006,849.5625
2015-01-13,646422.6476,382097.4294,338344.466,136466.5179,213130.9767,10683.2183,25609.2322,11106.9837,26191.9081,38091.7006,849.5625
2015-01-14,643959.4148,378800.2884,341351.3249,135785.8984,212657.0425,10729.4189,24159.8186,11106.9837,26398.7266,38091.7006,849.5625
2015-01-15,626482.1921,374884.9335,341089.5649,132859.6977,206440.1415,10653.3238,24057.0055,11106.9837,25870.1904,38091.7006,849.5625
2015-01-16,621614.375,381149.5014,345404.8326,134614.4921,209590.4097,10848.997,24207.4637,11106.9837,26508.5192,38091.7006,849.5625
2015-01-17,621614.375,381149.5014,345404.8326,134614.4921,209590.4097,10848.997,24207.4637,11106.9837,26508.5192,38091.7006,849.5625
2015-01-18,621614.375,381149.5014,345404.8326,134614.4921,209590.4097,10848.997,24207.4637,11106.9837,26508.5192,38091.7006,849.5625
2015-01-19,621614.375,381149.5014,345404.8326,134614.4921,209590.4097,10848.997,24207.4637,11106.9837,26508.5192,38091.7006,849.5625
2015-01-20,637625.3878,382385.9293,344811.7888,134012.5838,212545.5286,10881.6093,24064.5284,11106.9837,26776.6173,38091.7006,849.5625
2015-01-21,642493.2049,378511.7886,352153.5564,137628.6641,213939.4526,11033.7996,24646.3,11106.9837,26906.8364,38091.7006,849.5625
2015-01-22,654701.6805,388485.6402,363419.5108,143680.1582,216476.3942,11224.0375,25279.4781,11106.9837,26860.8767,38091.7006,849.5625
2015-01-23,658080.0343,388897.7828,366907.3754,144638.5815,216978.2068,11256.6497,25238.1021,11106.9837,27315.3668,38091.7006,849.5625
2015-01-24,658080.0343,388897.7828,366907.3754,144638.5815,216978.2068,11256.6497,25238.1021,11106.9837,27315.3668,38091.7006,849.5625
2015-01-25,658080.0343,388897.7828,366907.3754,144638.5815,216978.2068,11256.6497,25238.1021,11106.9837,27315.3668,38091.7006,849.5625
2015-01-26,658779.0041,385659.9402,363539.0808,143374.574,216044.2778,11205.0137,25897.6103,11106.9837,27251.534,38091.7006,849.5625
2015-01-27,635713.0018,349973.4748,352619.2957,142027.2252,211263.1185,10669.6299,25826.1427,11106.9837,26756.1908,38091.7006,849.5625
2015-01-28,671651.6973,337913.9106,346724.4503,140712.2869,212545.5286,10495.698,24997.369,11106.9837,26809.8104,38091.7006,849.5625
2015-01-29,692562.5428,344641.0144,347215.8406,144356.1476,218322.9141,10751.1604,25728.3449,11106.9837,27200.4676,38091.7006,849.5625
2015-01-30,682427.4812,331432.9203,363545.1288,164638.0388,212472.9796,10438.6267,25527.734,11106.9837,26268.5076,38091.7006,849.5625
2015-01-31,682427.4812,331432.9203,363545.1288,164638.0388,212472.9796,10438.6267,25527.734,11106.9837,26268.5076,38091.7006,849.5625
2015-02-01,682427.4812,331432.9203,363545.1288,164638.0388,212472.9796,10438.6267,25527.734,11106.9837,26268.5076,38091.7006,849.5625
2015-02-02,690989.8608,338652.2513,359663.026,169254.0152,209897.8888,10664.1945,26448.0364,11106.9837,26151.0551,38091.7006,849.5625
2015-02-03,691106.3558,341277.4625,360284.6371,168826.782,211045.4836,10930.5276,27378.3694,11106.9837,26350.2137,38091.7006,849.5625
2015-02-04,696406.8765,343246.3709,355664.2444,169384.0427,211689.2563,10957.7044,27402.1919,11106.9837,26758.7441,38091.7006,849.5625
2015-02-05,698620.2807,348250.6799,358593.9726,173628.5119,211647.2711,11134.3539,27708.1235,11106.9837,27116.2082,38091.7006,849.5625
2015-02-06,692737.2852,347922.5285,361108.934,173809.6217,208442.4027,11088.1533,27252.9876,11106.9837,26743.4242,38091.7006,849.5625
2015-02-07,692737.2852,347922.5285,361108.934,173809.6217,208442.4027,11088.1533,27252.9876,11106.9837,26743.4242,38091.7006,849.5625
2015-02-08,692737.2852,347922.5285,361108.934,173809.6217,208442.4027,11088.1533,27252.9876,11106.9837,26743.4242,38091.7006,849.5625
2015-02-09,697338.8362,347512.3392,360337.2865,172082.1134,208358.4323,11077.2826,27268.0334,11106.9837,26105.0954,38091.7006,849.5625
2015-02-10,710735.7567,349481.2477,367104.4696,173212.8883,210457.6911,11387.0986,27118.829,11106.9837,27330.6867,38091.7006,849.5625
2015-02-11,727394.5361,347676.4149,366069.3982,174208.9919,214152.3866,11311.0034,26681.2466,11106.9837,27560.4851,38091.7006,849.5625
2015-02-12,736597.638,353501.1024,371144.5698,175151.6913,213368.6633,12120.8735,25437.4591,11106.9837,28009.8686,38091.7006,849.5625
2015-02-13,740208.9818,359900.0548,374997.939,177315.7204,211997.1476,12126.3088,25549.0489,11106.9837,28124.7678,38091.7006,849.5625
2015-02-14,740208.9818,359900.0548,374997.939,177315.7204,211997.1476,12126.3088,25549.0489,11106.9837,28124.7678,38091.7006,849.5625
2015-02-15,740208.9818,359900.0548,374997.939,177315.7204,211997.1476,12126.3088,25549.0489,11106.9837,28124.7678,38091.7006,849.5625
2015-02-16,740208.9818,359900.0548,374997.939,177315.7204,211997.1476,12126.3088,25549.0489,11106.9837,28124.7678,38091.7006,849.5625
2015-02-17,744577.5428,357520.9571,370797.427,174343.6632,211605.2859,12161.6387,25621.7704,11106.9837,28308.6065,38091.7006,849.5625
2015-02-18,749732.4449,357110.7679,368256.7853,173387.0323,214712.1889,12023.0368,25635.5624,11106.9837,28086.468,38091.7006,849.5625
2015-02-19,748188.8866,356864.6543,370611.8316,175999.192,222297.5107,12052.9313,26543.9535,11106.9837,28316.2664,38091.7006,849.5625
2015-02-20,754275.7483,359776.998,367714.9734,178165.5431,223627.0413,12139.8972,27221.6421,11106.9837,28728.7567,38091.7006,849.5625
2015-02-21,754275.7483,359776.998,367714.9734,178165.5431,223627.0413,12139.8972,27221.6421,11106.9837,28728.7567,38091.7006,849.5625
2015-02-22,754275.7483,359776.998,367714.9734,178165.5431,223627.0413,12139.8972,27221.6421,11106.9837,28728.7567,38091.7006,849.5625
2015-02-23,774691.4903,362197.1146,362998.6165,176530.9116,220674.0839,12044.7783,25996.035,11106.9837,28931.2885,38091.7006,849.5625
2015-02-24,769856.9494,361704.8875,365677.4924,175811.1165,219582.4693,12126.3088,25591.6787,11106.9837,29015.8904,38091.7006,849.5625
2015-02-25,750169.301,360884.509,371254.8407,178959.6396,222689.3723,12033.9075,25547.7951,11106.9837,28887.7057,38091.7006,849.5625
2015-02-26,759634.5165,361417.7551,379266.5779,178694.9407,225068.5323,12066.5198,26056.8013,11106.9837,33135.7469,38091.7006,849.5625
2015-02-27,748247.1341,359735.9791,381385.6445,176540.1993,221037.9554,11990.4246,25572.6144,11106.9837,32717.8648,38091.7006,849.5625
2015-02-28,748247.1341,359735.9791,381385.6445,176540.1993,221037.9554,11990.4246,25572.6144,11106.9837,32717.8648,38091.7006,849.5625
2015-03-01,748247.1341,359735.9791,381385.6445,176540.1993,221037.9554,11990.4246,25572.6144,11106.9837,32717.8648,38091.7006,849.5625
2015-03-02,751916.7254,359982.0927,390020.507,179091.989,223221.1846,12281.2168,24816.151,11106.9837,33076.782,38091.7006,849.5625
2015-03-03,753489.4074,355059.8216,392048.2749,178606.7078,222801.3328,12055.649,25097.2309,11106.9837,32871.6864,38091.7006,849.5625
2015-03-04,748713.114,353213.9699,391803.3844,177729.0221,226426.053,12191.5333,25458.799,11106.9837,33174.2023,38091.7006,849.5625
2015-03-05,736306.4006,353665.1781,393496.3028,180102.0241,227307.7417,12425.2541,25231.7971,11106.9837,33474.1546,38091.7006,849.5625
2015-03-06,737413.1028,347512.3392,388013.9731,176507.6924,223934.9326,12256.7577,24382.898,11106.9837,32787.0845,38091.7006,849.5625
2015-03-07,737413.1028,347512.3392,388013.9731,176507.6924,223934.9326,12256.7577,24382.898,11106.9837,32787.0845,38091.7006,849.5625
2015-03-08,737413.1028,347512.3392,388013.9731,176507.6924,223934.9326,12256.7577,24382.898,11106.9837,32787.0845,38091.7006,849.5625
2015-03-09,740558.4667,351532.1939,388817.8693,175797.185,222353.4909,12289.3699,24005.6095,11106.9837,32589.6801,38091.7006,849.5625
2015-03-10,725239.3793,344805.0901,379269.5364,171594.5103,217063.3588,12498.6316,23935.1823,11106.9837,32076.9412,38091.7006,849.5625
2015-03-11,712017.2013,344394.9009,376559.3134,170136.3447,217119.339,12436.1249,24365.2912,11106.9837,31986.1628,38091.7006,849.5625
2015-03-12,724889.8944,336519.2671,379866.875,173791.0463,220925.995,12464.8776,24029.5044,11106.9837,32360.7801,38091.7006,849.5625
2015-03-13,719880.6111,339472.6298,374298.8434,172091.4011,218462.8646,12481.3728,23728.9313,11106.9837,32073.4024,38091.7006,849.5625
2015-03-14,719880.6111,339472.6298,374298.8434,172091.4011,218462.8646,12481.3728,23728.9313,11106.9837,32073.4024,38091.7006,849.5625
2015-03-15,719880.6111,339472.6298,374298.8434,172091.4011,218462.8646,12481.3728,23728.9313,11106.9837,32073.4024,38091.7006,849.5625
2015-03-16,727802.2685,340949.3111,379647.0205,173377.7446,218518.8449,12629.8296,24611.7863,11106.9837,33321.6992,38091.7006,849.5625
2015-03-17,739975.9919,342056.8221,377036.2937,172713.6756,222143.5651,12783.7849,24489.7964,11106.9837,33125.41,38091.7006,849.5625
2015-03-18,748305.3816,348660.8691,382896.0077,174206.67,226468.0382,12574.8456,25241.8581,11106.9837,33469.2369,38091.7006,849.5625
2015-03-19,742626.2523,346897.0553,381561.0885,173326.6624,231618.2197,12764.5405,24605.4982,11106.9837,33879.7764,38091.7006,849.5625
2015-03-20,733335.7791,351778.3075,382832.5063,175764.6781,234557.182,12904.7497,24911.1019,11106.9837,34200.5105,38091.7006,849.5625
2015-03-21,733335.7791,351778.3075,382832.5063,175764.6781,234557.182,12904.7497,24911.1019,11106.9837,34200.5105,38091.7006,849.5625
2015-03-22,733335.7791,351778.3075,382832.5063,175764.6781,234557.182,12904.7497,24911.1019,11106.9837,34200.5105,38091.7006,849.5625
2015-03-23,740966.1991,351573.2129,382395.0332,174195.0604,236320.5594,12486.8712,25106.0343,11106.9837,34495.5858,38091.7006,849.5625
2015-03-24,737937.3301,351942.3832,390388.1442,173721.3887,238783.6897,12316.4207,25368.8786,11106.9837,34156.8906,38091.7006,849.5625
2015-03-25,718657.414,340128.9326,382896.7737,172267.867,232094.0517,11568.638,24435.7184,11106.9837,31927.1477,38091.7006,849.5625
2015-03-26,723666.6974,338077.9863,380516.2516,170591.441,232345.9628,11527.4,23945.8721,11106.9837,31998.9921,38091.7006,849.5625
2015-03-27,717900.1968,336109.0779,376099.5494,172082.1134,233157.6762,11755.5837,23266.124,11106.9837,32897.0474,38091.7006,849.5625
2015-03-28,717900.1968,336109.0779,376099.5494,172082.1134,233157.6762,11755.5837,23266.124,11106.9837,32897.0474,38091.7006,849.5625
2015-03-29,717900.1968,336109.0779,376099.5494,172082.1134,233157.6762,11755.5837,23266.124,11106.9837,32897.0474,38091.7006,849.5625
2015-03-30,736073.4107,336027.04,378578.1354,173953.5807,232863.7799,11805.0693,23966.623,11106.9837,33497.4615,38091.7006,849.5625
2015-03-31,724773.3995,333524.8855,375081.3836,172797.2647,230120.7485,11505.4064,23740.2499,11106.9837,32581.4451,38091.7006,849.5625
2015-04-01,723724.9448,334058.1316,371450.8887,171940.4763,228581.292,11552.1428,23591.8498,11106.9837,32235.0524,38091.7006,849.5625
2015-04-02,729957.4253,330530.5039,366305.6456,172866.9223,228273.4007,11579.6348,24020.701,11106.9837,32078.5341,38091.7006,849.5625
2015-04-03,729957.4253,330530.5039,366305.6456,172866.9223,228273.4007,11579.6348,24020.701,11106.9837,32078.5341,38091.7006,849.5625
2015-04-04,729957.4253,330530.5039,366305.6456,172866.9223,228273.4007,11579.6348,24020.701,11106.9837,32078.5341,38091.7006,849.5625
2015-04-05,729957.4253,330530.5039,366305.6456,172866.9223,228273.4007,11579.6348,24020.701,11106.9837,32078.5341,38091.7006,849.5625
2015-04-06,741781.6638,340826.2543,367586.6089,175091.3214,230750.5261,11912.2881,25542.4313,11106.9837,32285.0869,38091.7006,849.5625
2015-04-07,733976.5014,340703.1975,367965.476,173869.9916,230414.6447,12019.507,25561.2957,11106.9837,32240.1841,38091.7006,849.5625
2015-04-08,731588.3547,339800.7812,370898.3314,177023.1586,230288.6892,12107.4814,26117.1675,11106.9837,32532.6935,38091.7006,849.5625
2015-04-09,737180.1128,340293.0083,370336.549,178109.817,229994.7929,12460.1896,26421.5135,11106.9837,32643.026,38091.7006,849.5625
2015-04-10,740325.4768,342261.9167,370216.8171,177696.5153,229630.9214,12590.1849,26523.3814,11106.9837,32540.3911,38091.7006,849.5625
2015-04-11,740325.4768,342261.9167,370216.8171,177696.5153,229630.9214,12590.1849,26523.3814,11106.9837,32540.3911,38091.7006,849.5625
2015-04-12,740325.4768,342261.9167,370216.8171,177696.5153,229630.9214,12590.1849,26523.3814,11106.9837,32540.3911,38091.7006,849.5625
2015-04-13,738869.2898,342590.0681,369939.7349,177561.8439,232345.9628,12474.0189,26382.527,11106.9837,32161.925,38091.7006,849.5625
2015-04-14,735665.6783,341687.6518,363938.7911,178838.8998,233759.4637,12368.9163,26090.7573,11106.9837,31811.6834,38091.7006,849.5625
2015-04-15,738461.5574,346650.9418,365119.4898,178068.0224,231492.2642,12518.2726,26137.2895,11106.9837,32304.3309,38091.7006,849.5625
2015-04-16,734908.4611,345871.5822,366363.1525,179270.7768,230386.6546,12440.8286,25995.1775,11106.9837,32158.0762,38091.7006,849.5625
2015-04-17,726637.3189,341400.5193,359404.2292,174404.0331,226090.1716,12280.4089,26006.4962,11106.9837,31265.1527,38091.7006,849.5625
2015-04-18,726637.3189,341400.5193,359404.2292,174404.0331,226090.1716,12280.4089,26006.4962,11106.9837,31265.1527,38091.7006,849.5625
2015-04-19,726637.3189,341400.5193,359404.2292,174404.0331,226090.1716,12280.4089,26006.4962,11106.9837,31265.1527,38091.7006,849.5625
2015-04-20,743237.8508,351983.4021,367259.8713,180882.1891,232569.8837,12219.56,25815.3367,11106.9837,31566.6426,38091.7006,849.5625
2015-04-21,739218.7746,349768.3801,366239.0708,181657.7103,234053.3599,12200.199,26335.9948,11106.9837,31585.8867,38091.7006,849.5625
2015-04-22,749179.0938,352639.7049,370180.5958,181016.8605,236880.3618,12341.2577,27736.0444,11106.9837,32816.2224,38091.7006,849.5625
2015-04-23,755295.0793,350602.189,376527.7868,181105.0934,231426.7457,12291.4723,27629.8729,11106.9837,31834.7763,38091.7006,849.5625
2015-04-24,758848.1756,387247.9646,388265.9446,207274.5994,228955.4979,12186.3697,27607.7538,11106.9837,30662.1727,38091.7006,849.5625
2015-04-25,758848.1756,387247.9646,388265.9446,207274.5994,228955.4979,12186.3697,27607.7538,11106.9837,30662.1727,38091.7006,849.5625
2015-04-26,758848.1756,387247.9646,388265.9446,207274.5994,228955.4979,12186.3697,27607.7538,11106.9837,30662.1727,38091.7006,849.5625
2015-04-27,772652.8284,388542.2966,382851.089,204229.0459,230022.6276,12280.4089,29266.6837,11106.9837,30828.9544,38091.7006,849.5625
2015-04-28,752160.0487,397643.0687,381677.4865,199921.4969,226568.4971,12338.4919,29131.4415,11106.9837,30136.1689,38091.7006,849.5625
2015-04-29,741098.8715,396874.5591,378568.7239,199949.4378,225964.7263,12247.2186,29380.4389,11106.9837,30028.4023,38091.7006,849.5625
2015-04-30,720992.8776,393476.9375,370280.4858,196414.9192,221204.766,12277.643,28571.5131,11106.9837,29989.9142,38091.7006,849.5625
2015-05-01,742884.7908,393598.2811,371238.1534,196922.5115,221822.5779,12584.6532,28568.9852,11106.9837,31508.9105,38091.7006,849.5625
2015-05-02,742884.7908,393598.2811,371238.1534,196922.5115,221822.5779,12584.6532,28568.9852,11106.9837,31508.9105,38091.7006,849.5625
2015-05-03,742884.7908,393598.2811,371238.1534,196922.5115,221822.5779,12584.6532,28568.9852,11106.9837,31508.9105,38091.7006,849.5625
2015-05-04,741444.5333,390241.1074,372826.1033,197001.6772,221317.0954,12507.2092,29135.2333,11106.9837,31088.1075,38091.7006,849.5625
2015-05-05,724737.547,385063.7793,366073.8385,196140.1674,217806.8001,12186.3697,29443.6363,11106.9837,29965.5384,38091.7006,849.5625
2015-05-06,720186.3334,374385.54,361148.015,195166.8942,219323.2477,12225.0917,29125.1217,11106.9837,29962.9725,38091.7006,849.5625
2015-05-07,721626.5909,377783.1616,365720.9834,198789.8921,220235.9245,12440.8286,29930.2557,11106.9837,31426.8026,38091.7006,849.5625
2015-05-08,735222.6212,386277.2156,370660.8625,201961.1795,220474.6245,11519.7979,29906.2407,11106.9837,31644.9017,38091.7006,849.5625
2015-05-09,735222.6212,386277.2156,370660.8625,201961.1795,220474.6245,11519.7979,29906.2407,11106.9837,31644.9017,38091.7006,849.5625
2015-05-10,735222.6212,386277.2156,370660.8625,201961.1795,220474.6245,11519.7979,29906.2407,11106.9837,31644.9017,38091.7006,849.5625
2015-05-11,727733.2824,383203.177,368736.7718,201570.0075,219070.5064,11411.9295,30272.4445,11106.9837,31511.4764,38091.7006,849.5625
2015-05-12,725112.0139,383041.3855,364069.2739,200717.8114,217525.9765,11522.5638,30936.0644,11106.9837,31547.3986,38091.7006,849.5625
2015-05-13,725947.3632,385266.0187,364521.6797,198785.2353,220278.048,11588.9444,30738.8745,11106.9837,31593.5843,38091.7006,849.5625
2015-05-14,742884.7908,394124.1035,370805.7105,201304.5694,228506.1801,11777.0227,30855.166,11106.9837,32571.1816,38091.7006,849.5625
2015-05-15,741847.8054,390686.0341,368279.411,198380.0929,225838.3557,11782.5544,31454.3199,11106.9837,32809.8077,38091.7006,849.5625
2015-05-16,741847.8054,390686.0341,368279.411,198380.0929,225838.3557,11782.5544,31454.3199,11106.9837,32809.8077,38091.7006,849.5625
2015-05-17,741847.8054,390686.0341,368279.411,198380.0929,225838.3557,11782.5544,31454.3199,11106.9837,32809.8077,38091.7006,849.5625
2015-05-18,750028.4677,388380.5051,367765.7457,198026.1754,227130.1443,11765.9593,31442.9436,11106.9837,33402.5242,38091.7006,849.5625
2015-05-19,749337.1441,384901.9878,370448.2345,196382.3215,226428.0853,11638.7298,31239.4335,11106.9837,33220.3473,38091.7006,849.5625
2015-05-20,749279.5338,384901.9878,372166.7644,197383.5356,226203.4264,11319.52,30886.7669,11106.9837,33127.9759,38091.7006,849.5625
2015-05-21,756941.7035,383607.6558,374711.1311,201001.8768,226006.8499,11238.82,31047.2997,11106.9837,33251.1377,38091.7006,849.5625
2015-05-22,763566.8877,379401.0767,373107.9426,199139.1529,226175.344,11222.68,31314.0117,11106.9837,34033.7288,38091.7006,849.5625
2015-05-23,763566.8877,379401.0767,373107.9426,199139.1529,226175.344,11222.68,31314.0117,11106.9837,34033.7288,38091.7006,849.5625
2015-05-24,763566.8877,379401.0767,373107.9426,199139.1529,226175.344,11222.68,31314.0117,11106.9837,34033.7288,38091.7006,849.5625
2015-05-25,763566.8877,379401.0767,373107.9426,199139.1529,226175.344,11222.68,31314.0117,11106.9837,34033.7288,38091.7006,849.5625
2015-05-26,746744.6807,376893.3083,367936.6393,198133.282,222791.4194,11152.74,31279.2507,11106.9837,33689.9019,38091.7006,849.5625
2015-05-27,760715.178,385144.675,372905.2961,200904.0837,226203.4264,11749.92,31276.0906,11106.9837,36304.5257,38091.7006,849.5625
2015-05-28,759188.5051,383850.343,372879.6026,198645.531,225066.0907,11911.32,31784.2338,11106.9837,36532.8883,38091.7006,849.5625
2015-05-29,750546.9604,379077.4937,367271.2785,199884.2424,222384.2252,11905.94,31702.0714,11106.9837,37992.8696,38091.7006,849.5625
2015-05-30,750546.9604,379077.4937,367271.2785,199884.2424,222384.2252,11905.94,31702.0714,11106.9837,37992.8696,38091.7006,849.5625
2015-05-31,750546.9604,379077.4937,367271.2785,199884.2424,222384.2252,11905.94,31702.0714,11106.9837,37992.8696,38091.7006,849.5625
2015-06-01,752016.023,382070.6365,369186.3348,200671.2433,225473.285,12040.44,31531.4262,11106.9837,37620.8181,38091.7006,849.5625
2015-06-02,748703.4309,379562.8682,372586.5186,200703.8409,225908.5616,11801.03,31392.3821,11106.9837,36989.6135,38091.7006,849.5625
2015-06-03,749625.1956,378996.5979,373423.6843,203311.6544,231510.9928,11674.6,31473.2805,11106.9837,36707.3676,38091.7006,849.5625
2015-06-04,745246.813,375032.7061,370963.3313,200606.0479,230415.7807,11884.42,31085.2209,11106.9837,36230.1154,38091.7006,849.5625
2015-06-05,741156.4818,373252.9995,369044.1457,198822.4898,230668.522,11975.88,31492.2411,11106.9837,36899.808,38091.7006,849.5625
2015-06-06,741156.4818,373252.9995,369044.1457,198822.4898,230668.522,11975.88,31492.2411,11106.9837,36899.808,38091.7006,849.5625
2015-06-07,741156.4818,373252.9995,369044.1457,198822.4898,230668.522,11975.88,31492.2411,11106.9837,36899.808,38091.7006,849.5625
2015-06-08,736259.6065,369936.2737,364750.0056,197215.8905,226540.4147,11701.5,32396.0282,11106.9837,35570.6862,38091.7006,849.5625
2015-06-09,734070.4152,369289.1077,364283.369,198137.9388,226540.4147,11760.68,32359.3711,11106.9837,35976.094,38091.7006,849.5625
2015-06-10,742481.5187,377055.0999,371245.8388,200601.3911,230724.6867,11550.86,31689.431,11106.9837,37104.9858,38091.7006,849.5625
2015-06-11,740810.8201,375679.8721,369675.4717,201625.8893,229797.9687,11674.6,31779.1777,11106.9837,36879.0209,38091.7006,849.5625
2015-06-12,732630.1578,371877.7717,368028.376,200205.5623,228955.4979,11357.18,31688.167,11106.9837,36484.2318,38091.7006,849.5625
2015-06-13,732630.1578,371877.7717,368028.376,200205.5623,228955.4979,11357.18,31688.167,11106.9837,36484.2318,38091.7006,849.5625
2015-06-14,732630.1578,371877.7717,368028.376,200205.5623,228955.4979,11357.18,31688.167,11106.9837,36484.2318,38091.7006,849.5625
2015-06-15,731189.9003,367873.432,364735.1798,197295.0562,226652.7442,11335.66,31648.9818,11106.9837,37172.5155,38091.7006,849.5625
2015-06-16,735107.4006,370745.2312,365672.8003,198966.8509,227635.6269,11475.54,31995.3282,11106.9837,36879.0209,38091.7006,849.5625
2015-06-17,733379.0916,371877.7717,366625.2591,199222.9754,229685.6393,11610.04,32916.8118,11106.9837,36540.0737,38091.7006,849.5625
2015-06-18,736720.4889,377944.9531,372386.4329,204615.5611,232816.8227,11803.72,33103.8894,11106.9837,37141.3479,38091.7006,849.5625
2015-06-19,729346.3708,372929.4165,372793.1339,202533.9671,231707.5694,11766.06,33182.2598,11106.9837,37112.7777,38091.7006,849.5625
2015-06-20,729346.3708,372929.4165,372793.1339,202533.9671,231707.5694,11766.06,33182.2598,11106.9837,37112.7777,38091.7006,849.5625
2015-06-21,729346.3708,372929.4165,372793.1339,202533.9671,231707.5694,11766.06,33182.2598,11106.9837,37112.7777,38091.7006,849.5625
2015-06-22,735165.0109,373981.0613,374024.3119,203171.9501,237969.9361,11714.95,32838.4415,11106.9837,37212.7736,38091.7006,849.5625
2015-06-23,731823.6136,371392.3972,376033.6064,207689.0555,246787.7978,11416.36,33834.5034,11106.9837,36788.1155,38091.7006,849.5625
2015-06-24,738045.5258,369167.764,373546.4556,205290.7985,249539.8693,11303.38,33518.4939,11106.9837,36354.3669,38091.7006,849.5625
2015-06-25,734531.2976,369289.1077,372391.2039,204946.1946,247068.6214,11389.46,33976.0756,11106.9837,36162.1669,38091.7006,849.5625
2015-06-26,730210.5252,366134.1733,369550.9121,204014.8326,247152.8685,11158.12,33761.1892,11106.9837,35102.4697,38091.7006,849.5625
2015-06-27,730210.5252,366134.1733,369550.9121,204014.8326,247152.8685,11158.12,33761.1892,11106.9837,35102.4697,38091.7006,849.5625
2015-06-28,730210.5252,366134.1733,369550.9121,204014.8326,247152.8685,11158.12,33761.1892,11106.9837,35102.4697,38091.7006,849.5625
2015-06-29,717421.0391,358934.4514,362095.0437,200177.6214,240946.6665,10824.56,33120.3219,11106.9837,34286.9185,38091.7006,849.5625
2015-06-30,722577.1608,357154.7449,361342.912,202147.4519,240848.3782,10819.18,33909.0816,11106.9837,34525.8698,38091.7006,849.5625
2015-07-01,729346.3708,359541.1696,362857.4839,203684.1991,244063.8087,10975.2,34021.581,11106.9837,35193.3751,38091.7006,849.5625
2015-07-02,728424.606,359177.1387,364701.9798,203833.217,245116.8972,10985.96,35395.5902,11106.9837,35749.1967,38091.7006,849.5625
2015-07-03,728424.606,359177.1387,364701.9798,203833.217,245116.8972,10985.96,35395.5902,11106.9837,35749.1967,38091.7006,849.5625
2015-07-04,728424.606,359177.1387,364701.9798,203833.217,245116.8972,10985.96,35395.5902,11106.9837,35749.1967,38091.7006,849.5625
2015-07-05,728424.606,359177.1387,364701.9798,203833.217,245116.8972,10985.96,35395.5902,11106.9837,35749.1967,38091.7006,849.5625
2015-07-06,725889.7529,359096.2429,363962.3796,203055.5298,245861.0798,10851.46,35357.6691,11106.9837,34855.7265,38091.7006,849.5625
2015-07-07,724103.8337,358368.1812,366143.9883,203372.1929,244934.3619,10647.02,33861.0482,11106.9837,34502.4941,38091.7006,849.5625
2015-07-08,706129.4207,357882.8066,360511.0267,200103.1125,240525.431,10571.7,32227.9111,11106.9837,33258.3888,38091.7006,849.5625
2015-07-09,691726.8463,360147.8877,362855.2611,202287.1562,241171.3254,10442.58,32602.0664,11106.9837,32383.0997,38091.7006,849.5625
2015-07-10,710219.7519,360875.9495,369936.1563,206534.1667,246984.3743,10625.5,32757.543,11106.9837,33723.305,38091.7006,849.5625
2015-07-11,710219.7519,360875.9495,369936.1563,206534.1667,246984.3743,10625.5,32757.543,11106.9837,33723.305,38091.7006,849.5625
2015-07-12,710219.7519,360875.9495,369936.1563,206534.1667,246984.3743,10625.5,32757.543,11106.9837,33723.305,38091.7006,849.5625
2015-07-13,723931.0028,368399.2544,380889.7256,212150.2792,253022.0822,10695.44,33138.0185,11106.9837,33551.8834,38091.7006,849.5625
2015-07-14,723642.9513,369046.4204,390158.3512,216807.0888,251842.623,10700.82,33579.1677,11106.9837,34362.2401,38091.7006,849.5625
2015-07-15,730613.7973,370178.9609,389765.395,214767.4062,252067.2819,10625.5,33261.8942,11106.9837,34211.5968,38091.7006,849.5625
2015-07-16,740349.9377,377459.5786,402591.8626,221421.9873,255128.2593,10862.22,33709.3636,11106.9837,34985.5914,38091.7006,849.5625
2015-07-17,746744.6807,377135.9956,467607.504,224928.565,266698.1925,10797.66,34718.0659,11106.9837,34715.4725,38091.7006,849.5625
2015-07-18,746744.6807,377135.9956,467607.504,224928.565,266698.1925,10797.66,34718.0659,11106.9837,34715.4725,38091.7006,849.5625
2015-07-19,746744.6807,377135.9956,467607.504,224928.565,266698.1925,10797.66,34718.0659,11106.9837,34715.4725,38091.7006,849.5625
2015-07-20,760859.2037,379562.8682,461829.1835,227298.8811,274954.4069,10598.6,35678.7347,11106.9837,34970.0076,38091.7006,849.5625
2015-07-21,745981.0372,382475.1152,462353.6543,227252.313,276302.3603,10647.02,33720.7399,11106.9837,34936.2427,38091.7006,849.5625
2015-07-22,714094.8699,368399.2544,462201.4478,227378.0468,272511.2414,10439.89,33859.7841,11106.9837,33658.3726,38091.7006,849.5625
2015-07-23,713752.7065,373010.3123,451291.1124,224542.0497,268018.0635,10571.7,33775.0936,11106.9837,34276.5293,38091.7006,849.5625
2015-07-24,709988.9099,371635.0845,437326.7897,247615.1368,272258.5002,10447.96,33548.8308,11106.9837,33370.0726,38091.7006,849.5625
2015-07-25,709988.9099,371635.0845,437326.7897,247615.1368,272258.5002,10447.96,33548.8308,11106.9837,33370.0726,38091.7006,849.5625
2015-07-26,709988.9099,371635.0845,437326.7897,247615.1368,272258.5002,10447.96,33548.8308,11106.9837,33370.0726,38091.7006,849.5625
2015-07-27,700123.2006,366862.2351,439800.1207,248545.8801,264451.6035,10388.78,31981.4238,11106.9837,32375.3078,38091.7006,849.5625
2015-07-28,703601.8611,366781.3394,440512.6519,246029.5992,267596.8281,10614.74,33474.2526,11106.9837,33354.4888,38091.7006,849.5625
2015-07-29,701377.7994,374466.4358,442524.7933,247418.6985,272370.8296,10743.86,33347.8488,11106.9837,33396.0456,38091.7006,849.5625
2015-07-30,697842.1117,379239.2852,443757.14,251048.1297,267372.1692,10770.76,33723.268,11106.9837,33154.4969,38091.7006,849.5625
2015-07-31,691740.199,373505.7107,438946.8444,250762.8265,264877.4555,10733.1,33642.3696,11106.9837,32502.5754,38091.7006,849.5625
2015-08-01,691740.199,373505.7107,438946.8444,250762.8265,264877.4555,10733.1,33642.3696,11106.9837,32502.5754,38091.7006,849.5625
2015-08-02,691740.199,373505.7107,438946.8444,250762.8265,264877.4555,10733.1,33642.3696,11106.9837,32502.5754,38091.7006,849.5625
2015-08-03,675430.4136,374385.4886,443297.3507,250238.991,265243.7364,10916.02,32863.7222,11106.9837,32673.997,38091.7006,849.5625
2015-08-04,653760.0693,380224.0147,441486.3971,248775.0581,265018.3328,10959.06,33658.8021,11106.9837,32068.8268,38091.7006,849.5625
2015-08-05,658094.1382,380543.9339,450651.5433,251165.0572,271724.0911,11072.04,34145.4567,11106.9837,32401.2808,38091.7006,849.5625
2015-08-06,656554.4032,372865.8722,449253.332,247633.8452,268004.931,11002.1,31111.7657,11106.9837,32016.8808,38091.7006,849.5625
2015-08-07,658778.4648,373825.6299,444705.5911,244434.7074,265694.5437,12363.24,30833.2412,11106.9837,31829.8754,38091.7006,849.5625
2015-08-08,658778.4648,373825.6299,444705.5911,244434.7074,265694.5437,12363.24,30833.2412,11106.9837,31829.8754,38091.7006,849.5625
2015-08-09,658778.4648,373825.6299,444705.5911,244434.7074,265694.5437,12363.24,30833.2412,11106.9837,31829.8754,38091.7006,849.5625
2015-08-10,682729.898,378544.4387,443730.3396,245080.1475,265271.9119,12793.64,30659.0564,11106.9837,33058.397,38091.7006,849.5625
2015-08-11,647201.9388,371186.2962,462308.7996,246698.4248,263778.6127,12729.08,30179.7305,11106.9837,32261.0268,38091.7006,849.5625
2015-08-12,657181.7026,373825.6299,462227.0803,245973.474,265384.6137,12761.36,30281.4443,11106.9837,32655.8159,38091.7006,849.5625
2015-08-13,656668.4576,373745.6501,459510.9351,247727.3872,263243.2791,12653.76,30833.2412,11106.9837,32255.8322,38091.7006,849.5625
2015-08-14,661287.6626,375905.105,460661.7281,248597.3282,266032.6492,12664.52,31668.1764,11106.9837,31676.6349,38091.7006,849.5625
2015-08-15,661287.6626,375905.105,460661.7281,248597.3282,266032.6492,12664.52,31668.1764,11106.9837,31676.6349,38091.7006,849.5625
2015-08-16,661287.6626,375905.105,460661.7281,248597.3282,266032.6492,12664.52,31668.1764,11106.9837,31676.6349,38091.7006,849.5625
2015-08-17,668130.9292,378464.4589,463545.0741,250327.856,264652.0518,12583.82,33210.2336,11106.9837,32601.2727,38091.7006,849.5625
2015-08-18,664367.1326,378064.5598,460093.5594,250234.3139,268145.8083,12417.04,33956.5164,11106.9837,31749.3592,38091.7006,849.5625
2015-08-19,655870.0765,372785.8924,463534.0655,249252.1225,268540.2647,12391.61,33244.0964,11106.9837,31544.1728,38091.7006,849.5625
2015-08-20,642411.6522,365187.8105,453733.8691,241235.5696,255156.9234,11944.24,31541.8423,11106.9837,29876.7081,38091.7006,849.5625
2015-08-21,603119.8965,344473.0398,429838.4131,231268.6651,242477.9685,11572.33,30055.7889,11106.9837,28946.8757,38091.7006,849.5625
2015-08-22,603119.8965,344473.0398,429838.4131,231268.6651,242477.9685,11572.33,30055.7889,11106.9837,28946.8757,38091.7006,849.5625
2015-08-23,603119.8965,344473.0398,429838.4131,231268.6651,242477.9685,11572.33,30055.7889,11106.9837,28946.8757,38091.7006,849.5625
2015-08-24,588064.71,333355.8463,413197.1961,216722.8777,231292.3127,11162.69,28505.9172,11106.9837,28554.6839,38091.7006,849.5625
2015-08-25,591600.3977,323678.2893,408624.4806,218126.0083,233856.2792,10930.92,28656.9971,11106.9837,28183.2704,38091.7006,849.5625
2015-08-26,625531.5946,341593.7667,440767.1807,234215.2394,245661.795,11755.59,29283.4579,11106.9837,30180.5918,38091.7006,849.5625
2015-08-27,643951.3872,351111.364,446687.0178,242446.939,252818.3606,12197.57,31647.3378,11106.9837,32793.4727,38091.7006,849.5625
2015-08-28,646061.3944,351351.3034,441402.2219,242278.5633,256424.8189,12251.47,32362.3626,11106.9837,33146.7051,38091.7006,849.5625
2015-08-29,646061.3944,351351.3034,441402.2219,242278.5633,256424.8189,12251.47,32362.3626,11106.9837,33146.7051,38091.7006,849.5625
2015-08-30,646061.3944,351351.3034,441402.2219,242278.5633,256424.8189,12251.47,32362.3626,11106.9837,33146.7051,38091.7006,849.5625
2015-08-31,643038.9517,348072.1312,433168.7736,239883.8871,251973.0969,12116.72,32437.9026,11106.9837,32718.151,38091.7006,849.5625
2015-09-01,614297.2319,334475.5636,419837.3647,232236.8252,245774.4968,11620.84,31079.4857,11106.9837,31003.935,38091.7006,849.5625
2015-09-02,640643.8084,346792.4543,430804.0772,238789.4452,253269.1679,11971.19,32259.472,11106.9837,32216.8727,38091.7006,849.5625
2015-09-03,629409.4457,347912.1716,425330.7189,236062.6947,248366.6387,12003.53,31983.3604,11106.9837,32146.7457,38091.7006,849.5625
2015-09-04,623136.4513,340793.9686,420724.0027,233387.3923,248676.5687,11723.25,31509.282,11106.9837,31466.2539,38091.7006,849.5625
2015-09-05,623136.4513,340793.9686,420724.0027,233387.3923,248676.5687,11723.25,31509.282,11106.9837,31466.2539,38091.7006,849.5625
2015-09-06,623136.4513,340793.9686,420724.0027,233387.3923,248676.5687,11723.25,31509.282,11106.9837,31466.2539,38091.7006,849.5625
2015-09-07,623136.4513,340793.9686,420724.0027,233387.3923,248676.5687,11723.25,31509.282,11106.9837,31466.2539,38091.7006,849.5625
2015-09-08,640472.7267,351031.3842,430597.191,242058.7395,252254.8515,12224.52,32321.9878,11106.9837,33546.6888,38091.7006,849.5625
2015-09-09,628154.8468,344473.0398,429731.3997,241754.7279,254818.8179,11981.97,32418.3664,11106.9837,33029.8267,38091.7006,849.5625
2015-09-10,641955.4345,346232.5956,435344.4523,244256.9775,259157.8381,12170.62,32362.3626,11106.9837,35444.4984,38091.7006,849.5625
2015-09-11,651307.8988,347752.212,438311.3687,247624.491,259355.0662,12208.35,32591.5874,11106.9837,36094.3509,38091.7006,849.5625
2015-09-12,651307.8988,347752.212,438311.3687,247624.491,259355.0662,12208.35,32591.5874,11106.9837,36094.3509,38091.7006,849.5625
2015-09-13,651307.8988,347752.212,438311.3687,247624.491,259355.0662,12208.35,32591.5874,11106.9837,36094.3509,38091.7006,849.5625
2015-09-14,657580.8932,344233.1004,436482.2407,243854.7467,260087.6281,12229.91,32975.7992,11106.9837,36124.6406,38091.7006,849.5625
2015-09-15,663112.5337,351751.2025,444861.1323,244317.7798,261749.9799,12364.66,33025.2909,11106.9837,37003.043,38091.7006,849.5625
2015-09-16,663853.8876,354310.5564,445313.8409,246665.6851,263299.63,12450.9,34155.7856,11106.9837,36207.249,38091.7006,849.5625
2015-09-17,649654.1094,353910.6573,449814.62,252034.9982,265807.2455,12564.09,34132.3421,11106.9837,35964.9311,38091.7006,849.5625
2015-09-18,646973.83,347752.212,441372.7284,252685.1154,265976.2982,12553.31,33943.4922,11106.9837,35133.3402,38091.7006,849.5625
2015-09-19,646973.83,347752.212,441372.7284,252685.1154,265976.2982,12553.31,33943.4922,11106.9837,35133.3402,38091.7006,849.5625
2015-09-20,646973.83,347752.212,441372.7284,252685.1154,265976.2982,12553.31,33943.4922,11106.9837,35133.3402,38091.7006,849.5625
2015-09-21,657010.621,352790.94,445575.1445,256487.5994,269216.4756,12682.67,34409.7561,11106.9837,35042.471,38091.7006,849.5625
2015-09-22,646688.6939,351111.364,436509.3516,251815.1744,261919.0327,12337.71,33985.1695,11106.9837,34337.5462,38091.7006,849.5625
2015-09-23,651935.1982,350871.4246,436415.7384,250725.4096,264764.7537,12397.0,34000.7984,11106.9837,34568.8496,38091.7006,849.5625
2015-09-24,655813.0493,351191.3438,438199.3213,249640.322,266004.4737,12634.16,34269.0955,11106.9837,34172.3295,38091.7006,849.5625
2015-09-25,654159.2599,351431.2833,428424.725,245197.075,261383.699,12725.79,33460.2969,11106.9837,34899.2831,38091.7006,849.5625
2015-09-26,654159.2599,351431.2833,428424.725,245197.075,261383.699,12725.79,33460.2969,11106.9837,34899.2831,38091.7006,849.5625
2015-09-27,654159.2599,351431.2833,428424.725,245197.075,261383.699,12725.79,33460.2969,11106.9837,34899.2831,38091.7006,849.5625
2015-09-28,641214.0806,346232.5956,417088.364,235754.006,251353.2369,12558.7,32355.8506,11106.9837,33354.4525,38091.7006,849.5625
2015-09-29,621938.8796,347432.2928,416600.1231,232017.0014,244196.6713,12779.69,32124.021,11106.9837,33028.7739,38091.7006,849.5625
2015-09-30,629010.2551,353990.6372,426549.9459,239416.1769,253297.3433,13286.35,32351.9433,11106.9837,34502.6074,38091.7006,849.5625
2015-10-01,624904.2952,356789.9305,428757.3992,243546.058,256255.7662,13027.63,31242.2873,11106.9837,33710.4909,38091.7006,849.5625
2015-10-02,629466.4729,364467.9922,439266.5393,249074.3926,259411.4172,13367.2,32243.843,11106.9837,34038.9295,38091.7006,849.5625
2015-10-03,629466.4729,364467.9922,439266.5393,249074.3926,259411.4172,13367.2,32243.843,11106.9837,34038.9295,38091.7006,849.5625
2015-10-04,629466.4729,364467.9922,439266.5393,249074.3926,259411.4172,13367.2,32243.843,11106.9837,34038.9295,38091.7006,849.5625
2015-10-05,631747.5618,372945.852,450697.1314,254284.6843,264877.4555,13701.38,32058.9004,11106.9837,33456.572,38091.7006,849.5625
2015-10-06,634770.0045,373905.6097,452157.1432,251384.881,261468.2254,13879.25,31448.0686,11106.9837,32322.217,38091.7006,849.5625
2015-10-07,631747.5618,374305.5088,450495.1699,253470.8685,260341.2072,14024.78,30210.7761,11106.9837,32744.4952,38091.7006,849.5625
2015-10-08,624448.0774,379504.1964,448357.9274,249364.3729,260538.4354,14105.63,29528.3116,11106.9837,32206.2976,38091.7006,849.5625
2015-10-09,639389.2095,376784.8829,451351.6076,252469.9687,262707.9454,14051.73,28742.9564,11106.9837,32267.0173,38091.7006,849.5625
2015-10-10,639389.2095,376784.8829,451351.6076,252469.9687,262707.9454,14051.73,28742.9564,11106.9837,32267.0173,38091.7006,849.5625
2015-10-11,639389.2095,376784.8829,451351.6076,252469.9687,262707.9454,14051.73,28742.9564,11106.9837,32267.0173,38091.7006,849.5625
2015-10-12,636423.7939,375905.105,454130.5591,257329.4777,265581.8419,14202.65,28077.4233,11106.9837,32479.5363,38091.7006,849.5625
2015-10-13,637507.3112,375025.3271,458353.7923,256726.1316,265187.3855,14229.6,28555.4089,11106.9837,31303.7815,38091.7006,849.5625
2015-10-14,628497.0101,373345.7511,457056.7272,254822.551,265046.5082,14747.04,28246.737,11106.9837,32418.8166,38091.7006,849.5625
2015-10-15,637906.5017,375985.0848,464975.3894,263058.9277,270371.6693,14784.77,28823.706,11106.9837,33635.9712,38091.7006,849.5625
2015-10-16,633230.2695,379984.0753,465874.5102,266950.2767,274823.3912,15016.54,29566.0815,11106.9837,33415.1722,38091.7006,849.5625
2015-10-17,633230.2695,379984.0753,465874.5102,266950.2767,274823.3912,15016.54,29566.0815,11106.9837,33415.1722,38091.7006,849.5625
2015-10-18,633230.2695,379984.0753,465874.5102,266950.2767,274823.3912,15016.54,29566.0815,11106.9837,33415.1722,38091.7006,849.5625
2015-10-19,637165.1478,380325.2217,468787.692,268068.104,277443.7086,14989.59,29708.0446,11106.9837,32832.8148,38091.7006,849.5625
2015-10-20,648798.7011,381523.2222,456600.4292,262329.2998,273301.9166,14968.03,27745.3079,11106.9837,33089.4936,38091.7006,849.5625
2015-10-21,648741.6738,376970.8203,451158.025,259939.3007,273611.8466,14773.99,27362.3984,11106.9837,33257.8529,38091.7006,849.5625
2015-10-22,658664.4104,383659.4655,457521.6413,263746.4617,280824.7632,15307.6,27574.6918,11106.9837,34593.687,38091.7006,849.5625
2015-10-23,679080.1558,422320.9649,488243.1419,280802.4969,287924.9779,15410.01,27232.1571,11106.9837,35763.9218,38091.7006,849.5625
2015-10-24,679080.1558,422320.9649,488243.1419,280802.4969,287924.9779,15410.01,27232.1571,11106.9837,35763.9218,38091.7006,849.5625
2015-10-25,679080.1558,422320.9649,488243.1419,280802.4969,287924.9779,15410.01,27232.1571,11106.9837,35763.9218,38091.7006,849.5625
2015-10-26,657409.8115,433344.2849,495976.2746,285293.2368,292376.6999,15339.94,28035.7461,11106.9837,34116.2091,38091.7006,849.5625
2015-10-27,653246.8243,428871.0536,494923.3326,286418.2656,292179.4717,15329.16,27396.2612,11106.9837,33531.0917,38091.7006,849.5625
2015-10-28,664969.7349,431187.5484,497876.3799,289273.0261,293588.2445,15453.13,27736.191,11106.9837,35076.6849,38091.7006,849.5625
2015-10-29,671994.6521,426235.0423,501891.4454,293702.827,295504.1754,14919.52,27562.9701,11106.9837,33144.6934,38091.7006,849.5625
2015-10-30,666252.0611,420483.7448,497261.799,293398.1317,287305.1179,15291.43,26950.8359,11106.9837,33983.7297,38091.7006,849.5625
2015-10-31,666252.0611,420483.7448,497261.799,293398.1317,287305.1179,15291.43,26950.8359,11106.9837,33983.7297,38091.7006,849.5625
2015-11-01,666252.0611,420483.7448,497261.799,293398.1317,287305.1179,15291.43,26950.8359,11106.9837,33983.7297,38091.7006,849.5625
2015-11-02,675618.6172,425276.4927,504361.2071,294546.5986,291080.6289,15469.3,27844.2913,11106.9837,34168.6489,38091.7006,849.5625
2015-11-03,683368.3274,432545.4936,505092.8217,293121.5621,289023.8207,15361.5,27135.7786,11106.9837,33710.4909,38091.7006,849.5625
2015-11-04,680190.3887,434542.4719,509355.8447,300452.9997,292855.6826,15108.17,30167.7964,11106.9837,34254.2085,38091.7006,849.5625
2015-11-05,674169.0312,434382.7136,512218.5411,307343.801,307572.6427,14935.69,30350.5885,11106.9837,33412.4122,38091.7006,849.5625
2015-11-06,674949.5775,438696.1867,513444.2277,309087.5956,302864.0325,17005.45,30427.8498,11106.9837,35788.7617,38091.7006,849.5625
2015-11-07,674949.5775,438696.1867,513444.2277,309087.5956,302864.0325,17005.45,30427.8498,11106.9837,35788.7617,38091.7006,849.5625
2015-11-08,674949.5775,438696.1867,513444.2277,309087.5956,302864.0325,17005.45,30427.8498,11106.9837,35788.7617,38091.7006,849.5625
2015-11-09,672217.6653,432625.3727,507990.3253,307268.7991,301153.096,16929.99,29507.2619,11106.9837,34913.8456,38091.7006,849.5625
2015-11-10,651031.4073,427433.2292,510368.2291,309232.9118,305168.8477,16606.59,28350.9617,11106.9837,33081.2137,38091.7006,849.5625
2015-11-11,647351.6888,428551.5371,515208.8136,315594.0121,308279.6413,16444.89,28688.8162,11106.9837,33106.0536,38091.7006,849.5625
2015-11-12,645177.3097,425915.5257,510899.6758,312007.9828,305479.9271,16385.6,27884.775,11106.9837,33078.4537,38091.7006,849.5625
2015-11-13,626332.6907,422081.3275,500406.9395,301109.2665,293969.9909,16062.2,27131.8049,11106.9837,32440.8965,38091.7006,849.5625
2015-11-14,626332.6907,422081.3275,500406.9395,301109.2665,293969.9909,16062.2,27131.8049,11106.9837,32440.8965,38091.7006,849.5625
2015-11-15,626332.6907,422081.3275,500406.9395,301109.2665,293969.9909,16062.2,27131.8049,11106.9837,32440.8965,38091.7006,849.5625
2015-11-16,636563.4232,429470.1471,508122.1257,303668.7069,294224.5104,16385.6,28064.1783,11106.9837,33525.5717,38091.7006,849.5625
2015-11-17,633859.3876,423119.7562,505357.9675,301554.5904,297307.024,16385.6,28023.5834,11106.9837,33688.411,38091.7006,849.5625
2015-11-18,653930.5794,430149.1197,515255.2887,311042.3331,304772.9285,16694.14,28949.4093,11106.9837,34753.7663,38091.7006,849.5625
2015-11-19,662237.8227,430868.0319,514643.3028,309978.2434,300502.6574,16742.56,29045.0038,11106.9837,34557.8072,38091.7006,849.5625
2015-11-20,665136.9949,432865.0101,526795.0687,313343.9545,303500.3312,16887.82,28810.6009,11106.9837,34886.2457,38091.7006,849.5625
2015-11-21,665136.9949,432865.0101,526795.0687,313343.9545,303500.3312,16887.82,28810.6009,11106.9837,34886.2457,38091.7006,849.5625
2015-11-22,665136.9949,432865.0101,526795.0687,313343.9545,303500.3312,16887.82,28810.6009,11106.9837,34886.2457,38091.7006,849.5625
2015-11-23,656495.2317,432865.0101,526470.0469,318284.7059,302453.9733,16634.96,28514.6509,11106.9837,34337.0081,38091.7006,849.5625
2015-11-24,662795.3558,433344.2849,521374.1309,314609.6119,299032.1004,16769.46,28580.1266,11106.9837,35421.6833,38091.7006,849.5625
2015-11-25,658056.3244,428871.0536,521208.7008,316573.7246,298098.8624,16747.94,30071.6621,11106.9837,35435.4833,38091.7006,849.5625
2015-11-26,658056.3244,428871.0536,521208.7008,316573.7246,298098.8624,16747.94,30071.6621,11106.9837,35435.4833,38091.7006,849.5625
2015-11-27,656829.7516,430788.1527,522849.8656,315598.6997,298211.9821,16887.82,30329.6363,11106.9837,35890.8813,38091.7006,849.5625
2015-11-28,656829.7516,430788.1527,522849.8656,315598.6997,298211.9821,16887.82,30329.6363,11106.9837,35890.8813,38091.7006,849.5625
2015-11-29,656829.7516,430788.1527,522849.8656,315598.6997,298211.9821,16887.82,30329.6363,11106.9837,35890.8813,38091.7006,849.5625
2015-11-30,659561.6638,434143.0762,517119.4,311632.9732,294790.1092,17065.36,30152.852,11106.9837,36004.0408,38091.7006,849.5625
2015-12-01,654209.346,441092.5606,532818.6927,318317.5192,302934.7323,17619.5,31060.3446,11106.9837,36677.4778,38091.7006,849.5625
2015-12-02,648299.4951,441012.6815,529208.4221,316887.7952,299965.3385,17485.0,30379.3978,11106.9837,36489.7986,38091.7006,849.5625
2015-12-03,642278.1375,432944.8893,522501.3935,312312.6781,295186.0284,17447.34,30473.6827,11106.9837,39959.1033,38091.7006,849.5625
2015-12-04,663631.6555,446604.2206,531282.547,315308.0672,300276.4179,18157.5,30168.5661,11106.9837,40726.3799,38091.7006,849.5625
2015-12-05,663631.6555,446604.2206,531282.547,315308.0672,300276.4179,18157.5,30168.5661,11106.9837,40726.3799,38091.7006,849.5625
2015-12-06,663631.6555,446604.2206,531282.547,315308.0672,300276.4179,18157.5,30168.5661,11106.9837,40726.3799,38091.7006,849.5625
2015-12-07,659450.1572,445805.4293,527991.6253,313990.846,298664.4612,17813.18,30266.7796,11106.9837,41076.8983,38091.7006,849.5625
2015-12-08,659171.3906,445645.6711,528346.2537,317506.561,301153.096,18055.28,29689.2843,11106.9837,40787.0996,38091.7006,849.5625
2015-12-09,644619.7766,439175.4615,520366.6336,311628.2856,295808.1871,17597.98,29401.1914,11106.9837,40199.2222,38091.7006,849.5625
2015-12-10,647686.2087,441491.9563,518773.9856,310470.4435,298127.1423,17743.24,29735.1172,11106.9837,40662.9002,38091.7006,849.5625
2015-12-11,631015.9688,431826.5814,511798.2472,300077.9901,288794.7616,17479.62,28419.0564,11106.9837,39859.7437,38091.7006,849.5625
2015-12-12,631015.9688,431826.5814,511798.2472,300077.9901,288794.7616,17479.62,28419.0564,11106.9837,39859.7437,38091.7006,849.5625
2015-12-13,631015.9688,431826.5814,511798.2472,300077.9901,288794.7616,17479.62,28419.0564,11106.9837,39859.7437,38091.7006,849.5625
2015-12-14,627113.2371,440453.5276,518939.0151,308403.2031,295977.8668,17522.66,28623.3405,11106.9837,39332.586,38091.7006,849.5625
2015-12-15,616018.3283,440932.8023,516541.863,308745.3993,295666.7874,17737.86,28952.0283,11106.9837,39542.3451,38091.7006,849.5625
2015-12-16,620757.3597,448361.5615,527217.9077,316775.2923,302001.4943,17845.46,30709.3951,11106.9837,39710.7044,38091.7006,849.5625
2015-12-17,607599.5784,444926.7589,521864.0791,314375.2309,300389.5376,17576.46,30562.7296,11106.9837,38841.2538,38091.7006,849.5625
2015-12-18,591152.3518,432385.7353,513998.3254,311323.5903,294224.5104,17291.32,30179.0422,11106.9837,38763.8367,38091.7006,849.5625
2015-12-19,591152.3518,432385.7353,513998.3254,311323.5903,294224.5104,17291.32,30179.0422,11106.9837,38763.8367,38091.7006,849.5625
2015-12-20,591152.3518,432385.7353,513998.3254,311323.5903,294224.5104,17291.32,30179.0422,11106.9837,38763.8367,38091.7006,849.5625
2015-12-21,598400.2821,437977.2745,518387.8275,311497.0322,296288.9461,17697.51,30454.04,11106.9837,40312.1783,38091.7006,849.5625
2015-12-22,597842.749,442130.9893,521220.23,310859.5159,298381.6618,17716.34,30112.2571,11106.9837,40118.6356,38091.7006,849.5625
2015-12-23,605536.7059,445885.3085,521772.3735,311117.335,295893.0269,17783.59,30079.5192,11106.9837,40508.4859,38091.7006,849.5625
2015-12-24,602303.0139,444687.1215,520218.0698,310690.7616,296995.9446,17845.46,30193.4469,11106.9837,40455.9529,38091.7006,849.5625
2015-12-25,602303.0139,444687.1215,520218.0698,310690.7616,296995.9446,17845.46,30193.4469,11106.9837,40455.9529,38091.7006,849.5625
2015-12-26,602303.0139,444687.1215,520218.0698,310690.7616,296995.9446,17845.46,30193.4469,11106.9837,40455.9529,38091.7006,849.5625
2015-12-27,602303.0139,444687.1215,520218.0698,310690.7616,296995.9446,17845.46,30193.4469,11106.9837,40455.9529,38091.7006,849.5625
2015-12-28,595556.8633,446923.7372,530647.2856,316508.0979,299569.4193,17829.32,29981.3057,11106.9837,40464.2475,38091.7006,849.5625
2015-12-29,606261.4989,451716.485,539586.5778,325306.7606,303330.6515,18119.84,31060.3446,11106.9837,40903.8659,38091.7006,849.5625
2015-12-30,598344.5288,449799.3859,536349.8593,323009.8268,300389.5376,17963.82,31178.2008,11106.9837,40746.2669,38091.7006,849.5625
2015-12-31,586859.3468,443169.418,527960.7785,316831.5437,295977.8668,17732.48,31429.6274,11106.9837,40132.4601,38091.7006,849.5625
2016-01-01,586859.3468,443169.418,527960.7785,316831.5437,295977.8668,17732.48,31429.6274,11106.9837,40132.4601,38091.7006,849.5625
2016-01-02,586859.3468,443169.418,527960.7785,316831.5437,295977.8668,17732.48,31429.6274,11106.9837,40132.4601,38091.7006,849.5625
2016-01-03,586859.3468,443169.418,527960.7785,316831.5437,295977.8668,17732.48,31429.6274,11106.9837,40132.4601,38091.7006,849.5625
2016-01-04,587361.1266,437737.6371,515757.2765,298596.7022,289077.5611,17415.06,29255.8354,11106.9837,39338.935,38091.7006,849.5625
2016-01-05,572642.2527,439734.6154,516693.8387,297096.6638,290519.8381,17694.82,29258.4544,11106.9837,38022.8447,38091.7006,849.5625
2016-01-06,558329.8224,431746.7023,516382.7236,296562.2751,291198.5567,16963.14,28683.5781,11106.9837,36853.2939,38091.7006,849.5625
2016-01-07,534765.7534,416729.4257,504184.7669,284979.1663,276917.1863,16290.64,28239.6531,11106.9837,35680.9781,38091.7006,849.5625
2016-01-08,537593.4417,418007.4918,496566.78,284561.9681,275248.6697,15940.94,27630.7295,11106.9837,35445.962,38091.7006,849.5625
2016-01-09,537593.4417,418007.4918,496566.78,284561.9681,275248.6697,15940.94,27630.7295,11106.9837,35445.962,38091.7006,849.5625
2016-01-10,537593.4417,418007.4918,496566.78,284561.9681,275248.6697,15940.94,27630.7295,11106.9837,35445.962,38091.7006,849.5625
2016-01-11,546298.286,417767.8544,497829.696,289573.0338,275757.7087,15967.84,27218.2328,11106.9837,35401.7236,38091.7006,849.5625
2016-01-12,554226.9021,421602.0527,505440.8638,289643.3481,281017.7778,16236.84,27495.8496,11106.9837,35921.524,38091.7006,849.5625
2016-01-13,539977.571,412495.8318,487814.6332,272730.4154,269903.7608,15741.88,26230.8598,11106.9837,34093.928,38091.7006,849.5625
2016-01-14,551787.3279,424238.064,496811.5695,277975.8621,278189.7836,15424.46,26999.5441,11106.9837,34613.7284,38091.7006,849.5625
2016-01-15,538536.0044,407303.6883,482671.8122,267278.7134,268574.6035,14585.18,26843.712,11106.9837,33170.4529,38091.7006,849.5625
2016-01-16,538536.0044,407303.6883,482671.8122,267278.7134,268574.6035,14585.18,26843.712,11106.9837,33170.4529,38091.7006,849.5625
2016-01-17,538536.0044,407303.6883,482671.8122,267278.7134,268574.6035,14585.18,26843.712,11106.9837,33170.4529,38091.7006,849.5625
2016-01-18,538536.0044,407303.6883,482671.8122,267278.7134,268574.6035,14585.18,26843.712,11106.9837,33170.4529,38091.7006,849.5625
2016-01-19,535930.0956,403868.8856,488115.6831,269294.39,269394.7218,14703.54,26808.3551,11106.9837,33198.1018,38091.7006,849.5625
2016-01-20,536650.8789,405706.1056,486711.985,268024.045,266821.2472,14784.24,26020.0282,11106.9837,34237.7026,38091.7006,849.5625
2016-01-21,533934.0804,403229.8526,492300.5647,269547.5214,266283.9283,14956.4,26186.3364,11106.9837,34431.2453,38091.7006,849.5625
2016-01-22,562321.8529,417687.9753,505174.6972,279560.2776,276973.7461,15306.1,26524.1908,11106.9837,34425.7155,38091.7006,849.5625
2016-01-23,562321.8529,417687.9753,505174.6972,279560.2776,276973.7461,15306.1,26524.1908,11106.9837,34425.7155,38091.7006,849.5625
2016-01-24,562321.8529,417687.9753,505174.6972,279560.2776,276973.7461,15306.1,26524.1908,11106.9837,34425.7155,38091.7006,849.5625
2016-01-25,551343.769,413694.0187,496386.5769,279630.5919,274343.7116,15289.96,25716.2211,11106.9837,34420.1857,38091.7006,849.5625
2016-01-26,554393.2367,416729.4257,496948.631,281843.1485,275276.9496,15440.6,25346.9384,11106.9837,34392.5367,38091.7006,849.5625
2016-01-27,517974.9446,409140.9083,486972.8101,273452.3089,267104.0466,15257.68,24628.0156,11106.9837,33828.498,38091.7006,849.5625
2016-01-28,521689.8152,411718.7538,508192.4652,297827.9325,311233.7177,15090.9,24841.4663,11106.9837,34939.9861,38091.7006,849.5625
2016-01-29,539709.71,435723.4876,516774.0711,276384.2781,319381.1437,15758.02,25037.8932,11106.9837,36969.4195,38091.7006,849.5625
2016-01-30,539709.71,435723.4876,516774.0711,276384.2781,319381.1437,15758.02,25037.8932,11106.9837,36969.4195,38091.7006,849.5625
2016-01-31,539709.71,435723.4876,516774.0711,276384.2781,319381.1437,15758.02,25037.8932,11106.9837,36969.4195,38091.7006,849.5625
2016-02-01,534664.1395,432717.9526,523115.1905,270644.7136,327578.4318,15763.4,25789.5538,11106.9837,38067.083,38091.7006,849.5625
2016-02-02,523852.2026,419193.0449,531019.81,259951.8908,326212.2171,15096.28,23935.2831,11106.9837,54816.7324,38091.7006,849.5625
2016-02-03,534220.5728,412549.2306,507047.0693,250050.0827,320747.3584,15171.6,22717.4358,11106.9837,54043.2751,38091.7006,849.5625
2016-02-04,535606.7186,411283.7422,493891.6769,252493.7529,314485.5411,15176.98,22959.6957,11106.9837,56001.6033,38091.7006,849.5625
2016-02-05,521301.6944,396730.6252,476503.9763,236423.9141,296212.4198,14219.34,21292.6854,11106.9837,52809.0346,38091.7006,849.5625
2016-02-06,521301.6944,396730.6252,476503.9763,236423.9141,296212.4198,14219.34,21292.6854,11106.9837,52809.0346,38091.7006,849.5625
2016-02-07,521301.6944,396730.6252,476503.9763,236423.9141,296212.4198,14219.34,21292.6854,11106.9837,52809.0346,38091.7006,849.5625
2016-02-08,526790.8316,390798.6481,476322.797,229818.0002,283916.4877,13568.36,19379.4865,11106.9837,50134.847,38091.7006,849.5625
2016-02-09,526679.9399,389770.4388,473610.6234,226978.8227,283318.7688,13713.62,19413.5339,11106.9837,49250.308,38091.7006,849.5625
2016-02-10,522687.8402,393171.4389,477686.8323,230938.6043,287474.3384,13681.34,18813.7768,11106.9837,49040.4871,38091.7006,849.5625
2016-02-11,519527.4278,393013.2529,476914.8817,237219.6371,290064.4538,13611.4,19704.2458,11106.9837,47851.5022,38091.7006,849.5625
2016-02-12,521135.3569,399419.7881,476820.4958,238754.5822,290349.0818,13842.74,19778.888,11106.9837,50052.5643,38091.7006,849.5625
2016-02-13,521135.3569,399419.7881,476820.4958,238754.5822,290349.0818,13842.74,19778.888,11106.9837,50052.5643,38091.7006,849.5625
2016-02-14,521135.3569,399419.7881,476820.4958,238754.5822,290349.0818,13842.74,19778.888,11106.9837,50052.5643,38091.7006,849.5625
2016-02-15,521135.3569,399419.7881,476820.4958,238754.5822,290349.0818,13842.74,19778.888,11106.9837,50052.5643,38091.7006,849.5625
2016-02-16,535828.5019,404086.2767,483414.1944,245355.7876,289210.5696,14520.62,20319.717,11106.9837,51936.8381,38091.7006,849.5625
2016-02-17,544034.4847,414605.6493,494399.4951,251476.7341,299428.7169,14881.08,22088.8694,11106.9837,53763.5139,38091.7006,849.5625
2016-02-18,533721.5604,412786.5097,485721.8139,247192.0715,294504.6515,16161.52,21838.7524,11106.9837,52278.3112,38091.7006,849.5625
2016-02-19,532501.7521,409860.0677,488498.915,251853.4077,297635.5601,16376.72,21813.8716,11106.9837,52936.5728,38091.7006,849.5625
2016-02-20,532501.7521,409860.0677,488498.915,251853.4077,297635.5601,16376.72,21813.8716,11106.9837,52936.5728,38091.7006,849.5625
2016-02-21,532501.7521,409860.0677,488498.915,251853.4077,297635.5601,16376.72,21813.8716,11106.9837,52936.5728,38091.7006,849.5625
2016-02-22,537159.2018,416424.789,492754.9443,263436.1219,305007.4268,16957.76,23275.2884,11106.9837,53747.0574,38091.7006,849.5625
2016-02-23,525016.565,404798.1139,485097.1208,260347.3982,300168.7498,17000.8,23205.8842,11106.9837,50022.8802,38091.7006,849.5625
2016-02-24,532834.4271,406221.7884,487615.4375,260865.3244,304210.4682,17119.16,23638.084,11106.9837,50873.7688,38091.7006,849.5625
2016-02-25,536493.8519,412074.6725,492514.534,261387.9591,307597.5421,17156.82,24751.319,11106.9837,51705.1416,38091.7006,849.5625
2016-02-26,537325.5393,405747.2303,490910.686,261425.6264,307170.6,17043.84,25135.6029,11106.9837,51954.9437,38091.7006,849.5625
2016-02-27,537325.5393,405747.2303,490910.686,261425.6264,307170.6,17043.84,25135.6029,11106.9837,51954.9437,38091.7006,849.5625
2016-02-28,537325.5393,405747.2303,490910.686,261425.6264,307170.6,17043.84,25135.6029,11106.9837,51954.9437,38091.7006,849.5625
2016-02-29,536105.731,402425.3231,485785.1144,260149.6445,304324.3195,16871.68,25345.5725,11106.9837,52290.6154,38091.7006,849.5625
2016-03-01,557396.9298,415871.1378,501488.1245,272636.3754,312578.5331,17619.5,24608.6981,11106.9837,54031.4241,38091.7006,849.5625
2016-03-02,558616.7381,418797.5798,500648.9949,273187.2606,312948.5496,17721.72,24871.4902,11106.9837,53461.5629,38091.7006,849.5625
2016-03-03,562775.1753,414051.9981,495765.8783,271906.5703,311895.4258,17565.7,25848.7071,11106.9837,53602.0766,38091.7006,849.5625
2016-03-04,571147.4957,411521.0213,494765.027,270800.0915,308508.3519,17511.9,26548.6057,11106.9837,57009.5341,38091.7006,849.5625
2016-03-05,571147.4957,411521.0213,494765.027,270800.0915,308508.3519,17511.9,26548.6057,11106.9837,57009.5341,38091.7006,849.5625
2016-03-06,571147.4957,411521.0213,494765.027,270800.0915,308508.3519,17511.9,26548.6057,11106.9837,57009.5341,38091.7006,849.5625
2016-03-07,564826.671,403611.7185,483416.5616,264989.9007,300937.2456,17398.92,27109.8451,11106.9837,56014.2286,38091.7006,849.5625
2016-03-08,560169.2213,408515.4862,483208.1109,263793.9619,301506.5017,17081.5,26754.6136,11106.9837,54499.8031,38091.7006,849.5625
2016-03-09,560668.2338,417927.5565,491148.1641,263421.9967,306003.625,17070.74,27562.7983,11106.9837,55409.2391,38091.7006,849.5625
2016-03-10,560945.4629,411679.2073,496097.9575,263167.742,305462.8317,17043.84,27095.3189,11106.9837,56388.4955,38091.7006,849.5625
2016-03-11,566989.0584,419746.6961,505308.1518,268196.335,311411.5581,17334.36,27401.6896,11106.9837,58106.4665,38091.7006,849.5625
2016-03-12,566989.0584,419746.6961,505308.1518,268196.335,311411.5581,17334.36,27401.6896,11106.9837,58106.4665,38091.7006,849.5625
2016-03-13,566989.0584,419746.6961,505308.1518,268196.335,311411.5581,17334.36,27401.6896,11106.9837,58106.4665,38091.7006,849.5625
2016-03-14,568430.65,420537.6264,508370.3746,269966.7011,312777.7728,17377.4,28411.9206,11106.9837,57840.9619,38091.7006,849.5625
2016-03-15,579852.491,423859.5335,507676.1397,271685.2745,314997.8716,17291.32,28833.1803,11106.9837,57969.8097,38091.7006,849.5625
2016-03-16,587559.4614,429870.6036,512702.0391,270390.4589,319295.7553,17807.8,29307.2625,11106.9837,58032.2814,38091.7006,849.5625
2016-03-17,586616.8822,432322.4875,513682.7138,263407.8714,315994.0698,17788.44,29894.9132,11106.9837,59172.3895,38091.7006,849.5625
2016-03-18,587282.2322,423068.6033,512641.5766,259942.474,317217.9705,18325.02,30734.7915,11106.9837,59539.4106,38091.7006,849.5625
2016-03-19,587282.2322,423068.6033,512641.5766,259942.474,317217.9705,18325.02,30734.7915,11106.9837,59539.4106,38091.7006,849.5625
2016-03-20,587282.2322,423068.6033,512641.5766,259942.474,317217.9705,18325.02,30734.7915,11106.9837,59539.4106,38091.7006,849.5625
2016-03-21,587226.7864,425995.0453,516445.1937,260837.0739,318356.4827,18379.22,31471.6659,11106.9837,59695.5898,38091.7006,849.5625
2016-03-22,591717.8986,427655.9988,515279.7151,263897.5471,319494.9949,18346.7,30932.876,11106.9837,60425.7275,38091.7006,849.5625
2016-03-23,588446.5946,426865.0686,513494.2379,268205.7518,320320.4163,18661.06,29393.0991,11106.9837,59734.6346,38091.7006,849.5625
2016-03-24,585896.0865,428763.3012,511609.8552,274477.3678,321772.0194,18688.16,30075.8304,11106.9837,59738.539,38091.7006,849.5625
2016-03-25,585896.0865,428763.3012,511609.8552,274477.3678,321772.0194,18688.16,30075.8304,11106.9837,59738.539,38091.7006,849.5625
2016-03-26,585896.0865,428763.3012,511609.8552,274477.3678,321772.0194,18688.16,30075.8304,11106.9837,59738.539,38091.7006,849.5625
2016-03-27,585896.0865,428763.3012,511609.8552,274477.3678,321772.0194,18688.16,30075.8304,11106.9837,59738.539,38091.7006,849.5625
2016-03-28,583234.6866,423464.0684,510459.9125,273027.1743,323593.639,18877.86,30407.2918,11106.9837,59777.5838,38091.7006,849.5625
2016-03-29,597040.6983,432717.9526,518620.6031,279614.2545,330567.0264,19181.38,30390.1245,11106.9837,60179.7452,38091.7006,849.5625
2016-03-30,607464.5144,435407.1155,521528.9863,281888.4215,326468.3824,19381.92,29962.262,11106.9837,61272.9995,38091.7006,849.5625
2016-03-31,604304.102,436830.79,517738.0267,279510.6692,324760.614,19311.46,30342.5842,11106.9837,60324.211,38091.7006,849.5625
2016-04-01,609848.685,439519.9529,521721.8473,281798.9615,330339.324,19593.3,31375.2647,11106.9837,61612.6893,38091.7006,849.5625
2016-04-02,609848.685,439519.9529,521721.8473,281798.9615,330339.324,19593.3,31375.2647,11106.9837,61612.6893,38091.7006,849.5625
2016-04-03,609848.685,439519.9529,521721.8473,281798.9615,330339.324,19593.3,31375.2647,11106.9837,61612.6893,38091.7006,849.5625
2016-04-04,616114.0638,438412.6506,518568.5206,279298.7903,320348.8791,19403.6,32616.5943,11106.9837,60913.7874,38091.7006,849.5625
2016-04-05,608850.6601,431531.5572,513718.6819,276418.1182,319409.6065,19376.5,33736.432,11106.9837,60531.1484,38091.7006,849.5625
2016-04-06,615226.9306,435960.7667,519652.9433,283935.2725,323650.5646,19403.6,35050.3926,11106.9837,61511.1728,38091.7006,849.5625
2016-04-07,601809.0397,430740.6269,515128.0816,278912.8325,323451.325,19293.3585,33964.8895,11106.9837,60507.7215,38091.7006,849.5625
2016-04-08,602474.3896,430424.2548,514503.7517,280407.7747,314884.0204,19418.6047,33023.3278,11106.9837,60968.4501,38091.7006,849.5625
2016-04-09,602474.3896,430424.2548,514503.7517,280407.7747,314884.0204,19418.6047,33023.3278,11106.9837,60968.4501,38091.7006,849.5625
2016-04-10,602474.3896,430424.2548,514503.7517,280407.7747,314884.0204,19418.6047,33023.3278,11106.9837,60968.4501,38091.7006,849.5625
2016-04-11,604470.4395,429554.2315,512762.8781,281034.9902,310216.1203,19538.4054,33003.5194,11106.9837,60757.6082,38091.7006,849.5625
2016-04-12,612343.7474,432243.3944,517500.7773,284449.3062,314827.0948,19516.6234,32726.2011,11106.9837,60687.3276,38091.7006,849.5625
2016-04-13,621215.0802,437779.9063,523102.4484,289943.3368,314542.4667,20006.7172,33612.2991,11106.9837,62268.6419,38091.7006,849.5625
2016-04-14,621547.7552,437858.9994,524754.6124,292739.8691,315481.7393,20061.1721,33259.7086,11106.9837,62010.9462,38091.7006,849.5625
2016-04-15,609072.4434,440152.6972,528363.4719,295163.8448,312066.2026,20219.0912,34078.0175,11106.9837,60710.7545,38091.7006,849.5625
2016-04-16,609072.4434,440152.6972,528363.4719,295163.8448,312066.2026,20219.0912,34078.0175,11106.9837,60710.7545,38091.7006,849.5625
2016-04-17,609072.4434,440152.6972,528363.4719,295163.8448,312066.2026,20219.0912,34078.0175,11106.9837,60710.7545,38091.7006,849.5625
2016-04-18,595931.7817,446559.2324,533616.4113,299625.092,314371.6899,20131.9634,33993.7712,11106.9837,60870.8381,38091.7006,849.5625
2016-04-19,592771.3694,446005.5812,525297.6442,296111.7419,319608.8462,19772.5613,33122.1017,11106.9837,58984.9745,38091.7006,849.5625
2016-04-20,593991.1776,439678.139,524409.3646,298512.1381,319978.8626,19848.7981,33470.2339,11106.9837,59828.3421,38091.7006,849.5625
2016-04-21,587559.4614,438456.8379,528415.2584,297573.6728,322882.0688,19827.0162,33245.2869,11106.9837,59094.2999,38091.7006,849.5625
2016-04-22,585951.5323,407014.9707,500076.5726,292621.9715,314684.7808,19750.7794,33976.3646,11106.9837,58696.043,38091.7006,849.5625
2016-04-23,585951.5323,407014.9707,500076.5726,292621.9715,314684.7808,19750.7794,33976.3646,11106.9837,58696.043,38091.7006,849.5625
2016-04-24,585951.5323,407014.9707,500076.5726,292621.9715,314684.7808,19750.7794,33976.3646,11106.9837,58696.043,38091.7006,849.5625
2016-04-25,582624.7825,409608.9248,503106.2035,295310.0379,313375.4917,19848.7981,33717.9433,11106.9837,58215.792,38091.7006,849.5625
2016-04-26,578577.2369,404342.412,492208.1865,290914.8135,309561.4757,19865.1346,33975.0256,11106.9837,58863.9356,38091.7006,849.5625
2016-04-27,535801.6944,400412.1786,490116.2004,286052.7143,311686.0408,20317.1099,33671.0794,11106.9837,59164.5805,38091.7006,849.5625
2016-04-28,519424.1943,392237.2932,479428.1407,283897.5452,334221.9929,19712.6609,33167.6267,11106.9837,57782.3947,38091.7006,849.5625
2016-04-29,513453.8012,392001.4792,481059.4421,311213.0123,336655.7177,19347.8134,32237.0425,11106.9837,56907.7913,38091.7006,849.5625
2016-04-30,513453.8012,392001.4792,481059.4421,311213.0123,336655.7177,19347.8134,32237.0425,11106.9837,56907.7913,38091.7006,849.5625
2016-05-01,513453.8012,392001.4792,481059.4421,311213.0123,336655.7177,19347.8134,32237.0425,11106.9837,56907.7913,38091.7006,849.5625
2016-05-02,512906.0587,397818.2246,485433.1687,322659.5589,339490.2912,19603.7512,32376.2954,11106.9837,57036.6391,38091.7006,849.5625
2016-05-03,521341.2929,391294.0371,480463.165,316747.5544,336226.2368,19369.5953,31106.9518,11106.9837,55912.149,38091.7006,849.5625
2016-05-04,515918.6424,392001.4792,482625.7174,316549.3867,338030.0564,18928.5109,29800.117,11106.9837,55470.9427,38091.7006,849.5625
2016-05-05,510715.0888,392551.7118,485798.7139,310977.0983,337314.255,19042.8661,28323.2331,11106.9837,55670.0712,38091.7006,849.5625
2016-05-06,507866.8279,396088.9219,492699.7823,317988.462,342124.4404,19238.9036,28778.4829,11106.9837,55400.6621,38091.7006,849.5625
2016-05-07,507866.8279,396088.9219,492699.7823,317988.462,342124.4404,19238.9036,28778.4829,11106.9837,55400.6621,38091.7006,849.5625
2016-05-08,507866.8279,396088.9219,492699.7823,317988.462,342124.4404,19238.9036,28778.4829,11106.9837,55400.6621,38091.7006,849.5625
2016-05-09,508250.2477,393573.5725,494612.7684,320725.0642,341408.639,19211.6762,27973.7619,11106.9837,55599.7906,38091.7006,849.5625
2016-05-10,511701.0253,401041.016,501661.0042,331728.0926,345016.2781,19581.9693,27952.9836,11106.9837,56462.6806,38091.7006,849.5625
2016-05-11,506716.5687,401276.83,495944.7919,336521.8648,342210.3366,19636.4241,27989.1487,11106.9837,56165.9401,38091.7006,849.5625
2016-05-12,494830.5569,404892.6447,494426.2149,338739.4562,344386.3729,19369.5953,27764.1211,11106.9837,55068.7813,38091.7006,849.5625
2016-05-13,495816.4933,401512.644,492481.5775,334960.1142,343040.6662,22315.6035,27808.2438,11106.9837,54682.2379,38091.7006,849.5625
2016-05-14,495816.4933,401512.644,492481.5775,334960.1142,343040.6662,22315.6035,27808.2438,11106.9837,54682.2379,38091.7006,849.5625
2016-05-15,495816.4933,401512.644,492481.5775,334960.1142,343040.6662,22315.6035,27808.2438,11106.9837,54682.2379,38091.7006,849.5625
2016-05-16,514220.6407,407407.9941,496306.9849,335309.2669,339776.6118,22974.5073,27899.3261,11106.9837,55697.4026,38091.7006,849.5625
2016-05-17,512084.445,397032.1779,489310.6877,328047.8344,335997.1804,23023.5167,27413.1071,11106.9837,55119.5396,38091.7006,849.5625
2016-05-18,517945.2896,399390.3179,489964.2003,329076.4194,336856.1421,23611.6292,28285.0866,11106.9837,56177.6536,38091.7006,849.5625
2016-05-19,515973.4166,395538.6892,485581.0936,329581.2753,334451.0493,23715.0935,28826.2229,11106.9837,55732.5429,38091.7006,849.5625
2016-05-20,521560.3899,397896.8293,491086.8898,331600.699,335997.1804,24139.8414,32134.7365,11106.9837,57290.4303,38091.7006,849.5625
2016-05-21,521560.3899,397896.8293,491086.8898,331600.699,335997.1804,24139.8414,32134.7365,11106.9837,57290.4303,38091.7006,849.5625
2016-05-22,521560.3899,397896.8293,491086.8898,331600.699,335997.1804,24139.8414,32134.7365,11106.9837,57290.4303,38091.7006,849.5625
2016-05-23,528188.0739,393259.1538,487641.9673,328746.1398,332045.9566,24177.9598,31542.4584,11106.9837,57825.344,38091.7006,849.5625
2016-05-24,536239.8884,405521.4821,498501.5797,332261.2582,336999.3023,24700.7265,31788.9978,11106.9837,59121.6312,38091.7006,849.5625
2016-05-25,545661.0591,409687.5295,502022.9123,334219.3443,337543.3114,24120.78,32032.6196,11106.9837,59961.0944,38091.7006,849.5625
2016-05-26,549988.2247,407879.6221,501227.0059,337314.5358,342067.1763,24377.1,32840.8021,11106.9837,59746.348,38091.7006,849.5625
2016-05-27,549659.5792,411259.6228,507768.3695,336054.7551,341809.4878,24510.6,32537.369,11106.9837,59855.6734,38091.7006,849.5625
2016-05-28,549659.5792,411259.6228,507768.3695,336054.7551,341809.4878,24510.6,32537.369,11106.9837,59855.6734,38091.7006,849.5625
2016-05-29,549659.5792,411259.6228,507768.3695,336054.7551,341809.4878,24510.6,32537.369,11106.9837,59855.6734,38091.7006,849.5625
2016-05-30,549659.5792,411259.6228,507768.3695,336054.7551,341809.4878,24510.6,32537.369,11106.9837,59855.6734,38091.7006,849.5625
2016-05-31,546975.641,416604.7402,509292.9329,341032.5402,340177.4606,24948.48,32876.5682,11106.9837,60269.5483,38091.7006,849.5625
2016-06-01,539307.2463,415425.6702,508590.7477,339451.9165,340091.5644,24996.54,32336.0628,11106.9837,60429.6319,38091.7006,849.5625
2016-06-02,535253.9519,412517.2975,505876.0717,343604.0026,340529.4946,25172.76,32247.6968,11106.9837,60484.2946,38091.7006,849.5625
2016-06-03,536349.4369,407093.5754,500230.9983,342330.0671,338860.4048,24820.32,32252.1151,11106.9837,63471.2216,38091.7006,849.5625
2016-06-04,536349.4369,407093.5754,500230.9983,342330.0671,338860.4048,24820.32,32252.1151,11106.9837,63471.2216,38091.7006,849.5625
2016-06-05,536349.4369,407093.5754,500230.9983,342330.0671,338860.4048,24820.32,32252.1151,11106.9837,63471.2216,38091.7006,849.5625
2016-06-06,540238.4085,409766.1341,496252.6596,342891.5424,339775.7026,24692.16,32501.0127,11106.9837,63580.547,38091.7006,849.5625
2016-06-07,542429.3784,409530.3201,496617.4228,341480.7768,336829.5878,24740.22,34218.2585,11106.9837,64361.443,38091.7006,849.5625
2016-06-08,541936.4102,409058.6921,504668.923,342849.0779,338631.5803,24660.12,34686.5983,11106.9837,63916.3323,38091.7006,849.5625
2016-06-09,545825.3818,405757.2961,504648.8289,343325.6241,339117.8323,25300.92,33779.3741,11106.9837,64920.4206,38091.7006,849.5625
2016-06-10,541333.8935,404656.8307,498302.1743,338730.0197,333568.8394,24670.8,32222.6598,11106.9837,63607.2989,38091.7006,849.5625
2016-06-11,541333.8935,404656.8307,498302.1743,338730.0197,333568.8394,24670.8,32222.6598,11106.9837,63607.2989,38091.7006,849.5625
2016-06-12,541333.8935,404656.8307,498302.1743,338730.0197,333568.8394,24670.8,32222.6598,11106.9837,63607.2989,38091.7006,849.5625
2016-06-13,533172.5305,394123.8052,497498.5085,337470.239,325931.8235,24985.86,32087.1653,11106.9837,63286.9288,38091.7006,849.5625
2016-06-14,533829.8215,391687.0605,497901.5758,339385.8606,328763.526,25033.92,31658.5902,11106.9837,62883.4999,38091.7006,849.5625
2016-06-15,532077.0456,390586.5951,497803.3806,337007.8476,327791.0221,25290.24,32062.1283,11106.9837,62650.1439,38091.7006,849.5625
2016-06-16,534322.7897,396088.9219,492123.8731,338541.2885,327190.3579,25391.7,32096.0019,11106.9837,62741.1132,38091.7006,849.5625
2016-06-17,522162.9067,394045.2005,478893.4662,333294.5614,323271.7393,24948.48,31733.7013,11106.9837,61700.8993,38091.7006,849.5625
2016-06-18,522162.9067,394045.2005,478893.4662,333294.5614,323271.7393,24948.48,31733.7013,11106.9837,61700.8993,38091.7006,849.5625
2016-06-19,522162.9067,394045.2005,478893.4662,333294.5614,323271.7393,24948.48,31733.7013,11106.9837,61700.8993,38091.7006,849.5625
2016-06-20,520903.099,393573.5725,480224.6876,336889.8906,324272.8462,25397.04,32356.6816,11106.9837,62068.7316,38091.7006,849.5625
2016-06-21,525339.813,402377.2953,481921.2713,337743.8992,327161.7549,25242.18,32343.4267,11106.9837,61625.7508,38091.7006,849.5625
2016-06-22,523367.9401,400805.202,482987.1229,335280.9572,325817.4112,25220.82,28963.4274,11106.9837,61360.7533,38091.7006,849.5625
2016-06-23,526380.5238,408036.8314,486011.6475,340697.5423,329163.9688,25893.66,28925.1355,11106.9837,62737.158,38091.7006,849.5625
2016-06-24,511591.4768,391687.0605,466753.3971,329788.8796,320583.052,24419.82,28446.4863,11106.9837,58821.524,38091.7006,849.5625
2016-06-25,511591.4768,391687.0605,466753.3971,329788.8796,320583.052,24419.82,28446.4863,11106.9837,58821.524,38091.7006,849.5625
2016-06-26,511591.4768,391687.0605,466753.3971,329788.8796,320583.052,24419.82,28446.4863,11106.9837,58821.524,38091.7006,849.5625
2016-06-27,504142.1791,380682.407,462898.3193,326202.987,311687.5016,24158.16,29241.7803,11106.9837,56808.3344,38091.7006,849.5625
2016-06-28,512632.1875,388621.4784,470457.4034,334030.6131,322356.4415,24510.6,29718.9566,11106.9837,59236.8185,38091.7006,849.5625
2016-06-29,517068.9016,397267.9919,473207.1078,337640.0971,326532.4876,24911.1,30956.0806,11106.9837,61305.3807,38091.7006,849.5625
2016-06-30,523641.8114,402220.086,478804.1223,337649.5336,326875.7243,25103.34,31263.8888,11106.9837,61463.5881,38091.7006,849.5625
2016-07-01,525230.2646,402141.4813,483561.3557,342396.123,326618.2968,24916.44,31885.3963,11106.9837,60996.8762,38091.7006,849.5625
2016-07-02,525230.2646,402141.4813,483561.3557,342396.123,326618.2968,24916.44,31885.3963,11106.9837,60996.8762,38091.7006,849.5625
2016-07-03,525230.2646,402141.4813,483561.3557,342396.123,326618.2968,24916.44,31885.3963,11106.9837,60996.8762,38091.7006,849.5625
2016-07-04,525230.2646,402141.4813,483561.3557,342396.123,326618.2968,24916.44,31885.3963,11106.9837,60996.8762,38091.7006,849.5625
2016-07-05,520300.5822,402220.086,480117.0421,343537.9467,326074.8387,25284.9,31514.2591,11106.9837,59628.3819,38091.7006,849.5625
2016-07-06,523258.3916,403870.784,482623.6595,348025.0307,333797.6639,25445.1,31582.0063,11106.9837,59576.9645,38091.7006,849.5625
2016-07-07,525504.1358,403870.784,481191.9381,347534.3296,331366.4041,26107.26,31802.9213,11106.9837,59719.3512,38091.7006,849.5625
2016-07-08,529557.4301,411102.4135,488322.459,351894.0201,335342.2289,27153.9,31926.6337,11106.9837,61360.7533,38091.7006,849.5625
2016-07-09,529557.4301,411102.4135,488322.459,351894.0201,335342.2289,27153.9,31926.6337,11106.9837,61360.7533,38091.7006,849.5625
2016-07-10,529557.4301,411102.4135,488322.459,351894.0201,335342.2289,27153.9,31926.6337,11106.9837,61360.7533,38091.7006,849.5625
2016-07-11,531200.6576,413381.9488,494804.5355,355654.489,337144.2214,27778.68,33104.847,11106.9837,62238.8046,38091.7006,849.5625
2016-07-12,533610.7245,418255.4383,498538.5021,353026.4072,337315.8398,28195.2,33085.701,11106.9837,62725.2924,38091.7006,849.5625
2016-07-13,530598.1409,420613.5783,496226.2991,350393.6072,334026.4883,28184.52,32773.4745,11106.9837,62258.5805,38091.7006,849.5625
2016-07-14,541114.7965,422421.4857,499700.1523,349718.8932,335485.2442,28472.88,32626.1978,11106.9837,63595.4333,38091.7006,849.5625
2016-07-15,541060.0222,422107.067,499241.0493,347001.164,334255.3128,28141.8,32459.7752,11106.9837,63741.7752,38091.7006,849.5625
2016-07-16,541060.0222,422107.067,499241.0493,347001.164,334255.3128,28141.8,32459.7752,11106.9837,63741.7752,38091.7006,849.5625
2016-07-17,541060.0222,422107.067,499241.0493,347001.164,334255.3128,28141.8,32459.7752,11106.9837,63741.7752,38091.7006,849.5625
2016-07-18,546811.3183,424150.7884,509963.7225,347298.4157,341434.6798,28285.98,33321.3437,11106.9837,64204.5319,38091.7006,849.5625
2016-07-19,547030.4153,417312.1822,511201.3339,349129.1082,344981.4588,28579.68,33175.5398,11106.9837,63492.5985,38091.7006,849.5625
2016-07-20,547523.3835,439478.6986,513927.161,351851.5556,348728.4591,28953.48,33632.0974,11106.9837,64339.0083,38091.7006,849.5625
2016-07-21,544620.3484,438614.0473,512134.5562,351242.8975,344981.4588,28419.48,32474.5029,11106.9837,63445.1363,38091.7006,849.5625
2016-07-22,540402.7313,444666.6067,515198.2786,351445.7835,346096.978,29193.78,32735.1826,11106.9837,63152.4525,38091.7006,849.5625
2016-07-23,540402.7313,444666.6067,515198.2786,351445.7835,346096.978,29193.78,32735.1826,11106.9837,63152.4525,38091.7006,849.5625
2016-07-24,540402.7313,444666.6067,515198.2786,351445.7835,346096.978,29193.78,32735.1826,11106.9837,63152.4525,38091.7006,849.5625
2016-07-25,533172.5305,445924.2814,513544.468,348968.6867,347898.9705,29733.12,33875.1039,11106.9837,63195.9595,38091.7006,849.5625
2016-07-26,529502.6559,446160.0954,513088.8435,347071.9382,346726.2452,30240.42,33801.4656,11106.9837,64643.5576,38091.7006,849.5625
2016-07-27,554740.1936,441679.6293,515697.647,347581.5124,352790.0931,29936.04,33651.2434,11106.9837,65521.6088,38091.7006,849.5625
2016-07-28,562230.1292,438017.3033,518454.0188,355102.4503,358916.0385,30000.12,33963.4699,11106.9837,64956.0172,38091.7006,849.5625
2016-07-29,561529.6316,441679.7856,534996.5979,359731.7485,355872.4305,30491.4,34579.0863,11106.9837,64066.1004,38091.7006,849.5625
2016-07-30,561529.6316,441679.7856,534996.5979,359731.7485,355872.4305,30491.4,34579.0863,11106.9837,64066.1004,38091.7006,849.5625
2016-07-31,561529.6316,441679.7856,534996.5979,359731.7485,355872.4305,30491.4,34579.0863,11106.9837,64066.1004,38091.7006,849.5625
2016-08-01,571444.3665,440900.5341,539558.9671,363965.2253,356934.822,30293.82,33875.1039,11106.9837,64671.2439,38091.7006,849.5625
2016-08-02,562984.5112,440900.5341,538631.5135,360570.8587,353431.8014,29925.36,33461.2565,11106.9837,64426.0223,38091.7006,849.5625
2016-08-03,570043.3713,443939.6152,539026.2565,357754.8618,351766.431,30005.46,33253.5964,11106.9837,64908.555,38091.7006,849.5625
2016-08-04,570474.4468,447212.4717,538493.0929,360660.9326,357078.3884,30560.82,33963.4699,11106.9837,66047.6485,38091.7006,849.5625
2016-08-05,579149.8398,451654.2056,545488.1591,363130.8558,359346.7378,31078.8,34203.7615,11106.9837,67285.6217,38091.7006,849.5625
2016-08-06,579149.8398,451654.2056,545488.1591,363130.8558,359346.7378,31078.8,34203.7615,11106.9837,67285.6217,38091.7006,849.5625
2016-08-07,579149.8398,451654.2056,545488.1591,363130.8558,359346.7378,31078.8,34203.7615,11106.9837,67285.6217,38091.7006,849.5625
2016-08-08,583945.5539,452433.4572,544776.1346,363405.8185,359662.5839,31367.16,33628.3211,11106.9837,66585.5538,38091.7006,849.5625
2016-08-09,586316.4688,453524.4094,546414.5049,364235.4472,359088.3182,31447.26,34062.5035,11106.9837,67700.9162,38091.7006,849.5625
2016-08-10,581951.8301,452121.7566,546891.5215,364353.9656,358571.4791,31244.34,33552.4878,11106.9837,67969.8689,38091.7006,849.5625
2016-08-11,581574.6391,454303.6609,546861.4998,365624.4827,358628.9057,31879.8,33442.4553,11106.9837,68064.7933,38091.7006,849.5625
2016-08-12,582921.7498,451498.3553,545894.4868,366250.2598,358571.4791,33663.36,33546.5401,11106.9837,68215.0904,38091.7006,849.5625
2016-08-13,582921.7498,451498.3553,545894.4868,366250.2598,358571.4791,33663.36,33546.5401,11106.9837,68215.0904,38091.7006,849.5625
2016-08-14,582921.7498,451498.3553,545894.4868,366250.2598,358571.4791,33663.36,33546.5401,11106.9837,68215.0904,38091.7006,849.5625
2016-08-15,589926.7255,452901.0081,545259.4436,364320.7804,355757.5774,33631.32,33543.5663,11106.9837,69429.3324,38091.7006,849.5625
2016-08-16,589387.8812,447602.0975,541786.0986,362211.1531,354034.7804,33428.4,33249.1549,11106.9837,68187.4041,38091.7006,849.5625
2016-08-17,588525.7304,448537.1994,544155.9621,362490.8565,357107.1017,32654.1,33194.1386,11106.9837,68436.5808,38091.7006,849.5625
2016-08-18,587771.3484,448848.9,542416.6254,362410.264,355786.2907,33161.4,33234.2856,11106.9837,68792.5475,38091.7006,849.5625
2016-08-19,589280.1124,449004.7503,540661.4539,359020.6382,354781.3257,33246.84,33455.8376,11106.9837,69188.0661,38091.7006,849.5625
2016-08-20,589280.1124,449004.7503,540661.4539,359020.6382,354781.3257,33246.84,33455.8376,11106.9837,69188.0661,38091.7006,849.5625
2016-08-21,589280.1124,449004.7503,540661.4539,359020.6382,354781.3257,33246.84,33455.8376,11106.9837,69188.0661,38091.7006,849.5625
2016-08-22,584699.9359,449394.3761,538596.0449,360049.3778,356475.4095,33385.68,33148.0439,11106.9837,69583.5847,38091.7006,849.5625
2016-08-23,586532.0065,451108.7295,538455.3513,361457.3762,357107.1017,33656.85,33432.0468,11106.9837,70141.2659,38091.7006,849.5625
2016-08-24,582113.4834,451576.2805,536602.8119,358992.1937,354551.6195,33137.9,33101.9492,11106.9837,69334.408,38091.7006,849.5625
2016-08-25,579634.7996,453290.6339,535783.8771,359926.1186,355728.8641,32918.55,32855.1195,11106.9837,69627.0917,38091.7006,849.5625
2016-08-26,576240.0806,452199.6817,536444.6926,364562.5579,358801.1854,33186.05,32710.8876,11106.9837,70070.0726,38091.7006,849.5625
2016-08-27,576240.0806,452199.6817,536444.6926,364562.5579,358801.1854,33186.05,32710.8876,11106.9837,70070.0726,38091.7006,849.5625
2016-08-28,576240.0806,452199.6817,536444.6926,364562.5579,358801.1854,33186.05,32710.8876,11106.9837,70070.0726,38091.7006,849.5625
2016-08-29,575593.4675,452745.1578,538235.2846,365648.1863,363337.8841,33164.65,31998.65,11106.9837,70164.997,38091.7006,849.5625
2016-08-30,571174.9443,451108.7295,535864.051,363889.3735,361327.9543,32972.05,31424.6966,11106.9837,70006.7896,38091.7006,849.5625
2016-08-31,571713.7886,447757.9478,534452.4347,364638.4097,362131.9262,32816.9,31524.3206,11106.9837,69777.3888,38091.7006,849.5625
2016-09-01,575108.5076,448770.9748,535583.9521,365330.5571,362275.4926,33785.25,29853.0156,11106.9837,70042.3863,38091.7006,849.5625
2016-09-02,580496.9505,449394.3761,538316.5727,366193.3709,363251.7443,33453.55,29408.4247,11106.9837,68468.2223,38091.7006,849.5625
2016-09-03,580496.9505,449394.3761,538316.5727,366193.3709,363251.7443,33453.55,29408.4247,11106.9837,68468.2223,38091.7006,849.5625
2016-09-04,580496.9505,449394.3761,538316.5727,366193.3709,363251.7443,33453.55,29408.4247,11106.9837,68468.2223,38091.7006,849.5625
2016-09-05,580496.9505,449394.3761,538316.5727,366193.3709,363251.7443,33453.55,29408.4247,11106.9837,68468.2223,38091.7006,849.5625
2016-09-06,580335.2972,448926.8252,545048.593,373982.3993,372497.4214,33769.2,30159.3224,11106.9837,67673.2299,38091.7006,849.5625
2016-09-07,583891.6695,449316.4509,545138.3798,371901.2164,376287.5748,33271.65,29992.7867,11106.9837,66803.089,38091.7006,849.5625
2016-09-08,568588.4917,447524.1723,541643.0817,371702.1055,374047.9387,33512.4,29345.9738,11106.9837,66902.3409,38091.7006,849.5625
2016-09-09,555710.1133,438017.3033,531295.4078,360362.2663,364945.828,31843.2,28916.2522,11106.9837,63882.6367,38091.7006,849.5625
2016-09-10,555710.1133,438017.3033,531295.4078,360362.2663,364945.828,31843.2,28916.2522,11106.9837,63882.6367,38091.7006,849.5625
2016-09-11,555710.1133,438017.3033,531295.4078,360362.2663,364945.828,31843.2,28916.2522,11106.9837,63882.6367,38091.7006,849.5625
2016-09-12,568157.4163,444563.0164,538041.1625,365743.0011,369511.24,32501.25,29485.7449,11106.9837,65352.7559,38091.7006,849.5625
2016-09-13,581682.4079,440510.9083,531383.07,360774.7103,365261.6741,32030.45,29151.1865,11106.9837,65654.7263,38091.7006,849.5625
2016-09-14,602266.2597,438406.9291,532969.0244,360812.6362,366869.6179,32314.0,29204.7159,11106.9837,67391.0562,38091.7006,849.5625
2016-09-15,622742.3426,445653.9686,539818.938,364889.6687,368534.9883,33539.15,29800.9732,11106.9837,68626.7509,38091.7006,849.5625
2016-09-16,619239.8547,446121.5195,537718.2718,369075.7381,370602.3447,33619.4,30541.4624,11106.9837,68038.7033,38091.7006,849.5625
2016-09-17,619239.8547,446121.5195,537718.2718,369075.7381,370602.3447,33619.4,30541.4624,11106.9837,68038.7033,38091.7006,849.5625
2016-09-18,619239.8547,446121.5195,537718.2718,369075.7381,370602.3447,33619.4,30541.4624,11106.9837,68038.7033,38091.7006,849.5625
2016-09-19,612019.3413,443627.9145,535724.2952,367454.4066,369396.3868,34063.45,30681.2335,11106.9837,67836.0652,38091.7006,849.5625
2016-09-20,611965.4569,442692.8127,539227.2095,369881.6631,369367.6736,33753.15,30428.4561,11106.9837,66842.7415,38091.7006,849.5625
2016-09-21,611857.688,450095.7025,542673.4696,374394.8433,373100.4004,34700.1,30514.6978,11106.9837,67478.4687,38091.7006,849.5625
2016-09-22,617623.3219,450563.2534,550204.2608,381486.9836,373502.3863,34785.7,30694.6158,11106.9837,67085.1125,38091.7006,849.5625
2016-09-23,607331.396,447524.1723,549774.1112,381984.7608,367415.1703,34748.25,30846.2823,11106.9837,66214.9609,38091.7006,849.5625
2016-09-24,607331.396,447524.1723,549774.1112,381984.7608,367415.1703,34748.25,30846.2823,11106.9837,66214.9609,38091.7006,849.5625
2016-09-25,607331.396,447524.1723,549774.1112,381984.7608,367415.1703,34748.25,30846.2823,11106.9837,66214.9609,38091.7006,849.5625
2016-09-26,608247.4313,443394.1391,541173.9242,378860.6161,365548.8069,34421.9,31075.2689,11106.9837,66230.8541,38091.7006,849.5625
2016-09-27,609379.0043,451576.2805,546992.0687,386896.1627,369511.24,35598.9,30602.4264,11106.9837,67887.7181,38091.7006,849.5625
2016-09-28,614013.0652,452199.6817,546244.5421,392874.2302,371061.7573,35727.3,30670.825,11106.9837,67824.1454,38091.7006,849.5625
2016-09-29,604475.5213,447290.3969,541465.1451,393030.6744,367788.443,36059.0,29842.6072,11106.9837,68523.4453,38091.7006,849.5625
2016-09-30,609163.4666,448848.9,542757.5685,396946.5219,368305.2821,36658.2,30337.7536,11106.9837,68547.285,38091.7006,849.5625
2016-10-01,609163.4666,448848.9,542757.5685,396946.5219,368305.2821,36658.2,30337.7536,11106.9837,68547.285,38091.7006,849.5625
2016-10-02,609163.4666,448848.9,542757.5685,396946.5219,368305.2821,36658.2,30337.7536,11106.9837,68547.285,38091.7006,849.5625
2016-10-03,606307.5918,446960.7286,539841.9831,396676.3,369740.9462,36620.75,31775.6111,11106.9837,67573.8278,38091.7006,849.5625
2016-10-04,608894.0444,445559.5978,542035.6176,395391.5607,368075.5758,36540.5,31435.105,11106.9837,67168.5517,38091.7006,849.5625
2016-10-05,609163.4666,448673.2218,541552.2975,400288.7405,368879.5477,36503.05,30996.4618,11106.9837,68928.7214,38091.7006,849.5625
2016-10-06,613689.7586,449451.6278,542286.4494,399008.7419,369654.8064,36026.9,29887.215,11106.9837,69210.8253,38091.7006,849.5625
2016-10-07,614605.7939,449918.6714,540874.7405,397951.5579,370372.6385,35764.75,29234.4544,11106.9837,69218.7719,38091.7006,849.5625
2016-10-08,614605.7939,449918.6714,540874.7405,397951.5579,370372.6385,35764.75,29234.4544,11106.9837,69218.7719,38091.7006,849.5625
2016-10-09,614605.7939,449918.6714,540874.7405,397951.5579,370372.6385,35764.75,29234.4544,11106.9837,69218.7719,38091.7006,849.5625
2016-10-10,625328.7952,451786.8458,549168.602,399032.4456,373961.7988,35898.5,30100.8296,11106.9837,69441.2764,38091.7006,849.5625
2016-10-11,626675.9059,445170.3948,546643.8117,393955.1179,370056.7923,35379.55,29973.5059,11106.9837,68010.8902,38091.7006,849.5625
2016-10-12,632279.8865,444547.6699,548475.9888,395420.0051,370544.9182,35540.05,30184.7135,11106.9837,67732.7596,38091.7006,849.5625
2016-10-13,630340.047,443068.6985,543095.1688,393139.7114,367013.1843,34962.25,29994.4768,11106.9837,67124.8454,38091.7006,849.5625
2016-10-14,633842.5349,446960.7286,543386.3081,390143.5665,367185.464,35304.65,29435.7503,11106.9837,67581.7744,38091.7006,849.5625
2016-10-15,633842.5349,446960.7286,543386.3081,390143.5665,367185.464,35304.65,29435.7503,11106.9837,67581.7744,38091.7006,849.5625
2016-10-16,633842.5349,446960.7286,543386.3081,390143.5665,367185.464,35304.65,29435.7503,11106.9837,67581.7744,38091.7006,849.5625
2016-10-17,633411.4595,445403.9166,544627.7078,385398.0903,366209.2124,35101.35,29053.7791,11106.9837,67101.0057,38091.7006,849.5625
2016-10-18,632980.3841,448579.6248,554935.4801,387626.236,369166.6806,35636.35,29823.7132,11106.9837,68408.2197,38091.7006,849.5625
2016-10-19,631094.4291,447568.259,559041.8253,387645.1989,373588.5262,35561.45,30491.7884,11106.9837,68289.0209,38091.7006,849.5625
2016-10-20,630771.1225,445138.821,555609.485,384151.2769,373272.6801,36235.55,29823.7132,11106.9837,68900.9083,38091.7006,849.5625
2016-10-21,628292.4388,463877.416,557268.5198,388261.4946,379216.3297,36133.9,29972.0079,11106.9837,68706.2168,38091.7006,849.5625
2016-10-22,628292.4388,463877.416,557268.5198,388261.4946,379216.3297,36133.9,29972.0079,11106.9837,68706.2168,38091.7006,849.5625
2016-10-23,628292.4388,463877.416,557268.5198,388261.4946,379216.3297,36133.9,29972.0079,11106.9837,68706.2168,38091.7006,849.5625
2016-10-24,633950.3038,474296.3857,566053.9927,397316.2993,382690.6369,37829.85,30371.9543,11106.9837,70148.5229,38091.7006,849.5625
2016-10-25,637183.3695,474218.6322,561756.5236,395936.7453,379848.0219,38450.45,30309.0414,11106.9837,68996.2674,38091.7006,849.5625
2016-10-26,616362.0583,471419.506,556532.3712,389968.1593,376258.8615,38605.6,30294.0621,11106.9837,68738.0032,38091.7006,849.5625
2016-10-27,610443.1909,467298.5702,553646.878,387962.8282,372382.5683,37813.8,30559.1951,11106.9837,68436.0328,38091.7006,849.5625
2016-10-28,606390.633,465510.2396,554359.7961,368881.284,376976.6936,37749.6,29954.0328,11106.9837,67287.7505,38091.7006,849.5625
2016-10-29,606390.633,465510.2396,554359.7961,368881.284,376976.6936,37749.6,29954.0328,11106.9837,67287.7505,38091.7006,849.5625
2016-10-30,606390.633,465510.2396,554359.7961,368881.284,376976.6936,37749.6,29954.0328,11106.9837,67287.7505,38091.7006,849.5625
2016-10-31,605430.8167,465899.0071,547290.1513,375296.0322,376115.2951,38070.6,29618.4973,11106.9837,67657.267,38091.7006,849.5625
2016-11-01,594499.575,464965.965,545536.7801,373200.5478,371837.0159,36941.75,28578.9365,11106.9837,67069.2193,38091.7006,849.5625
2016-11-02,595032.8063,462089.0853,534603.1252,363768.4921,365146.8209,36786.6,28182.5415,11106.9837,68563.1782,38091.7006,849.5625
2016-11-03,585647.9355,460378.5082,531710.9791,364466.9869,346703.2837,36358.6,28092.6068,11106.9837,68734.0299,38091.7006,849.5625
2016-11-04,580368.9456,456490.8329,531321.4476,358774.4918,348870.1792,36149.95,28563.2651,11106.9837,68408.2197,38091.7006,849.5625
2016-11-05,580368.9456,456490.8329,531321.4476,358774.4918,348870.1792,36149.95,28563.2651,11106.9837,68408.2197,38091.7006,849.5625
2016-11-06,580368.9456,456490.8329,531321.4476,358774.4918,348870.1792,36149.95,28563.2651,11106.9837,68408.2197,38091.7006,849.5625
2016-11-07,588740.677,469786.6824,545588.4897,372972.4679,352915.0509,38129.45,28960.4767,11106.9837,70311.428,38091.7006,849.5625
2016-11-08,592206.6804,470175.4499,551722.9365,374312.4375,358895.6825,38070.6,29219.7885,11106.9837,70327.3212,38091.7006,849.5625
2016-11-09,591246.8641,467842.8448,547757.9559,366771.5446,355890.9207,37428.6,28488.3195,11106.9837,68904.8816,38091.7006,849.5625
2016-11-10,574770.017,456413.0794,531261.4778,352754.1318,349014.6389,36256.95,27782.332,11106.9837,66727.5159,38091.7006,849.5625
2016-11-11,578182.6973,458901.1916,525375.3801,351152.8206,343871.8735,47063.95,28263.4827,11106.9837,66568.5841,38091.7006,849.5625
2016-11-12,578182.6973,458901.1916,525375.3801,351152.8206,343871.8735,47063.95,28263.4827,11106.9837,66568.5841,38091.7006,849.5625
2016-11-13,578182.6973,458901.1916,525375.3801,351152.8206,343871.8735,47063.95,28263.4827,11106.9837,66568.5841,38091.7006,849.5625
2016-11-14,563678.806,451903.3761,512821.5701,341677.9999,332488.4491,44747.4,27197.7563,11106.9837,65074.6252,38091.7006,849.5625
2016-11-15,571144.0441,457734.889,528116.9521,353162.775,338613.5404,46111.65,27545.5039,11106.9837,66135.495,38091.7006,849.5625
2016-11-16,586501.1056,463799.6625,531870.9538,354707.0663,336128.8335,49022.05,27569.4865,11106.9837,66683.8097,38091.7006,849.5625
2016-11-17,586287.813,471497.2595,536340.8475,359415.9666,340318.1649,49428.65,28278.4718,11106.9837,66369.9194,38091.7006,849.5625
2016-11-18,586874.3675,469242.4079,529132.9455,361202.5928,338093.4855,49947.6,27732.8679,11106.9837,66814.9284,38091.7006,849.5625
2016-11-19,586874.3675,469242.4079,529132.9455,361202.5928,338093.4855,49947.6,27732.8679,11106.9837,66814.9284,38091.7006,849.5625
2016-11-20,586874.3675,469242.4079,529132.9455,361202.5928,338093.4855,49947.6,27732.8679,11106.9837,66814.9284,38091.7006,849.5625
2016-11-21,595779.3301,473207.8367,535156.1718,370629.8969,351817.1571,49744.3,27657.9223,11106.9837,68571.1248,38091.7006,849.5625
2016-11-22,596152.5921,475229.4278,534876.9127,373162.5345,350950.3989,50477.35,30795.3267,11106.9837,70335.2678,38091.7006,849.5625
2016-11-23,593113.1737,469631.1754,530269.0061,370686.9168,349130.2067,50649.83,31112.6714,11106.9837,70359.1076,38091.7006,849.5625
2016-11-24,593113.1737,469631.1754,530269.0061,370686.9168,349130.2067,50649.83,31112.6714,11106.9837,70359.1076,38091.7006,849.5625
2016-11-25,596099.2689,470641.971,530917.4442,370805.7085,347801.1774,50752.24,31678.0927,11106.9837,70227.9888,38091.7006,849.5625
2016-11-26,596099.2689,470641.971,530917.4442,370805.7085,347801.1774,50752.24,31678.0927,11106.9837,70227.9888,38091.7006,849.5625
2016-11-27,596099.2689,470641.971,530917.4442,370805.7085,347801.1774,50752.24,31678.0927,11106.9837,70227.9888,38091.7006,849.5625
2016-11-28,594926.1601,471263.999,535118.732,364343.4436,347887.8532,50725.29,31592.7157,11106.9837,69393.5969,38091.7006,849.5625
2016-11-29,594339.6056,474996.1673,537246.8757,362323.9858,349216.8825,50261.75,30537.5847,11106.9837,69711.4605,38091.7006,849.5625
2016-11-30,589327.2314,468542.6263,528181.3322,356645.7457,342138.3571,49695.8,30510.1997,11106.9837,67740.7062,38091.7006,849.5625
2016-12-01,583834.9491,460300.7547,520748.4694,353357.5933,332546.2329,47237.96,29298.8126,11106.9837,64681.269,38091.7006,849.5625
2016-12-02,586021.1974,460689.5222,521742.4171,351784.7921,333412.9911,47674.55,29232.7663,11106.9837,65249.4502,38091.7006,849.5625
2016-12-03,586021.1974,460689.5222,521742.4171,351784.7921,333412.9911,47674.55,29232.7663,11106.9837,65249.4502,38091.7006,849.5625
2016-12-04,586021.1974,460689.5222,521742.4171,351784.7921,333412.9911,47674.55,29232.7663,11106.9837,65249.4502,38091.7006,849.5625
2016-12-05,581808.6701,468231.6123,530584.0697,360822.4596,339278.055,49523.32,30091.369,11106.9837,66008.3496,38091.7006,849.5625
2016-12-06,586287.813,466132.2676,528672.327,363369.3522,338931.3517,50337.21,29938.3348,11106.9837,65464.0081,38091.7006,849.5625
2016-12-07,592046.7111,477173.2655,538025.9067,366077.8015,340780.4359,51242.73,31114.2823,11106.9837,66969.8869,38091.7006,849.5625
2016-12-08,597858.9322,474374.1392,541140.8448,364609.5369,343554.0622,50385.72,30975.746,11106.9837,68680.4131,38091.7006,849.5625
2016-12-09,607617.065,481838.4758,550462.7114,365241.5084,345778.7416,49490.98,30958.0262,11106.9837,72051.8727,38091.7006,849.5625
2016-12-10,607617.065,481838.4758,550462.7114,365241.5084,345778.7416,49490.98,30958.0262,11106.9837,72051.8727,38091.7006,849.5625
2016-12-11,607617.065,481838.4758,550462.7114,365241.5084,345778.7416,49490.98,30958.0262,11106.9837,72051.8727,38091.7006,849.5625
2016-12-12,604151.0615,483393.5459,549959.1468,361183.5861,340260.381,48289.01,30998.2984,11106.9837,71677.7131,38091.7006,849.5625
2016-12-13,614229.1331,489691.5799,554861.9182,367940.4543,347598.9338,49140.63,31919.7258,11106.9837,72192.6854,38091.7006,849.5625
2016-12-14,614229.1331,487358.9747,556036.2654,365317.535,347310.0144,51986.55,32006.7137,11106.9837,71460.4591,38091.7006,849.5625
2016-12-15,617588.4903,486581.4397,555607.1166,361601.7327,348350.1243,53204.69,31827.9052,11106.9837,72422.0091,38091.7006,849.5625
2016-12-16,618388.3372,484404.3415,551144.9301,360066.9448,346327.6885,54120.99,32618.8507,11106.9837,71782.3169,38091.7006,849.5625
2016-12-17,618388.3372,484404.3415,551144.9301,360066.9448,346327.6885,54120.99,32618.8507,11106.9837,71782.3169,38091.7006,849.5625
2016-12-18,618388.3372,484404.3415,551144.9301,360066.9448,346327.6885,54120.99,32618.8507,11106.9837,71782.3169,38091.7006,849.5625
2016-12-19,621960.9869,494667.8043,553251.4544,363977.5654,344507.4962,54778.57,32657.512,11106.9837,72603.054,38091.7006,849.5625
2016-12-20,623614.0039,494045.7762,554935.2205,366457.9347,344074.1171,56686.63,33633.7095,11106.9837,73250.7927,38091.7006,849.5625
2016-12-21,624200.5584,494045.7762,553288.3027,366163.3314,343929.6574,57042.37,33458.1229,11106.9837,73339.3035,38091.7006,849.5625
2016-12-22,620094.6774,494123.5297,551263.507,364139.122,339191.3792,57732.29,33578.9394,11106.9837,72659.3791,38091.7006,849.5625
2016-12-23,621321.1094,491713.1711,550163.3726,361406.9144,338815.784,59171.42,34366.6631,11106.9837,72590.4898,38091.7006,849.5625
2016-12-24,621321.1094,491713.1711,550163.3726,361406.9144,338815.784,59171.42,34366.6631,11106.9837,72590.4898,38091.7006,849.5625
2016-12-25,621321.1094,491713.1711,550163.3726,361406.9144,338815.784,59171.42,34366.6631,11106.9837,72590.4898,38091.7006,849.5625
2016-12-26,621321.1094,491713.1711,550163.3726,361406.9144,338815.784,59171.42,34366.6631,11106.9837,72590.4898,38091.7006,849.5625
2016-12-27,625267.021,492024.1851,551450.5815,366543.4647,340953.7876,63235.48,35363.8022,11106.9837,72738.1126,38091.7006,849.5625
2016-12-28,622600.8645,489769.3334,547335.4645,366890.3362,337804.5661,58885.75,35397.6308,11106.9837,71892.2742,38091.7006,849.5625
2016-12-29,622440.8951,489069.5519,545960.2523,363573.6738,336157.7255,60060.77,34582.522,11106.9837,71764.6004,38091.7006,849.5625
2016-12-30,617588.4903,483160.2854,538572.1682,356313.1292,332401.7732,57532.86,34423.0442,11106.9837,70527.7613,38091.7006,849.5625
2016-12-31,617588.4903,483160.2854,538572.1682,356313.1292,332401.7732,57532.86,34423.0442,11106.9837,70527.7613,38091.7006,849.5625
2017-01-01,617588.4903,483160.2854,538572.1682,356313.1292,332401.7732,57532.86,34423.0442,11106.9837,70527.7613,38091.7006,849.5625
2017-01-02,617588.4903,483160.2854,538572.1682,356313.1292,332401.7732,57532.86,34423.0442,11106.9837,70527.7613,38091.7006,849.5625
2017-01-03,619348.1536,486581.4397,548839.0108,358118.762,337631.2144,54983.39,34954.6369,11106.9837,71154.1605,38091.7006,849.5625
2017-01-04,618654.9529,484404.3415,549042.7146,359786.5965,342918.4395,56266.21,36565.5239,11106.9837,70647.4554,38091.7006,849.5625
2017-01-05,621801.0175,484404.3415,553351.4737,370843.7218,348639.0437,54837.86,36526.8626,11106.9837,69534.3001,38091.7006,849.5625
2017-01-06,619949.0749,488603.0308,561731.1451,378227.8097,356555.4353,55570.9,36890.923,11106.9837,70455.9448,38091.7006,849.5625
2017-01-07,619949.0749,488603.0308,561731.1451,378227.8097,356555.4353,55570.9,36890.923,11106.9837,70455.9448,38091.7006,849.5625
2017-01-08,619949.0749,488603.0308,561731.1451,378227.8097,356555.4353,55570.9,36890.923,11106.9837,70455.9448,38091.7006,849.5625
2017-01-09,625627.5161,487047.9607,562546.3372,378669.7146,360860.3344,57823.92,37256.5944,11106.9837,70607.5574,38091.7006,849.5625
2017-01-10,626258.454,486892.4537,561485.2345,378185.0447,359271.2777,57387.33,37029.4593,11106.9837,72043.8867,38091.7006,849.5625
2017-01-11,629623.4562,491324.4035,563869.3447,379667.5643,364298.4753,56681.24,37006.9069,11106.9837,71585.0593,38091.7006,849.5625
2017-01-12,626994.5482,486814.7002,563191.5683,386614.4991,365829.7482,55754.16,36984.3545,11106.9837,71361.6303,38091.7006,849.5625
2017-01-13,625890.4069,487514.4817,564203.998,388277.5819,370799.1619,55748.77,38298.8383,11106.9837,71996.0091,38091.7006,849.5625
2017-01-14,625890.4069,487514.4817,564203.998,388277.5819,370799.1619,55748.77,38298.8383,11106.9837,71996.0091,38091.7006,849.5625
2017-01-15,625890.4069,487514.4817,564203.998,388277.5819,370799.1619,55748.77,38298.8383,11106.9837,71996.0091,38091.7006,849.5625
2017-01-16,625890.4069,487514.4817,564203.998,388277.5819,370799.1619,55748.77,38298.8383,11106.9837,71996.0091,38091.7006,849.5625
2017-01-17,630937.9102,486192.6721,561882.9631,384751.8463,369441.2407,54498.29,37949.2758,11106.9837,71461.3754,38091.7006,849.5625
2017-01-18,630885.332,485959.4116,562921.2632,383687.4732,369585.7004,55490.05,38397.1024,11106.9837,73819.3494,38091.7006,849.5625
2017-01-19,629781.1907,484404.3415,559994.9901,384428.733,368516.6986,56681.24,39266.9814,11106.9837,74034.7988,38091.7006,849.5625
2017-01-20,630937.9102,487825.4958,562261.5862,384091.3648,367043.2097,56061.39,39423.2374,11106.9837,76237.1705,38091.7006,849.5625
2017-01-21,630937.9102,487825.4958,562261.5862,384091.3648,367043.2097,56061.39,39423.2374,11106.9837,76237.1705,38091.7006,849.5625
2017-01-22,630937.9102,487825.4958,562261.5862,384091.3648,367043.2097,56061.39,39423.2374,11106.9837,76237.1705,38091.7006,849.5625
2017-01-23,631358.5354,489536.0729,572741.4375,388629.2052,372503.7864,56643.51,40098.199,11106.9837,76205.252,38091.7006,849.5625
2017-01-24,630780.1757,493890.2692,576057.229,390795.9646,373775.0318,57850.87,41014.7937,11106.9837,78898.3696,38091.7006,849.5625
2017-01-25,640822.6041,495134.3253,583268.3061,397486.3094,379871.2312,58098.81,40992.2413,11106.9837,80785.5468,38091.7006,849.5625
2017-01-26,641138.073,496648.3393,581498.4271,398735.9974,383627.1834,59101.35,40676.5075,11106.9837,81459.8236,38091.7006,849.5625
2017-01-27,641190.6512,508316.9093,574409.9923,397129.9345,381893.667,60244.03,40747.3865,11106.9837,82074.2534,38091.7006,849.5625
2017-01-28,641190.6512,508316.9093,574409.9923,397129.9345,381893.667,60244.03,40747.3865,11106.9837,82074.2534,38091.7006,849.5625
2017-01-29,641190.6512,508316.9093,574409.9923,397129.9345,381893.667,60244.03,40747.3865,11106.9837,82074.2534,38091.7006,849.5625
2017-01-30,639508.1501,503294.0149,561536.6974,394568.7869,378426.6341,59300.78,40373.6607,11106.9837,81080.7923,38091.7006,849.5625
2017-01-31,638035.9616,499584.8006,558319.9899,391290.1378,376519.7661,58848.02,40583.076,11106.9837,79596.5853,38091.7006,849.5625
2017-02-01,675492.03,491316.3437,556326.685,395504.8649,384927.3207,61419.05,40149.7474,11106.9837,81268.313,38091.7006,849.5625
2017-02-02,674337.7912,488148.0565,558345.8322,399116.1306,378022.147,62195.21,40521.8623,11106.9837,81411.946,38091.7006,849.5625
2017-02-03,677223.3882,492089.0967,560146.2236,384979.9262,378529.7697,61650.82,40486.4228,11106.9837,82253.7946,38091.7006,849.5625
2017-02-04,677223.3882,492089.0967,560146.2236,384979.9262,378529.7697,61650.82,40486.4228,11106.9837,82253.7946,38091.7006,849.5625
2017-02-05,677223.3882,492089.0967,560146.2236,384979.9262,378529.7697,61650.82,40486.4228,11106.9837,82253.7946,38091.7006,849.5625
2017-02-06,683571.7017,491779.9955,560568.6264,383763.4999,381650.9497,63230.09,41523.834,11106.9837,82413.3867,38091.7006,849.5625
2017-02-07,690077.4113,490157.2143,565096.5114,386072.8092,381015.1538,64211.07,41477.1183,11106.9837,82154.0495,38091.7006,849.5625
2017-02-08,692753.1467,489461.7366,565827.6043,389498.7599,387835.51,63930.79,42218.1263,11106.9837,82545.0502,38091.7006,849.5625
2017-02-09,694746.832,495025.558,566322.6779,390282.7847,387662.1111,62728.82,43365.0779,11106.9837,81926.6307,38091.7006,849.5625
2017-02-10,693172.87,494561.9063,569382.561,394839.6044,387806.6101,61241.18,43369.9105,11106.9837,81998.4471,38091.7006,849.5625
2017-02-11,693172.87,494561.9063,569382.561,394839.6044,387806.6101,61241.18,43369.9105,11106.9837,81998.4471,38091.7006,849.5625
2017-02-12,693172.87,494561.9063,569382.561,394839.6044,387806.6101,61241.18,43369.9105,11106.9837,81998.4471,38091.7006,849.5625
2017-02-13,699311.3218,500125.7277,572765.4007,399167.5419,387402.0127,58416.82,45201.489,11106.9837,82473.2338,38091.7006,849.5625
2017-02-14,708387.8361,498966.5982,573557.107,399100.738,386824.0165,58632.42,45262.7027,11106.9837,81922.6408,38091.7006,849.5625
2017-02-15,710958.6407,498657.497,572142.9242,402111.6847,385639.1241,58751.0,45066.1745,11106.9837,82185.9679,38091.7006,849.5625
2017-02-16,710092.9616,498580.2217,575618.6167,402798.8104,386795.1166,57807.75,43324.8057,11106.9837,83059.7349,38091.7006,849.5625
2017-02-17,712060.4141,499352.9747,578472.8472,403242.579,385899.2224,57796.97,43853.1766,11106.9837,84382.6163,38091.7006,849.5625
2017-02-18,712060.4141,499352.9747,578472.8472,403242.579,385899.2224,57796.97,43853.1766,11106.9837,84382.6163,38091.7006,849.5625
2017-02-19,712060.4141,499352.9747,578472.8472,403242.579,385899.2224,57796.97,43853.1766,11106.9837,84382.6163,38091.7006,849.5625
2017-02-20,712060.4141,499352.9747,578472.8472,403242.579,385899.2224,57796.97,43853.1766,11106.9837,84382.6163,38091.7006,849.5625
2017-02-21,717202.0233,498348.3958,580675.9481,408668.009,386448.3189,59866.73,44684.3943,11106.9837,85321.0476,38091.7006,849.5625
2017-02-22,719353.1047,497343.817,581012.8688,408271.9574,393384.2743,59699.64,44059.3702,11106.9837,85886.5126,38091.7006,849.5625
2017-02-23,716310.1115,499352.9747,581108.6322,406640.0339,391187.8884,54164.11,41237.0961,11106.9837,84450.7929,38091.7006,849.5625
2017-02-24,716992.1617,499352.9747,579088.3104,403323.698,391419.087,54686.94,41399.7957,11106.9837,84366.5747,38091.7006,849.5625
2017-02-25,716992.1617,499352.9747,579088.3104,403323.698,391419.087,54686.94,41399.7957,11106.9837,84366.5747,38091.7006,849.5625
2017-02-26,716992.1617,499352.9747,579088.3104,403323.698,391419.087,54686.94,41399.7957,11106.9837,84366.5747,38091.7006,849.5625
2017-02-27,718408.7275,496339.2381,579922.1983,404946.0782,394222.369,56276.99,39664.8704,11106.9837,85533.5982,38091.7006,849.5625
2017-02-28,718723.5199,494407.3557,576151.9441,403228.2639,391708.0851,54697.72,40270.5639,11106.9837,84591.1566,38091.7006,849.5625
2017-03-01,733413.8321,501825.7842,584402.362,407064.7157,397141.2502,60543.31,40420.8398,11106.9837,86279.5308,38091.7006,849.5625
2017-03-02,729059.2038,494639.1815,580480.277,405074.9142,395233.8625,58311.0,40495.2082,11106.9837,87141.7646,38091.7006,849.5625
2017-03-03,733361.3667,496493.7887,579658.8013,405537.7697,396418.7549,57975.27,40671.4289,11106.9837,87554.8348,38091.7006,849.5625
2017-03-04,733361.3667,496493.7887,579658.8013,405537.7697,396418.7549,57975.27,40671.4289,11106.9837,87554.8348,38091.7006,849.5625
2017-03-05,733361.3667,496493.7887,579658.8013,405537.7697,396418.7549,57975.27,40671.4289,11106.9837,87554.8348,38091.7006,849.5625
2017-03-06,731052.889,496648.3393,578596.3457,403977.4218,397141.2502,57527.63,40613.2276,11106.9837,87402.44,38091.7006,849.5625
2017-03-07,731997.2662,497652.9182,581371.711,403695.8911,396794.4524,58157.86,40189.6511,11106.9837,87927.8011,38091.7006,849.5625
2017-03-08,729269.0654,502212.1607,583452.847,405833.6155,398008.2446,58051.84,39911.5779,11106.9837,88080.1959,38091.7006,849.5625
2017-03-09,727590.1726,500203.003,586026.9624,407026.5421,399511.035,58040.06,39593.0872,11106.9837,89106.4791,38091.7006,849.5625
2017-03-10,730003.581,501748.509,588864.3469,406768.8699,401100.5248,58381.68,39397.466,11106.9837,90848.3922,38091.7006,849.5625
2017-03-11,730003.581,501748.509,588864.3469,406768.8699,401100.5248,58381.68,39397.466,11106.9837,90848.3922,38091.7006,849.5625
2017-03-12,730003.581,501748.509,588864.3469,406768.8699,401100.5248,58381.68,39397.466,11106.9837,90848.3922,38091.7006,849.5625
2017-03-13,730318.3734,500048.4524,590731.6094,407785.2434,403441.4098,59989.65,39798.4086,11106.9837,90888.5285,38091.7006,849.5625
2017-03-14,729216.6,497730.1935,591187.926,406802.2719,402632.215,59948.42,41710.9698,11106.9837,90045.6673,38091.7006,849.5625
2017-03-15,736929.0139,500357.5536,592569.0922,407012.227,403788.2075,60401.95,41343.9779,11106.9837,90679.82,38091.7006,849.5625
2017-03-16,738135.7181,499507.5253,593671.1604,407226.9537,404568.5025,61144.09,42365.735,11106.9837,89246.956,38091.7006,849.5625
2017-03-17,734463.1401,501284.8572,595669.3259,406697.2944,404135.0053,62475.23,42597.4985,11106.9837,88773.3483,38091.7006,849.5625
2017-03-18,734463.1401,501284.8572,595669.3259,406697.2944,404135.0053,62475.23,42597.4985,11106.9837,88773.3483,38091.7006,849.5625
2017-03-19,734463.1401,501284.8572,595669.3259,406697.2944,404135.0053,62475.23,42597.4985,11106.9837,88773.3483,38091.7006,849.5625
2017-03-20,742175.5539,501748.509,592859.8486,408920.9095,404424.0035,64466.05,42718.4022,11106.9837,88797.43,38091.7006,849.5625
2017-03-21,733676.1591,496184.6875,580510.3046,402350.27,400291.33,62380.99,40885.1904,11106.9837,86702.318,38091.7006,849.5625
2017-03-22,741965.6923,502521.2619,580078.7942,404669.3192,403412.51,63653.23,41591.401,11106.9837,87264.2255,38091.7006,849.5625
2017-03-23,739342.4223,501284.8572,572371.5285,404344.8432,403239.1111,63076.01,41553.8887,11106.9837,87039.4625,38091.7006,849.5625
2017-03-24,737873.3911,502134.8854,569757.2633,403500.2512,405579.996,63299.83,42920.6427,11106.9837,87886.3373,38091.7006,849.5625
2017-03-25,737873.3911,502134.8854,569757.2633,403500.2512,405579.996,63299.83,42920.6427,11106.9837,87886.3373,38091.7006,849.5625
2017-03-26,737873.3911,502134.8854,569757.2633,403500.2512,405579.996,63299.83,42920.6427,11106.9837,87886.3373,38091.7006,849.5625
2017-03-27,739132.5607,503062.189,572721.1066,404077.6276,405522.1964,63759.25,44072.1085,11106.9837,87918.4463,38091.7006,849.5625
2017-03-28,754452.4576,504530.4197,573923.7789,408458.054,409683.7697,63429.41,45251.2626,11106.9837,88681.0349,38091.7006,849.5625
2017-03-29,756131.3504,505921.375,580775.775,417199.8198,412255.8532,63223.26,45239.8459,11106.9837,88825.5254,38091.7006,849.5625
2017-03-30,755134.5078,507775.9822,580684.0177,418163.7044,411562.2576,64436.6,45327.9182,11106.9837,88315.7951,38091.7006,849.5625
2017-03-31,753717.942,508935.1117,579426.0709,423030.8448,410521.8643,64159.77,45389.8951,11106.9837,87882.3236,38091.7006,849.5625
2017-04-01,753717.942,508935.1117,579426.0709,423030.8448,410521.8643,64159.77,45389.8951,11106.9837,87882.3236,38091.7006,849.5625
2017-04-02,753717.942,508935.1117,579426.0709,423030.8448,410521.8643,64159.77,45389.8951,11106.9837,87882.3236,38091.7006,849.5625
2017-04-03,753927.8036,506539.5774,585629.1075,425402.3828,411186.56,63835.82,48687.7164,11106.9837,87818.1057,38091.7006,849.5625
2017-04-04,759541.6014,507930.5328,582813.0942,432712.6368,409597.0702,59359.42,49532.5589,11106.9837,87882.3236,38091.7006,849.5625
2017-04-05,755606.6964,506616.8527,580467.8048,433881.7048,409943.868,58917.67,48113.615,11106.9837,87147.8303,38091.7006,849.5625
2017-04-06,753717.942,507930.5328,577935.6624,428632.8279,407978.6806,59347.64,48717.0739,11106.9837,87296.3345,38091.7006,849.5625
2017-04-07,752039.0492,507544.1563,575785.1757,427010.4478,406851.5879,59649.8959,49343.3664,11106.9837,87597.3563,38091.7006,849.5625
2017-04-08,752039.0492,507544.1563,575785.1757,427010.4478,406851.5879,59649.8959,49343.3664,11106.9837,87597.3563,38091.7006,849.5625
2017-04-09,752039.0492,507544.1563,575785.1757,427010.4478,406851.5879,59649.8959,49343.3664,11106.9837,87597.3563,38091.7006,849.5625
2017-04-10,751147.1374,506385.0268,575679.0919,432812.8426,407602.983,58127.8812,50949.8718,11106.9837,87505.0429,38091.7006,849.5625
2017-04-11,743067.4657,505998.6503,574583.7788,430579.6841,404366.2038,58335.9692,50349.6749,11106.9837,87316.4026,38091.7006,849.5625
2017-04-12,743959.3775,504066.7679,575450.1459,428351.7172,403383.6101,57854.3942,48413.7135,11106.9837,83965.0261,38091.7006,849.5625
2017-04-13,740024.4725,501903.0595,574757.8493,422826.6334,402834.5137,56772.3369,49581.488,11106.9837,84815.9145,38091.7006,849.5625
2017-04-14,740024.4725,501903.0595,574757.8493,422826.6334,402834.5137,56772.3369,49581.488,11106.9837,84815.9145,38091.7006,849.5625
2017-04-15,740024.4725,501903.0595,574757.8493,422826.6334,402834.5137,56772.3369,49581.488,11106.9837,84815.9145,38091.7006,849.5625
2017-04-16,740024.4725,501903.0595,574757.8493,422826.6334,402834.5137,56772.3369,49581.488,11106.9837,84815.9145,38091.7006,849.5625
2017-04-17,744116.7737,505998.6503,584597.9549,431104.7001,409745.2102,58995.9053,49163.9597,11106.9837,85839.3887,38091.7006,849.5625
2017-04-18,740811.4535,505303.1727,584102.5239,431960.2278,408412.4228,59031.5775,48969.8743,11106.9837,85530.3396,38091.7006,849.5625
2017-04-19,738083.2527,502598.5372,585426.1048,429771.224,412207.9695,59263.4469,49829.3954,11106.9837,85743.0617,38091.7006,849.5625
2017-04-20,747317.1632,506153.2009,587846.295,431138.1565,416640.9364,60202.8153,49670.3269,11106.9837,87581.3018,38091.7006,849.5625
2017-04-21,746425.2513,513107.9777,588054.54,429450.9986,416293.2527,60452.5209,50177.6864,11106.9837,87360.5525,38091.7006,849.5625
2017-04-22,746425.2513,513107.9777,588054.54,429450.9986,416293.2527,60452.5209,50177.6864,11106.9837,87360.5525,38091.7006,849.5625
2017-04-23,746425.2513,513107.9777,588054.54,429450.9986,416293.2527,60452.5209,50177.6864,11106.9837,87360.5525,38091.7006,849.5625
2017-04-24,753613.0112,521840.0864,601717.1646,433695.1806,421479.5342,61207.5828,50576.6778,11106.9837,88797.43,38091.7006,849.5625
2017-04-25,758282.4318,524853.823,608432.0112,433795.5498,424434.8454,62271.8041,51522.4353,11106.9837,89584.1005,38091.7006,849.5625
2017-04-26,753822.8728,524158.3453,608316.9997,434593.7236,424637.6609,61843.7374,50928.053,11106.9837,88974.0295,38091.7006,849.5625
2017-04-27,754399.9922,527079.535,609988.8024,438938.2748,427940.6558,62806.8873,50675.1942,11106.9837,89539.9506,38091.7006,849.5625
2017-04-28,753665.4766,528546.4328,632643.0521,442122.5526,435328.9339,62010.2078,51568.4096,11106.9837,88624.8442,38091.7006,849.5625
2017-04-29,753665.4766,528546.4328,632643.0521,442122.5526,435328.9339,62010.2078,51568.4096,11106.9837,88624.8442,38091.7006,849.5625
2017-04-30,753665.4766,528546.4328,632643.0521,442122.5526,435328.9339,62010.2078,51568.4096,11106.9837,88624.8442,38091.7006,849.5625
2017-05-01,769037.8389,535880.9217,637758.2149,453230.703,441732.1082,63401.4243,53006.749,11106.9837,88829.539,38091.7006,849.5625
2017-05-02,773917.1212,535031.6651,640578.9805,452614.1147,442659.2647,61522.6874,52359.8247,11106.9837,90487.166,38091.7006,849.5625
2017-05-03,766747.2875,533333.1519,648155.6317,449789.2795,439819.848,61980.4809,51067.6179,11106.9837,90266.4166,38091.7006,849.5625
2017-05-04,763983.9523,531248.613,651881.4988,448116.3653,437190.0077,61742.6661,48512.7592,11106.9837,89664.373,38091.7006,849.5625
2017-05-05,776653.5832,532715.5107,648776.7861,446500.8081,435422.1197,61748.6115,50629.2199,11106.9837,90888.5285,38091.7006,849.5625
2017-05-06,776653.5832,532715.5107,648776.7861,446500.8081,435422.1197,61748.6115,50629.2199,11106.9837,90888.5285,38091.7006,849.5625
2017-05-07,776653.5832,532715.5107,648776.7861,446500.8081,435422.1197,61748.6115,50629.2199,11106.9837,90888.5285,38091.7006,849.5625
2017-05-08,797769.6345,532252.2799,654134.918,453617.8632,437798.6248,61100.5662,50438.7549,11106.9837,90338.6619,38091.7006,849.5625
2017-05-09,802879.1976,533024.3313,652709.6742,455424.6106,436117.6822,61201.6375,52748.9644,11106.9837,91695.267,38091.7006,849.5625
2017-05-10,799073.0945,535108.8703,650852.8783,453574.8454,435567.0285,72111.3912,53420.6372,11106.9837,92847.1772,38091.7006,849.5625
2017-05-11,802670.644,528546.4328,651864.5328,452939.138,434842.4843,75208.9289,53072.406,11106.9837,92750.8503,38091.7006,849.5625
2017-05-12,813880.3996,527928.7917,652223.9093,459501.7415,435682.9556,76035.3353,53353.2906,11106.9837,94705.4854,38091.7006,849.5625
2017-05-13,813880.3996,527928.7917,652223.9093,459501.7415,435682.9556,76035.3353,53353.2906,11106.9837,94705.4854,38091.7006,849.5625
2017-05-14,813880.3996,527928.7917,652223.9093,459501.7415,435682.9556,76035.3353,53353.2906,11106.9837,94705.4854,38091.7006,849.5625
2017-05-15,811794.8637,528314.8174,655335.2675,457886.1844,435277.2108,79852.2628,51886.4488,11106.9837,95937.6682,38091.7006,849.5625
2017-05-16,810595.6805,535880.9217,659260.1805,461757.7859,434088.9582,81338.6052,52072.0626,11106.9837,96599.9162,38091.7006,849.5625
2017-05-17,783379.4366,520980.3285,643389.0309,451572.1281,419800.9454,75934.264,50281.6286,11106.9837,92786.9729,38091.7006,849.5625
2017-05-18,795319.1298,522756.0468,649999.8413,458134.7316,427944.8229,79115.0369,51423.2356,11106.9837,95387.8016,38091.7006,849.5625
2017-05-19,798030.3265,522601.6366,652729.7915,458779.9985,429104.0937,80857.0303,51056.9358,11106.9837,93958.9512,38091.7006,849.5625
2017-05-20,798030.3265,522601.6366,652729.7915,458779.9985,429104.0937,80857.0303,51056.9358,11106.9837,93958.9512,38091.7006,849.5625
2017-05-21,798030.3265,522601.6366,652729.7915,458779.9985,429104.0937,80857.0303,51056.9358,11106.9837,93958.9512,38091.7006,849.5625
2017-05-22,802879.1976,528469.2277,658664.3102,463956.4731,429625.7656,82581.1893,50978.091,11106.9837,95676.7826,38091.7006,849.5625
2017-05-23,801888.568,530244.9461,663324.702,464372.3118,429133.0755,81532.85,49912.0436,11106.9837,94938.2756,38091.7006,849.5625
2017-05-24,799490.2017,530939.7924,667867.5472,468583.2759,434842.4843,82449.15,50956.7372,11106.9837,96166.4448,38091.7006,849.5625
2017-05-25,802253.5368,537502.2298,677847.2442,474811.2966,440406.9842,82264.7,52042.4958,11106.9837,96672.1615,38091.7006,849.5625
2017-05-26,800897.9384,540127.2048,679015.2924,475958.4378,440899.6743,84394.8,53407.4964,11106.9837,96812.6383,38091.7006,849.5625
2017-05-27,800897.9384,540127.2048,679015.2924,475958.4378,440899.6743,84394.8,53407.4964,11106.9837,96812.6383,38091.7006,849.5625
2017-05-28,800897.9384,540127.2048,679015.2924,475958.4378,440899.6743,84394.8,53407.4964,11106.9837,96812.6383,38091.7006,849.5625
2017-05-29,800897.9384,540127.2048,679015.2924,475958.4378,440899.6743,84394.8,53407.4964,11106.9837,96812.6383,38091.7006,849.5625
2017-05-30,801210.7688,543601.4364,681580.8839,476398.1753,441624.2186,86197.65,55043.526,11106.9837,96254.7445,38091.7006,849.5625
2017-05-31,796466.1746,539200.743,674580.9523,475403.9862,438957.8957,85888.25,56014.3026,11106.9837,96118.2813,38091.7006,849.5625
2017-06-01,798655.9873,541208.0769,675740.8343,476039.6936,439160.7681,85894.2,55909.1762,11106.9837,94155.6189,38091.7006,849.5625
2017-06-02,810491.4037,554024.1312,681461.0715,481192.2695,445188.9763,85465.8,55823.761,11106.9837,102158.7863,38091.7006,849.5625
2017-06-03,810491.4037,554024.1312,681461.0715,481192.2695,445188.9763,85465.8,55823.761,11106.9837,102158.7863,38091.7006,849.5625
2017-06-04,810491.4037,554024.1312,681461.0715,481192.2695,445188.9763,85465.8,55823.761,11106.9837,102158.7863,38091.7006,849.5625
2017-06-05,802566.3672,558038.7988,686947.6146,483395.7365,445246.9399,88065.95,57050.7832,11106.9837,101227.6253,38091.7006,849.5625
2017-06-06,805277.5639,559891.7223,682000.3735,479409.4209,442870.4347,87667.3,57959.141,11106.9837,101889.8734,38091.7006,849.5625
2017-06-07,810074.2966,558888.0554,685248.6418,482788.7076,443768.8696,88726.4,59076.109,11106.9837,102058.4456,38091.7006,849.5625
2017-06-08,808093.0374,555491.029,686976.0499,482884.3027,448376.9711,95164.3,60776.2,11106.9837,103660.7887,38091.7006,849.5625
2017-06-09,776757.86,542906.5901,663560.8327,467608.2059,433567.2864,89012.0,58693.3832,11106.9837,98940.2484,38091.7006,849.5625
2017-06-10,776757.86,542906.5901,663560.8327,467608.2059,433567.2864,89012.0,58693.3832,11106.9837,98940.2484,38091.7006,849.5625
2017-06-11,776757.86,542906.5901,663560.8327,467608.2059,433567.2864,89012.0,58693.3832,11106.9837,98940.2484,38091.7006,849.5625
2017-06-12,758196.5901,538737.5122,658323.7517,461203.3343,430205.401,89232.15,58970.9826,11106.9837,98667.8313,38091.7006,849.5625
2017-06-13,764296.7827,545454.3599,665005.7308,468793.5851,436697.3176,90083.0,61753.547,11106.9837,98777.6113,38091.7006,849.5625
2017-06-14,756841.0144,542520.5701,663201.9942,466728.7355,435451.0864,90273.4,62527.2116,11106.9837,97801.7919,38091.7006,849.5625
2017-06-15,752304.9736,539663.9797,657581.5621,460849.6369,434146.9068,90660.15,61653.3484,11106.9837,96764.9807,38091.7006,849.5625
2017-06-16,741773.0168,540436.0312,656143.0071,472101.1801,436581.3754,90213.9,61006.164,11106.9837,96057.5095,38091.7006,849.5625
2017-06-17,741773.0168,540436.0312,656143.0071,472101.1801,436581.3754,90213.9,61006.164,11106.9837,96057.5095,38091.7006,849.5625
2017-06-18,741773.0168,540436.0312,656143.0071,472101.1801,436581.3754,90213.9,61006.164,11106.9837,96057.5095,38091.7006,849.5625
2017-06-19,762993.3456,547152.879,667992.8719,475666.8773,443044.31,93605.4,60743.348,11106.9837,98049.8134,38091.7006,849.5625
2017-06-20,756058.9384,539741.1848,663494.301,474433.7006,441247.4403,93468.55,61144.1424,11106.9837,97578.166,38091.7006,849.5625
2017-06-21,760542.8408,542520.5701,669846.0637,479041.3844,446058.4141,94884.65,61827.464,11106.9837,99663.9862,38091.7006,849.5625
2017-06-22,759291.5192,542443.365,668338.807,478596.8671,444580.3438,94230.15,62847.5186,11106.9837,99224.8662,38091.7006,849.5625
2017-06-23,762680.5152,549777.854,674530.2391,479763.1274,449420.2993,91528.85,62985.497,11106.9837,99720.9092,38091.7006,849.5625
2017-06-24,762680.5152,549777.854,674530.2391,479763.1274,449420.2993,91528.85,62985.497,11106.9837,99720.9092,38091.7006,849.5625
2017-06-25,762680.5152,549777.854,674530.2391,479763.1274,449420.2993,91528.85,62985.497,11106.9837,99720.9092,38091.7006,849.5625
2017-06-26,760282.1488,544527.904,665097.7282,475098.0865,445130.9974,90529.25,62006.5074,11106.9837,98700.3617,38091.7006,849.5625
2017-06-27,749385.2232,534336.8245,648147.4509,466876.9079,436407.4848,87215.1,59522.8962,11106.9837,95683.4443,38091.7006,849.5625
2017-06-28,760334.2872,538891.9282,657173.7733,473353.4759,444116.6355,90291.25,60979.8824,11106.9837,98009.1542,38091.7006,849.5625
2017-06-29,749124.5312,528778.0539,641313.6894,466470.6287,437740.6462,87274.6,59256.795,11106.9837,95158.9398,38091.7006,849.5625
2017-06-30,750897.2368,532175.0804,635341.9558,462680.283,437566.7556,86013.2,59398.0586,11106.9837,94756.4131,38091.7006,849.5625
2017-07-01,750897.2368,532175.0804,635341.9558,462680.283,437566.7556,86013.2,59398.0586,11106.9837,94756.4131,38091.7006,849.5625
2017-07-02,750897.2368,532175.0804,635341.9558,462680.283,437566.7556,86013.2,59398.0586,11106.9837,94756.4131,38091.7006,849.5625
2017-07-03,748186.04,526307.4892,628342.6884,455826.1144,430176.4044,82901.35,57921.3612,11106.9837,93418.7234,38091.7006,849.5625
2017-07-04,748186.04,526307.4892,628342.6884,455826.1144,430176.4044,82901.35,57921.3612,11106.9837,93418.7234,38091.7006,849.5625
2017-07-05,751262.2056,533333.1576,637274.8846,464305.3997,435711.9224,85114.75,53727.8034,11106.9837,94170.9197,38091.7006,849.5625
2017-07-06,744171.3832,529395.6951,633946.8489,461313.2731,431306.6934,85370.6,50728.4158,11106.9837,95565.5325,38091.7006,849.5625
2017-07-07,751731.4512,536266.9532,642570.5276,467823.2994,438899.917,87322.2,51449.5172,11106.9837,97427.7267,38091.7006,849.5625
2017-07-08,751731.4512,536266.9532,642570.5276,467823.2994,438899.917,87322.2,51449.5172,11106.9837,97427.7267,38091.7006,849.5625
2017-07-09,751731.4512,536266.9532,642570.5276,467823.2994,438899.917,87322.2,51449.5172,11106.9837,97427.7267,38091.7006,849.5625
2017-07-10,756319.6304,540281.6209,649626.8567,476288.2455,444870.1615,91451.5,51914.373,11106.9837,98301.9009,38091.7006,849.5625
2017-07-11,758770.1352,540358.826,650917.5068,475169.7828,449999.9347,92748.6,53749.1572,11106.9837,97944.0994,38091.7006,849.5625
2017-07-12,759865.0416,549314.6231,660547.4026,481087.1195,460520.317,96693.45,54126.9552,11106.9837,100192.5566,38091.7006,849.5625
2017-07-13,770449.1368,554101.3422,662163.5465,478276.6236,461563.6607,95574.85,53123.3266,11106.9837,100554.4241,38091.7006,849.5625
2017-07-14,777070.7136,561899.0621,668024.3587,478840.6347,463621.3664,98145.25,53841.1428,11106.9837,101766.0701,38091.7006,849.5625
2017-07-15,777070.7136,561899.0621,668024.3587,478840.6347,463621.3664,98145.25,53841.1428,11106.9837,101766.0701,38091.7006,849.5625
2017-07-16,777070.7136,561899.0621,668024.3587,478840.6347,463621.3664,98145.25,53841.1428,11106.9837,101766.0701,38091.7006,849.5625
2017-07-17,779781.9104,566299.7555,666766.9171,482774.373,462925.8039,97728.75,52492.5682,11106.9837,101249.6975,38091.7006,849.5625
2017-07-18,782493.1072,565913.7298,674736.0723,489662.0,471997.0978,98746.2,53916.7024,11106.9837,102005.9598,38091.7006,849.5625
2017-07-19,787394.1168,570237.218,678639.7698,490818.7007,475706.7642,98234.5,53427.2076,11106.9837,103437.1658,38091.7006,849.5625
2017-07-20,783848.7056,573016.6033,677438.1817,491693.3958,476837.0533,99662.5,54192.6592,11106.9837,103042.771,38091.7006,849.5625
2017-07-21,783483.7368,568773.32,679735.6625,490245.1301,476547.2356,100019.5,53942.984,11106.9837,102912.6613,38091.7006,849.5625
2017-07-22,783483.7368,568773.32,679735.6625,490245.1301,476547.2356,100019.5,53942.984,11106.9837,102912.6613,38091.7006,849.5625
2017-07-23,783483.7368,568773.32,679735.6625,490245.1301,476547.2356,100019.5,53942.984,11106.9837,102912.6613,38091.7006,849.5625
2017-07-24,792972.9256,567308.8,685033.093,496592.6447,481097.3734,98859.25,56262.3352,11106.9837,102880.1339,38091.7006,849.5625
2017-07-25,796361.9216,571856.52,664615.3726,497032.3821,479010.686,98383.25,55782.696,11106.9837,103396.5066,38091.7006,849.5625
2017-07-26,800115.8864,570777.4,662342.3138,503212.6053,479967.0844,99519.7,56480.801,11106.9837,104498.3726,38091.7006,849.5625
2017-07-27,784995.7504,563917.28,653135.5879,499962.372,494991.2658,96235.3,54938.3996,11106.9837,102034.4213,38091.7006,849.5625
2017-07-28,779469.08,562992.32,657769.6267,490006.3225,500828.7009,97812.05,55038.5982,11106.9837,101798.5975,38091.7006,849.5625
2017-07-29,779469.08,562992.32,657769.6267,490006.3225,500828.7009,97812.05,55038.5982,11106.9837,101798.5975,38091.7006,849.5625
2017-07-30,779469.08,562992.32,657769.6267,490006.3225,500828.7009,97812.05,55038.5982,11106.9837,101798.5975,38091.7006,849.5625
2017-07-31,775454.4232,560371.6,649548.2943,474509.2793,491535.2718,96693.45,53133.1822,11106.9837,100290.1389,38091.7006,849.5625
2017-08-01,782336.692,559446.64,650011.7092,478549.271,493306.8318,97871.55,52492.5682,11106.9837,100993.5441,38091.7006,849.5625
2017-08-02,811663.9279,556564.1499,650195.6672,478405.1572,491680.4817,97812.05,53530.6914,11106.9837,103014.3095,38091.7006,849.5625
2017-08-03,803554.52,555716.9031,645332.7022,474096.1529,489618.5021,99055.6,57013.0034,11106.9837,101766.0701,38091.7006,849.5625
2017-08-04,807790.0069,559799.0924,648698.4953,474413.2034,492609.8246,99489.95,59563.6392,11106.9837,101310.6864,38091.7006,849.5625
2017-08-05,807790.0069,559799.0924,648698.4953,474413.2034,492609.8246,99489.95,59563.6392,11106.9837,101310.6864,38091.7006,849.5625
2017-08-06,807790.0069,559799.0924,648698.4953,474413.2034,492609.8246,99489.95,59563.6392,11106.9837,101310.6864,38091.7006,849.5625
2017-08-07,820289.8587,557642.4641,649205.4293,476666.1833,499463.7285,102548.25,59273.2558,11106.9837,102640.2443,38091.7006,849.5625
2017-08-08,826849.6982,560646.3392,647749.5403,475498.8611,497285.5811,101328.5,60950.4701,11106.9837,102201.1242,38091.7006,849.5625
2017-08-09,831911.6217,558181.6212,644983.4881,471737.4895,497140.3712,102405.45,60668.4311,11106.9837,101310.6864,38091.7006,849.5625
2017-08-10,802263.213,550017.2425,633866.0712,459684.7674,486162.5082,98020.3,59311.6398,11106.9837,97870.9127,38091.7006,849.5625
2017-08-11,813420.1054,558412.6885,638611.1225,465002.5687,488137.3618,92796.2,59723.8507,11106.9837,99277.7232,38091.7006,849.5625
2017-08-12,813420.1054,558412.6885,638611.1225,465002.5687,488137.3618,92796.2,59723.8507,11106.9837,99277.7232,38091.7006,849.5625
2017-08-13,813420.1054,558412.6885,638611.1225,465002.5687,488137.3618,92796.2,59723.8507,11106.9837,99277.7232,38091.7006,849.5625
2017-08-14,825661.6958,566808.1344,644528.2581,472357.1791,495891.5667,100198.0,60713.4906,11106.9837,102018.1575,38091.7006,849.5625
2017-08-15,834700.8448,563958.3041,644087.8242,472088.1665,496617.6159,99353.1,60468.1667,11106.9837,103148.4851,38091.7006,849.5625
2017-08-16,831343.4466,567270.2691,647838.3862,469897.6359,493713.4193,98264.25,60564.9612,11106.9837,103038.7051,38091.7006,849.5625
2017-08-17,815382.8921,557642.4641,636563.5669,461438.1526,484739.4518,96074.65,58730.873,11106.9837,100408.0507,38091.7006,849.5625
2017-08-18,813523.41,558335.666,635972.5077,460429.3557,486191.5501,96092.5,57986.557,11106.9837,101392.0049,38091.7006,849.5625
2017-08-19,813523.41,558335.666,635972.5077,460429.3557,486191.5501,96092.5,57986.557,11106.9837,101392.0049,38091.7006,849.5625
2017-08-20,813523.41,558335.666,635972.5077,460429.3557,486191.5501,96092.5,57986.557,11106.9837,101392.0049,38091.7006,849.5625
2017-08-21,812025.4939,555716.9031,632776.3025,457940.9898,487266.1029,94694.25,56384.4418,11106.9837,101493.653,38091.7006,849.5625
2017-08-22,825300.1298,563496.1695,645751.319,464478.955,492667.9085,96717.25,56966.8775,11106.9837,103758.374,38091.7006,849.5625
2017-08-23,826333.1754,560107.1822,647310.064,460203.5773,489967.0057,99480.0,58872.727,11106.9837,104461.7793,38091.7006,849.5625
2017-08-24,822665.8636,559876.1148,643356.1186,457537.471,487149.935,99114.0,58899.4289,11106.9837,103701.451,38091.7006,849.5625
2017-08-25,825713.3481,560877.4066,639299.9028,454083.5422,483025.9759,98286.0,58085.0204,11106.9837,99855.0847,38091.7006,849.5625
2017-08-26,825713.3481,560877.4066,639299.9028,454083.5422,483025.9759,98286.0,58085.0204,11106.9837,99855.0847,38091.7006,849.5625
2017-08-27,825713.3481,560877.4066,639299.9028,454083.5422,483025.9759,98286.0,58085.0204,11106.9837,99855.0847,38091.7006,849.5625
2017-08-28,834029.3652,560954.429,637765.4508,454448.6307,485697.8367,98982.0,57686.1604,11106.9837,98903.658,38091.7006,849.5625
2017-08-29,841467.2935,562648.9227,642993.2127,458310.882,488050.2359,98820.0,57969.8683,11106.9837,98285.6372,38091.7006,849.5625
2017-08-30,843739.9938,570043.0769,648601.6167,464810.4169,493481.0836,99408.0,58941.1507,11106.9837,100029.9196,38091.7006,849.5625
2017-08-31,847097.392,575896.7823,655959.072,471060.1544,499434.6866,101664.0,59395.0833,11106.9837,102489.805,38091.7006,849.5625
2017-09-01,847355.6534,569503.9198,654175.0316,469931.2625,499579.8964,102276.0,59311.6398,11106.9837,102758.1561,38091.7006,849.5625
2017-09-02,847355.6534,569503.9198,654175.0316,469931.2625,499579.8964,102276.0,59311.6398,11106.9837,102758.1561,38091.7006,849.5625
2017-09-03,847355.6534,569503.9198,654175.0316,469931.2625,499579.8964,102276.0,59311.6398,11106.9837,102758.1561,38091.7006,849.5625
2017-09-04,847355.6534,569503.9198,654175.0316,469931.2625,499579.8964,102276.0,59311.6398,11106.9837,102758.1561,38091.7006,849.5625
2017-09-05,837180.1542,566962.1793,647494.3484,463695.9364,495804.4408,99546.0,58342.0263,11106.9837,101261.8952,38091.7006,849.5625
2017-09-06,836302.0655,565344.7081,647430.3881,464911.2966,499783.1901,99486.0,57497.5781,11106.9837,101396.0708,38091.7006,849.5625
2017-09-07,832944.6673,572584.8174,652983.5964,470517.3255,503035.8903,99948.0,58512.2511,11106.9837,100587.3097,38091.7006,849.5625
2017-09-08,819360.1176,569812.0096,646747.8328,463998.5755,496472.406,98214.0,57308.9958,11106.9837,99591.8401,38091.7006,849.5625
2017-09-09,819360.1176,569812.0096,646747.8328,463998.5755,496472.406,98214.0,57308.9958,11106.9837,99591.8401,38091.7006,849.5625
2017-09-10,819360.1176,569812.0096,646747.8328,463998.5755,496472.406,98214.0,57308.9958,11106.9837,99591.8401,38091.7006,849.5625
2017-09-11,834184.322,575819.7599,648310.3451,469791.9524,503907.1493,101400.0,60695.133,11106.9837,101072.8052,38091.7006,849.5625
2017-09-12,830878.5761,575203.5804,650501.045,472011.3058,502309.8412,101766.0,60538.2593,11106.9837,100828.0175,38091.7006,849.5625
2017-09-13,824628.6502,579285.7697,652841.1695,480187.3652,502571.2189,102222.0,61119.026,11106.9837,100460.8361,38091.7006,849.5625
2017-09-14,817552.2878,575896.7823,645820.1058,476637.3606,496501.448,101640.0,63023.2067,11106.9837,100750.5015,38091.7006,849.5625
2017-09-15,825816.6526,580055.9941,642473.9947,474033.7036,498476.3017,108066.0,63385.3515,11106.9837,102219.2271,38091.7006,849.5625
2017-09-16,825816.6526,580055.9941,642473.9947,474033.7036,498476.3017,108066.0,63385.3515,11106.9837,102219.2271,38091.7006,849.5625
2017-09-17,825816.6526,580055.9941,642473.9947,474033.7036,498476.3017,108066.0,63385.3515,11106.9837,102219.2271,38091.7006,849.5625
2017-09-18,819566.7268,578900.6575,638728.2634,467980.9217,493742.4612,112530.0,64251.495,11106.9837,101921.4022,38091.7006,849.5625
2017-09-19,819876.6404,581057.2858,643543.2513,465900.8784,501031.9947,112410.0,62599.3137,11106.9837,101896.9235,38091.7006,849.5625
2017-09-20,806137.134,577206.1638,650605.3357,467510.1497,500015.5259,111504.0,62400.7182,11106.9837,99102.2649,38091.7006,849.5625
2017-09-21,792294.3229,571583.5257,650931.5688,463398.1011,496937.0775,108456.0,61160.7478,11106.9837,98070.0771,38091.7006,849.5625
2017-09-22,784546.4809,573123.9745,648096.4909,458810.4767,495281.6854,107400.0,58592.3568,11106.9837,97604.9807,38091.7006,849.5625
2017-09-23,784546.4809,573123.9745,648096.4909,458810.4767,495281.6854,107400.0,58592.3568,11106.9837,97604.9807,38091.7006,849.5625
2017-09-24,784546.4809,573123.9745,648096.4909,458810.4767,495281.6854,107400.0,58592.3568,11106.9837,97604.9807,38091.7006,849.5625
2017-09-25,777625.0754,564266.3939,642401.6566,451455.8663,473006.4976,102600.0,57574.3461,11106.9837,96083.2177,38091.7006,849.5625
2017-09-26,791003.0159,564266.3939,644858.9772,450884.2147,476898.1211,103176.0,57617.7368,11106.9837,96801.2613,38091.7006,849.5625
2017-09-27,796633.1144,568810.7178,659373.5324,456778.4713,486975.6832,105438.0,56903.4604,11106.9837,98151.673,38091.7006,849.5625
2017-09-28,791726.1478,568964.7627,662812.6991,459434.9701,490025.0896,105408.0,56674.8252,11106.9837,99114.5043,38091.7006,849.5625
2017-09-29,796064.9394,573740.154,669246.1542,461812.8487,496240.0703,107262.0,56925.1557,11106.9837,98951.3125,38091.7006,849.5625
2017-09-30,796064.9394,573740.154,669246.1542,461812.8487,496240.0703,107262.0,56925.1557,11106.9837,98951.3125,38091.7006,849.5625
2017-10-01,796064.9394,573740.154,669246.1542,461812.8487,496240.0703,107262.0,56925.1557,11106.9837,98951.3125,38091.7006,849.5625
2017-10-02,794463.7187,574664.4233,665067.8839,460775.2289,492174.1951,107400.0,56996.9171,11106.9837,98106.7953,38091.7006,849.5625
2017-10-03,797924.4214,571968.6379,668228.6428,459771.2357,493597.2514,107622.0,58100.0402,11106.9837,97711.0553,38091.7006,849.5625
2017-10-04,792759.1934,575280.6028,664255.6414,463782.4047,489124.7887,108522.0,59246.5539,11106.9837,98731.0037,38091.7006,849.5625
2017-10-05,802624.7789,585139.4751,676963.2858,471180.2492,497314.623,108462.0,59299.9577,11106.9837,99412.3292,38091.7006,849.5625
2017-10-06,802159.9084,585370.5424,682996.3339,475373.9624,500189.7777,108780.0,59558.6326,11106.9837,100256.8465,38091.7006,849.5625
2017-10-07,802159.9084,585370.5424,682996.3339,475373.9624,500189.7777,108780.0,59558.6326,11106.9837,100256.8465,38091.7006,849.5625
2017-10-08,802159.9084,585370.5424,682996.3339,475373.9624,500189.7777,108780.0,59558.6326,11106.9837,100256.8465,38091.7006,849.5625
2017-10-09,804949.1315,587604.1932,681866.8851,476051.2976,500973.9107,111234.0,57232.2278,11106.9837,100534.2724,38091.7006,849.5625
2017-10-10,805259.0452,587604.1932,678782.8398,474230.6592,498331.0918,113358.0,59343.3483,11106.9837,100358.8413,38091.7006,849.5625
2017-10-11,808616.4434,588605.4849,690705.1977,477977.6194,501670.9179,114564.0,59178.1302,11106.9837,102158.0302,38091.7006,849.5625
2017-10-12,805775.568,593997.0557,690177.9743,480826.27,501119.1206,114618.0,59358.3682,11106.9837,101480.7845,38091.7006,849.5625
2017-10-13,810889.1437,596846.8859,691578.7917,481791.8328,504575.1145,116754.0,59340.0106,11106.9837,101162.5606,38091.7006,849.5625
2017-10-14,810889.1437,596846.8859,691578.7917,481791.8328,504575.1145,116754.0,59340.0106,11106.9837,101162.5606,38091.7006,849.5625
2017-10-15,810889.1437,596846.8859,691578.7917,481791.8328,504575.1145,116754.0,59340.0106,11106.9837,101162.5606,38091.7006,849.5625
2017-10-16,825816.6526,598079.245,692916.1319,483425.1231,506840.3878,118758.0,58510.5822,11106.9837,100636.2673,38091.7006,849.5625
2017-10-17,828864.1372,598640.4407,693513.5955,484765.382,511458.0604,118650.0,59370.0503,11106.9837,98983.9509,38091.7006,849.5625
2017-10-18,825196.8253,598794.7493,694307.0804,478938.3784,511225.7247,118548.0,60020.9096,11106.9837,99546.9624,38091.7006,849.5625
2017-10-19,805672.2634,601109.3792,687697.7556,473947.2353,506956.5557,118680.0,58712.5155,11106.9837,99665.2764,38091.7006,849.5625
2017-10-20,807066.875,608053.2688,690128.8241,472169.8311,508176.3183,118140.0,57592.7037,11106.9837,99644.8774,38091.7006,849.5625
2017-10-21,807066.875,608053.2688,690128.8241,472169.8311,508176.3183,118140.0,57592.7037,11106.9837,99644.8774,38091.7006,849.5625
2017-10-22,807066.875,608053.2688,690128.8241,472169.8311,508176.3183,118140.0,57592.7037,11106.9837,99644.8774,38091.7006,849.5625
2017-10-23,806653.6568,608207.5775,676515.2052,464190.7273,497401.7489,117972.0,56244.2567,11106.9837,99657.1168,38091.7006,849.5625
2017-10-24,811457.3188,608439.0405,678239.8954,468802.3706,498940.9731,119208.0,56297.6606,11106.9837,101048.3264,38091.7006,849.5625
2017-10-25,807893.3115,606664.4909,680230.9163,467366.0359,495455.9372,116196.0,54378.4601,11106.9837,100289.4848,38091.7006,849.5625
2017-10-26,813058.5395,607601.1238,679932.1637,467135.4537,495543.0631,117414.0,54433.5328,11106.9837,99449.0473,38091.7006,849.5625
2017-10-27,842190.4254,646559.8042,712824.8825,530517.1711,516598.4884,121116.0,53549.0317,11106.9837,103177.9786,38091.7006,849.5625
2017-10-28,842190.4254,646559.8042,712824.8825,530517.1711,516598.4884,121116.0,53549.0317,11106.9837,103177.9786,38091.7006,849.5625
2017-10-29,842190.4254,646559.8042,712824.8825,530517.1711,516598.4884,121116.0,53549.0317,11106.9837,103177.9786,38091.7006,849.5625
2017-10-30,861146.8122,647176.9715,711845.4276,535287.7056,522377.8396,122304.0,53417.191,11106.9837,106576.4466,38091.7006,849.5625
2017-10-31,873130.1411,641699.6124,711641.155,532603.6776,522929.6369,124086.0,55328.0471,11106.9837,107669.8313,38091.7006,849.5625
2017-11-01,862024.9009,641699.5962,718020.7534,531832.6821,530480.548,124320.0,53584.078,11106.9837,105784.9667,38091.7006,849.5625
2017-11-02,868326.4791,648411.2895,718171.2689,527274.1713,519907.3012,123564.0,49942.6036,11106.9837,105870.6424,38091.7006,849.5625
2017-11-03,885668.82,649105.6026,723004.0196,535649.1097,519907.3012,125214.0,51443.628,11106.9837,111635.3906,38091.7006,849.5625
2017-11-04,885668.82,649105.6026,723004.0196,535649.1097,519907.3012,125214.0,51443.628,11106.9837,111635.3906,38091.7006,849.5625
2017-11-05,885668.82,649105.6026,723004.0196,535649.1097,519907.3012,125214.0,51443.628,11106.9837,111635.3906,38091.7006,849.5625
2017-11-06,894653.866,651651.4173,718197.3069,540014.8716,523539.5621,125778.0,50887.3263,11106.9837,113222.4303,38091.7006,849.5625
2017-11-07,897529.0807,650108.4993,724093.3929,541224.3708,523772.0268,127218.0,51436.9054,11106.9837,110692.9583,38091.7006,849.5625
2017-11-08,904871.1469,652345.7304,728423.9861,545903.3496,521767.0188,125496.0,51157.9141,11106.9837,111133.576,38091.7006,849.5625
2017-11-09,903022.7946,648719.8731,721818.4699,544096.329,521011.5085,123192.0,50922.6203,11106.9837,108375.6356,38091.7006,849.5625
2017-11-10,896810.277,647022.6633,719479.7668,542274.8521,518570.6292,129684.0,50922.6203,11106.9837,108098.2096,38091.7006,849.5625
2017-11-11,896810.277,647022.6633,719479.7668,542274.8521,518570.6292,129684.0,50922.6203,11106.9837,108098.2096,38091.7006,849.5625
2017-11-12,896810.277,647022.6633,719479.7668,542274.8521,518570.6292,129684.0,50922.6203,11106.9837,108098.2096,38091.7006,849.5625
2017-11-13,893216.2586,647485.5387,717665.0912,544115.6038,519471.4299,127578.0,53008.3318,11106.9837,108118.6086,38091.7006,849.5625
2017-11-14,879713.0181,648411.2895,717899.934,547811.5634,517437.3638,128508.0,51882.2829,11106.9837,107404.6447,38091.7006,849.5625
2017-11-15,868109.473,640156.6782,714318.3391,542920.5609,517088.6667,125988.0,52319.2571,11106.9837,108359.3164,38091.7006,849.5625
2017-11-16,878480.7832,641853.888,722522.342,548028.4059,521854.1931,126966.0,52520.9375,11106.9837,111015.262,38091.7006,849.5625
2017-11-17,873603.1868,635682.216,713472.1406,544457.7331,520139.7659,126816.0,52949.5084,11106.9837,110913.2672,38091.7006,849.5625
2017-11-18,873603.1868,635682.216,713472.1406,544457.7331,520139.7659,126816.0,52949.5084,11106.9837,110913.2672,38091.7006,849.5625
2017-11-19,873603.1868,635682.216,713472.1406,544457.7331,520139.7659,126816.0,52949.5084,11106.9837,110913.2672,38091.7006,849.5625
2017-11-20,872730.3538,636685.1127,712811.4945,542737.4494,519384.2556,128448.0,51889.0056,11106.9837,112145.3648,38091.7006,849.5625
2017-11-21,888954.7797,645865.4748,723853.5101,549088.5247,528450.3789,130926.3,53413.3733,11106.9837,112843.0095,38091.7006,849.5625
2017-11-22,898299.2275,641159.5749,724923.1393,557121.3338,525573.6283,130247.58,52537.7442,11106.9837,112345.2747,38091.7006,849.5625
2017-11-23,898299.2275,641159.5749,724923.1393,557121.3338,525573.6283,130247.58,52537.7442,11106.9837,112345.2747,38091.7006,849.5625
2017-11-24,898350.5706,642316.7634,728137.8791,571500.3996,531123.723,131477.76,53033.5419,11106.9837,115205.21,38091.7006,849.5625
2017-11-25,898350.5706,642316.7634,728137.8791,571500.3996,531123.723,131477.76,53033.5419,11106.9837,115205.21,38091.7006,849.5625
2017-11-26,898350.5706,642316.7634,728137.8791,571500.3996,531123.723,131477.76,53033.5419,11106.9837,115205.21,38091.7006,849.5625
2017-11-27,893832.3761,647022.6633,738195.3917,576237.203,531850.1751,129768.84,53245.3063,11106.9837,116119.0837,38091.7006,849.5625
2017-11-28,888595.3778,654814.3992,732852.8794,575162.6281,530077.6318,127690.26,53369.6759,11106.9837,113173.4728,38091.7006,849.5625
2017-11-29,870163.1978,642933.9306,714910.2369,559583.7007,508894.286,119030.52,51687.3252,11106.9837,110766.3946,38091.7006,849.5625
2017-11-30,882331.5172,649337.0403,714427.6074,567043.0819,514851.194,121630.26,51907.493,11106.9837,113393.7817,38091.7006,849.5625
2017-12-01,878224.0676,650031.3534,706663.0838,560104.1226,508807.1118,119794.08,51517.5775,11106.9837,110790.8734,38091.7006,849.5625
2017-12-02,878224.0676,650031.3534,706663.0838,560104.1226,508807.1118,119794.08,51517.5775,11106.9837,110790.8734,38091.7006,849.5625
2017-12-03,878224.0676,650031.3534,706663.0838,560104.1226,508807.1118,119794.08,51517.5775,11106.9837,110790.8734,38091.7006,849.5625
2017-12-04,871806.1776,625498.9572,698129.5278,546418.9528,498259.026,113115.96,51294.0484,11106.9837,107547.4375,38091.7006,849.5625
2017-12-05,870984.6877,629433.3981,703030.3667,550090.8188,502210.9259,113770.44,51041.9479,11106.9837,106747.798,38091.7006,849.5625
2017-12-06,867750.0711,638613.7602,712187.2005,555285.4009,511596.6882,114691.56,52648.6684,11106.9837,107661.6717,38091.7006,849.5625
2017-12-07,869341.7078,636376.5291,720681.7063,558870.5298,523452.3879,116345.94,52309.1731,11106.9837,107661.6717,38091.7006,849.5625
2017-12-08,869598.4234,649259.8944,724512.3359,559935.4674,520139.7659,116042.94,52962.9537,11106.9837,106037.9139,38091.7006,849.5625
2017-12-09,869598.4234,649259.8944,724512.3359,559935.4674,520139.7659,116042.94,52962.9537,11106.9837,106037.9139,38091.7006,849.5625
2017-12-10,869598.4234,649259.8944,724512.3359,559935.4674,520139.7659,116042.94,52962.9537,11106.9837,106037.9139,38091.7006,849.5625
2017-12-11,886541.653,657514.5057,726856.4549,563270.0228,520255.9982,117963.96,55278.917,11106.9837,106054.2331,38091.7006,849.5625
2017-12-12,881561.3704,660214.6122,725595.431,561419.6336,514211.916,115649.04,57315.889,11106.9837,105544.2589,38091.7006,849.5625
2017-12-13,884487.9282,658440.2565,726487.0398,560961.8551,518105.6998,112825.08,56979.755,11106.9837,106902.8301,38091.7006,849.5625
2017-12-14,884231.2126,653348.6271,731629.0193,565843.2202,518367.2226,113000.82,56788.1586,11106.9837,105805.3657,38091.7006,849.5625
2017-12-15,893216.2586,670012.1415,741914.7245,568194.7564,523568.6202,116085.36,57722.6112,11106.9837,108412.3537,38091.7006,849.5625
2017-12-16,893216.2586,670012.1415,741914.7245,568194.7564,523568.6202,116085.36,57722.6112,11106.9837,108412.3537,38091.7006,849.5625
2017-12-17,893216.2586,670012.1415,741914.7245,568194.7564,523568.6202,116085.36,57722.6112,11106.9837,108412.3537,38091.7006,849.5625
2017-12-18,905795.323,666386.2842,750957.464,573707.3741,525428.3378,119927.4,56952.8643,11106.9837,107865.6614,38091.7006,849.5625
2017-12-19,896142.8165,662143.2597,746839.1136,572165.3832,521621.7284,118842.66,55646.9837,11106.9837,107584.1556,38091.7006,849.5625
2017-12-20,895167.2972,659751.7368,742700.215,567462.3107,516914.3182,119260.8,55290.6817,11106.9837,108375.6356,38091.7006,849.5625
2017-12-21,898555.9431,659597.445,741335.7727,566084.1563,515635.7623,118709.34,55741.1012,11106.9837,107060.5681,38091.7006,849.5625
2017-12-22,898555.9431,659674.5909,739386.1549,563000.1744,514909.3101,118333.62,54655.3884,11106.9837,107396.2453,38091.7006,849.5625
2017-12-23,898555.9431,659674.5909,739386.1549,563000.1744,514909.3101,118333.62,54655.3884,11106.9837,107396.2453,38091.7006,849.5625
2017-12-24,898555.9431,659674.5909,739386.1549,563000.1744,514909.3101,118333.62,54655.3884,11106.9837,107396.2453,38091.7006,849.5625
2017-12-25,898555.9431,659674.5909,739386.1549,563000.1744,514909.3101,118333.62,54655.3884,11106.9837,107396.2453,38091.7006,849.5625
2017-12-26,875759.5978,658825.986,737156.7901,567047.9007,511393.2816,119648.64,53325.9784,11106.9837,105656.4548,38091.7006,849.5625
2017-12-27,867851.7536,661217.5089,732589.5963,569698.1976,516129.7498,119485.02,52376.3999,11106.9837,106074.0045,38091.7006,849.5625
2017-12-28,870293.5405,661294.6548,730763.1506,571548.5868,517001.4924,119624.4,53001.6091,11106.9837,106606.1757,38091.7006,849.5625
2017-12-29,860882.4869,659906.0286,729293.5361,563535.0525,512759.0117,117261.0,52327.6605,11106.9837,105165.2198,38091.7006,849.5625
2017-12-30,860882.4869,659906.0286,729293.5361,563535.0525,512759.0117,117261.0,52327.6605,11106.9837,105165.2198,38091.7006,849.5625
2017-12-31,860882.4869,659906.0286,729293.5361,563535.0525,512759.0117,117261.0,52327.6605,11106.9837,105165.2198,38091.7006,849.5625
2018-01-01,860882.4869,659906.0286,729293.5361,563535.0525,512759.0117,117261.0,52327.6605,11106.9837,105165.2198,38091.7006,849.5625
2018-01-02,876296.2666,663069.0105,742606.2347,572950.8348,527171.8231,120806.1,53870.5155,11106.9837,109303.8744,38091.7006,849.5625
2018-01-03,876143.6549,666154.8465,755018.4704,580270.4731,536615.7015,128756.82,53319.2558,11106.9837,110499.2129,38091.7006,849.5625
2018-01-04,880213.2997,672017.9349,757845.071,582867.7642,535627.7265,129435.54,52877.2395,11106.9837,110536.0555,38091.7006,849.5625
2018-01-05,890234.8,680349.6921,768425.4471,592288.3652,542950.3646,130532.4,53206.6509,11106.9837,111191.0355,38091.7006,849.5625
2018-01-06,890234.8,680349.6921,768425.4471,592288.3652,542950.3646,130532.4,53206.6509,11106.9837,111191.0355,38091.7006,849.5625
2018-01-07,890234.8,680349.6921,768425.4471,592288.3652,542950.3646,130532.4,53206.6509,11106.9837,111191.0355,38091.7006,849.5625
2018-01-08,886928.2136,681044.0052,771443.7422,600831.9588,547105.6711,134532.0,56539.4195,11106.9837,111457.1211,38091.7006,849.5625
2018-01-09,886826.4725,680581.1298,770733.144,603641.2736,545914.2895,134495.64,56082.2772,11106.9837,109913.8245,38091.7006,849.5625
2018-01-10,886622.9902,677495.2938,768518.9173,604426.7253,545827.1152,135550.08,56268.8316,11106.9837,107592.7393,38091.7006,849.5625
2018-01-11,891659.1757,679501.0872,770218.9905,615196.5684,545623.7086,135792.48,56798.2427,11106.9837,107867.0122,38091.7006,849.5625
2018-01-12,900866.747,691227.264,782448.5277,628939.5628,521214.9151,135125.88,56507.4867,11106.9837,108190.4085,38091.7006,849.5625
2018-01-13,900866.747,691227.264,782448.5277,628939.5628,521214.9151,135125.88,56507.4867,11106.9837,108190.4085,38091.7006,849.5625
2018-01-14,900866.747,691227.264,782448.5277,628939.5628,521214.9151,135125.88,56507.4867,11106.9837,108190.4085,38091.7006,849.5625
2018-01-15,900866.747,691227.264,782448.5277,628939.5628,521214.9151,135125.88,56507.4867,11106.9837,108190.4085,38091.7006,849.5625
2018-01-16,896288.3966,681584.0265,782278.1172,628775.7263,518367.2226,133386.66,57152.864,11106.9837,107764.6715,38091.7006,849.5625
2018-01-17,911091.7296,695393.1426,788793.3169,624024.4666,516071.6336,136180.32,58346.1397,11106.9837,108812.6395,38091.7006,849.5625
2018-01-18,911905.6586,695084.559,786969.2073,623214.9214,522464.4129,136010.64,57910.8462,11106.9837,110445.9958,38091.7006,849.5625
2018-01-19,907836.0138,694313.1,792271.9374,623822.0803,526794.0679,139446.66,58826.8113,11106.9837,109050.0697,38091.7006,849.5625
2018-01-20,907836.0138,694313.1,792271.9374,623822.0803,526794.0679,139446.66,58826.8113,11106.9837,109050.0697,38091.7006,849.5625
2018-01-21,907836.0138,694313.1,792271.9374,623822.0803,526794.0679,139446.66,58826.8113,11106.9837,109050.0697,38091.7006,849.5625
2018-01-22,900408.912,706733.5899,805746.2665,639593.7566,538649.7676,141616.14,59085.6345,11106.9837,107413.317,38091.7006,849.5625
2018-01-23,900612.3942,708970.821,814892.7922,656570.1133,550214.8864,144779.46,59574.5889,11106.9837,107737.061,38091.7006,849.5625
2018-01-24,886266.8963,708353.6538,811185.107,654146.2963,542078.6219,142894.8,58409.4066,11106.9837,105261.8542,38091.7006,849.5625
2018-01-25,870446.1522,712288.0947,816963.1447,663995.7635,544781.0241,143228.1,57016.2539,11106.9837,101340.0449,38091.7006,849.5625
2018-01-26,872480.9746,725634.3354,820747.6222,675608.883,552103.6621,147457.98,57896.051,11106.9837,102774.3534,38091.7006,849.5625
2018-01-27,872480.9746,725634.3354,820747.6222,675608.883,552103.6621,147457.98,57896.051,11106.9837,102774.3534,38091.7006,849.5625
2018-01-28,872480.9746,725634.3354,820747.6222,675608.883,552103.6621,147457.98,57896.051,11106.9837,102774.3534,38091.7006,849.5625
2018-01-29,854421.9258,724554.2928,820303.0968,683140.5451,540422.311,149591.1,59024.0825,11106.9837,100594.2045,38091.7006,849.5625
2018-01-30,849385.7403,715451.0766,812936.5066,692845.4507,543734.9329,147088.32,58397.5859,11106.9837,98754.1915,38091.7006,849.5625
2018-01-31,851725.7861,731557.3329,816828.4984,699143.52,543066.5969,148954.8,59831.2668,11106.9837,101643.2987,38091.7006,849.5625
2018-02-01,853506.2557,725782.4882,815790.2413,669802.3233,560926.5964,145743.0,58976.7998,11106.9837,97856.7242,38091.7006,849.5625
2018-02-02,814379.0865,706687.0015,774899.6147,692249.0663,552763.5442,141513.12,58048.0313,11106.9837,96500.2781,38091.7006,849.5625
2018-02-03,814379.0865,706687.0015,774899.6147,692249.0663,552763.5442,141513.12,58048.0313,11106.9837,96500.2781,38091.7006,849.5625
2018-02-04,814379.0865,706687.0015,774899.6147,692249.0663,552763.5442,141513.12,58048.0313,11106.9837,96500.2781,38091.7006,849.5625
2018-02-05,794032.2944,677581.784,735692.7376,672908.9844,526560.4374,129502.2,56254.6637,11106.9837,93475.9361,38091.7006,849.5625
2018-02-06,827216.3394,703222.0947,752571.6682,698489.2079,538325.6905,136701.48,56396.512,11106.9837,98508.31,38091.7006,849.5625
2018-02-07,809508.034,689978.4507,731274.1608,685873.3747,523423.0366,138652.8,58259.115,11106.9837,97278.9027,38091.7006,849.5625
2018-02-08,787233.1169,654559.4029,698347.3962,653786.7506,498440.0301,131817.12,53231.9444,11106.9837,94078.3457,38091.7006,849.5625
2018-02-09,793626.3733,678967.7467,724299.4229,648509.9823,511599.6835,140640.48,52419.6941,11106.9837,96508.4741,38091.7006,849.5625
2018-02-10,793626.3733,678967.7467,724299.4229,648509.9823,511599.6835,140640.48,52419.6941,11106.9837,96508.4741,38091.7006,849.5625
2018-02-11,793626.3733,678967.7467,724299.4229,648509.9823,511599.6835,140640.48,52419.6941,11106.9837,96508.4741,38091.7006,849.5625
2018-02-12,825592.6552,686282.5501,732254.8534,671083.9003,512471.1837,138186.18,53316.3779,11106.9837,100155.7158,38091.7006,849.5625
2018-02-13,833863.2964,691672.4052,732179.3566,684774.4514,503000.8812,140973.78,54655.4932,11106.9837,100754.0274,38091.7006,849.5625
2018-02-14,849237.5558,699218.2023,744725.6873,702463.7279,521505.7361,146300.52,54427.5228,11106.9837,101491.6718,38091.7006,849.5625
2018-02-15,877753.5089,713462.8194,758132.9955,707648.5158,522783.9364,149379.0,56412.5544,11106.9837,103200.548,38091.7006,849.5625
2018-02-16,874912.0616,708380.9424,761437.1171,701321.2349,515230.9344,147767.04,56653.1898,11106.9837,101995.7288,38091.7006,849.5625
2018-02-17,874912.0616,708380.9424,761437.1171,701321.2349,515230.9344,147767.04,56653.1898,11106.9837,101995.7288,38091.7006,849.5625
2018-02-18,874912.0616,708380.9424,761437.1171,701321.2349,515230.9344,147767.04,56653.1898,11106.9837,101995.7288,38091.7006,849.5625
2018-02-19,874912.0616,708380.9424,761437.1171,701321.2349,515230.9344,147767.04,56653.1898,11106.9837,101995.7288,38091.7006,849.5625
2018-02-20,871969.1341,713924.7932,766901.5446,710838.7822,511309.1834,150942.48,56531.6056,11106.9837,102465.7784,38091.7006,849.5625
2018-02-21,868011.4039,704454.048,773487.9123,717892.2238,516828.6849,146355.06,56283.3711,11106.9837,102055.2914,38091.7006,849.5625
2018-02-22,875267.2425,706301.9983,770489.9579,719063.7632,519966.0857,146742.9,58456.6894,11106.9837,102354.9469,38091.7006,849.5625
2018-02-23,890489.2815,724242.5157,783872.8689,726160.7745,532457.5889,149033.58,59468.286,11106.9837,104144.6705,38091.7006,849.5625
2018-02-24,890489.2815,724242.5157,783872.8689,726160.7745,532457.5889,149033.58,59468.286,11106.9837,104144.6705,38091.7006,849.5625
2018-02-25,890489.2815,724242.5157,783872.8689,726160.7745,532457.5889,149033.58,59468.286,11106.9837,104144.6705,38091.7006,849.5625
2018-02-26,908096.1066,734714.2339,795230.4513,736786.9272,537221.7902,149427.48,60375.3864,11106.9837,103832.7003,38091.7006,849.5625
2018-02-27,905153.1791,725320.4867,777293.1358,731960.3786,527141.4375,149112.36,59289.2101,11106.9837,103364.7451,38091.7006,849.5625
2018-02-28,903783.1956,722009.5757,767855.2421,732187.9089,518019.7352,146652.0,57949.675,11106.9837,101168.6393,38091.7006,849.5625
2018-03-01,887952.275,714925.7663,744243.1436,722989.8725,511105.8334,140487.05,55900.6761,11106.9837,99875.6051,38091.7006,849.5625
2018-03-02,894091.8307,716465.7249,751851.111,726281.8013,513081.2339,143106.7,56608.4506,11106.9837,102978.8872,38091.7006,849.5625
2018-03-03,894091.8307,716465.7249,751851.111,726281.8013,513081.2339,143106.7,56608.4506,11106.9837,102978.8872,38091.7006,849.5625
2018-03-04,894091.8307,716465.7249,751851.111,726281.8013,513081.2339,143106.7,56608.4506,11106.9837,102978.8872,38091.7006,849.5625
2018-03-05,897186.9787,721008.6027,759754.0916,737590.5451,524062.1367,142568.25,56309.4623,11106.9837,101382.0926,38091.7006,849.5625
2018-03-06,896425.8767,718544.6689,763272.8365,744382.5689,522261.0363,146506.8,55439.5246,11106.9837,103015.8311,38091.7006,849.5625
2018-03-07,888104.4954,722702.5571,773268.6063,747945.5977,533677.6893,146313.2,56132.0964,11106.9837,101410.8267,38091.7006,849.5625
2018-03-08,897795.8602,727091.439,783993.2881,751266.573,529697.8382,145913.9,55591.5526,11106.9837,101369.778,38091.7006,849.5625
2018-03-09,913220.8597,743338.0019,806830.5252,764351.9902,538093.2904,148424.65,55265.5371,11106.9837,104240.6388,38091.7006,849.5625
2018-03-10,913220.8597,743338.0019,806830.5252,764351.9902,538093.2904,148424.65,55265.5371,11106.9837,104240.6388,38091.7006,849.5625
2018-03-11,913220.8597,743338.0019,806830.5252,764351.9902,538093.2904,148424.65,55265.5371,11106.9837,104240.6388,38091.7006,849.5625
2018-03-12,922049.6424,745108.9543,810134.3953,773792.0802,536727.94,151104.8,58363.5288,11106.9837,107962.0517,38091.7006,849.5625
2018-03-13,913170.1196,726937.4432,791927.023,768849.3459,528361.5379,149864.55,57743.5926,11106.9837,107296.6335,38091.7006,849.5625
2018-03-14,905406.8797,722625.5592,799044.3739,770214.5282,535072.0896,150487.7,55174.3203,11106.9837,107037.8598,38091.7006,849.5625
2018-03-15,906472.4225,725166.4908,799631.7669,766012.4778,534113.4394,150850.7,55000.3328,11106.9837,109982.9515,38091.7006,849.5625
2018-03-16,903275.7943,728400.4038,789248.4789,760861.5774,537686.5903,151540.4,54282.423,11106.9837,104688.3584,38091.7006,849.5625
2018-03-17,903275.7943,728400.4038,789248.4789,760861.5774,537686.5903,151540.4,54282.423,11106.9837,104688.3584,38091.7006,849.5625
2018-03-18,903275.7943,728400.4038,789248.4789,760861.5774,537686.5903,151540.4,54282.423,11106.9837,104688.3584,38091.7006,849.5625
2018-03-19,889474.4789,715233.758,764782.6227,747911.7102,501286.9308,145805.0,52966.5367,11106.9837,100613.6987,38091.7006,849.5625
2018-03-20,889170.0381,717081.7083,762620.0829,768040.8869,488475.8775,150995.9,52458.0877,11106.9837,99549.8511,38091.7006,849.5625
2018-03-21,869026.2065,712076.843,759490.7258,765789.7885,492078.0784,150378.8,53468.2289,11106.9837,101044.9883,38091.7006,849.5625
2018-03-22,856747.0951,691364.4002,730733.1636,747906.8692,479005.575,146319.25,52213.1538,11106.9837,100046.861,38091.7006,849.5625
2018-03-23,836907.7042,671267.9408,711898.5241,724011.3386,463028.0708,140946.85,50936.119,11106.9837,99599.1413,38091.7006,849.5625
2018-03-24,836907.7042,671267.9408,711898.5241,724011.3386,463028.0708,140946.85,50936.119,11106.9837,99599.1413,38091.7006,849.5625
2018-03-25,836907.7042,671267.9408,711898.5241,724011.3386,463028.0708,140946.85,50936.119,11106.9837,99599.1413,38091.7006,849.5625
2018-03-26,876637.226,722086.5737,732577.648,753203.0017,464974.4213,147910.4,51382.0677,11106.9837,101755.5892,38091.7006,849.5625
2018-03-27,854159.3484,688900.4665,699435.978,724732.6583,442199.2154,136439.6,47159.0691,11106.9837,100375.4626,38091.7006,849.5625
2018-03-28,844721.6842,688284.483,698667.7101,692960.7039,444552.266,133916.75,43544.1824,11106.9837,97216.7798,38091.7006,849.5625
2018-03-29,851317.9011,702760.0936,719123.5949,700667.6902,464190.0711,140111.95,44954.6639,11106.9837,96793.7053,38091.7006,849.5625
2018-03-30,851317.9011,702760.0936,719123.5949,700667.6902,464190.0711,140111.95,44954.6639,11106.9837,96793.7053,38091.7006,849.5625
2018-03-31,851317.9011,702760.0936,719123.5949,700667.6902,464190.0711,140111.95,44954.6639,11106.9837,96793.7053,38091.7006,849.5625
2018-04-01,851317.9011,702760.0936,719123.5949,700667.6902,464190.0711,140111.95,44954.6639,11106.9837,96793.7053,38091.7006,849.5625
2018-04-02,845736.4868,681585.6633,701779.4597,664190.214,451408.0678,133735.25,42648.9067,11106.9837,93520.0119,38091.7006,849.5625
2018-04-03,854413.0491,690748.4168,706318.2685,673901.4041,453499.6683,136336.75,45191.1518,11106.9837,97257.855,38091.7006,849.5625
2018-04-04,870751.3709,710921.874,714248.7273,682867.0691,450565.6176,136875.2,48469.8879,11106.9837,97344.1129,38091.7006,849.5625
2018-04-05,876789.4464,711306.8637,716188.8847,702802.6029,462882.8208,133934.9,51642.2044,11106.9837,97064.8051,38091.7006,849.5625
2018-04-06,854362.3089,694752.309,701129.3665,680281.9368,456666.1192,130057.463,50557.7383,11106.9837,94008.8102,38091.7006,849.5625
2018-04-07,854362.3089,694752.309,701129.3665,680281.9368,456666.1192,130057.463,50557.7383,11106.9837,94008.8102,38091.7006,849.5625
2018-04-08,854362.3089,694752.309,701129.3665,680281.9368,456666.1192,130057.463,50557.7383,11106.9837,94008.8102,38091.7006,849.5625
2018-04-09,862835.9107,698910.1972,707533.8323,680693.4279,458786.7697,130761.6248,48929.3501,11106.9837,96419.9245,38091.7006,849.5625
2018-04-10,879072.7523,715156.7601,718861.5335,695284.4184,479441.3251,138349.5748,51469.906,11106.9837,98477.792,38091.7006,849.5625
2018-04-11,874962.8017,707302.9714,710821.4651,690845.1555,483159.7261,137335.8246,50833.0778,11106.9837,98711.9206,38091.7006,849.5625
2018-04-12,883588.6238,720546.6151,719440.6844,701229.2546,476042.4742,142410.6456,49675.9762,11106.9837,98346.3514,38091.7006,849.5625
2018-04-13,886582.2915,716696.7187,717828.6471,692655.7164,477002.8967,140528.834,50733.4151,11106.9837,101431.0989,38091.7006,849.5625
2018-04-14,886582.2915,716696.7187,717828.6471,692655.7164,477002.8967,140528.834,50733.4151,11106.9837,101431.0989,38091.7006,849.5625
2018-04-15,886582.2915,716696.7187,717828.6471,692655.7164,477002.8967,140528.834,50733.4151,11106.9837,101431.0989,38091.7006,849.5625
2018-04-16,892112.9657,725089.4929,724319.3523,697840.5043,477901.6987,140522.7636,49191.176,11106.9837,102429.2262,38091.7006,849.5625
2018-04-17,904392.0771,739719.0993,748535.0553,728014.905,489006.2519,144195.3314,48596.5778,11106.9837,103402.7085,38091.7006,849.5625
2018-04-18,902362.4719,742568.0226,746480.3072,740956.1737,482337.7212,143485.0993,49552.6647,11106.9837,102519.5917,38091.7006,849.5625
2018-04-19,876789.4464,740027.091,756838.5764,755054.2441,487382.6097,139035.5254,50689.4959,11106.9837,99755.2307,38091.7006,849.5625
2018-04-20,840865.4344,731480.3209,747430.2408,740786.4343,482105.7724,138835.2036,49027.3237,11106.9837,97397.5142,38091.7006,849.5625
2018-04-21,840865.4344,731480.3209,747430.2408,740786.4343,482105.7724,138835.2036,49027.3237,11106.9837,97397.5142,38091.7006,849.5625
2018-04-22,840865.4344,731480.3209,747430.2408,740786.4343,482105.7724,138835.2036,49027.3237,11106.9837,97397.5142,38091.7006,849.5625
2018-04-23,838429.9081,734175.2484,744243.0978,736116.1756,480830.0534,135903.2197,47866.8437,11106.9837,95890.0544,38091.7006,849.5625
2018-04-24,826759.6782,717004.7104,709282.7034,708099.4735,462998.9824,134276.3632,47882.0465,11106.9837,93811.6493,38091.7006,849.5625
2018-04-25,830362.2275,710767.8782,709842.3545,708138.2711,462998.9824,131520.4198,47414.1382,11106.9837,94062.208,38091.7006,849.5625
2018-04-26,833254.4149,724218.1966,723411.8487,736164.6726,504317.7676,136716.6479,48223.2648,11106.9837,94645.4758,38091.7006,849.5625
2018-04-27,823613.7902,736203.9847,715870.9302,763077.5338,502667.2099,137390.4579,49926.716,11106.9837,95614.8506,38091.7006,849.5625
2018-04-28,823613.7902,736203.9847,715870.9302,763077.5338,502667.2099,137390.4579,49926.716,11106.9837,95614.8506,38091.7006,849.5625
2018-04-29,823613.7902,736203.9847,715870.9302,763077.5338,502667.2099,137390.4579,49926.716,11106.9837,95614.8506,38091.7006,849.5625
2018-04-30,838531.3884,718532.6305,706987.951,759928.4112,498063.0227,136522.3964,49897.0053,11106.9837,94234.7238,38091.7006,849.5625
2018-05-01,835908.9862,729903.7628,721570.4921,767755.1211,503449.053,137882.157,50919.0536,11106.9837,94629.0458,38091.7006,849.5625
2018-05-02,867865.9167,718455.7985,712019.8129,761650.9667,509848.5837,137378.3172,51127.8774,11106.9837,93955.4125,38091.7006,849.5625
2018-05-03,869438.7608,722758.3891,711854.5457,762813.0851,503912.3675,141433.3176,48292.6273,11106.9837,92521.888,38091.7006,849.5625
2018-05-04,903549.8185,731133.0744,728931.6914,767119.4739,511412.2699,145118.0262,49929.2627,11106.9837,94686.551,38091.7006,849.5625
2018-05-05,903549.8185,731133.0744,728931.6914,767119.4739,511412.2699,145118.0262,49929.2627,11106.9837,94686.551,38091.7006,849.5625
2018-05-06,903549.8185,731133.0744,728931.6914,767119.4739,511412.2699,145118.0262,49929.2627,11106.9837,94686.551,38091.7006,849.5625
2018-05-07,910086.9521,739277.2637,734107.4199,776430.9782,515350.4427,150957.7125,51408.434,11106.9837,96925.1494,38091.7006,849.5625
2018-05-08,914461.4249,736127.1528,733499.4382,772670.4697,518101.3722,152001.8144,51272.5991,11106.9837,98108.1152,38091.7006,849.5625
2018-05-09,920900.2557,744809.1659,754023.5808,780244.8616,528931.3472,155267.6681,52101.1922,11106.9837,97779.5136,38091.7006,849.5625
2018-05-10,934072.8255,752261.8675,764860.6841,780768.9067,537242.05,157908.2747,51790.4698,11106.9837,100022.2195,38091.7006,849.5625
2018-05-11,926945.8754,750648.396,764444.4115,777775.0567,541469.7942,154508.8731,51118.0868,11106.9837,99968.8218,38091.7006,849.5625
2018-05-12,926945.8754,750648.396,764444.4115,777775.0567,541469.7942,154508.8731,51118.0868,11106.9837,99968.8218,38091.7006,849.5625
2018-05-13,926945.8754,750648.396,764444.4115,777775.0567,541469.7942,154508.8731,51118.0868,11106.9837,99968.8218,38091.7006,849.5625
2018-05-14,924783.2147,753183.8512,766204.1578,777110.2958,540456.2939,155012.713,49574.6622,11106.9837,100535.6595,38091.7006,849.5625
2018-05-15,916378.3287,747728.781,751394.6542,764775.8279,533738.2345,149063.7602,48251.9694,11106.9837,99229.4682,38091.7006,849.5625
2018-05-16,924930.6688,746422.6374,752089.3485,770190.9602,530495.0334,149336.9264,48642.4949,11106.9837,98789.9635,38091.7006,849.5625
2018-05-17,919081.6546,738969.9358,749993.4277,767512.5077,532116.634,150368.8876,48313.0951,11106.9837,98354.5664,38091.7006,849.5625
2018-05-18,915739.3608,740352.9114,741695.5934,763926.6809,528989.2615,149294.4338,47002.2879,11106.9837,96933.3645,38091.7006,849.5625
2018-05-19,915739.3608,740352.9114,741695.5934,763926.6809,528989.2615,149294.4338,47002.2879,11106.9837,96933.3645,38091.7006,849.5625
2018-05-20,915739.3608,740352.9114,741695.5934,763926.6809,528989.2615,149294.4338,47002.2879,11106.9837,96933.3645,38091.7006,849.5625
2018-05-21,922227.3429,749880.0763,751247.9734,769307.8472,534230.5061,148262.4726,48304.6054,11106.9837,98190.2656,38091.7006,849.5625
2018-05-22,919917.2281,749111.7565,744777.1134,767337.826,532232.4626,147318.9,46694.9613,11106.9837,97960.2445,38091.7006,849.5625
2018-05-23,925815.3937,758024.2656,751917.0863,777265.5684,541209.1799,150256.78,47384.3237,11106.9837,98810.5011,38091.7006,849.5625
2018-05-24,924783.2147,755335.1465,751585.2117,777852.693,538400.3361,150347.83,47177.1754,11106.9837,100030.4346,38091.7006,849.5625
2018-05-25,926896.724,755719.3064,749810.6264,781288.0995,535475.6637,151312.96,47346.9691,11106.9837,102700.3226,38091.7006,849.5625
2018-05-26,926896.724,755719.3064,749810.6264,781288.0995,535475.6637,151312.96,47346.9691,11106.9837,102700.3226,38091.7006,849.5625
2018-05-27,926896.724,755719.3064,749810.6264,781288.0995,535475.6637,151312.96,47346.9691,11106.9837,102700.3226,38091.7006,849.5625
2018-05-28,926896.724,755719.3064,749810.6264,781288.0995,535475.6637,151312.96,47346.9691,11106.9837,102700.3226,38091.7006,849.5625
2018-05-29,923554.4302,753030.1873,738940.4237,782607.9167,537850.1502,150894.13,48180.6561,11106.9837,102560.6669,38091.7006,849.5625
2018-05-30,921588.375,760252.3929,744754.1311,788440.344,543438.8806,153564.93,49532.2138,11106.9837,102441.5488,38091.7006,849.5625
2018-05-31,918491.8381,759407.2412,758413.5792,790735.4673,555340.2703,153079.33,48345.3559,11106.9837,103538.2566,38091.7006,849.5625
2018-06-01,935055.8531,774389.4763,782540.2989,796519.372,561739.801,156375.34,49549.1932,11106.9837,105292.1677,38091.7006,849.5625
2018-06-02,935055.8531,774389.4763,782540.2989,796519.372,561739.801,156375.34,49549.1932,11106.9837,105292.1677,38091.7006,849.5625
2018-06-03,935055.8531,774389.4763,782540.2989,796519.372,561739.801,156375.34,49549.1932,11106.9837,105292.1677,38091.7006,849.5625
2018-06-04,942870.9225,781150.6901,795721.6978,808033.8064,559683.8431,160763.95,50384.5781,11106.9837,106125.9942,38091.7006,849.5625
2018-06-05,950145.3268,785145.9528,795208.7988,823114.6586,558699.2999,160897.49,49432.0355,11106.9837,106491.5635,38091.7006,849.5625
2018-06-06,953438.4692,787450.9121,792862.4102,822823.5225,554066.1556,160946.05,54249.0824,11106.9837,108241.367,38091.7006,849.5625
2018-06-07,950882.5975,775080.9641,783977.2272,819693.8089,544915.6954,159580.3,53670.0859,11106.9837,108717.8394,38091.7006,849.5625
2018-06-08,942231.9546,780843.3622,782312.8482,817117.2541,547579.7534,159203.96,53936.662,11106.9837,105961.6934,38091.7006,849.5625
2018-06-09,942231.9546,780843.3622,782312.8482,817117.2541,547579.7534,159203.96,53936.662,11106.9837,105961.6934,38091.7006,849.5625
2018-06-10,942231.9546,780843.3622,782312.8482,817117.2541,547579.7534,159203.96,53936.662,11106.9837,105961.6934,38091.7006,849.5625
2018-06-11,939921.8397,776387.1077,788347.5554,819606.4681,554645.2986,158196.34,56388.4828,11106.9837,107136.4442,38091.7006,849.5625
2018-06-12,945082.7346,778384.739,794170.5575,824279.2032,557135.6137,159386.06,58200.1814,11106.9837,107382.8954,38091.7006,849.5625
2018-06-13,937316.8166,774850.4682,791207.8637,827243.9396,557164.5709,159276.8,58541.4667,11106.9837,108266.0122,38091.7006,849.5625
2018-06-14,937808.3304,779229.8908,802777.3105,836463.2507,569905.718,162014.37,60738.597,11106.9837,115889.0813,38091.7006,849.5625
2018-06-15,928174.6599,769318.566,802558.8635,832634.8105,567125.8313,161012.82,60815.0042,11106.9837,116653.1566,38091.7006,849.5625
2018-06-16,928174.6599,769318.566,802558.8635,832634.8105,567125.8313,161012.82,60815.0042,11106.9837,116653.1566,38091.7006,849.5625
2018-06-17,928174.6599,769318.566,802558.8635,832634.8105,567125.8313,161012.82,60815.0042,11106.9837,116653.1566,38091.7006,849.5625
2018-06-18,927683.1461,774927.3002,818285.1103,836429.2848,574249.2908,160909.63,62964.5922,11106.9837,114179.6245,38091.7006,849.5625
2018-06-19,912691.9752,774927.3002,814698.8314,841761.9285,571874.8043,157923.19,59860.7636,11106.9837,112647.1569,38091.7006,849.5625
2018-06-20,916673.237,782687.3296,817094.7831,849185.9002,584934.4801,159222.17,61502.6686,11106.9837,112763.7108,38091.7006,849.5625
2018-06-21,911561.4935,777078.5955,807845.9696,839549.2938,583486.6225,156065.77,59005.0035,11106.9837,112085.9716,38091.7006,849.5625
2018-06-22,908907.319,771469.8613,806985.7698,832489.2424,584181.5941,152326.65,56648.2671,11106.9837,112111.8725,38091.7006,849.5625
2018-06-23,908907.319,771469.8613,806985.7698,832489.2424,584181.5941,152326.65,56648.2671,11106.9837,112111.8725,38091.7006,849.5625
2018-06-24,908907.319,771469.8613,806985.7698,832489.2424,584181.5941,152326.65,56648.2671,11106.9837,112111.8725,38091.7006,849.5625
2018-06-25,895390.6895,755949.8023,785896.5627,807005.1254,568573.6889,145145.84,56542.995,11106.9837,108964.918,38091.7006,849.5625
2018-06-26,906498.9013,761251.2086,781386.3188,820562.3651,576247.3344,146887.93,58069.4403,11106.9837,108585.0387,38091.7006,849.5625
2018-06-27,905171.8141,749419.0844,770942.7011,805724.1264,567096.8742,143082.04,58493.9245,11106.9837,106672.6919,38091.7006,849.5625
2018-06-28,911758.099,757793.7697,777926.0299,825589.3158,568226.2031,146202.02,59415.9042,11106.9837,105718.6769,38091.7006,849.5625
2018-06-29,909841.1952,757640.1058,779234.9185,824788.6914,562695.387,143798.3,58230.7443,11106.9837,104743.0778,38091.7006,849.5625
2018-06-30,909841.1952,757640.1058,779234.9185,824788.6914,562695.387,143798.3,58230.7443,11106.9837,104743.0778,38091.7006,849.5625
2018-07-01,909841.1952,757640.1058,779234.9185,824788.6914,562695.387,143798.3,58230.7443,11106.9837,104743.0778,38091.7006,849.5625
2018-07-02,920015.5308,768396.5823,787795.0996,831572.1635,571498.3613,147039.68,56892.77,11106.9837,104488.386,38091.7006,849.5625
2018-07-03,903992.181,761020.7127,770324.1573,821954.9663,558091.1997,143761.88,52782.0649,11106.9837,103296.9465,38091.7006,849.5625
2018-07-04,903992.181,761020.7127,770324.1573,821954.9663,558091.1997,143761.88,52782.0649,11106.9837,103296.9465,38091.7006,849.5625
2018-07-05,911266.5852,766475.7829,786342.9286,824754.7255,574654.691,147337.11,52493.4157,11106.9837,105934.5174,38091.7006,849.5625
2018-07-06,923898.4899,777232.2594,796706.5673,830043.6988,588496.2099,150129.31,52449.2693,11106.9837,106918.7501,38091.7006,849.5625
2018-07-07,923898.4899,777232.2594,796706.5673,830043.6988,588496.2099,150129.31,52449.2693,11106.9837,106918.7501,38091.7006,849.5625
2018-07-08,923898.4899,777232.2594,796706.5673,830043.6988,588496.2099,150129.31,52449.2693,11106.9837,106918.7501,38091.7006,849.5625
2018-07-09,936727.0,782533.6657,805805.7318,843819.2906,592868.7399,151294.75,54080.9866,11106.9837,106810.8298,38091.7006,849.5625
2018-07-10,935596.5183,784608.129,805310.003,845784.4596,589393.8816,153722.75,54753.3696,11106.9837,108161.9914,38091.7006,849.5625
2018-07-11,923456.1274,783532.4814,807096.3566,851573.2165,586498.1663,150250.71,54157.3938,11106.9837,105088.4226,38091.7006,849.5625
2018-07-12,938938.8121,800512.3478,827711.9769,871768.3603,599181.3991,152496.61,53775.358,11106.9837,90644.3764,38091.7006,849.5625
2018-07-13,940413.3535,810039.5127,830718.6318,879730.9338,600339.6852,151337.24,54142.1123,11106.9837,87398.1353,38091.7006,849.5625
2018-07-14,940413.3535,810039.5127,830718.6318,879730.9338,600339.6852,151337.24,54142.1123,11106.9837,87398.1353,38091.7006,849.5625
2018-07-15,940413.3535,810039.5127,830718.6318,879730.9338,600339.6852,151337.24,54142.1123,11106.9837,87398.1353,38091.7006,849.5625
2018-07-16,938348.9956,806044.25,826323.3971,884321.1803,600079.0708,150657.4,52653.0217,11106.9837,87739.1633,38091.7006,849.5625
2018-07-17,941003.1701,814034.7754,837225.0216,894724.4451,608071.2449,153989.83,54790.7242,11106.9837,89923.4691,38091.7006,849.5625
2018-07-18,935842.2752,807657.7215,836082.7867,894234.3659,606246.9443,152781.9,54987.6849,11106.9837,90126.3592,38091.7006,849.5625
2018-07-19,943116.6794,801478.8,828312.2138,879701.8201,602569.386,152982.21,54373.0317,11106.9837,90812.732,38091.7006,849.5625
2018-07-20,940954.0187,815834.79,827155.7538,880056.0358,607926.4592,152290.23,53243.9037,11106.9837,90795.4647,38091.7006,849.5625
2018-07-21,940954.0187,815834.79,827155.7538,880056.0358,607926.4592,152290.23,53243.9037,11106.9837,90795.4647,38091.7006,849.5625
2018-07-22,940954.0187,815834.79,827155.7538,880056.0358,607926.4592,152290.23,53243.9037,11106.9837,90795.4647,38091.7006,849.5625
2018-07-23,941789.5922,828885.69,840735.7758,874378.881,610735.303,151391.87,51481.4453,11106.9837,93553.9063,38091.7006,849.5625
2018-07-24,948621.634,826505.82,871507.6221,887596.4619,621623.1923,150966.97,50501.7357,11106.9837,93821.5485,38091.7006,849.5625
2018-07-25,957567.1852,850841.91,883073.6176,904273.7106,629818.0664,152885.09,52422.1023,11106.9837,97546.9556,38091.7006,849.5625
2018-07-26,954568.951,841552.74,887883.8121,880496.0,508901.1617,154687.88,52067.2335,11106.9837,96342.5656,38091.7006,849.5625
2018-07-27,938693.0552,826659.36,866235.5993,886357.4305,504945.6721,152976.14,50459.2873,11106.9837,95423.0851,38091.7006,849.5625
2018-07-28,938693.0552,826659.36,866235.5993,886357.4305,504945.6721,152976.14,50459.2873,11106.9837,95423.0851,38091.7006,849.5625
2018-07-29,938693.0552,826659.36,866235.5993,886357.4305,504945.6721,152976.14,50459.2873,11106.9837,95423.0851,38091.7006,849.5625
2018-07-30,933433.8576,808925.49,851866.2555,867798.8783,493887.6247,148186.91,49269.0336,11106.9837,97210.2444,38091.7006,849.5625
2018-07-31,921558.6759,814376.16,850031.3742,866930.699,498276.197,148630.02,50622.2892,11106.9837,95733.8954,38091.7006,849.5625
2018-08-01,973230.089,815911.56,852917.9978,876553.8326,495591.0837,149607.29,51080.7322,11106.9837,93588.4408,38091.7006,860.775
2018-08-02,1001678.3531,825814.89,857834.1678,894678.2952,509218.7558,152126.34,59349.6847,11106.9837,93394.1844,38091.7006,861.6375
2018-08-03,1004576.3087,828474.1988,855965.8663,889293.6325,513289.7341,153024.7,59117.0673,11106.9837,94024.4386,38091.7006,861.6375
2018-08-04,1004576.3087,828474.1988,855965.8663,889293.6325,513289.7341,153024.7,59117.0673,11106.9837,94024.4386,38091.7006,861.6375
2018-08-05,1004576.3087,828474.1988,855965.8663,889293.6325,513289.7341,153024.7,59117.0673,11106.9837,94024.4386,38091.7006,861.6375
2018-08-06,1009792.6288,829164.3384,856203.6357,901223.782,536127.6337,154196.21,58341.1493,11106.9837,93653.193,38091.7006,859.05
2018-08-07,1000325.9739,834915.5014,868575.3079,908408.2097,530699.6626,155968.65,64752.0397,11106.9837,95103.6411,38091.7006,858.1875
2018-08-08,1001002.1635,839593.1139,871610.5994,920133.5079,534655.1522,156860.94,63177.4649,11106.9837,94736.7123,38091.7006,858.1875
2018-08-09,1008874.9429,840973.393,873922.4673,925986.4021,528620.8652,155671.22,60125.5536,11106.9837,93493.471,38091.7006,853.875
2018-08-10,1002354.5428,835835.6874,865780.8468,920026.2048,520450.0364,154657.53,60644.1568,11106.9837,91615.6586,38091.7006,849.5625
2018-08-11,1002354.5428,835835.6874,865780.8468,920026.2048,520450.0364,154657.53,60644.1568,11106.9837,91615.6586,38091.7006,849.5625
2018-08-12,1002354.5428,835835.6874,865780.8468,920026.2048,520450.0364,154657.53,60644.1568,11106.9837,91615.6586,38091.7006,849.5625
2018-08-13,1008826.6436,829777.7958,863562.6947,924854.8426,519843.7205,155464.84,60801.1025,11106.9837,91119.2255,38091.7006,846.1125
2018-08-14,1013076.9785,840129.8891,869271.9238,936292.3735,522904.1722,158688.01,59305.0006,11106.9837,89487.4713,38091.7006,845.25
2018-08-15,1015443.6422,825560.2762,850567.9736,918231.3172,518342.3667,157261.56,57778.1919,11106.9837,89176.661,38091.7006,849.5625
2018-08-16,1030319.8143,825406.9119,844992.0403,920133.5079,504397.1006,156523.52,57225.4702,11106.9837,90087.5079,38091.7006,850.425
2018-08-17,1050895.2991,824946.8189,840281.0329,918036.2208,501798.6038,148850.56,52116.2055,11106.9837,90337.8829,38091.7006,847.8375
2018-08-18,1050895.2991,824946.8189,840281.0329,918036.2208,501798.6038,148850.56,52116.2055,11106.9837,90337.8829,38091.7006,847.8375
2018-08-19,1050895.2991,824946.8189,840281.0329,918036.2208,501798.6038,148850.56,52116.2055,11106.9837,90337.8829,38091.7006,847.8375
2018-08-20,1040655.856,819502.3846,844789.727,915348.7668,498045.2195,150686.72,52617.7493,11106.9837,89237.0963,38091.7006,847.8375
2018-08-21,1038627.287,812677.6711,841030.299,918621.5102,498391.6858,154018.56,54913.9331,11106.9837,90873.1673,38091.7006,845.25
2018-08-22,1038675.5863,820959.3459,844560.9938,929098.1909,501336.6488,159794.56,54869.5788,11106.9837,89591.0747,38091.7006,845.25
2018-08-23,1040800.7537,824793.4545,843642.8239,928122.7085,499200.107,162238.72,54606.8654,11106.9837,88749.2968,38091.7006,846.1125
2018-08-24,1044036.8042,831234.7571,854368.9768,929337.1841,504238.3036,165509.76,55070.8787,11106.9837,90221.329,38091.7006,845.25
2018-08-25,1044036.8042,831234.7571,854368.9768,929337.1841,504238.3036,165509.76,55070.8787,11106.9837,90221.329,38091.7006,845.25
2018-08-26,1044036.8042,831234.7571,854368.9768,929337.1841,504238.3036,165509.76,55070.8787,11106.9837,90221.329,38091.7006,845.25
2018-08-27,1052634.0724,840436.6178,868564.5908,940208.9352,512365.8241,167747.2,54465.2731,11106.9837,91935.1026,38091.7006,840.9375
2018-08-28,1061134.7422,845497.6413,861225.5211,942715.9249,508901.1617,166823.04,53201.1779,11106.9837,92565.3568,38091.7006,840.9375
2018-08-29,1076976.8995,858993.7037,874058.3793,974555.6697,507861.763,169321.92,52032.6149,11106.9837,92807.0982,38091.7006,845.25
2018-08-30,1086878.2478,858456.9285,866966.709,976643.202,512885.5235,168908.48,51715.3116,11106.9837,93523.6886,38091.7006,845.25
2018-08-31,1099436.0554,861370.8511,851854.9475,981681.5685,507370.9358,170653.44,51461.1278,11106.9837,94551.0894,38091.7006,839.2125
2018-09-01,1099436.0554,861370.8511,851854.9475,981681.5685,507370.9358,170653.44,51461.1278,11106.9837,94551.0894,38091.7006,839.2125
2018-09-02,1099436.0554,861370.8511,851854.9475,981681.5685,507370.9358,170653.44,51461.1278,11106.9837,94551.0894,38091.7006,839.2125
2018-09-03,1099436.0554,861370.8511,851854.9475,981681.5685,507370.9358,170653.44,51461.1278,11106.9837,94551.0894,38091.7006,839.2125
2018-09-04,1102961.9014,856616.5564,837339.1834,994753.0324,494176.3465,172489.6,49292.889,11106.9837,94723.7618,38091.7006,844.3875
2018-09-05,1095765.3116,831924.8966,829475.8746,972955.8786,482685.2162,169279.36,47892.3192,11106.9837,95582.807,38091.7006,845.25
2018-09-06,1077556.4906,833841.9509,818990.3161,955148.4478,469259.6495,165813.76,47928.1438,11106.9837,93230.1456,38091.7006,845.25
2018-09-07,1068862.6238,829777.7958,814459.5804,952104.9428,470732.131,165290.88,44906.9392,11106.9837,100400.367,38091.7006,843.525
2018-09-08,1068862.6238,829777.7958,814459.5804,952104.9428,470732.131,165290.88,44906.9392,11106.9837,100400.367,38091.7006,843.525
2018-09-09,1068862.6238,829777.7958,814459.5804,952104.9428,470732.131,165290.88,44906.9392,11106.9837,100400.367,38091.7006,843.525
2018-09-10,1054517.7436,838749.61,813573.0927,945735.0429,474023.5603,167035.84,48704.3426,11106.9837,103866.7654,38091.7006,851.2875
2018-09-11,1081178.9351,853012.4942,823134.5168,969214.9037,479105.0651,165862.4,47670.5482,11106.9837,100387.4165,38091.7006,840.9375
2018-09-12,1067751.7408,856616.5564,811778.2982,970604.9661,467729.4236,163065.6,49564.1321,11106.9837,99239.1451,38091.7006,845.25
2018-09-13,1093543.5457,865818.4171,819846.1893,970541.5598,465881.6036,164974.72,49379.8915,11106.9837,97333.6927,38091.7006,845.25
2018-09-14,1081130.6358,869345.7971,817459.8898,960942.8132,468653.3335,168069.44,50359.0961,11106.9837,97714.064,38091.7006,845.25
2018-09-15,1081130.6358,869345.7971,817459.8898,960942.8132,468653.3335,168069.44,50359.0961,11106.9837,97714.064,38091.7006,845.25
2018-09-16,1081130.6358,869345.7971,817459.8898,960942.8132,468653.3335,168069.44,50359.0961,11106.9837,97714.064,38091.7006,845.25
2018-09-17,1052344.2769,859913.8898,805456.7885,930624.8208,463629.5731,166549.44,50297.6826,11106.9837,97089.759,38091.7006,840.9375
2018-09-18,1054083.0502,868118.8823,809733.61,946730.0349,462821.1518,164780.16,48612.2223,11106.9837,99115.6493,38091.7006,842.6625
2018-09-19,1054710.9406,856539.8742,815726.3697,939594.3813,470789.8754,165363.84,51010.7619,11106.9837,99967.3501,38091.7006,843.525
2018-09-20,1062728.6178,870879.4406,827194.1434,948315.1938,479336.0426,161898.24,50893.0526,11106.9837,101265.5737,38091.7006,839.2125
2018-09-21,1051281.6932,876170.5105,813166.6904,934029.2543,470414.5369,160177.6,51024.4094,11106.9837,102576.2007,38091.7006,840.9375
2018-09-22,1051281.6932,876170.5105,813166.6904,934029.2543,470414.5369,160177.6,51024.4094,11106.9837,102576.2007,38091.7006,840.9375
2018-09-23,1051281.6932,876170.5105,813166.6904,934029.2543,470414.5369,160177.6,51024.4094,11106.9837,102576.2007,38091.7006,840.9375
2018-09-24,1066399.3615,879314.4796,818282.8012,943467.0464,477574.8392,161545.6,51123.3534,11106.9837,103134.3542,38091.7006,842.6625
2018-09-25,1073161.2579,877627.4718,827113.2269,963069.3647,476131.2299,163193.28,51346.8304,11106.9837,102390.1496,38091.7006,842.6625
2018-09-26,1064612.2889,874023.4097,825615.0012,963215.6871,482021.156,162287.36,52812.2255,11106.9837,101472.2972,38091.7006,840.8858
2018-09-27,1086491.8537,877320.7431,835184.8406,981813.2586,487477.9992,162579.2,52460.8036,11106.9837,101894.0132,38091.7006,840.9375
2018-09-28,1090307.4952,877014.0144,834657.7929,976945.6016,474831.9815,170860.16,45167.9467,11106.9837,102009.7783,38091.7006,840.9375
2018-09-29,1090307.4952,877014.0144,834657.7929,976945.6016,474831.9815,170860.16,45167.9467,11106.9837,102009.7783,38091.7006,840.9375
2018-09-30,1090307.4952,877014.0144,834657.7929,976945.6016,474831.9815,170860.16,45167.9467,11106.9837,102009.7783,38091.7006,840.9375
2018-10-01,1097648.9828,886522.6039,835812.1219,977608.9296,468999.7998,175930.88,53003.2898,11106.9837,103159.161,38091.7006,840.9375
2018-10-02,1107405.4333,882995.2239,837317.1796,961489.0833,460020.5497,174179.84,51351.9482,11106.9837,102576.2007,38091.7006,839.2125
2018-10-03,1120880.9268,883148.5883,839631.3764,952441.4842,468970.9276,174331.84,50290.8589,11106.9837,103121.9507,38091.7006,839.4971
2018-10-04,1101174.8287,864898.2311,815546.3233,931302.7811,458634.6848,169808.32,48078.2658,11106.9837,102605.142,38091.7006,841.8
2018-10-05,1083304.1025,859837.2076,808520.943,921660.1378,454246.1124,164074.88,44686.8741,11106.9837,100976.1608,38091.7006,838.35
2018-10-06,1083304.1025,859837.2076,808520.943,921660.1378,454246.1124,164074.88,44686.8741,11106.9837,100976.1608,38091.7006,838.35
2018-10-07,1083304.1025,859837.2076,808520.943,921660.1378,454246.1124,164074.88,44686.8741,11106.9837,100976.1608,38091.7006,838.35
2018-10-08,1080792.541,850021.8895,801553.2528,909354.4276,454015.1349,161588.16,42743.8182,11106.9837,99793.7024,38091.7006,840.9375
2018-10-09,1095765.3116,860834.0759,794298.7109,912232.1006,455891.827,161448.32,44831.8782,11106.9837,101170.4809,38091.7006,838.35
2018-10-10,1045002.7894,814057.9503,755707.2771,856107.722,437067.1614,149379.52,43821.9668,11106.9837,95849.418,38091.7006,840.075
2018-10-11,1035777.6307,812140.8959,754540.2193,838602.6907,442754.9821,142959.04,43028.7087,11106.9837,94638.0183,38091.7006,840.075
2018-10-12,1072774.8639,840206.5713,775629.8076,872378.7681,443880.9974,149896.32,44146.0938,11106.9837,96312.4786,38091.7006,840.9375
2018-10-13,1072774.8639,840206.5713,775629.8076,872378.7681,443880.9974,149896.32,44146.0938,11106.9837,96312.4786,38091.7006,840.9375
2018-10-14,1072774.8639,840206.5713,775629.8076,872378.7681,443880.9974,149896.32,44146.0938,11106.9837,96312.4786,38091.7006,840.9375
2018-10-15,1049832.7154,825100.1832,763138.8372,858887.8468,443245.8093,143111.04,44284.2743,11106.9837,96114.0241,38091.7006,839.2125
2018-10-16,1072968.0609,852203.8019,783853.3533,887669.4543,458432.5795,149464.64,47184.3577,11106.9837,98532.689,38091.7006,840.075
2018-10-17,1068331.3319,849977.3235,779996.75,893410.1681,460280.3994,147780.48,46363.8047,11106.9837,98057.225,38091.7006,840.9375
2018-10-18,1043360.6145,833010.0226,760080.7478,863653.0782,447287.9154,145634.24,45021.2366,11106.9837,94274.1849,38091.7006,841.8
2018-10-19,1059251.0711,834238.4245,765593.7799,860390.0896,444776.0352,139335.36,44354.2174,11106.9837,94381.6812,38091.7006,846.975
2018-10-20,1059251.0711,834238.4245,765593.7799,860390.0896,444776.0352,139335.36,44354.2174,11106.9837,94381.6812,38091.7006,846.975
2018-10-21,1059251.0711,834238.4245,765593.7799,860390.0896,444776.0352,139335.36,44354.2174,11106.9837,94381.6812,38091.7006,846.975
2018-10-22,1065723.1719,841685.6109,769343.7733,872715.3095,446883.7048,140581.76,44516.2809,11106.9837,94522.2531,38091.7006,840.9375
2018-10-23,1075769.418,829939.0179,771429.4158,862667.841,445757.6895,134404.48,50178.2674,11106.9837,94700.0354,38091.7006,841.8
2018-10-24,1038868.7833,785430.7011,733021.8835,811698.8867,421649.4137,121241.28,49216.122,11106.9837,90424.9934,38091.7006,836.625
2018-10-25,1061617.7348,831334.4891,765055.3146,869237.7148,435825.6573,126366.72,53712.9573,11106.9837,91884.4613,38091.7006,841.8
2018-10-26,1044712.9938,821048.356,749130.1608,803282.5518,419714.9772,120560.32,56449.2713,11106.9837,88126.2281,38091.7006,836.625
2018-10-27,1044712.9938,821048.356,749130.1608,803282.5518,419714.9772,120560.32,56449.2713,11106.9837,88126.2281,38091.7006,836.625
2018-10-28,1044712.9938,821048.356,749130.1608,803282.5518,419714.9772,120560.32,56449.2713,11106.9837,88126.2281,38091.7006,836.625
2018-10-29,1025103.4942,797175.3157,714154.2774,752464.0423,410244.9,112856.96,57123.1143,11106.9837,87444.0405,38091.7006,840.9375
2018-10-30,1030223.2158,796254.1695,724936.889,748327.3677,422169.1131,123424.0,56278.6782,11106.9837,91375.9215,38091.7006,840.075
2018-10-31,1057077.6044,825525.3732,753309.4195,781376.7572,436852.4269,128184.64,57544.4793,11106.9837,92401.27,38091.7006,837.4875
2018-11-01,1073306.1557,818646.6392,749300.7468,814391.919,436737.3067,132610.88,58731.8076,11106.9837,95043.1964,38091.7006,837.4875
2018-11-02,986564.4953,820501.5787,740074.0097,814391.919,432708.0993,130671.36,59489.9506,11106.9837,91276.6942,38091.7006,840.9375
2018-11-03,986564.4953,820501.5787,740074.0097,814391.919,432708.0993,130671.36,59489.9506,11106.9837,91276.6942,38091.7006,840.9375
2018-11-04,986564.4953,820501.5787,740074.0097,814391.919,432708.0993,130671.36,59489.9506,11106.9837,91276.6942,38091.7006,840.9375
2018-11-05,956624.7828,830935.6135,728389.739,795943.1327,427901.8304,128756.16,58629.5694,11106.9837,90995.5502,38091.7006,838.35
2018-11-06,966969.7505,832558.6856,738716.3317,803282.5518,431528.1171,128324.48,58571.1802,11106.9837,94369.2778,38091.7006,842.6625
2018-11-07,996296.3101,865329.2837,765203.3719,858379.5368,436104.1455,129984.32,59790.4829,11106.9837,96911.9768,38091.7006,836.625
2018-11-08,989368.029,863706.2116,756715.4836,858095.935,425570.6461,125241.92,60346.8971,11106.9837,99330.6417,38091.7006,836.625
2018-11-09,970291.5291,846857.1777,744975.6821,837324.5476,417195.6506,125047.36,60194.055,11106.9837,98809.6985,38091.7006,848.7
2018-11-10,970291.5291,846857.1777,744975.6821,837324.5476,417195.6506,125047.36,60194.055,11106.9837,98809.6985,38091.7006,848.7
2018-11-11,970291.5291,846857.1777,744975.6821,837324.5476,417195.6506,125047.36,60194.055,11106.9837,98809.6985,38091.7006,848.7
2018-11-12,921413.9297,825989.1081,725791.3203,800368.2987,407381.6525,115240.32,56891.6337,11106.9837,92459.1526,38091.7006,847.8375
2018-11-13,912207.8575,826530.1321,724380.6872,797590.9569,409137.2357,121180.48,58171.0429,11106.9837,92955.289,38091.7006,840.9375
2018-11-14,886440.3464,811304.1703,729350.7724,781865.7259,415065.9267,119891.52,59076.0746,11106.9837,93521.7114,38091.7006,845.25
2018-11-15,908316.6312,829157.9631,742513.6889,791855.3549,414001.0647,123457.9,59838.5681,11106.9837,97714.064,38091.7006,845.25
2018-11-16,918376.8749,836964.1669,740416.1493,779127.5015,401568.0817,100302.3,60846.6395,11106.9837,98239.1417,38091.7006,849.5625
2018-11-17,918376.8749,836964.1669,740416.1493,779127.5015,401568.0817,100302.3,60846.6395,11106.9837,98239.1417,38091.7006,849.5625
2018-11-18,918376.8749,836964.1669,740416.1493,779127.5015,401568.0817,100302.3,60846.6395,11106.9837,98239.1417,38091.7006,849.5625
2018-11-19,881979.6723,808599.0502,711767.6081,739462.3664,378601.5993,88267.0,60702.384,11106.9837,94733.1111,38091.7006,840.9375
2018-11-20,839840.538,786107.9085,714893.31,731233.0244,381134.244,90938.8,59675.422,11106.9837,94146.0164,38091.7006,846.1125
2018-11-21,838891.4584,796928.389,723498.9066,741633.3871,388012.6767,88273.1,58078.3072,11106.9837,95092.81,38091.7006,840.9375
2018-11-22,838891.4584,796928.389,723498.9066,741633.3871,388012.6767,88273.1,58078.3072,11106.9837,95092.81,38091.7006,840.9375
2018-11-23,817584.6214,796619.2325,714079.1229,734460.2174,379119.6403,88450.0,55955.6901,11106.9837,95051.4653,38091.7006,847.8375
2018-11-24,817584.6214,796619.2325,714079.1229,734460.2174,379119.6403,88450.0,55955.6901,11106.9837,95051.4653,38091.7006,847.8375
2018-11-25,817584.6214,796619.2325,714079.1229,734460.2174,379119.6403,88450.0,55955.6901,11106.9837,95051.4653,38091.7006,847.8375
2018-11-26,828641.3988,822897.5423,731639.6039,773220.7605,392502.365,93360.5,59419.5401,11106.9837,97288.2136,38091.7006,840.9375
2018-11-27,826838.1475,828075.9151,728889.0181,773264.7677,388530.7177,93775.3,59062.336,11106.9837,97503.206,38091.7006,867.675
2018-11-28,858632.3141,858836.9954,757228.6366,820367.1156,393596.007,97642.7,59740.6804,11106.9837,97251.0033,38091.7006,846.1125
2018-11-29,852036.2109,851649.1047,758900.3871,818323.2268,399121.7772,95989.6,58590.0708,11106.9837,97482.5337,38091.7006,851.2875
2018-11-30,847433.1748,857059.345,766045.9487,826440.106,404676.3275,99692.3,60188.903,11106.9837,98156.4523,38091.7006,849.5625
2018-12-01,847433.1748,857059.345,766045.9487,826440.106,404676.3275,99692.3,60188.903,11106.9837,98156.4523,38091.7006,849.5625
2018-12-02,847433.1748,857059.345,766045.9487,826440.106,404676.3275,99692.3,60188.903,11106.9837,98156.4523,38091.7006,849.5625
2018-12-03,877044.4584,866334.0426,772685.9861,866628.4375,406057.77,103724.4,61564.4825,11106.9837,100083.1153,38091.7006,846.975
2018-12-04,838464.3726,838741.8173,734565.669,815795.259,396963.2732,95837.1,61772.2792,11106.9837,95936.2419,38091.7006,846.975
2018-12-05,838464.3726,838741.8173,734565.669,815795.259,396963.2732,95837.1,61772.2792,11106.9837,95936.2419,38091.7006,846.975
2018-12-06,829115.9386,843920.1901,746279.9195,830850.603,401855.8823,96556.9,62349.3013,11106.9837,93951.6963,38091.7006,849.5625
2018-12-07,799552.109,810144.8331,724130.2549,796593.4609,395495.4905,90042.1,61474.3228,11106.9837,94497.4463,38091.7006,843.525
2018-12-08,799552.109,810144.8331,724130.2549,796593.4609,395495.4905,90042.1,61474.3228,11106.9837,94497.4463,38091.7006,843.525
2018-12-09,799552.109,810144.8331,724130.2549,796593.4609,395495.4905,90042.1,61474.3228,11106.9837,94497.4463,38091.7006,843.525
2018-12-10,804819.5008,831553.9267,727366.1411,802412.1876,408245.0541,92634.6,62708.2228,11106.9837,98917.1948,38091.7006,852.15
2018-12-11,800216.4647,839282.8413,734648.233,803492.8083,408906.9953,90395.9,62984.7126,11106.9837,102055.2575,38091.7006,849.5625
2018-12-12,802446.8018,843070.0095,742993.504,813418.8714,415871.7682,90829.0,62957.2353,11106.9837,105420.7161,38091.7006,851.2875
2018-12-13,811225.7881,845929.7079,742268.2081,810895.7933,417339.5509,90822.9,64707.1923,11106.9837,106793.3601,38091.7006,845.25
2018-12-14,785268.461,819496.8198,727843.4869,778394.0486,414605.4458,89334.5,62804.3931,11106.9837,105358.699,38091.7006,838.35
2018-12-15,785268.461,819496.8198,727843.4869,778394.0486,414605.4458,89334.5,62804.3931,11106.9837,105358.699,38091.7006,838.35
2018-12-16,785268.461,819496.8198,727843.4869,778394.0486,414605.4458,89334.5,62804.3931,11106.9837,105358.699,38091.7006,838.35
2018-12-17,777960.5481,795228.0278,709902.4399,743677.276,403467.5653,87583.8,59835.1335,11106.9837,105069.2861,38091.7006,840.9375
2018-12-18,788068.2459,798230.8914,720172.2695,758625.047,413454.2437,89633.4,57879.0972,11106.9837,103225.3125,38091.7006,840.9375
2018-12-19,763487.0842,801411.1498,715482.6884,731047.2164,383465.4283,84491.1,57181.8621,11106.9837,100835.5888,38091.7006,846.975
2018-12-20,744220.7683,784562.1161,706578.8979,714300.0408,383925.9092,82411.0,54161.0826,11106.9837,100008.6948,38091.7006,845.25
2018-12-21,715273.8405,759211.2763,685012.1973,673529.8366,359606.7642,79037.7,54914.9895,11106.9837,99744.7406,38091.7006,845.25
2018-12-22,715273.8405,759211.2763,685012.1973,673529.8366,359606.7642,79037.7,54914.9895,11106.9837,99744.7406,38091.7006,845.25
2018-12-23,715273.8405,759211.2763,685012.1973,673529.8366,359606.7642,79037.7,54914.9895,11106.9837,99744.7406,38091.7006,845.25
2018-12-24,696766.7883,727522.7267,681652.1901,657154.2773,357045.3395,77518.8,50728.1444,11106.9837,95219.9598,38091.7006,845.25
2018-12-25,696766.7883,727522.7267,681652.1901,657154.2773,357045.3395,77518.8,50728.1444,11106.9837,95219.9598,38091.7006,845.25
2018-12-26,745834.2037,777219.6472,725614.1152,719223.9549,386170.7533,81191.0,56000.3406,11106.9837,101060.2259,38091.7006,845.25
2018-12-27,740993.8977,782011.5743,728891.1938,714696.1054,387149.2751,80013.7,54289.8822,11106.9837,102163.9304,38091.7006,839.2125
2018-12-28,741373.5295,775905.7318,724349.0235,722705.4116,383350.3081,81526.5,57336.4216,11106.9837,103279.8529,38091.7006,839.2125
2018-12-29,741373.5295,775905.7318,724349.0235,722705.4116,383350.3081,81526.5,57336.4216,11106.9837,103279.8529,38091.7006,839.2125
2018-12-30,741373.5295,775905.7318,724349.0235,722705.4116,383350.3081,81526.5,57336.4216,11106.9837,103279.8529,38091.7006,839.2125
2018-12-31,748539.0805,785025.8509,723246.0857,734416.2102,377277.7169,81435.0,57152.6675,11106.9837,103560.8699,38091.7006,845.25
2019-01-01,748539.0805,785025.8509,723246.0857,734416.2102,377277.7169,81435.0,57152.6675,11106.9837,103560.8699,38091.7006,845.25
2019-01-02,749393.2522,781547.8394,730200.0038,752586.2844,390487.7613,83094.2,53257.7682,11106.9837,103247.2712,38091.7006,840.9375
2019-01-03,674748.1416,752796.2773,709669.0701,733589.8532,379148.4203,78073.9,51581.6563,11106.9837,94063.3102,38091.7006,840.9375
2019-01-04,703552.7075,787808.2602,747015.3442,770316.2869,397020.8333,83075.9,54557.7853,11106.9837,94987.8153,38091.7006,843.525
2019-01-05,703552.7075,787808.2602,747015.3442,770316.2869,397020.8333,83075.9,54557.7853,11106.9837,94987.8153,38091.7006,843.525
2019-01-06,703552.7075,787808.2602,747015.3442,770316.2869,397020.8333,83075.9,54557.7853,11106.9837,94987.8153,38091.7006,843.525
2019-01-07,701986.7261,788813.0191,745456.673,796779.269,397308.6339,87474.0,57523.6103,11106.9837,96922.3526,38091.7006,846.1125
2019-01-08,713017.8023,794532.4158,751446.8609,810015.6498,410202.0977,85296.3,57590.5861,11106.9837,96144.465,38091.7006,845.25
2019-01-09,725126.0979,805893.9202,749643.1428,811404.3207,415094.7067,86973.8,58136.6963,11106.9837,100302.7019,38091.7006,846.975
2019-01-10,727443.7014,800715.5475,747118.6157,809839.6211,415008.3666,88590.3,59242.6554,11106.9837,101622.2599,38091.7006,842.6625
2019-01-11,720301.6989,794532.4158,737586.851,802182.3724,413857.1644,90786.3,59635.9234,11106.9837,102049.8945,38091.7006,848.7
2019-01-12,720301.6989,794532.4158,737586.851,802182.3724,413857.1644,90786.3,59635.9234,11106.9837,102049.8945,38091.7006,848.7
2019-01-13,720301.6989,794532.4158,737586.851,802182.3724,413857.1644,90786.3,59635.9234,11106.9837,102049.8945,38091.7006,848.7
2019-01-14,709470.45,788735.7299,728745.2169,790764.9549,418433.1929,91768.4,57427.44,11106.9837,102172.0758,38091.7006,847.8375
2019-01-15,723990.9452,811613.317,752138.9674,818807.3057,428678.8918,91420.7,59149.9197,11106.9837,104460.9388,38091.7006,849.5625
2019-01-16,732835.6768,814473.0154,754531.2704,823315.5965,424620.9043,90792.4,59428.1268,11106.9837,102510.1107,38091.7006,846.1125
2019-01-17,737187.0956,820192.4122,760961.0213,827931.4603,426808.1884,92549.2,59644.5101,11106.9837,103988.5044,38091.7006,849.5625
2019-01-18,741727.7065,832481.3863,766717.083,829388.5868,431815.9176,95727.3,51907.9486,11106.9837,106224.4222,38091.7006,849.5625
2019-01-19,741727.7065,832481.3863,766717.083,829388.5868,431815.9176,95727.3,51907.9486,11106.9837,106224.4222,38091.7006,849.5625
2019-01-20,741727.7065,832481.3863,766717.083,829388.5868,431815.9176,95727.3,51907.9486,11106.9837,106224.4222,38091.7006,849.5625
2019-01-21,741727.7065,832481.3863,766717.083,829388.5868,431815.9176,95727.3,51907.9486,11106.9837,106224.4222,38091.7006,849.5625
2019-01-22,725078.7999,816791.6897,747125.014,798079.9256,424707.2445,90749.7,51334.3611,11106.9837,105194.0266,38091.7006,847.8375
2019-01-23,728011.2778,824752.4717,750872.4773,801918.3293,415296.1671,91066.9,49388.6288,11106.9837,104880.4279,38091.7006,852.15
2019-01-24,722240.9181,820810.7253,750117.2871,809208.8515,419699.5152,96282.4,50061.8212,11106.9837,107336.2721,38091.7006,851.2875
2019-01-25,746173.7213,828307.7724,762138.2136,816856.3209,428851.5721,97691.5,51011.5035,11106.9837,109124.1917,38091.7006,850.425
2019-01-26,746173.7213,828307.7724,762138.2136,816856.3209,428851.5721,97691.5,51011.5035,11106.9837,109124.1917,38091.7006,850.425
2019-01-27,746173.7213,828307.7724,762138.2136,816856.3209,428851.5721,97691.5,51011.5035,11106.9837,109124.1917,38091.7006,850.425
2019-01-28,739268.2089,812154.341,747357.4354,800876.8261,424419.444,84186.1,50898.1599,11106.9837,108993.865,38091.7006,851.2875
2019-01-29,731605.928,795614.4639,740668.7073,779357.3168,414979.5865,80276.0,51083.6313,11106.9837,108464.3864,38091.7006,850.425
2019-01-30,779200.02,816170.0664,760283.3306,816787.8653,432909.5596,83807.9,53025.9289,11106.9837,110297.1054,38091.7006,853.0125
2019-01-31,784811.2032,801209.2502,779466.7296,840405.05,475731.5598,87687.5,52725.3966,11106.9837,109250.4192,38091.7006,851.2875
2019-02-01,785188.4256,788550.098,775026.2324,798808.8758,472934.6498,88285.3,53616.6897,11106.9837,108663.9491,38091.7006,858.1875
2019-02-02,785188.4256,788550.098,775026.2324,798808.8758,472934.6498,88285.3,53616.6897,11106.9837,108663.9491,38091.7006,858.1875
2019-02-03,785188.4256,788550.098,775026.2324,798808.8758,472934.6498,88285.3,53616.6897,11106.9837,108663.9491,38091.7006,858.1875
2019-02-04,807491.7,811259.8498,790706.304,802286.5923,483037.7736,90999.8,53733.468,11106.9837,110826.5576,38091.7006,847.8375
2019-02-05,821307.4704,822614.7257,798573.7079,814812.266,488488.8942,91469.5,55186.3272,11106.9837,109963.1433,38091.7006,850.425
2019-02-06,821590.3872,813484.7917,777764.0514,805700.4524,486576.721,93330.0,54477.0709,11106.9837,112492.2956,38091.7006,858.1875
2019-02-07,806029.9632,807653.9095,766131.1634,792983.2095,474846.8229,89926.2,52809.5456,11106.9837,109592.5268,38091.7006,858.1875
2019-02-08,803530.8648,810722.7948,763632.4484,780138.254,477558.1132,90383.7,52515.8826,11106.9837,111616.6631,38091.7006,858.1875
2019-02-09,803530.8648,810722.7948,763632.4484,780138.254,477558.1132,90383.7,52515.8826,11106.9837,111616.6631,38091.7006,858.1875
2019-02-10,803530.8648,810722.7948,763632.4484,780138.254,477558.1132,90383.7,52515.8826,11106.9837,111616.6631,38091.7006,858.1875
2019-02-11,798909.8904,807500.4652,763529.9373,781503.798,473162.9689,89334.5,53724.8813,11106.9837,112292.7328,38091.7006,857.325
2019-02-12,805794.1992,820082.8952,781564.6859,804595.2458,471022.4766,92213.7,53547.9966,11106.9837,113787.417,38091.7006,860.775
2019-02-13,802446.3504,819469.1182,781452.6486,805572.7396,468254.1065,93256.8,52922.8893,11106.9837,114573.4499,38091.7006,856.4625
2019-02-14,805369.824,820159.6174,782199.1102,797050.3695,467911.6277,94263.3,52167.2651,11106.9837,114646.7586,38091.7006,856.4625
2019-02-15,803578.0176,830286.9391,776123.6426,789829.687,463773.3425,95977.4,52873.0868,11106.9837,114821.8851,38091.7006,853.0125
2019-02-16,803578.0176,830286.9391,776123.6426,789829.687,463773.3425,95977.4,52873.0868,11106.9837,114821.8851,38091.7006,853.0125
2019-02-17,803578.0176,830286.9391,776123.6426,789829.687,463773.3425,95977.4,52873.0868,11106.9837,114821.8851,38091.7006,853.0125
2019-02-18,803578.0176,830286.9391,776123.6426,789829.687,463773.3425,95977.4,52873.0868,11106.9837,114821.8851,38091.7006,853.0125
2019-02-19,805982.8104,829903.3285,780172.584,799471.9997,463174.0046,95550.4,52790.5953,11106.9837,111566.6242,38091.7006,853.0125
2019-02-20,811169.6184,822077.6707,776489.2489,796780.2079,463944.5819,96715.5,52258.6131,11106.9837,112263.7671,38091.7006,850.425
2019-02-21,806595.7968,839416.8731,764934.4442,795473.6082,456752.5276,94396.62,50301.6787,11106.9837,111281.4294,38091.7006,858.1875
2019-02-22,815601.9816,851385.5261,773911.183,801426.9872,462032.4087,96469.14,50902.7494,11106.9837,109522.7281,38091.7006,853.875
2019-02-23,815601.9816,851385.5261,773911.183,801426.9872,462032.4087,96469.14,50902.7494,11106.9837,109522.7281,38091.7006,853.875
2019-02-24,815601.9816,851385.5261,773911.183,801426.9872,462032.4087,96469.14,50902.7494,11106.9837,109522.7281,38091.7006,853.875
2019-02-25,821543.2344,856142.2984,773798.2241,802134.3194,469823.8009,96166.14,51603.9987,11106.9837,110354.5463,38091.7006,853.875
2019-02-26,822014.7624,862049.9028,777442.8832,803804.4092,468425.3459,95202.6,51446.8221,11106.9837,108928.5722,38091.7006,858.1875
2019-02-27,824561.0136,860592.1822,778069.5496,806108.1508,464658.0793,94178.46,54362.3608,11106.9837,107538.2475,38091.7006,856.4625
2019-02-28,816450.732,859518.0724,780692.1692,805489.2351,460776.6532,93481.56,55250.1493,11106.9837,109071.1696,38091.7006,856.4625
2019-03-01,825032.5416,863354.1791,795630.1113,821158.6073,463145.4647,94808.7,50916.5672,11106.9837,108037.3385,38091.7006,857.325
2019-03-02,825032.5416,863354.1791,795630.1113,821158.6073,463145.4647,94808.7,50916.5672,11106.9837,108037.3385,38091.7006,857.325
2019-03-03,825032.5416,863354.1791,795630.1113,821158.6073,463145.4647,94808.7,50916.5672,11106.9837,108037.3385,38091.7006,857.325
2019-03-04,829181.988,861282.6814,799748.1121,833163.6059,477672.2728,95008.68,49287.8035,11106.9837,108885.0008,38091.7006,858.1875
2019-03-05,827673.0984,856986.2419,810137.4609,831326.5071,488774.2931,94851.12,47764.4,11106.9837,109724.7411,38091.7006,862.5
2019-03-06,822910.6656,857369.8526,807212.7234,819793.0633,492341.7804,92142.3,47712.5836,11106.9837,107482.793,38091.7006,865.0875
2019-03-07,813385.8,846935.6423,797242.4445,798671.339,482695.2949,90451.56,47773.0361,11106.9837,105169.5462,38091.7006,859.9125
2019-03-08,815319.0648,847856.3079,796593.4245,796141.6441,484036.6701,91287.84,49077.0833,11106.9837,104646.6891,38091.7006,859.9125
2019-03-09,815319.0648,847856.3079,796593.4245,796141.6441,484036.6701,91287.84,49077.0833,11106.9837,104646.6891,38091.7006,859.9125
2019-03-10,815319.0648,847856.3079,796593.4245,796141.6441,484036.6701,91287.84,49077.0833,11106.9837,104646.6891,38091.7006,859.9125
2019-03-11,843563.592,865655.8431,818501.5533,820613.3721,491086.0249,97650.84,50248.135,11106.9837,106575.7151,38091.7006,859.05
2019-03-12,853041.3048,871716.8917,830803.0492,821831.5553,490657.9264,98487.12,48942.3606,11106.9837,106801.4943,38091.7006,856.4625
2019-03-13,856813.5288,878468.4396,831431.7121,830530.7584,494796.2116,102183.72,49909.6009,11106.9837,107427.3384,38091.7006,858.1875
2019-03-14,866338.3944,879158.9388,826430.172,828276.1372,485663.4443,100329.36,50082.3224,11106.9837,106235.0657,38091.7006,858.1875
2019-03-15,877607.9136,889286.2605,825304.6234,841116.1807,473705.227,102904.86,47572.6792,11106.9837,114910.0366,38091.7006,860.775
2019-03-16,877607.9136,889286.2605,825304.6234,841116.1807,473705.227,102904.86,47572.6792,11106.9837,114910.0366,38091.7006,860.775
2019-03-17,877607.9136,889286.2605,825304.6234,841116.1807,473705.227,102904.86,47572.6792,11106.9837,114910.0366,38091.7006,860.775
2019-03-18,886566.9456,902022.1348,824665.5135,855749.1148,457979.7432,102383.7,46546.7135,11106.9837,116315.2887,38091.7006,861.6375
2019-03-19,879541.1784,902635.9119,834588.8963,865425.8117,461119.132,106480.26,46197.8161,11106.9837,118480.5645,38091.7006,860.775
2019-03-20,887227.0848,901638.5242,851680.9569,882824.2181,472164.0725,105686.4,47256.5988,11106.9837,115202.9624,38091.7006,859.9125
2019-03-21,919903.9752,922353.5005,857630.7145,893625.7697,473990.626,111467.64,47329.1419,11106.9837,117486.9919,38091.7006,857.325
2019-03-22,900854.244,898032.5839,838740.8496,866860.1242,469024.6837,107565.0,45690.015,11106.9837,115844.2324,38091.7006,858.1875
2019-03-23,900854.244,898032.5839,838740.8496,866860.1242,469024.6837,107565.0,45690.015,11106.9837,115844.2324,38091.7006,858.1875
2019-03-24,900854.244,898032.5839,838740.8496,866860.1242,469024.6837,107565.0,45690.015,11106.9837,115844.2324,38091.7006,858.1875
2019-03-25,889961.9472,902712.6341,830770.479,871521.6396,474589.9638,105310.68,44980.1296,11106.9837,115650.268,38091.7006,859.9125
2019-03-26,880767.1512,904630.6874,825215.8242,876188.0671,478557.0097,107183.22,46249.6326,11106.9837,117578.0364,38091.7006,863.3625
2019-03-27,888688.8216,895884.3641,817077.4577,867316.9429,473391.2881,106959.0,47469.0463,11106.9837,117158.44,38091.7006,861.6375
2019-03-28,889867.6416,897111.9182,813537.884,871109.0292,472478.0114,107413.5,48123.6607,11106.9837,118385.5615,38091.7006,862.2844
2019-03-29,895667.436,904860.8538,816824.1569,874709.5464,475731.5598,108813.36,48337.8354,11106.9837,119034.7484,38091.7006,864.225
2019-03-30,895667.436,904860.8538,816824.1569,874709.5464,475731.5598,108813.36,48337.8354,11106.9837,119034.7484,38091.7006,864.225
2019-03-31,895667.436,904860.8538,816824.1569,874709.5464,475731.5598,108813.36,48337.8354,11106.9837,119034.7484,38091.7006,864.225
2019-04-01,901750.1472,913146.8443,831819.4423,891135.371,481468.0793,110916.3549,49947.5996,11106.9837,121045.6444,38091.7006,861.6375
2019-04-02,914858.6256,914451.1206,836193.5856,891032.2184,497165.0232,111354.4708,49377.6187,11106.9837,119961.0273,38091.7006,862.5
2019-04-03,921129.948,920435.4471,839916.8273,894333.1018,495281.3899,114774.2092,50401.8571,11106.9837,120416.2498,38091.7006,864.225
2019-04-04,922733.1432,915755.3969,846087.1637,893429.2885,502359.2846,114555.1512,46251.3598,11106.9837,119545.3893,38091.7006,859.9125
2019-04-05,928910.16,919821.67,840581.5563,902477.2457,501503.0877,116192.0011,47491.5001,11106.9837,120447.9174,38091.7006,863.3625
2019-04-06,928910.16,919821.67,840581.5563,902477.2457,501503.0877,116192.0011,47491.5001,11106.9837,120447.9174,38091.7006,863.3625
2019-04-07,928910.16,919821.67,840581.5563,902477.2457,501503.0877,116192.0011,47491.5001,11106.9837,120447.9174,38091.7006,863.3625
2019-04-08,943527.528,920128.5586,838325.6572,908656.5781,499248.4357,116703.1364,47187.5102,11106.9837,120527.0866,38091.7006,865.0875
2019-04-09,940698.36,915141.6198,834067.0064,901769.9136,506811.5087,115163.6456,47033.7881,11106.9837,120119.3655,38091.7006,862.5
2019-04-10,945979.4736,922123.3341,837109.35,907413.8348,507496.4662,116891.7696,47681.4937,11106.9837,121726.4989,38091.7006,862.5
2019-04-11,938104.956,923197.444,839038.8952,907380.906,506611.7294,116551.0128,46361.9015,11106.9837,122478.6057,38091.7006,861.6375
2019-04-12,937727.7336,927954.2163,848214.6259,906883.932,511440.6187,115620.0164,46237.5421,11106.9837,125494.9496,38091.7006,862.5
2019-04-13,937727.7336,927954.2163,848214.6259,906883.932,511440.6187,115620.0164,46237.5421,11106.9837,125494.9496,38091.7006,862.5
2019-04-14,937727.7336,927954.2163,848214.6259,906883.932,511440.6187,115620.0164,46237.5421,11106.9837,125494.9496,38091.7006,862.5
2019-04-15,939425.2344,928721.4376,850643.9757,907774.5487,513011.2069,112388.9112,46009.5497,11106.9837,125245.5668,38091.7006,868.5375
2019-04-16,939519.54,926573.2179,854626.2418,916715.1589,510783.8273,114524.7265,47215.1457,11106.9837,126076.8427,38091.7006,868.5375
2019-04-17,957814.8264,934245.4313,860712.7335,917591.0139,510526.822,113964.9117,46847.2489,11106.9837,126880.4094,38091.7006,866.8125
2019-04-18,961256.9808,946520.9728,861153.0049,916050.8868,509099.0146,113362.5022,47197.8735,11106.9837,126124.3442,38091.7006,866.8125
2019-04-19,961256.9808,946520.9728,861153.0049,916050.8868,509099.0146,113362.5022,47197.8735,11106.9837,126124.3442,38091.7006,866.8125
2019-04-20,961256.9808,946520.9728,861153.0049,916050.8868,509099.0146,113362.5022,47197.8735,11106.9837,126124.3442,38091.7006,866.8125
2019-04-21,961256.9808,946520.9728,861153.0049,916050.8868,509099.0146,113362.5022,47197.8735,11106.9837,126124.3442,38091.7006,866.8125
2019-04-22,964416.2184,949513.1361,869763.9063,928657.2948,518122.7575,114682.935,45382.5707,11106.9837,124691.3829,38091.7006,863.3625
2019-04-23,978326.2944,962402.4547,881046.6274,946597.5616,524804.8962,116021.6227,45581.2004,11106.9837,124944.7241,38091.7006,867.675
2019-04-24,976817.4048,957928.8682,874460.7549,935762.5458,521378.1584,116325.8699,44676.1398,11106.9837,124426.1663,38091.7006,871.125
2019-04-25,967952.6784,989652.9344,879588.2732,936008.5725,551699.3224,113733.6838,42771.0218,11106.9837,123432.5937,38091.7006,869.4
2019-04-26,963331.704,995323.4196,886092.7976,960357.1322,546646.5034,108366.7634,40613.7305,11106.9837,122874.4513,38091.7006,872.85
2019-04-27,963331.704,995323.4196,886092.7976,960357.1322,546646.5034,108366.7634,40613.7305,11106.9837,122874.4513,38091.7006,872.85
2019-04-28,963331.704,995323.4196,886092.7976,960357.1322,546646.5034,108366.7634,40613.7305,11106.9837,122874.4513,38091.7006,872.85
2019-04-29,964793.4408,994403.8815,897889.1491,954350.6846,556038.4664,109121.2964,41948.3618,11106.9837,123788.8548,38091.7006,871.125
2019-04-30,946215.2376,1000764.0204,828476.8708,948487.0131,552098.9804,110137.4821,41465.418,11106.9837,126037.2581,38091.7006,872.85
2019-05-01,969925.4277,979921.1556,812623.3062,941102.0365,551042.7414,109814.98,40652.4046,11106.9837,126235.181,38091.7006,872.85
2019-05-02,962314.8363,967124.2497,808393.3636,935834.0865,549615.3914,111470.0847,42405.2475,11106.9837,125015.9763,38091.7006,871.125
2019-05-03,974277.6313,987737.2299,824295.8572,966181.4171,558008.2094,111360.5558,45081.244,11106.9837,124972.4333,38091.7006,871.125
2019-05-04,974277.6313,987737.2299,824295.8572,966181.4171,558008.2094,111360.5558,45081.244,11106.9837,124972.4333,38091.7006,871.125
2019-05-05,974277.6313,987737.2299,824295.8572,966181.4171,558008.2094,111360.5558,45081.244,11106.9837,124972.4333,38091.7006,871.125
2019-05-06,959232.116,981990.1164,827040.0734,960317.7457,553469.2364,109437.7135,45254.255,11106.9837,123333.6323,38091.7006,871.125
2019-05-07,933374.0745,961836.9053,816647.7541,945769.3417,541736.4194,105336.4614,43786.7793,11106.9837,121639.4129,38091.7006,870.2625
2019-05-08,933558.1175,961760.2771,811131.1479,944179.1101,541079.8384,105829.3419,43393.3257,11106.9837,120095.6148,38091.7006,871.9875
2019-05-09,923527.774,961683.649,808779.0643,935366.3713,538539.1554,103559.6579,42886.444,11106.9837,120360.8314,38091.7006,867.675
2019-05-10,907239.9685,974174.0422,809374.773,930497.21,537654.1984,102726.0206,42450.4549,11106.9837,120321.2468,38091.7006,869.4
2019-05-11,907239.9685,974174.0422,809374.773,930497.21,537654.1984,102726.0206,42450.4549,11106.9837,120321.2468,38091.7006,869.4
2019-05-12,907239.9685,974174.0422,809374.773,930497.21,537654.1984,102726.0206,42450.4549,11106.9837,120321.2468,38091.7006,869.4
2019-05-13,854511.649,945208.5904,787376.3751,897363.2815,518242.2384,96415.9339,40233.2906,11106.9837,116133.1997,38091.7006,867.675
2019-05-14,868038.8095,955783.2792,779284.9102,905949.5477,515929.9314,98600.4287,41172.6168,11106.9837,119545.3893,38091.7006,869.4173
2019-05-15,878437.239,965668.3143,810372.2387,921226.6027,531744.9694,97103.5325,41108.8135,11106.9837,120483.5435,38091.7006,871.125
2019-05-16,874572.336,987967.1144,820280.9221,939157.3259,533800.3534,97555.71,40467.236,11106.9837,117680.9563,38091.7006,871.125
2019-05-17,869603.175,981377.091,809010.7351,920168.0893,528975.9104,95326.77,37401.1335,11106.9837,114751.6984,38091.7006,871.125
2019-05-18,869603.175,981377.091,809010.7351,920168.0893,528975.9104,95326.77,37401.1335,11106.9837,114751.6984,38091.7006,871.125
2019-05-19,869603.175,981377.091,809010.7351,920168.0893,528975.9104,95326.77,37401.1335,11106.9837,114751.6984,38091.7006,871.125
2019-05-20,842410.8218,967200.8779,792514.5032,915230.0016,521610.7844,92415.75,36577.7535,11106.9837,107903.5685,38091.7006,870.2625
2019-05-21,858560.595,972411.594,799675.7433,914516.1206,527605.6544,94431.54,36527.8812,11106.9837,108988.1856,38091.7006,870.2625
2019-05-22,840984.4885,978311.9638,800795.8106,915579.5572,529033.0044,92689.8,34328.1575,11106.9837,106569.5686,38091.7006,870.2625
2019-05-23,826629.1345,966894.3651,793447.2932,893818.4927,516329.5894,89717.88,34819.7557,11106.9837,102955.4977,38091.7006,867.675
2019-05-24,823454.3927,967354.1342,788563.257,897658.6805,516871.9824,88396.35,33954.1154,11106.9837,101312.7382,38091.7006,868.5375
2019-05-25,823454.3927,967354.1342,788563.257,897658.6805,516871.9824,88396.35,33954.1154,11106.9837,101312.7382,38091.7006,868.5375
2019-05-26,823454.3927,967354.1342,788563.257,897658.6805,516871.9824,88396.35,33954.1154,11106.9837,101312.7382,38091.7006,868.5375
2019-05-27,823454.3927,967354.1342,788563.257,897658.6805,516871.9824,88396.35,33954.1154,11106.9837,101312.7382,38091.7006,868.5375
2019-05-28,820049.5972,966741.1088,789122.474,904132.8434,526149.7574,87287.97,33610.353,11106.9837,100734.8036,38091.7006,868.5375
2019-05-29,816138.6835,957392.4709,776218.4741,895645.0436,520097.7934,85467.06,33816.9667,11106.9837,100592.2991,38091.7006,869.4
2019-05-30,820371.6725,963446.0971,777246.4432,894232.0514,522438.6474,84717.99,33524.8576,11106.9837,101581.9133,38091.7006,869.4
2019-05-31,805510.2003,947737.3203,767114.474,873923.3656,506623.6094,82495.14,32979.8249,11106.9837,99610.6019,38091.7006,869.4
2019-06-01,805510.2003,947737.3203,767114.474,873923.3656,506623.6094,82495.14,32979.8249,11106.9837,99610.6019,38091.7006,869.4
2019-06-02,805510.2003,947737.3203,767114.474,873923.3656,506623.6094,82495.14,32979.8249,11106.9837,99610.6019,38091.7006,869.4
2019-06-03,797366.2975,918312.0995,720206.2659,833365.0739,468599.0053,81472.02,31877.2913,11106.9837,100220.2042,38091.7006,871.125
2019-06-04,826537.113,943752.655,731538.1491,851517.3465,478162.2503,87087.0,34483.1178,11106.9837,105176.1919,38091.7006,871.125
2019-06-05,839880.2305,964212.3789,724335.7426,855918.7926,480074.8993,86039.52,35015.6825,11106.9837,105184.1088,38091.7006,871.125
2019-06-06,852211.1115,979461.3865,726130.2477,863727.1745,480531.6513,87562.02,36682.8415,11106.9837,107982.7376,38091.7006,870.2625
2019-06-07,874894.4112,1006894.2747,740843.5866,888181.2939,494862.2453,88609.5,36424.5744,11106.9837,108806.0966,38091.7006,871.125
2019-06-08,874894.4112,1006894.2747,740843.5866,888181.2939,494862.2453,88609.5,36424.5744,11106.9837,108806.0966,38091.7006,871.125
2019-06-09,874894.4112,1006894.2747,740843.5866,888181.2939,494862.2453,88609.5,36424.5744,11106.9837,108806.0966,38091.7006,871.125
2019-06-10,886075.0235,1016089.6562,750815.1783,916047.2724,499058.6543,90393.87,37917.1804,11106.9837,110919.9124,38091.7006,870.2625
2019-06-11,896335.4208,1012258.2472,749643.3711,917558.7309,508422.0704,91806.75,38668.8269,11106.9837,112214.3277,38091.7006,870.0038
2019-06-12,893482.7542,1007583.9283,748389.422,913432.9906,499686.6884,89035.8,37272.4031,11106.9837,110729.9065,38091.7006,871.125
2019-06-13,893298.7112,1013944.0672,756594.7047,920808.1207,506623.6094,90290.34,38100.6391,11106.9837,111474.0963,38091.7006,870.2625
2019-06-14,886811.1955,1014940.2335,753804.0974,920497.9516,517642.7514,88085.76,38280.5355,11106.9837,105859.7061,38091.7006,871.125
2019-06-15,886811.1955,1014940.2335,753804.0974,920497.9516,517642.7514,88085.76,38280.5355,11106.9837,105859.7061,38091.7006,871.125
2019-06-16,886811.1955,1014940.2335,753804.0974,920497.9516,517642.7514,88085.76,38280.5355,11106.9837,105859.7061,38091.7006,871.125
2019-06-17,892102.4317,1018005.3607,758909.9322,928552.4995,539566.8474,88323.27,40081.281,11106.9837,105875.629,38091.7006,871.125
2019-06-18,913083.3337,1035706.4701,766696.7156,936104.8689,538025.3094,93103.92,40029.6276,11106.9837,110684.3578,38091.7006,871.125
2019-06-19,910414.7103,1039767.7636,765989.2884,939757.9707,535199.1564,93250.08,40330.6424,11106.9837,110461.4366,38091.7006,871.9875
2019-06-20,917730.4195,1049422.9141,772170.8814,944385.8894,541051.2914,93846.9,39117.6774,11106.9837,111082.4314,38091.7006,871.9875
2019-06-21,914601.6885,1049576.1705,779984.5027,940993.7235,545647.3584,92421.84,39516.6556,11106.9837,109068.1791,38091.7006,878.8875
2019-06-22,914601.6885,1049576.1705,779984.5027,940993.7235,545647.3584,92421.84,39516.6556,11106.9837,109068.1791,38091.7006,878.8875
2019-06-23,914601.6885,1049576.1705,779984.5027,940993.7235,545647.3584,92421.84,39516.6556,11106.9837,109068.1791,38091.7006,878.8875
2019-06-24,913681.4735,1055783.053,774823.6561,942273.7861,549815.2204,92969.94,39833.7008,11106.9837,111142.1424,38091.7006,875.4375
2019-06-25,899832.2378,1022449.7951,754588.6995,924732.0049,539081.5484,92251.32,39142.6135,11106.9837,110071.3245,38091.7006,873.7125
2019-06-26,919294.785,1026281.204,749812.2797,934362.0144,535713.0024,96989.34,39055.337,11106.9837,112033.8272,38091.7006,874.575
2019-06-27,919018.7205,1027967.024,747213.3664,937537.5544,540965.6504,99407.07,39691.2085,11106.9837,113733.6014,38091.7006,872.85
2019-06-28,910644.764,1026511.0886,751025.0005,932294.221,550957.1004,100016.07,39801.64,11106.9837,114589.4596,38091.7006,874.575
2019-06-29,910644.764,1026511.0886,751025.0005,932294.221,550957.1004,100016.07,39801.64,11106.9837,114589.4596,38091.7006,874.575
2019-06-30,910644.764,1026511.0886,751025.0005,932294.221,550957.1004,100016.07,39801.64,11106.9837,114589.4596,38091.7006,874.575
2019-07-01,927346.6663,1039691.1354,762906.5484,946355.2165,550957.1004,101197.53,40462.4477,11106.9837,119561.3986,38091.7006,871.9875
2019-07-02,932775.9347,1046587.6715,771914.0954,952322.2776,556666.5004,98798.07,39995.7857,11106.9837,117563.0692,38091.7006,874.575
2019-07-03,940505.7408,1053330.9513,779104.9965,954631.3137,562946.8404,99114.75,41839.2788,11106.9837,113407.1811,38091.7006,874.575
2019-07-04,940505.7408,1053330.9513,779104.9965,954631.3137,562946.8404,99114.75,41839.2788,11106.9837,113407.1811,38091.7006,874.575
2019-07-05,939677.5473,1050265.8241,785946.2699,956556.3309,560663.0804,97580.07,41518.6713,11106.9837,112519.477,38091.7006,873.7125
2019-07-06,939677.5473,1050265.8241,785946.2699,956556.3309,560663.0804,97580.07,41518.6713,11106.9837,112519.477,38091.7006,873.7125
2019-07-07,939677.5473,1050265.8241,785946.2699,956556.3309,560663.0804,97580.07,41518.6713,11106.9837,112519.477,38091.7006,873.7125
2019-07-08,920307.0215,1049499.5423,775161.0745,961189.1729,558836.0724,95740.89,41027.0731,11106.9837,109454.3105,38091.7006,876.3
2019-07-09,925920.333,1045668.1334,780732.008,978903.2702,568684.7874,95801.79,40977.2009,11106.9837,109681.2124,38091.7006,876.7313
2019-07-10,935076.4722,1056319.4503,791909.9506,993235.0482,578733.3314,97476.54,42555.3022,11106.9837,109271.1966,38091.7006,879.75
2019-07-11,928266.8813,1060534.0001,794318.7635,985190.347,574451.2814,101264.52,42498.3053,11106.9837,109892.1914,38091.7006,877.1625
2019-07-12,935398.5475,1064365.4091,794981.7354,990079.2015,584842.3894,102074.49,43652.4923,11106.9837,113606.2179,38091.7006,878.025
2019-07-13,935398.5475,1064365.4091,794981.7354,990079.2015,584842.3894,102074.49,43652.4923,11106.9837,113606.2179,38091.7006,878.025
2019-07-14,935398.5475,1064365.4091,794981.7354,990079.2015,584842.3894,102074.49,43652.4923,11106.9837,113606.2179,38091.7006,878.025
2019-07-15,944186.6008,1064365.4091,798671.2905,994997.596,582101.8774,101867.43,45152.223,11106.9837,114780.5349,38091.7006,878.8875
2019-07-16,940919.8375,1050419.0805,800827.0551,989537.6366,581902.0484,101751.72,44952.7339,11106.9837,113104.6451,38091.7006,878.8875
2019-07-17,935628.6013,1044212.198,795972.2535,980739.6677,576078.4604,103353.39,45394.4598,11106.9837,113482.815,38091.7006,875.4375
2019-07-18,946257.0845,1045361.6206,796126.1769,973783.0198,573166.6664,103639.62,45159.3476,11106.9837,115353.7609,38091.7006,876.3
2019-07-19,932131.7843,1044186.66,785032.8622,967195.6206,566258.2924,102579.96,45985.8025,11106.9837,115441.337,38091.7006,878.025
2019-07-20,932131.7843,1044186.66,785032.8622,967195.6206,566258.2924,102579.96,45985.8025,11106.9837,115441.337,38091.7006,878.025
2019-07-21,932131.7843,1044186.66,785032.8622,967195.6206,566258.2924,102579.96,45985.8025,11106.9837,115441.337,38091.7006,878.025
2019-07-22,953434.7615,1058020.49,790465.9458,977588.7444,577562.9044,104333.88,45540.5143,11106.9837,117889.4895,38091.7006,879.75
2019-07-23,960888.503,1064593.47,796342.9862,981950.8039,577677.0924,106976.94,46340.2519,11106.9837,119732.5702,38091.7006,879.75
2019-07-24,960106.3202,1075522.96,790537.1548,985062.3407,584242.9024,108803.94,47179.1748,11106.9837,120922.8102,38091.7006,880.6125
2019-07-25,952514.5465,1071472.17,787200.053,971774.3061,572615.6945,105588.42,40756.3379,11106.9837,119577.3215,38091.7006,878.025
2019-07-26,955827.3205,1080261.62,865356.9366,961141.3699,569876.862,106617.63,40617.408,11106.9837,119788.3005,38091.7006,882.3375
2019-07-27,955827.3205,1080261.62,865356.9366,961141.3699,569876.862,106617.63,40617.408,11106.9837,119788.3005,38091.7006,882.3375
2019-07-28,955827.3205,1080261.62,865356.9366,961141.3699,569876.862,106617.63,40617.408,11106.9837,119788.3005,38091.7006,882.3375
2019-07-29,964753.406,1077892.29,860189.2353,946004.8959,559007.1206,106465.38,42232.8291,11106.9837,120114.7208,38091.7006,881.475
2019-07-30,960612.4385,1072695.05,850433.2417,939119.2842,562145.3661,106849.05,43395.3649,11106.9837,119246.9204,38091.7006,884.0625
2019-07-31,962766.1072,1041511.61,844134.5494,923413.9557,554128.5752,102750.48,43278.9322,11106.9837,115437.3563,38091.7006,878.8875
2019-08-01,941932.6874,1054144.6218,839219.675,917745.1977,549849.1495,100436.28,41888.9048,11106.9837,113586.3142,38091.7006,879.75
2019-08-02,922003.1036,1045287.5469,828662.803,901876.6328,539264.7031,98164.71,41976.6772,11106.9837,110875.4331,38091.7006,884.0625
2019-08-03,922003.1036,1045287.5469,828662.803,901876.6328,539264.7031,98164.71,41976.6772,11106.9837,110875.4331,38091.7006,884.0625
2019-08-04,922003.1036,1045287.5469,828662.803,901876.6328,539264.7031,98164.71,41976.6772,11106.9837,110875.4331,38091.7006,884.0625
2019-08-05,873738.2612,1009477.4768,799801.173,873132.1718,518466.694,91831.11,40898.3312,11106.9837,106548.3734,38091.7006,878.025
2019-08-06,890278.46,1028413.2921,811606.1554,884360.8633,526397.8964,92781.15,41333.6104,11106.9837,106062.7236,38091.7006,881.475
2019-08-07,899497.5872,1032918.1836,814662.4909,887116.0973,528223.7847,93719.01,41811.8801,11106.9837,107499.7692,38091.7006,878.025
2019-08-08,919336.7874,1060482.0116,835855.014,906650.0633,542517.0667,96380.34,42686.0211,11106.9837,107869.9776,38091.7006,878.025
2019-08-09,908309.9882,1051472.2285,824051.4593,894130.3196,535926.751,93895.62,42096.6924,11106.9837,109760.8271,38091.7006,878.8875
2019-08-10,908309.9882,1051472.2285,824051.4593,894130.3196,535926.751,93895.62,42096.6924,11106.9837,109760.8271,38091.7006,878.8875
2019-08-11,908309.9882,1051472.2285,824051.4593,894130.3196,535926.751,93895.62,42096.6924,11106.9837,109760.8271,38091.7006,878.8875
2019-08-12,906005.2064,1036812.2424,814474.1893,882921.4143,528851.4338,92233.05,41021.929,11106.9837,109725.0005,38091.7006,882.3375
2019-08-13,944373.0446,1058267.7428,830010.7344,902420.7544,537638.5213,95034.45,42094.9012,11106.9837,112933.4735,38091.7006,882.3375
2019-08-14,916263.745,1022992.1514,807303.8532,872058.7682,512703.734,91392.63,39339.9242,11106.9837,108100.8603,38091.7006,884.0625
2019-08-15,911699.3732,1020701.5286,810041.111,878568.4414,520920.2314,90600.93,38626.9978,11106.9837,106938.4855,38091.7006,883.2
2019-08-16,933210.67,1039408.2816,817065.5932,886705.5328,524087.0065,97172.04,39397.2449,11106.9837,108984.5836,38091.7006,883.2
2019-08-17,933210.67,1039408.2816,817065.5932,886705.5328,524087.0065,97172.04,39397.2449,11106.9837,108984.5836,38091.7006,883.2
2019-08-18,933210.67,1039408.2816,817065.5932,886705.5328,524087.0065,97172.04,39397.2449,11106.9837,108984.5836,38091.7006,883.2
2019-08-19,950609.513,1056817.0151,831645.6101,898354.682,531133.7942,104005.02,40631.4316,11106.9837,110974.9515,38091.7006,883.6313
2019-08-20,950654.7048,1048036.2942,820346.4405,891063.4523,524400.831,102232.83,40457.6782,11106.9837,111607.8885,38091.7006,872.85
2019-08-21,960958.4352,1059718.4706,826117.306,902025.0296,523659.0639,104279.07,39556.6682,11106.9837,114446.1531,38091.7006,884.0625
2019-08-22,960144.9828,1052006.7071,825460.4968,893150.9007,519351.1087,104431.32,39793.1161,11106.9837,114493.9219,38091.7006,884.0625
2019-08-23,915766.6352,1018487.2599,799041.7817,865460.057,507111.951,98925.96,37867.4983,11106.9837,108327.7622,38091.7006,879.3188
2019-08-24,915766.6352,1018487.2599,799041.7817,865460.057,507111.951,98925.96,37867.4983,11106.9837,108327.7622,38091.7006,879.3188
2019-08-25,915766.6352,1018487.2599,799041.7817,865460.057,507111.951,98925.96,37867.4983,11106.9837,108327.7622,38091.7006,879.3188
2019-08-26,933165.4782,1034216.2032,811245.5927,874982.1853,514558.1518,100759.05,38512.3564,11106.9837,110353.9567,38091.7006,881.475
2019-08-27,922635.7888,1036430.472,810740.2514,871499.8069,517239.9253,98536.2,38347.5593,11106.9837,109697.1353,38091.7006,879.75
2019-08-28,928827.0654,1035056.0983,812864.56,872696.8745,518552.2825,98182.98,38618.0415,11106.9837,109892.1914,38091.7006,878.8875
2019-08-29,944553.8118,1054602.7463,827568.9037,883653.5052,529422.0239,101703.0,39714.3002,11106.9837,112802.1092,38091.7006,877.1625
2019-08-30,943333.6332,1052617.5399,824610.966,878652.5329,529707.319,102013.59,40412.8964,11106.9837,112511.5155,38091.7006,884.0625
2019-08-31,943333.6332,1052617.5399,824610.966,878652.5329,529707.319,102013.59,40412.8964,11106.9837,112511.5155,38091.7006,884.0625
2019-09-01,943333.6332,1052617.5399,824610.966,878652.5329,529707.319,102013.59,40412.8964,11106.9837,112511.5155,38091.7006,884.0625
2019-09-02,943333.6332,1052617.5399,824610.966,878652.5329,529707.319,102013.59,40412.8964,11106.9837,112511.5155,38091.7006,884.0625
2019-09-03,929595.326,1038721.0948,810534.1377,885355.1219,520349.6413,99979.53,40305.42,11106.9837,109092.0635,38091.7006,882.3375
2019-09-04,945367.2642,1050861.3957,819465.3464,890687.5137,533901.1562,102774.84,39529.7991,11106.9837,112662.7835,38091.7006,882.5531
2019-09-05,963850.7104,1069339.0865,840230.3553,910523.2199,544628.2501,109461.66,41124.0315,11106.9837,115847.3721,38091.7006,882.3375
2019-09-06,963760.3268,1062085.4475,835945.1558,906956.7501,534899.6889,108797.85,40742.4905,11106.9837,116201.6576,38091.7006,878.8875
2019-09-07,963760.3268,1062085.4475,835945.1558,906956.7501,534899.6889,108797.85,40742.4905,11106.9837,116201.6576,38091.7006,878.8875
2019-09-08,963760.3268,1062085.4475,835945.1558,906956.7501,534899.6889,108797.85,40742.4905,11106.9837,116201.6576,38091.7006,878.8875
2019-09-09,967872.7806,1050021.5007,835413.5085,905888.2931,538522.936,109924.5,41519.9027,11106.9837,116480.3091,38091.7006,878.8875
2019-09-10,979306.306,1039026.5112,836141.5723,900546.0081,531133.7942,111556.62,42191.6299,11106.9837,117208.7837,38091.7006,878.8875
2019-09-11,1010443.4562,1039331.9275,846008.99,901752.9688,537752.6394,112256.97,44262.3408,11106.9837,118629.9064,38091.7006,879.75
2019-09-12,1008161.2703,1050021.5007,856059.3242,911923.0965,534842.6299,112220.43,44042.0143,11106.9837,119652.9555,38091.7006,879.75
2019-09-13,988570.625,1048494.4188,859660.5713,909840.5946,534043.8037,110801.46,43921.999,11106.9837,115161.4588,38091.7006,883.2
2019-09-14,988570.625,1048494.4188,859660.5713,909840.5946,534043.8037,110801.46,43921.999,11106.9837,115161.4588,38091.7006,883.2
2019-09-15,988570.625,1048494.4188,859660.5713,909840.5946,534043.8037,110801.46,43921.999,11106.9837,115161.4588,38091.7006,883.2
2019-09-16,993767.682,1040935.3635,853887.91,894258.9302,531276.4417,109747.89,43493.8849,11106.9837,114502.9853,38091.7006,881.475
2019-09-17,997383.026,1049028.8975,852526.2206,901535.3201,536582.9297,110271.63,43848.5568,11106.9837,114570.4194,38091.7006,881.475
2019-09-18,1006737.7286,1057656.9101,854628.5308,899017.521,536754.1067,109607.82,43615.6914,11106.9837,114138.0482,38091.7006,881.475
2019-09-19,998558.0128,1077127.2041,858932.3818,901015.9313,542460.0077,107756.46,44172.7771,11106.9837,115288.3935,38091.7006,881.475
2019-09-20,983961.0614,1064681.4867,852802.3813,887492.0359,541860.8881,105168.21,43101.5962,11106.9837,112757.6339,38091.7006,886.65
2019-09-21,983961.0614,1064681.4867,852802.3813,887492.0359,541860.8881,105168.21,43101.5962,11106.9837,112757.6339,38091.7006,886.65
2019-09-22,983961.0614,1064681.4867,852802.3813,887492.0359,541860.8881,105168.21,43101.5962,11106.9837,112757.6339,38091.7006,886.65
2019-09-23,988435.0496,1062390.8639,855887.409,883109.3836,532988.212,106477.56,43210.8639,11106.9837,113233.6389,38091.7006,884.0625
2019-09-24,983735.1024,1048952.5434,844947.3722,861497.8623,517182.8663,105070.77,39982.991,11106.9837,111984.1259,38091.7006,882.3375
2019-09-25,998874.3554,1064070.654,864147.6915,874715.071,521519.351,108542.07,40966.3996,11106.9837,109389.8991,38091.7006,883.2
2019-09-26,993722.4902,1065445.0277,861068.2912,860622.3211,513844.9142,108000.06,43449.1031,11106.9837,109842.1038,38091.7006,885.7875
2019-09-27,988886.9676,1051624.9367,849752.9863,853504.2211,505257.5332,104601.84,43372.0784,11106.9837,108743.3257,38091.7006,885.7875
2019-09-28,988886.9676,1051624.9367,849752.9863,853504.2211,505257.5332,104601.84,43372.0784,11106.9837,108743.3257,38091.7006,885.7875
2019-09-29,988886.9676,1051624.9367,849752.9863,853504.2211,505257.5332,104601.84,43372.0784,11106.9837,108743.3257,38091.7006,885.7875
2019-09-30,1012160.7446,1061550.9689,845943.3651,858678.323,508053.4247,106008.63,43146.3781,11106.9837,109508.9003,38091.7006,879.75
2019-10-01,1014962.6362,1046585.5665,835904.865,858549.7124,501577.2271,105966.0,43830.6441,11106.9837,109024.962,38091.7006,882.3375
2019-10-02,989519.6528,1028107.8757,816289.7032,847459.5246,498125.157,105381.36,43551.2056,11106.9837,107128.8757,38091.7006,881.475
2019-10-03,997925.3276,1040553.593,824155.8304,852994.7254,511762.2603,110417.79,41742.0205,11106.9837,108858.3602,38091.7006,882.3375
2019-10-04,1025899.0518,1054602.7463,838951.2789,860528.3365,514814.9174,110819.73,41455.4169,11106.9837,111635.0556,38091.7006,885.7875
2019-10-05,1025899.0518,1054602.7463,838951.2789,860528.3365,514814.9174,110819.73,41455.4169,11106.9837,111635.0556,38091.7006,885.7875
2019-10-06,1025899.0518,1054602.7463,838951.2789,860528.3365,514814.9174,110819.73,41455.4169,11106.9837,111635.0556,38091.7006,885.7875
2019-10-07,1026125.0108,1046967.3369,837587.3112,857070.6909,512618.1455,112256.97,42582.1273,11106.9837,109512.867,38091.7006,884.0625
2019-10-08,1014103.992,1035895.9933,824863.5727,843640.7801,507111.951,107933.07,42999.4937,11106.9837,107232.0101,38091.7006,882.3375
2019-10-09,1025989.4354,1055518.9955,833708.8215,851792.7113,513103.1471,110052.39,43801.9838,11106.9837,108350.6216,38091.7006,882.3375
2019-10-10,1039818.1262,1062085.4475,838348.0179,850936.9564,513616.6782,111465.27,43839.6005,11106.9837,108866.2936,38091.7006,883.2
2019-10-11,1067475.5078,1066513.985,842874.9506,856704.6455,525484.9522,113267.91,44403.8513,11106.9837,111428.7868,38091.7006,882.3375
2019-10-12,1067475.5078,1066513.985,842874.9506,856704.6455,525484.9522,113267.91,44403.8513,11106.9837,111428.7868,38091.7006,882.3375
2019-10-13,1067475.5078,1066513.985,842874.9506,856704.6455,525484.9522,113267.91,44403.8513,11106.9837,111428.7868,38091.7006,882.3375
2019-10-14,1065938.9866,1065521.3818,844166.2271,858935.5441,522888.7673,113596.77,46028.5353,11106.9837,111726.2899,38091.7006,882.3375
2019-10-15,1063453.4376,1080983.0858,861652.5326,874245.1478,538893.8196,119589.33,46195.1237,11106.9837,115161.4588,38091.7006,881.475
2019-10-16,1059160.2166,1080504.3287,862131.3367,879216.4407,540776.7669,118273.89,46528.3003,11106.9837,114431.5846,38091.7006,883.2
2019-10-17,1063272.6704,1074963.6755,868789.5164,884187.7337,543173.2453,118322.61,46925.9628,11106.9837,114808.4218,38091.7006,881.475
2019-10-18,1068379.3438,1057418.2737,863272.0948,869362.8929,530220.8501,116008.41,46026.7441,11106.9837,113737.4107,38091.7006,881.475
2019-10-19,1068379.3438,1057418.2737,863272.0948,869362.8929,530220.8501,116008.41,46026.7441,11106.9837,113737.4107,38091.7006,881.475
2019-10-20,1068379.3438,1057418.2737,863272.0948,869362.8929,530220.8501,116008.41,46026.7441,11106.9837,113737.4107,38091.7006,881.475
2019-10-21,1086907.9818,1065267.5324,863474.7315,883287.4597,541375.8865,119370.09,45408.7551,11106.9837,114863.9557,38091.7006,883.2
2019-10-22,1084422.4328,1049415.1079,861239.001,873428.9654,520206.9938,119126.49,45781.3397,11106.9837,114026.9804,38091.7006,883.2
2019-10-23,1098974.1924,1046977.283,872594.4753,871667.99,531076.7352,118809.81,45620.1252,11106.9837,111194.7511,38091.7006,885.7875
2019-10-24,1100781.8644,1067575.0582,873761.535,880873.5384,531732.9138,119887.74,53680.851,11106.9837,111984.1259,38091.7006,885.7875
2019-10-25,1114339.4044,1073601.8146,876971.1366,873262.5175,536040.8691,124564.86,58777.0209,11106.9837,114963.1234,38091.7006,885.7875
2019-10-26,1114339.4044,1073601.8146,876971.1366,873262.5175,536040.8691,124564.86,58777.0209,11106.9837,114963.1234,38091.7006,885.7875
2019-10-27,1114339.4044,1073601.8146,876971.1366,873262.5175,536040.8691,124564.86,58777.0209,11106.9837,114963.1234,38091.7006,885.7875
2019-10-28,1125501.779,1099997.4821,894154.6229,881071.3237,540348.8243,125935.11,58701.7875,11106.9837,115649.3639,38091.7006,885.7875
2019-10-29,1099471.3022,1089622.3064,870180.3171,873946.7177,540092.0588,123578.28,56997.029,11106.9837,114304.6499,38091.7006,885.7875
2019-10-30,1099335.7268,1103201.5804,869705.3819,882514.0936,537067.9312,123627.0,56778.9327,11106.9837,115129.7252,38091.7006,886.65
2019-10-31,1105306.6014,1093741.8615,868659.0753,880863.0889,546537.2227,122421.18,56762.7107,11106.9837,116165.0359,38091.7006,885.7875
2019-11-01,1136676.0523,1096411.9434,878001.3963,888190.9718,552155.1633,123377.31,56472.5165,11106.9837,117648.5846,38091.7006,885.7875
2019-11-02,1136676.0523,1096411.9434,878001.3963,888190.9718,552155.1633,123377.31,56472.5165,11106.9837,117648.5846,38091.7006,885.7875
2019-11-03,1136676.0523,1096411.9434,878001.3963,888190.9718,552155.1633,123377.31,56472.5165,11106.9837,117648.5846,38091.7006,885.7875
2019-11-04,1144140.7375,1102743.8521,890073.4078,894745.411,555292.0845,128194.5,57222.3351,11106.9837,120984.5858,38091.7006,885.7875
2019-11-05,1142496.7294,1102057.2596,890906.374,893282.8092,554151.3859,127652.49,57177.2739,11106.9837,124570.4896,38091.7006,883.2
2019-11-06,1142985.4886,1099005.7373,890683.1694,890337.7738,546252.048,126446.67,58864.3657,11106.9837,124221.4193,38091.7006,885.7875
2019-11-07,1152716.239,1100531.4985,902084.3801,886584.5888,543029.5744,126879.06,60479.3597,11106.9837,123658.1468,38091.7006,885.7875
2019-11-08,1155870.9571,1113500.468,903670.1984,885434.3393,544227.308,126538.02,60767.7514,11106.9837,124320.587,38091.7006,883.2086
2019-11-09,1155870.9571,1113500.468,903670.1984,885434.3393,544227.308,126538.02,60767.7514,11106.9837,124320.587,38091.7006,883.2086
2019-11-10,1155870.9571,1113500.468,903670.1984,885434.3393,544227.308,126538.02,60767.7514,11106.9837,124320.587,38091.7006,883.2086
2019-11-11,1165024.083,1114644.7888,895741.2138,878379.1448,540719.6597,126781.62,62200.698,11106.9837,124058.7843,38091.7006,883.2086
2019-11-12,1163957.6994,1121968.4422,895252.6756,881527.4572,554579.1479,127652.49,63073.0832,11106.9837,125161.529,38091.7006,884.4938
2019-11-13,1175110.2946,1123799.3556,894626.6626,869187.0644,550928.9123,127019.13,62384.5478,11106.9837,124423.7214,38091.7006,883.2
2019-11-14,1166979.1196,1129520.9598,903751.6433,869925.8022,550814.8425,127762.11,62968.5411,11106.9837,122559.3687,38091.7006,883.2
2019-11-15,1180842.1064,1144091.9785,920213.6513,862434.3062,556375.7482,124964.28,63476.8316,11106.9837,124122.2516,38091.7006,886.65
2019-11-16,1180842.1064,1144091.9785,920213.6513,862434.3062,556375.7482,124964.28,63476.8316,11106.9837,124122.2516,38091.7006,886.65
2019-11-17,1180842.1064,1144091.9785,920213.6513,862434.3062,556375.7482,124964.28,63476.8316,11106.9837,124122.2516,38091.7006,886.65
2019-11-18,1186796.0815,1146914.6366,910592.5349,868899.502,562934.7652,129915.36,63083.8979,11106.9837,123392.3774,38091.7006,883.2
2019-11-19,1183197.0369,1147296.0769,906329.5788,869028.4092,568410.1186,127289.88,64801.6313,11106.9837,126022.3046,38091.7006,883.2
2019-11-20,1169422.9154,1141421.8966,898313.0002,865428.9214,563248.4573,129242.16,63485.8439,11106.9837,123630.3798,38091.7006,883.2
2019-11-21,1164179.8627,1140353.8638,897134.0739,860064.3955,564446.1909,128630.16,63956.283,11106.9837,125050.4612,38091.7006,884.0625
2019-11-22,1163157.9117,1141193.0324,892840.5264,865523.1229,566984.2453,129064.68,60028.7475,11106.9837,124919.5598,38091.7006,884.0625
2019-11-23,1163157.9117,1141193.0324,892840.5264,865523.1229,566984.2453,129064.68,60028.7475,11106.9837,124919.5598,38091.7006,884.0625
2019-11-24,1163157.9117,1141193.0324,892840.5264,865523.1229,566984.2453,129064.68,60028.7475,11106.9837,124919.5598,38091.7006,884.0625
2019-11-25,1183552.4981,1153704.2736,900868.6661,879464.9407,569750.4394,135380.52,60623.5555,11106.9837,126783.9125,38091.7006,882.3375
2019-11-26,1174310.5069,1159807.3181,905761.3633,890917.8565,567412.0073,132804.0,59286.1387,11106.9837,125455.0654,38091.7006,882.3375
2019-11-27,1190084.0976,1162019.6717,905275.0447,901612.2025,576052.7993,133562.88,59713.319,11106.9837,126315.841,38091.7006,882.3375
2019-11-28,1190084.0976,1162019.6717,905275.0447,901612.2025,576052.7993,133562.88,59713.319,11106.9837,126315.841,38091.7006,882.3375
2019-11-29,1187462.5712,1154848.5945,899733.6257,892831.6338,575026.1705,132644.88,59469.9884,11106.9837,125431.2651,38091.7006,882.3375
2019-11-30,1187462.5712,1154848.5945,899733.6257,892831.6338,575026.1705,132644.88,59469.9884,11106.9837,125431.2651,38091.7006,882.3375
2019-12-01,1187462.5712,1154848.5945,899733.6257,892831.6338,575026.1705,132644.88,59469.9884,11106.9837,125431.2651,38091.7006,882.3375
2019-12-02,1173732.8824,1140887.8802,889299.3787,883312.3272,569493.7822,128061.0,60358.5956,11106.9837,123253.5426,38091.7006,892.6875
2019-12-03,1152805.1043,1139056.9668,893164.0024,877541.2475,566984.2453,127087.92,60598.3213,11106.9837,121587.5253,38091.7006,895.275
2019-12-04,1162980.1811,1143176.5219,910243.2519,872945.2073,566670.5532,128165.04,60026.9451,11106.9837,122856.8718,38091.7006,895.275
2019-12-05,1180042.3187,1143786.8263,915616.8191,862925.1455,568524.1884,127748.88,59547.4937,11106.9837,123439.9778,38091.7006,894.8438
2019-12-06,1202836.2681,1157671.2525,924211.6424,868438.4106,573343.6401,129848.04,60542.4454,11106.9837,125367.7978,38091.7006,896.1375
2019-12-07,1202836.2681,1157671.2525,924211.6424,868438.4106,573343.6401,129848.04,60542.4454,11106.9837,125367.7978,38091.7006,896.1375
2019-12-08,1202836.2681,1157671.2525,924211.6424,868438.4106,573343.6401,129848.04,60542.4454,11106.9837,125367.7978,38091.7006,896.1375
2019-12-09,1185996.2938,1154696.0183,926452.4259,867402.1944,574170.6466,129848.04,61198.5366,11106.9837,124705.3576,38091.7006,901.3125
2019-12-10,1192927.7872,1152941.393,926823.6231,862295.483,572830.3257,130955.76,62876.6163,11106.9837,124975.0937,38091.7006,915.975
2019-12-11,1203102.8641,1157289.8123,927394.7931,867010.5146,576794.2534,133012.08,63572.3614,11106.9837,126823.5795,38091.7006,952.2
2019-12-12,1206168.7169,1169038.1729,930689.5409,872766.7203,561081.13,137130.84,64830.4705,11106.9837,130028.6794,38091.7006,954.7875
2019-12-13,1222564.3648,1178879.3321,929271.4672,873069.1566,553552.5191,137081.88,64597.9547,11106.9837,125117.8952,38091.7006,943.575
2019-12-14,1222564.3648,1178879.3321,929271.4672,873069.1566,553552.5191,137081.88,64597.9547,11106.9837,125117.8952,38091.7006,943.575
2019-12-15,1222564.3648,1178879.3321,929271.4672,873069.1566,553552.5191,137081.88,64597.9547,11106.9837,125117.8952,38091.7006,943.575
2019-12-16,1243492.1429,1186508.1378,938630.1102,877169.3996,564417.6734,137791.8,68763.4133,11106.9837,128176.2269,38091.7006,940.125
2019-12-17,1245935.9386,1180099.941,934534.9929,887804.25,565757.9943,139713.48,68310.9987,11106.9837,128441.9963,38091.7006,939.2625
2019-12-18,1242958.9511,1177658.7233,932655.7907,884517.1144,577478.6725,140460.12,70863.2659,11106.9837,129885.8779,38091.7006,935.8125
2019-12-19,1244203.0653,1187881.3228,935372.9213,888607.4415,587630.8902,144101.52,72826.1324,11106.9837,128560.9975,38091.7006,936.675
2019-12-20,1241625.9716,1200850.2923,931321.5828,885741.7335,588315.3093,146494.44,73105.512,11106.9837,126895.7402,38091.7006,947.025
2019-12-21,1241625.9716,1200850.2923,931321.5828,885741.7335,588315.3093,146494.44,73105.512,11106.9837,126895.7402,38091.7006,947.025
2019-12-22,1241625.9716,1200850.2923,931321.5828,885741.7335,588315.3093,146494.44,73105.512,11106.9837,126895.7402,38091.7006,947.025
2019-12-23,1261887.26,1200850.2923,930855.9784,888964.4155,587973.0998,146157.84,75562.2494,11106.9837,127106.5701,38091.7006,944.4375
2019-12-24,1263086.9416,1200621.4282,926917.3768,887085.344,584950.2484,146035.44,76649.1259,11106.9837,127492.4286,38091.7006,940.125
2019-12-25,1263086.9416,1200621.4282,926917.3768,887085.344,584950.2484,146035.44,76649.1259,11106.9837,127492.4286,38091.7006,940.125
2019-12-26,1288146.9562,1210462.5874,938919.1724,926530.9708,592564.4117,146384.28,77674.7191,11106.9837,126489.9921,38091.7006,941.85
2019-12-27,1287658.197,1212674.941,933269.4923,927041.642,593448.4531,144964.44,77573.782,11106.9837,125913.1932,38091.7006,943.575
2019-12-28,1287658.197,1212674.941,933269.4923,927041.642,593448.4531,144964.44,77573.782,11106.9837,125913.1932,38091.7006,943.575
2019-12-29,1287658.197,1212674.941,933269.4923,927041.642,593448.4531,144964.44,77573.782,11106.9837,125913.1932,38091.7006,943.575
2019-12-30,1295300.6128,1202223.4773,922671.6787,915682.9276,582925.5084,142179.84,74747.5426,11106.9837,124691.9709,38091.7006,941.85
2019-12-31,1304764.7673,1203062.646,922891.1446,916153.935,585320.9755,144003.6,75401.8314,11106.9837,125710.3192,38091.7006,951.3375
2020-01-01,1304764.7673,1203062.646,922891.1446,916153.935,585320.9755,144003.6,75401.8314,11106.9837,125710.3192,38091.7006,951.3375
2020-01-02,1334534.6428,1225338.7584,943480.9032,941028.0815,598239.3873,146824.92,77552.1526,11106.9837,128244.2561,38091.7006,967.725
2020-01-03,1321560.309,1210081.1471,938707.8033,929604.9136,595073.9486,144474.84,79850.2745,11106.9837,124982.3593,38091.7006,969.45
2020-01-04,1321560.309,1210081.1471,938707.8033,929604.9136,595073.9486,144474.84,79850.2745,11106.9837,124982.3593,38091.7006,969.45
2020-01-05,1321560.309,1210081.1471,938707.8033,929604.9136,595073.9486,144474.84,79850.2745,11106.9837,124982.3593,38091.7006,969.45
2020-01-06,1314331.2946,1213208.9574,962731.5153,943442.614,606281.3125,145080.72,81387.7632,11106.9837,124795.3969,38091.7006,976.35
2020-01-07,1308149.8165,1202147.1893,961540.6122,945415.8869,607593.1159,146837.16,84545.6531,11106.9837,124365.7812,38091.7006,984.1125
2020-01-08,1329193.1461,1221295.4914,968774.3538,938033.4663,613752.8884,147112.56,88705.7044,11106.9837,122814.3913,38091.7006,987.5625
2020-01-09,1357426.28,1236553.1026,979226.0154,942535.3051,622536.2677,148728.24,86759.0599,11106.9837,121827.8664,38091.7006,1013.4375
2020-01-10,1360495.0989,1230831.4984,985818.2169,933665.4928,621851.8485,149523.84,86184.0789,11106.9837,119027.4087,38091.7006,1006.5375
2020-01-11,1360495.0989,1230831.4984,985818.2169,933665.4928,621851.8485,149523.84,86184.0789,11106.9837,119027.4087,38091.7006,1006.5375
2020-01-12,1360495.0989,1230831.4984,985818.2169,933665.4928,621851.8485,149523.84,86184.0789,11106.9837,119027.4087,38091.7006,1006.5375
2020-01-13,1389561.1979,1245631.3813,992877.1732,937701.2822,632831.0727,154211.76,94603.3162,11106.9837,119807.0816,38091.7006,1006.5375
2020-01-14,1370797.5624,1236858.2548,986766.3411,926863.155,624703.5951,151335.36,96957.314,11106.9837,122591.6276,38091.7006,1009.125
2020-01-15,1364922.9662,1244868.5007,992598.1766,923184.3396,630663.7453,150288.84,93456.9589,11106.9837,120586.7545,38091.7006,1009.9875
2020-01-16,1382020.6715,1267678.6295,1000722.0306,931077.4313,632431.8282,152345.16,92553.9321,11106.9837,122142.1223,38091.7006,1006.5375
2020-01-17,1397320.9257,1274773.4188,1020725.4948,924522.9921,633486.9744,152559.36,92015.0,11106.9837,122834.2809,38091.7006,983.25
2020-01-18,1397320.9257,1274773.4188,1020725.4948,924522.9921,633486.9744,152559.36,92015.0,11106.9837,122834.2809,38091.7006,983.25
2020-01-19,1397320.9257,1274773.4188,1020725.4948,924522.9921,633486.9744,152559.36,92015.0,11106.9837,122834.2809,38091.7006,983.25
2020-01-20,1397320.9257,1274773.4188,1020725.4948,924522.9921,633486.9744,152559.36,92015.0,11106.9837,122834.2809,38091.7006,983.25
2020-01-21,1387851.4274,1270196.1354,1023077.8519,938048.3402,631490.7518,151739.28,98629.9863,11106.9837,122547.8705,38091.7006,991.875
2020-01-22,1392805.3779,1264093.0909,1024266.334,935797.4209,631148.5422,153030.6,102660.2613,11106.9837,124461.2514,38091.7006,999.6375
2020-01-23,1399512.9392,1271874.4726,1024690.9963,934369.5249,626699.8177,154750.32,103136.1077,11106.9837,127154.3052,38091.7006,1009.125
2020-01-24,1395479.6344,1259058.0792,1011397.1218,922995.9366,621509.639,153293.76,101805.9007,11106.9837,128884.7016,38091.7006,1027.2375
2020-01-25,1395479.6344,1259058.0792,1011397.1218,922995.9366,621509.639,153293.76,101805.9007,11106.9837,128884.7016,38091.7006,1027.2375
2020-01-26,1395479.6344,1259058.0792,1011397.1218,922995.9366,621509.639,153293.76,101805.9007,11106.9837,128884.7016,38091.7006,1027.2375
2020-01-27,1354445.1417,1238002.5757,988242.1781,906485.8892,612754.7771,147002.4,100580.2357,11106.9837,122929.7511,38091.7006,1048.8
2020-01-28,1392761.5376,1262262.1776,1001147.2629,918836.198,621081.877,151757.64,102180.81,11106.9837,126621.2635,38091.7006,1078.9875
2020-01-29,1419143.1832,1278120.1396,1005375.6405,921191.2348,636595.3781,150270.48,104720.46,11106.9837,126303.0297,38091.7006,1089.3375
2020-01-30,1417086.7076,1314172.8024,1003561.1926,927477.9435,597254.9266,150435.72,115502.7075,11106.9837,125384.1295,38091.7006,1077.2625
2020-01-31,1354254.8148,1294777.3825,988702.2503,999961.7951,575534.4926,144695.16,117261.8973,11106.9837,121390.2949,38091.7006,1069.5
2020-02-01,1354254.8148,1294777.3825,988702.2503,999961.7951,575534.4926,144695.16,117261.8973,11106.9837,121390.2949,38091.7006,1069.5
2020-02-02,1354254.8148,1294777.3825,988702.2503,999961.7951,575534.4926,144695.16,117261.8973,11106.9837,121390.2949,38091.7006,1069.5
2020-02-03,1350535.6568,1326342.4776,1021745.5279,997711.6919,582033.5201,147081.96,140590.9892,11106.9837,121418.1404,38091.7006,1067.775
2020-02-04,1395121.798,1370001.1874,994014.7351,1020347.1328,598110.0618,151243.56,159888.0037,11106.9837,123952.0773,38091.7006,1094.5125
2020-02-05,1406498.046,1368327.8571,994643.9745,1015468.5904,598908.188,153465.12,132425.8972,11106.9837,126251.3167,38091.7006,1103.1375
2020-02-06,1422949.8508,1396698.4124,1014508.3385,1020625.9066,601017.5215,155597.94,134996.1888,11106.9837,127170.2169,38091.7006,1109.175
2020-02-07,1400284.8644,1398675.9847,1016615.4308,1035087.3,605236.1884,153973.08,134835.7709,11106.9837,125396.0633,38091.7006,1110.9
2020-02-08,1400284.8644,1398675.9847,1016615.4308,1035087.3,605236.1884,153973.08,134835.7709,11106.9837,125396.0633,38091.7006,1110.9
2020-02-09,1400284.8644,1398675.9847,1016615.4308,1035087.3,605236.1884,153973.08,134835.7709,11106.9837,125396.0633,38091.7006,1110.9
2020-02-10,1406935.594,1435261.0708,1036888.3162,1062282.6846,607317.0174,160937.64,139019.2541,11106.9837,124986.3372,38091.7006,4269.3554
2020-02-11,1398447.1628,1402859.3105,1037380.7176,1070690.703,590584.872,163948.68,139578.0131,11106.9837,127357.1792,38091.7006,4187.2524
2020-02-12,1431657.056,1404912.9432,1043602.1681,1075270.559,600760.9809,166794.48,138300.0771,11106.9837,129163.1562,38091.7006,4105.1494
2020-02-13,1421462.1876,1397306.8962,1040594.4112,1070227.7392,607545.0535,165717.36,145798.6351,11106.9837,128872.7679,38091.7006,4160.9795
2020-02-14,1421812.226,1409780.8133,1044534.0161,1062760.5826,610509.5221,177351.48,146975.1802,11106.9837,126406.4557,38091.7006,4269.3554
2020-02-15,1421812.226,1409780.8133,1044534.0161,1062760.5826,610509.5221,177351.48,146975.1802,11106.9837,126406.4557,38091.7006,4269.3554
2020-02-16,1421812.226,1409780.8133,1044534.0161,1062760.5826,610509.5221,177351.48,146975.1802,11106.9837,126406.4557,38091.7006,4269.3554
2020-02-17,1421812.226,1409780.8133,1044534.0161,1062760.5826,610509.5221,177351.48,146975.1802,11106.9837,126406.4557,38091.7006,4269.3554
2020-02-18,1395778.12,1424080.1817,1044373.7392,1073115.0398,620828.1535,181500.84,158039.6686,11106.9837,123613.9538,38091.7006,4381.0155
2020-02-19,1415992.8376,1424460.484,1048684.7574,1080358.1818,619944.5138,192596.4,168905.8164,11106.9837,126105.081,38091.7006,4420.4249
2020-02-20,1401466.244,1402707.1896,1043028.5807,1071835.667,611649.7024,188924.4,165590.0027,11106.9837,123528.5731,38091.7006,4269.3554
2020-02-21,1369744.014,1358363.9355,1020162.3289,1043395.7563,599107.7195,179970.84,165882.737,11106.9837,121635.1394,38091.7006,4220.0936
2020-02-22,1369744.014,1358363.9355,1020162.3289,1043395.7563,599107.7195,179970.84,165882.737,11106.9837,121635.1394,38091.7006,4220.0936
2020-02-23,1369744.014,1358363.9355,1020162.3289,1043395.7563,599107.7195,179970.84,165882.737,11106.9837,121635.1394,38091.7006,4220.0936
2020-02-24,1304680.6264,1299797.3735,976480.0684,1000245.547,572142.4563,167247.36,153508.7317,11106.9837,116482.1237,38091.7006,4167.5445
2020-02-25,1260488.2784,1278348.321,953574.1671,982050.5753,560883.1762,160374.6,147271.0989,11106.9837,112918.9531,38091.7006,4105.1463
2020-02-26,1280484.222,1294321.0197,956637.6319,985460.5768,562108.87,163801.8,143384.5456,11106.9837,114197.2206,38091.7006,4046.0322
2020-02-27,1196781.2896,1203124.516,904890.3861,938024.2196,540873.0125,154591.2,125010.4089,11106.9837,109431.6796,38091.7006,3888.3946
2020-02-28,1196081.2128,1232255.6761,920477.0309,937750.4239,548626.2383,165282.84,122983.3624,11106.9837,108900.3997,38091.7006,3871.974
2020-02-29,1196081.2128,1232255.6761,920477.0309,937750.4239,548626.2383,165282.84,122983.3624,11106.9837,108900.3997,38091.7006,3871.974
2020-03-01,1196081.2128,1232255.6761,920477.0309,937750.4239,548626.2383,165282.84,122983.3624,11106.9837,108900.3997,38091.7006,3871.974
2020-03-02,1307437.1788,1314248.8629,953814.5295,972696.7171,559942.5275,169175.16,136907.5703,11106.9837,113833.7133,38091.7006,3862.1217
2020-03-03,1265913.8736,1251270.7936,920732.9086,950315.1595,529870.273,162724.68,137255.5375,11106.9837,109551.5172,38091.7006,3658.5064
2020-03-04,1324632.8152,1297211.3176,951346.254,983588.8096,546602.4184,174120.12,137990.1347,11106.9837,114025.4534,38091.7006,3691.3476
2020-03-05,1281665.6016,1264657.4364,905174.9731,957802.2286,527817.9485,167253.48,133394.7594,11106.9837,109467.6309,38091.7006,3445.0388
2020-03-06,1264644.9844,1228909.0154,891516.4532,946382.457,516188.1098,162816.48,129517.4116,11106.9837,107634.116,38091.7006,3284.117
2020-03-07,1264644.9844,1228909.0154,891516.4532,946382.457,516188.1098,162816.48,129517.4116,11106.9837,107634.116,38091.7006,3284.117
2020-03-08,1264644.9844,1228909.0154,891516.4532,946382.457,516188.1098,162816.48,129517.4116,11106.9837,107634.116,38091.7006,3284.117
2020-03-09,1164621.5116,1145622.8006,835511.7927,896362.4636,483151.3867,150209.28,111938.6283,11106.9837,98953.8809,38091.7006,3267.6965
2020-03-10,1248499.4632,1223965.0848,878307.651,941767.7542,507921.8029,159780.96,118811.4391,11106.9837,105017.6623,38091.7006,3645.3699
2020-03-11,1205138.4564,1168517.0021,833877.2024,906443.1251,485260.7202,150839.64,116767.8227,11106.9837,98254.8284,38091.7006,3497.5847
2020-03-12,1086125.4004,1057696.8972,765176.5162,834633.9685,440309.1133,132381.72,103202.6284,11106.9837,87393.5494,38091.7006,2857.1818
2020-03-13,1216252.1756,1208068.4466,836539.3326,888591.6425,485374.7382,147394.08,100637.9819,11106.9837,93639.1288,38091.7006,2922.8642
2020-03-14,1216252.1756,1208068.4466,836539.3326,888591.6425,485374.7382,147394.08,100637.9819,11106.9837,93639.1288,38091.7006,2922.8642
2020-03-15,1216252.1756,1208068.4466,836539.3326,888591.6425,485374.7382,147394.08,100637.9819,11106.9837,93639.1288,38091.7006,2922.8642
2020-03-16,1059785.0108,1030010.8861,741584.1948,840876.5115,416194.3007,120196.8,81941.6534,11106.9837,74992.8605,38091.7006,2538.6225
2020-03-17,1106383.8728,1114818.3103,769060.7683,899961.6331,425914.3375,132969.24,79203.9439,11106.9837,79762.3712,38091.7006,2380.9849
2020-03-18,1079299.6516,1067889.0002,752002.7885,910993.1125,418902.2288,124125.84,66504.0647,11106.9837,67112.9731,38091.7006,1829.2532
2020-03-19,1071029.9944,1085458.9688,765353.6787,936346.5984,436489.5094,130337.64,78732.6234,11106.9837,77739.427,38091.7006,2220.0631
2020-03-20,1003035.0352,1044690.5568,735662.6761,919002.8826,426797.9772,125919.0,78712.3713,11106.9837,76847.8923,38091.7006,2417.1101
2020-03-21,1003035.0352,1044690.5568,735662.6761,919002.8826,426797.9772,125919.0,78712.3713,11106.9837,76847.8923,38091.7006,2417.1101
2020-03-22,1003035.0352,1044690.5568,735662.6761,919002.8826,426797.9772,125919.0,78712.3713,11106.9837,76847.8923,38091.7006,2417.1101
2020-03-23,981726.4476,1034270.2724,725395.7076,947248.6472,422151.7426,130166.28,79956.9521,11106.9837,77347.6315,38091.7006,2220.0631
2020-03-24,1080218.5024,1128281.0135,778260.7795,965802.0424,458865.5471,152498.16,92975.3409,11106.9837,85059.6066,38091.7006,2522.2019
2020-03-25,1074267.8496,1117480.4267,757444.9437,938790.8477,445268.8974,150319.44,99281.0943,11106.9837,86974.6071,38091.7006,2929.4324
2020-03-26,1130799.0512,1187379.9987,798832.6429,973463.3451,465592.6106,157430.88,97239.3189,11106.9837,97217.2614,38091.7006,2916.2959
2020-03-27,1083981.4152,1138625.2374,763230.1377,945889.6246,446922.1588,154670.76,94698.6067,11106.9837,92227.8654,38091.7006,2699.5442
2020-03-28,1083981.4152,1138625.2374,763230.1377,945889.6246,446922.1588,154670.76,94698.6067,11106.9837,92227.8654,38091.7006,2699.5442
2020-03-29,1083981.4152,1138625.2374,763230.1377,945889.6246,446922.1588,154670.76,94698.6067,11106.9837,92227.8654,38091.7006,2699.5442
2020-03-30,1114916.0588,1218716.9124,788028.6524,977674.8215,473032.2869,162670.0441,92446.9464,11106.9837,95993.8998,38091.7006,2673.2713
2020-03-31,1112640.8092,1199549.6739,798905.2717,970590.9789,475455.1699,161451.1978,96473.4231,11106.9837,94790.5279,38091.7006,2840.7612
2020-04-01,1054096.8868,1156955.8107,758739.9323,949760.1373,454931.9252,148876.869,88659.8122,11106.9837,89405.3385,38091.7006,2650.2825
2020-04-02,1071686.3164,1180914.8588,769106.7274,955301.276,450912.7897,156471.6901,83672.2835,11106.9837,94774.5362,38091.7006,2669.9872
2020-04-03,1056284.6268,1170038.2115,752883.9908,949207.517,439482.4826,149391.3568,88374.4424,11106.9837,93655.1205,38091.7006,2594.4525
2020-04-04,1056284.6268,1170038.2115,752883.9908,949207.517,439482.4826,149391.3568,88374.4424,11106.9837,93655.1205,38091.7006,2594.4525
2020-04-05,1056284.6268,1170038.2115,752883.9908,949207.517,439482.4826,149391.3568,88374.4424,11106.9837,93655.1205,38091.7006,2594.4525
2020-04-06,1148432.2356,1257051.3893,814548.4403,994512.4247,471892.1066,164391.1286,95044.7327,11106.9837,100923.3271,38091.7006,2824.3407
2020-04-07,1135130.7764,1243512.6257,814195.5708,1001487.3891,481241.5848,158652.1388,100422.5737,11106.9837,101255.1539,38091.7006,2673.2713
2020-04-08,1164183.9636,1255986.5428,830748.8386,1017120.0715,496776.5409,163503.0245,101046.7052,11106.9837,104385.5202,38091.7006,2791.4995
2020-04-09,1172584.8852,1256062.6032,831036.0022,1017000.5861,499370.451,161053.0822,105494.7928,11106.9837,101666.939,38091.7006,3018.1036
2020-04-10,1172584.8852,1256062.6032,831036.0022,1017000.5861,499370.451,161053.0822,105494.7928,11106.9837,101666.939,38091.7006,3018.1036
2020-04-11,1172584.8852,1256062.6032,831036.0022,1017000.5861,499370.451,161053.0822,105494.7928,11106.9837,101666.939,38091.7006,3018.1036
2020-04-12,1172584.8852,1256062.6032,831036.0022,1017000.5861,499370.451,161053.0822,105494.7928,11106.9837,101666.939,38091.7006,3018.1036
2020-04-13,1195599.91,1258876.8406,834501.8816,1079785.2225,498288.413,165279.2327,119846.135,11106.9837,103913.7664,38091.7006,3169.173
2020-04-14,1255981.534,1321170.3656,871031.7211,1136764.8565,507924.0606,173915.2793,130697.554,11106.9837,106996.1577,38091.7006,3244.7076
2020-04-15,1244517.7764,1307327.3601,866007.6393,1148892.6318,504503.1206,172010.4492,134368.6992,11106.9837,102922.2839,38091.7006,3192.1618
2020-04-16,1254406.3612,1346574.5627,866413.8278,1200542.9751,502450.5566,180499.4992,137200.3046,11106.9837,103262.1065,38091.7006,3284.117
2020-04-17,1237385.744,1358439.996,880586.6969,1183996.9296,510974.3987,179041.7836,138798.3758,11106.9837,106296.5228,38091.7006,3376.0723
2020-04-18,1237385.744,1358439.996,880586.6969,1183996.9296,510974.3987,179041.7836,138798.3758,11106.9837,106296.5228,38091.7006,3376.0723
2020-04-19,1237385.744,1358439.996,880586.6969,1183996.9296,510974.3987,179041.7836,138798.3758,11106.9837,106296.5228,38091.7006,3376.0723
2020-04-20,1211701.6764,1331514.5896,868759.3045,1193274.4803,508123.6154,175813.9846,137412.0306,11106.9837,103258.1086,38091.7006,3369.5041
2020-04-21,1174247.5676,1276446.8092,834623.0017,1160626.0765,486913.7876,165070.9876,126431.7349,11106.9837,99008.3266,38091.7006,3277.5488
2020-04-22,1208070.028,1319801.2772,866635.7783,1178258.9066,519640.7799,175262.7476,134788.469,11106.9837,103933.756,38091.7006,3284.117
2020-04-23,1203388.2644,1303828.5785,875529.3718,1196185.8664,527765.5123,173952.0284,129913.2472,11106.9837,103517.973,38091.7006,3313.6741
2020-04-24,1238129.5756,1327635.5056,878376.3648,1201554.9809,541848.3818,177369.698,133507.0663,11106.9837,105868.7461,38091.7006,3369.5041
2020-04-25,1238129.5756,1327635.5056,878376.3648,1201554.9809,541848.3818,177369.698,133507.0663,11106.9837,105868.7461,38091.7006,3369.5041
2020-04-26,1238129.5756,1327635.5056,878376.3648,1201554.9809,541848.3818,177369.698,133507.0663,11106.9837,105868.7461,38091.7006,3369.5041
2020-04-27,1239004.6716,1323832.4821,875272.6109,1184495.4546,534521.8688,181957.2149,147057.5318,11106.9837,107323.9866,38091.7006,3405.6294
2020-04-28,1218921.2184,1291582.8428,847535.2819,1153626.7852,521436.7734,178453.7974,141602.3648,11106.9837,105836.7628,38091.7006,3431.9023
2020-04-29,1258956.8604,1345529.803,915947.6413,1182855.3073,553593.609,182802.445,147381.5647,11106.9837,110350.407,38091.7006,3497.5847
2020-04-30,1285516.024,1359028.3267,919988.9983,1233350.9069,583239.9365,179791.6882,144937.9596,11106.9837,108591.3251,38091.7006,3477.88
2020-05-01,1252926.2185,1323841.1639,900411.5732,1140221.9602,576288.1245,173947.9047,130004.4634,11106.9837,103825.8123,38091.7006,3379.3564
2020-05-02,1252926.2185,1323841.1639,900411.5732,1140221.9602,576288.1245,173947.9047,130004.4634,11106.9837,103825.8123,38091.7006,3379.3564
2020-05-03,1252926.2185,1323841.1639,900411.5732,1140221.9602,576288.1245,173947.9047,130004.4634,11106.9837,103825.8123,38091.7006,3379.3564
2020-05-04,1270653.6486,1356222.4538,904439.8073,1155160.3024,584806.9434,179179.6288,141209.0739,11106.9837,104849.2781,38091.7006,3313.6741
2020-05-05,1289724.7226,1370782.659,921619.3947,1156063.087,589963.8203,180689.7854,142511.3608,11106.9837,105892.7336,38091.7006,3415.4817
2020-05-06,1303031.1311,1384281.1827,919089.7276,1172752.133,593952.565,183181.0826,145177.153,11106.9837,105616.8775,38091.7006,3497.5847
2020-05-07,1316510.9129,1392319.6293,935876.9258,1180907.1211,601901.5632,187536.2392,144705.9552,11106.9837,107044.1326,38091.7006,3569.8352
2020-05-08,1344207.3136,1400509.7448,946426.7107,1186892.4335,605007.0858,192229.72,152011.3761,11106.9837,109954.6136,38091.7006,3615.8129
2020-05-09,1344207.3136,1400509.7448,946426.7107,1186892.4335,605007.0858,192229.72,152011.3761,11106.9837,109954.6136,38091.7006,3615.8129
2020-05-10,1344207.3136,1400509.7448,946426.7107,1186892.4335,605007.0858,192229.72,152011.3761,11106.9837,109954.6136,38091.7006,3615.8129
2020-05-11,1365358.8683,1416131.6317,958000.314,1201551.4611,607371.8415,198454.8873,150503.1721,11106.9837,110102.5364,38091.7006,3789.8711
2020-05-12,1349755.2624,1384053.6795,938926.9095,1175590.1686,598596.6033,191983.666,150154.4116,11106.9837,107323.9866,38091.7006,3796.4393
2020-05-13,1333458.1628,1363123.3844,920756.6778,1181061.7417,584351.0868,191430.0444,146731.7347,11106.9837,105205.0924,38091.7006,3691.3476
2020-05-14,1341650.0559,1369038.4678,925957.725,1191501.124,589223.0535,197593.6981,149026.505,11106.9837,106584.3726,38091.7006,3806.2917
2020-05-15,1333718.2228,1388982.9156,937325.2272,1201940.5064,600818.9039,208918.3354,148254.7795,11106.9837,104109.6642,38091.7006,3760.314
2020-05-16,1333718.2228,1388982.9156,937325.2272,1201940.5064,600818.9039,208918.3354,148254.7795,11106.9837,104109.6642,38091.7006,3760.314
2020-05-17,1333718.2228,1388982.9156,937325.2272,1201940.5064,600818.9039,208918.3354,148254.7795,11106.9837,104109.6642,38091.7006,3760.314
2020-05-18,1365142.1516,1402253.9361,945106.2528,1210160.3354,607400.3325,215303.4378,150937.2677,11106.9837,109354.9266,38091.7006,3845.7011
2020-05-19,1357253.6619,1392547.1326,937864.4008,1221667.0985,617913.5237,216662.8863,149894.6962,11106.9837,108723.2563,38091.7006,3858.8375
2020-05-20,1383649.7621,1407941.5163,961044.2463,1245912.6014,655208.2859,220710.4753,151295.3039,11106.9837,111413.852,38091.7006,3931.0881
2020-05-21,1373334.0448,1391030.4445,958856.4888,1220375.2685,659254.0126,215871.15,153528.8556,11106.9837,109862.6616,38091.7006,3947.5087
2020-05-22,1382176.0882,1391637.1197,963692.7776,1215457.3369,669282.8562,222045.75,151540.1783,11106.9837,110602.2756,38091.7006,3963.9293
2020-05-23,1382176.0882,1391637.1197,963692.7776,1215457.3369,669282.8562,222045.75,151540.1783,11106.9837,110602.2756,38091.7006,3963.9293
2020-05-24,1382176.0882,1391637.1197,963692.7776,1215457.3369,669282.8562,222045.75,151540.1783,11106.9837,110602.2756,38091.7006,3963.9293
2020-05-25,1382176.0882,1391637.1197,963692.7776,1215457.3369,669282.8562,222045.75,151540.1783,11106.9837,110602.2756,38091.7006,3963.9293
2020-05-26,1372813.9245,1376925.2456,968692.6499,1207965.7209,661561.7863,214456.65,151909.3451,11106.9837,112749.1551,38091.7006,4101.8622
2020-05-27,1378795.3068,1378745.2713,968634.983,1202244.7598,652843.5302,209721.15,152161.64,11106.9837,114975.9929,38091.7006,4088.7257
2020-05-28,1379402.1138,1375636.0608,967576.6482,1197611.1304,642358.83,208780.2,149486.5722,11106.9837,113196.9214,38091.7006,4121.5669
2020-05-29,1378058.4699,1389665.4253,976896.644,1218195.6173,641304.6618,218337.3,154901.6366,11106.9837,116447.2251,38091.7006,4180.681
2020-05-30,1378058.4699,1389665.4253,976896.644,1218195.6173,641304.6618,218337.3,154901.6366,11106.9837,116447.2251,38091.7006,4180.681
2020-05-31,1378058.4699,1389665.4253,976896.644,1218195.6173,641304.6618,218337.3,154901.6366,11106.9837,116447.2251,38091.7006,4180.681
2020-06-01,1395005.7198,1386480.3804,978375.1987,1232495.5261,660735.5463,216633.75,166607.377,11106.9837,115935.4921,38091.7006,4371.1598
2020-06-02,1401463.8789,1402253.9361,983439.5184,1233178.8493,663043.32,217101.15,163539.026,11106.9837,119161.8083,38091.7006,4423.7057
2020-06-03,1409178.9952,1405666.4842,981429.7611,1236166.5177,655749.6155,215729.7,163798.7413,11106.9837,123747.415,38091.7006,4571.4909
2020-06-04,1397042.8572,1387162.89,964667.9113,1227288.3043,644723.5858,215655.9,160351.948,11106.9837,123491.5486,38091.7006,4479.5357
2020-06-05,1436832.0525,1419620.0142,982400.9925,1238460.8875,657487.5685,219432.0,164299.6209,11106.9837,126765.8397,38091.7006,4597.7639
2020-06-06,1436832.0525,1419620.0142,982400.9925,1238460.8875,657487.5685,219432.0,164299.6209,11106.9837,126765.8397,38091.7006,4597.7639
2020-06-07,1436832.0525,1419620.0142,982400.9925,1238460.8875,657487.5685,219432.0,164299.6209,11106.9837,126765.8397,38091.7006,4597.7639
2020-06-08,1445327.3491,1428416.8049,987947.4798,1258940.6313,659282.5036,216603.0,176220.554,11106.9837,126941.7479,38091.7006,4880.1979
2020-06-09,1490967.8966,1439336.9589,992685.3723,1297246.6306,679995.4846,222531.6,174504.5778,11106.9837,126062.2069,38091.7006,4670.0144
2020-06-10,1529326.7614,1492724.3782,1000247.0969,1320484.6059,674468.2242,230422.05,190157.9911,11106.9837,125950.2653,38091.7006,4670.0144
2020-06-11,1455903.1265,1412567.4148,957662.4467,1275849.1388,639424.2536,216387.75,180472.4648,11106.9837,117438.7076,38091.7006,4446.6945
2020-06-12,1468472.698,1423715.072,964581.1865,1269394.977,651248.0323,219739.5,173504.6738,11106.9837,120756.1312,38091.7006,4683.1509
2020-06-13,1468472.698,1423715.072,964581.1865,1269394.977,651248.0323,219739.5,173504.6738,11106.9837,120756.1312,38091.7006,4683.1509
2020-06-14,1468472.698,1423715.072,964581.1865,1269394.977,651248.0323,219739.5,173504.6738,11106.9837,120756.1312,38091.7006,4683.1509
2020-06-15,1486633.5617,1432815.2003,969506.0057,1283191.122,662416.5173,225674.25,183822.7924,11106.9837,122300.5227,38091.7006,4676.5827
2020-06-16,1526032.6668,1467926.5286,986042.0369,1304433.9932,671391.1926,223085.1,182195.8615,11106.9837,124967.0111,38091.7006,4758.6856
2020-06-17,1523908.8427,1473007.4336,991022.8644,1317257.525,671049.3002,227205.6,183987.8972,11106.9837,126060.9551,38091.7006,4650.3097
2020-06-18,1524515.6495,1488780.9893,979620.5334,1323741.6134,672217.4326,226762.8,186245.5653,11106.9837,128180.4715,38091.7006,4686.435
2020-06-19,1515803.6362,1479908.3642,975032.3717,1334230.8734,680337.377,227826.75,185677.9018,11106.9837,121769.6381,38091.7006,4538.6498
2020-06-20,1515803.6362,1479908.3642,975032.3717,1334230.8734,680337.377,227826.75,185677.9018,11106.9837,121769.6381,38091.7006,4538.6498
2020-06-21,1515803.6362,1479908.3642,975032.3717,1334230.8734,680337.377,227826.75,185677.9018,11106.9837,121769.6381,38091.7006,4538.6498
2020-06-22,1555462.8015,1521010.6103,990681.0774,1353588.3712,681562.4914,234358.05,184457.2398,11106.9837,126101.1736,38091.7006,4426.9898
2020-06-23,1588663.8076,1531172.4203,999496.8668,1378821.4506,690707.5886,232470.0,185841.1515,11106.9837,125200.2786,38091.7006,4459.831
2020-06-24,1560620.6601,1500307.8185,977727.642,1363853.1819,667269.6081,227193.3,178248.1886,11106.9837,123458.8163,38091.7006,4331.7504
2020-06-25,1581338.7814,1519266.4191,983806.6431,1373918.4822,672002.8256,233454.0,182910.0786,11106.9837,124214.9247,38091.7006,4262.7839
2020-06-26,1532750.8861,1488856.8237,929148.6187,1343139.0133,616116.6436,225213.0,178042.2715,11106.9837,123635.7778,38091.7006,4029.6116
2020-06-27,1532750.8861,1488856.8237,929148.6187,1343139.0133,616116.6436,225213.0,178042.2715,11106.9837,123635.7778,38091.7006,4029.6116
2020-06-28,1532750.8861,1488856.8237,929148.6187,1343139.0133,616116.6436,225213.0,178042.2715,11106.9837,123635.7778,38091.7006,4029.6116
2020-06-29,1568075.7163,1504857.8826,952945.8777,1336909.3007,629118.7349,226320.0,187245.4693,11106.9837,124588.957,38091.7006,4305.4775
2020-06-30,1581165.408,1543305.9247,966394.0079,1376033.2926,647452.8242,233644.65,200316.5703,11106.9837,126933.6972,38091.7006,4453.2627
2020-07-01,1578174.7169,1552330.2186,982915.2577,1435826.5633,677334.8236,234438.0,207703.616,11106.9837,125775.4036,38091.7006,4587.9115
2020-07-02,1578174.7169,1564160.3853,1001524.4454,1441612.3653,665558.8066,236461.35,224219.6552,11106.9837,126877.3912,38091.7006,4620.7527
2020-07-03,1578174.7169,1564160.3853,1001524.4454,1441612.3653,665558.8066,236461.35,224219.6552,11106.9837,126877.3912,38091.7006,4620.7527
2020-07-04,1578174.7169,1564160.3853,1001524.4454,1441612.3653,665558.8066,236461.35,224219.6552,11106.9837,126877.3912,38091.7006,4620.7527
2020-07-05,1578174.7169,1564160.3853,1001524.4454,1441612.3653,665558.8066,236461.35,224219.6552,11106.9837,126877.3912,38091.7006,4620.7527
2020-07-06,1620391.1398,1597830.86,1022271.9066,1524778.2809,685118.9703,242045.55,254443.0978,11106.9837,128212.6464,38091.7006,4587.9115
2020-07-07,1615363.3112,1579251.4314,1015346.1128,1496387.9491,686772.7451,242845.05,257834.2378,11106.9837,125932.2558,38091.7006,4472.9674
2020-07-08,1652985.339,1613983.5878,1023656.5705,1536783.82,694528.3785,251313.6,253385.6855,11106.9837,128526.3509,38091.7006,4541.9339
2020-07-09,1658880.0346,1625282.9137,1033911.6753,1587419.5627,697151.6075,258521.4,258654.1962,11106.9837,129302.5685,38091.7006,4558.3545
2020-07-10,1662997.6528,1620353.6776,1051540.4033,1596083.3024,698776.8689,257789.55,286549.4766,11106.9837,128474.0668,38091.7006,4564.9227
2020-07-11,1662997.6528,1620353.6776,1051540.4033,1596083.3024,698776.8689,257789.55,286549.4766,11106.9837,128474.0668,38091.7006,4564.9227
2020-07-12,1662997.6528,1620353.6776,1051540.4033,1596083.3024,698776.8689,257789.55,286549.4766,11106.9837,128474.0668,38091.7006,4564.9227
2020-07-13,1655325.8799,1570302.9719,1031958.9289,1548200.8033,681469.2605,247285.35,277721.0108,11106.9837,125204.3005,38091.7006,4446.6945
2020-07-14,1682718.8771,1580009.7755,1038069.1547,1538225.2827,683550.7356,255274.2,281382.9968,11106.9837,126720.539,38091.7006,4548.5021
2020-07-15,1694291.5515,1577658.909,1034288.6028,1500752.2394,685118.9703,251590.35,286801.7714,11106.9837,126197.6981,38091.7006,4597.7639
2020-07-16,1673443.4002,1546415.1352,1035221.8604,1496278.2184,686972.3386,249314.85,278385.14,11106.9837,125216.366,38091.7006,4558.3545
2020-07-17,1670062.6189,1538528.3573,1034965.2943,1477359.6435,690108.808,250956.9,278422.2422,11106.9837,125767.3598,38091.7006,4676.5827
2020-07-18,1670062.6189,1538528.3573,1034965.2943,1477359.6435,690108.808,250956.9,278422.2422,11106.9837,125767.3598,38091.7006,4676.5827
2020-07-19,1670062.6189,1538528.3573,1034965.2943,1477359.6435,690108.808,250956.9,278422.2422,11106.9837,125767.3598,38091.7006,4676.5827
2020-07-20,1705257.4191,1604655.9563,1068184.402,1594507.1701,699774.8365,258564.45,304794.4777,11106.9837,127545.0188,38091.7006,4594.4798
2020-07-21,1681721.98,1583043.1516,1063000.8569,1565303.8335,689310.434,254081.1,290947.941,11106.9837,126422.9219,38091.7006,4558.3545
2020-07-22,1686446.4052,1603159.25,1069506.3326,1546160.8094,683949.9227,256793.25,295394.6383,11106.9837,126205.7418,38091.7006,4518.9451
2020-07-23,1609685.3323,1533430.34,1034979.6864,1489619.5584,663220.7113,249191.85,280691.041,11106.9837,124544.7166,38091.7006,4453.2627
2020-07-24,1605697.7441,1524042.3,1030849.9111,1500772.1904,657831.6866,250784.7,262869.0048,11106.9837,122984.2377,38091.7006,4459.831
2020-07-25,1605697.7441,1524042.3,1030849.9111,1500772.1904,657831.6866,250784.7,262869.0048,11106.9837,122984.2377,38091.7006,4459.831
2020-07-26,1605697.7441,1524042.3,1030849.9111,1500772.1904,657831.6866,250784.7,262869.0048,11106.9837,122984.2377,38091.7006,4459.831
2020-07-27,1643753.2054,1543348.35,1044296.5442,1523865.5207,665786.9135,256368.9,285612.6463,11106.9837,125755.2943,38091.7006,4486.1039
2020-07-28,1616750.2984,1529493.42,1025232.3817,1496492.6921,656149.3984,251301.3,275161.2248,11106.9837,123611.6467,38091.7006,4449.9786
2020-07-29,1647740.7936,1544938.26,1039443.2653,1513052.0564,665188.133,257451.3,279376.7271,11106.9837,124214.9247,38091.7006,4597.7639
2020-07-30,1648288.3696,1543726.9,1045484.446,1528991.88,668638.2493,261104.4,277211.2038,11106.9837,125522.0268,38091.7006,4679.8668
2020-07-31,1817315.4754,1551444.5282,1010269.7383,1585155.4607,722659.1086,261122.85,266638.9031,11106.9837,127392.1884,38091.7006,4761.9697
2020-08-01,1817315.4754,1551444.5282,1010269.7383,1585155.4607,722659.1086,261122.85,266638.9031,11106.9837,127392.1884,38091.7006,4761.9697
2020-08-02,1817315.4754,1551444.5282,1010269.7383,1585155.4607,722659.1086,261122.85,266638.9031,11106.9837,127392.1884,38091.7006,4761.9697
2020-08-03,1863107.5155,1638699.5665,1005555.5719,1558713.4961,717787.6335,270852.15,276747.1631,11106.9837,129193.9785,38091.7006,4929.4597
2020-08-04,1875549.6104,1614104.6945,999114.0907,1572207.4632,711719.6558,276202.65,277119.8866,11106.9837,132073.6251,38091.7006,4991.8579
2020-08-05,1882347.8685,1611456.016,1004068.7243,1605366.3581,709696.9966,277654.05,276750.8903,11106.9837,132536.1382,38091.7006,5546.8737
2020-08-06,1948021.6067,1637261.7125,1021882.4528,1615369.1245,755733.8602,278853.3,277600.6998,11106.9837,132383.3078,38091.7006,5392.5202
2020-08-07,1900305.5313,1607974.8956,1017752.938,1586547.934,764736.1182,275507.7,270729.543,11106.9837,131084.2493,38091.7006,5415.509
2020-08-08,1900305.5313,1607974.8956,1017752.938,1586547.934,764736.1182,275507.7,270729.543,11106.9837,131084.2493,38091.7006,5415.509
2020-08-09,1900305.5313,1607974.8956,1017752.938,1586547.934,764736.1182,275507.7,270729.543,11106.9837,131084.2493,38091.7006,5415.509
2020-08-10,1927926.1269,1575963.7237,1017825.7356,1576880.7637,749238.5601,274659.0,264367.1537,11106.9837,131659.3742,38091.7006,5543.5896
2020-08-11,1870589.875,1539109.2539,1006931.0026,1543075.7211,729667.1955,266910.0,256133.6926,11106.9837,130320.0973,38091.7006,5507.4643
2020-08-12,1932757.5934,1583077.3175,1024948.7069,1583933.29,740378.7429,281430.15,289747.7571,11106.9837,134185.0978,38091.7006,5175.7685
2020-08-13,1966962.6654,1579369.1675,1032212.1683,1583322.2046,744395.5732,281497.8,302092.3578,11106.9837,132487.8759,38091.7006,5471.339
2020-08-14,1965209.6554,1580882.6981,1024500.2617,1576810.6391,744224.6443,284474.4,307629.1647,11106.9837,131844.3795,38091.7006,5353.1108
2020-08-15,1965209.6554,1580882.6981,1024500.2617,1576810.6391,744224.6443,284474.4,307629.1647,11106.9837,131844.3795,38091.7006,5353.1108
2020-08-16,1965209.6554,1580882.6981,1024500.2617,1576810.6391,744224.6443,284474.4,307629.1647,11106.9837,131844.3795,38091.7006,5353.1108
2020-08-17,1960078.8946,1591326.0592,1031911.9015,1594036.2342,743996.739,303490.2,342093.0387,11106.9837,132849.8427,38091.7006,5172.4844
2020-08-18,1976411.8165,1600482.9192,1059190.7663,1659191.96,747358.3417,301614.45,351681.3495,11106.9837,132174.1714,38091.7006,5090.3814
2020-08-19,1978891.6842,1586936.8205,1051629.0047,1633140.6893,748070.5456,299578.18,350086.0931,11106.9837,132403.417,38091.7006,5149.4955
2020-08-20,2022802.4454,1623866.9668,1074069.5695,1651618.5085,766359.9432,299639.88,373064.494,11106.9837,132250.5866,38091.7006,5320.2696
2020-08-21,2127042.4023,1612061.4282,1073375.2281,1645282.2544,760662.3116,313028.78,382037.8111,11106.9837,132729.1871,38091.7006,5225.0302
2020-08-22,2127042.4023,1612061.4282,1073375.2281,1645282.2544,760662.3116,313028.78,382037.8111,11106.9837,132729.1871,38091.7006,5225.0302
2020-08-23,2127042.4023,1612061.4282,1073375.2281,1645282.2544,760662.3116,313028.78,382037.8111,11106.9837,132729.1871,38091.7006,5225.0302
2020-08-24,2152482.4246,1617131.7557,1079249.2045,1656672.4851,773140.1248,313935.77,375369.7885,11106.9837,134329.8845,38091.7006,5418.7931
2020-08-25,2134824.0562,1638169.8308,1093086.0617,1676222.2082,800004.458,314670.0,377073.1347,11106.9837,135190.561,38091.7006,5556.726
2020-08-26,2163855.6111,1673586.4466,1121219.897,1723987.0453,865783.6152,315237.64,401268.4776,11106.9837,136610.2751,38091.7006,5497.6119
2020-08-27,2137988.0254,1714678.802,1109732.2879,1703024.8134,835329.7742,311665.21,417217.3141,11106.9837,136397.1169,38091.7006,5500.8961
2020-08-28,2134524.7618,1732311.4334,1116856.8439,1703926.4148,836583.2531,324486.47,412493.0443,11106.9837,138681.5293,38091.7006,5418.7931
2020-08-29,2134524.7618,1732311.4334,1116856.8439,1703926.4148,836583.2531,324486.47,412493.0443,11106.9837,138681.5293,38091.7006,5418.7931
2020-08-30,2134524.7618,1732311.4334,1116856.8439,1703926.4148,836583.2531,324486.47,412493.0443,11106.9837,138681.5293,38091.7006,5418.7931
2020-08-31,2206911.2454,1706732.7664,1110005.5255,1728550.15,835272.7978,330082.66,464338.8765,11106.9837,139618.621,38091.7006,5330.122
2020-09-01,2294818.2805,1719900.4825,1127733.2349,1752672.9956,841654.1453,341102.28,442655.6897,11106.9837,144601.6966,38091.7006,5399.0884
2020-09-02,2247273.2304,1753046.8024,1171990.2721,1768866.758,861766.7849,354071.62,416863.2268,11106.9837,150823.503,38091.7006,5464.7708
2020-09-03,2067354.5517,1644450.9828,1112731.0848,1686996.3446,829347.2609,321222.54,379246.1124,11106.9837,141605.4163,38091.7006,5241.4508
2020-09-04,2068722.7546,1621369.6413,1078987.5268,1650241.062,805445.6962,311523.3,389794.1861,11106.9837,145973.1485,38091.7006,5287.4285
2020-09-05,2068722.7546,1621369.6413,1078987.5268,1650241.062,805445.6962,311523.3,389794.1861,11106.9837,145973.1485,38091.7006,5287.4285
2020-09-06,2068722.7546,1621369.6413,1078987.5268,1650241.062,805445.6962,311523.3,389794.1861,11106.9837,145973.1485,38091.7006,5287.4285
2020-09-07,2068722.7546,1621369.6413,1078987.5268,1650241.062,805445.6962,311523.3,389794.1861,11106.9837,145973.1485,38091.7006,5287.4285
2020-09-08,1929508.1115,1533660.5438,1039432.3715,1577722.2583,772484.8972,294012.84,307692.5277,11106.9837,140982.0291,38091.7006,5369.5314
2020-09-09,2006469.5235,1598969.3886,1055839.9003,1637212.9222,779777.8657,313806.2,341302.865,11106.9837,144798.7674,38091.7006,5533.7372
2020-09-10,1940966.8106,1554168.8833,1040092.9861,1590379.7398,763739.0326,303853.99,346017.8167,11106.9837,143612.3209,38091.7006,5553.4419
2020-09-11,1915484.032,1544028.2283,1032733.8739,1560882.3482,759522.7852,300219.86,347303.7126,11106.9837,145499.1288,38091.7006,5566.5784
2020-09-12,1915484.032,1544028.2283,1032733.8739,1560882.3482,759522.7852,300219.86,347303.7126,11106.9837,145499.1288,38091.7006,5566.5784
2020-09-13,1915484.032,1544028.2283,1032733.8739,1560882.3482,759522.7852,300219.86,347303.7126,11106.9837,145499.1288,38091.7006,5566.5784
2020-09-14,1972863.0403,1554471.5894,1029978.4132,1554245.5604,758212.33,317687.13,391005.5373,11106.9837,146510.3821,38091.7006,5760.3413
2020-09-15,1976027.0094,1579974.5798,1046386.9019,1580872.8542,776074.4051,320617.88,419090.2494,11106.9837,148415.5834,38091.7006,5799.7507
2020-09-16,1917707.3617,1551747.2343,1031610.8213,1541788.4347,750719.9444,308857.86,411635.7804,11106.9837,148468.1685,38091.7006,5773.4778
2020-09-17,1887093.8222,1535552.457,1014458.5904,1507041.7197,725935.2467,307599.18,394555.7282,11106.9837,148015.127,38091.7006,5714.3637
2020-09-18,1827234.9462,1516481.9716,990152.9391,1480083.8386,719411.4585,300830.69,411999.1858,11106.9837,145511.2638,38091.7006,5783.3301
2020-09-19,1827234.9462,1516481.9716,990152.9391,1480083.8386,719411.4585,300830.69,411999.1858,11106.9837,145511.2638,38091.7006,5783.3301
2020-09-20,1827234.9462,1516481.9716,990152.9391,1480083.8386,719411.4585,300830.69,411999.1858,11106.9837,145511.2638,38091.7006,5783.3301
2020-09-21,1882647.1629,1532752.4255,973093.016,1482868.7851,706933.6452,308925.73,418745.4802,11106.9837,142299.5232,38091.7006,5566.5784
2020-09-22,1912234.5502,1569682.5718,994928.0502,1567278.7091,725735.8296,311899.67,395301.1751,11106.9837,146263.6363,38091.7006,5573.1466
2020-09-23,1832023.6563,1517995.5022,960691.5972,1502598.8284,709412.115,299214.15,354422.7305,11106.9837,142218.623,38091.7006,5494.3278
2020-09-24,1850836.4459,1537671.3999,969714.3032,1512581.5592,710865.0111,304748.64,361346.0686,11106.9837,142594.8092,38091.7006,5464.7708
2020-09-25,1920272.7421,1572709.633,980900.5852,1550318.5855,725935.2467,317724.15,379562.9273,11106.9837,144326.0749,38091.7006,5523.8849
2020-09-26,1920272.7421,1572709.633,980900.5852,1550318.5855,725935.2467,317724.15,379562.9273,11106.9837,144326.0749,38091.7006,5523.8849
2020-09-27,1920272.7421,1572709.633,980900.5852,1550318.5855,725935.2467,317724.15,379562.9273,11106.9837,144326.0749,38091.7006,5523.8849
2020-09-28,1966107.5386,1584969.2307,994217.526,1589848.7968,731632.8784,321703.8,392477.795,11106.9837,148573.3389,38091.7006,5573.1466
2020-09-29,1951228.3322,1568471.7473,998314.0427,1575237.8456,745791.493,326411.51,390493.0426,11106.9837,147343.6548,38091.7006,5625.6925
2020-09-30,1980644.6942,1591704.4418,998274.4706,1577166.2708,746104.8627,333932.74,399755.2204,15657.9,147367.9249,38091.7006,5688.0907
2020-10-01,1997405.1794,1607823.5426,1012796.5618,1613495.7972,759579.7616,336005.86,417599.3556,15591.972,149099.1906,38091.7006,5878.5695
2020-10-02,1932928.6187,1560374.3587,991051.9734,1565280.1594,740521.1837,322376.33,386784.4442,15163.44,144338.2099,38091.7006,5776.7619
2020-10-03,1932928.6187,1560374.3587,991051.9734,1565280.1594,740521.1837,322376.33,386784.4442,15163.44,144338.2099,38091.7006,5776.7619
2020-10-04,1932928.6187,1560374.3587,991051.9734,1565280.1594,740521.1837,322376.33,386784.4442,15163.44,144338.2099,38091.7006,5776.7619
2020-10-05,1992445.444,1592082.8245,1009704.794,1602446.1715,753939.1062,336696.9,396652.2976,14883.246,148087.9373,38091.7006,5845.7283
2020-10-06,1935322.9738,1558255.4158,987794.1592,1552737.8825,736874.6995,339016.82,385750.1366,16317.18,147230.3945,38091.7006,5858.8648
2020-10-07,1968159.8429,1587920.6154,992864.1274,1600688.0488,735336.3389,344631.52,396298.2103,16482.0,148346.8181,38091.7006,5944.2519
2020-10-08,1966278.5639,1593596.3551,1009866.7956,1598113.476,751403.6602,341540.35,396875.9317,16482.0,151012.4819,38091.7006,5957.3883
2020-10-09,2000483.6359,1633175.1799,1029054.4393,1646248.9715,753369.3431,339664.67,404404.9454,16399.59,152375.6514,38091.7006,5924.5472
2020-10-10,2000483.6359,1633175.1799,1029054.4393,1646248.9715,753369.3431,339664.67,404404.9454,16399.59,152375.6514,38091.7006,5924.5472
2020-10-11,2000483.6359,1633175.1799,1029054.4393,1646248.9715,753369.3431,339664.67,404404.9454,16399.59,152375.6514,38091.7006,5924.5472
2020-10-12,2127555.4784,1675478.3598,1065803.5995,1724528.0061,785560.9618,351097.68,412138.957,16300.698,154693.444,38091.7006,5904.8425
2020-10-13,2071117.1096,1686527.1331,1067508.2384,1724878.6289,786672.0,351646.81,416192.3246,15608.454,154313.2128,38091.7006,5888.4219
2020-10-14,2072656.3378,1671391.8272,1065049.9442,1684847.528,774365.1156,347870.77,429843.321,15394.188,153831.8562,38091.7006,6013.2183
2020-10-15,2064447.1206,1662310.6437,1059279.5115,1672295.2333,759836.155,344779.6,418270.2578,16333.662,153682.1907,38091.7006,6019.7866
2020-10-16,2035543.8347,1662310.6437,1068186.4047,1639266.5697,757585.5905,340867.82,409688.3004,16004.022,153164.429,38091.7006,6023.0707
2020-10-17,2035543.8347,1662310.6437,1068186.4047,1639266.5697,757585.5905,340867.82,409688.3004,16004.022,153164.429,38091.7006,6023.0707
2020-10-18,2035543.8347,1662310.6437,1068186.4047,1639266.5697,757585.5905,340867.82,409688.3004,16004.022,153164.429,38091.7006,6023.0707
2020-10-19,1983552.1253,1620108.5981,1042278.3973,1606458.2976,744680.4548,333124.47,401451.1121,15773.274,151999.4651,38091.7006,6016.5024
2020-10-20,2009719.0054,1623360.6133,1056718.0207,1611367.0162,762229.1603,336770.94,393167.3333,15278.814,152492.9568,38091.7006,6078.9007
2020-10-21,1998773.3823,1624495.0373,1081343.4878,1595303.4851,794050.433,333790.83,393819.5994,15163.44,150494.7202,38091.7006,6098.6054
2020-10-22,1979618.542,1625175.6916,1095883.9636,1591025.8874,792312.6553,329749.48,396754.7966,15954.576,151028.662,38091.7006,6256.243
2020-10-23,1967475.7414,1635309.8785,1113554.0403,1605050.7977,811314.2568,335407.37,391946.664,15641.418,150765.7361,38091.7006,6187.2765
2020-10-24,1967475.7414,1635309.8785,1113554.0403,1605050.7977,811314.2568,335407.37,391946.664,15641.418,150765.7361,38091.7006,6187.2765
2020-10-25,1967475.7414,1635309.8785,1113554.0403,1605050.7977,811314.2568,335407.37,391946.664,15641.418,150765.7361,38091.7006,6187.2765
2020-10-26,1967646.7668,1588798.4983,1079773.482,1606373.1463,789435.3513,324326.05,398383.7201,16399.59,146850.1632,38091.7006,5967.2407
2020-10-27,1994155.6976,1612275.7654,1089418.8732,1646088.6868,807041.0331,330631.79,402554.4833,18047.79,145458.6786,38091.7006,5885.1378
2020-10-28,1901802.0032,1532361.323,1029666.9914,1584203.7704,762542.53,311634.36,384866.6556,17882.97,140446.9071,38091.7006,5780.046
2020-10-29,1972264.4515,1547784.7348,1062628.1763,1608361.6783,800032.9462,321432.32,389426.0581,17718.15,143602.0175,38091.7006,5891.706
2020-10-30,1850816.1657,1530773.6188,1094908.1041,1523391.8543,749414.2847,309339.12,367823.4004,16696.266,141425.8004,38091.7006,5796.4666
2020-10-31,1850816.1657,1530773.6188,1094908.1041,1523391.8543,749414.2847,309339.12,367823.4004,16696.266,141425.8004,38091.7006,5796.4666
2020-11-01,1850816.1657,1530773.6188,1094908.1041,1523391.8543,749414.2847,309339.12,367823.4004,16696.266,141425.8004,38091.7006,5796.4666
2020-11-02,1849286.0035,1529715.1494,1099336.0526,1507501.3943,744429.7725,310492.91,379643.7226,17372.028,142081.0925,38091.7006,5717.6478
2020-11-03,1877679.0129,1560713.1829,1114773.0117,1529543.3238,755652.0456,321321.26,401815.1207,17306.1,143096.3909,38091.7006,5780.046
2020-11-04,1954357.1399,1636015.7227,1182096.0724,1626255.8643,818542.3478,340442.09,399047.2506,17668.704,147493.3203,38091.7006,5697.9431
2020-11-05,2023724.4921,1688183.1449,1192508.262,1666817.4299,839334.8843,349468.8,415265.8321,19580.616,154062.4219,38091.7006,5674.9715
2020-11-06,2017943.8794,1691434.1582,1191040.3098,1661483.8149,835717.5526,359390.16,407549.9202,22794.606,153961.2966,38091.7006,5569.8795
2020-11-07,2017943.8794,1691434.1582,1191040.3098,1661483.8149,835717.5526,359390.16,407549.9202,22794.606,153961.2966,38091.7006,5569.8795
2020-11-08,2017943.8794,1691434.1582,1191040.3098,1661483.8149,835717.5526,359390.16,407549.9202,22794.606,153961.2966,38091.7006,5569.8795
2020-11-09,1977649.6086,1651136.7147,1192028.2273,1577375.264,794018.5479,336406.91,399312.6628,24179.094,151906.4298,38091.7006,5550.1747
2020-11-10,1971698.9779,1595340.2544,1176381.5037,1522824.8754,775960.3724,315163.6,388980.5448,23074.8,146886.5683,38091.7006,5523.9017
2020-11-11,2031545.321,1637225.4021,1183805.7553,1574189.144,787495.9577,331156.24,395397.8328,26305.272,152060.1403,38091.7006,5697.9604
2020-11-12,2026784.8164,1628833.2516,1181366.0657,1560586.6695,783508.3479,332112.59,390307.6058,24030.756,149746.3927,38091.7006,5684.8239
2020-11-13,2027634.9065,1636922.9822,1200482.671,1569884.1189,788834.6552,328169.96,387217.4494,27524.3211,151081.2471,38091.7006,5908.1446
2020-11-14,2027634.9065,1636922.9822,1200482.671,1569884.1189,788834.6552,328169.96,387217.4494,27524.3211,151081.2471,38091.7006,5908.1446
2020-11-15,2027634.9065,1636922.9822,1200482.671,1569884.1189,788834.6552,328169.96,387217.4494,27524.3211,151081.2471,38091.7006,5908.1446
2020-11-16,2045316.7806,1642366.5393,1202593.7618,1571013.059,794559.7235,333556.37,386828.8101,27750.787,154038.1519,38091.7006,6000.1001
2020-11-17,2029845.1408,1621423.9655,1194628.5891,1573321.1145,783280.4845,331261.13,418602.4427,31095.5146,153953.2066,38091.7006,6046.0779
2020-11-18,2006722.6901,1595869.4891,1179580.9705,1558168.2288,774650.1577,332495.85,461286.4127,31182.6169,153961.2966,38091.7006,5944.27
2020-11-19,2017093.7893,1606000.5537,1191430.562,1563968.4724,777413.0016,332780.59,473258.399,33064.0262,155461.9965,38091.7006,6088.7716
2020-11-20,1994991.4467,1590652.7469,1176582.9624,1555127.6166,768184.5334,324052.69,464101.6779,31618.1283,155057.4952,38091.7006,6115.0446
2020-11-21,1994991.4467,1590652.7469,1176582.9624,1555127.6166,768184.5334,324052.69,464101.6779,31618.1283,155057.4952,38091.7006,6115.0446
2020-11-22,1994991.4467,1590652.7469,1176582.9624,1555127.6166,768184.5334,324052.69,464101.6779,31618.1283,155057.4952,38091.7006,6115.0446
2020-11-23,1935655.1577,1588535.808,1171142.5917,1554620.8479,764567.2017,325346.4,494661.9975,36652.6402,156542.0151,38091.7006,6229.989
2020-11-24,1958097.5363,1616887.6679,1194905.3688,1564490.2937,788749.2065,320833.89,526445.1091,41495.5271,158657.5571,38091.7006,6121.6128
2020-11-25,1972719.0861,1616963.2729,1195879.5005,1598112.6404,784960.9772,327692.41,544095.0207,50606.4258,158091.2552,38091.7006,6184.0112
2020-11-26,1972719.0861,1616963.2729,1195879.5005,1598112.6404,784960.9772,327692.41,544095.0207,50606.4258,158091.2552,38091.7006,6184.0112
2020-11-27,1982240.0952,1627245.5474,1210964.2058,1603265.6251,791284.1869,328348.55,555242.3334,48184.9823,159757.8007,38091.7006,6190.5795
2020-11-28,1982240.0952,1627245.5474,1210964.2058,1603265.6251,791284.1869,328348.55,555242.3334,48184.9823,159757.8007,38091.7006,6190.5795
2020-11-29,1982240.0952,1627245.5474,1210964.2058,1603265.6251,791284.1869,328348.55,555242.3334,48184.9823,159757.8007,38091.7006,6190.5795
2020-11-30,2024064.5281,1618475.3721,1188959.161,1589567.8178,788891.6211,331821.14,538028.4561,47226.8572,162439.6445,38091.7006,6144.6017
2020-12-01,2086461.1414,1634654.8335,1215395.4117,1615678.9494,816178.2649,331536.4,554294.4326,44718.3115,163649.1035,38091.7006,6367.9223
2020-12-02,2092581.7902,1628304.0168,1235509.0716,1607374.9673,818941.1088,335361.82,539184.8949,39213.4473,163309.3224,38091.7006,6367.9223
2020-12-03,2090201.5379,1619760.6564,1234079.8658,1598945.5474,802791.2893,331684.96,562465.3369,41861.3567,161719.6321,38091.7006,6318.6604
2020-12-04,2078470.2945,1620667.9159,1235131.6268,1586828.2563,796667.4601,335702.27,567830.4551,41547.7884,166525.1079,38091.7006,6486.1509
2020-12-05,2078470.2945,1620667.9159,1235131.6268,1586828.2563,796667.4601,335702.27,567830.4551,41547.7884,166525.1079,38091.7006,6486.1509
2020-12-06,2078470.2945,1620667.9159,1235131.6268,1586828.2563,796667.4601,335702.27,567830.4551,41547.7884,166525.1079,38091.7006,6486.1509
2020-12-07,2103972.9975,1620138.6812,1229951.2498,1584530.2359,813415.421,336903.13,608324.7744,50414.8007,170250.5652,38091.7006,6367.9223
2020-12-08,2114684.1328,1633142.7343,1227778.5945,1594209.0162,807206.143,330546.0,616021.7284,49805.0848,171269.9086,38091.7006,6538.697
2020-12-09,2070479.4476,1601313.0462,1204803.4236,1557536.0223,791597.4991,320165.37,572987.0351,46390.6753,168361.544,38091.7006,6213.5684
2020-12-10,2095302.0785,1591635.6114,1198394.5944,1556176.2766,789318.865,321192.91,594400.1126,47104.914,165861.7258,38091.7006,6249.6938
2020-12-11,2081190.5828,1612351.3703,1202980.5366,1563667.4217,779150.4602,322208.07,578209.9681,47383.6413,164154.7301,38091.7006,6233.2731
2020-12-12,2081190.5828,1612351.3703,1202980.5366,1563667.4217,779150.4602,322208.07,578209.9681,47383.6413,164154.7301,38091.7006,6233.2731
2020-12-13,2081190.5828,1612351.3703,1202980.5366,1563667.4217,779150.4602,322208.07,578209.9681,47383.6413,164154.7301,38091.7006,6233.2731
2020-12-14,2070479.4476,1619458.2366,1188026.733,1584013.4322,780973.3675,329524.65,606495.326,47453.3232,166573.6481,38091.7006,6249.6938
2020-12-15,2174190.4398,1618929.0018,1193601.1772,1588102.7043,784847.0455,330805.98,600258.1392,46042.2662,169105.8264,38091.7006,6239.8414
2020-12-16,2173000.3136,1657865.5561,1190659.3931,1626155.5141,785188.8406,327884.3,590324.1395,45153.8229,171872.6155,38091.7006,6157.7382
2020-12-17,2188131.9174,1658924.0255,1179934.0662,1623706.9683,781799.3723,330329.35,621728.0908,47435.9027,172358.0171,38091.7006,6331.797
2020-12-18,2153363.2323,1652648.8139,1169350.5902,1606431.6751,787268.0943,328614.72,658791.0094,45240.9252,176741.2526,38091.7006,6302.2398
2020-12-19,2153363.2323,1652648.8139,1169350.5902,1606431.6751,787268.0943,328614.72,658791.0094,45240.9252,176741.2526,38091.7006,6302.2398
2020-12-20,2153363.2323,1652648.8139,1169350.5902,1606431.6751,787268.0943,328614.72,658791.0094,45240.9252,176741.2526,38091.7006,6302.2398
2020-12-21,2180141.0705,1682890.7977,1174999.0418,1608704.6079,776985.7577,330106.51,616002.7703,49665.7211,174431.122,38091.7006,6243.1255
2020-12-22,2242197.6478,1693097.4673,1164759.2671,1608875.2033,760750.4895,328769.47,606978.7554,48846.9597,176147.4514,38091.7006,6226.7049
2020-12-23,2226555.9899,1671020.8191,1170484.3991,1598212.9907,763655.748,322109.03,612324.9155,49979.2893,173040.1632,38091.7006,6239.8414
2020-12-24,2243727.8099,1684100.4771,1174686.1323,1591900.9608,761633.4602,321725.25,627292.2681,48341.7664,175480.4419,38091.7006,6216.8525
2020-12-25,2243727.8099,1684100.4771,1174686.1323,1591900.9608,761633.4602,321725.25,627292.2681,48341.7664,175480.4419,38091.7006,6216.8525
2020-12-26,2243727.8099,1684100.4771,1174686.1323,1591900.9608,761633.4602,321725.25,627292.2681,48341.7664,175480.4419,38091.7006,6216.8525
2020-12-27,2243727.8099,1684100.4771,1174686.1323,1591900.9608,761633.4602,321725.25,627292.2681,48341.7664,175480.4419,38091.7006,6216.8525
2020-12-28,2323976.3154,1700809.1732,1200704.6664,1647730.8149,788977.0699,319404.0,629112.2375,44648.6297,175651.2614,38091.7006,6124.8969
2020-12-29,2293033.0357,1694685.1715,1189333.7557,1666817.4299,788350.4455,320474.87,631292.4092,42958.8454,174496.1961,38091.7006,6075.635
2020-12-30,2273480.9634,1676010.7464,1175598.8519,1648679.1247,774365.3285,325488.77,658582.4713,43725.3455,176851.0651,38091.7006,6105.1922
2020-12-31,2255969.1074,1681605.5134,1185263.5945,1634168.4804,778039.626,323241.8,668905.1103,41025.1748,178079.3387,38091.7006,6131.4652
2021-01-01,2255969.1074,1681605.5134,1185263.5945,1634168.4804,778039.626,323241.8,668905.1103,41025.1748,178079.3387,38091.7006,6131.4652
2021-01-02,2255969.1074,1681605.5134,1185263.5945,1634168.4804,778039.626,323241.8,668905.1103,41025.1748,178079.3387,38091.7006,6131.4652
2021-01-03,2255969.1074,1681605.5134,1185263.5945,1634168.4804,778039.626,323241.8,668905.1103,41025.1748,178079.3387,38091.7006,6131.4652
2021-01-04,2200203.1968,1645844.3675,1168344.1413,1598895.3723,766019.8309,324690.26,691749.5179,40711.6065,172942.552,38091.7006,6082.2033
2021-01-05,2204015.6856,1647432.0716,1177322.4922,1614891.2,771801.8651,331901.61,696811.3078,42854.3227,174113.8858,38091.7006,5960.6906
2021-01-06,2129825.0958,1604715.2694,1169779.8516,1574685.8777,749983.9432,312335.02,716593.9961,41007.7543,173040.1632,38091.7006,5993.5319
2021-01-07,2202501.592,1650380.6651,1204765.16,1586617.5208,765450.1724,330397.44,773524.9142,43551.1409,180332.5294,38091.7006,6000.1001
2021-01-08,2221511.8791,1660436.1247,1219408.9415,1596923.4901,762117.67,328732.33,834171.6031,43899.5501,181247.6339,38091.7006,5934.4176
2021-01-09,2221511.8791,1660436.1247,1219408.9415,1596923.4901,762117.67,328732.33,834171.6031,43899.5501,181247.6339,38091.7006,5934.4176
2021-01-10,2221511.8791,1660436.1247,1219408.9415,1596923.4901,762117.67,328732.33,834171.6031,43899.5501,181247.6339,38091.7006,5934.4176
2021-01-11,2169864.4617,1644332.2683,1191680.6602,1562558.5516,731555.4896,337268.34,768927.5956,45171.2434,181296.4395,38091.7006,5937.7017
2021-01-12,2166836.2744,1624977.3986,1178461.0602,1565880.1444,715177.8068,333882.41,805184.7986,45606.7548,182772.8081,38091.7006,6032.9414
2021-01-13,2201996.8941,1635637.6979,1184408.5013,1588489.0527,716744.3677,335046.13,809895.8653,44422.1637,183513.026,38091.7006,6138.0335
2021-01-14,2168686.8333,1610536.8513,1174106.9206,1569211.7723,699654.6117,326838.19,800976.1194,43411.7773,183862.7993,38091.7006,6167.5906
2021-01-15,2138909.6578,1607739.4678,1171631.2648,1557561.1098,715946.8458,318401.22,783117.6696,44666.0501,181333.0437,38091.7006,6407.3319
2021-01-16,2138909.6578,1607739.4678,1171631.2648,1557561.1098,715946.8458,318401.22,783117.6696,44666.0501,181333.0437,38091.7006,6407.3319
2021-01-17,2138909.6578,1607739.4678,1171631.2648,1557561.1098,715946.8458,318401.22,783117.6696,44666.0501,181333.0437,38091.7006,6407.3319
2021-01-18,2138909.6578,1607739.4678,1171631.2648,1557561.1098,715946.8458,318401.22,783117.6696,44666.0501,181333.0437,38091.7006,6407.3319
2021-01-19,2150517.7093,1636393.7475,1209316.9402,1565845.0219,743689.2164,322505.19,800549.5641,46373.2549,186791.1337,38091.7006,6768.5859
2021-01-20,2221175.4139,1696121.6657,1274138.5348,1637404.7756,761861.3236,330935.97,806142.1784,45885.4821,187852.6549,38091.7006,6827.7001
2021-01-21,2302600.0068,1700884.7781,1276993.6167,1659286.1447,777213.6211,343359.3,800966.6404,45258.3456,189861.8177,38091.7006,6768.5859
2021-01-22,2339611.1854,1708294.0642,1283172.7881,1651880.2972,781856.3382,339521.5,802530.6766,56755.8469,189129.7341,38091.7006,6571.5382
2021-01-23,2339611.1854,1708294.0642,1283172.7881,1651880.2972,781856.3382,339521.5,802530.6766,56755.8469,189129.7341,38091.7006,6571.5382
2021-01-24,2339611.1854,1708294.0642,1283172.7881,1651880.2972,781856.3382,339521.5,802530.6766,56755.8469,189129.7341,38091.7006,6571.5382
2021-01-25,2404380.748,1735360.6398,1283147.2216,1652768.3968,791853.8455,338054.47,834910.9656,63114.3134,189036.1901,38091.7006,6633.9366
2021-01-26,2408418.3311,1752282.9891,1293865.2483,1668889.6623,803360.9479,332656.79,837081.6583,61616.1542,188662.014,38091.7006,6801.4271
2021-01-27,2389912.7418,1756582.0521,1234559.7774,1621950.8391,775134.3675,319843.49,819137.8974,67939.7798,180865.3236,38091.7006,6466.4462
2021-01-28,2301480.0806,1802061.6132,1257049.6613,1624479.6651,754632.537,323142.76,791904.7094,62121.3474,183728.5839,38091.7006,6574.8224
2021-01-29,2215357.1482,1749492.3693,1239030.9845,1608714.6429,735638.5784,321626.21,752187.6687,61285.1655,183224.2597,38091.7006,6607.6636
2021-01-30,2215357.1482,1749492.3693,1239030.9845,1608714.6429,735638.5784,321626.21,752187.6687,61285.1655,183224.2597,38091.7006,6607.6636
2021-01-31,2215357.1482,1749492.3693,1239030.9845,1608714.6429,735638.5784,321626.21,752187.6687,61285.1655,183224.2597,38091.7006,6607.6636
2021-02-01,2251955.1974,1807492.0086,1283443.6723,1677293.9946,746118.0039,327748.12,796056.5146,59159.8698,189829.2807,38091.7006,6614.2319
2021-02-02,2266225.079,1806436.0984,1301103.3874,1695918.9985,760555.6905,335665.13,827318.2808,54038.2557,193953.3517,38091.7006,6607.6636
2021-02-03,2248597.5782,1832758.4314,1391888.346,1668073.3181,759331.1924,335015.18,810161.2775,55327.3694,189198.8754,38091.7006,6597.8112
2021-02-04,2306516.5094,1825291.6378,1387490.4573,1677374.1589,758875.5652,338326.83,805706.144,55832.5627,191411.3947,38091.7006,6752.1652
2021-02-05,2295940.009,1826724.6588,1411370.7735,1688024.5532,763460.3139,336513.16,807829.4417,59316.6539,189532.3801,38091.7006,6863.8255
2021-02-06,2295940.009,1826724.6588,1411370.7735,1688024.5532,763460.3139,336513.16,807829.4417,59316.6539,189532.3801,38091.7006,6863.8255
2021-02-07,2295940.009,1826724.6588,1411370.7735,1688024.5532,763460.3139,336513.16,807829.4417,59316.6539,189532.3801,38091.7006,6863.8255
2021-02-08,2298458.2234,1828761.057,1408191.8716,1673315.4271,759131.8555,357503.45,828756.7124,62800.7452,192253.2909,38091.7006,6998.4747
2021-02-09,2283348.937,1838565.9375,1401942.3748,1664281.4756,767304.6683,353158.07,815357.1575,66493.882,193038.2472,38091.7006,6863.8255
2021-02-10,2272940.3174,1831400.8325,1409691.9232,1655005.813,774196.0296,365562.83,772509.2971,62191.0292,191175.5011,38091.7006,6998.4747
2021-02-11,2268575.4125,1843996.3329,1410605.3721,1642693.6551,769981.4781,377608.57,779074.6951,57679.131,194567.4885,38091.7006,6949.2128
2021-02-12,2272604.5555,1847767.4408,1415518.8778,1650539.1938,770294.7217,370440.55,783355.6417,55588.6763,197792.7235,38091.7006,7041.1684
2021-02-13,2272604.5555,1847767.4408,1415518.8778,1650539.1938,770294.7217,370440.55,783355.6417,55588.6763,197792.7235,38091.7006,7041.1684
2021-02-14,2272604.5555,1847767.4408,1415518.8778,1650539.1938,770294.7217,370440.55,783355.6417,55588.6763,197792.7235,38091.7006,7041.1684
2021-02-15,2272604.5555,1847767.4408,1415518.8778,1650539.1938,770294.7217,370440.55,783355.6417,55588.6763,197792.7235,38091.7006,7041.1684
2021-02-16,2236006.5062,1838037.9824,1426825.6127,1646127.9666,780176.1365,379576.99,764254.557,48498.5505,198935.5874,38091.7006,6995.1906
2021-02-17,2196554.4806,1841809.0903,1431635.5533,1666114.4513,779037.0685,369072.56,766107.0742,47174.5958,196230.9452,38091.7006,6945.9287
2021-02-18,2177583.9322,1838716.7818,1423595.6753,1675979.2846,767133.8081,367166.04,755769.452,43847.2887,196548.1814,38091.7006,6906.5192
2021-02-19,2180270.0275,1817447.7334,1412464.8013,1636535.0583,744836.5524,369580.14,749933.5427,50519.3235,200014.581,38091.7006,7103.5668
2021-02-20,2180270.0275,1817447.7334,1412464.8013,1636535.0583,744836.5524,369580.14,749933.5427,50519.3235,200014.581,38091.7006,7103.5668
2021-02-21,2180270.0275,1817447.7334,1412464.8013,1636535.0583,744836.5524,369580.14,749933.5427,50519.3235,200014.581,38091.7006,7103.5668
2021-02-22,2115300.096,1768725.0195,1388574.0621,1601708.5206,741333.9183,355448.37,685815.3286,48777.2778,194462.7027,38091.7006,7005.043
2021-02-23,2112949.7626,1759372.672,1392566.5603,1608637.5715,757067.2948,350155.92,670784.0227,46599.7208,192642.0131,38091.7006,7126.5557
2021-02-24,2104387.8336,1769026.7081,1408754.1543,1591027.9125,752667.6447,358995.24,712230.497,45972.5844,196307.8857,38091.7006,7114.1119
2021-02-25,2031191.735,1727091.9885,1364426.6762,1539477.9897,725273.0598,329493.7,654831.2575,41739.4135,186624.7568,38091.7006,6953.3604
2021-02-26,2035724.521,1752660.0999,1368283.3108,1557490.5006,733616.7328,339571.02,648381.042,41634.8907,191813.3137,38091.7006,7158.5751
2021-02-27,2035724.521,1752660.0999,1368283.3108,1557490.5006,733616.7328,339571.02,648381.042,41634.8907,191813.3137,38091.7006,7158.5751
2021-02-28,2035724.521,1752660.0999,1368283.3108,1557490.5006,733616.7328,339571.02,648381.042,41634.8907,191813.3137,38091.7006,7158.5751
2021-03-01,2145350.7878,1787052.6038,1399386.8547,1584285.1805,754376.2467,343275.4,689587.5529,45210.4579,199859.455,38091.7006,7291.9647
2021-03-02,2100526.5715,1763898.0014,1395723.0926,1558296.2042,737546.5173,332475.0,658881.8393,44609.1096,196156.842,38091.7006,7362.6836
2021-03-03,2049154.9978,1716306.6199,1361327.5432,1513212.0527,727323.3822,317557.8,626976.3088,42987.2915,189033.2922,38091.7006,7345.1115
2021-03-04,2016753.9725,1710046.5809,1376460.0339,1499399.2718,733673.6862,306782.2,596491.3615,45064.6765,181085.1253,38091.7006,7042.8725
2021-03-05,2038410.6163,1746777.1716,1417731.7591,1510925.8688,752582.2147,309045.2,573944.4027,43643.3078,183759.0078,38091.7006,7046.3869
2021-03-06,2038410.6163,1746777.1716,1417731.7591,1510925.8688,752582.2147,309045.2,573944.4027,43643.3078,183759.0078,38091.7006,7046.3869
2021-03-07,2038410.6163,1746777.1716,1417731.7591,1510925.8688,752582.2147,309045.2,573944.4027,43643.3078,183759.0078,38091.7006,7046.3869
2021-03-08,1953462.8506,1715024.4433,1359171.8237,1486497.9431,727038.6152,287512.6,540397.5228,41037.4652,171965.3487,38091.7006,6909.325
2021-03-09,2032786.6042,1763219.202,1379806.3847,1542343.2731,756739.8128,310502.2,646538.1232,44208.2107,181089.2075,38091.7006,7102.6174
2021-03-10,2014235.7581,1752961.7886,1379273.342,1539719.7008,754347.77,309212.6,641239.7319,45101.1218,178635.7672,38091.7006,7250.2225
2021-03-11,2047476.1882,1788485.6248,1421038.3326,1567894.1482,779919.8462,322238.8,671513.5114,48709.2116,185208.2114,38091.7006,7440.0005
2021-03-12,2031863.2589,1778077.3671,1386157.8613,1555758.2379,764314.6148,318828.8,665879.1713,49055.4424,184213.7604,38091.7006,7404.8565
2021-03-13,2031863.2589,1778077.3671,1386157.8613,1555758.2379,764314.6148,318828.8,665879.1713,49055.4424,184213.7604,38091.7006,7404.8565
2021-03-14,2031863.2589,1778077.3671,1386157.8613,1555758.2379,764314.6148,318828.8,665879.1713,49055.4424,184213.7604,38091.7006,7404.8565
2021-03-15,2081556.023,1770987.6842,1389196.5903,1551825.3972,779549.6491,327143.0,679518.6896,48818.5476,192216.486,38091.7006,7418.9141
2021-03-16,2108081.2147,1792860.11,1407851.2802,1556951.6863,795297.2639,329623.0,649705.6398,46668.2719,195242.0062,38091.7006,7176.42
2021-03-17,2094482.857,1787806.8254,1406806.0819,1579043.0716,808766.7428,330863.0,673634.7876,45939.3649,197450.9218,38091.7006,7278.3378
2021-03-18,2023469.2109,1740140.0218,1367874.5195,1524789.0062,793417.8017,315518.0,626937.9147,43697.9758,189513.5246,38091.7006,7113.1606
2021-03-19,2014403.639,1737349.4019,1372139.8177,1548441.4421,826137.5295,318574.6,628579.2642,44317.5468,193723.1216,38091.7006,7186.9632
2021-03-20,2014403.639,1737349.4019,1372139.8177,1548441.4421,826137.5295,318574.6,628579.2642,44317.5468,193723.1216,38091.7006,7186.9632
2021-03-21,2014403.639,1737349.4019,1372139.8177,1548441.4421,826137.5295,318574.6,628579.2642,44317.5468,193723.1216,38091.7006,7186.9632
2021-03-22,2071483.1654,1779887.4989,1371731.3607,1566524.4521,835905.0374,327019.0,643101.8477,44135.32,194057.9295,38091.7006,7155.3335
2021-03-23,2057213.2838,1791879.6219,1380211.4578,1579934.3812,827618.3179,324154.6,635576.5962,42385.9432,189476.7774,38091.7006,6867.1521
2021-03-24,2016082.4486,1775890.1245,1374594.4854,1554539.6112,803441.6,313546.4,604966.868,39871.214,186704.4046,38091.7006,6747.6623
2021-03-25,2024476.4966,1752358.4113,1374326.4947,1533989.134,793759.5221,310874.2,614680.5854,41146.8012,188513.1839,38091.7006,6821.4648
2021-03-26,2034885.1162,1783583.1846,1368736.902,1536894.7026,805947.5495,318413.4,593870.9615,41146.8012,196818.0532,38091.7006,6849.5801
2021-03-27,2034885.1162,1783583.1846,1368736.902,1536894.7026,805947.5495,318413.4,593870.9615,41146.8012,196818.0532,38091.7006,6849.5801
2021-03-28,2034885.1162,1783583.1846,1368736.902,1536894.7026,805947.5495,318413.4,593870.9615,41146.8012,196818.0532,38091.7006,6849.5801
2021-03-29,2037906.9734,1774230.837,1382702.9047,1548829.187,828159.3751,321116.6,586748.8485,39597.8738,192971.8453,38091.7006,6775.7775
2021-03-30,2012892.7104,1748662.7256,1382779.2965,1538536.3236,820128.9459,319219.4,610102.0842,40162.7768,186251.189,38091.7006,6951.4979
2021-03-31,2050665.9264,1778228.2114,1392561.775,1558069.6,838724.2307,331036.6,641114.9509,42440.6112,189313.4565,38091.7006,7028.8149
2021-04-01,2064935.808,1827855.9911,1438556.0963,1591768.1526,850485.1076,342531.4,635183.0563,42039.7123,194331.4921,38091.7006,7383.77
2021-04-02,2064935.808,1827855.9911,1438556.0963,1591768.1526,850485.1076,342531.4,635183.0563,42039.7123,194331.4921,38091.7006,7383.77
2021-04-03,2064935.808,1827855.9911,1438556.0963,1591768.1526,850485.1076,342531.4,635183.0563,42039.7123,194331.4921,38091.7006,7383.77
2021-04-04,2064935.808,1827855.9911,1438556.0963,1591768.1526,850485.1076,342531.4,635183.0563,42039.7123,194331.4921,38091.7006,7383.77
2021-04-05,2113621.2864,1878539.6811,1498191.9444,1624867.4632,879673.7246,346890.0,663306.7639,42713.9513,199447.5202,38091.7006,7369.7124
2021-04-06,2118825.5962,1869413.6,1494772.0732,1623402.0898,872127.3992,343765.2,663853.8804,42404.1658,197565.2465,38091.7006,7570.0336
2021-04-07,2147197.4784,1884799.7202,1513144.808,1651385.1825,891576.985,350758.8,644032.9056,41729.9268,196989.5402,38091.7006,7440.0005
2021-04-08,2188496.1946,1910066.143,1522358.0502,1661411.1566,891377.6481,355061.6,656347.826,42659.2833,198222.6132,38091.7006,7552.4616
2021-04-09,2232732.8275,1929675.904,1536072.6719,1698121.0263,887780.1055,358492.9622,649840.0193,43807.3119,198063.3753,38091.7006,7531.3751
2021-04-10,2232732.8275,1929675.904,1536072.6719,1698121.0263,887780.1055,358492.9622,649840.0193,43807.3119,198063.3753,38091.7006,7531.3751
2021-04-11,2232732.8275,1929675.904,1536072.6719,1698121.0263,887780.1055,358492.9622,649840.0193,43807.3119,198063.3753,38091.7006,7531.3751
2021-04-12,2203269.719,1930128.4369,1516745.0025,1701741.6568,885166.1463,378633.296,673797.9627,42531.7246,197483.586,38091.7006,7591.12
2021-04-13,2256823.7453,1949587.3536,1524294.0596,1712120.1262,880108.7035,390346.5557,731715.5232,46322.0411,198010.296,38091.7006,7717.6387
2021-04-14,2216532.3149,1927714.9279,1515885.4115,1678381.2884,860390.359,380326.1795,702833.5312,43187.7409,194882.7002,38091.7006,7780.8981
2021-04-15,2257998.912,1957204.9915,1544569.768,1703455.4666,874596.659,401742.3996,709187.7614,42185.4937,195985.1165,38091.7006,7872.2726
2021-04-16,2252290.9594,1966557.3391,1544146.1472,1713714.2401,869936.9926,396147.1709,710080.4252,40946.3518,195491.0707,38091.7006,7896.8735
2021-04-17,2252290.9594,1966557.3391,1544146.1472,1713714.2401,869936.9926,396147.1709,710080.4252,40946.3518,195491.0707,38091.7006,7896.8735
2021-04-18,2252290.9594,1966557.3391,1544146.1472,1713714.2401,869936.9926,396147.1709,710080.4252,40946.3518,195491.0707,38091.7006,7896.8735
2021-04-19,2263706.8646,1951472.9076,1548041.2123,1699886.3209,858742.4281,382436.0599,685940.1096,39980.55,188635.6746,38091.7006,7819.5565
2021-04-20,2234663.4586,1947852.644,1541488.1897,1681072.6882,859907.3448,377693.4968,690125.0708,39688.9872,186700.3216,38091.7006,7654.3794
2021-04-21,2241210.816,1965350.5846,1541155.4124,1694850.1958,856554.6579,382404.9407,714246.1894,41237.9146,187733.3265,38091.7006,7661.4082
2021-04-22,2215021.3862,1939631.6288,1523903.6823,1668142.0966,842490.4208,369702.0911,690796.9683,41657.0361,185822.4716,38091.7006,7721.1531
2021-04-23,2254977.0547,1969649.6476,1548812.3783,1684193.1702,855588.6295,380033.6592,700117.1458,42659.2833,190321.9632,38091.7006,7650.865
2021-04-24,2254977.0547,1969649.6476,1548812.3783,1684193.1702,855588.6295,380033.6592,700117.1458,42659.2833,190321.9632,38091.7006,7650.865
2021-04-25,2254977.0547,1969649.6476,1548812.3783,1684193.1702,855588.6295,380033.6592,700117.1458,42659.2833,190321.9632,38091.7006,7650.865
2021-04-26,2261692.2931,1972666.5339,1556023.6314,1718533.5951,861015.4362,385330.1437,708563.8567,43934.8706,192657.4525,38091.7006,7872.2726
2021-04-27,2256152.2214,1973046.5851,1543073.5959,1722783.2983,862521.304,382933.9668,676447.1584,43515.749,190411.7897,38091.7006,8111.2523
2021-04-28,2242553.8637,1917237.6177,1588174.6174,1743487.3683,872550.9518,380319.9556,668936.6631,43461.081,187492.4281,38091.7006,8079.6227
2021-04-29,2227464.9859,1901797.8899,1616406.6057,1749945.1024,934314.0175,381514.9322,652174.7133,45280.9428,190387.2916,38091.7006,8172.7654
2021-04-30,2193755.9713,1899312.4703,1596849.2305,1748702.2087,921752.9082,373666.6748,683425.153,44627.8854,186267.5211,38091.7006,7979.4311
2021-05-01,2193755.9713,1899312.4703,1596849.2305,1748702.2087,921752.9082,373666.6748,683425.153,44627.8854,186267.5211,38091.7006,7979.4311
2021-05-02,2193755.9713,1899312.4703,1596849.2305,1748702.2087,921752.9082,373666.6748,683425.153,44627.8854,186267.5211,38091.7006,7979.4311
2021-05-03,2211778.6127,1896902.3664,1588296.4857,1707887.2887,914664.2462,369366.004,659785.0238,41640.9293,183793.209,38091.7006,8037.3529
2021-05-04,2133513.6234,1866248.858,1562384.9003,1670254.6515,902698.5846,357279.3142,648899.3898,40408.5072,181506.716,38091.7006,7959.8675
2021-05-05,2137685.5311,1856307.1796,1565817.5841,1649410.9515,893228.132,359949.3399,646336.9308,39493.5271,181216.8213,38091.7006,8062.0074
2021-05-06,2165053.2459,1880860.1126,1581653.2745,1667480.871,907405.4562,361555.0896,639208.2855,37514.1825,183156.2574,38091.7006,8051.4412
2021-05-07,2172896.4325,1901421.3111,1592380.5984,1660037.0527,904740.1192,368756.0681,647714.4933,36879.2984,184789.4667,38091.7006,8104.2721
2021-05-08,2172896.4325,1901421.3111,1592380.5984,1660037.0527,904740.1192,368756.0681,647714.4933,36879.2984,184789.4667,38091.7006,8104.2721
2021-05-09,2172896.4325,1901421.3111,1592380.5984,1660037.0527,904740.1192,368756.0681,647714.4933,36879.2984,184789.4667,38091.7006,8104.2721
2021-05-10,2116825.9923,1861654.5975,1553141.6115,1609039.8365,867567.1753,355150.7622,605973.385,34489.1464,178060.6444,38091.7006,7995.0881
2021-05-11,2101139.6192,1854499.6017,1534721.5109,1625894.3357,869155.0356,356159.0237,594567.5525,37738.2593,179681.6046,38091.7006,7875.3379
2021-05-12,2048740.4579,1800046.3177,1487982.4213,1589598.1564,857869.8855,342522.5987,568258.998,35451.7377,172458.7365,38091.7006,7664.014
2021-05-13,2085453.2461,1830398.5631,1505232.0959,1594404.3617,865553.9952,340201.1078,550726.3838,34475.8296,175814.9816,38091.7006,7822.5069
2021-05-14,2126838.571,1868960.2248,1539978.4951,1625384.9688,895836.7597,354584.3931,568114.4984,37685.0658,180314.4732,38091.7006,8209.9341
2021-05-15,2126838.571,1868960.2248,1539978.4951,1625384.9688,895836.7597,354584.3931,568114.4984,37685.0658,180314.4732,38091.7006,8209.9341
2021-05-16,2126838.571,1868960.2248,1539978.4951,1625384.9688,895836.7597,354584.3931,568114.4984,37685.0658,180314.4732,38091.7006,8209.9341
2021-05-17,2107147.1664,1846591.4484,1545209.0445,1649335.303,894475.7365,352655.0039,555677.9023,38398.2294,179628.5253,38091.7006,8146.5369
2021-05-18,2083450.7303,1830775.1419,1530418.0543,1630115.5254,878880.6799,348926.9261,556679.766,39862.0915,177097.0509,38091.7006,8167.6693
2021-05-19,2080780.7094,1831076.4048,1535170.2641,1629873.45,889173.4173,350171.6933,542798.1742,38792.3461,180355.3034,38091.7006,8262.7651
2021-05-20,2124502.3026,1856382.4953,1563061.2973,1637882.1109,903407.4508,363783.223,565263.0403,38679.7413,185777.5583,38091.7006,8329.6843
2021-05-21,2093129.5563,1846516.1327,1555103.8897,1615389.2723,896659.0445,373224.7824,559579.3906,38942.4858,184242.3416,38091.7006,8329.6843
2021-05-22,2093129.5563,1846516.1327,1555103.8897,1615389.2723,896659.0445,373224.7824,559579.3906,38942.4858,184242.3416,38091.7006,8329.6843
2021-05-23,2093129.5563,1846516.1327,1555103.8897,1615389.2723,896659.0445,373224.7824,559579.3906,38942.4858,184242.3416,38091.7006,8329.6843
2021-05-24,2120997.9001,1888768.2659,1598094.2472,1636525.4801,920476.9491,388666.1199,584202.1169,39824.5566,187488.3451,38091.7006,8569.1848
2021-05-25,2117660.3739,1895847.946,1599518.1511,1643616.2718,929437.0179,389556.1285,582516.2886,40312.5106,187631.2509,38091.7006,8548.0524
2021-05-26,2116825.9923,1894115.6838,1613638.227,1646697.6898,929068.4075,391244.0,596426.7803,41513.6283,188019.1381,38091.7006,8600.8833
2021-05-27,2090626.4117,1877696.8513,1597183.6247,1629021.1429,943500.9235,385960.96,607717.0131,42602.1411,190954.8318,38091.7006,8671.3246
2021-05-28,2079445.6989,1880483.5339,1598432.4671,1625470.7038,932102.3549,404812.94,602293.4627,43071.3277,192853.4376,38091.7006,8741.766
2021-05-29,2079445.6989,1880483.5339,1598432.4671,1625470.7038,932102.3549,404812.94,602293.4627,43071.3277,192853.4376,38091.7006,8741.766
2021-05-30,2079445.6989,1880483.5339,1598432.4671,1625470.7038,932102.3549,404812.94,602293.4627,43071.3277,192853.4376,38091.7006,8741.766
2021-05-31,2079445.6989,1880483.5339,1598432.4671,1625470.7038,932102.3549,404812.94,602293.4627,43071.3277,192853.4376,38091.7006,8741.766
2021-06-01,2073938.7807,1863311.5439,1612630.8415,1623241.5929,933236.5408,405311.34,601021.8665,43277.7698,191212.0623,38091.7006,8776.9866
2021-06-02,2086955.1329,1862558.3865,1606247.5937,1630977.919,933293.2501,418113.99,582930.5207,45886.4472,193425.0609,38091.7006,8822.7735
2021-06-03,2061589.9337,1850583.1829,1593023.9252,1607284.7899,924474.9545,422886.17,551834.2138,44347.5152,189778.9211,38091.7006,8857.9941
2021-06-04,2100805.8666,1888843.5816,1624246.6963,1616972.8488,936695.8079,438049.99,577083.1049,45098.2137,193943.6049,38091.7006,8928.4354
2021-06-05,2100805.8666,1888843.5816,1624246.6963,1616972.8488,936695.8079,438049.99,577083.1049,45098.2137,193943.6049,38091.7006,8928.4354
2021-06-06,2100805.8666,1888843.5816,1624246.6963,1616972.8488,936695.8079,438049.99,577083.1049,45098.2137,193943.6049,38091.7006,8928.4354
2021-06-07,2100972.7429,1911588.9368,1632037.6176,1612832.351,954360.7538,439065.48,582940.154,45905.2146,189362.4528,38091.7006,9034.0974
2021-06-08,2114990.3529,1902249.7843,1636595.584,1646168.1499,946137.9058,435028.44,581456.6251,45755.0749,189260.3772,38091.7006,9160.8917
2021-06-09,2121498.529,1909931.9904,1642632.9664,1654761.8264,936412.2614,432567.59,576823.0057,45360.9582,189423.6981,38091.7006,9248.9433
2021-06-10,2104477.1454,1937422.2375,1661897.6804,1689308.0023,942678.6387,434231.0,587747.1729,45304.6558,191359.0511,38091.7006,9125.6711
2021-06-11,2125169.8078,1942317.761,1657644.3671,1687885.8094,939276.0809,444205.23,587525.6069,46299.3313,193109.6456,38091.7006,9231.333
2021-06-12,2125169.8078,1942317.761,1657644.3671,1687885.8094,939276.0809,444205.23,587525.6069,46299.3313,193109.6456,38091.7006,9231.333
2021-06-13,2125169.8078,1942317.761,1657644.3671,1687885.8094,939276.0809,444205.23,587525.6069,46299.3313,193109.6456,38091.7006,9231.333
2021-06-14,2177402.0929,1957380.9101,1668242.7402,1706565.9605,954899.4921,449027.25,595039.5844,46918.6576,195214.2823,38091.7006,9118.6269
2021-06-15,2163384.4828,1945857.601,1659390.4676,1706192.761,954842.7828,443289.42,577381.7373,45811.3773,193126.056,38091.7006,9125.6711
2021-06-16,2171895.1746,1938476.6579,1652870.3036,1722391.6394,938765.6972,443831.43,582689.6881,46543.3084,191078.8558,38091.7006,9351.0832
2021-06-17,2199262.8895,1964987.8004,1663830.1485,1759706.5526,954162.2713,464938.67,593989.5542,47763.1935,193302.4681,38091.7006,9315.8626
2021-06-18,2177068.3403,1953916.3858,1647694.2454,1758526.4351,934739.3372,464477.65,600453.5015,47613.0538,190155.7696,38091.7006,9199.6344
2021-06-19,2177068.3403,1953916.3858,1647694.2454,1758526.4351,934739.3372,464477.65,600453.5015,47613.0538,190155.7696,38091.7006,9199.6344
2021-06-20,2177068.3403,1953916.3858,1647694.2454,1758526.4351,934739.3372,464477.65,600453.5015,47613.0538,190155.7696,38091.7006,9199.6344
2021-06-21,2207773.5813,1978017.4243,1664858.9241,1741914.0112,942196.6097,459207.07,598064.442,47706.8911,190611.1588,38091.7006,9382.7818
2021-06-22,2235808.8014,1999708.359,1671985.4652,1767876.5971,961307.6427,470657.81,600838.8337,47669.3561,190545.5171,38091.7006,9463.7893
2021-06-23,2231136.2647,1997938.439,1666939.8238,1767059.5927,965730.9678,474906.67,632493.8722,49302.1254,191452.1929,38091.7006,9502.532
2021-06-24,2226296.8517,2008595.617,1675040.407,1739452.9114,973074.8217,478601.06,654891.3052,49790.0795,192847.0788,38091.7006,9583.5395
2021-06-25,2221290.5624,1996017.8875,1673106.5289,1715437.0151,967942.6304,474252.52,647232.8281,50259.266,189622.4308,38091.7006,9562.4072
2021-06-26,2221290.5624,1996017.8875,1673106.5289,1715437.0151,967942.6304,474252.52,647232.8281,50259.266,189622.4308,38091.7006,9562.4072
2021-06-27,2221290.5624,1996017.8875,1673106.5289,1715437.0151,967942.6304,474252.52,647232.8281,50259.266,189622.4308,38091.7006,9562.4072
2021-06-28,2249158.9062,2023884.7133,1672068.3351,1736835.4712,1008404.7136,498026.2,663464.9461,51385.3138,193971.1928,38091.7006,9537.7527
2021-06-29,2275024.7342,2044069.3331,1664811.7133,1738978.8471,997771.7204,499066.61,655796.8358,49977.7541,195755.8262,38091.7006,9572.9733
2021-06-30,2285537.9418,2040303.5459,1658758.7947,1734954.3436,985919.4774,498462.3,654775.7055,49471.0326,195628.6454,38091.7006,9615.2381
2021-07-01,2290711.1074,2045575.6481,1668350.6114,1731328.256,1004860.3825,503683.04,653060.9773,46393.1687,192674.7694,38091.7006,9671.5912
2021-07-02,2335600.8348,2091141.6741,1702848.9155,1770670.5506,1005739.3766,510536.04,654005.0411,45867.6797,192071.6864,38091.7006,9491.9658
2021-07-03,2335600.8348,2091141.6741,1702848.9155,1770670.5506,1005739.3766,510536.04,654005.0411,45867.6797,192071.6864,38091.7006,9491.9658
2021-07-04,2335600.8348,2091141.6741,1702848.9155,1770670.5506,1005739.3766,510536.04,654005.0411,45867.6797,192071.6864,38091.7006,9491.9658
2021-07-05,2335600.8348,2091141.6741,1702848.9155,1770670.5506,1005739.3766,510536.04,654005.0411,45867.6797,192071.6864,38091.7006,9491.9658
2021-07-06,2369977.3546,2091216.9898,1716175.6016,1853762.9294,1000295.2841,515806.62,635393.4969,46318.0988,194168.1178,38091.7006,9724.4222
2021-07-07,2412530.8137,2108313.6641,1720138.0562,1864273.036,993802.0697,507664.01,621010.9733,42958.7229,192633.7433,38091.7006,9520.1424
2021-07-08,2390336.2644,2089409.4119,1704640.7906,1881838.6317,980078.4199,495976.53,628871.7498,43315.3047,193027.5935,38091.7006,9576.4954
2021-07-09,2421542.1344,2093325.8307,1710467.0373,1875751.4443,993603.5871,499652.23,632859.9378,43709.4214,196998.9157,38091.7006,9646.9367
2021-07-10,2421542.1344,2093325.8307,1710467.0373,1875751.4443,993603.5871,499652.23,632859.9378,43709.4214,196998.9157,38091.7006,9646.9367
2021-07-11,2421542.1344,2093325.8307,1710467.0373,1875751.4443,993603.5871,499652.23,632859.9378,43709.4214,196998.9157,38091.7006,9646.9367
2021-07-12,2411362.6795,2088656.2545,1726755.8495,1875353.0285,1001372.7608,511171.5,660555.6882,43071.3277,199284.067,38091.7006,9661.025
2021-07-13,2430386.5788,2116221.8173,1732108.4315,1854579.9338,998338.8134,504630.0,644024.9377,42132.9545,198570.2136,38091.7006,9597.6278
2021-07-14,2488960.1637,2127745.1264,1745445.0842,1856758.6124,985692.6402,494450.18,629420.8481,40462.6503,197577.3831,38091.7006,9389.826
2021-07-15,2477779.4509,2116598.3961,1731815.1156,1831300.3502,976704.2167,472638.95,626742.7895,40293.7432,195833.7757,38091.7006,9329.9508
2021-07-16,2442902.3021,2114489.5552,1735601.0022,1802266.4327,967347.1828,452572.12,620596.7412,40106.0685,192030.6603,38091.7006,9354.6053
2021-07-17,2442902.3021,2114489.5552,1735601.0022,1802266.4327,967347.1828,452572.12,620596.7412,40106.0685,192030.6603,38091.7006,9354.6053
2021-07-18,2442902.3021,2114489.5552,1735601.0022,1802266.4327,967347.1828,452572.12,620596.7412,40106.0685,192030.6603,38091.7006,9354.6053
2021-07-19,2377153.0359,2086321.4664,1702157.8375,1790142.4901,955409.8758,467991.37,622523.4021,40425.1154,191046.035,38091.7006,9379.2598
2021-07-20,2438897.2707,2103719.4036,1725522.1554,1802044.5302,968764.9152,463811.04,636279.7609,41626.233,192243.9958,38091.7006,9565.9292
2021-07-21,2426381.5474,2119385.0787,1744581.1736,1808101.4583,981722.9895,483697.2,631260.8093,42264.3268,196523.0135,38091.7006,9742.0325
2021-07-22,2449744.2308,2155084.742,1755274.1512,1834744.8813,995786.8951,488282.48,625451.9267,41419.791,195419.4125,38091.7006,9664.547
2021-07-23,2479114.4614,2181671.2002,1816107.5221,1844130.346,1048526.541,487385.36,619787.5436,40931.8369,198217.3896,38091.7006,9770.209
2021-07-24,2479114.4614,2181671.2002,1816107.5221,1844130.346,1048526.541,487385.36,619787.5436,40931.8369,198217.3896,38091.7006,9770.209
2021-07-25,2479114.4614,2181671.2002,1816107.5221,1844130.346,1048526.541,487385.36,619787.5436,40931.8369,198217.3896,38091.7006,9770.209
2021-07-26,2486290.1427,2177001.624,1835381.7438,1865907.0449,1056097.2321,480806.48,633505.3692,41532.3957,197844.0525,38091.7006,9689.2015
2021-07-27,2430062.3773,2154494.26,1794897.0903,1828874.553,1042912.3206,478663.36,638341.9736,40687.8599,195021.4598,38091.7006,9745.5545
2021-07-28,2396543.4667,2152088.18,1816798.6246,1830856.5453,1058422.3132,486014.76,640520.0069,42339.3966,195960.9565,38091.7006,9727.8738
2021-07-29,2407453.3762,2153016.3426,1815839.2294,1815525.1037,1010263.3536,489977.04,670586.7673,41626.233,198611.2397,38091.7006,9911.0862
2021-07-30,2411090.0128,2141067.6655,1799982.5642,1685226.4099,1004568.0757,485915.08,680338.4166,40744.1623,199140.4758,38091.7006,9879.3764
2021-07-31,2411090.0128,2141067.6655,1799982.5642,1685226.4099,1004568.0757,485915.08,680338.4166,40744.1623,199140.4758,38091.7006,9879.3764
2021-08-01,2411090.0128,2141067.6655,1799982.5642,1685226.4099,1004568.0757,485915.08,680338.4166,40744.1623,199140.4758,38091.7006,9879.3764
2021-08-02,2405469.7563,2140391.3253,1806082.254,1687196.4636,992303.4921,492170.0,702584.0572,41476.0933,198845.0882,38091.7006,9772.824
2021-08-03,2435885.2618,2157675.5751,1813097.3046,1704800.336,990301.6865,493789.8,702653.3582,41738.8378,199710.738,38091.7006,9867.9795
2021-08-04,2429107.8937,2153091.4915,1808104.9197,1698966.1413,1011955.0203,505228.08,703821.5761,41851.4426,200125.1012,38091.7006,9734.0569
2021-08-05,2430926.212,2175711.3141,1821649.116,1709738.1311,1023373.7705,514274.04,707494.5324,42264.3268,200071.7673,38091.7006,9638.9014
2021-08-06,2415718.4592,2175260.4206,1818984.9687,1694013.153,1024896.2706,507520.72,692119.597,40950.6044,199152.7836,38091.7006,9607.1829
2021-08-07,2415718.4592,2175260.4206,1818984.9687,1694013.153,1024896.2706,507520.72,692119.597,40950.6044,199152.7836,38091.7006,9607.1829
2021-08-08,2415718.4592,2175260.4206,1818984.9687,1694013.153,1024896.2706,507520.72,692119.597,40950.6044,199152.7836,38091.7006,9607.1829
2021-08-09,2414891.9509,2166768.5935,1833217.0676,1692458.3806,1019539.326,505751.4,706633.2192,43033.7928,198845.0882,38091.7006,9698.8142
2021-08-10,2406792.1696,2152565.4491,1833178.6539,1681726.906,1018185.9926,496805.12,702900.862,43015.0253,197852.2577,38091.7006,9526.1245
2021-08-11,2411090.0128,2156398.0436,1826967.5871,1667257.9003,1014887.2426,490899.08,700752.5291,41945.2799,198381.4938,38091.7006,9522.6002
2021-08-12,2461176.4157,2177890.6326,1837694.6485,1673026.2578,1022471.5483,496032.6,715038.4479,48613.2209,198672.7788,38091.7006,9677.6685
2021-08-13,2464647.7506,2200735.902,1841263.1369,1668199.8797,1023965.8539,503084.96,710009.1709,48632.7521,199452.2738,38091.7006,9568.4159
2021-08-14,2464647.7506,2200735.902,1841263.1369,1668199.8797,1023965.8539,503084.96,710009.1709,48632.7521,199452.2738,38091.7006,9568.4159
2021-08-15,2464647.7506,2200735.902,1841263.1369,1668199.8797,1023965.8539,503084.96,710009.1709,48632.7521,199452.2738,38091.7006,9568.4159
2021-08-16,2498038.6859,2213886.9617,1848530.36,1670742.2111,1033495.5763,497154.0,687382.6909,47851.5031,200264.5898,38091.7006,9487.3575
2021-08-17,2482665.6315,2202464.327,1826777.016,1641859.9082,1010629.8814,484893.36,666886.5313,46816.3481,196387.6275,38091.7006,9501.4546
2021-08-18,2419355.0958,2184804.3325,1813913.9524,1621227.5214,1002171.5479,474476.8,690207.6748,49374.9387,192399.8948,38091.7006,9497.9303
2021-08-19,2424975.3522,2230194.2757,1817765.9287,1614405.7676,1001241.1312,493366.16,674660.2458,47187.4414,194270.683,38091.7006,9371.0563
2021-08-20,2449605.2995,2287232.3002,1839545.6872,1620584.342,1013223.7703,520400.0,681462.2459,46894.473,194943.5103,38091.7006,9543.7459
2021-08-21,2449605.2995,2287232.3002,1839545.6872,1620584.342,1013223.7703,520400.0,681462.2459,46894.473,194943.5103,38091.7006,9543.7459
2021-08-22,2449605.2995,2287232.3002,1839545.6872,1620584.342,1013223.7703,520400.0,681462.2459,46894.473,194943.5103,38091.7006,9543.7459
2021-08-23,2474731.1519,2289411.6187,1874723.3119,1653968.9011,1024445.1594,548950.0,707548.2673,48476.5023,197930.2072,38091.7006,9617.7558
2021-08-24,2473243.4369,2274156.3895,1891533.9442,1674180.9422,1030535.1596,544825.0,709742.1378,49023.3766,197511.7414,38091.7006,9698.8142
2021-08-25,2452415.4278,2269572.3058,1900611.0558,1670838.4348,1038655.1597,555325.0,712456.9272,47558.5347,198324.0573,38091.7006,9751.6783
2021-08-26,2438860.6916,2247628.8234,1890803.7896,1679356.7643,1027349.1873,551700.0,702399.1832,48574.1584,199279.9644,38091.7006,9832.7367
2021-08-27,2456382.6676,2252363.2049,1924055.5728,1696388.359,1050609.6044,565900.0,713178.1997,50214.7814,203464.6221,38091.7006,9970.1836
2021-08-28,2456382.6676,2252363.2049,1924055.5728,1696388.359,1050609.6044,565900.0,713178.1997,50214.7814,203464.6221,38091.7006,9970.1836
2021-08-29,2456382.6676,2252363.2049,1924055.5728,1696388.359,1050609.6044,565900.0,713178.1997,50214.7814,203464.6221,38091.7006,9970.1836
2021-08-30,2531099.0179,2281445.834,1934157.0217,1732821.69,1073249.7438,567200.0,732201.7614,50312.4375,204674.8908,38091.7006,10061.8148
2021-08-31,2509775.1038,2268595.3699,1934798.5918,1757748.6924,1069640.8548,559625.0,737020.2622,51445.2486,203985.653,38091.7006,9927.8923
2021-09-01,2521015.6167,2268219.6254,1940759.7151,1761906.5691,1077168.7716,561025.0,735387.3815,51171.8115,202324.0978,38091.7006,9994.8535
2021-09-02,2539860.0059,2263109.4993,1917138.2159,1753864.2936,1058081.1323,559900.0,733684.377,51777.2795,201807.1695,38091.7006,10075.9119
2021-09-03,2550604.6138,2263034.3504,1923882.1909,1761425.4506,1060844.1879,571075.0,734866.4625,52031.1854,204178.4755,38091.7006,9934.9408
2021-09-04,2550604.6138,2263034.3504,1923882.1909,1761425.4506,1060844.1879,571075.0,734866.4625,52031.1854,204178.4755,38091.7006,9934.9408
2021-09-05,2550604.6138,2263034.3504,1923882.1909,1761425.4506,1060844.1879,571075.0,734866.4625,52031.1854,204178.4755,38091.7006,9934.9408
2021-09-06,2550604.6138,2263034.3504,1923882.1909,1761425.4506,1060844.1879,571075.0,734866.4625,52031.1854,204178.4755,38091.7006,9934.9408
2021-09-07,2590111.7105,2255820.0548,1932488.7317,1777246.6524,1077535.2994,566550.0,754250.6604,52148.3728,203731.2915,38091.7006,9882.0766
2021-09-08,2563994.0483,2256045.5016,1924312.2055,1785456.0533,1064537.6602,558475.0,755202.3393,49960.8755,202824.6157,38091.7006,9161.3429
2021-09-09,2546802.6756,2233801.4235,1923546.4506,1764519.8022,1065750.0214,554425.0,756194.089,51035.0929,203128.522,38091.7006,8837.0476
2021-09-10,2462498.829,2222228.4909,1885762.2922,1756918.13,1067695.4381,561950.0,737571.2343,51328.0613,205046.6539,38091.7006,8646.7004
2021-09-11,2462498.829,2222228.4909,1885762.2922,1756918.13,1067695.4381,561950.0,737571.2343,51328.0613,205046.6539,38091.7006,8646.7004
2021-09-12,2462498.829,2222228.4909,1885762.2922,1756918.13,1067695.4381,561950.0,737571.2343,51328.0613,205046.6539,38091.7006,8646.7004
2021-09-13,2472086.3253,2231847.5517,1905784.9715,1750850.9725,1061549.0491,553800.0,744313.1284,50449.1561,205380.0631,38091.7006,8449.3032
2021-09-14,2448448.1879,2252889.2472,1906753.3893,1747219.794,1061605.438,556050.0,745805.7617,51288.9988,206577.8665,38091.7006,8332.9799
2021-09-15,2463490.639,2290689.1502,1931307.0862,1760280.895,1054246.6878,558525.0,757165.8033,52890.5593,209817.2866,38091.7006,8301.2553
2021-09-16,2459523.3991,2293695.1067,1920289.8143,1766586.0795,1051821.9655,556050.0,758327.8534,55917.8993,208833.5237,38091.7006,8459.8781
2021-09-17,2414396.046,2253490.4385,1882132.3499,1753560.4293,1028307.7984,547500.0,760832.2717,56074.1491,208277.8417,38091.7006,8364.7044
2021-09-18,2414396.046,2253490.4385,1882132.3499,1753560.4293,1028307.7984,547500.0,760832.2717,56074.1491,208277.8417,38091.7006,8364.7044
2021-09-19,2414396.046,2253490.4385,1882132.3499,1753560.4293,1028307.7984,547500.0,760832.2717,56074.1491,208277.8417,38091.7006,8364.7044
2021-09-20,2362821.928,2211632.4943,1851878.5084,1699477.6462,1002876.409,527825.0,731460.4535,51855.4044,203675.9716,38091.7006,8410.5288
2021-09-21,2370921.7094,2215389.9399,1858226.3122,1693349.7159,1007895.0202,531150.0,740686.7307,51992.1229,202099.4812,38091.7006,8350.6046
2021-09-22,2410924.7111,2243796.2288,1875186.4754,1711794.2796,967661.5472,548525.0,753268.9284,53574.1522,206050.9976,38091.7006,8459.8781
2021-09-23,2427124.2738,2251160.8223,1887316.2561,1730000.8163,975415.0196,562050.0,754971.9328,56191.3365,207578.094,38091.7006,8498.6525
2021-09-24,2428611.9887,2249582.6951,1899317.7795,1734822.1301,995151.1311,552025.0,775758.605,55781.1807,207833.2961,38091.7006,8399.9539
2021-09-25,2428611.9887,2249582.6951,1899317.7795,1734822.1301,995151.1311,552025.0,775758.605,55781.1807,207833.2961,38091.7006,8399.9539
2021-09-26,2428611.9887,2249582.6951,1899317.7795,1734822.1301,995151.1311,552025.0,775758.605,55781.1807,207833.2961,38091.7006,8399.9539
2021-09-27,2402990.2314,2210655.5584,1884151.2047,1724835.123,996899.1867,541500.0,792758.5966,53652.2771,207804.483,38091.7006,8512.7523
2021-09-28,2345795.8571,2130621.9666,1813734.2414,1679336.5067,960443.7693,517475.0,778934.2074,49492.1261,202111.8297,38091.7006,8347.0797
2021-09-29,2361003.6098,2134229.1144,1792765.8798,1671820.9294,957511.547,512925.0,782690.8349,47890.5655,201477.9407,38091.7006,8558.5766
2021-09-30,2339018.489,2118598.1406,1779767.2028,1663677.3658,956891.2692,517900.0,776850.5314,46953.0667,199605.0865,38091.7006,8491.6026
2021-10-01,2358028.1799,2172555.0598,1820262.1969,1662775.9017,967097.6583,518550.0,776590.0719,47519.4722,200601.198,38091.7006,8650.2253
2021-10-02,2358028.1799,2172555.0598,1820262.1969,1662775.9017,967097.6583,518550.0,776590.0719,47519.4722,200601.198,38091.7006,8650.2253
2021-10-03,2358028.1799,2172555.0598,1820262.1969,1662775.9017,967097.6583,518550.0,776590.0719,47519.4722,200601.198,38091.7006,8650.2253
2021-10-04,2300007.2972,2127540.8612,1783086.1017,1615433.8419,919787.3796,493300.0,782911.2238,45253.8501,195908.7723,38091.7006,8375.2793
2021-10-05,2332571.7243,2169999.9968,1814936.2378,1631244.9149,938762.2411,511275.0,781969.5625,45331.975,199806.7785,38091.7006,8153.2075
2021-10-06,2347283.572,2202689.7737,1832995.6476,1652014.0406,940679.4633,517500.0,784133.3799,46054.6303,201189.8092,38091.7006,8132.0578
2021-10-07,2368607.4861,2215765.6845,1856308.1239,1672484.3665,928217.5186,526875.0,795012.5731,46347.5987,203305.517,38091.7006,8149.6825
2021-10-08,2362160.7214,2215765.6845,1865908.5465,1665490.4229,930557.6576,520775.0,786878.2224,45898.3805,202865.0875,38091.7006,7906.461
2021-10-09,2362160.7214,2215765.6845,1865908.5465,1665490.4229,930557.6576,520775.0,786878.2224,45898.3805,202865.0875,38091.7006,7906.461
2021-10-10,2362160.7214,2215765.6845,1865908.5465,1665490.4229,930557.6576,520775.0,786878.2224,45898.3805,202865.0875,38091.7006,7906.461
2021-10-11,2360673.0065,2211106.4519,1851975.7319,1644057.8601,917588.2129,517375.0,793339.6217,45956.9742,202655.1632,38091.7006,7850.0618
2021-10-12,2339183.7907,2200961.3487,1821371.4123,1644579.4938,912851.5461,516775.0,807143.9755,46269.4738,199749.1522,38091.7006,7652.6647
2021-10-13,2329265.6911,2226737.4257,1836850.4313,1663292.471,915022.5184,523475.0,812513.4484,47128.8477,199638.0158,38091.7006,7705.5389
2021-10-14,2376376.6642,2275133.3253,1884052.4683,1671182.8143,926272.1019,543650.0,819766.2439,47558.5347,204820.2649,38091.7006,8058.0338
2021-10-15,2394229.2434,2283977.4522,1887261.6704,1726465.8615,915642.7961,546550.0,844519.9147,46874.9418,207145.8969,38091.7006,8079.1835
2021-10-16,2394229.2434,2283977.4522,1887261.6704,1726465.8615,915642.7961,546550.0,844519.9147,46874.9418,207145.8969,38091.7006,8079.1835
2021-10-17,2394229.2434,2283977.4522,1887261.6704,1726465.8615,915642.7961,546550.0,844519.9147,46874.9418,207145.8969,38091.7006,8079.1835
2021-10-18,2422495.8273,2307101.7761,1905210.2894,1745568.7979,945472.519,555550.0,871647.7741,47382.7537,207191.1747,38091.7006,8184.932
2021-10-19,2459027.4942,2314159.1996,1914091.6005,1744257.117,958582.9359,557250.0,865797.4529,48222.5964,210084.8372,38091.7006,8241.3312
2021-10-20,2467292.5772,2308002.7237,1894934.0381,1729524.7622,960810.2971,552575.0,867330.1569,47304.6288,209673.2209,38091.7006,8273.0557
2021-10-21,2470929.2137,2333154.1799,1898198.554,1739628.2506,963911.686,567300.0,895579.9957,48398.3774,211632.5145,38091.7006,8389.3791
2021-10-22,2457870.3825,2321141.5441,1841722.3734,1689257.6765,915219.8795,568150.0,911287.7075,47714.7845,212151.151,38091.7006,8484.5527
2021-10-23,2457870.3825,2321141.5441,1841722.3734,1689257.6765,915219.8795,568150.0,911287.7075,47714.7845,212151.151,38091.7006,8484.5527
2021-10-24,2457870.3825,2321141.5441,1841722.3734,1689257.6765,915219.8795,568150.0,911287.7075,47714.7845,212151.151,38091.7006,8484.5527
2021-10-25,2457043.8742,2313408.4098,1841963.4479,1681569.9094,926723.213,579150.0,1029230.8762,49628.8446,214892.5155,38091.7006,8533.902
2021-10-26,2468284.3871,2328299.8155,1854397.9391,1709778.6464,878507.4727,617925.0,1022773.4532,49843.6881,219749.5877,38091.7006,8477.5028
2021-10-27,2460515.2091,2426354.0401,1942507.6893,1718094.3997,868520.9561,611275.0,1042286.3193,48945.2517,215320.5964,38091.7006,8703.2177
2021-10-28,2522007.4266,2435213.457,1938092.2331,1745482.703,881595.2258,623525.0,1081633.4162,50078.0628,217979.6376,38091.7006,9059.2424
2021-10-29,2457678.2706,2489796.4748,1966880.2389,1710319.8481,900093.9266,639175.0,1118751.0451,50546.8122,218844.0318,38091.7006,9052.1925
2021-10-30,2457678.2706,2489796.4748,1966880.2389,1710319.8481,900093.9266,639175.0,1118751.0451,50546.8122,218844.0318,38091.7006,9052.1925
2021-10-31,2457678.2706,2489796.4748,1966880.2389,1710319.8481,900093.9266,639175.0,1118751.0451,50546.8122,218844.0318,38091.7006,9052.1925
2021-11-01,2443896.8971,2472903.5188,1906848.354,1682771.5894,917925.0051,645675.0,1213744.4575,51874.9356,217353.9809,38091.7006,9185.0087
2021-11-02,2461287.6779,2501133.5253,1933587.5206,1680053.2782,912639.662,660025.0,1176998.4065,50624.9371,221066.7598,38091.7006,9448.1886
2021-11-03,2485405.0815,2507665.4683,1947436.4087,1716187.5461,922487.0907,664950.0,1219036.9332,51015.5617,223248.3261,38091.7006,9696.1331
2021-11-04,2476709.6911,2525984.9406,1971120.8353,1763352.2747,934253.9334,745025.0,1235155.3841,51699.1546,225820.9279,38091.7006,10124.4009
2021-11-05,2481959.7382,2523131.908,1978699.853,1784647.4033,948941.6237,743800.0,1227302.033,50781.187,230060.5757,38091.7006,10379.8588
2021-11-06,2481959.7382,2523131.908,1978699.853,1784647.4033,948941.6237,743800.0,1227302.033,50781.187,230060.5757,38091.7006,10379.8588
2021-11-07,2481959.7382,2523131.908,1978699.853,1784647.4033,948941.6237,743800.0,1227302.033,50781.187,230060.5757,38091.7006,10379.8588
2021-11-08,2468178.3647,2530114.3298,1980609.854,1769427.9032,941959.4073,770100.0,1167899.767,52246.0289,230072.9242,38091.7006,10346.0482
2021-11-09,2474248.7316,2522306.0302,1979181.0507,1813676.5331,932918.6889,766425.0,1027865.076,48616.9076,229599.5654,38091.7006,10131.9143
2021-11-10,2426834.2442,2483639.9309,1941763.1148,1765913.3702,911415.6878,736475.0,1072504.6487,45148.5673,225882.6704,38091.7006,10015.4555
2021-11-11,2426013.9244,2495877.939,1941772.0776,1761070.1105,911693.8638,759750.0,1068045.7128,46090.8332,228611.6864,38091.7006,10030.4825
2021-11-12,2460795.486,2528087.1751,1980327.758,1787771.4326,948274.0014,759750.0,1037827.3834,45770.0618,231830.5257,38091.7006,10034.2392
2021-11-13,2460795.486,2528087.1751,1980327.758,1787771.4326,948274.0014,759750.0,1037827.3834,45770.0618,231830.5257,38091.7006,10034.2392
2021-11-14,2460795.486,2528087.1751,1980327.758,1787771.4326,948274.0014,759750.0,1037827.3834,45770.0618,231830.5257,38091.7006,10034.2392
2021-11-15,2460959.55,2523206.9878,1977113.1268,1798183.1733,966828.3374,750625.0,1017711.9584,46932.858,232880.1473,38091.7006,10113.1306
2021-11-16,2477365.947,2549034.4405,1971263.5927,1795657.5781,954032.2436,755075.0,1059228.2673,46371.5081,234114.9961,38091.7006,10083.0768
2021-11-17,2518217.8755,2546106.3282,1972274.3852,1799866.9034,947940.1903,731525.0,1093654.4665,45088.4227,234473.1023,38091.7006,10053.0229
2021-11-18,2590077.8944,2562248.4861,1995073.449,1874448.0324,942154.1305,791875.0,1101055.8984,43103.65,236601.1585,38091.7006,9989.1584
2021-11-19,2634047.0384,2576063.1701,1984024.87,1864563.7253,960541.5609,824625.0,1141909.3926,42923.2161,234094.4153,38091.7006,10135.6711
2021-11-20,2634047.0384,2576063.1701,1984024.87,1864563.7253,960541.5609,824625.0,1141909.3926,42923.2161,234094.4153,38091.7006,10135.6711
2021-11-21,2634047.0384,2576063.1701,1984024.87,1864563.7253,960541.5609,824625.0,1141909.3926,42923.2161,234094.4153,38091.7006,10135.6711
2021-11-22,2641758.0449,2551436.9943,1947485.5711,1811820.3728,948607.8126,798900.0,1161803.8793,41399.5522,227739.0598,38091.7006,9989.1584
2021-11-23,2648156.5398,2535294.8363,1941933.5994,1815608.7655,938148.3968,793650.0,1113759.8488,41279.2629,228496.4338,38091.7006,9624.7551
2021-11-24,2656851.9302,2537021.6718,1943851.0313,1815796.4101,948746.9005,816850.0,1120759.5748,42321.7698,229982.3686,38091.7006,9857.6727
2021-11-25,2656851.9302,2537021.6718,1943851.0313,1815796.4101,948746.9005,816850.0,1120759.5748,42321.7698,229982.3686,38091.7006,9857.6727
2021-11-26,2572687.1136,2475230.9928,1891759.8309,1777329.2631,926659.73,787575.0,1086534.2287,42161.3842,224985.3469,38091.7006,9684.8629
2021-11-27,2572687.1136,2475230.9928,1891759.8309,1777329.2631,926659.73,787575.0,1086534.2287,42161.3842,224985.3469,38091.7006,9684.8629
2021-11-28,2572687.1136,2475230.9928,1891759.8309,1777329.2631,926659.73,787575.0,1086534.2287,42161.3842,224985.3469,38091.7006,9684.8629
2021-11-29,2628961.0553,2527411.4569,1935929.957,1806241.749,940318.1692,834400.0,1141839.0941,42241.577,232291.536,38091.7006,9763.7543
2021-11-30,2711977.4241,2482063.255,1887503.4644,1778602.2037,902569.6926,816900.0,1149642.232,41399.5522,227903.7063,38091.7006,9632.2686
2021-12-01,2703282.0337,2478234.185,1876354.2607,1746474.4019,864014.5057,785875.0,1099670.0129,38853.4296,228348.2519,38091.7006,9279.1355
2021-12-02,2686711.5727,2473804.4765,1903430.6728,1743248.9431,863430.3362,803150.0,1089225.6585,39474.9241,227397.4183,38091.7006,9632.2686
2021-12-03,2655211.2905,2425152.7632,1888642.4479,1719123.9308,853555.0899,767325.0,1019298.6968,38051.5013,229731.2827,38091.7006,9583.431
2021-12-04,2655211.2905,2425152.7632,1888642.4479,1719123.9308,853555.0899,767325.0,1019298.6968,38051.5013,229731.2827,38091.7006,9583.431
2021-12-05,2655211.2905,2425152.7632,1888642.4479,1719123.9308,853555.0899,767325.0,1019298.6968,38051.5013,229731.2827,38091.7006,9583.431
2021-12-06,2712305.552,2449028.141,1904789.331,1738182.5384,884237.8974,750925.0,1013313.2783,37690.6335,232554.9704,38091.7006,9703.6465
2021-12-07,2808447.0385,2514572.8103,1960264.7387,1786828.1381,897979.7894,810675.0,1056235.5581,39013.8153,243018.2564,38091.7006,9977.8882
2021-12-08,2872431.9868,2514948.2093,1970852.1577,1786762.2089,919538.4256,795650.0,1073518.9562,39735.5508,242260.8825,38091.7006,10053.0229
2021-12-09,2863900.6603,2500908.2859,1963124.6441,1766608.1625,917479.9236,762250.0,1008081.0584,38512.6101,240145.1747,38091.7006,9763.7543
2021-12-10,2944127.9416,2571783.6213,1969345.7964,1746738.1187,917285.2004,754950.0,1021367.4824,37971.3084,260009.7768,38091.7006,9684.8629
2021-12-11,2944127.9416,2571783.6213,1969345.7964,1746738.1187,917285.2004,754950.0,1021367.4824,37971.3084,260009.7768,38091.7006,9684.8629
2021-12-12,2944127.9416,2571783.6213,1969345.7964,1746738.1187,917285.2004,754950.0,1021367.4824,37971.3084,260009.7768,38091.7006,9684.8629
2021-12-13,2883260.2088,2548208.5627,1941864.078,1719915.0811,930470.7405,704025.0,970531.5956,36888.7051,255885.3816,38091.7006,9560.8906
2021-12-14,2860127.189,2465170.299,1917644.8621,1715087.0357,928384.4209,708425.0,962597.9033,37369.8621,253106.9717,38091.7006,9143.893
2021-12-15,2941666.9821,2512545.6556,1950358.6801,1757925.7952,950415.9562,761475.0,980152.4529,37810.9227,263376.798,38091.7006,9399.351
2021-12-16,2826165.9472,2439342.8463,1920226.3257,1712850.5147,931611.2619,709675.0,930873.1766,36768.4159,255481.9976,38091.7006,9023.6775
2021-12-17,2807790.7826,2431084.0678,1888776.9018,1724479.4097,928523.5088,695025.0,936547.273,38211.8869,262158.4547,38091.7006,8997.3803
2021-12-18,2807790.7826,2431084.0678,1888776.9018,1724479.4097,928523.5088,695025.0,936547.273,38211.8869,262158.4547,38091.7006,8997.3803
2021-12-19,2807790.7826,2431084.0678,1888776.9018,1724479.4097,928523.5088,695025.0,936547.273,38211.8869,262158.4547,38091.7006,8997.3803
2021-12-20,2784985.8908,2401878.0238,1885280.6567,1694674.344,905323.6345,692975.0,903778.1109,36006.5839,266316.0956,38091.7006,8937.2726
2021-12-21,2838142.617,2457286.9195,1909729.1695,1728531.5192,929664.0302,726875.0,942532.6915,37891.1156,266815.6731,38091.7006,9087.542
2021-12-22,2881619.5691,2501659.0839,1947334.9994,1734820.1496,919232.4321,735000.0,1013172.6812,37851.0192,270515.0238,38091.7006,9008.6506
2021-12-23,2892119.6632,2512845.9748,1951896.0206,1735139.6526,932557.0601,741000.0,1071550.5971,37951.2602,274478.6139,38091.7006,9339.2432
2021-12-24,2892119.6632,2512845.9748,1951896.0206,1735139.6526,932557.0601,741000.0,1071550.5971,37951.2602,274478.6139,38091.7006,9339.2432
2021-12-25,2892119.6632,2512845.9748,1951896.0206,1735139.6526,932557.0601,741000.0,1071550.5971,37951.2602,274478.6139,38091.7006,9339.2432
2021-12-26,2892119.6632,2512845.9748,1951896.0206,1735139.6526,932557.0601,741000.0,1071550.5971,37951.2602,274478.6139,38091.7006,9339.2432
2021-12-27,2958565.571,2571107.903,1964572.2736,1720949.6622,962989.5092,773625.0,1098605.4922,37971.3084,278392.6591,38091.7006,9384.3241
2021-12-28,2941502.9181,2562098.3265,1945684.1256,1731006.3995,963100.7796,758050.0,1093112.1635,37229.5247,276212.6846,38091.7006,9279.1355
2021-12-29,2942979.4939,2567353.9128,1945861.7292,1716197.689,953976.6084,750025.0,1090822.4396,36427.5963,277703.1596,38091.7006,9391.8375
2021-12-30,2923619.9454,2547607.9243,1939504.7857,1710553.136,957926.7069,739650.0,1074904.8417,37470.1032,274594.2186,38091.7006,9459.4588
2021-12-31,2913283.9153,2525083.9829,1921776.6473,1691002.5953,935644.8132,735275.0,1061287.0103,36507.7891,274730.467,38091.7006,9380.5673
2022-01-01,2913283.9153,2525083.9829,1921776.6473,1691002.5953,935644.8132,735275.0,1061287.0103,36507.7891,274730.467,38091.7006,9380.5673
2022-01-02,2913283.9153,2525083.9829,1921776.6473,1691002.5953,935644.8132,735275.0,1061287.0103,36507.7891,274730.467,38091.7006,9380.5673
2022-01-03,2986128.318,2513296.4536,1925367.7172,1728404.7322,941736.8665,753025.0,1204896.8841,37149.3318,273867.5605,38091.7006,9158.92
2022-01-04,2948229.5409,2470200.6459,1917059.4947,1699167.672,936145.5299,732250.0,1154492.8312,36427.5963,277005.4026,38091.7006,8986.1101
2022-01-05,2869806.9632,2375374.8529,1828174.6446,1667065.2276,901762.9823,690100.0,1092760.6708,34001.763,265477.9614,38091.7006,8580.3828
2022-01-06,2809511.812,2356604.9018,1827299.0553,1655877.5511,924823.7687,704450.0,1069240.7879,33560.7024,263013.1038,38091.7006,8790.7599
2022-01-07,2812288.6551,2357806.1786,1818853.9368,1648777.4844,922959.9898,681175.0,1031339.8324,33199.8346,255630.9173,38091.7006,8471.4374
2022-01-08,2812288.6551,2357806.1786,1818853.9368,1648777.4844,922959.9898,681175.0,1031339.8324,33199.8346,255630.9173,38091.7006,8471.4374
2022-01-09,2812288.6551,2357806.1786,1818853.9368,1648777.4844,922959.9898,681175.0,1031339.8324,33199.8346,255630.9173,38091.7006,8471.4374
2022-01-10,2812615.3425,2359533.0141,1840226.3624,1637944.8113,912611.8444,685000.0,1062632.7252,33079.5453,256460.794,38091.7006,8843.3542
2022-01-11,2859821.6747,2364863.6803,1856950.6576,1677258.8948,930136.9294,695425.0,1068939.5085,33861.4255,256828.2518,38091.7006,9004.8938
2022-01-12,2867172.1416,2389564.9359,1879009.9764,1675686.7371,927049.1763,699975.0,1110937.8646,33520.6059,256807.6081,38091.7006,8982.3534
2022-01-13,2812615.3425,2288432.4393,1843484.1777,1635185.9282,908188.8468,664375.0,1035959.4507,32097.1831,246564.2049,38091.7006,8929.7591
2022-01-14,2826989.589,2328975.5337,1853725.5931,1644558.0162,923265.9834,673550.0,1054086.4313,32097.1831,246225.6483,38091.7006,8749.4358
2022-01-15,2826989.589,2328975.5337,1853725.5931,1644558.0162,923265.9834,673550.0,1054086.4313,32097.1831,246225.6483,38091.7006,8749.4358
2022-01-16,2826989.589,2328975.5337,1853725.5931,1644558.0162,923265.9834,673550.0,1054086.4313,32097.1831,246225.6483,38091.7006,8749.4358
2022-01-17,2826989.589,2328975.5337,1853725.5931,1644558.0162,923265.9834,673550.0,1054086.4313,32097.1831,246225.6483,38091.7006,8749.4358
2022-01-18,2773576.1958,2272290.2814,1807402.5375,1611892.638,885016.79,647575.0,1034904.9726,30012.1693,238554.45,38091.7006,8539.0587
2022-01-19,2715262.4913,2277395.7081,1797354.4601,1585333.3172,889022.5237,626675.0,999896.2999,29190.1927,232848.5317,38091.7006,8411.3297
2022-01-20,2687167.3732,2264406.9019,1771048.9499,1538356.2331,880593.7924,603750.0,1000518.9441,29310.482,226139.3298,38091.7006,8257.3036
2022-01-21,2652865.1941,2222587.4508,1728686.2493,1446821.1592,843346.0325,584350.0,947925.5938,27125.2272,220156.786,38091.7006,8016.8725
2022-01-22,2652865.1941,2222587.4508,1728686.2493,1446821.1592,843346.0325,584350.0,947925.5938,27125.2272,220156.786,38091.7006,8016.8725
2022-01-23,2652865.1941,2222587.4508,1728686.2493,1446821.1592,843346.0325,584350.0,947925.5938,27125.2272,220156.786,38091.7006,8016.8725
2022-01-24,2639961.041,2225140.1642,1733519.1196,1466102.9117,858756.9802,584300.0,933966.3124,26864.6005,223604.2836,38091.7006,8234.7631
2022-01-25,2609905.7984,2162770.9958,1683739.6708,1419871.3347,834945.1187,558100.0,922316.8401,26182.9613,220532.5013,38091.7006,7968.035
2022-01-26,2608435.705,2224395.2379,1715651.8932,1408577.1572,819589.8062,569300.0,941407.9149,25561.4669,230020.3451,38091.7006,7750.1443
2022-01-27,2600758.5506,2247860.4298,1713367.0838,1416336.5158,819617.6238,548600.0,832635.9888,24619.201,223905.6816,38091.7006,7385.741
2022-01-28,2779690.3855,2310984.0451,1769853.2216,1460362.0006,839284.6636,571000.0,849959.5575,25481.274,231250.7095,38091.7006,7532.2537
2022-01-29,2779690.3855,2310984.0451,1769853.2216,1460362.0006,839284.6636,571000.0,849959.5575,25481.274,231250.7095,38091.7006,7532.2537
2022-01-30,2779690.3855,2310984.0451,1769853.2216,1460362.0006,839284.6636,571000.0,849959.5575,25481.274,231250.7095,38091.7006,7532.2537
2022-01-31,2852311.898,2331375.5218,1798880.565,1517116.8908,871413.986,612150.0,940714.9722,27486.095,241894.6004,38091.7006,7836.5492
2022-02-01,2849537.593,2314732.4783,1824329.81,1533548.4737,887381.2856,615950.0,935221.6434,28468.4572,244718.6583,38091.7006,7930.4676
2022-02-02,2869610.5054,2349967.7505,1956721.7976,1527655.4183,898508.3237,631050.0,909522.5059,26704.2148,249140.5385,38091.7006,8013.1158
2022-02-03,2821631.3489,2258431.0114,1888597.3398,1413447.19,647168.9204,598700.0,894940.5802,24960.0206,239817.8443,38091.7006,7862.8464
2022-02-04,2813308.434,2293591.315,1892379.1492,1604279.5674,645345.2193,607975.0,927257.8231,25942.3828,243661.701,38091.7006,8013.1158
2022-02-05,2813308.434,2293591.315,1892379.1492,1604279.5674,645345.2193,607975.0,927257.8231,25942.3828,243661.701,38091.7006,8013.1158
2022-02-06,2813308.434,2293591.315,1892379.1492,1604279.5674,645345.2193,607975.0,927257.8231,25942.3828,243661.701,38091.7006,8013.1158
2022-02-07,2801395.2421,2256181.9515,1838379.8761,1607291.9263,612191.9662,618200.0,937742.7958,26022.5757,242617.1298,38091.7006,8122.0611
2022-02-08,2853127.87,2283245.6393,1841517.7316,1642687.1435,599317.1808,627700.0,952894.0173,26363.3952,247815.2131,38091.7006,8460.1672
2022-02-09,2876791.0595,2333099.8011,1870825.586,1640407.5205,631490.5347,667625.0,963229.0935,27806.8663,252406.3716,38091.7006,8572.8693
2022-02-10,2808902.1849,2266902.4705,1832358.6156,1618160.8429,620793.3028,645600.0,934859.3095,27185.3718,244157.1497,38091.7006,8418.8432
2022-02-11,2752110.5302,2211875.4709,1774106.948,1560050.8113,597602.3573,598725.0,888816.5455,26323.2988,236750.1907,38091.7006,7941.7378
2022-02-12,2752110.5302,2211875.4709,1774106.948,1560050.8113,597602.3573,598725.0,888816.5455,26323.2988,236750.1907,38091.7006,7941.7378
2022-02-13,2752110.5302,2211875.4709,1774106.948,1560050.8113,597602.3573,598725.0,888816.5455,26323.2988,236750.1907,38091.7006,7941.7378
2022-02-14,2756027.1961,2211575.5963,1790048.5507,1579117.2113,592566.7647,606675.0,905104.6254,26583.9255,238880.6204,38091.7006,7821.5223
2022-02-15,2819836.2104,2252583.4556,1804649.1978,1592789.8606,601549.1732,662375.0,953338.4256,28408.3126,248868.0417,38091.7006,8144.6015
2022-02-16,2815919.5445,2245311.4952,1819124.3372,1608971.1129,589409.312,662775.0,954330.5929,28007.3484,246572.4624,38091.7006,8249.7901
2022-02-17,2756027.1961,2179563.9766,1750531.7104,1573881.2024,565374.5645,612675.0,905714.3949,23596.7423,239054.0275,38091.7006,7772.6847
2022-02-18,2730242.4793,2158572.7506,1724288.7905,1553008.4047,561155.5545,591050.0,885695.3525,22093.1266,237571.2942,38091.7006,7690.0366
2022-02-19,2730242.4793,2158572.7506,1724288.7905,1553008.4047,561155.5545,591050.0,885695.3525,22093.1266,237571.2942,38091.7006,7690.0366
2022-02-20,2730242.4793,2158572.7506,1724288.7905,1553008.4047,561155.5545,591050.0,885695.3525,22093.1266,237571.2942,38091.7006,7690.0366
2022-02-21,2730242.4793,2158572.7506,1724288.7905,1553008.4047,561155.5545,591050.0,885695.3525,22093.1266,237571.2942,38091.7006,7690.0366
2022-02-22,2681610.5451,2156998.4087,1713282.2438,1528543.1654,550050.0313,584750.0,849057.5077,21010.5233,236534.974,38091.7006,7351.9304
2022-02-23,2612252.9209,2101146.7538,1686619.9024,1473888.1873,540169.382,559675.0,789641.1551,20910.2823,231509.0257,38091.7006,4652.427
2022-02-24,2655825.8283,2208501.881,1753980.6363,1540353.4442,565075.1509,593700.0,827601.8897,24016.3,237575.3904,38091.7006,4656.185
2022-02-25,2690259.8488,2228893.3577,1777882.9803,1565088.3709,572914.3437,603925.0,837006.8089,23285.4573,240856.3884,38091.7006,4960.5845
2022-02-26,2690259.8488,2228893.3577,1777882.9803,1565088.3709,572914.3437,603925.0,837006.8089,23285.4573,240856.3884,38091.7006,4960.5845
2022-02-27,2690259.8488,2228893.3577,1777882.9803,1565088.3709,572914.3437,603925.0,837006.8089,23285.4573,240856.3884,38091.7006,4960.5845
2022-02-28,2694666.0979,2239988.72,1784254.1532,1562793.4827,574411.4118,609625.0,899596.0298,24056.9023,240622.9092,38091.7006,4892.9402
2022-03-01,2663332.7712,2211200.7529,1772935.9215,1538155.2363,553887.9694,586925.0,893332.9737,24726.8414,233528.4165,38091.7006,4733.7388
2022-03-02,2718166.093,2250484.333,1780174.5831,1547421.293,566463.3413,605500.0,909373.0118,24483.2272,239942.952,38091.7006,4511.9036
2022-03-03,2712780.6774,2218472.7134,1772835.4593,1505146.4994,552472.5596,592850.0,867412.6028,23021.542,237001.9325,38091.7006,4323.9076
2022-03-04,2662843.188,2173041.7028,1745184.7405,1482172.1743,544551.7085,573400.0,866379.0952,22250.097,244125.0981,38091.7006,3974.2351
2022-03-05,2662843.188,2173041.7028,1745184.7405,1482172.1743,544551.7085,573400.0,866379.0952,22250.097,244125.0981,38091.7006,3974.2351
2022-03-06,2662843.188,2173041.7028,1745184.7405,1482172.1743,544551.7085,573400.0,866379.0952,22250.097,244125.0981,38091.7006,3974.2351
2022-03-07,2599686.9513,2090951.0154,1671232.5179,1398843.8138,510282.4592,533800.0,831539.5537,22554.6147,233765.9919,38091.7006,3778.7192
2022-03-08,2569332.791,2068010.6042,1681424.5747,1384204.3601,517958.3356,537850.0,852023.6745,22412.5065,235916.4588,38091.7006,3831.3581
2022-03-09,2659252.911,2162845.9645,1766750.1903,1417426.8116,540305.4791,575350.0,887752.0326,23650.8786,244546.9992,38091.7006,4105.8322
2022-03-10,2586957.7873,2141030.0832,1752348.5672,1494145.2833,531350.29,566450.0,866389.4303,24097.5047,239959.092,38091.7006,4282.5485
2022-03-11,2525107.1059,2099647.3805,1720902.447,1480986.5669,510663.5311,552500.0,822000.2784,23123.0479,235925.2741,38091.7006,4451.7449
2022-03-12,2525107.1059,2099647.3805,1720902.447,1480986.5669,510663.5311,552500.0,822000.2784,23123.0479,235925.2741,38091.7006,4451.7449
2022-03-13,2525107.1059,2099647.3805,1720902.447,1480986.5669,510663.5311,552500.0,822000.2784,23123.0479,235925.2741,38091.7006,4451.7449
2022-03-14,2458034.2034,2072433.7554,1670339.2386,1443622.1218,507996.028,533250.0,792049.2278,21316.2426,231822.0483,38091.7006,4184.7906
2022-03-15,2530982.1047,2152725.1948,1711049.2881,1499732.3949,522694.5146,574325.0,828759.4182,21864.3745,242012.7463,38091.7006,4470.5445
2022-03-16,2604419.5892,2207002.5077,1764662.7721,1558122.291,554269.0413,612400.0,868384.1,23935.0952,247875.6639,38091.7006,4632.221
2022-03-17,2621228.6134,2213224.9069,1774421.4553,1600203.7237,565728.417,619150.0,900805.2337,25011.0579,246058.8127,38091.7006,4970.6138
2022-03-18,2676061.9352,2252283.581,1804069.817,1641028.3107,589273.2149,663970.3,935727.4559,26026.1171,249218.909,38091.7006,5038.2923
2022-03-19,2676061.9352,2252283.581,1804069.817,1641028.3107,589273.2149,663970.3,935727.4559,26026.1171,249218.909,38091.7006,5038.2923
2022-03-20,2676061.9352,2252283.581,1804069.817,1641028.3107,589273.2149,663970.3,935727.4559,26026.1171,249218.909,38091.7006,5038.2923
2022-03-21,2698909.1526,2242762.5606,1801731.7416,1643480.9408,575663.5051,671023.4,952025.8709,25559.1899,245495.3847,38091.7006,4902.9352
2022-03-22,2755048.0296,2279497.2061,1851742.3644,1678056.9184,589708.7256,665752.4,1027285.8952,26939.6704,249598.6105,38091.7006,5045.8122
2022-03-23,2777732.0526,2245236.5265,1829463.7494,1662984.947,581025.7308,643413.4,1032587.7892,26756.9597,244715.5677,38091.7006,4929.2546
2022-03-24,2840725.0949,2279797.0808,1869743.4118,1665442.6655,597656.7962,706565.0,1047894.0369,27183.2846,255759.5733,38091.7006,4805.1773
2022-03-25,2851332.7315,2276648.3969,1871811.8775,1676881.4878,603781.1656,695069.2,1044504.132,26330.6349,256755.7794,38091.7006,4831.4967
2022-03-26,2851332.7315,2276648.3969,1871811.8775,1676881.4878,603781.1656,695069.2,1044504.132,26330.6349,256755.7794,38091.7006,4831.4967
2022-03-27,2851332.7315,2276648.3969,1871811.8775,1676881.4878,603781.1656,695069.2,1044504.132,26330.6349,256755.7794,38091.7006,4831.4967
2022-03-28,2865693.8396,2329276.3992,1873302.6814,1719797.4254,608599.0028,708296.9,1128424.95,27244.1881,258392.9869,38091.7006,4906.6951
2022-03-29,2920527.1614,2364586.6401,1888872.7188,1723099.8256,625665.5789,719265.6,1136413.9638,28827.6804,261900.1221,38091.7006,5128.5304
2022-03-30,2901107.0266,2352966.4971,1881117.0995,1692426.6845,620194.4756,695019.0,1130646.9914,28178.0425,257662.1636,38091.7006,5154.8498
2022-03-31,2849537.593,2311358.8884,1842326.065,1658807.3344,605251.0142,684878.6,1113707.8016,27873.5248,257086.4871,38091.7006,5263.8875
2022-04-01,2844641.7607,2319680.4102,1856423.0506,1664531.834,612028.6497,670471.2,1120932.0198,28076.5366,255984.128,38091.7006,5481.9628
2022-04-02,2844641.7607,2319680.4102,1856423.0506,1664531.834,612028.6497,670471.2,1120932.0198,28076.5366,255984.128,38091.7006,5481.9628
2022-04-03,2844641.7607,2319680.4102,1856423.0506,1664531.834,612028.6497,670471.2,1120932.0198,28076.5366,255984.128,38091.7006,5481.9628
2022-04-04,2912041.052,2361288.0188,1894536.2175,1712500.0306,636635.005,686736.0,1183831.293,29700.6313,259197.3008,38091.7006,5448.1236
2022-04-05,2856881.3415,2330625.8351,1861722.4196,1668844.8677,631055.024,650868.1,1127825.5156,28198.3437,250733.6321,38091.7006,5207.4887
2022-04-06,2804169.547,2245311.4952,1809330.6138,1614940.9394,607809.6397,612615.7,1080800.9193,26391.5384,245785.2643,38091.7006,5136.0502
2022-04-07,2809228.5737,2259330.6354,1800264.3363,1605058.383,606856.96,607620.8,1092686.2568,26066.7195,246213.9596,38091.7006,5064.6118
2022-04-08,2775773.7197,2226344.4231,1766420.3643,1571245.0866,603628.7362,578903.0778,1059851.72,25782.5029,239661.0468,38091.7006,5090.9312
2022-04-09,2775773.7197,2226344.4231,1766420.3643,1571245.0866,603628.7362,578903.0778,1059851.72,25782.5029,239661.0468,38091.7006,5090.9312
2022-04-10,2775773.7197,2226344.4231,1766420.3643,1571245.0866,603628.7362,578903.0778,1059851.72,25782.5029,239661.0468,38091.7006,5090.9312
2022-04-11,2704947.3458,2138556.1173,1709113.0951,1537284.2894,587691.6127,548804.8253,1008631.0828,25701.2982,237052.1301,38091.7006,4872.8559
2022-04-12,2736117.4781,2114566.1447,1692341.5991,1533881.5976,581392.7836,538463.246,1020020.3367,25295.2745,238873.0641,38091.7006,4651.0206
2022-04-13,2780832.7464,2156248.722,1719335.1634,1582236.4425,583700.5443,555966.3064,1056627.1763,26188.5266,241922.9245,38091.7006,4933.0146
2022-04-14,2697440.4029,2097848.1325,1678404.7049,1542977.1832,570641.334,532303.3707,1018004.9968,25214.0698,234292.1494,38091.7006,4654.7805
2022-04-15,2697440.4029,2097848.1325,1678404.7049,1542977.1832,570641.334,532303.3707,1018004.9968,25214.0698,234292.1494,38091.7006,4654.7805
2022-04-16,2697440.4029,2097848.1325,1678404.7049,1542977.1832,570641.334,532303.3707,1018004.9968,25214.0698,234292.1494,38091.7006,4654.7805
2022-04-17,2697440.4029,2097848.1325,1678404.7049,1542977.1832,570641.334,532303.3707,1018004.9968,25214.0698,234292.1494,38091.7006,4654.7805
2022-04-18,2693850.1259,2103020.9704,1689302.1978,1553946.3961,572243.1914,545449.4461,1037941.3587,24665.9378,239456.9062,38091.7006,4534.4631
2022-04-19,2731874.4234,2138855.9919,1721733.3984,1608161.8705,589999.3733,555841.1056,1062600.8502,26208.8278,243996.9928,38091.7006,4914.215
2022-04-20,2729100.1184,2146802.6703,1693572.4446,1566283.5822,544142.8117,537912.3629,1009943.6375,25965.2136,244037.8209,38091.7006,4850.2963
2022-04-21,2715881.3712,2105195.0616,1650386.6145,1508289.6538,510612.4069,505385.2165,1042581.8078,25031.3591,242000.4979,38091.7006,4677.34
2022-04-22,2640322.3594,2054366.3073,1580964.2938,1468155.6584,499860.9573,488658.4006,1038726.8244,24280.2153,239640.6327,38091.7006,4372.7865
2022-04-23,2640322.3594,2054366.3073,1580964.2938,1468155.6584,499860.9573,488658.4006,1038726.8244,24280.2153,239640.6327,38091.7006,4372.7865
2022-04-24,2640322.3594,2054366.3073,1580964.2938,1468155.6584,499860.9573,488658.4006,1038726.8244,24280.2153,239640.6327,38091.7006,4372.7865
2022-04-25,2658110.5501,2104520.3437,1627579.9828,1485690.1257,507680.1934,498348.9361,1033958.6253,24584.7331,240020.3342,38091.7006,4534.4631
2022-04-26,2558888.3488,2020984.3337,1573711.7216,1417718.6379,491281.5177,470454.2163,907979.8185,22574.9159,228666.0349,38091.7006,4338.9473
2022-04-27,2555134.8774,2118211.7645,1510130.5618,1405269.573,474991.4425,461114.2427,913253.109,21438.0497,228449.6459,38091.7006,4839.0166
2022-04-28,2670513.3252,2166152.3669,1566907.2251,1470662.7618,556771.9104,495344.1189,909109.0693,23510.0745,236370.3006,38091.7006,4797.6575
2022-04-29,2551593.7846,2075581.2756,1508573.2699,1264490.8892,542536.6494,464419.5417,902116.0023,22329.2032,226346.9978,38091.7006,4719.8774
2022-04-30,2551593.7846,2075581.2756,1508573.2699,1264490.8892,542536.6494,464419.5417,902116.0023,22329.2032,226346.9978,38091.7006,4719.8774
2022-05-01,2551593.7846,2075581.2756,1508573.2699,1264490.8892,542536.6494,464419.5417,902116.0023,22329.2032,226346.9978,38091.7006,4719.8774
2022-05-02,2556611.1908,2127560.5559,1539250.0099,1266713.9977,571386.0567,489109.1232,935454.8017,23059.1964,235312.8523,38091.7006,4750.0123
2022-05-03,2581212.6659,2107441.9568,1550627.1927,1264206.0057,573821.7477,490836.8931,941992.0243,22651.259,237280.7676,38091.7006,4802.7483
2022-05-04,2687063.7496,2168770.0285,1612284.363,1281248.1418,604619.7079,509166.2781,986923.7748,23574.4857,246463.0111,38091.7006,5006.1589
2022-05-05,2537350.8254,2074309.84,1535994.5299,1184372.5006,563673.035,471856.4643,904726.7473,21728.0323,236798.9958,38091.7006,4712.3437
2022-05-06,2545605.2677,2054714.7732,1523800.6078,1167742.4281,551467.5166,467624.68,896821.9916,20353.9275,236843.9067,38091.7006,4599.3378
2022-05-07,2545605.2677,2054714.7732,1523800.6078,1167742.4281,551467.5166,467624.68,896821.9916,20353.9275,236843.9067,38091.7006,4599.3378
2022-05-08,2545605.2677,2054714.7732,1523800.6078,1167742.4281,551467.5166,467624.68,896821.9916,20353.9275,236843.9067,38091.7006,4599.3378
2022-05-09,2461118.6229,1978802.5869,1485615.0688,1106863.8482,531007.7118,424430.4325,815453.7721,16016.9092,229829.6362,38091.7006,4203.8174
2022-05-10,2500772.3163,2015599.4299,1507853.6271,1107576.0568,534904.8174,440581.3251,828849.3804,14919.6736,237370.5894,38091.7006,3785.6957
2022-05-11,2371129.0165,1948662.0833,1498550.5845,1072097.8905,510791.4761,416417.5866,760431.285,13732.6488,231540.3343,38091.7006,3830.8981
2022-05-12,2307359.4034,1909771.111,1488282.6296,1087954.7079,517557.2845,405024.3213,754215.2254,15022.0033,233361.2683,38091.7006,3932.6033
2022-05-13,2381001.9769,1952925.1322,1531505.4734,1150267.8796,537529.9511,443360.781,797302.8782,17068.5978,240167.3154,38091.7006,4256.5534
2022-05-14,2381001.9769,1952925.1322,1531505.4734,1150267.8796,537529.9511,443360.781,797302.8782,17068.5978,240167.3154,38091.7006,4256.5534
2022-05-15,2381001.9769,1952925.1322,1531505.4734,1150267.8796,537529.9511,443360.781,797302.8782,17068.5978,240167.3154,38091.7006,4256.5534
2022-05-16,2355591.2427,1955767.1648,1509572.485,1127431.4172,541372.9303,432293.0376,750454.5094,16454.6194,237893.1893,38091.7006,4064.4435
2022-05-17,2415476.4124,1995555.6211,1535482.6159,1173806.3762,548355.2447,455154.6886,789035.519,17109.5297,248296.1935,38091.7006,4297.9889
2022-05-18,2279197.1884,1900272.7389,1477081.7698,1089806.4504,520263.6079,424129.9508,735370.2049,16393.2216,232952.9872,38091.7006,4113.4127
2022-05-19,2223034.6104,1893242.4478,1456183.0808,1091907.466,517692.6007,428787.4175,734966.161,17007.1999,223007.2579,38091.7006,4136.0139
2022-05-20,2226919.0538,1888904.6086,1437036.0984,1094674.9054,523781.8283,418020.1558,687806.9892,16536.4832,221774.2487,38091.7006,4083.2778
2022-05-21,2226919.0538,1888904.6086,1437036.0984,1094674.9054,523781.8283,418020.1558,687806.9892,16536.4832,221774.2487,38091.7006,4083.2778
2022-05-22,2226919.0538,1888904.6086,1437036.0984,1094674.9054,523781.8283,418020.1558,687806.9892,16536.4832,221774.2487,38091.7006,4083.2778
2022-05-23,2316261.2529,1949409.9866,1469494.6219,1094328.9755,531061.8382,423128.345,699203.0984,16393.2216,214902.8766,38091.7006,4064.4435
2022-05-24,2271752.0052,1941706.5825,1395329.3497,1059156.0414,490602.3036,404498.4783,650779.9945,15451.7882,214020.9893,38091.7006,3861.033
2022-05-25,2274341.6341,1963395.7786,1393683.1236,1086372.5872,497503.4282,425056.4361,682523.3386,16290.8919,217054.5184,38091.7006,3857.2661
2022-05-26,2327105.3242,1988674.9106,1423006.0121,1130147.9846,518612.7507,446991.6018,733215.3042,17109.5297,224824.1091,38091.7006,4090.8115
2022-05-27,2421950.4848,2043571.0138,1482446.1473,1171547.6573,528084.8825,470275.0,786984.2193,18112.361,238142.2408,38091.7006,4309.2895
2022-05-28,2421950.4848,2043571.0138,1482446.1473,1171547.6573,528084.8825,470275.0,786984.2193,18112.361,238142.2408,38091.7006,4309.2895
2022-05-29,2421950.4848,2043571.0138,1482446.1473,1171547.6573,528084.8825,470275.0,786984.2193,18112.361,238142.2408,38091.7006,4309.2895
2022-05-30,2421950.4848,2043571.0138,1482446.1473,1171547.6573,528084.8825,470275.0,786984.2193,18112.361,238142.2408,38091.7006,4309.2895
2022-05-31,2409002.34,2033324.7384,1500104.2422,1223060.6932,524052.4607,466800.0,785564.8857,17764.4399,234266.7623,38091.7006,4139.7807
2022-06-01,2406898.2665,2037438.2066,1501601.5859,1238062.8602,510520.8437,458000.0,767030.6682,17314.1891,231637.9091,38091.7006,3894.9347
2022-06-02,2447361.219,2053592.9182,1549916.8598,1277000.3258,538179.4687,489800.0,802907.6919,19033.3285,232897.8203,38091.7006,4090.8115
2022-06-03,2353001.6138,2019488.5271,1508659.0441,1244839.017,516312.3758,468000.0,728884.7827,18296.5545,227478.5868,38091.7006,4094.5784
2022-06-04,2353001.6138,2019488.5271,1508659.0441,1244839.017,516312.3758,468000.0,728884.7827,18296.5545,227478.5868,38091.7006,4094.5784
2022-06-05,2353001.6138,2019488.5271,1508659.0441,1244839.017,516312.3758,468000.0,728884.7827,18296.5545,227478.5868,38091.7006,4094.5784
2022-06-06,2365302.3513,2009990.155,1539800.8117,1269664.5765,525703.3179,469650.0,740581.3348,18378.4182,226634.6078,38091.7006,4151.0813
2022-06-07,2406898.2665,2038036.5293,1543395.5169,1251452.3833,529492.1707,473150.0,742466.8729,18685.4074,231383.5039,38091.7006,4297.9889
2022-06-08,2394759.3808,2022405.35,1543739.9813,1232934.9578,532171.4308,466200.0,751728.8016,18787.7371,228302.3749,38091.7006,4124.7133
2022-06-09,2308654.2178,1980373.1838,1512936.9205,1181757.6774,497963.5032,451200.0,745015.4573,17764.4399,224611.4811,38091.7006,3951.4377
2022-06-10,2219473.8705,1892120.5928,1465781.8413,1115624.0148,475149.1971,424350.0,722042.9455,16904.8702,218574.4065,38091.7006,3800.7632
2022-06-11,2219473.8705,1892120.5928,1465781.8413,1115624.0148,475149.1971,424350.0,722042.9455,16904.8702,218574.4065,38091.7006,3800.7632
2022-06-12,2219473.8705,1892120.5928,1465781.8413,1115624.0148,475149.1971,424350.0,722042.9455,16904.8702,218574.4065,38091.7006,3800.7632
2022-06-13,2134501.6703,1811870.5673,1404437.1486,1054781.0453,444540.6795,391175.0,670762.3402,15635.9817,209024.1179,38091.7006,3544.6166
2022-06-14,2148744.6296,1828548.8112,1408654.1466,1040943.8482,443106.3282,395900.0,686784.9384,16004.3687,210053.853,38091.7006,3525.7823
2022-06-15,2191959.0628,1882921.3821,1449799.3603,1095478.6838,458315.8656,413175.0,724437.0077,16618.347,212694.8208,38091.7006,3650.0887
2022-06-16,2105044.6409,1832138.7471,1400504.388,1054679.3012,435366.2433,390025.0,662564.4908,15697.3795,200770.0841,38091.7006,3405.2427
2022-06-17,2129322.4124,1852182.5559,1415925.0649,1080725.7898,443133.3914,397000.0,673944.0592,16863.9383,201363.6961,38091.7006,3457.9788
2022-06-18,2129322.4124,1852182.5559,1415925.0649,1080725.7898,443133.3914,397000.0,673944.0592,16863.9383,201363.6961,38091.7006,3457.9788
2022-06-19,2129322.4124,1852182.5559,1415925.0649,1080725.7898,443133.3914,397000.0,673944.0592,16863.9383,201363.6961,38091.7006,3457.9788
2022-06-20,2129322.4124,1852182.5559,1415925.0649,1080725.7898,443133.3914,397000.0,673944.0592,16863.9383,201363.6961,38091.7006,3457.9788
2022-06-21,2199080.5425,1897729.8677,1472195.1463,1105754.8375,425028.0879,414150.0,736987.6975,17825.8377,203431.2427,38091.7006,3461.7457
2022-06-22,2190664.2484,1893167.6575,1471957.7315,1108501.9281,421780.4999,409000.0,734033.9844,18439.8161,200333.961,38091.7006,3461.7457
2022-06-23,2237924.9769,1936022.5173,1481196.5375,1144010.6177,429628.8377,405625.0,730872.9932,19360.7836,200527.7935,38091.7006,3548.3835
2022-06-24,2292792.7405,2002137.1702,1557508.8241,1184911.7443,460507.9875,428150.0,763944.2162,20854.7975,205579.5529,38091.7006,3853.4993
2022-06-25,2292792.7405,2002137.1702,1557508.8241,1184911.7443,460507.9875,428150.0,763944.2162,20854.7975,205579.5529,38091.7006,3853.4993
2022-06-26,2292792.7405,2002137.1702,1557508.8241,1184911.7443,460507.9875,428150.0,763944.2162,20854.7975,205579.5529,38091.7006,3853.4993
2022-06-27,2292792.7405,1981121.0871,1530821.989,1151946.6572,458694.7509,421725.0,761498.3345,19688.2387,204214.6491,38091.7006,3766.8614
2022-06-28,2224491.2766,1918222.4185,1478923.5749,1092731.5932,434852.0418,399550.0,723390.2533,19053.7944,201282.9326,38091.7006,3612.4201
2022-06-29,2253462.7506,1946493.1637,1474833.1555,1108196.6958,443674.6561,388550.0,710414.6433,18890.0668,198036.2383,38091.7006,3367.5741
2022-06-30,2212837.9463,1920840.0801,1437790.6483,1080624.0457,436394.6462,378975.0,697926.137,18562.6117,196178.6768,38091.7006,3096.3601
2022-07-01,2248607.1963,1941407.4212,1434377.8795,1114708.318,433092.9316,363075.0,706600.726,18971.9306,192960.2498,38091.7006,3122.7281
2022-07-02,2248607.1963,1941407.4212,1434377.8795,1114708.318,433092.9316,363075.0,706600.726,18971.9306,192960.2498,38091.7006,3122.7281
2022-07-03,2248607.1963,1941407.4212,1434377.8795,1114708.318,433092.9316,363075.0,706600.726,18971.9306,192960.2498,38091.7006,3122.7281
2022-07-04,2248607.1963,1941407.4212,1434377.8795,1114708.318,433092.9316,363075.0,706600.726,18971.9306,192960.2498,38091.7006,3122.7281
2022-07-05,2291174.2224,1965863.8595,1495861.1744,1154795.4919,455176.5305,374100.0,724644.2858,20609.2062,192338.3705,38091.7006,3239.5008
2022-07-06,2313186.0685,1990993.4109,1513218.1459,1163240.2519,459452.5214,378250.0,720498.7236,20056.6257,194886.4602,38091.7006,3254.5683
2022-07-07,2368701.2394,2007372.4934,1567881.7371,1183589.0711,466001.824,396450.0,760327.2131,20834.3316,201319.2762,38091.7006,3454.2119
2022-07-08,2379869.0142,2001838.0089,1577354.8697,1175551.2875,462456.5404,395950.0,779666.2612,20813.8656,201379.8488,38091.7006,3401.4759
2022-07-09,2379869.0142,2001838.0089,1577354.8697,1175551.2875,462456.5404,395950.0,779666.2612,20813.8656,201379.8488,38091.7006,3401.4759
2022-07-10,2379869.0142,2001838.0089,1577354.8697,1175551.2875,462456.5404,395950.0,779666.2612,20813.8656,201379.8488,38091.7006,3401.4759
2022-07-11,2344747.1715,1978279.0545,1529136.8336,1136990.275,440805.9533,378800.0,728613.6617,19565.443,194987.4146,38091.7006,3269.6357
2022-07-12,2360770.5007,1897206.3354,1507213.2286,1111249.0187,441861.4194,377050.0,724654.6498,19422.1814,194385.7262,38091.7006,3269.6357
2022-07-13,2354781.9837,1890101.2539,1472119.0452,1123254.822,442456.8105,379100.0,736998.0614,18992.3966,194531.1006,38091.7006,3160.3967
2022-07-14,2403013.8231,1900272.7389,1460737.3869,1125594.9363,427734.4113,384300.0,740957.0734,18214.6907,195706.2101,38091.7006,3175.4642
2022-07-15,2430528.6308,1920017.3864,1478750.0599,1155304.2124,445731.4618,394050.0,746408.4878,18501.2139,199671.6999,38091.7006,3367.5741
2022-07-16,2430528.6308,1920017.3864,1478750.0599,1155304.2124,445731.4618,394050.0,746408.4878,18501.2139,199671.6999,38091.7006,3367.5741
2022-07-17,2430528.6308,1920017.3864,1478750.0599,1155304.2124,445731.4618,394050.0,746408.4878,18501.2139,199671.6999,38091.7006,3367.5741
2022-07-18,2380354.5697,1901544.1746,1441830.6233,1157440.8384,452578.46,402525.0,747900.8902,18480.748,198298.7198,38091.7006,3311.0712
2022-07-19,2443962.331,1941033.4695,1504313.4327,1202716.9612,475717.525,424800.0,763394.9292,19115.1922,205543.2093,38091.7006,3582.2852
2022-07-20,2476980.1002,1961526.0203,1505431.6212,1249112.269,495500.7489,445175.0,769519.9975,20691.07,206661.7843,38091.7006,3830.8981
2022-07-21,2514367.8683,1980747.1355,1510555.3074,1268036.6709,495717.2548,451250.0,844782.6806,21468.7759,209048.3469,38091.7006,3906.2353
2022-07-22,2493974.5403,1947241.067,1424129.8529,1245551.2257,458099.3597,432975.0,846451.2694,20138.4895,206964.6476,38091.7006,3996.64
2022-07-23,2493974.5403,1947241.067,1424129.8529,1245551.2257,458099.3597,432975.0,846451.2694,20138.4895,206964.6476,38091.7006,3996.64
2022-07-24,2493974.5403,1947241.067,1424129.8529,1245551.2257,458099.3597,432975.0,846451.2694,20138.4895,206964.6476,38091.7006,3996.64
2022-07-25,2475523.434,1935798.1463,1420604.2242,1232527.9814,451008.7924,425600.0,841127.8091,19811.0344,207202.9,38091.7006,3940.1371
2022-07-26,2453673.4396,1883968.4467,1385931.8149,1168123.9685,430711.367,413325.0,811130.0558,19237.9879,206387.1883,38091.7006,3861.033
2022-07-27,2537674.529,2005875.36,1478321.61,1230798.3317,458938.32,444750.0,861140.2378,20506.8765,213130.9439,38091.7006,3955.2045
2022-07-28,2546738.2303,2061435.8923,1492329.715,1244126.8083,431942.7904,449600.0,880191.7356,20732.0019,215481.1629,38091.7006,4136.0139
2022-07-29,2611657.9075,2093728.5641,1519391.84,1374810.5227,427588.9619,454075.0,931110.6239,21182.2526,216236.302,38091.7006,4301.7558
2022-07-30,2611657.9075,2093728.5641,1519391.84,1374810.5227,427588.9619,454075.0,931110.6239,21182.2526,216236.302,38091.7006,4301.7558
2022-07-31,2611657.9075,2093728.5641,1519391.84,1374810.5227,427588.9619,454075.0,931110.6239,21182.2526,216236.302,38091.7006,4301.7558
2022-08-01,2595587.1555,2073368.5193,1502329.25,1379293.0468,429819.6271,461025.0,931507.5301,21427.844,216595.6997,38091.7006,4313.0563
2022-08-02,2571481.0275,2049577.8443,1506841.955,1366762.3544,430518.3897,463150.0,941879.3159,22348.8115,214512.0004,38091.7006,4433.5959
2022-08-03,2669834.0298,2106630.7171,1544859.37,1421367.6482,453658.1821,472325.0,963218.2469,22921.8579,220783.2893,38091.7006,4520.6866
2022-08-04,2664691.3891,2115431.0295,1546162.1,1452439.6904,458415.1429,480375.0,967093.3049,23167.4493,223230.4246,38091.7006,4965.5915
2022-08-05,2657298.8432,2109912.1895,1537232.805,1434407.7184,449116.2252,474725.0,902972.0629,23433.5065,222681.2325,38091.7006,4837.3985
2022-08-06,2657298.8432,2109912.1895,1537232.805,1434407.7184,449116.2252,474725.0,902972.0629,23433.5065,222681.2325,38091.7006,4837.3985
2022-08-07,2657298.8432,2109912.1895,1537232.805,1434407.7184,449116.2252,474725.0,902972.0629,23433.5065,222681.2325,38091.7006,4837.3985
2022-08-08,2649584.8822,2090596.2496,1535609.82,1420247.0172,457555.1274,444825.0,910032.8154,20265.5648,220294.6699,38091.7006,4890.1839
2022-08-09,2650388.4198,2105362.8755,1527068.505,1404150.6806,452932.544,427150.0,887816.5128,19093.5003,215154.0706,38091.7006,4584.783
2022-08-10,2719814.0685,2156524.0137,1567642.025,1453662.197,479297.3945,452425.0,922357.7975,19795.3155,222265.3003,38091.7006,4886.4135
2022-08-11,2707761.0045,2140564.1251,1556622.35,1432777.7096,477012.9783,448550.0,898146.519,19444.4079,220254.2881,38091.7006,4837.3985
2022-08-12,2765776.4192,2177033.2164,1593601.255,1462423.4941,485102.4992,467725.0,940135.0176,20455.8474,225423.1547,38091.7006,5097.5548
2022-08-13,2765776.4192,2177033.2164,1593601.255,1462423.4941,485102.4992,467725.0,940135.0176,20455.8474,225423.1547,38091.7006,5097.5548
2022-08-14,2765776.4192,2177033.2164,1593601.255,1462423.4941,485102.4992,467725.0,940135.0176,20455.8474,225423.1547,38091.7006,5097.5548
2022-08-15,2783293.5389,2188667.5277,1597695.92,1458654.0988,486150.6431,475800.0,969244.9543,20455.8474,225717.9416,38091.7006,5029.688
2022-08-16,2780722.2186,2182999.5299,1592805.255,1474954.1866,482334.3243,471975.0,960607.0219,20104.9398,222766.0342,38091.7006,5048.5399
2022-08-17,2805149.7616,2172633.0602,1564496.435,1447651.5396,469917.8503,458375.0,952564.4488,19465.0495,217492.175,38091.7006,4942.9692
2022-08-18,2798721.4608,2164056.4845,1572055.275,1449689.0506,469407.2161,469325.0,949034.0725,18887.0841,225511.9946,38091.7006,4924.1173
2022-08-19,2756455.383,2134075.7592,1534898.245,1408225.7025,451400.6414,446225.0,929596.1134,17566.0203,221465.7412,38091.7006,4648.8795
2022-08-20,2756455.383,2134075.7592,1534898.245,1408225.7025,451400.6414,446225.0,929596.1134,17566.0203,221465.7412,38091.7006,4648.8795
2022-08-21,2756455.383,2134075.7592,1534898.245,1408225.7025,451400.6414,446225.0,929596.1134,17566.0203,221465.7412,38091.7006,4648.8795
2022-08-22,2692975.9126,2071429.4674,1495629.125,1357186.0529,438204.7784,425850.0,908434.7456,16657.7889,213518.6089,38091.7006,4543.3088
2022-08-23,2687511.857,2061659.6291,1491200.845,1361261.0748,432990.9343,429525.0,928927.6397,16533.9392,213934.5411,38091.7006,4543.3088
2022-08-24,2692333.0826,2056811.9994,1489643.915,1363094.8346,438769.1635,430550.0,930943.5055,16719.7138,214362.5879,38091.7006,4603.6349
2022-08-25,2732509.9626,2079633.1485,1528518.375,1398547.5254,453604.4311,447825.0,927726.4762,17380.2457,222152.2313,38091.7006,4716.7464
2022-08-26,2629496.4422,1999386.232,1445616.24,1332022.7925,434791.5918,406500.0,902721.3853,16389.4478,210332.4872,38091.7006,4460.3605
2022-08-27,2629496.4422,1999386.232,1445616.24,1332022.7925,434791.5918,406500.0,902721.3853,16389.4478,210332.4872,38091.7006,4460.3605
2022-08-28,2629496.4422,1999386.232,1445616.24,1332022.7925,434791.5918,406500.0,902721.3853,16389.4478,210332.4872,38091.7006,4460.3605
2022-08-29,2593497.9578,1978056.6612,1433351.54,1322242.7398,427777.0903,395025.0,892474.9382,16121.1067,207634.985,38091.7006,4479.2124
2022-08-30,2553803.2003,1961201.8256,1427420.695,1311443.9317,422375.1179,386700.0,870164.6315,16079.8235,204489.2451,38091.7006,4430.1974
2022-08-31,2526643.6294,1950014.9878,1417764.795,1291476.3243,437882.2725,375840.6,863615.6791,15935.3321,201549.4522,38091.7006,4347.249
2022-09-01,2538535.9859,1942035.0435,1436799.015,1302173.2568,444413.0153,347031.3,868472.5577,15460.5748,198682.3466,38091.7006,4332.1675
2022-09-02,2503983.8691,1909667.7927,1412277.965,1299015.1148,430867.771,339810.3,846694.9409,15274.8002,201997.6899,38091.7006,4226.5969
2022-09-03,2503983.8691,1909667.7927,1412277.965,1299015.1148,430867.771,339810.3,846694.9409,15274.8002,201997.6899,38091.7006,4226.5969
2022-09-04,2503983.8691,1909667.7927,1412277.965,1299015.1148,430867.771,339810.3,846694.9409,15274.8002,201997.6899,38091.7006,4226.5969
2022-09-05,2503983.8691,1909667.7927,1412277.965,1299015.1148,430867.771,339810.3,846694.9409,15274.8002,201997.6899,38091.7006,4226.5969
2022-09-06,2483413.3066,1888711.1166,1397655.325,1284752.5381,426083.9348,335278.5,859886.8497,15027.1008,201181.9781,38091.7006,4215.2857
2022-09-07,2506394.4819,1924807.3132,1434469.465,1319084.5978,431055.8994,341478.6,888965.4518,15254.1586,203980.4348,38091.7006,4415.1159
2022-09-08,2482288.3539,1928014.2067,1420578.44,1322548.3665,435544.1054,348351.0,906387.5452,15543.1413,207332.3954,38091.7006,4611.1757
2022-09-09,2529054.2422,1972314.0845,1450782.815,1357695.4306,454598.824,358236.3,939038.3031,16079.8235,211572.7606,38091.7006,5040.9991
2022-09-10,2529054.2422,1972314.0845,1450782.815,1357695.4306,454598.824,358236.3,939038.3031,16079.8235,211572.7606,38091.7006,5040.9991
2022-09-11,2529054.2422,1972314.0845,1450782.815,1357695.4306,454598.824,358236.3,939038.3031,16079.8235,211572.7606,38091.7006,5040.9991
2022-09-12,2626442.9994,1988646.8677,1452729.395,1390091.8549,454088.1898,361174.5,953890.9511,16533.9392,214270.0703,38091.7006,5063.6214
2022-09-13,2472324.4877,1879314.1728,1367289.525,1291985.702,411544.2975,326961.9,915380.6042,15439.9332,203978.9833,38091.7006,4795.9244
2022-09-14,2495948.4931,1881029.488,1375366.785,1309610.1719,407082.9671,326887.2,948219.3703,15749.5575,206854.4937,38091.7006,4924.1173
2022-09-15,2448700.4822,1830017.5076,1348897.485,1286484.4224,401922.874,321932.1,951791.5262,16533.9392,202557.4282,38091.7006,4909.0358
2022-09-16,2421862.3264,1825244.4568,1346405.765,1258468.6467,393161.466,328630.2,950538.1382,16059.1819,203513.2316,38091.7006,4648.8795
2022-09-17,2421862.3264,1825244.4568,1346405.765,1258468.6467,393161.466,328630.2,950538.1382,16059.1819,203513.2316,38091.7006,4648.8795
2022-09-18,2421862.3264,1825244.4568,1346405.765,1258468.6467,393161.466,328630.2,950538.1382,16059.1819,203513.2316,38091.7006,4648.8795
2022-09-19,2482609.769,1823603.7205,1349597.37,1269980.5836,397810.9248,333211.8,968461.5868,16224.3149,203245.9307,38091.7006,4716.7464
2022-09-20,2521500.9888,1808165.8844,1323827.955,1244817.3232,392623.9563,328082.4,967396.207,15728.9159,199690.0179,38091.7006,4599.8646
2022-09-21,2470395.9974,1782063.2628,1299830.335,1207632.7481,381954.3888,330198.9,942547.7895,15873.4073,195267.402,38091.7006,4430.1974
2022-09-22,2454646.6605,1797202.7833,1309066.525,1195102.0557,383835.6728,312768.9,904288.1203,15212.8754,193432.7454,38091.7006,4158.73
2022-09-23,2417523.2234,1774381.6342,1290804.925,1159139.9872,377358.681,311648.4,862738.3075,15274.8002,189816.0824,38091.7006,3751.5289
2022-09-24,2417523.2234,1774381.6342,1290804.925,1159139.9872,377358.681,311648.4,862738.3075,15274.8002,189816.0824,38091.7006,3751.5289
2022-09-25,2417523.2234,1774381.6342,1290804.925,1159139.9872,377358.681,311648.4,862738.3075,15274.8002,189816.0824,38091.7006,3751.5289
2022-09-26,2422987.279,1770876.425,1284757.0,1173096.9373,366500.9851,304477.2,864869.0671,15543.1413,187215.9731,38091.7006,3691.2028
2022-09-27,2438897.3235,1763120.2175,1275687.245,1165558.1467,361206.5146,309083.7,886584.0145,15749.5575,188224.4267,38091.7006,3649.7286
2022-09-28,2408041.4797,1797873.9936,1309609.995,1202233.3441,380583.7391,317126.4,901844.0137,16389.4478,188714.4784,38091.7006,3898.5737
2022-09-29,2289760.745,1771249.3196,1275172.165,1169531.2931,366608.4871,304278.0,840428.0008,16678.4305,182303.3054,38091.7006,3653.499
2022-09-30,2220977.9264,1736943.017,1250961.35,1151193.6944,364646.5767,302261.1,831152.9294,16781.6386,179824.6965,38091.7006,3664.8101
2022-10-01,2220977.9264,1736943.017,1250961.35,1151193.6944,364646.5767,302261.1,831152.9294,16781.6386,179824.6965,38091.7006,3664.8101
2022-10-02,2220977.9264,1736943.017,1250961.35,1151193.6944,364646.5767,302261.1,831152.9294,16781.6386,179824.6965,38091.7006,3664.8101
2022-10-03,2289278.6224,1795412.8893,1291019.79,1180533.8523,372521.0937,311548.8,759553.1389,17008.6965,184996.5651,38091.7006,4241.6784
2022-10-04,2347936.8672,1856120.1291,1330878.395,1233611.0129,377009.2997,327858.3,781612.768,17462.8122,194347.0352,38091.7006,4509.3754
2022-10-05,2352758.0928,1858506.6545,1328271.265,1232184.7552,373515.4866,328904.1,754570.9215,17380.2457,196347.7737,38091.7006,4520.6866
2022-10-06,2337169.4634,1840533.1351,1328338.99,1225562.8446,373757.366,326937.0,746173.2218,17483.4538,194201.2324,38091.7006,4471.6716
2022-10-07,2251351.6477,1746936.5921,1293060.815,1167086.28,358653.3436,300692.4,698983.1629,16822.9219,186497.9844,38091.7006,4128.567
2022-10-08,2251351.6477,1746936.5921,1293060.815,1167086.28,358653.3436,300692.4,698983.1629,16822.9219,186497.9844,38091.7006,4128.567
2022-10-09,2251351.6477,1746936.5921,1293060.815,1167086.28,358653.3436,300692.4,698983.1629,16822.9219,186497.9844,38091.7006,4128.567
2022-10-10,2256654.9958,1709721.7117,1282100.515,1158019.3562,359567.1101,290583.0,698638.4812,16637.1473,177271.9071,38091.7006,4237.908
2022-10-11,2233513.113,1681083.4069,1273362.705,1143145.5261,345457.4806,288491.4,678396.2647,16595.864,174461.153,38091.7006,4177.5819
2022-10-12,2223227.8317,1683619.0901,1277460.71,1150174.939,342662.4302,286350.0,680715.0326,16657.7889,174384.2016,38091.7006,4113.4854
2022-10-13,2297956.8285,1746936.5921,1296432.215,1146405.5437,350160.6904,297804.0,694752.9784,16678.4305,177381.2592,38091.7006,4102.1743
2022-10-14,2223870.6618,1704575.7663,1263624.05,1089049.61,340673.6443,279552.3,642330.0245,15543.1413,172978.8245,38091.7006,3853.3292
2022-10-15,2223870.6618,1704575.7663,1263624.05,1089049.61,340673.6443,279552.3,642330.0245,15543.1413,172978.8245,38091.7006,3853.3292
2022-10-16,2223870.6618,1704575.7663,1263624.05,1089049.61,340673.6443,279552.3,642330.0245,15543.1413,172978.8245,38091.7006,3853.3292
2022-10-17,2288635.7923,1771473.0564,1309359.135,1159241.8627,360238.9972,296011.2,687326.6544,16389.4478,176328.2389,38091.7006,4094.6335
2022-10-18,2310170.6,1778707.2115,1318539.29,1185423.8786,356906.4371,297978.3,689958.7692,16843.5635,176109.5347,38091.7006,4328.3971
2022-10-19,2311938.3827,1763642.2699,1303933.35,1172281.9329,358062.0829,300069.9,695755.6888,16327.523,176299.8884,38091.7006,4298.2341
2022-10-20,2304385.1293,1761181.1656,1307707.76,1174115.6928,353493.2505,303630.6,649505.6709,16595.864,174274.8495,38091.7006,4663.961
2022-10-21,2366739.647,1805704.78,1321451.645,1215579.0409,349408.1768,310403.4,671941.3164,17111.9046,182144.1507,38091.7006,4980.673
2022-10-22,2366739.647,1805704.78,1321451.645,1215579.0409,349408.1768,310403.4,671941.3164,17111.9046,182144.1507,38091.7006,4980.673
2022-10-23,2366739.647,1805704.78,1321451.645,1215579.0409,349408.1768,310403.4,671941.3164,17111.9046,182144.1507,38091.7006,4980.673
2022-10-24,2401773.8864,1843963.7654,1340243.355,1220672.8183,348628.7878,313715.1,667075.2049,17070.6214,184894.1536,38091.7006,5195.5847
2022-10-25,2448218.3597,1868538.2383,1365809.595,1228619.1111,369564.7904,330198.9,702331.5109,17875.6446,186331.9312,38091.7006,5327.548
2022-10-26,2400166.8112,1724368.7277,1227960.91,1178292.5902,348897.5426,321110.4,709357.5101,17689.87,186781.4898,38091.7006,5505.0574
2022-10-27,2327044.8896,1690301.7854,1196084.1,1130411.0826,259692.6771,328082.4,710778.4987,17751.7949,184440.5448,38091.7006,5576.6986
2022-10-28,2477530.2973,1758286.5805,1248174.59,1054953.0583,263033.6285,344466.6,721609.5896,17834.3614,191528.1811,38091.7006,5640.7986
2022-10-29,2477530.2973,1758286.5805,1248174.59,1054953.0583,263033.6285,344466.6,721609.5896,17834.3614,191528.1811,38091.7006,5640.7986
2022-10-30,2477530.2973,1758286.5805,1248174.59,1054953.0583,263033.6285,344466.6,721609.5896,17834.3614,191528.1811,38091.7006,5640.7986
2022-10-31,2439350.8141,1730406.8509,1224222.13,1045057.4538,247018.2745,336075.3,718514.9922,18143.9857,190402.2594,38091.7006,5399.0993
2022-11-01,2396557.9767,1700887.1373,1171149.05,987418.1077,252427.4338,337220.7,719399.1629,17855.003,189503.1421,38091.7006,5599.0659
2022-11-02,2307154.3535,1640729.539,1126305.51,939776.3827,240071.2169,329153.1,678853.6215,16967.4132,184695.6997,38091.7006,5312.3213
2022-11-03,2209319.4278,1597120.8711,1080226.17,911007.7179,235749.1926,334182.9,679895.6798,16678.4305,179872.057,38091.7006,5251.954
2022-11-04,2201365.3688,1650345.8094,1121388.3,928146.4969,240734.1041,352484.4,655138.9006,16368.8062,188450.1219,38091.7006,5350.0508
2022-11-05,2201365.3688,1650345.8094,1121388.3,928146.4969,240734.1041,352484.4,655138.9006,16368.8062,188450.1219,38091.7006,5350.0508
2022-11-06,2201365.3688,1650345.8094,1121388.3,928146.4969,240734.1041,352484.4,655138.9006,16368.8062,188450.1219,38091.7006,5350.0508
2022-11-07,2209955.7526,1698650.7953,1146370.55,923555.7526,256457.7877,356094.9,622329.8526,14602.586,192467.7991,38091.7006,5508.515
2022-11-08,2219182.461,1706105.2685,1150697.98,917944.8428,255794.9006,363589.8,604078.0435,14997.8126,195258.3027,38091.7006,5531.1527
2022-11-09,2145527.8747,1673603.7656,1130705.0,878770.4907,269052.644,343022.4,560785.2574,14519.3803,190139.0044,38091.7006,5523.6068
2022-11-10,2336425.2907,1811287.8845,1217366.86,985785.843,296628.7502,392175.0,602246.5471,15892.6894,205164.7931,38091.7006,5765.0759
2022-11-11,2381445.2646,1842074.8586,1249923.59,1028224.7244,299678.0311,406542.3,618824.7474,17494.4395,209830.4828,38091.7006,5795.2596
2022-11-12,2381445.2646,1842074.8586,1249923.59,1028224.7244,299678.0311,406542.3,618824.7474,17494.4395,209830.4828,38091.7006,5795.2596
2022-11-13,2381445.2646,1842074.8586,1249923.59,1028224.7244,299678.0311,406542.3,618824.7474,17494.4395,209830.4828,38091.7006,5795.2596
2022-11-14,2358855.737,1800627.9879,1240799.34,1004760.9198,302859.8895,405745.5,602972.8301,16849.5791,207858.0949,38091.7006,5633.0225
2022-11-15,2386854.0247,1803758.8667,1275936.76,1009351.6642,310443.3188,414983.4,613930.2311,17348.8258,212394.1821,38091.7006,5546.2445
2022-11-16,2366968.8772,1801969.7931,1280329.47,990784.6536,300234.8564,396159.0,590247.0878,16766.3713,207254.6333,38091.7006,5236.8622
2022-11-17,2397671.545,1801597.0694,1273987.4,967626.8986,295515.0997,390357.3,578405.5161,15851.0855,207408.5363,38091.7006,5278.3647
2022-11-18,2406739.1722,1798168.0118,1263451.85,960383.7241,297106.0289,379061.4,568995.4138,15372.6406,208643.81,38091.7006,5221.7704
2022-11-19,2406739.1722,1798168.0118,1263451.85,960383.7241,297106.0289,379061.4,568995.4138,15372.6406,208643.81,38091.7006,5221.7704
2022-11-20,2406739.1722,1798168.0118,1263451.85,960383.7241,297106.0289,379061.4,568995.4138,15372.6406,208643.81,38091.7006,5221.7704
2022-11-21,2354560.5452,1804355.2245,1238852.24,943244.9451,291299.1373,376798.2,530091.9036,14956.6017,209567.2278,38091.7006,5293.4565
2022-11-22,2389081.1612,1826569.5545,1257945.99,950794.1692,295488.5842,394534.8,536533.7186,15019.0075,214674.3759,38091.7006,5210.4515
2022-11-23,2403239.3863,1845578.461,1276717.86,960281.7076,297609.8232,406367.4,578500.2487,15331.0367,216128.3539,38091.7006,5229.3163
2022-11-24,2403239.3863,1845578.461,1276717.86,960281.7076,297609.8232,406367.4,578500.2487,15331.0367,216128.3539,38091.7006,5229.3163
2022-11-25,2356151.357,1844907.5584,1262338.7,952936.5166,295409.0378,400242.0,577426.6128,15143.8192,214617.6748,38091.7006,5184.0408
2022-11-26,2356151.357,1844907.5584,1262338.7,952936.5166,295409.0378,400242.0,577426.6128,15143.8192,214617.6748,38091.7006,5184.0408
2022-11-27,2356151.357,1844907.5584,1262338.7,952936.5166,295409.0378,400242.0,577426.6128,15143.8192,214617.6748,38091.7006,5184.0408
2022-11-28,2294268.778,1802193.4273,1244480.75,958445.4098,288435.4648,389344.2,577616.078,14894.1958,211499.1149,38091.7006,4942.5717
2022-11-29,2245749.0181,1791533.5307,1233676.17,942836.8789,290238.5179,384719.4,571016.3754,14727.7802,211167.0085,38091.7006,4980.3012
2022-11-30,2354878.7075,1901934.278,1310116.45,984867.6942,313147.8984,416305.8,614814.4018,15601.4621,223171.4392,38091.7006,5225.5433
2022-12-01,2359332.9806,1898579.765,1309006.69,974257.9738,319352.5223,421521.0,614814.4018,16350.3323,223058.037,38091.7006,5357.5968
2022-12-02,2351378.9216,1901039.7412,1302540.84,960281.7076,327439.7458,415149.6,615319.6422,15934.2933,219028.2096,38091.7006,5568.8823
2022-12-03,2351378.9216,1901039.7412,1302540.84,960281.7076,327439.7458,415149.6,615319.6422,15934.2933,219028.2096,38091.7006,5568.8823
2022-12-04,2351378.9216,1901039.7412,1302540.84,960281.7076,327439.7458,415149.6,615319.6422,15934.2933,219028.2096,38091.7006,5568.8823
2022-12-05,2332607.3423,1865109.1806,1290115.56,928452.5466,324629.1042,408606.0,576131.9343,14956.6017,214913.3305,38091.7006,5414.1911
2022-12-06,2273429.1434,1827240.4571,1257366.38,900295.981,302594.7347,393280.2,567827.0454,14540.5627,212961.193,38091.7006,5255.727
2022-12-07,2242090.1509,1821649.6022,1230179.3,902438.3284,302090.9404,396552.0,549575.2362,14706.9783,209996.536,38091.7006,5153.8572
2022-12-08,2269293.0327,1844236.6558,1214455.25,921719.4548,305803.1086,422357.4,547680.5848,14810.988,215091.5339,38091.7006,5372.6886
2022-12-09,2261498.0549,1829476.799,1203065.41,908865.3705,307314.4913,418224.6,565395.576,14790.1861,220615.8401,38091.7006,5146.3112
2022-12-10,2261498.0549,1829476.799,1203065.41,908865.3705,307314.4913,418224.6,565395.576,14790.1861,220615.8401,38091.7006,5146.3112
2022-12-11,2261498.0549,1829476.799,1203065.41,908865.3705,307314.4913,418224.6,565395.576,14790.1861,220615.8401,38091.7006,5146.3112
2022-12-12,2298563.9698,1882329.0136,1209343.33,923759.7856,304159.1484,431361.0,529934.016,15164.6211,225439.4828,38091.7006,5138.7653
2022-12-13,2314153.9255,1915203.2402,1239175.25,943550.9947,318583.5732,444571.2,508240.2567,15601.4621,231275.645,38091.7006,5312.3213
2022-12-14,2278201.5788,1917439.5821,1232057.73,934267.4894,318832.9347,434780.4,495135.584,15289.4328,232652.6714,38091.7006,5248.181
2022-12-15,2171458.107,1856238.3576,1178220.5,902336.3119,304568.1829,417019.2,497882.8286,14582.1666,225994.3435,38091.7006,4999.166
2022-12-16,2139800.9522,1824035.0336,1172151.98,896317.3359,313168.9891,407646.6,474389.1504,14353.3451,232307.0841,38091.7006,4957.6635
2022-12-17,2139800.9522,1824035.0336,1172151.98,896317.3359,313168.9891,407646.6,474389.1504,14353.3451,232307.0841,38091.7006,4957.6635
2022-12-18,2139800.9522,1824035.0336,1172151.98,896317.3359,313168.9891,407646.6,474389.1504,14353.3451,232307.0841,38091.7006,4957.6635
2022-12-19,2105757.5797,1792428.0675,1149313.8,866324.4726,300189.1139,399848.4,473252.3595,13209.2379,229682.7591,38091.7006,4784.1075
2022-12-20,2104644.0114,1802491.6062,1156167.94,869078.9193,307033.0481,395691.0,435138.2875,13126.0301,227338.4179,38091.7006,4848.2478
2022-12-21,2154754.5831,1822096.8706,1163807.7,885197.5329,314034.3142,405924.6,434412.0044,13521.2671,234530.2384,38091.7006,4957.6635
2022-12-22,2103530.4431,1775580.9582,1139141.68,854796.6034,307111.714,377339.4,395824.2695,13146.8321,231128.6452,38091.7006,4821.8371
2022-12-23,2097644.4395,1779606.3737,1158690.13,869691.0185,309524.1353,374067.6,388877.2141,13084.4262,230852.8403,38091.7006,4836.9289
2022-12-24,2097644.4395,1779606.3737,1158690.13,869691.0185,309524.1353,374067.6,388877.2141,13084.4262,230852.8403,38091.7006,4836.9289
2022-12-25,2097644.4395,1779606.3737,1158690.13,869691.0185,309524.1353,374067.6,388877.2141,13084.4262,230852.8403,38091.7006,4836.9289
2022-12-26,2097644.4395,1779606.3737,1158690.13,869691.0185,309524.1353,374067.6,388877.2141,13084.4262,230852.8403,38091.7006,4836.9289
2022-12-27,2068532.5835,1766411.9562,1134613.89,847145.3628,306482.3868,347376.6,344510.7922,12481.1697,231316.6939,38091.7006,4746.378
2022-12-28,2005059.1927,1748297.5865,1116229.18,834699.3447,303178.4185,345285.6,355910.2785,12626.7833,227701.9788,38091.7006,4659.6
2022-12-29,2061851.174,1796602.5724,1148072.35,858775.2485,315345.4127,359233.8,384677.4033,13313.2476,233101.0678,38091.7006,5104.8087
2022-12-30,2066941.7717,1787731.7494,1145224.89,856938.9508,315555.1884,359504.4,388971.9467,13354.8515,233652.6775,38091.7006,5153.8572
2022-12-31,2066941.7717,1787731.7494,1145224.89,856938.9508,315555.1884,359504.4,388971.9467,13354.8515,233652.6775,38091.7006,5153.8572
2023-01-01,2066941.7717,1787731.7494,1145224.89,856938.9508,315555.1884,359504.4,388971.9467,13354.8515,233652.6775,38091.7006,5153.8572
2023-01-02,2066941.7717,1787731.7494,1145224.89,856938.9508,315555.1884,359504.4,388971.9467,13354.8515,233652.6775,38091.7006,5153.8572
2023-01-03,1989628.3183,1785942.6758,1157266.4,875505.9614,327092.8553,352149.0,341353.0397,13292.4457,231291.6208,38091.7006,5018.0308
2023-01-04,2010149.7905,1707819.7973,1144132.08,868568.8365,333989.2334,362825.4,358846.9883,13687.6827,234116.5311,38091.7006,5093.4899
2023-01-05,1988832.9124,1657203.9246,1119407.56,847961.4951,332861.6887,350919.0,348426.4052,13146.8321,231935.1654,38091.7006,5104.8087
2023-01-06,2062010.2552,1676734.6443,1135794.58,878158.3915,340938.0555,365531.4,357015.4919,13313.2476,245896.7414,38091.7006,5327.4131
2023-01-07,2062010.2552,1676734.6443,1135794.58,878158.3915,340938.0555,365531.4,357015.4919,13313.2476,245896.7414,38091.7006,5327.4131
2023-01-08,2062010.2552,1676734.6443,1135794.58,878158.3915,340938.0555,365531.4,357015.4919,13313.2476,245896.7414,38091.7006,5327.4131
2023-01-09,2070441.5577,1693059.9405,1144334.7,891216.5088,339495.8471,384448.8,378204.0108,13521.2671,241074.3353,38091.7006,5591.52
2023-01-10,2079668.2661,1705956.179,1149773.02,916822.6608,348725.9806,391361.4,375298.8786,13937.3061,240255.2785,38091.7006,5478.3313
2023-01-11,2123574.6718,1757541.1332,1189374.08,970075.2956,348463.7609,393624.6,389098.2568,14519.7607,241596.693,38091.7006,5523.6068
2023-01-12,2112709.1763,1777966.3896,1184587.43,971911.5933,358480.5535,406170.6,390171.8926,14582.1666,243184.6603,38091.7006,5651.8873
2023-01-13,2134088.0639,1783333.6102,1196748.2,1000986.3077,359188.5467,415715.4,386508.8998,14478.1568,241956.0751,38091.7006,5648.1143
2023-01-14,2134088.0639,1783333.6102,1196748.2,1000986.3077,359188.5467,415715.4,386508.8998,14478.1568,241956.0751,38091.7006,5648.1143
2023-01-15,2134088.0639,1783333.6102,1196748.2,1000986.3077,359188.5467,415715.4,386508.8998,14478.1568,241956.0751,38091.7006,5648.1143
2023-01-16,2134088.0639,1783333.6102,1196748.2,1000986.3077,359188.5467,415715.4,386508.8998,14478.1568,241956.0751,38091.7006,5648.1143
2023-01-17,2152774.7952,1791682.6202,1187245.83,979868.8836,354940.5875,435469.2,415212.8695,14706.9783,242056.3677,38091.7006,5644.3414
2023-01-18,2141214.3597,1757839.3121,1183674.64,973849.9076,348804.6465,427474.2,406655.3604,14353.3451,239987.8313,38091.7006,5463.2395
2023-01-19,2142164.5325,1728915.9563,1209960.23,955690.9632,357012.1232,412419.0,401571.3789,13999.712,235361.8318,38091.7006,5259.4999
2023-01-20,2183338.6863,1790713.5387,1276898.14,992110.8686,365455.5976,438839.4,421307.3317,14602.9685,238521.051,38091.7006,5478.3313
2023-01-21,2183338.6863,1790713.5387,1276898.14,992110.8686,365455.5976,438839.4,421307.3317,14602.9685,238521.051,38091.7006,5478.3313
2023-01-22,2183338.6863,1790713.5387,1276898.14,992110.8686,365455.5976,438839.4,421307.3317,14602.9685,238521.051,38091.7006,5478.3313
2023-01-23,2234648.0164,1808306.0953,1300851.73,994865.3152,375682.1659,472147.8,453926.9145,15351.8387,243055.1156,38091.7006,5859.3998
2023-01-24,2257135.4389,1801698.2071,1274388.38,982623.3302,375341.2803,473919.0,454368.9999,14602.9685,244475.9285,38091.7006,5753.7571
2023-01-25,2246525.1762,1791053.5681,1242289.74,991396.7528,371040.8772,475345.8,456074.1862,15019.0075,244747.5545,38091.7006,5414.1911
2023-01-26,2279781.2235,1846063.2762,1272907.28,1012208.1273,386249.6199,487129.2,506092.985,15060.6114,250138.2857,38091.7006,5301.0024
2023-01-27,2310978.5631,1847254.2847,1294893.43,1043017.1234,397892.1746,500979.0,561764.1607,15705.4718,246966.5299,38091.7006,5425.51
2023-01-28,2310978.5631,1847254.2847,1294893.43,1043017.1234,397892.1746,500979.0,561764.1607,15705.4718,246966.5299,38091.7006,5425.51
2023-01-29,2310978.5631,1847254.2847,1294893.43,1043017.1234,397892.1746,500979.0,561764.1607,15705.4718,246966.5299,38091.7006,5425.51
2023-01-30,2264578.459,1806685.5555,1261287.7,1025776.3278,385620.2926,471385.2,526271.0232,15331.0367,242979.8961,38091.7006,5267.0458
2023-01-31,2285007.1738,1844648.9535,1286009.96,1052096.5956,390628.6889,480610.2,548085.8699,16183.9167,244467.5708,38091.7006,5365.1427
2023-02-01,2303060.4566,1881421.343,1306393.49,1072703.937,401510.8065,515197.8,573999.871,17057.5985,251880.8709,38091.7006,5546.2445
2023-02-02,2388417.6447,1969630.4148,1401398.5,1151868.7735,489412.5675,534041.4,595705.6155,18700.9526,253142.887,38091.7006,5674.525
2023-02-03,2444490.657,1923106.6428,1344737.64,1059464.1866,483605.0549,519060.0,601116.2311,17494.4395,249737.115,38091.7006,5504.742
2023-02-04,2444490.657,1923106.6428,1344737.64,1059464.1866,483605.0549,519060.0,601116.2311,17494.4395,249737.115,38091.7006,5504.742
2023-02-05,2444490.657,1923106.6428,1344737.64,1059464.1866,483605.0549,519060.0,601116.2311,17494.4395,249737.115,38091.7006,5504.742
2023-02-06,2400663.8666,1911345.4332,1321493.715,1047065.0023,482386.5143,518789.4,616240.642,17286.42,251274.936,38091.7006,5357.5968
2023-02-07,2446863.9489,1991664.0733,1381109.28,1046347.6941,496801.5902,545455.8,622727.0526,17328.0239,256770.1387,38091.7006,5753.7571
2023-02-08,2403670.0363,1985485.7164,1276669.575,1025238.339,475567.8723,546243.0,636902.2327,17099.2024,251446.2693,38091.7006,5934.8589
2023-02-09,2387056.993,1962335.4874,1219677.345,1006690.7988,461282.4284,549490.2,655981.772,16537.5498,250485.1312,38091.7006,5904.6753
2023-02-10,2389272.0655,1958464.7095,1213016.745,1000235.0252,451508.1773,523119.0,622980.1808,15622.264,247910.9526,38091.7006,5455.6936
2023-02-11,2389272.0655,1958464.7095,1213016.745,1000235.0252,451508.1773,523119.0,622980.1808,15622.264,247910.9526,38091.7006,5455.6936
2023-02-12,2389272.0655,1958464.7095,1213016.745,1000235.0252,451508.1773,523119.0,622980.1808,15622.264,247910.9526,38091.7006,5455.6936
2023-02-13,2434206.3921,2019652.7746,1214169.975,1020012.2365,465197.3141,535984.8,615860.9497,15830.2835,251199.7165,38091.7006,5742.4382
2023-02-14,2423922.1272,2025980.0076,1214297.325,1021651.7981,465326.9461,565086.6,662088.4902,19179.3974,251697.001,38091.7006,5897.1294
2023-02-15,2457622.8722,2004765.1675,1242536.1,1036612.7973,459312.0223,559994.4,677877.3627,21030.7709,253945.2284,38091.7006,6063.1394
2023-02-16,2431991.3197,1951393.0962,1224927.135,1005768.5454,447074.7637,541249.2,639275.3097,20198.6929,250957.3425,38091.7006,6048.0476
2023-02-17,2413637.8623,1920947.9397,1209878.73,996033.6487,448215.5251,526144.8,659114.2336,19137.7935,248315.565,38091.7006,6059.3665
2023-02-18,2413637.8623,1920947.9397,1209878.73,996033.6487,448215.5251,526144.8,659114.2336,19137.7935,248315.565,38091.7006,6059.3665
2023-02-19,2413637.8623,1920947.9397,1209878.73,996033.6487,448215.5251,526144.8,659114.2336,19137.7935,248315.565,38091.7006,6059.3665
2023-02-20,2413637.8623,1920947.9397,1209878.73,996033.6487,448215.5251,526144.8,659114.2336,19137.7935,248315.565,38091.7006,6059.3665
2023-02-21,2349242.5421,1880825.8387,1177221.0,969185.8281,446141.4134,508113.0,624498.9501,17798.7496,242457.7876,38091.7006,5757.53
2023-02-22,2356045.9789,1872191.0266,1174722.975,981585.0124,443652.4795,510548.4,635541.6685,17567.597,240218.9075,38091.7006,5856.7644
2023-02-23,2363798.7324,1896457.8261,1165181.94,981892.4302,446037.7078,582134.4,639370.2328,17168.3334,243400.035,38091.7006,6211.4911
2023-02-24,2321237.6977,1855144.7165,1142898.0,958118.7873,441759.8526,575164.2,622948.5398,17000.2224,240877.6469,38091.7006,5966.2013
2023-02-25,2321237.6977,1855144.7165,1142898.0,958118.7873,441759.8526,575164.2,622948.5398,17000.2224,240877.6469,38091.7006,5966.2013
2023-02-26,2321237.6977,1855144.7165,1142898.0,958118.7873,441759.8526,575164.2,622948.5398,17000.2224,240877.6469,38091.7006,5966.2013
2023-02-27,2340382.2523,1862141.8918,1152439.275,960783.0748,439556.109,580474.7,656962.6438,16874.1392,244087.9591,38091.7006,5951.6192
2023-02-28,2332313.0599,1856633.4772,1154936.7,965599.2869,453556.3625,573435.2,650887.5666,16474.8756,247773.5643,38091.7006,6136.6632
2023-03-01,2299086.9733,1833185.4961,1158201.945,944489.9318,449615.5504,560640.6,641585.1047,16159.6675,247473.3792,38091.7006,6091.3463
2023-03-02,2308580.1409,1869213.5052,1180230.945,944080.0414,452493.3803,575855.8,604027.2056,16748.056,249591.3515,38091.7006,5978.0541
2023-03-03,2389588.5044,1900328.6039,1201747.065,972464.9509,480286.4763,590083.0,625827.8732,17504.5554,263812.6176,38091.7006,6178.2037
2023-03-04,2389588.5044,1900328.6039,1201747.065,972464.9509,480286.4763,590083.0,625827.8732,17504.5554,263812.6176,38091.7006,6178.2037
2023-03-05,2389588.5044,1900328.6039,1201747.065,972464.9509,480286.4763,590083.0,625827.8732,17504.5554,263812.6176,38091.7006,6178.2037
2023-03-06,2433889.9532,1912089.8135,1221214.185,960680.6022,479379.0524,581783.8,613234.7445,17399.486,263879.3254,38091.7006,6114.0048
2023-03-07,2398607.0136,1891842.6679,1204051.965,958631.1503,478367.923,575213.6,593933.718,17399.486,260639.8285,38091.7006,5981.8305
2023-03-08,2418700.885,1888492.9563,1209623.55,962422.6364,479560.5372,597270.7,575866.6916,17084.2779,263604.1558,38091.7006,5944.0664
2023-03-09,2382626.8481,1878220.5074,1184521.47,945309.7126,471056.6795,578869.2,547136.6391,16159.6675,259543.3193,38091.7006,5808.1157
2023-03-10,2349558.981,1850455.1203,1163134.02,929733.8778,465404.7253,567235.5,548781.9725,15445.1959,256337.1763,38091.7006,5377.6052
2023-03-11,2349558.981,1850455.1203,1163134.02,929733.8778,465404.7253,567235.5,548781.9725,15445.1959,256337.1763,38091.7006,5377.6052
2023-03-12,2349558.981,1850455.1203,1163134.02,929733.8778,465404.7253,567235.5,548781.9725,15445.1959,256337.1763,38091.7006,5377.6052
2023-03-13,2380728.2146,1890130.5931,1170370.995,947154.2193,469008.4942,567260.2,552072.6393,16537.9172,257020.9311,38091.7006,5222.7724
2023-03-14,2414270.7401,1941269.5234,1205268.45,972260.0057,503023.9251,594356.1,579853.461,16579.945,263687.5405,38091.7006,5268.0893
2023-03-15,2420599.5185,1975883.2098,1233700.95,985786.3886,512694.4706,598431.6,570962.3324,16600.9589,261010.8906,38091.7006,5030.1756
2023-03-16,2465850.2841,2055978.5358,1289605.365,1025135.8661,531309.6226,630862.7,582606.2303,16769.0698,265371.9121,38091.7006,5135.9151
2023-03-17,2452401.63,2080022.0212,1306831.32,1013966.353,507146.222,635407.5,569949.8195,16558.9311,263066.3243,38091.7006,4954.6475
2023-03-18,2452401.63,2080022.0212,1306831.32,1013966.353,507146.222,635407.5,569949.8195,16558.9311,263066.3243,38091.7006,4954.6475
2023-03-19,2452401.63,2080022.0212,1306831.32,1013966.353,507146.222,635407.5,569949.8195,16558.9311,263066.3243,38091.7006,4954.6475
2023-03-20,2490374.3004,2026426.6358,1300875.285,1001259.7509,512850.029,639730.0,579821.82,16979.2086,268377.9318,38091.7006,4992.4115
2023-03-21,2520119.5589,2037964.5313,1349607.18,1030976.8042,524128.011,647115.3,625163.4117,17756.7218,265476.1431,38091.7006,5200.114
2023-03-22,2497177.7372,2026873.264,1329307.665,1011404.538,518035.3081,653759.6,604818.2313,17252.3889,263045.4781,38091.7006,5079.2689
2023-03-23,2514581.8778,2066846.489,1356649.47,1011507.0106,529624.4069,671617.7,608203.8212,17504.5554,266510.1137,38091.7006,4996.188
2023-03-24,2535466.8465,2088507.9573,1354343.97,1005563.6,534109.6733,661441.3,602476.7953,17231.375,265234.3273,38091.7006,4943.3182
2023-03-25,2535466.8465,2088507.9573,1354343.97,1005563.6,534109.6733,661441.3,602476.7953,17231.375,265234.3273,38091.7006,4943.3182
2023-03-26,2535466.8465,2088507.9573,1354343.97,1005563.6,534109.6733,661441.3,602476.7953,17231.375,265234.3273,38091.7006,4943.3182
2023-03-27,2504297.6129,2057318.4205,1316050.92,1004641.3466,525891.0059,655315.7,606906.5391,16895.1531,261344.4295,38091.7006,4981.0823
2023-03-28,2494329.7869,2048758.0464,1296006.345,996443.5388,520290.9045,652327.0,598616.59,16811.0976,260452.2129,38091.7006,4988.6351
2023-03-29,2543694.2584,2088061.329,1301770.575,1027287.7906,532398.5312,666504.8,613456.2317,17273.4028,260785.7518,38091.7006,5177.4555
2023-03-30,2568851.1526,2114412.3935,1294854.315,1045220.4952,538854.2037,676360.1,617885.9755,17126.3057,264225.3721,38091.7006,5211.4432
2023-03-31,2609038.8954,2146048.5586,1330200.675,1058439.4603,549484.0258,686091.9,656424.7463,17756.7218,267473.2074,38091.7006,5404.04
2023-04-01,2609038.8954,2146048.5586,1330200.675,1058439.4603,549484.0258,686091.9,656424.7463,17756.7218,267473.2074,38091.7006,5404.04
2023-04-02,2609038.8954,2146048.5586,1330200.675,1058439.4603,549484.0258,686091.9,656424.7463,17756.7218,267473.2074,38091.7006,5404.04
2023-04-03,2629132.7668,2138083.6888,1340063.745,1049421.8717,552413.7085,690735.5,616272.2831,17609.6247,267860.9464,38091.7006,5275.6422
2023-04-04,2620588.916,2137711.4986,1343712.84,1065202.6517,556691.5637,678089.1,609342.8982,17546.5831,264500.5417,38091.7006,4947.0947
2023-04-05,2591001.877,2116571.0966,1341023.85,1035997.9614,548291.4116,663960.7,587004.3331,16769.0698,262249.1539,38091.7006,4879.1193
2023-04-06,2605241.6284,2170613.1102,1391611.5,1045835.3308,560269.4063,667813.9,585548.8458,17000.2224,259593.3502,38091.7006,4675.1933
2023-04-07,2605241.6284,2170613.1102,1391611.5,1045835.3308,560269.4063,667813.9,585548.8458,17000.2224,259593.3502,38091.7006,4675.1933
2023-04-08,2605241.6284,2170613.1102,1391611.5,1045835.3308,560269.4063,667813.9,585548.8458,17000.2224,259593.3502,38091.7006,4675.1933
2023-04-09,2605241.6284,2170613.1102,1391611.5,1045835.3308,560269.4063,667813.9,585548.8458,17000.2224,259593.3502,38091.7006,4675.1933
2023-04-10,2563629.9104,2154162.3044,1366445.925,1046962.5294,556769.3429,681201.3,583808.5894,17630.6386,261573.7376,38091.7006,4739.3922
2023-04-11,2544168.9168,2105330.9532,1354152.765,1023906.1949,554435.9673,671074.3,591022.7435,18092.9438,259147.2418,38091.7006,4739.3922
2023-04-12,2533093.5546,2110243.8636,1343841.99,1002489.422,554824.8633,654426.5,571247.1016,17504.5554,257116.8236,38091.7006,4626.1
2023-04-13,2619481.3798,2157512.016,1380727.23,1049319.3994,571288.1244,653636.1,588206.6921,18029.9022,260260.428,38091.7006,4694.0753
2023-04-14,2613943.6987,2129969.9429,1398079.695,1050446.598,568202.1337,660922.6,585358.9997,18513.2212,258300.8868,38091.7006,4712.6314
2023-04-15,2613943.6987,2129969.9429,1398079.695,1050446.598,568202.1337,660922.6,585358.9997,18513.2212,258300.8868,38091.7006,4712.6314
2023-04-16,2613943.6987,2129969.9429,1398079.695,1050446.598,568202.1337,660922.6,585358.9997,18513.2212,258300.8868,38091.7006,4712.6314
2023-04-17,2614260.1376,2149770.4603,1360042.065,1052803.4677,561455.2304,666949.4,591813.7692,18492.2073,261561.2298,38091.7006,4765.7101
2023-04-18,2633879.3506,2146569.6248,1342305.39,1048294.6734,558966.8288,683374.9,583175.7688,18345.1102,263629.1712,38091.7006,4686.092
2023-04-19,2652232.808,2147165.1291,1339617.24,1068789.193,553348.685,689895.7,571405.3068,17840.7773,264538.0648,38091.7006,4735.3794
2023-04-20,2636727.3009,2129746.6288,1352358.825,1063768.0357,546601.7817,669468.8,515717.0992,17126.3057,263921.0178,38091.7006,4651.97
2023-04-21,2610937.5289,2127141.2976,1344209.5099,1096046.9039,546140.0165,669839.3,522330.0739,17189.3473,263870.9869,38091.7006,4617.848
2023-04-22,2610937.5289,2127141.2976,1344209.5099,1096046.9039,546140.0165,669839.3,522330.0739,17189.3473,263870.9869,38091.7006,4617.848
2023-04-23,2610937.5289,2127141.2976,1344209.5099,1096046.9039,546140.0165,669839.3,522330.0739,17189.3473,263870.9869,38091.7006,4617.848
2023-04-24,2615842.3322,2097440.5215,1353298.4818,1088361.4591,545883.4802,667937.4,515202.9241,17021.2363,264554.7418,38091.7006,4826.3715
2023-04-25,2591160.0964,2047881.9879,1326010.677,1051061.4336,532440.9809,648152.7,509244.256,16264.7369,259334.8575,38091.7006,4636.8046
2023-04-26,2591001.877,2196219.965,1321478.97,1075757.3296,537186.9014,665813.2,487311.2863,16393.1201,256904.1925,38091.7006,5152.4264
2023-04-27,2664573.9259,2266559.6775,1370995.93,1125354.0668,611365.354,672482.2,507722.894,16562.558,257829.7631,38091.7006,5493.6467
2023-04-28,2684667.7973,2284627.9123,1368453.18,1081954.2966,615875.7624,685400.3,520781.2517,16414.2998,261202.6755,38091.7006,5665.6651
2023-04-29,2684667.7973,2284627.9123,1368453.18,1081954.2966,615875.7624,685400.3,520781.2517,16414.2998,261202.6755,38091.7006,5665.6651
2023-04-30,2684667.7973,2284627.9123,1368453.18,1081954.2966,615875.7624,685400.3,520781.2517,16414.2998,261202.6755,38091.7006,5665.6651
2023-05-01,2683243.8221,2271987.5834,1364339.05,1047069.0941,623205.176,714077.0,512920.881,16477.839,265976.4514,38091.7006,5627.6915
2023-05-02,2666630.7788,2270872.2603,1341415.94,1063280.4529,613108.0118,696787.0,508103.2345,16075.4239,255299.0364,38091.7006,5665.6651
2023-05-03,2649384.8577,2263362.4178,1342874.42,1063485.66,607444.374,686709.4,509054.0858,16011.8847,255657.5908,38091.7006,5669.4625
2023-05-04,2623120.4273,2270872.2603,1332532.73,1067076.7838,598449.1846,680781.4,510924.0933,15630.6494,254390.1428,38091.7006,5434.026
2023-05-05,2730030.8061,2309834.2152,1344495.465,1084057.6691,596552.7629,708396.0,539005.9014,15694.1886,262711.9392,38091.7006,5688.4493
2023-05-06,2730030.8061,2309834.2152,1344495.465,1084057.6691,596552.7629,708396.0,539005.9014,15694.1886,262711.9392,38091.7006,5688.4493
2023-05-07,2730030.8061,2309834.2152,1344495.465,1084057.6691,596552.7629,708396.0,539005.9014,15694.1886,262711.9392,38091.7006,5688.4493
2023-05-08,2728929.797,2294963.24,1371323.74,1085853.231,597808.5016,720029.7,544489.1439,16393.1201,262270.0001,38091.7006,5726.423
2023-05-09,2701719.1425,2282694.6855,1366748.8,1093958.9104,598064.7748,706597.7709,536121.6525,20231.1488,257871.4554,38091.7006,5794.7755
2023-05-10,2729794.8756,2322177.1245,1422236.7,1130588.3731,597321.5825,714363.3969,534188.2549,21057.3423,261106.7831,38091.7006,5806.1676
2023-05-11,2732861.9725,2305819.0519,1482173.24,1151006.4769,604266.5863,706770.8899,545408.3001,20930.2356,261690.4762,38091.7006,5821.357
2023-05-12,2714302.1041,2297342.596,1494613.62,1131306.5979,599192.3769,700884.8422,532413.3325,20125.2265,263141.3705,38091.7006,5734.0177
2023-05-13,2714302.1041,2297342.596,1494613.62,1131306.5979,599192.3769,700884.8422,532413.3325,20125.2265,263141.3705,38091.7006,5734.0177
2023-05-14,2714302.1041,2297342.596,1494613.62,1131306.5979,599192.3769,700884.8422,532413.3325,20125.2265,263141.3705,38091.7006,5734.0177
2023-05-15,2706437.7531,2300985.985,1482169.22,1140951.3303,612134.1736,716045.1248,527247.0405,20167.5954,266747.7602,38091.7006,5817.5597
2023-05-16,2706437.7531,2317938.8966,1521081.17,1163524.1084,612031.6644,722475.2609,527785.8562,20061.6732,267431.515,38091.7006,5745.4098
2023-05-17,2716189.5484,2334743.0986,1538347.08,1185070.8512,621424.0773,746340.9586,551050.0178,21714.0602,274114.8014,38091.7006,5935.2779
2023-05-18,2753309.2851,2368351.5024,1563929.86,1212260.7885,632610.4026,783437.8981,560653.6158,24870.5431,282632.5518,38091.7006,6060.5909
2023-05-19,2755039.4423,2367013.1146,1561778.07,1192766.1165,629509.4968,773199.1428,570954.5048,24806.9897,284446.1698,38091.7006,5908.6964
2023-05-20,2755039.4423,2367013.1146,1561778.07,1192766.1165,629509.4968,773199.1428,570954.5048,24806.9897,284446.1698,38091.7006,5908.6964
2023-05-21,2755039.4423,2367013.1146,1561778.07,1192766.1165,629509.4968,773199.1428,570954.5048,24806.9897,284446.1698,38091.7006,5908.6964
2023-05-22,2739939.8884,2388129.8993,1592938.15,1180043.2779,636377.6187,771022.789,598624.2773,25082.3876,282828.5059,38091.7006,6269.4458
2023-05-23,2698416.1151,2344111.8129,1560754.27,1179838.0708,632328.5021,758953.918,588798.814,26777.1435,286218.0953,38091.7006,6185.9038
2023-05-24,2702820.1517,2333627.7754,1539740.4,1197896.2933,638658.4502,755244.2241,579702.3367,25908.5811,283312.1374,38091.7006,6166.917
2023-05-25,2720908.159,2423374.1104,1573319.61,1179940.6744,647576.7577,939294.5062,584678.4584,27200.8325,303853.9663,38091.7006,7028.9184
2023-05-26,2759286.1919,2475199.4588,1587351.47,1232371.0817,671538.3022,961966.2,612253.1458,28916.7728,338846.3694,38091.7006,7495.994
2023-05-27,2759286.1919,2475199.4588,1587351.47,1232371.0817,671538.3022,961966.2,612253.1458,28916.7728,338846.3694,38091.7006,7495.994
2023-05-28,2759286.1919,2475199.4588,1587351.47,1232371.0817,671538.3022,961966.2,612253.1458,28916.7728,338846.3694,38091.7006,7495.994
2023-05-29,2759286.1919,2475199.4588,1587351.47,1232371.0817,671538.3022,961966.2,612253.1458,28916.7728,338846.3694,38091.7006,7495.994
2023-05-30,2788698.8646,2462707.8397,1576363.54,1248274.6299,672768.4136,990741.7,637577.4852,31162.3244,334931.4562,38091.7006,7647.8885
2023-05-31,2787912.4295,2441739.7648,1563237.89,1237193.4479,678406.424,934499.8,646357.0121,31162.3244,336857.6436,38091.7006,7328.91
2023-06-01,2832581.9432,2472894.4577,1574977.59,1259663.6225,698626.3798,982319.0,657735.5325,30802.1888,329348.8484,38091.7006,7366.8836
2023-06-02,2846108.6269,2493862.5327,1586471.39,1274848.946,698626.3798,971376.9,678178.8353,30759.8199,338542.0152,38091.7006,7518.7781
2023-06-03,2846108.6269,2493862.5327,1586471.39,1274848.946,698626.3798,971376.9,678178.8353,30759.8199,338542.0152,38091.7006,7518.7781
2023-06-04,2846108.6269,2493862.5327,1586471.39,1274848.946,698626.3798,971376.9,678178.8353,30759.8199,338542.0152,38091.7006,7518.7781
2023-06-05,2824560.3052,2497877.6959,1603864.27,1285622.3174,695499.8467,967523.7,689715.8309,32285.1002,334497.8556,38091.7006,7621.3069
2023-06-06,2818740.6854,2481073.494,1620244.07,1299063.3807,694807.9091,954753.8,701442.9969,32751.1581,329369.6946,38091.7006,7594.7254
2023-06-07,2796877.7896,2404487.972,1558161.1,1243862.6778,675536.1642,925632.5,711775.5809,31119.9555,327106.8326,38091.7006,7807.3777
2023-06-08,2840131.7201,2418466.6886,1554158.53,1274848.946,678047.6416,951197.0,744389.7801,32179.178,331881.6027,38091.7006,7814.9724
2023-06-09,2846265.9139,2429842.9846,1555995.91,1266435.4557,678995.8524,957619.0,774626.8512,31819.0423,332054.9306,38091.7006,8046.6116
2023-06-10,2846265.9139,2429842.9846,1555995.91,1266435.4557,678995.8524,957619.0,774626.8512,31819.0423,332054.9306,38091.7006,8046.6116
2023-06-11,2846265.9139,2429842.9846,1555995.91,1266435.4557,678995.8524,957619.0,774626.8512,31819.0423,332054.9306,38091.7006,8046.6116
2023-06-12,2890778.1406,2467466.5518,1574340.73,1298652.9663,694628.5178,975205.4,791837.2595,33153.6626,352994.588,38091.7006,8016.2327
2023-06-13,2883228.3636,2485609.1414,1576058.51,1299576.3981,695320.4555,1013243.4,819982.4577,33895.1183,351244.8019,38091.7006,8525.0793
2023-06-14,2893294.7329,2508287.3786,1574721.64,1297113.9132,700522.8015,1062025.9,813897.0095,33704.4583,365713.5522,38091.7006,8563.0529
2023-06-15,2925695.859,2588293.2249,1592688.23,1304193.5573,722254.7691,1053529.1,811076.1506,35166.1853,364578.6673,38091.7006,8582.0397
2023-06-16,2908551.5738,2545390.4615,1571807.36,1287571.7843,720127.7016,1054492.4,825782.6506,34530.6518,358256.3269,38091.7006,8559.2555
2023-06-17,2908551.5738,2545390.4615,1571807.36,1287571.7843,720127.7016,1054492.4,825782.6506,34530.6518,358256.3269,38091.7006,8559.2555
2023-06-18,2908551.5738,2545390.4615,1571807.36,1287571.7843,720127.7016,1054492.4,825782.6506,34530.6518,358256.3269,38091.7006,8559.2555
2023-06-19,2908551.5738,2545390.4615,1571807.36,1287571.7843,720127.7016,1054492.4,825782.6506,34530.6518,358256.3269,38091.7006,8559.2555
2023-06-20,2909967.157,2513566.5747,1567736.95,1290547.2869,728661.5992,1082057.6,869870.4554,33450.2449,358223.3121,38091.7006,8863.0445
2023-06-21,2893452.0199,2480181.2355,1535107.0,1280799.9509,721767.8501,1063211.5,822359.5859,31014.0333,349816.9104,38091.7006,8722.5421
2023-06-22,2941267.274,2525909.4841,1568182.35,1335385.0325,730071.1018,1062717.5,838682.5331,29764.1508,347658.5657,38091.7006,8851.6525
2023-06-23,2936234.0894,2491037.0474,1557645.18,1326971.5425,739937.6202,1042562.3,813294.8036,29721.7819,339289.3057,38091.7006,8976.9654
2023-06-24,2936234.0894,2491037.0474,1557645.18,1326971.5425,739937.6202,1042562.3,813294.8036,29721.7819,339289.3057,38091.7006,8976.9654
2023-06-25,2936234.0894,2491037.0474,1557645.18,1326971.5425,739937.6202,1042562.3,813294.8036,29721.7819,339289.3057,38091.7006,8976.9654
2023-06-26,2914056.6195,2443301.2171,1507299.23,1306450.8351,713643.9895,1003610.4,764009.0118,29531.1219,339074.7093,38091.7006,8904.8155
2023-06-27,2957939.6981,2487691.078,1506730.21,1325432.4894,735632.2304,1034337.2,793041.6712,30950.4799,350122.2976,38091.7006,9037.7232
2023-06-28,2976656.8535,2497208.5021,1531608.96,1323996.0399,731121.822,1015589.9,812153.7821,32369.838,349932.4623,38091.7006,8866.8419
2023-06-29,2982004.6122,2491260.112,1517959.35,1312299.2367,721485.9495,1008303.4,816147.3575,32200.3624,355970.0498,38091.7006,9163.0362
2023-06-30,3050896.3269,2532080.9388,1527850.95,1337539.7068,735452.8391,1044859.4,829681.1409,32475.7603,357975.7009,38091.7006,9406.0674
2023-07-01,3050896.3269,2532080.9388,1527850.95,1337539.7068,735452.8391,1044859.4,829681.1409,32475.7603,357975.7009,38091.7006,9406.0674
2023-07-02,3050896.3269,2532080.9388,1527850.95,1337539.7068,735452.8391,1044859.4,829681.1409,32475.7603,357975.7009,38091.7006,9406.0674
2023-07-03,3027145.9869,2513120.4455,1526538.2,1336103.2573,732992.6164,1047601.1,886890.6935,32878.2648,361693.9964,38091.7006,9444.041
2023-07-04,3027145.9869,2513120.4455,1526538.2,1336103.2573,732992.6164,1047601.1,886890.6935,32878.2648,361693.9964,38091.7006,9444.041
2023-07-05,3009372.5537,2514310.1235,1551416.95,1337744.9138,754391.4288,1045229.9,895321.5749,33259.5849,355677.0432,38091.7006,9227.5914
2023-07-06,3016922.3306,2537508.8447,1530214.97,1317018.9994,748292.1266,1039944.1,876494.7194,32052.0713,349957.2234,38091.7006,9144.0494
2023-07-07,2999148.8974,2507395.12,1521205.46,1331588.7016,744550.5378,1049824.1,869807.0653,32496.9447,349441.3667,38091.7006,9360.4991
2023-07-08,2999148.8974,2507395.12,1521205.46,1331588.7016,744550.5378,1049824.1,869807.0653,32496.9447,349441.3667,38091.7006,9360.4991
2023-07-09,2999148.8974,2507395.12,1521205.46,1331588.7016,744550.5378,1049824.1,869807.0653,32496.9447,349441.3667,38091.7006,9360.4991
2023-07-10,2966590.4842,2467317.842,1481217.95,1304398.7644,753699.4912,1041846.0,854530.0546,34530.6518,362226.3605,38091.7006,9637.7065
2023-07-11,2958254.2722,2472076.5541,1490926.13,1321328.3479,764437.3384,1047403.5,855100.5654,34933.1563,364009.1615,38091.7006,9611.125
2023-07-12,2984835.7785,2507246.4103,1514411.56,1342054.2624,792755.5274,1084379.4,862073.4748,35145.0008,367269.3762,38091.7006,9782.0063
2023-07-13,2996946.8791,2547844.1724,1583115.73,1377965.5003,803185.8468,1135631.9,880805.2452,35462.7676,367438.5772,38091.7006,10066.8085
2023-07-14,2999306.1844,2567027.7304,1594225.94,1381864.4347,791551.0433,1123084.3,891835.1202,34742.4963,366703.9972,38091.7006,10006.0507
2023-07-15,2999306.1844,2567027.7304,1594225.94,1381864.4347,791551.0433,1123084.3,891835.1202,34742.4963,366703.9972,38091.7006,10006.0507
2023-07-16,2999306.1844,2567027.7304,1594225.94,1381864.4347,791551.0433,1123084.3,891835.1202,34742.4963,366703.9972,38091.7006,10006.0507
2023-07-17,3051210.901,2570671.1193,1585270.2,1370372.8386,796035.8244,1147586.7,920360.6589,36860.9412,375688.1584,38091.7006,10006.0507
2023-07-18,3047121.4385,2672983.4283,1573401.52,1362882.7804,799700.5312,1173101.8,929742.3917,38301.4837,372832.3754,38091.7006,10150.3505
2023-07-19,3068669.7602,2640192.9281,1554151.16,1388841.4752,809848.9501,1162801.9,923149.8227,38237.9304,371982.2435,38091.7006,10135.161
2023-07-20,3037684.2173,2579147.5751,1515566.35,1333435.5653,775277.6949,1124344.0,833262.6807,36288.9611,366604.9527,38091.7006,9937.6982
2023-07-21,3018967.0619,2556097.5637,1525725.29,1333845.9794,754109.5283,1094432.3,824134.5083,34806.0496,370075.6369,38091.7006,9751.6274
2023-07-22,3018967.0619,2556097.5637,1525725.29,1333845.9794,754109.5283,1094432.3,824134.5083,34806.0496,370075.6369,38091.7006,9751.6274
2023-07-23,3018967.0619,2556097.5637,1525725.29,1333845.9794,754109.5283,1094432.3,824134.5083,34806.0496,370075.6369,38091.7006,9751.6274
2023-07-24,3031707.3105,2566061.117,1545276.66,1321533.555,747318.2884,1101916.4,853994.9513,34573.0207,372073.0343,38091.7006,9789.601
2023-07-25,3045391.2812,2608483.36,1547019.15,1324919.4717,754647.7021,1128271.3,841997.2522,35060.263,378841.0749,38091.7006,9869.3457
2023-07-26,3059232.539,2510306.64,1632398.445,1314864.3251,765154.9034,1122664.4,839045.4374,34806.0496,368565.2084,38091.7006,9622.5171
2023-07-27,3039099.8004,2457171.4581,1634536.695,1315890.3605,802080.1316,1133730.0,811622.1252,34212.8851,368746.7899,38091.7006,9614.9224
2023-07-28,3080151.7127,2514009.1506,1674383.775,1356521.3611,837512.5637,1154725.0,845679.0858,37729.5036,371330.2006,38091.7006,9854.1562
2023-07-29,3080151.7127,2514009.1506,1674383.775,1356521.3611,837512.5637,1154725.0,845679.0858,37729.5036,371330.2006,38091.7006,9854.1562
2023-07-30,3080151.7127,2514009.1506,1674383.775,1356521.3611,837512.5637,1154725.0,845679.0858,37729.5036,371330.2006,38091.7006,9854.1562
2023-07-31,3089903.5079,2495806.2295,1675899.495,1371604.081,819809.2134,1154206.3,848821.3403,42029.9467,370859.7392,38091.7006,9876.9404
2023-08-01,3076612.7547,2498926.7303,1660835.04,1351185.9772,830384.9067,1148722.9,828634.7355,42347.7135,379670.5726,38091.7006,10074.4032
2023-08-02,3029033.4312,2433247.619,1620365.43,1315479.9463,808770.3511,1093444.3,806543.734,40186.8997,368239.1869,38091.7006,13021.1567
2023-08-03,3006855.9613,2427006.6174,1621622.37,1322662.1939,805888.4104,1099520.5,823080.2452,39636.104,365218.3297,38091.7006,13128.2075
2023-08-04,2845273.8817,2435327.9528,1618021.545,1440048.4786,799558.4334,1103596.0,805750.2354,38555.6971,363844.0873,38091.7006,13588.6461
2023-08-05,2845273.8817,2435327.9528,1618021.545,1440048.4786,799558.4334,1103596.0,805750.2354,38555.6971,363844.0873,38091.7006,13588.6461
2023-08-06,2845273.8817,2435327.9528,1618021.545,1440048.4786,799558.4334,1103596.0,805750.2354,38555.6971,363844.0873,38091.7006,13588.6461
2023-08-07,2796182.3932,2452639.3023,1661019.555,1467390.5182,814559.9642,1121787.55,798100.9087,38110.8237,370203.5694,38091.7006,13592.4514
2023-08-08,2811034.9136,2422474.4616,1659567.54,1443866.0464,804473.1717,1103200.8,792546.4184,36667.1044,364467.2423,38091.7006,13782.7153
2023-08-09,2785863.8001,2394092.7641,1637939.805,1422301.9472,785354.5827,1051083.8,768709.72,32815.337,351083.8546,38091.7006,13249.9764
2023-08-10,2782424.269,2399293.5987,1638505.23,1429627.5503,786718.3582,1046983.6,778707.8025,33159.6291,347852.5279,38091.7006,12888.4751
2023-08-11,2779610.1073,2385028.4524,1637427.525,1428079.8877,776168.3966,1009118.5,770169.7574,33159.6291,342429.8417,38091.7006,12751.4851
2023-08-12,2779610.1073,2385028.4524,1637427.525,1428079.8877,776168.3966,1009118.5,770169.7574,33159.6291,342429.8417,38091.7006,12751.4851
2023-08-13,2779610.1073,2385028.4524,1637427.525,1428079.8877,776168.3966,1009118.5,770169.7574,33159.6291,342429.8417,38091.7006,12751.4851
2023-08-14,2805719.2747,2407540.6365,1659059.22,1450366.2294,787876.2808,1080699.1,760996.9134,33826.6949,352474.6044,38091.7006,13158.6498
2023-08-15,2774294.4684,2391343.7516,1639452.885,1420444.7521,776966.0766,1085318.0,739413.751,33073.5561,347695.7074,38091.7006,13215.7289
2023-08-16,2760536.3442,2380496.2965,1625336.085,1393618.6,757255.6605,1074104.2,716053.1518,33245.7021,343762.8155,38091.7006,12839.0065
2023-08-17,2720356.368,2354343.5282,1641530.07,1382372.2516,733582.5758,1070584.45,695803.0671,30448.3291,341332.0985,38091.7006,12553.6106
2023-08-18,2728017.1417,2351371.6227,1611198.165,1374530.761,728847.9589,1069485.3,683964.0677,30986.2854,340812.1149,38091.7006,12926.5278
2023-08-19,2728017.1417,2351371.6227,1611198.165,1374530.761,728847.9589,1069485.3,683964.0677,30986.2854,340812.1149,38091.7006,12926.5278
2023-08-20,2728017.1417,2351371.6227,1611198.165,1374530.761,728847.9589,1069485.3,683964.0677,30986.2854,340812.1149,38091.7006,12926.5278
2023-08-21,2749123.3549,2391492.3468,1622110.89,1389594.6772,745959.482,1160084.9,734081.4403,31201.468,357030.6513,38091.7006,13345.1084
2023-08-22,2770854.9374,2395801.6098,1631375.205,1385158.0444,740041.2109,1127999.6,740143.7698,31567.2783,353172.0427,38091.7006,13307.0556
2023-08-23,2831672.0998,2429532.7371,1674293.67,1398261.5879,757127.0024,1163765.2,751792.3295,32922.9283,361751.7723,38091.7006,13577.2303
2023-08-24,2757565.8402,2377301.4981,1640388.66,1360292.2649,737854.0237,1164926.1,730145.6872,30426.8108,352623.1712,38091.7006,13322.2767
2023-08-25,2792430.1775,2399665.0869,1642710.105,1374943.4711,734637.572,1136644.6,757283.3399,31266.0227,351533.6817,38091.7006,14269.7908
2023-08-26,2792430.1775,2399665.0869,1642710.105,1374943.4711,734637.572,1136644.6,757283.3399,31266.0227,351533.6817,38091.7006,14269.7908
2023-08-27,2792430.1775,2399665.0869,1642710.105,1374943.4711,734637.572,1136644.6,757283.3399,31266.0227,351533.6817,38091.7006,14269.7908
2023-08-28,2817132.2641,2405014.5168,1656771.12,1373705.341,746885.8201,1156824.5,758013.3586,31502.7235,355355.1485,38091.7006,14524.7444
2023-08-29,2878574.7958,2440008.7039,1702532.55,1391967.7599,766776.3575,1204964.8,816287.897,33138.1108,367261.1225,38091.7006,14734.0347
2023-08-30,2933763.6348,2442832.0142,1719861.345,1393618.6,759339.9212,1216820.8,815399.1786,35139.3084,368230.9332,38091.7006,14798.7244
2023-08-31,2937203.1658,2435179.3575,1724328.96,1423952.7874,761372.7187,1219068.5,819144.492,32234.3442,380863.2334,38091.7006,14988.9883
2023-09-01,2962061.5947,2441866.1449,1717648.83,1425087.7399,762633.5677,1198172.3,777660.3844,32664.7092,360076.2696,38091.7006,15171.6416
2023-09-02,2962061.5947,2441866.1449,1717648.83,1425087.7399,762633.5677,1198172.3,777660.3844,32664.7092,360076.2696,38091.7006,15171.6416
2023-09-03,2962061.5947,2441866.1449,1717648.83,1425087.7399,762633.5677,1198172.3,777660.3844,32664.7092,360076.2696,38091.7006,15171.6416
2023-09-04,2962061.5947,2441866.1449,1717648.83,1425087.7399,762633.5677,1198172.3,777660.3844,32664.7092,360076.2696,38091.7006,15171.6416
2023-09-05,2965813.8104,2478197.6895,1717788.12,1416317.6518,772334.3861,1199135.6,814097.8408,32729.264,359931.8297,38091.7006,14890.0511
2023-09-06,2859657.3751,2473219.7478,1701083.175,1396610.7477,769812.688,1162406.7,799592.6861,32922.9283,360016.7981,38091.7006,14627.4869
2023-09-07,2776014.2339,2451153.3495,1711357.53,1422301.9472,768526.1073,1142152.7,798227.8685,32729.264,353726.709,38091.7006,15068.8991
2023-09-08,2785707.4578,2483547.1194,1724730.99,1426222.6925,766519.0414,1125628.4,788737.625,32557.118,353941.3315,38091.7006,14916.688
2023-09-09,2785707.4578,2483547.1194,1724730.99,1426222.6925,766519.0414,1125628.4,788737.625,32557.118,353941.3315,38091.7006,14916.688
2023-09-10,2785707.4578,2483547.1194,1724730.99,1426222.6925,766519.0414,1125628.4,788737.625,32557.118,353941.3315,38091.7006,14916.688
2023-09-11,2804155.8515,2510814.3522,1731539.85,1476470.1389,791401.5119,1115896.6,868341.4063,33977.3227,354597.5809,38091.7006,14916.688
2023-09-12,2756315.1016,2464972.71,1711056.165,1457175.9449,776219.8598,1108289.0,848980.04,33546.9576,348563.3878,38091.7006,14315.4541
2023-09-13,2723639.5567,2496846.3964,1728704.805,1494526.2028,784968.6084,1123479.5,861104.6989,33568.4759,352034.4934,38091.7006,14090.9428
2023-09-14,2747559.9317,2516460.9726,1746855.165,1493184.8952,802105.8632,1125850.7,876149.4327,34063.3957,359756.7747,38091.7006,14627.4869
2023-09-15,2736146.9423,2453456.5763,1738091.25,1448509.0343,772746.0919,1084330.0,870912.3418,32987.483,351518.574,38091.7006,14524.7444
2023-09-16,2736146.9423,2453456.5763,1738091.25,1448509.0343,772746.0919,1084330.0,870912.3418,32987.483,351518.574,38091.7006,14524.7444
2023-09-17,2736146.9423,2453456.5763,1738091.25,1448509.0343,772746.0919,1084330.0,870912.3418,32987.483,351518.574,38091.7006,14524.7444
2023-09-18,2782424.269,2444838.0504,1747368.765,1444278.7564,778509.9734,1085960.2,841997.2522,33267.2203,350825.1784,38091.7006,14383.9491
2023-09-19,2799621.9242,2441791.8472,1745474.775,1420032.0421,784994.3401,1074944.0,845869.5255,32600.1545,350494.99,38091.7006,14482.8864
2023-09-20,2743651.3737,2383245.3091,1691630.385,1395888.5052,771099.2686,1043303.3,833459.2071,31717.9061,342805.7276,38091.7006,14125.1903
2023-09-21,2719261.9718,2374032.4021,1650457.38,1334394.7104,760961.0128,1013119.9,811590.3852,30125.5553,333638.872,38091.7006,13820.7681
2023-09-22,2732707.4113,2355309.3975,1648560.75,1332227.9828,769581.1034,1027767.0,777247.7651,30405.2926,342190.7517,38091.7006,13870.2367
2023-09-23,2732707.4113,2355309.3975,1648560.75,1332227.9828,769581.1034,1027767.0,777247.7651,30405.2926,342190.7517,38091.7006,13870.2367
2023-09-24,2732707.4113,2355309.3975,1648560.75,1332227.9828,769581.1034,1027767.0,777247.7651,30405.2926,342190.7517,38091.7006,13870.2367
2023-09-25,2752875.5706,2359247.1723,1659778.8,1354411.147,774084.1358,1042883.4,783944.8934,30598.9569,344176.0094,38091.7006,13992.0056
2023-09-26,2688462.5347,2319126.4482,1626597.1575,1299830.2453,769272.3241,1035201.7,774835.5293,30039.4823,336870.591,38091.7006,13516.3459
2023-09-27,2664542.1598,2323955.7946,1651718.28,1299830.2453,766133.0672,1048959.6,763345.6693,31954.6069,337126.487,38091.7006,13767.4942
2023-09-28,2668607.0601,2330271.0938,1673412.36,1299830.2453,782138.1309,1064298.3,782008.7568,33934.2862,343395.9393,38091.7006,14079.5269
2023-09-29,2676736.8607,2345947.8952,1656189.855,1311592.4812,772488.7758,1074425.3,794196.8955,34429.206,342809.8549,38091.7006,14155.6325
2023-09-30,2676736.8607,2345947.8952,1656189.855,1311592.4812,772488.7758,1074425.3,794196.8955,34429.206,342809.8549,38091.7006,14155.6325
2023-10-01,2676736.8607,2345947.8952,1656189.855,1311592.4812,772488.7758,1074425.3,794196.8955,34429.206,342809.8549,38091.7006,14155.6325
2023-10-02,2716447.81,2390897.9657,1697988.03,1335736.0181,789497.3725,1106115.4,798577.0079,34170.987,344613.5091,38091.7006,14616.0711
2023-10-03,2695341.5968,2328413.6528,1675237.365,1286829.8793,774367.1836,1074869.9,782484.8559,32062.1981,336309.2707,38091.7006,14018.6425
2023-10-04,2715040.7291,2369760.288,1711666.815,1310354.3511,786306.6524,1087812.7,828920.395,33848.2132,340015.6356,38091.7006,14532.355
2023-10-05,2734583.5191,2372769.3423,1708837.05,1299623.8903,784273.8549,1103793.6,825397.2611,34020.3592,340036.2723,38091.7006,14528.5497
2023-10-06,2774919.8377,2431464.4757,1741920.495,1320259.3919,811652.2919,1130321.4,826920.7785,35741.8195,348868.8121,38091.7006,15133.5888
2023-10-07,2774919.8377,2431464.4757,1741920.495,1320259.3919,811652.2919,1130321.4,826920.7785,35741.8195,348868.8121,38091.7006,15133.5888
2023-10-08,2774919.8377,2431464.4757,1741920.495,1320259.3919,811652.2919,1130321.4,826920.7785,35741.8195,348868.8121,38091.7006,15133.5888
2023-10-09,2798371.1857,2450484.6708,1752075.36,1323354.7171,819191.6547,1118243.1,824191.1432,37893.6449,353252.0632,38091.7006,15270.5788
2023-10-10,2788990.6465,2439860.1087,1747910.43,1335942.3731,828146.2563,1131210.6,836728.4214,38302.4917,354296.284,38091.7006,15441.8163
2023-10-11,2811034.9136,2469802.0565,1779369.225,1360189.0874,843533.7613,1156108.2,834728.8049,38560.7108,360961.9624,38091.7006,15879.4232
2023-10-12,2825262.0647,2460440.5542,1760507.55,1365347.9628,834115.9907,1159541.5,821651.9477,38603.7473,373773.2724,38091.7006,15909.8654
2023-10-13,2796182.3932,2434956.4646,1739583.21,1339140.8758,809748.1525,1122886.7,797053.4906,37355.6886,364519.7424,38091.7006,14878.6352
2023-10-14,2796182.3932,2434956.4646,1739583.21,1339140.8758,809748.1525,1122886.7,797053.4906,37355.6886,364519.7424,38091.7006,14878.6352
2023-10-15,2796182.3932,2434956.4646,1739583.21,1339140.8758,809748.1525,1122886.7,797053.4906,37355.6886,364519.7424,38091.7006,14878.6352
2023-10-16,2794149.943,2471436.6045,1762551.5625,1367617.868,826370.7749,1138546.5,805940.6751,37355.6886,372522.6838,38091.7006,15468.4532
2023-10-17,2769604.1988,2467127.3415,1769652.375,1356474.6972,833704.2849,1085268.6,808892.4899,38388.5647,365023.2797,38091.7006,15673.9382
2023-10-18,2749123.3549,2452639.3023,1747772.46,1322013.4095,815614.9604,1042241.2,770264.9773,37011.3965,366108.7741,38091.7006,14745.4505
2023-10-19,2743182.3467,2461386.4171,1744563.105,1324799.2022,804910.6091,1039894.7,698627.9221,36710.1409,358184.2524,38091.7006,14239.3486
2023-10-20,2702846.0282,2426841.4248,1716892.29,1291472.8671,794206.2578,1022258.9,672855.0871,34665.9068,352323.4083,38091.7006,13980.5897
2023-10-21,2702846.0282,2426841.4248,1716892.29,1291472.8671,794206.2578,1022258.9,672855.0871,34665.9068,352323.4083,38091.7006,13980.5897
2023-10-22,2702846.0282,2426841.4248,1716892.29,1291472.8671,794206.2578,1022258.9,672855.0871,34665.9068,352323.4083,38091.7006,13980.5897
2023-10-23,2704722.136,2446528.3559,1729862.4,1305814.5407,807998.4027,1061482.5,674185.6486,34859.5711,355868.8063,38091.7006,14189.88
2023-10-24,2711601.1981,2456585.6676,1758427.725,1326450.0423,804241.5871,1078476.1,688300.0596,35806.3743,363665.3799,38091.7006,14851.9983
2023-10-25,2675017.0952,2531948.8076,1578665.95,1252471.7691,770739.0261,1031941.3,675266.4819,33546.9576,350672.4663,38091.7006,14258.6449
2023-10-26,2609196.9785,2436964.4951,1537603.82,1233693.4627,741019.9188,996052.2,654094.8654,32901.41,341229.0779,38091.7006,13293.8316
2023-10-27,2629990.507,2451234.4387,1536658.365,1320069.0671,762555.3685,1000350.0,658990.4044,32428.0084,346020.9371,38091.7006,13892.0994
2023-10-28,2629990.507,2451234.4387,1536658.365,1320069.0671,762555.3685,1000350.0,658990.4044,32428.0084,346020.9371,38091.7006,13892.0994
2023-10-29,2629990.507,2451234.4387,1536658.365,1320069.0671,762555.3685,1000350.0,658990.4044,32428.0084,346020.9371,38091.7006,13892.0994
2023-10-30,2662353.3673,2506976.4062,1565689.695,1371429.1991,777794.6545,1016676.7,627391.9257,31610.3148,347213.7427,38091.7006,14601.5806
2023-10-31,2669857.7986,2512922.2161,1560502.31,1375356.1307,774222.5453,1007266.0,638454.5722,31847.0156,347263.271,38091.7006,14979.2077
2023-11-01,2719887.341,2572083.0242,1589549.08,1415762.1903,801411.693,1045427.5,653776.9733,32105.2346,352038.6208,38091.7006,15345.3915
2023-11-02,2776170.5762,2588805.6144,1602380.875,1426819.603,798893.2275,1074598.2,694626.1131,38668.302,359616.4446,38091.7006,15250.0312
2023-11-03,2747393.6408,2622102.1497,1623640.705,1432296.6392,808478.8155,1111623.5,699235.5492,41067.1208,364313.3747,38091.7006,15425.4943
2023-11-04,2747393.6408,2622102.1497,1623640.705,1432296.6392,808478.8155,1111623.5,699235.5492,41067.1208,364313.3747,38091.7006,15425.4943
2023-11-05,2747393.6408,2622102.1497,1623640.705,1432296.6392,808478.8155,1111623.5,699235.5492,41067.1208,364313.3747,38091.7006,15425.4943
2023-11-06,2787519.741,2649824.4882,1637602.8,1444077.4341,811562.6508,1130049.7,697042.0934,40342.8429,363549.814,38091.7006,15162.2996
2023-11-07,2827801.3686,2679553.5375,1648031.465,1474769.5049,819323.6362,1135088.5,706292.7547,40908.6001,370562.1902,38091.7006,15314.8762
2023-11-08,2844442.8133,2699397.6779,1658858.77,1468259.0657,821790.7044,1150377.8,706070.2302,40234.0434,376055.6998,38091.7006,15284.3609
2023-11-09,2836977.4923,2680742.6994,1639018.015,1452964.7004,823769.4987,1159665.0,667509.9137,39755.3258,376158.8836,38091.7006,15246.2168
2023-11-10,2899032.9728,2747484.4152,1668553.845,1483553.4309,844893.7704,1193874.5,682355.4766,42801.7109,395202.4998,38091.7006,15955.6979
2023-11-11,2899032.9728,2747484.4152,1668553.845,1483553.4309,844893.7704,1193874.5,682355.4766,42801.7109,395202.4998,38091.7006,15955.6979
2023-11-12,2899032.9728,2747484.4152,1668553.845,1483553.4309,844893.7704,1193874.5,682355.4766,42801.7109,395202.4998,38091.7006,15955.6979
2023-11-13,2874148.5696,2725261.9508,1662788.765,1473529.4213,845973.1127,1200914.0,711156.5044,42888.7505,390831.6308,38091.7006,16131.161
2023-11-14,2915207.8349,2751943.7726,1683540.235,1506701.6594,864270.5354,1226503.2,754707.7274,43389.228,401575.136,38091.7006,16627.035
2023-11-15,2924072.9035,2747484.4152,1695748.16,1479833.1799,855019.0296,1207533.6,771969.2706,43410.9879,402582.2106,38091.7006,16592.7053
2023-11-16,2950512.5819,2795794.1203,1724721.735,1476009.5886,858822.4264,1222156.0,742564.2477,43019.3098,396040.3529,38091.7006,16340.9539
2023-11-17,2950201.5269,2748822.2224,1703583.205,1500294.5605,861006.8097,1217660.6,744821.2819,44586.0222,403543.8843,38091.7006,16512.6025
2023-11-18,2950201.5269,2748822.2224,1703583.205,1500294.5605,861006.8097,1217660.6,744821.2819,44586.0222,403543.8843,38091.7006,16512.6025
2023-11-19,2950201.5269,2748822.2224,1703583.205,1500294.5605,861006.8097,1217660.6,744821.2819,44586.0222,403543.8843,38091.7006,16512.6025
2023-11-20,2977574.3704,2805233.0935,1715594.705,1510111.8895,873676.233,1245102.3,748953.8797,46435.6131,410964.8687,38091.7006,16993.2188
2023-11-21,2964976.6413,2772754.1071,1724482.995,1487067.0013,865992.3434,1233616.8,766755.8395,43084.5895,404976.0765,38091.7006,16260.8511
2023-11-22,2975396.9851,2808280.321,1742767.935,1516105.6273,877582.4244,1203285.2,744535.179,42845.2307,401178.9099,38091.7006,16600.3341
2023-11-23,2975396.9851,2808280.321,1742767.935,1516105.6273,877582.4244,1203285.2,744535.179,42845.2307,401178.9099,38091.7006,16600.3341
2023-11-24,2954556.2974,2805158.7708,1720239.135,1516415.6482,869204.6718,1180067.2,748477.0415,41778.9959,404014.4028,38091.7006,16279.9232
2023-11-25,2954556.2974,2805158.7708,1720239.135,1516415.6482,869204.6718,1180067.2,748477.0415,41778.9959,404014.4028,38091.7006,16279.9232
2023-11-26,2954556.2974,2805158.7708,1720239.135,1516415.6482,869204.6718,1180067.2,748477.0415,41778.9959,404014.4028,38091.7006,16279.9232
2023-11-27,2951756.8021,2813928.8404,1717412.42,1526646.3385,860133.0564,1191577.4,750479.762,41517.8772,446067.3708,38091.7006,16230.3358
2023-11-28,2961243.9808,2844326.7933,1725944.53,1519412.5171,871157.7675,1181178.7,784303.4856,42888.7505,444241.3036,38091.7006,16115.9034
2023-11-29,2945224.6462,2815712.5833,1698222.555,1512075.3553,853708.3996,1189058.0,776101.8684,43171.6291,441650.072,38091.7006,16131.161
2023-11-30,2954245.2424,2816158.5191,1667309.965,1509698.5283,840730.5928,1155219.0,763195.4476,43628.5868,434561.7393,38091.7006,16653.7359
2023-12-01,2974308.2925,2783456.5648,1659355.55,1519412.5171,834742.8126,1155095.5,759221.7958,44107.3045,436566.1884,38091.7006,17218.2693
2023-12-02,2974308.2925,2783456.5648,1659355.55,1519412.5171,834742.8126,1155095.5,759221.7958,44107.3045,436566.1884,38091.7006,17218.2693
2023-12-03,2974308.2925,2783456.5648,1659355.55,1519412.5171,834742.8126,1155095.5,759221.7958,44107.3045,436566.1884,38091.7006,17218.2693
2023-12-04,2946157.8114,2743545.3161,1626322.96,1496780.9901,822407.4715,1124097.0,748890.3013,40038.2044,433735.5495,38091.7006,17302.1864
2023-12-05,3008213.2918,2768666.3628,1648096.94,1517862.4125,817961.609,1150180.2,758872.1145,39820.6055,428642.2773,38091.7006,17222.0837
2023-12-06,2991105.2646,2741018.3469,1636018.035,1493474.1003,815802.9243,1123924.1,760938.4134,37274.6979,424192.1188,38091.7006,16844.4566
2023-12-07,3021433.131,2756997.7109,1723181.36,1517862.4125,839291.4696,1150921.2,771333.4863,37470.5369,432932.8311,38091.7006,17218.2693
2023-12-08,3043829.0939,2781375.5314,1699701.315,1523442.789,855121.8241,1173398.2,775148.192,38667.3311,443278.9803,38091.7006,17981.1523
2023-12-09,3043829.0939,2781375.5314,1699701.315,1523442.789,855121.8241,1173398.2,775148.192,38667.3311,443278.9803,38091.7006,17981.1523
2023-12-10,3043829.0939,2781375.5314,1699701.315,1523442.789,855121.8241,1173398.2,775148.192,38667.3311,443278.9803,38091.7006,17981.1523
2023-12-11,3004480.6314,2759599.0028,1676945.355,1507631.7222,835924.9495,1151686.9,762114.6143,38667.3311,483152.0255,38091.7006,18168.0586
2023-12-12,3028276.3419,2782490.3707,1665521.2,1524062.8308,858899.5223,1177127.9,753436.1589,38079.814,503356.1209,38091.7006,18854.6533
2023-12-13,3078822.7859,2782416.0481,1667872.22,1538117.1124,860235.8509,1187773.6,760684.0997,38884.93,511528.8277,38091.7006,18286.3055
2023-12-14,3081155.6987,2719687.7541,1659124.53,1523442.789,856201.1664,1194245.0,798068.2152,39624.7664,517992.8582,38091.7006,18019.2965
2023-12-15,3072757.2126,2755362.6132,1667261.86,1549794.567,860698.4262,1207583.0,805856.5726,39603.0065,528877.1264,38091.7006,18206.2028
2023-12-16,3072757.2126,2755362.6132,1667261.86,1549794.567,860698.4262,1207583.0,805856.5726,39603.0065,528877.1264,38091.7006,18206.2028
2023-12-17,3072757.2126,2755362.6132,1667261.86,1549794.567,860698.4262,1207583.0,805856.5726,39603.0065,528877.1264,38091.7006,18206.2028
2023-12-18,3046628.5893,2769632.5569,1708237.285,1592164.0924,885626.0947,1236901.9,801342.5042,38819.6503,536957.2326,38091.7006,18232.9037
2023-12-19,3062958.9789,2774166.2369,1719245.575,1589270.5638,900377.1068,1225218.8,817682.1602,39059.0092,533483.6296,38091.7006,18774.5506
2023-12-20,3030142.6722,2754545.0644,1739596.62,1572012.7327,897601.655,1188341.7,785638.6326,37535.8166,519813.925,38091.7006,18023.1109
2023-12-21,3027809.7594,2776247.2704,1765999.59,1589787.2654,909962.6948,1210053.0,809035.494,38275.653,527730.182,38091.7006,18530.4281
2023-12-22,3011012.7872,2783976.8232,1778467.485,1585446.9725,908163.7909,1206101.0,802804.8081,37883.9749,525244.3556,38091.7006,18606.7164
2023-12-23,3011012.7872,2783976.8232,1778467.485,1585446.9725,908163.7909,1206101.0,802804.8081,37883.9749,525244.3556,38091.7006,18606.7164
2023-12-24,3011012.7872,2783976.8232,1778467.485,1585446.9725,908163.7909,1206101.0,802804.8081,37883.9749,525244.3556,38091.7006,18606.7164
2023-12-25,3011012.7872,2783976.8232,1778467.485,1585446.9725,908163.7909,1206101.0,802804.8081,37883.9749,525244.3556,38091.7006,18606.7164
2023-12-26,3002458.7736,2784571.4042,1779274.27,1585343.6322,911864.3932,1217191.3,815743.0181,38471.492,529883.6286,38091.7006,18686.8191
2023-12-27,3004014.0488,2780186.3694,1763463.725,1584620.2501,919573.9814,1220599.9,831097.2085,38014.5343,527205.8646,38091.7006,18663.9326
2023-12-28,3010701.7322,2789179.4068,1761588.255,1585033.6113,920833.2141,1223193.4,804839.3178,38210.3733,525445.6561,38091.7006,18675.3758
2023-12-29,2994371.3426,2794827.9262,1756000.3,1570152.6072,909628.6126,1223193.4,789898.3872,37361.7375,522561.9101,38091.7006,18320.6352
2023-12-30,2994371.3426,2794827.9262,1756000.3,1570152.6072,909628.6126,1223193.4,789898.3872,37361.7375,522561.9101,38091.7006,18320.6352
2023-12-31,2994371.3426,2794827.9262,1756000.3,1570152.6072,909628.6126,1223193.4,789898.3872,37361.7375,522561.9101,38091.7006,18320.6352
2024-01-01,2994371.3426,2794827.9262,1756000.3,1570152.6072,909628.6126,1223193.4,789898.3872,37361.7375,522561.9101,38091.7006,18320.6352
2024-01-02,2887212.8813,2756403.13,1737900.205,1549381.2058,889917.7655,1189749.6,789707.652,36077.9037,508110.4108,38091.7006,17408.9901
2024-01-03,2865594.556,2754396.4191,1747595.28,1534293.5211,885240.6153,1174954.3,758013.8057,35011.6689,495564.2435,38091.7006,17382.2892
2024-01-04,2829201.1163,2734626.6013,1717223.715,1493990.8018,892050.7515,1185550.6,756360.7666,35359.8272,491084.1383,38091.7006,17470.0207
2024-01-05,2817847.6074,2733214.4715,1709024.77,1500914.6023,904463.1885,1212695.9,754962.0411,34772.3101,491210.5362,38091.7006,17664.5559
2024-01-06,2817847.6074,2733214.4715,1709024.77,1500914.6023,904463.1885,1212695.9,754962.0411,34772.3101,491210.5362,38091.7006,17664.5559
2024-01-07,2817847.6074,2733214.4715,1709024.77,1500914.6023,904463.1885,1212695.9,754962.0411,34772.3101,491210.5362,38091.7006,17664.5559
2024-01-08,2885968.6611,2784794.3721,1748134.375,1540803.9604,921706.9675,1290649.1,764371.6485,36273.7428,503180.8906,38091.7006,18515.1704
2024-01-09,2879436.5053,2792969.8606,1774050.215,1564262.2098,918546.0363,1312558.0,746919.37,35664.4658,506757.4845,38091.7006,18759.293
2024-01-10,2895766.8949,2844847.0517,1790141.96,1588650.522,952057.0463,1342445.0,743676.8702,36534.8615,505858.6546,38091.7006,18610.5308
2024-01-11,2869573.2786,2858671.0596,1788070.065,1603634.8663,950001.1561,1354103.4,722314.5185,36295.5027,514945.2631,38091.7006,19079.7038
2024-01-12,2874675.7043,2887210.9469,1795204.185,1597847.8092,962387.8945,1351337.0,695834.1033,36469.5818,518549.9455,38091.7006,18888.9831
2024-01-13,2874675.7043,2887210.9469,1795204.185,1597847.8092,962387.8945,1351337.0,695834.1033,36469.5818,518549.9455,38091.7006,18888.9831
2024-01-14,2874675.7043,2887210.9469,1795204.185,1597847.8092,962387.8945,1351337.0,695834.1033,36469.5818,518549.9455,38091.7006,18888.9831
2024-01-15,2874675.7043,2887210.9469,1795204.185,1597847.8092,962387.8945,1351337.0,695834.1033,36469.5818,518549.9455,38091.7006,18888.9831
2024-01-16,2839267.9625,2900589.0191,1793201.625,1582760.1246,944321.7595,1392635.4,699076.6031,35969.1043,521958.0088,38091.7006,19056.8173
2024-01-17,2824579.1613,2894643.2093,1779387.85,1567775.7802,946660.3346,1384509.1,685216.5058,35664.4658,516672.7018,38091.7006,18789.8083
2024-01-18,2916577.4425,2927345.1635,1805099.545,1586273.695,966602.4694,1410542.9,673549.8643,35686.2257,535510.6783,38091.7006,19411.5579
2024-01-19,2961880.7978,2963020.0227,1841888.865,1605288.3112,985413.8646,1469427.7,674535.33,36513.1016,567011.8572,38091.7006,20471.9653
2024-01-20,2961880.7978,2963020.0227,1841888.865,1605288.3112,985413.8646,1469427.7,674535.33,36513.1016,567011.8572,38091.7006,20471.9653
2024-01-21,2961880.7978,2963020.0227,1841888.865,1605288.3112,985413.8646,1469427.7,674535.33,36513.1016,567011.8572,38091.7006,20471.9653
2024-01-22,2997907.0154,2946966.3361,1837808.62,1599501.2541,981122.1938,1473453.8,663758.7864,38297.4129,571365.5645,38091.7006,20388.0482
2024-01-23,3017852.8613,2964729.443,1850457.5,1612315.452,989911.1244,1478863.1,664839.6197,37709.8958,574085.4612,38091.7006,20471.9653
2024-01-24,3007338.772,2991931.5232,1871295.675,1621099.378,1004045.3694,1515641.4,660675.2327,36447.8219,586987.4153,38091.7006,20147.74
2024-01-25,3002236.3463,3009100.0491,1911710.775,1630193.3249,1010418.629,1521939.9,580566.4136,35816.785,575812.8999,38091.7006,20334.6464
2024-01-26,2975178.0283,3002113.7226,1914636.6675,1644350.9468,1012885.6972,1507465.7,582537.3449,35577.4262,564053.2088,38091.7006,20391.8626
2024-01-27,2975178.0283,3002113.7226,1914636.6675,1644350.9468,1012885.6972,1507465.7,582537.3449,35577.4262,564053.2088,38091.7006,20391.8626
2024-01-28,2975178.0283,3002113.7226,1914636.6675,1644350.9468,1012885.6972,1507465.7,582537.3449,35577.4262,564053.2088,38091.7006,20391.8626
2024-01-29,2964509.3201,3045146.5214,1929525.955,1666465.7729,1030566.3528,1542885.5,608072.0339,37187.6583,570087.5407,38091.7006,20941.1383
2024-01-30,2907454.9238,3036001.9388,1905470.145,1643110.8638,1028099.2846,1550517.8,610173.9956,36426.062,565588.7098,38091.7006,21612.4754
2024-01-31,2851173.6224,2954192.8359,1752242.65,1603841.5476,1002606.2463,1519716.9,596479.3968,35011.6689,552405.8714,38091.7006,21486.5997
2024-02-01,2889209.8866,3000261.5405,1764505.805,1646004.3924,1014530.4093,1556766.9,601479.5178,35533.9064,561773.3642,38091.7006,22680.5116
2024-02-02,2869873.5839,3055543.9861,1777292.92,1784655.9796,1211369.1881,1634152.0,598453.9669,37035.3391,573163.2242,38091.7006,23447.209
2024-02-03,2869873.5839,3055543.9861,1777292.92,1784655.9796,1211369.1881,1634152.0,598453.9669,37035.3391,573163.2242,38091.7006,23447.209
2024-02-04,2869873.5839,3055543.9861,1777292.92,1784655.9796,1211369.1881,1634152.0,598453.9669,37035.3391,573163.2242,38091.7006,23447.209
2024-02-05,2898132.2261,3014156.4563,1794005.315,1769074.9077,1171635.4423,1712500.4,576638.1525,36382.5422,581945.5413,38091.7006,23489.1676
2024-02-06,2923148.0733,3012967.5865,1799593.505,1757025.5454,1159674.5136,1685108.1,589504.7058,47588.8875,572372.0667,38091.7006,22550.8215
2024-02-07,2924846.6802,3076572.1206,1816459.09,1771360.1316,1197597.5432,1731445.3,597402.986,51353.3491,588480.7837,38091.7006,23168.7567
2024-02-08,2908015.0299,3077017.9468,1822097.235,1764192.8385,1198643.1681,1720132.7,603708.8711,53333.4994,596766.8717,38091.7006,23523.4973
2024-02-09,2916199.2268,3124869.9561,1859965.71,1812078.6662,1193823.0924,1781685.1,616479.8806,53050.6208,600830.3319,38091.7006,24229.1641
2024-02-10,2916199.2268,3124869.9561,1859965.71,1812078.6662,1193823.0924,1781685.1,616479.8806,53050.6208,600830.3319,38091.7006,24229.1641
2024-02-11,2916199.2268,3124869.9561,1859965.71,1812078.6662,1193823.0924,1781685.1,616479.8806,53050.6208,600830.3319,38091.7006,24229.1641
2024-02-12,2889948.0291,3085562.9485,1841567.09,1790161.2917,1195837.833,1784525.6,599154.6208,54508.5337,592197.8198,38091.7006,23389.9928
2024-02-13,2857365.6602,3019134.8486,1812035.385,1751727.9809,1173446.1585,1781561.6,586065.1322,52245.5047,585948.1432,38091.7006,23851.537
2024-02-14,2843622.3861,3042689.3314,1821798.62,1776034.4531,1207008.1672,1825330.0,601001.7992,54813.1722,590896.389,38091.7006,24782.2543
2024-02-15,2839144.2407,3020918.1533,1782202.845,1763777.3432,1234423.9418,1794652.6,638391.2387,55291.8899,592230.5896,38091.7006,23969.7839
2024-02-16,2815209.3251,3002342.0627,1754655.98,1760765.0026,1207110.1794,1793541.1,636798.8435,53181.1802,583059.7159,38091.7006,24019.3713
2024-02-17,2815209.3251,3002342.0627,1754655.98,1760765.0026,1207110.1794,1793541.1,636798.8435,53181.1802,583059.7159,38091.7006,24019.3713
2024-02-18,2815209.3251,3002342.0627,1754655.98,1760765.0026,1207110.1794,1793541.1,636798.8435,53181.1802,583059.7159,38091.7006,24019.3713
2024-02-19,2815209.3251,3002342.0627,1754655.98,1760765.0026,1207110.1794,1793541.1,636798.8435,53181.1802,583059.7159,38091.7006,24019.3713
2024-02-20,2803627.9144,2992905.4087,1761138.9,1735523.6661,1203106.2012,1715464.4,617084.9908,51777.952,574197.8149,38091.7006,23657.0018
2024-02-21,2815363.7439,2988372.8426,1780200.245,1751208.6118,1193619.068,1686800.0,620301.6291,50317.5482,574619.1414,38091.7006,22353.7387
2024-02-22,2847019.6,3058739.0737,1798980.735,1813429.0258,1239779.5815,1963450.0,628709.4758,52198.3713,610876.6285,38091.7006,24014.5203
2024-02-23,2818452.1201,3049005.2022,1797974.995,1817687.8521,1234423.9418,1970425.0,611384.216,50826.4768,606883.3894,38091.7006,23949.5484
2024-02-24,2818452.1201,3049005.2022,1797974.995,1817687.8521,1234423.9418,1970425.0,611384.216,50826.4768,606883.3894,38091.7006,23949.5484
2024-02-25,2818452.1201,3049005.2022,1797974.995,1817687.8521,1234423.9418,1970425.0,611384.216,50826.4768,606883.3894,38091.7006,23949.5484
2024-02-26,2797451.162,3028199.9808,1717612.3,1814987.133,1228583.7443,1977300.0,635047.2088,52131.9893,612856.8631,38091.7006,25328.4618
2024-02-27,2820150.727,3027754.1546,1734143.75,1802626.1492,1242125.8618,1967525.0,636098.1896,54278.3403,600700.1108,38091.7006,25313.183
2024-02-28,2801466.051,3029537.4593,1702023.315,1798678.9443,1234398.4388,1941575.0,643455.0554,54034.9397,597544.2143,38091.7006,25248.248
2024-02-29,2791119.9907,3073525.6418,1729532.44,1836073.517,1249980.8,1977800.0,642945.489,55495.3434,602674.284,38091.7006,25828.8431
2024-03-01,2774288.3405,3087346.2531,1710800.79,1851239.0937,1281018.0071,2056975.0,645365.9297,55163.4335,648404.6612,38091.7006,26955.656
2024-03-02,2774288.3405,3087346.2531,1710800.79,1851239.0937,1281018.0071,2056975.0,645365.9297,55163.4335,648404.6612,38091.7006,26955.656
2024-03-03,2774288.3405,3087346.2531,1710800.79,1851239.0937,1281018.0071,2056975.0,645365.9297,55163.4335,648404.6612,38091.7006,26955.656
2024-03-04,2703873.3631,3083036.6001,1663130.225,1844591.1697,1270536.2552,2130925.0,599186.4687,53194.1011,649836.6319,38091.7006,27383.4629
2024-03-05,2626972.7957,2991865.1476,1656263.215,1808650.8304,1250210.3274,2149100.0,575619.0196,52685.1725,622258.4524,38091.7006,26745.5722
2024-03-06,2611530.9147,2987704.1033,1640778.58,1802314.5278,1265180.6155,2217500.0,562242.8999,57885.0951,625618.2542,38091.7006,27498.0541
2024-03-07,2609677.889,3040088.6787,1675997.27,1836696.7599,1306240.5197,2316725.0,568962.8076,58548.915,652037.8813,38091.7006,27536.2511
2024-03-08,2636392.3431,3018391.8049,1688925.37,1821427.3094,1290326.6189,2188200.0,558421.1514,57619.5671,606488.2382,38091.7006,26497.2914
2024-03-09,2636392.3431,3018391.8049,1688925.37,1821427.3094,1290326.6189,2188200.0,558421.1514,57619.5671,606488.2382,38091.7006,26497.2914
2024-03-10,2636392.3431,3018391.8049,1688925.37,1821427.3094,1290326.6189,2188200.0,558421.1514,57619.5671,606488.2382,38091.7006,26497.2914
2024-03-11,2667584.9427,3005760.0634,1719405.095,1786214.0868,1233301.8078,2144350.0,566160.1921,56092.7813,599258.8717,38091.7006,25592.0214
2024-03-12,2674997.0456,3085711.5572,1728808.66,1821842.8046,1274514.7303,2297825.0,565427.6903,54654.5049,598684.2298,38091.7006,27624.1043
2024-03-13,2642569.0955,3084374.0787,1743992.46,1833944.1038,1263854.4571,2272200.0,539758.2795,55318.3248,582923.284,38091.7006,28025.1733
2024-03-14,2671445.413,3159570.0933,1786733.12,1856744.4058,1254316.3178,2198600.0,517528.4424,54057.067,584962.7248,38091.7006,28235.2571
2024-03-15,2665577.4982,3094182.2545,1761335.385,1811767.0448,1234602.4632,2195912.5,520936.1682,51977.098,572556.9383,38091.7006,28326.93
2024-03-16,2665577.4982,3094182.2545,1761335.385,1811767.0448,1234602.4632,2195912.5,520936.1682,51977.098,572556.9383,38091.7006,28326.93
2024-03-17,2665577.4982,3094182.2545,1761335.385,1811767.0448,1234602.4632,2195912.5,520936.1682,51977.098,572556.9383,38091.7006,28326.93
2024-03-18,2682563.5673,3100869.6471,1840989.84,1812390.2877,1267003.3496,2211375.0,553516.5741,53105.5918,573363.2913,38091.7006,29465.202
2024-03-19,2719006.4065,3131260.1313,1833457.885,1827140.3691,1265116.7898,2234950.0,545618.2939,52663.0452,573720.1256,38091.7006,29434.6443
2024-03-20,2759000.8783,3159644.3977,1855023.59,1850511.977,1288775.2692,2259300.0,559440.2843,54366.8496,591325.4984,38091.7006,29732.5813
2024-03-21,2646275.147,3190406.4036,1842071.07,1850511.977,1294485.9366,2285875.0,550395.4795,54189.831,624691.8275,38091.7006,31363.5952
2024-03-22,2660327.2587,3185725.2288,1880628.91,1857990.8915,1299125.8539,2357225.0,544057.7466,53503.8837,627226.7416,38091.7006,31512.5637
2024-03-23,2660327.2587,3185725.2288,1880628.91,1857990.8915,1299125.8539,2357225.0,544057.7466,53503.8837,627226.7416,38091.7006,31512.5637
2024-03-24,2660327.2587,3185725.2288,1880628.91,1857990.8915,1299125.8539,2357225.0,544057.7466,53503.8837,627226.7416,38091.7006,31512.5637
2024-03-25,2638245.3688,3142034.2638,1872414.25,1866716.2918,1282401.7564,2375050.0,549790.3693,54234.0856,626350.8755,38091.7006,31302.4799
2024-03-26,2620641.6245,3133043.436,1879568.775,1852070.0842,1264224.498,2314025.0,565841.713,55074.9242,617040.7429,38091.7006,31577.4987
2024-03-27,2676232.3961,3131408.74,1882299.595,1867962.7776,1259049.2056,2256250.0,572720.8603,54234.0856,611127.4879,38091.7006,30943.4277
2024-03-28,2647973.7539,3126133.1303,1884633.005,1873675.8373,1237940.1314,2258900.0,559854.3071,50914.9861,614223.1417,38091.7006,31195.5282
2024-03-29,2647973.7539,3126133.1303,1884633.005,1873675.8373,1237940.1314,2258900.0,559854.3071,50914.9861,614223.1417,38091.7006,31195.5282
2024-03-30,2647973.7539,3126133.1303,1884633.005,1873675.8373,1237940.1314,2258900.0,559854.3071,50914.9861,614223.1417,38091.7006,31195.5282
2024-03-31,2647973.7539,3126133.1303,1884633.005,1873675.8373,1237940.1314,2258900.0,559854.3071,50914.9861,614223.1417,38091.7006,31195.5282
2024-04-01,2625583.0264,3154740.3097,1939373.725,1879804.3922,1252650.1988,2259075.0,558038.9765,50583.0762,625739.1595,38091.7006,30710.4257
2024-04-02,2607207.188,3131483.0443,1929642.685,1876895.9255,1267997.6176,2236300.0,530681.6269,50273.2936,620409.8152,38091.7006,30851.7548
2024-04-03,2619715.1116,3124126.9125,1934973.335,1894762.2213,1291885.5434,2224100.0,536255.0101,50229.0389,631740.4645,37367.9583,32601.1795
2024-04-04,2606898.3504,3105030.6914,1880148.245,1869728.6324,1302542.0568,2147625.0,544949.4879,49742.2377,610557.4797,34298.8556,30821.1971
2024-04-05,2618634.18,3161799.2242,1904824.42,1922392.6555,1344403.2886,2200200.0,525171.9394,50804.3495,620720.3075,33384.6548,32597.3598
2024-04-06,2618634.18,3161799.2242,1904824.42,1922392.6555,1344403.2886,2200200.0,525171.9394,50804.3495,620720.3075,33384.6548,32597.3598
2024-04-07,2618634.18,3161799.2242,1904824.42,1922392.6555,1344403.2886,2200200.0,525171.9394,50804.3495,620720.3075,33384.6548,32597.3598
2024-04-08,2601184.8544,3154888.9185,1933126.145,1923639.1413,1323778.6013,2178325.0,550905.046,50892.8588,619177.1148,35359.9815,32142.815
2024-04-09,2620023.9493,3167446.3557,1956410.27,1928625.0843,1317787.4993,2133850.0,563325.7286,50472.4395,618241.0039,35961.2862,31245.1844
2024-04-10,2590838.7942,3145006.4383,1950568.98,1931533.5511,1325257.2563,2175975.0,547019.6017,49609.4737,612814.3412,37648.2044,32379.6367
2024-04-11,2702946.8502,3179706.5755,1990370.12,1963734.4331,1333746.7753,2265400.0,556064.4065,50538.8215,640661.3233,37158.454,32979.3303
2024-04-12,2726264.0906,3134901.045,1969971.12,1933403.2797,1305040.4738,2204650.0,544758.4005,50162.6569,622870.582,36459.1992,32043.5026
2024-04-13,2726264.0906,3134901.045,1969971.12,1933403.2797,1305040.4738,2204650.0,544758.4005,50162.6569,622870.582,36459.1992,32043.5026
2024-04-14,2726264.0906,3134901.045,1969971.12,1933403.2797,1305040.4738,2204650.0,544758.4005,50162.6569,622870.582,36459.1992,32043.5026
2024-04-15,2666658.4299,3073525.6418,1934349.465,1907330.9527,1275288.9162,2150025.0,514279.9562,48458.8525,607401.5811,35847.0111,30813.5577
2024-04-16,2615545.8038,3080510.2518,1929424.0,1904214.7383,1274090.6958,2185375.0,500362.4221,48414.5979,615914.6292,35389.9107,31459.0878
2024-04-17,2594236.008,3060150.8566,1941567.265,1883024.4804,1259839.5212,2100875.0,495075.67,47153.3401,594397.9812,36663.2619,31275.742
2024-04-18,2579411.8022,3003902.4543,1948525.305,1861626.475,1279291.4822,2116775.0,478143.3161,46755.0481,583442.7032,37335.3083,30943.4277
2024-04-19,2547910.365,2965635.7077,1925752.935,1813948.3948,1226442.3143,1905000.0,468958.6783,45294.6443,558288.1984,36758.4911,28651.6049
2024-04-20,2547910.365,2965635.7077,1925752.935,1813948.3948,1226442.3143,1905000.0,468958.6783,45294.6443,558288.1984,36758.4911,28651.6049
2024-04-21,2547910.365,2965635.7077,1925752.935,1813948.3948,1226442.3143,1905000.0,468958.6783,45294.6443,558288.1984,36758.4911,28651.6049
2024-04-22,2560881.545,2979307.7104,1953225.425,1840955.5862,1221924.6081,1987950.0,453013.1265,46401.0108,567440.7679,37191.104,29056.4936
2024-04-23,2577249.9389,3028422.8939,1977781.71,1864950.437,1258374.6042,2060575.0,461400.4867,47883.5419,578901.175,40222.115,30240.602
2024-04-24,2609986.7266,3039494.2438,1990491.125,1834307.6622,1251779.6154,1991925.0,517064.3746,47772.9053,582437.0791,39773.1771,32303.2426
2024-04-25,2623421.1631,2965787.304,1951453.725,1803976.5088,1119709.748,2065800.0,542737.4037,48038.4333,599861.7176,40352.7152,33788.1304
2024-04-26,2614310.4533,3019894.4902,2144865.23,1865781.4275,1124555.1094,2193375.0,536709.8229,49830.747,622870.582,41647.833,34997.5128
2024-04-27,2614310.4533,3019894.4902,2144865.23,1865781.4275,1124555.1094,2193375.0,536709.8229,49830.747,622870.582,41647.833,34997.5128
2024-04-28,2614310.4533,3019894.4902,2144865.23,1865781.4275,1124555.1094,2193375.0,536709.8229,49830.747,622870.582,41647.833,34997.5128
2024-04-29,2679166.3535,2989645.0056,2072936.675,1879700.5184,1097487.0433,2193925.0,618863.5162,50516.6942,620344.9363,43264.0094,35487.9048
2024-04-30,2630215.5907,2893619.6148,2022889.17,1817791.7259,1091271.7892,2160050.0,584515.8735,48613.7438,602572.7318,42129.6857,34814.0838
2024-05-01,2614310.4533,2935314.8503,2035328.235,1862786.3073,1114154.0718,2076025.0,574023.4181,48945.6538,575967.7186,41570.5513,33137.0182
2024-05-02,2671908.6694,2956868.5371,2070222.88,1922312.2161,1120470.7995,2145425.0,574087.202,49897.129,573979.6415,42162.576,34503.3775
2024-05-03,2811963.9572,3022421.4742,2077340.295,1937818.0909,1146549.4986,2219725.0,577850.4535,51623.0607,592303.3172,45569.4591,34817.8272
2024-05-04,2811963.9572,3022421.4742,2077340.295,1937818.0909,1146549.4986,2219725.0,577850.4535,51623.0607,592303.3172,45569.4591,34817.8272
2024-05-05,2811963.9572,3022421.4742,2077340.295,1937818.0909,1146549.4986,2219725.0,577850.4535,51623.0607,592303.3172,45569.4591,34817.8272
2024-05-06,2786356.0402,3073555.7381,2087847.165,1963730.5932,1181354.9219,2303500.0,589235.8838,55782.9987,607225.4811,46358.8254,36408.7934
2024-05-07,2796936.5568,3042340.0537,2126774.865,1964354.9909,1187849.2283,2263850.0,567070.9705,47655.5838,603888.8481,45870.9531,35529.0827
2024-05-08,2802150.1447,3051258.8207,2103967.93,1956445.954,1198909.8439,2260300.0,557216.3543,48011.8872,614204.6049,44950.0258,36566.0183
2024-05-09,2830211.5147,3064488.325,2110167.49,1972055.8951,1206063.7283,2218675.0,548446.0648,47076.5907,605075.2065,45607.831,36663.348
2024-05-10,2806903.7101,3082474.505,2094099.52,1951034.5078,1208042.4623,2246950.0,537283.8783,45874.0666,617647.8247,45846.2854,35712.5118
2024-05-11,2806903.7101,3082474.505,2094099.52,1951034.5078,1208042.4623,2246950.0,537283.8783,45874.0666,617647.8247,45846.2854,35712.5118
2024-05-12,2806903.7101,3082474.505,2094099.52,1951034.5078,1208042.4623,2246950.0,537283.8783,45874.0666,617647.8247,45846.2854,35712.5118
2024-05-13,2856432.795,3074893.5531,2100881.0,1941564.4768,1187265.7555,2259975.0,548190.9291,46631.2114,619830.5387,44273.0345,35487.9048
2024-05-14,2874066.9893,3096001.3015,2114682.015,1946767.7905,1197007.2151,2247206.129,566241.7795,47744.6597,639535.2097,45396.7852,36959.0806
2024-05-15,2909182.037,3144459.9353,2140167.765,1935528.6329,1221589.1795,2327741.1006,554888.2411,48256.8458,665551.6779,46010.7367,39156.4856
2024-05-16,2911022.1269,3128926.4162,2160079.565,1910968.9922,1200508.0521,2321074.9499,557599.0578,48212.3079,654411.0314,45607.831,36420.0238
2024-05-17,2911482.1493,3123129.2177,2183191.595,1922104.0836,1197159.4254,2274830.067,565954.7518,48457.2665,646607.0178,44571.7878,36240.3382
2024-05-18,2911482.1493,3123129.2177,2183191.595,1922104.0836,1197159.4254,2274830.067,565954.7518,48457.2665,646607.0178,44571.7878,36240.3382
2024-05-19,2911482.1493,3123129.2177,2183191.595,1922104.0836,1197159.4254,2274830.067,565954.7518,48457.2665,646607.0178,44571.7878,36240.3382
2024-05-20,2929423.0253,3161256.9464,2195695.13,1910032.3957,1189371.3314,2331430.8519,557949.8694,48145.501,655291.5318,44114.0649,37179.9441
2024-05-21,2949510.6727,3188756.4779,2208095.645,1905973.8111,1178691.2416,2346337.4472,595104.0048,47299.2804,648418.9948,44930.8398,37108.8186
2024-05-22,2927276.2538,3199756.2904,2189505.85,1905765.6785,1186682.2827,2335612.5701,574406.1216,47143.3976,645193.583,44908.9129,37483.1635
2024-05-23,2865633.2442,3173594.574,2153867.155,1884119.8935,1181608.6058,2553283.2981,554090.9421,46141.2942,645680.1753,44311.4065,37898.6865
2024-05-24,2913168.8984,3197080.6603,2170634.09,1880997.9053,1213166.8759,2618960.8712,571631.521,46787.0942,652422.9543,48630.9943,39744.2073
2024-05-25,2913168.8984,3197080.6603,2170634.09,1880997.9053,1213166.8759,2618960.8712,571631.521,46787.0942,652422.9543,48630.9943,39744.2073
2024-05-26,2913168.8984,3197080.6603,2170634.09,1880997.9053,1213166.8759,2618960.8712,571631.521,46787.0942,652422.9543,48630.9943,39744.2073
2024-05-27,2913168.8984,3197080.6603,2170634.09,1880997.9053,1213166.8759,2618960.8712,571631.521,46787.0942,652422.9543,48630.9943,39744.2073
2024-05-28,2913322.2392,3198269.8293,2189753.01,1895567.1836,1217479.5012,2801775.7487,563690.4225,46876.17,654559.3262,48811.8908,39366.1188
2024-05-29,2917922.4638,3189722.6776,2182847.95,1894214.3221,1203374.6796,2824695.0,561904.4727,46631.2114,644466.0117,48600.8449,38636.1461
2024-05-30,2933256.5458,3081954.2436,2135708.605,1866116.4281,1184830.3906,2718300.0,570196.3827,48390.4596,632143.641,47986.8934,38288.0053
2024-05-31,2947977.2645,3085373.1043,2140588.73,1836145.3411,1184272.2861,2696971.8,567932.0534,48279.1148,615678.2844,48211.6435,36712.0129
2024-06-01,2947977.2645,3085373.1043,2140588.73,1836145.3411,1184272.2861,2696971.8,567932.0534,48279.1148,615678.2844,48211.6435,36712.0129
2024-06-02,2947977.2645,3085373.1043,2140588.73,1836145.3411,1184272.2861,2696971.8,567932.0534,48279.1148,615678.2844,48211.6435,36712.0129
2024-06-03,2975271.9305,3073407.0919,2147597.985,1855917.9332,1211314.9839,2829000.0,562223.3923,47477.4321,612596.5332,46695.9506,35978.2967
2024-06-04,2980178.8367,3092359.4717,2155804.49,1866324.5606,1210046.5646,2864350.2,557375.8141,49214.4113,616730.2506,44686.9037,34473.4299
2024-06-05,3003486.6413,3151371.9797,2177760.61,1886513.4178,1255887.2351,3012024.0,558109.3292,51129.5422,654855.9158,44810.2422,36341.4113
2024-06-06,2982172.2674,3155162.4557,2193831.15,1925226.0718,1252589.3452,2976550.8,567485.566,52977.8663,649378.2768,43938.6502,32942.3589
2024-06-07,3019127.405,3150182.8108,2164991.925,1917941.4326,1250559.8744,2973844.8,566018.5357,51908.956,651866.8488,44423.7816,32822.5685
2024-06-08,3019127.405,3150182.8108,2164991.925,1917941.4326,1250559.8744,2973844.8,566018.5357,51908.956,651866.8488,44423.7816,32822.5685
2024-06-09,3019127.405,3150182.8108,2164991.925,1917941.4326,1250559.8744,2973844.8,566018.5357,51908.956,651866.8488,44423.7816,32822.5685
2024-06-10,2961317.9158,3180060.7682,2172575.39,1946663.7242,1275014.9969,2996034.0,554250.4019,51508.1146,667544.3893,45673.6116,34177.6973
2024-06-11,3176455.0863,3215810.1601,2192169.245,1948432.8509,1287369.4001,2974386.0,544268.2179,53111.4801,677072.3299,46109.4075,33429.0073
2024-06-12,3267232.8517,3278092.8844,2207838.205,1944894.5976,1290844.8688,3079920.0,565412.5884,52933.3284,693051.0941,48655.662,33754.6875
2024-06-13,3285173.7277,3281957.6835,2174187.07,1913050.3177,1278820.2546,3188406.0,581932.6246,51819.8801,781550.3251,48285.6466,35678.8207
2024-06-14,3258339.0842,3289315.6664,2194330.61,1911281.191,1278972.4649,3244248.0,567708.8097,52487.9491,807640.9484,46641.1334,34245.0794
2024-06-15,3258339.0842,3289315.6664,2194330.61,1911281.191,1278972.4649,3244248.0,567708.8097,52487.9491,807640.9484,46641.1334,34245.0794
2024-06-16,3258339.0842,3289315.6664,2194330.61,1911281.191,1278972.4649,3244248.0,567708.8097,52487.9491,807640.9484,46641.1334,34245.0794
2024-06-17,3322435.5469,3332423.0412,2199649.69,1915443.842,1285238.4558,3222108.0,597782.9295,55716.9489,851317.7226,46254.6729,33522.5936
2024-06-18,3285940.4318,3317335.3681,2171990.9,1902435.5577,1267125.4294,3335268.0,589554.8034,57498.4661,839052.1039,49217.5374,35690.0511
2024-06-19,3285940.4318,3317335.3681,2171990.9,1902435.5577,1267125.4294,3335268.0,589554.8034,57498.4661,839052.1039,49217.5374,35690.0511
2024-06-20,3215250.3138,3312578.6924,2187246.605,1936673.3619,1272731.8423,3217188.0,579062.348,56919.473,807417.514,48562.473,33874.4779
2024-06-21,3181668.6742,3342902.5,2223679.355,1967685.1116,1255176.9204,3113622.0,583654.7905,53089.2111,772072.9818,48165.049,33923.1427
2024-06-22,3181668.6742,3342902.5,2223679.355,1967685.1116,1255176.9204,3113622.0,583654.7905,53089.2111,772072.9818,48165.049,33923.1427
2024-06-23,3181668.6742,3342902.5,2223679.355,1967685.1116,1255176.9204,3113622.0,583654.7905,53089.2111,772072.9818,48165.049,33923.1427
2024-06-24,3191635.8275,3327220.3348,2224300.045,1931157.8494,1265654.0631,2905506.0,582283.4362,53801.818,741155.244,48825.5951,33369.1121
2024-06-25,3205896.5237,3351598.2978,2283621.015,1939170.9525,1295309.7044,3101814.0,597495.9019,54692.5765,735839.3667,49732.8181,34334.9222
2024-06-26,3269992.9865,3360591.3878,2281404.285,2014827.1338,1301702.5373,3109440.0,626262.4513,53668.2042,741057.4914,49335.3941,32571.7573
2024-06-27,3283026.9562,3365719.6788,2300070.005,2058951.2341,1318039.7768,3050154.0,629611.1073,56162.3282,738571.7835,48315.796,32523.0925
2024-06-28,3229664.3508,3321869.0746,2258693.835,2011080.7479,1279124.6752,3039084.0,631078.1375,56407.2868,747355.5491,47008.408,32407.0455
2024-06-29,3229664.3508,3321869.0746,2258693.835,2011080.7479,1279124.6752,3039084.0,631078.1375,56407.2868,747355.5491,47008.408,32407.0455
2024-06-30,3229664.3508,3321869.0746,2258693.835,2011080.7479,1279124.6752,3039084.0,631078.1375,56407.2868,747355.5491,47008.408,32407.0455
2024-07-01,3323662.2735,3394557.0253,2270466.17,2052186.9262,1280291.6209,3057780.0,669284.7076,57632.0798,763773.3241,45914.8068,32440.7366
2024-07-02,3377638.2421,3413509.4051,2297485.105,2081325.483,1292519.1821,3017682.0,737533.5056,57520.735,771537.6701,46542.4627,32942.3589
2024-07-03,3397265.8671,3424583.5407,2305862.845,2056245.5109,1293686.1278,3155688.0,785786.0436,57565.2729,804931.8061,47329.0881,34971.3087
2024-07-04,3397265.8671,3424583.5407,2305862.845,2056245.5109,1293686.1278,3155688.0,785786.0436,57565.2729,804931.8061,47329.0881,34971.3087
2024-07-05,3470716.1199,3475048.897,2363663.48,2081325.483,1369664.4389,3095418.0,802146.6199,60638.39,792871.0023,48302.0917,34357.3829
2024-07-06,3470716.1199,3475048.897,2363663.48,2081325.483,1369664.4389,3095418.0,802146.6199,60638.39,792871.0023,48302.0917,34357.3829
2024-07-07,3470716.1199,3475048.897,2363663.48,2081325.483,1369664.4389,3095418.0,802146.6199,60638.39,792871.0023,48302.0917,34357.3829
2024-07-08,3493410.5612,3465238.2534,2344805.965,2073936.7775,1342799.3199,3153720.0,806675.2785,61685.0314,812677.5326,47792.2926,34563.2726
2024-07-09,3506597.8718,3415441.8046,2344248.57,2074457.1089,1344524.37,3231948.0,836621.8305,60994.6935,806835.6535,47411.3138,34724.241
2024-07-10,3572534.4244,3465312.5765,2371557.18,2079140.0912,1356422.1423,3318786.0,839587.7829,63288.3968,812132.9112,49261.391,35225.8633
2024-07-11,3489577.0407,3379469.4445,2303741.425,2029812.6773,1300637.0651,3134040.0,768691.9521,61551.4176,794099.8916,48430.9119,34761.6755
2024-07-12,3535119.2643,3370922.2929,2297441.415,2023984.9659,1265552.5896,3179304.0,791654.1645,62508.983,791642.113,49458.7326,33567.515
2024-07-13,3535119.2643,3370922.2929,2297441.415,2023984.9659,1265552.5896,3179304.0,791654.1645,62508.983,791642.113,49458.7326,33567.515
2024-07-14,3535119.2643,3370922.2929,2297441.415,2023984.9659,1265552.5896,3179304.0,791654.1645,62508.983,791642.113,49458.7326,33567.515
2024-07-15,3594308.8208,3373969.5382,2315181.57,2005565.2354,1258677.7574,3159624.0,805718.5196,63845.1209,797940.1707,48633.7352,32901.1809
2024-07-16,3600749.1352,3340970.1005,2282443.15,2008687.2236,1242518.0966,3108456.0,818220.1686,63845.1209,788420.9335,50086.3885,33586.2322
2024-07-17,3509664.6882,3296376.2658,2246725.96,1955717.4901,1171993.9881,2902554.0,792515.2475,62843.0175,726068.7658,45451.6023,30613.933
2024-07-18,3437594.5028,3272964.5025,2205150.285,1912217.7875,1207154.5688,2978814.0,794843.3607,63778.314,747201.9379,44262.0711,30905.9221
2024-07-19,3439587.9334,3248735.1856,2205989.645,1905765.6785,1209539.1969,2901078.0,762855.7231,63644.7002,732445.9565,44769.1293,31935.3708
2024-07-20,3439587.9334,3248735.1856,2205989.645,1905765.6785,1209539.1969,2901078.0,762855.7231,63644.7002,732445.9565,44769.1293,31935.3708
2024-07-21,3439587.9334,3248735.1856,2205989.645,1905765.6785,1209539.1969,2901078.0,762855.7231,63644.7002,732445.9565,44769.1293,31935.3708
2024-07-22,3434221.0047,3292065.5284,2255242.7,1899729.8346,1236455.0527,3039084.0,802114.728,63377.4727,749715.5752,45706.5018,32886.2071
2024-07-23,3450321.7908,3306261.2325,2257512.225,1939899.4164,1239727.5743,3015714.0,785754.1516,64156.8864,762330.3101,46728.8408,34065.3938
2024-07-24,3351110.2803,3187715.955,2143889.41,1881830.4355,1170167.4645,2810550.0,690010.3832,59235.4453,704470.1052,44765.2513,29419.7725
2024-07-25,3335009.4942,3109676.7442,2078621.18,1871631.9406,1150227.9144,2762088.0,703619.5514,59302.2522,694787.947,43968.3254,28629.9046
2024-07-26,3342216.5127,3160736.685,2065880.24,1899209.5032,1181405.6587,2781276.0,702181.9632,60527.0452,705820.0215,47570.9801,28931.3949
2024-07-27,3342216.5127,3160736.685,2065880.24,1899209.5032,1181405.6587,2781276.0,702181.9632,60527.0452,705820.0215,47570.9801,28931.3949
2024-07-28,3342216.5127,3160736.685,2065880.24,1899209.5032,1181405.6587,2781276.0,702181.9632,60527.0452,705820.0215,47570.9801,28931.3949
2024-07-29,3346510.0557,3171587.8515,2096543.1,1906494.1424,1181431.0271,2745114.0,741476.0403,60304.3556,699256.6354,47279.6899,29261.5249
2024-07-30,3355097.1416,3143580.5921,2105718.16,1890988.2676,1175038.1942,2551758.0,711190.8492,58723.2591,668068.9144,44710.2909,27397.0405
2024-07-31,3405392.9306,3109611.6067,2121346.38,1945831.1941,1204566.9936,2878692.0,741380.2011,59881.2452,747946.7193,48980.7145,29524.1283
2024-08-01,3348350.1455,3100394.6391,2112226.02,1915547.9083,1259342.4245,2686566.0,692789.7204,58077.4591,684361.0075,47823.798,27760.9339
2024-08-02,3342781.5608,3036321.8483,2062055.92,1762205.6793,1235053.263,2638842.0,663430.975,55093.4179,669465.3795,45268.1391,26057.7631
2024-08-03,3342781.5608,3036321.8483,2062055.92,1762205.6793,1235053.263,2638842.0,663430.975,55093.4179,669465.3795,45268.1391,26057.7631
2024-08-04,3342781.5608,3036321.8483,2062055.92,1762205.6793,1235053.263,2638842.0,663430.975,55093.4179,669465.3795,45268.1391,26057.7631
2024-08-05,3181769.75,2937165.1163,1968732.52,1689996.1792,1203654.4614,2471070.0,635350.0857,53645.9352,661365.8818,44583.882,25408.7574
2024-08-06,3150753.3105,2970316.4674,1962090.4,1699547.145,1250107.4829,2564550.0,640972.6529,59531.8832,669930.8679,45163.7143,25986.485
2024-08-07,3190132.0253,2961545.4821,1967443.98,1708363.4212,1237026.7574,2433186.0,612604.246,58927.3849,634321.0072,45636.3738,25217.4321
2024-08-08,3243194.4635,2993210.2256,2005481.88,1740164.9889,1289425.5632,2582262.0,635222.3001,65554.4768,678402.7563,48697.6684,26657.9995
2024-08-09,3287742.5849,3017962.2435,2025128.66,1752129.9351,1310020.7481,2576850.0,638928.083,67188.861,690133.0633,49219.7923,26808.0586
2024-08-10,3287742.5849,3017962.2435,2025128.66,1752129.9351,1310020.7481,2576850.0,638928.083,67188.861,690133.0633,49219.7923,26808.0586
2024-08-11,3287742.5849,3017962.2435,2025128.66,1752129.9351,1310020.7481,2576850.0,638928.083,67188.861,690133.0633,49219.7923,26808.0586
2024-08-12,3307355.9216,3023834.3438,2007779.78,1750660.5558,1305415.9279,2681892.0,630909.5356,65778.3651,691808.8214,48486.0709,27363.2772
2024-08-13,3364219.394,3077352.2201,2031461.46,1786660.3502,1337270.1512,2857044.0,663942.1174,68039.6363,726906.6448,49368.1854,28601.2648
2024-08-14,3371061.2556,3098536.3795,1984144.58,1785295.9265,1332766.5359,2904768.0,643336.6868,69405.3546,734028.617,50607.5426,30071.844
2024-08-15,3416673.6666,3129532.1496,1996856.66,1863907.7224,1359509.9148,3022356.0,684100.2985,69897.9087,773315.8357,51888.1201,31122.2578
2024-08-16,3436895.1689,3110503.5713,2016749.64,1858345.0719,1334436.4157,3064668.0,690425.6865,71823.3476,771407.3334,50580.0624,29794.2347
2024-08-17,3436895.1689,3110503.5713,2016749.64,1858345.0719,1334436.4157,3064668.0,690425.6865,71823.3476,771407.3334,50580.0624,29794.2347
2024-08-18,3436895.1689,3110503.5713,2016749.64,1858345.0719,1334436.4157,3064668.0,690425.6865,71823.3476,771407.3334,50580.0624,29794.2347
2024-08-19,3434462.5069,3133248.6687,2062118.84,1870519.9295,1339142.4408,3198000.0,711510.3132,72763.6782,780670.552,50948.2971,29591.6549
2024-08-20,3443889.0719,3157554.7042,2068697.84,1877447.0037,1332690.6322,3130350.0,706334.9958,72360.6794,772477.9567,50563.568,28702.5547
2024-08-21,3442216.6168,3152648.8989,2052325.54,1890356.5509,1354019.5522,3161100.0,713267.3655,72853.2335,771686.6264,50635.0165,29257.7734
2024-08-22,3413784.8806,3088799.0992,2026548.42,1848584.1948,1345847.2614,3044004.0,672982.9498,71465.1264,755673.8264,51113.172,28803.8446
2024-08-23,3448906.4371,3098016.0668,2049674.78,1858135.1606,1335903.8859,3182502.0,703843.1762,71151.6829,774386.459,50368.4648,29467.8562
2024-08-24,3448906.4371,3098016.0668,2049674.78,1858135.1606,1335903.8859,3182502.0,703843.1762,71151.6829,774386.459,50368.4648,29467.8562
2024-08-25,3448906.4371,3098016.0668,2049674.78,1858135.1606,1335903.8859,3182502.0,703843.1762,71151.6829,774386.459,50368.4648,29467.8562
2024-08-26,3454075.8437,3073487.0402,2056081.46,1841971.9876,1318496.6534,3110916.0,681129.2829,69069.5222,743012.5426,50049.6945,29284.0338
2024-08-27,3466999.3601,3076088.6036,2037441.4,1816992.5384,1313385.809,3156180.0,668350.7212,69047.1334,751251.6868,50989.5174,30090.6014
2024-08-28,3443584.9891,3052005.5592,2014613.2,1792642.8233,1307515.9283,3081213.3,657297.2654,67972.4698,736309.51,50563.5743,30206.8972
2024-08-29,3493758.6412,3070736.816,2001260.96,1806496.9716,1311159.3025,2884482.7,658990.4248,69405.3546,730490.9053,52586.1172,29981.8086
2024-08-30,3481747.373,3100617.6303,2021618.94,1873458.6883,1318977.3764,2928146.1,684004.4593,70480.0181,757908.1705,55235.2088,31148.5181
2024-08-31,3481747.373,3100617.6303,2021618.94,1873458.6883,1318977.3764,2928146.1,684004.4593,70480.0181,757908.1705,55235.2088,31148.5181
2024-09-01,3481747.373,3100617.6303,2021618.94,1873458.6883,1318977.3764,2928146.1,684004.4593,70480.0181,757908.1705,55235.2088,31148.5181
2024-09-02,3481747.373,3100617.6303,2021618.94,1873458.6883,1318977.3764,2928146.1,684004.4593,70480.0181,757908.1705,55235.2088,31148.5181
2024-09-03,3387025.5995,3043383.2347,1944624.1,1849843.6628,1294814.7209,2649240.0,672791.2714,68308.3022,711219.6866,52913.1316,28211.1112
2024-09-04,3357833.6565,3039369.394,1934083.98,1819196.6075,1297294.2395,2605331.3,700936.0535,68487.4128,717410.682,54858.73,28158.5905
2024-09-05,3381095.9861,3035578.5444,1943808.88,1867056.3925,1307718.338,2629861.3,735310.3843,67524.6934,711359.3331,54531.7156,28192.3538
2024-09-06,3357377.5323,2985851.5176,1865106.98,1798835.2077,1265743.6307,2522419.9,673206.5747,67905.3034,637695.798,54501.4874,26924.3544
2024-09-07,3357377.5323,2985851.5176,1865106.98,1798835.2077,1265743.6307,2522419.9,673206.5747,67905.3034,637695.798,54501.4874,26924.3544
2024-09-08,3357377.5323,2985851.5176,1865106.98,1798835.2077,1265743.6307,2522419.9,673206.5747,67905.3034,637695.798,54501.4874,26924.3544
2024-09-09,3358745.9047,3015732.3319,1835615.04,1840922.4309,1277179.7776,2611709.1,690904.8826,77465.3312,655500.7283,55457.7985,27941.0048
2024-09-10,3346582.5951,3078764.4974,1838128.9,1884479.0335,1277179.7776,2651693.0,722531.8227,77823.5524,689900.3191,55512.7589,28312.4011
2024-09-11,3385353.1444,3144472.5567,1866737.42,1936642.0009,1294991.8294,2867802.3,728793.3179,78025.0518,739212.0767,57474.8454,30908.4235
2024-09-12,3387025.5995,3173907.3887,1909349.2,1962671.0067,1329831.5955,2922504.2,734160.3138,78159.3848,768590.0002,59156.6339,32547.8192
2024-09-13,3382920.4825,3200591.9965,1943808.98,1957318.2676,1327352.0769,2921523.0,735693.7412,79681.8248,783208.9034,61992.5909,32172.6715
2024-09-14,3382920.4825,3200591.9965,1943808.98,1957318.2676,1327352.0769,2921523.0,735693.7412,79681.8248,783208.9034,61992.5909,32172.6715
2024-09-15,3382920.4825,3200591.9965,1943808.98,1957318.2676,1327352.0769,2921523.0,735693.7412,79681.8248,783208.9034,61992.5909,32172.6715
2024-09-16,3288958.9158,3206166.7753,1951315.34,1940525.3606,1349262.9247,2864613.4,724480.5533,81293.8202,766067.8891,63185.2317,32634.1032
2024-09-17,3296104.8602,3234486.6515,1967006.48,1961411.5387,1356941.842,2835422.7,727962.7114,81607.2637,758828.4962,65169.3024,32746.6475
2024-09-18,3355400.9945,3202227.2649,1973279.1,1956688.5336,1361078.5898,2780966.1,725822.3023,81450.5419,755092.0353,64762.5954,32885.4522
2024-09-19,3479770.8352,3260799.6074,2002563.2,1992793.2837,1414590.6489,2891351.1,779236.69,82458.039,781947.8478,67175.3572,34536.1023
2024-09-20,3469584.0634,3235378.6161,2020111.8,2010950.6144,1420283.4211,2845480.0,761123.0789,83286.4255,799135.5678,67452.9073,35466.4688
2024-09-21,3469584.0634,3235378.6161,2020111.8,2010950.6144,1420283.4211,2845480.0,761123.0789,83286.4255,799135.5678,67452.9073,35466.4688
2024-09-22,3469584.0634,3235378.6161,2020111.8,2010950.6144,1420283.4211,2845480.0,761123.0789,83286.4255,799135.5678,67452.9073,35466.4688
2024-09-23,3443280.9064,3222296.4685,1999715.46,2034880.5069,1428025.5914,2851857.8,798660.1038,84965.5873,807729.4278,69120.9556,36040.4448
2024-09-24,3456964.6297,3190037.082,2005914.2,2035720.1522,1425293.0607,2964941.1,812301.2183,82614.7608,816603.5224,70206.4236,36535.6399
2024-09-25,3441760.4927,3211890.2148,1996968.9,2020711.4916,1437893.0632,3029700.3,821086.4795,83107.3149,819779.5141,70088.2588,37792.3848
2024-09-26,3459245.2502,3205943.7841,2009826.1,2006332.565,1436703.9064,3042701.2,812141.4863,83062.5373,831782.8946,69035.767,37747.3671
2024-09-27,3463350.3672,3181489.0878,2026288.62,1972851.7066,1435489.4483,2977942.0,832076.0425,82480.4278,806561.7838,68662.0362,36918.2906
2024-09-28,3463350.3672,3181489.0878,2026288.62,1972851.7066,1435489.4483,2977942.0,832076.0425,82480.4278,806561.7838,68662.0362,36918.2906
2024-09-29,3463350.3672,3181489.0878,2026288.62,1972851.7066,1435489.4483,2977942.0,832076.0425,82480.4278,806561.7838,68662.0362,36918.2906
2024-09-30,3542563.921,3198436.4153,2049677.62,1955638.9769,1448342.463,2978923.2,835813.7718,83286.4255,805674.3743,70069.0226,37323.4501
2024-10-01,3439327.8308,3127004.9165,2064252.64,1943044.2967,1458538.8506,2870010.0,824281.1199,81629.6525,782181.3766,70494.9658,36621.9238
2024-10-02,3447994.1889,3100543.2999,2050462.7,1939160.9369,1449278.6077,2915390.5,795529.3561,83935.7014,797080.5143,69329.8052,38370.1124
2024-10-03,3431117.5968,3096157.8072,2049860.9,1909773.3497,1474478.6128,3013510.5,768822.1623,87853.7456,802825.3229,69986.582,38523.923
2024-10-04,3448298.2716,3092589.9488,2065535.6,1957528.179,1507800.3064,3064287.6,798915.675,89577.6851,825010.5593,72984.6722,39465.5438
2024-10-05,3448298.2716,3092589.9488,2065535.6,1957528.179,1507800.3064,3064287.6,798915.675,89577.6851,825010.5593,72984.6722,39465.5438
2024-10-06,3448298.2716,3092589.9488,2065535.6,1957528.179,1507800.3064,3064287.6,798915.675,89577.6851,825010.5593,72984.6722,39465.5438
2024-10-07,3370605.1315,3044126.5386,2014769.18,1897598.4921,1479564.156,3132971.6,769365.2511,87070.1368,817724.4606,72146.526,40039.5199
2024-10-08,3432638.0105,3082555.347,2031461.56,1917749.9805,1500083.4373,3259791.7,781089.5815,92801.6757,844113.2155,72621.9335,40073.2832
2024-10-09,3489957.607,3102996.2025,1999718.2,1943464.1194,1494061.7493,3253904.5,770068.072,96562.9982,868493.6226,73262.2223,40560.9753
2024-10-10,3482355.5385,3090954.6804,2001824.6,1958997.5583,1477160.5411,3306889.3,762784.2919,97436.1623,867279.2729,72718.1142,40317.1292
2024-10-11,3459701.3744,3094522.5388,2017187.44,1981772.9385,1492644.8816,3306644.0,695792.6824,97413.7735,847616.1475,73341.9149,41956.5249
2024-10-12,3459701.3744,3094522.5388,2017187.44,1981772.9385,1492644.8816,3306644.0,695792.6824,97413.7735,847616.1475,73341.9149,41956.5249
2024-10-13,3459701.3744,3094522.5388,2017187.44,1981772.9385,1492644.8816,3306644.0,695792.6824,97413.7735,847616.1475,73341.9149,41956.5249
2024-10-14,3516716.8881,3115483.707,2039022.62,1968338.6129,1493834.0385,3386857.1,700137.3934,97167.4964,851492.7257,74059.1482,42170.3591
2024-10-15,3555487.4375,3112510.4917,2045478.52,1969912.9479,1483334.0363,3228148.0,701447.1959,94995.7805,821927.9791,73196.2698,40317.1292
2024-10-16,3524014.8739,3093035.9311,2042628.04,1961516.4944,1459348.4893,3329211.6,707069.7631,93876.3393,825851.263,75507.3549,41900.2528
2024-10-17,3529640.4046,3097495.7541,2015176.74,1968233.6572,1459702.7062,3358892.9,705664.1213,94033.0611,847849.6763,74746.1532,42871.8854
2024-10-18,3572972.195,3108199.3294,2021509.54,1983557.1848,1458538.8506,3385140.0,705057.1396,96204.777,840189.9316,74944.0107,42110.3355
2024-10-19,3572972.195,3108199.3294,2021509.54,1983557.1848,1458538.8506,3385140.0,705057.1396,96204.777,840189.9316,74944.0107,42110.3355
2024-10-20,3572972.195,3108199.3294,2021509.54,1983557.1848,1458538.8506,3385140.0,705057.1396,96204.777,840189.9316,74944.0107,42110.3355
2024-10-21,3595474.3178,3112807.8132,2030112.84,1984396.8302,1455224.3921,3525206.3,699147.0548,95600.2787,840656.9892,75963.5263,42057.8148
2024-10-22,3586047.7528,3177698.2383,2042983.64,1991009.0373,1472555.7209,3522262.7,696335.7713,96137.6105,837807.9378,75960.7782,42192.868
2024-10-23,3508506.6541,3156068.0966,2014052.4,1938636.1586,1426203.9042,3423406.8,682534.9247,95354.0017,810391.6562,77149.7532,40651.0107
2024-10-24,3505617.8681,3157628.1692,2013975.78,1956163.7553,1436552.0991,3444257.3,836156.34,97525.7176,800303.2118,81868.9321,41277.5075
2024-10-25,3518389.3432,3183053.9417,2044824.66,1971382.3273,1450391.861,3471976.2,864115.9596,100436.2647,808009.6624,80915.1728,42101.4382
2024-10-26,3518389.3432,3183053.9417,2044824.66,1971382.3273,1450391.861,3471976.2,864115.9596,100436.2647,808009.6624,80915.1728,42101.4382
2024-10-27,3518389.3432,3183053.9417,2044824.66,1971382.3273,1450391.861,3471976.2,864115.9596,100436.2647,808009.6624,80915.1728,42101.4382
2024-10-28,3548645.5758,3171456.2209,2062072.36,1977259.8447,1462814.755,3446955.6,842672.7611,100682.5418,803432.4978,79727.1085,42641.9221
2024-10-29,3552750.6928,3211304.8,2097547.08,2002869.0279,1501070.1845,3464862.5,833074.6827,100592.9865,837154.0571,82356.8378,42724.496
2024-10-30,3498471.9237,3215808.982,2145587.74,2022810.605,1497325.6054,3417887.55,826750.8652,97816.7723,825010.5593,82034.3239,42206.5323
2024-10-31,3434766.5897,3021163.8033,2103983.79,1956373.6666,1433362.5998,3256602.8,802033.4058,93047.9528,792923.7016,83153.4749,41020.4706
2024-11-01,3369468.1049,3051052.024,2104874.65,2081236.1288,1432301.9347,3321362.0,799240.6539,93853.9505,788953.7119,82996.3527,40123.4175
2024-11-02,3369468.1049,3051052.024,2104874.65,2081236.1288,1432301.9347,3321362.0,799240.6539,93853.9505,788953.7119,82996.3527,40123.4175
2024-11-03,3369468.1049,3051052.024,2104874.65,2081236.1288,1432301.9347,3321362.0,799240.6539,93853.9505,788953.7119,82996.3527,40123.4175
2024-11-04,3355863.8642,3036851.4018,2080257.88,2058628.8551,1415937.3876,3337306.5,779530.8876,92712.1204,787225.5988,81444.4265,39864.4357
2024-11-05,3377630.6494,3059156.0441,2087750.56,2097744.6961,1445610.7562,3431992.3,807137.4007,116433.9219,812213.1808,87042.9383,42202.7789
2024-11-06,3366596.0986,3123988.2045,2171517.03,2177553.6296,1444651.1068,3571813.3,926198.5134,126453.6609,838601.9357,92702.0938,45201.7135
2024-11-07,3438547.416,3163021.3285,2221688.73,2208678.0622,1494275.0807,3652026.4,953098.8134,127250.6856,858498.5898,92834.4072,45854.7981
2024-11-08,3430687.1881,3141534.5231,2192191.01,2189014.9916,1488315.1531,3621363.9,1031135.3637,132966.4912,857704.5919,94047.2803,47198.501
2024-11-09,3430687.1881,3141534.5231,2192191.01,2189014.9916,1488315.1531,3621363.9,1031135.3637,132966.4912,857704.5919,94047.2803,47198.501
2024-11-10,3430687.1881,3141534.5231,2192191.01,2189014.9916,1488315.1531,3621363.9,1031135.3637,132966.4912,857704.5919,94047.2803,47198.501
2024-11-11,3389420.9913,3107854.5132,2217329.27,2174924.8769,1472733.4778,3563227.8,1123520.8807,137179.3361,835612.767,96324.1738,47592.6038
2024-11-12,3389420.9913,3145177.6147,2233352.62,2196690.9497,1476900.3764,3637553.7,1054472.4974,136291.2228,823048.9173,89231.6229,46470.3492
2024-11-13,3402874.0738,3161311.306,2199275.34,2251263.8568,1464727.9818,3588003.1,1060090.1018,138226.8542,810718.5965,91864.1088,46740.5911
2024-11-14,3449733.1251,3173876.2545,2159834.6,2223714.528,1457555.8654,3600022.8,998906.3647,134765.4898,795772.753,89873.8943,45426.9151
2024-11-15,3401060.175,3085475.522,2119802.49,2130446.3803,1399269.7933,3482769.4,1029530.3338,149772.3262,769897.7615,90899.3234,45366.8614
2024-11-16,3401060.175,3085475.522,2119802.49,2130446.3803,1399269.7933,3482769.4,1029530.3338,149772.3262,769897.7615,90899.3234,45366.8614
2024-11-17,3401060.175,3085475.522,2119802.49,2130446.3803,1399269.7933,3482769.4,1029530.3338,149772.3262,769897.7615,90899.3234,45366.8614
2024-11-18,3446709.9605,3091126.0314,2154796.3,2120877.7203,1400077.9191,3437879.5,1087375.6089,139502.0937,773774.3397,89689.2068,46173.8337
2024-11-19,3450640.0744,3106218.8394,2189077.28,2151476.4023,1416972.7988,3606155.3,1110680.642,143418.9008,772279.7553,93722.0098,52899.8547
2024-11-20,3461523.467,3089118.6136,2162225.28,2133285.4333,1428160.2901,3572846.1,1097936.7052,141460.4973,762471.5455,94485.5685,51623.7123
2024-11-21,3454267.872,3069639.226,2061564.09,2085967.8838,1422023.5849,3591948.3,1090264.6626,139729.8151,765694.243,93680.6619,53106.2895
2024-11-22,3474674.233,3100345.2836,2027625.62,2072718.9699,1412048.2823,3476355.5,1131738.6334,146538.6832,767048.7101,96246.991,52603.3393
2024-11-23,3474674.233,3100345.2836,2027625.62,2072718.9699,1412048.2823,3476355.5,1131738.6334,146538.6832,767048.7101,96246.991,52603.3393
2024-11-24,3474674.233,3100345.2836,2027625.62,2072718.9699,1412048.2823,3476355.5,1131738.6334,146538.6832,767048.7101,96246.991,52603.3393
2024-11-25,3520021.702,3113653.7202,2062823.13,2118248.9676,1427124.8789,3331129.8,1086894.0999,147221.8472,769804.35,90684.3141,49555.611
2024-11-26,3553125.3544,3182054.6233,2079146.92,2185650.1881,1448413.9425,3353170.8,1085738.4785,149704.0098,769430.7039,93416.035,49446.7636
2024-11-27,3551160.2974,3144880.2194,2081030.37,2163358.3648,1437453.7366,3314476.6,1068596.7599,150409.946,745750.8832,92434.7104,47645.1508
2024-11-28,3551160.2974,3144880.2194,2081030.37,2163358.3648,1437453.7366,3314476.6,1068596.7599,150409.946,745750.8832,92434.7104,47645.1508
2024-11-29,3587438.2726,3148374.6134,2077304.59,2185965.6385,1450383.7491,3385742.5,1107984.1919,152755.4758,757006.9715,92101.1703,47892.8726
2024-11-30,3587438.2726,3148374.6134,2077304.59,2185965.6385,1450383.7491,3385742.5,1107984.1919,152755.4758,757006.9715,92101.1703,47892.8726
2024-12-01,3587438.2726,3148374.6134,2077304.59,2185965.6385,1450383.7491,3385742.5,1107984.1919,152755.4758,757006.9715,92101.1703,47892.8726
2024-12-02,3621600.0326,3204284.9168,2108098.43,2215617.9695,1497128.7749,3395048.7,1146280.2036,151184.1986,777697.6236,93043.9035,47686.4378
2024-12-03,3667854.451,3205920.5906,2107395.82,2244323.9495,1549707.4586,3434967.4,1128079.1654,161591.0639,785357.3684,91494.7338,48103.0607
2024-12-04,3673296.1472,3252165.549,2144724.69,2293954.8015,1550035.7597,3554478.6,1148976.6537,159063.357,796613.4567,94755.7084,49123.9746
2024-12-05,3673749.6219,3290826.9291,2123249.46,2319085.6778,1537787.6033,3552519.4,1186084.9434,163663.3281,796193.1049,95963.0684,50512.7178
2024-12-06,3670726.4573,3297890.0658,2149244.59,2387222.9491,1575264.4365,3488355.6,1249419.4205,173842.472,838508.5242,95516.5106,50238.7225
2024-12-07,3670726.4573,3297890.0658,2149244.59,2387222.9491,1575264.4365,3488355.6,1249419.4205,173842.472,838508.5242,95516.5106,50238.7225
2024-12-08,3670726.4573,3297890.0658,2149244.59,2387222.9491,1575264.4365,3488355.6,1249419.4205,173842.472,838508.5242,95516.5106,50238.7225
2024-12-09,3729829.3253,3316105.5237,2157025.35,2377338.8388,1549505.4272,3399456.9,1251249.1545,165006.884,835752.8843,92412.6582,47356.1421
2024-12-10,3745247.4647,3296105.6944,2274779.73,2366298.0772,1564026.4374,3307864.3,1287201.8227,161431.6589,802451.6768,90246.0258,45678.3902
2024-12-11,3725899.2113,3338187.1196,2399706.86,2421186.4347,1597765.6888,3411701.9,1363537.0414,165120.7446,855649.5384,94769.4911,47232.2812
2024-12-12,3748119.4711,3342425.0017,2359745.58,2407622.0705,1592992.6959,3363456.6,1342125.9434,166692.0219,843786.2752,90940.6713,46932.0124
2024-12-13,3750689.161,3325399.1247,2332893.58,2391744.4039,1566627.5922,3287782.5,1400324.325,173227.6244,1049945.5035,91519.5426,47209.7611
2024-12-14,3750689.161,3325399.1247,2332893.58,2391744.4039,1566627.5922,3287782.5,1400324.325,173227.6244,1049945.5035,91519.5426,47209.7611
2024-12-15,3750689.161,3325399.1247,2332893.58,2391744.4039,1566627.5922,3287782.5,1400324.325,173227.6244,1049945.5035,91519.5426,47209.7611
2024-12-16,3794676.2059,3357517.8096,2416264.06,2449261.5141,1576451.3713,3232680.0,1486321.8233,172498.9161,1167644.0208,93090.7645,47281.0749
2024-12-17,3831558.814,3378855.9175,2402278.42,2430544.7945,1564329.4845,3193251.1,1540379.228,169401.9059,1122012.4924,90507.8962,45299.3009
2024-12-18,3749479.8952,3251942.5026,2316644.9,2318770.2275,1508139.4887,3157005.9,1412843.5577,162843.5312,1044434.2237,87415.0698,42833.3434
2024-12-19,3775781.4272,3249265.9455,2314650.45,2347896.808,1504048.3519,3200353.2,1400131.7215,168992.0075,1019680.1704,91737.3084,43328.7869
2024-12-20,3846825.7953,3246068.9468,2352297.11,2365036.2759,1477986.2954,3298803.0,1351627.72,183429.5405,1031216.4934,94455.2467,45055.3325
2024-12-21,3846825.7953,3246068.9468,2352297.11,2365036.2759,1477986.2954,3298803.0,1351627.72,183429.5405,1031216.4934,94455.2467,45055.3325
2024-12-22,3846825.7953,3246068.9468,2352297.11,2365036.2759,1477986.2954,3298803.0,1351627.72,183429.5405,1031216.4934,94455.2467,45055.3325
2024-12-23,3858616.1372,3236031.8578,2390579.59,2366508.3775,1514857.0342,3420518.3,1382251.6892,183748.3504,1089107.2028,95078.2224,44192.0597
2024-12-24,3902905.4986,3266366.1713,2409292.87,2408463.2714,1534807.6395,3433987.8,1483946.3792,187596.841,1123465.5235,95731.52,44567.3957
2024-12-25,3902905.4986,3266366.1713,2409292.87,2408463.2714,1534807.6395,3433987.8,1483946.3792,187596.841,1123465.5235,95731.52,44567.3957
2024-12-26,3915300.4735,3257295.6168,2403288.6,2387433.2494,1523695.91,3426885.7,1457784.3929,187050.3098,1150089.7064,94568.2644,44619.9427
2024-12-27,3863453.2006,3200939.2205,2367211.64,2352733.713,1514756.0185,3355374.9,1385654.3524,180082.0368,1133168.3507,92012.9614,43204.926
2024-12-28,3863453.2006,3200939.2205,2367211.64,2352733.713,1514756.0185,3355374.9,1385654.3524,180082.0368,1133168.3507,92012.9614,43204.926
2024-12-29,3863453.2006,3200939.2205,2367211.64,2352733.713,1514756.0185,3355374.9,1385654.3524,180082.0368,1133168.3507,92012.9614,43204.926
2024-12-30,3812210.5606,3158560.4001,2349619.54,2326971.9361,1493113.3999,3367130.1,1339911.0023,175755.3313,1104247.3632,91037.1499,43599.0288
2024-12-31,3785304.3957,3133802.2471,2324022.54,2306888.265,1478642.8976,3288762.1,1296350.4927,172225.6505,1086716.6512,90670.5314,42641.9221
2025-01-01,3785304.3957,3133802.2471,2324022.54,2306888.265,1478642.8976,3288762.1,1296350.4927,172225.6505,1086716.6512,90670.5314,42641.9221
2025-01-02,3685993.4386,3112092.3952,2325971.83,2315615.7242,1513316.5445,3387211.9,1217511.4275,171223.6766,1087372.8811,93429.8177,44402.2479
2025-01-03,3678586.6853,3147556.7765,2355695.83,2357360.3179,1526928.4131,3538070.3,1317536.8864,181926.5796,1090044.6741,97589.421,47168.4741
2025-01-04,3678586.6853,3147556.7765,2355695.83,2357360.3179,1526928.4131,3538070.3,1317536.8864,181926.5796,1090044.6741,97589.421,47168.4741
2025-01-05,3678586.6853,3147556.7765,2355695.83,2357360.3179,1526928.4131,3538070.3,1317536.8864,181926.5796,1090044.6741,97589.421,47168.4741
2025-01-06,3703376.635,3181013.74,2416388.61,2393321.6555,1591502.714,3659540.7,1319495.0228,172886.0424,1108137.8688,102355.4608,50325.0498
2025-01-07,3661203.4888,3140270.5934,2400271.61,2335489.095,1560415.1253,3432028.6,1265919.1271,159382.1668,1071717.1115,101583.6325,49033.894
2025-01-08,3668610.2421,3156552.9823,2382732.99,2335699.3952,1542308.0569,3431293.9,1267780.9617,155374.2712,1074857.6401,101021.3004,48519.6837
2025-01-09,3668610.2421,3156552.9823,2382732.99,2335699.3952,1542308.0569,3431293.9,1267780.9617,155374.2712,1074857.6401,101021.3004,48519.6837
2025-01-10,3580182.6776,3114843.3011,2357503.22,2302156.5101,1555288.5773,3328435.9,1267138.9498,153165.3742,1051420.8594,101192.2053,48392.0694
2025-01-11,3580182.6776,3114843.3011,2357503.22,2302156.5101,1555288.5773,3328435.9,1267138.9498,153165.3742,1051420.8594,101192.2053,48392.0694
2025-01-12,3580182.6776,3114843.3011,2357503.22,2302156.5101,1555288.5773,3328435.9,1267138.9498,153165.3742,1051420.8594,101192.2053,48392.0694
2025-01-13,3524877.6656,3101757.9109,2345789.89,2297109.3048,1536272.3675,3262802.7,1294649.1611,147973.3276,1056014.4684,101112.2659,46545.4164
2025-01-14,3508035.2467,3090456.8922,2329920.8,2289748.7971,1500714.833,3226802.4,1272339.2464,150091.1361,1053248.9283,105371.1043,48399.5762
2025-01-15,3577059.0884,3169564.0236,2402258.93,2348527.7086,1558470.5726,3336517.6,1374611.7472,155169.322,1068717.2036,106685.969,49544.3509
2025-01-16,3432545.1192,3156701.6799,2370360.31,2320242.329,1543772.7849,3271129.3,1328386.8881,157674.2568,1075326.3757,107780.3113,49765.7992
2025-01-17,3458410.2625,3189786.8993,2408483.3,2375761.5871,1547485.1127,3372517.9,1369090.4446,163435.6067,1112965.8457,110649.8587,51000.6546
2025-01-18,3458410.2625,3189786.8993,2408483.3,2375761.5871,1547485.1127,3372517.9,1369090.4446,163435.6067,1112965.8457,110649.8587,51000.6546
2025-01-19,3458410.2625,3189786.8993,2408483.3,2375761.5871,1547485.1127,3372517.9,1369090.4446,163435.6067,1112965.8457,110649.8587,51000.6546
2025-01-20,3458410.2625,3189786.8993,2408483.3,2375761.5871,1547485.1127,3372517.9,1369090.4446,163435.6067,1112965.8457,110649.8587,51000.6546
2025-01-21,3348032.2674,3185846.4125,2433756.33,2425918.1897,1556803.8132,3448926.7,1361289.9996,166395.9842,1126418.5578,114671.6355,53721.8405
2025-01-22,3365927.3374,3317443.8023,2438150.73,2471132.737,1574582.5804,3601744.3,1332527.865,175049.3951,1129230.9715,117731.3835,55771.1751
2025-01-23,3363370.8988,3321235.5914,2433018.78,2475443.8915,1607286.4207,3605417.8,1323764.4022,179854.3154,1126277.9372,120656.0615,57610.3214
2025-01-24,3350137.5697,3301533.1574,2460853.15,2469450.3352,1635166.7602,3492763.8,1305146.0562,179854.3154,1146996.0514,115909.3174,54919.1623
2025-01-25,3350137.5697,3301533.1574,2460853.15,2469450.3352,1635166.7602,3492763.8,1305146.0562,179854.3154,1146996.0514,115909.3174,54919.1623
2025-01-26,3350137.5697,3301533.1574,2460853.15,2469450.3352,1635166.7602,3492763.8,1305146.0562,179854.3154,1146996.0514,115909.3174,54919.1623
2025-01-27,3456605.7176,3230901.79,2359639.57,2475443.8915,1666456.3804,2900105.8,1274875.1936,171792.98,947455.2998,90965.4801,38509.4728
2025-01-28,3582923.8592,3324878.683,2401227.12,2504149.8716,1702948.3102,3158965.1,1277892.6497,182700.8322,971970.1725,97889.8827,39992.0499
2025-01-29,3599465.5206,3288273.362,2402573.63,2492793.6597,1708403.1593,3029413.0,1249034.2133,181630.5419,967235.9428,97374.4117,41459.6137
2025-01-30,3572848.4837,3085028.2877,2469349.83,2467242.1829,1740623.9151,3052678.5,1287507.4396,184955.2735,1010875.2286,105558.5483,43013.5047
2025-01-31,3545209.228,3085548.6665,2506835.1,2499207.8164,1746147.2923,2940514.3,1301402.7932,187847.3345,1037171.2966,102785.4795,43921.8178
2025-02-01,3545209.228,3085548.6665,2506835.1,2499207.8164,1746147.2923,2940514.3,1301402.7932,187847.3345,1037171.2966,102785.4795,43921.8178
2025-02-02,3545209.228,3085548.6665,2506835.1,2499207.8164,1746147.2923,2940514.3,1301402.7932,187847.3345,1037171.2966,102785.4795,43921.8178
2025-02-03,3425182.8647,3054771.98,2471668.49,2496473.9135,1767125.991,2857003.4,1234113.2568,190693.8513,1020578.0558,99706.4358,42262.8327
2025-02-04,3497138.5944,3065551.2542,2534232.36,2545263.5646,1784177.5178,2905738.5,1261550.1471,236443.0688,1042608.6298,98278.5534,41756.1291
2025-02-05,3492181.3103,3072390.5179,2343988.89,2483330.1498,1785900.4061,3057086.7,1216390.2479,230818.3516,1087466.6282,101420.9973,44679.9965
2025-02-06,3503447.8651,3091198.493,2345739.17,2511300.079,1803940.0601,3151373.2,1204006.6573,253408.3087,1084466.7203,103415.8796,44875.1712
2025-02-07,3419474.477,3046074.2208,2269963.2,2428469.681,1810350.218,3179781.6,1163156.8909,252429.1069,1054045.7788,104282.208,45558.2827
2025-02-08,3419474.477,3046074.2208,2269963.2,2428469.681,1810350.218,3179781.6,1163156.8909,252429.1069,1054045.7788,104282.208,45558.2827
2025-02-09,3419474.477,3046074.2208,2269963.2,2428469.681,1810350.218,3179781.6,1163156.8909,252429.1069,1054045.7788,104282.208,45558.2827
2025-02-10,3419774.9185,3064436.1569,2283323.01,2470754.6211,1817647.1567,3271129.3,1128129.0204,265636.9447,1101716.1909,106221.7903,47202.2544
2025-02-11,3494434.6213,3058637.6508,2269423.05,2466727.484,1823727.9389,3252272.0,1056625.8467,256459.7747,1101716.1909,102883.3912,46260.161
2025-02-12,3558278.4315,3040796.0934,2248993.04,2426138.1806,1837865.7576,3211618.6,1082390.1481,267322.0827,1107856.6275,101986.7137,41752.3758
2025-02-13,3628281.2917,3051947.0668,2279359.58,2441398.9108,1845922.7941,3313252.1,1144887.0741,268506.2336,1105278.5816,102168.8082,41016.7172
2025-02-14,3674399.0558,3036261.3642,2267673.98,2423488.7482,1866470.7707,3400436.5,1144565.4224,271352.7504,1092341.4786,101418.3582,40555.0539
2025-02-15,3674399.0558,3036261.3642,2267673.98,2423488.7482,1866470.7707,3400436.5,1144565.4224,271352.7504,1092341.4786,101418.3582,40555.0539
2025-02-16,3674399.0558,3036261.3642,2267673.98,2423488.7482,1866470.7707,3400436.5,1144565.4224,271352.7504,1092341.4786,101418.3582,40555.0539
2025-02-17,3674399.0558,3036261.3642,2267673.98,2423488.7482,1866470.7707,3400436.5,1144565.4224,271352.7504,1092341.4786,101418.3582,40555.0539
2025-02-18,3672446.1863,3045256.4827,2252188.11,2401975.3576,1815037.4877,3413906.0,1139000.848,292278.3278,1071201.5023,102979.9564,41870.0829
2025-02-19,3678455.0155,3083392.8116,2269465.52,2401763.403,1783113.3809,3409742.7,1159747.3829,262820.6501,1072138.9736,103517.9629,41062.8387
2025-02-20,3692876.2056,3093503.0275,2262114.56,2362021.918,1760487.8037,3431293.9,1139933.6379,249241.0359,1062811.1348,99235.9832,39916.7042
2025-02-21,3688670.0252,3034625.8881,2201435.24,2295256.2231,1731882.7906,3292190.7,1086539.4551,237701.8819,1024937.2971,90462.3392,36550.648
2025-02-22,3688670.0252,3034625.8881,2201435.24,2295256.2231,1731882.7906,3292190.7,1086539.4551,237701.8819,1024937.2971,90462.3392,36550.648
2025-02-23,3688670.0252,3034625.8881,2201435.24,2295256.2231,1731882.7906,3292190.7,1086539.4551,237701.8819,1024937.2971,90462.3392,36550.648
2025-02-24,3711954.2383,3003328.8229,2196555.88,2254243.0105,1692813.7647,3190557.2,1063155.3762,212676.928,974641.9655,87159.8072,34658.1934
2025-02-25,3711052.9139,2957981.5313,2149927.45,2255196.8061,1665880.9667,3101168.7,973961.3588,206016.1155,949377.1158,87650.9105,34993.2759
2025-02-26,3610705.4663,2971585.7188,2117254.89,2271623.2866,1706926.2468,3203232.0,935363.1544,209463.7896,998125.6199,92492.9688,37548.28
2025-02-27,3564737.9229,2918061.0467,2064150.17,2212170.0249,1667755.8746,2931660.0,906896.9786,198815.871,927159.0477,90020.898,35187.4714
2025-02-28,3632938.1343,2951216.6075,2087211.58,2249685.9868,1692991.1209,3048048.0,942375.1615,199167.6745,934799.4382,92476.4147,36238.412
2025-03-01,3632938.1343,2951216.6075,2087211.58,2249685.9868,1692991.1209,3048048.0,942375.1615,199167.6745,934799.4382,92476.4147,36238.412
2025-03-02,3632938.1343,2951216.6075,2087211.58,2249685.9868,1692991.1209,3048048.0,942375.1615,199167.6745,934799.4382,92476.4147,36238.412
2025-03-03,3575704.0362,2888027.7585,2045631.45,2172746.4717,1659673.5015,2783064.0,915581.5746,195649.6397,878269.9229,87179.1202,32522.0424
2025-03-04,3544157.6829,2888919.8363,2093531.43,2159817.2419,1621541.9296,2830156.0,875021.2947,197948.0891,881517.8958,86376.2491,32895.2024
2025-03-05,3541303.489,2981175.5559,2120789.99,2208142.8878,1663271.2977,2862120.0,897729.905,211386.9819,900795.8101,87405.3589,33466.3658
2025-03-06,3535144.4391,2950473.2092,2111970.72,2126964.2809,1590960.6623,2697908.0,847391.4134,188707.3845,843761.3954,80896.8601,31238.8287
2025-03-07,3591326.9921,2923859.5528,2130555.43,2111597.5734,1585209.2557,2749636.0,844882.5301,199144.2209,916688.3346,79818.0881,32381.1554
2025-03-08,3591326.9921,2923859.5528,2130555.43,2111597.5734,1585209.2557,2749636.0,844882.5301,199144.2209,916688.3346,79818.0881,32381.1554
2025-03-09,3591326.9921,2923859.5528,2130555.43,2111597.5734,1585209.2557,2749636.0,844882.5301,199144.2209,916688.3346,79818.0881,32381.1554
2025-03-10,3417221.166,2826102.6865,2033453.68,2061682.2681,1515102.9039,2610312.0,714549.2598,179138.3299,867271.047,74529.0707,29708.1108
2025-03-11,3317474.6013,2828258.5413,2011145.98,2083407.6133,1534662.7534,2653744.0,741664.4984,183055.0753,893789.934,78413.7533,31650.0663
2025-03-12,3259489.3995,2849222.3712,2048272.93,2107782.3908,1569753.9342,2824056.0,797985.7117,196189.0717,913255.9255,82406.0372,32510.6191
2025-03-13,3149828.2666,2815769.4512,1995720.59,2054793.7441,1496480.5083,2820152.0,774151.3205,186737.285,899764.9065,82836.4424,31638.643
2025-03-14,3207062.3648,2888548.1372,2029947.61,2097820.5252,1539451.3694,2968748.0,804064.9289,202263.5451,919419.0521,86530.7535,33298.8246
2025-03-15,3207062.3648,2888548.1372,2029947.61,2097820.5252,1539451.3694,2968748.0,804064.9289,202263.5451,919419.0521,86530.7535,33298.8246
2025-03-16,3207062.3648,2888548.1372,2029947.61,2097820.5252,1539451.3694,2968748.0,804064.9289,202263.5451,919419.0521,86530.7535,33298.8246
2025-03-17,3214723.622,2889588.8947,2016208.66,2074399.5434,1532610.4894,2916532.0,765563.22,204866.8908,914529.0255,91588.0143,33919.4888
2025-03-18,3195044.7064,2851080.8668,1970421.3,2043454.1737,1475501.8096,2816492.0,724713.4536,196751.9573,887116.6644,87993.0275,32236.4607
2025-03-19,3233350.9925,2883046.9904,2011984.63,2072279.9975,1479809.0303,2867488.0,758647.7083,201935.1952,919560.1106,92647.4732,33953.7586
2025-03-20,3216225.8293,2875761.6878,1997867.75,2066027.3372,1484724.3293,2892132.0,759934.3152,204960.7051,895909.3085,92931.651,33919.4888
2025-03-21,3278867.8737,2908619.8893,2012433.12,2079380.4762,1510694.3368,2871880.0,799979.9523,213333.6278,901175.4911,92114.9847,33748.1397
2025-03-22,3278867.8737,2908619.8893,2012433.12,2079380.4762,1510694.3368,2871880.0,799979.9523,213333.6278,901175.4911,92114.9847,33748.1397
2025-03-23,3278867.8737,2908619.8893,2012433.12,2079380.4762,1510694.3368,2871880.0,799979.9523,213333.6278,901175.4911,92114.9847,33748.1397
2025-03-24,3315822.1733,2922149.7369,2057354.95,2154094.4681,1567955.0361,2962404.0,895446.1779,226913.242,899247.6921,94791.2221,35674.8642
2025-03-25,3361188.8338,2937612.42,2092343.61,2180058.905,1586856.1343,2944836.0,926807.219,226326.9028,885188.8655,92757.8335,34871.4277
2025-03-26,3327839.8317,2899030.0522,2024409.56,2131521.3046,1548015.1377,2775744.0,875085.6251,216429.4984,842918.3465,87653.6695,31078.9029
2025-03-27,3362691.041,2903564.7813,1988611.28,2133958.7823,1526732.3999,2718892.0,878527.2983,211293.1676,808688.1598,83597.9285,29060.7923
2025-03-28,3273309.7067,2815992.4706,1891536.41,2042394.4007,1461262.6445,2675948.0,847713.0651,201348.856,795193.567,82804.5735,28272.5869
2025-03-29,3273309.7067,2815992.4706,1891536.41,2042394.4007,1461262.6445,2675948.0,847713.0651,201348.856,795193.567,82804.5735,28272.5869
2025-03-30,3273309.7067,2815992.4706,1891536.41,2042394.4007,1461262.6445,2675948.0,847713.0651,201348.856,795193.567,82804.5735,28272.5869
2025-03-31,3336853.0755,2790642.5912,1894485.53,2016323.9865,1460299.854,2644472.0,833592.5553,197948.0891,787247.2737,83446.9356,27491.9969
2025-04-01,3352776.4729,2841193.6704,1925411.17,2036565.6496,1484724.3293,2687660.0,863506.1638,198604.7889,792372.3978,86278.7957,28660.978
2025-04-02,3363291.924,2840821.9713,1925104.74,2077260.9303,1479479.6546,2694248.0,909502.3574,205101.4264,809158.3547,90422.7146,29361.6051
2025-04-03,3052335.0129,2773693.1117,1848597.37,1890740.8937,1346943.9385,2483920.0,859710.6736,196071.8039,724147.1219,81364.0424,25690.9285
2025-04-04,2829858.1117,2675044.1674,1787547.78,1812211.7192,1278813.8408,2301164.0,770130.6742,173579.835,687848.0778,74207.8553,22621.8773
2025-04-05,2829858.1117,2675044.1674,1787547.78,1812211.7192,1278813.8408,2301164.0,770130.6742,173579.835,687848.0778,74207.8553,22621.8773
2025-04-06,2829858.1117,2675044.1674,1787547.78,1812211.7192,1278813.8408,2301164.0,770130.6742,173579.835,687848.0778,74207.8553,22621.8773
2025-04-07,2725905.3666,2660324.8826,1803640.73,1857358.0462,1308001.5956,2382416.0,750381.2596,182562.5504,724758.3752,78195.9672,24301.0976
2025-04-08,2590105.8267,2635792.7412,1775035.76,1808608.4912,1293306.3718,2349720.0,713616.4698,181342.965,733645.0583,78420.1106,23950.784
2025-04-09,2987139.2161,2902895.7229,1948603.35,2025226.0792,1484141.5877,2789652.0,875535.9375,215796.2521,870565.805,89332.0657,27728.0778
2025-04-10,2860503.1407,2834949.1253,1877989.65,1923172.6035,1384112.7199,2624708.0,811848.9001,207775.1329,810145.7639,84723.4594,25789.9301
2025-04-11,2976623.765,2887730.3992,1928931.62,1961907.7321,1377221.1667,2706692.0,811559.4136,207681.3186,855472.5496,87861.4666,26505.7882
2025-04-12,2976623.765,2887730.3992,1928931.62,1961907.7321,1377221.1667,2706692.0,811559.4136,207681.3186,855472.5496,87861.4666,26505.7882
2025-04-13,2976623.765,2887730.3992,1928931.62,1961907.7321,1377221.1667,2706692.0,811559.4136,207681.3186,855472.5496,87861.4666,26505.7882
2025-04-14,3042270.224,2882972.6506,1953288.1,1932723.7311,1346589.2262,2701324.0,811688.0743,217226.9196,838639.5732,88099.2772,27252.1083
2025-04-15,3036561.8362,2867509.9675,1919465.89,1905874.4502,1321353.9799,2737680.0,817349.1443,230783.0802,841413.7229,89810.4205,27686.1925
2025-04-16,2918338.1217,2762542.1383,1881954.29,1850053.4156,1272682.3854,2549556.0,776949.6903,217438.0017,821007.2655,89701.0823,27282.5704
2025-04-17,2959047.9395,2734069.9864,1855679.8,1831800.1495,1270579.4482,2476356.0,776370.7172,219947.5331,803986.2111,88440.9592,27876.5803
2025-04-18,2959047.9395,2734069.9864,1855679.8,1831800.1495,1270579.4482,2476356.0,776370.7172,219947.5331,803986.2111,88440.9592,27876.5803
2025-04-19,2959047.9395,2734069.9864,1855679.8,1831800.1495,1270579.4482,2476356.0,776370.7172,219947.5331,803986.2111,88440.9592,27876.5803
2025-04-20,2959047.9395,2734069.9864,1855679.8,1831800.1495,1270579.4482,2476356.0,776370.7172,219947.5331,803986.2111,88440.9592,27876.5803
2025-04-21,2901663.6207,2669691.7002,1813077.43,1775660.744,1223499.7204,2364604.0,731757.6259,212958.3707,781510.8963,85579.0311,25729.006
2025-04-22,3000508.861,2726933.3634,1860821.91,1837849.197,1262931.6224,2412916.0,765434.5593,220440.058,797356.4634,89129.79,27347.3022
2025-04-23,3073516.1358,2783208.609,1907763.49,1916592.9379,1313395.3689,2506124.0,807622.5603,236458.8429,831821.7475,91730.6381,29726.2039
2025-04-24,3130149.351,2879181.3196,1954603.33,1979630.38,1345910.2792,2596892.0,835870.3463,252782.5242,884671.6511,98390.2459,31967.1023
2025-04-25,3143819.4374,2913005.9388,1976511.03,2005630.6718,1381555.5069,2708644.0,917811.4723,266125.8876,904231.7578,101646.3574,33137.0952
2025-04-26,3143819.4374,2913005.9388,1976511.03,2005630.6718,1381555.5069,2708644.0,917811.4723,266125.8876,904231.7578,101646.3574,33137.0952
2025-04-27,3143819.4374,2913005.9388,1976511.03,2005630.6718,1381555.5069,2708644.0,917811.4723,266125.8876,904231.7578,101646.3574,33137.0952
2025-04-28,3156738.4202,2907876.491,1959657.82,1991940.7222,1387790.8973,2653012.0,920806.9616,270538.5087,904984.0696,101002.2314,32832.2111
2025-04-29,3172812.0383,2929286.3599,1954726.9,1988650.8894,1399655.8102,2660088.0,940615.8423,273912.866,898871.5362,101310.6476,32847.4553
2025-04-30,3192190.5125,2938355.8182,1939341.83,1957132.1683,1385922.8046,2657648.0,908825.0045,279481.7355,904984.0696,101209.6618,32538.7601
2025-05-01,3204508.6124,3161804.1602,1966147.13,2018471.6322,1444515.2787,2723284.0,903542.6363,274196.0289,927835.5403,104340.2233,35271.2842
2025-05-02,3067071.8691,3235237.6936,2000982.91,2016894.6303,1501103.6542,2792375.2839,925090.8334,293262.3276,957504.8367,108169.4977,36204.9919
2025-05-03,3067071.8691,3235237.6936,2000982.91,2016894.6303,1501103.6542,2792375.2839,925090.8334,293262.3276,957504.8367,108169.4977,36204.9919
2025-05-04,3067071.8691,3235237.6936,2000982.91,2016894.6303,1501103.6542,2792375.2839,925090.8334,293262.3276,957504.8367,108169.4977,36204.9919
2025-05-05,2970586.4331,3241852.6576,2003520.43,1978357.271,1506760.8905,2775791.7451,902705.1877,292058.8855,943775.1465,109474.1258,36140.204
2025-05-06,2964910.8193,3220595.5821,1992393.44,1964131.3588,1476689.5366,2768963.2292,886890.2927,256900.0635,940812.9188,109509.6073,35625.712
2025-05-07,2931155.8525,3220892.8839,1845355.84,2003411.8627,1500575.6455,2854807.43,889692.5246,260723.1216,963006.1167,111032.5832,36403.1666
2025-05-08,2949676.2767,3256717.7453,1880841.69,2039188.9703,1503592.8382,2862367.5727,917392.748,281183.5621,976923.8849,107536.2891,36487.0097
2025-05-09,2965209.5358,3260879.9699,1863217.06,2049592.9957,1489713.7518,2844808.5316,960682.3995,276817.7242,978945.7229,108971.9259,35846.753
2025-05-10,2965209.5358,3260879.9699,1863217.06,2049592.9957,1489713.7518,2844808.5316,960682.3995,276817.7242,978945.7229,108971.9259,35846.753
2025-05-11,2965209.5358,3260879.9699,1863217.06,2049592.9957,1489713.7518,2844808.5316,960682.3995,276817.7242,978945.7229,108971.9259,35846.753
2025-05-12,3148322.7625,3339144.6568,1929505.54,2214995.7662,1607736.2728,2999669.519,1025488.0385,279555.2225,1041857.7967,113712.8024,38510.6782
2025-05-13,3180285.4302,3338252.7515,1943902.87,2243978.4083,1649474.1052,3168675.2895,1076024.8414,302304.7781,1092826.9208,118270.8126,40237.0847
2025-05-14,3171323.9346,3366496.4182,2015242.23,2232088.0936,1657846.8149,3300611.9732,1119862.0554,307213.3958,1091416.3362,118137.0746,41723.3949
2025-05-15,3158180.4077,3367908.6015,1998131.88,2178157.0233,1618925.0291,3288174.3191,1104208.2083,302351.9763,1093861.3495,116534.9476,40160.8637
2025-05-16,3155342.6008,3376381.7016,2024015.53,2182615.8914,1610024.3106,3302075.2266,1127270.2547,305655.8537,1074912.4962,116832.4465,40412.3931
2025-05-17,3155342.6008,3376381.7016,2024015.53,2182615.8914,1610024.3106,3302075.2266,1127270.2547,305655.8537,1074912.4962,116832.4465,40412.3931
2025-05-18,3155342.6008,3376381.7016,2024015.53,2182615.8914,1610024.3106,3302075.2266,1127270.2547,305655.8537,1074912.4962,116832.4465,40412.3931
2025-05-19,3118301.7523,3410571.4033,2028792.61,2188667.2122,1610250.6001,3306221.1113,1101856.9102,298127.7331,1084410.4326,121892.6567,40549.5909
2025-05-20,3089624.9664,3405368.6226,1997785.88,2166479.0357,1601877.8903,3277199.9184,1107429.1645,296381.3979,1089347.4788,122831.5522,40545.7799
2025-05-21,3018381.0763,3363746.377,2054306.1,2135160.7961,1597854.9667,3214280.0212,1077796.3673,284558.2368,1080178.6788,123647.6271,39486.3075
2025-05-22,3007477.9234,3380766.9024,2080042.02,2156181.1739,1600545.2969,3239399.2049,1098474.9062,288593.687,1083940.2377,125227.9192,39711.1595
2025-05-23,2916518.743,3345982.5971,2050976.89,2133780.6703,1576634.0448,3201842.3671,1092999.2806,291000.7977,1075429.7106,126748.1658,39688.2932
2025-05-24,2916518.743,3345982.5971,2050976.89,2133780.6703,1576634.0448,3201842.3671,1092999.2806,291000.7977,1075429.7106,126748.1658,39688.2932
2025-05-25,2916518.743,3345982.5971,2050976.89,2133780.6703,1576634.0448,3201842.3671,1092999.2806,291000.7977,1075429.7106,126748.1658,39688.2932
2025-05-26,2916518.743,3345982.5971,2050976.89,2133780.6703,1576634.0448,3201842.3671,1092999.2806,291000.7977,1075429.7106,126748.1658,39688.2932
2025-05-27,2990301.7235,3424098.6332,2104499.46,2187180.9229,1615002.6786,3304513.9823,1168852.7994,291189.5907,1108014.2152,128691.4611,41841.5375
2025-05-28,2993438.2469,3399348.2621,2097593.34,2173379.6648,1618170.7309,3289364.0,1149559.2717,292062.7583,1125787.5813,132376.0802,41624.3075
2025-05-29,2986418.4087,3409159.22,2091996.8,2183783.6901,1621866.792,3396236.0,1154487.3347,288664.4844,1137730.5311,128598.6633,41338.4787
2025-05-30,2999860.6521,3421645.8937,2090599.47,2176458.407,1628001.7505,3297172.0,1115932.4889,310989.2557,1138200.7259,129092.6752,41132.6819
2025-05-31,2999860.6521,3421645.8937,2090599.47,2176458.407,1628001.7505,3297172.0,1115932.4889,310989.2557,1138200.7259,129092.6752,41132.6819
2025-06-01,2999860.6521,3421645.8937,2090599.47,2176458.407,1628001.7505,3297172.0,1115932.4889,310989.2557,1138200.7259,129092.6752,41132.6819
2025-06-02,3012556.1042,3433612.2893,2059067.63,2193869.2249,1686862.1514,3352072.0,1103789.4839,311602.8329,1169421.6654,132417.0204,41628.1186
2025-06-03,3036005.351,3441044.8332,2025601.41,2183889.8536,1676679.126,3445768.0,1108878.5948,314269.5339,1207695.528,134548.6407,42813.3557
2025-06-04,3029284.2293,3447734.1227,2047175.33,2200026.7093,1729731.4309,3462848.0,1069518.5099,306812.2107,1227584.771,133227.6366,43007.7193
2025-06-05,2996574.7704,3476052.1148,2050647.55,2207245.8289,1721358.7212,3415756.0,917006.2333,282977.0955,1222177.53,132185.0259,42767.6231
2025-06-06,3045713.6379,3496119.9832,2114906.68,2267334.3836,1754271.2649,3457968.0,950633.0161,301408.0113,1161052.1967,132373.3508,43964.2933
2025-06-07,3045713.6379,3496119.9832,2114906.68,2267334.3836,1754271.2649,3457968.0,950633.0161,301408.0113,1161052.1967,132373.3508,43964.2933
2025-06-08,3045713.6379,3496119.9832,2114906.68,2267334.3836,1754271.2649,3457968.0,950633.0161,301408.0113,1161052.1967,132373.3508,43964.2933
2025-06-09,3008822.1477,3513735.1122,2145918.13,2303536.1453,1745093.9704,3480172.0,993922.6676,311650.0311,1148592.0326,131008.6771,42683.7799
2025-06-10,3027043.8554,3500133.5569,2175611.67,2310224.4473,1766063.4597,3512624.0,1050321.6108,313419.9654,1150237.7146,126999.2657,41338.4787
2025-06-11,2968943.4923,3512768.8815,2160619.53,2263406.3332,1745295.1166,3485052.0,1051416.736,321868.4518,1189554.8453,131955.7607,42146.4216
2025-06-12,2975216.5392,3559222.2806,2139595.99,2263830.9873,1743333.9414,3538000.0,1027839.3365,319036.557,1204417.8136,133102.0866,43636.5429
2025-06-13,2934143.0177,3530161.0341,2126743.72,2251728.3455,1716958.6485,3464068.0,1047809.265,324251.9633,1169753.2325,130585.6283,42291.2416
2025-06-14,2934143.0177,3530161.0341,2126743.72,2251728.3455,1716958.6485,3464068.0,1047809.265,324251.9633,1169753.2325,130585.6283,42291.2416
2025-06-15,2934143.0177,3530161.0341,2126743.72,2251728.3455,1716958.6485,3464068.0,1047809.265,324251.9633,1169753.2325,130585.6283,42291.2416
2025-06-16,2963566.5949,3561229.0675,2151991.74,2294193.7552,1765359.4481,3530436.0,1060113.3177,333715.2121,1185745.0338,133159.4029,44379.698
2025-06-17,2922044.9986,3553053.2692,2142688.61,2280604.8241,1753064.3878,3516528.0,1018949.4973,326139.8933,1172904.558,133372.292,44440.6748
2025-06-18,2936084.6751,3569404.8657,2107123.62,2256187.2135,1749393.47,3549712.0,1037308.9478,330293.3391,1181794.1182,133789.8822,45382.0046
2025-06-19,2936084.6751,3569404.8657,2107123.62,2256187.2135,1749393.47,3549712.0,1037308.9478,330293.3391,1181794.1182,133789.8822,45382.0046
2025-06-20,3002101.026,3548296.4412,2028593.23,2226142.9362,1715651.1984,3509940.0,1037663.2529,324015.9721,1175820.71,132908.3029,45176.2078
2025-06-21,3002101.026,3548296.4412,2028593.23,2226142.9362,1715651.1984,3509940.0,1037663.2529,324015.9721,1175820.71,132908.3029,45176.2078
2025-06-22,3002101.026,3548296.4412,2028593.23,2226142.9362,1715651.1984,3509940.0,1037663.2529,324015.9721,1175820.71,132908.3029,45176.2078
2025-06-23,3009568.939,3612216.3184,2009407.99,2213190.9863,1756333.0132,3517748.0,1123083.0117,330198.9426,1193599.8303,136434.6198,44413.9974
2025-06-24,2991645.9478,3642764.0737,2029464.34,2258841.3016,1790703.8667,3608760.0,1096638.9612,338010.2526,1240634.5401,139425.9846,46616.7854
2025-06-25,3010465.0886,3658818.3684,2075970.27,2250560.5468,1781853.4348,3765164.0,1055024.2069,337231.4815,1244773.5946,137196.1078,46357.6339
2025-06-26,3002101.026,3697318.9456,2111147.33,2305022.4346,1825627.8722,3782488.0,1049323.1144,340417.3633,1270736.7544,138326.0576,47180.821
2025-06-27,3003295.8921,3686095.8044,2164930.93,2370631.4925,1844585.8997,3849100.0,1042398.0586,308534.9468,1266879.9082,141833.2691,48461.3344
2025-06-28,3003295.8921,3686095.8044,2164930.93,2370631.4925,1844585.8997,3849100.0,1042398.0586,308534.9468,1266879.9082,141833.2691,48461.3344
2025-06-29,3003295.8921,3686095.8044,2164930.93,2370631.4925,1844585.8997,3849100.0,1042398.0586,308534.9468,1266879.9082,141833.2691,48461.3344
2025-06-30,3064383.4204,3697021.6439,2145379.97,2329121.5546,1855799.7992,3854956.0,1023168.95,321703.258,1296511.7754,144423.4198,48937.7159
2025-07-01,3103963.3593,3657183.2088,2140117.49,2340481.0516,1808354.444,3740520.0,968573.7422,308393.352,1245196.907,138104.9805,46700.6285
2025-07-02,3172966.8754,3650047.9667,2174389.84,2334748.2213,1794148.4951,3836900.0,1016694.828,311791.6259,1269466.8172,137851.1512,47382.8068
2025-07-03,3189545.6423,3707650.1816,2184601.29,2371799.2912,1807826.4353,3887896.0,1015728.5411,317077.8297,1294301.144,141118.18,48720.486
2025-07-04,3189545.6423,3707650.1816,2184601.29,2371799.2912,1807826.4353,3887896.0,1015728.5411,317077.8297,1294301.144,141118.18,48720.486
2025-07-05,3189545.6423,3707650.1816,2184601.29,2371799.2912,1807826.4353,3887896.0,1015728.5411,317077.8297,1294301.144,141118.18,48720.486
2025-07-06,3189545.6423,3707650.1816,2184601.29,2371799.2912,1807826.4353,3887896.0,1015728.5411,317077.8297,1294301.144,141118.18,48720.486
2025-07-07,3135776.6687,3699325.7325,2149879.64,2372436.2724,1806166.9793,3861056.0,946767.8687,328311.0127,1289597.673,144731.836,48118.3398
2025-07-08,3136672.8183,3691149.9342,2120568.2,2328803.064,1812000.2185,3904000.0,959232.9692,329703.361,1278403.4121,144655.4143,47977.3309
2025-07-09,3153550.3016,3742360.1615,2149406.18,2362563.0647,1842448.7215,3974272.0,953016.5237,337774.2614,1307094.5851,146230.2478,48922.4717
2025-07-10,3172518.8007,3727272.0974,2161776.66,2359590.486,1828519.3486,4004040.0,998077.7011,336287.5166,1295335.9076,147210.0835,46007.0171
2025-07-11,3153849.0182,3740947.9781,2193199.09,2388891.6186,1804054.9444,4024048.0,1009801.9817,335343.5516,1290538.3672,147155.4966,46990.2684
2025-07-12,3153849.0182,3740947.9781,2193199.09,2388891.6186,1804054.9444,4024048.0,1009801.9817,335343.5516,1290538.3672,147155.4966,46990.2684
2025-07-13,3153849.0182,3740947.9781,2193199.09,2388891.6186,1804054.9444,4024048.0,1009801.9817,335343.5516,1290538.3672,147155.4966,46990.2684
2025-07-14,3115912.0201,3738718.215,2210589.35,2396004.5747,1812628.8003,4003308.0,1020721.0233,351980.934,1296276.6018,151489.7003,47531.4378
2025-07-15,3123230.5749,3759529.3378,2215045.7,2403011.3673,1786152.9344,4165080.0,1001008.7713,350635.7839,1321393.1368,152737.0121,48541.3665
2025-07-16,3138913.1922,3758042.829,2225050.55,2369463.6937,1767345.7666,4181428.0,1036084.9844,356134.3798,1320781.6856,153162.7903,47790.5893
2025-07-17,3136822.1765,3803232.6957,2234336.74,2376788.9769,1763574.2757,4221200.0,1028805.6234,363402.91,1347309.2619,155619.203,49970.5109
2025-07-18,3154147.7347,3790968.9983,2250883.66,2400675.7698,1770790.3949,4206804.0,1061788.215,362293.7512,1332681.4672,156828.3039,49185.4343
2025-07-19,3154147.7347,3790968.9983,2250883.66,2400675.7698,1770790.3949,4206804.0,1061788.215,362293.7512,1332681.4672,156828.3039,49185.4343
2025-07-20,3154147.7347,3790968.9983,2250883.66,2400675.7698,1770790.3949,4206804.0,1061788.215,362293.7512,1332681.4672,156828.3039,49185.4343
2025-07-21,3173564.3085,3791043.3238,2313044.85,2434329.6069,1792627.3271,4181672.0,1058051.9058,358211.1027,1355587.3709,154456.501,48099.2845
2025-07-22,3202241.0944,3755441.4387,2326443.89,2414901.682,1772122.9884,4075532.0,1069711.7672,351792.141,1310339.98,149838.4451,47748.6678
2025-07-23,3198507.1379,3759900.965,2315976.41,2423607.091,1794173.6383,4167032.0,1071161.1975,364913.2539,1334327.682,171237.025,49616.0831
2025-07-24,3192682.1658,3797138.0098,2330133.085,2465435.5195,1797241.1176,4239256.0,984729.5458,365456.0338,1357939.1063,169859.5718,49875.2346
2025-07-25,3194474.4649,3818172.1089,2341587.07,2457048.6011,1791910.7438,4233400.0,1019435.3759,374754.0886,1364853.2087,175472.8295,52390.5288
2025-07-26,3194474.4649,3818172.1089,2341587.07,2457048.6011,1791910.7438,4233400.0,1019435.3759,374754.0886,1364853.2087,175472.8295,52390.5288
2025-07-27,3194474.4649,3818172.1089,2341587.07,2457048.6011,1791910.7438,4233400.0,1019435.3759,374754.0886,1364853.2087,175472.8295,52390.5288
2025-07-28,3197013.5553,3809178.7308,2333979.46,2471380.6768,1804356.6637,4312700.0,1050173.9038,372582.9692,1384231.5091,176308.557,54326.5431
2025-07-29,3155491.959,3809699.0089,2371380.88,2452483.5695,1760029.0743,4282444.0,1036014.1831,368712.7129,1398906.3386,172227.9201,54383.7089
2025-07-30,3122334.4253,3814678.8133,2382160.505,2443778.1606,1747985.4468,4374188.0,1029047.2135,374305.7053,1423364.3877,178306.6807,54943.9335
2025-07-31,3100229.4028,3965594.2632,2326457.96,2485394.262,1942990.7024,4340028.0,994309.129,373692.1281,1381409.4265,179746.7453,55599.7863
2025-08-01,3022712.4659,3895796.8309,2292138.09,2279861.6794,1884131.2277,4238768.0,976117.5973,364063.6855,1357609.8634,178715.0166,54068.501
2025-08-02,3022712.4659,3895796.8309,2292138.09,2279861.6794,1884131.2277,4238768.0,976117.5973,364063.6855,1357609.8634,178715.0166,54068.501
2025-08-03,3022712.4659,3895796.8309,2292138.09,2279861.6794,1884131.2277,4238768.0,976117.5973,364063.6855,1357609.8634,178715.0166,54068.501
2025-08-04,3017793.3065,3981501.2392,2362969.745,2257228.6453,1950351.2769,4392000.0,997502.3234,379143.5257,1400317.3799,180421.8607,53537.7063
2025-08-05,3011411.9388,3922853.5565,2358143.755,2279624.9607,1917919.5305,4349544.0,995760.581,411055.7713,1377787.7539,176869.3383,52987.8183
2025-08-06,3164713.1675,3901966.359,2376370.865,2370916.6083,1939348.0973,4377848.0,1031853.3541,425930.3583,1418896.0902,180906.4193,53365.8663
2025-08-07,3265331.0117,3871490.3768,2381161.54,2379661.8362,1913824.7399,4410788.0,1039465.4135,432240.7891,1428726.3446,175818.5539,53228.3943
2025-08-08,3403643.4465,3880410.1765,2439895.325,2374969.2749,1932590.4367,4457880.0,1063269.2263,443533.139,1434417.5445,176697.8372,53434.6023
2025-08-09,3403643.4465,3880410.1765,2439895.325,2374969.2749,1932590.4367,4457880.0,1063269.2263,443533.139,1434417.5445,176697.8372,53434.6023
2025-08-10,3403643.4465,3880410.1765,2439895.325,2374969.2749,1932590.4367,4457880.0,1063269.2263,443533.139,1434417.5445,176697.8372,53434.6023
2025-08-11,3371439.8002,3878403.2216,2434581.705,2360145.0471,1923973.7915,4442264.0,1093523.9368,433379.5135,1429384.8305,177152.4512,53396.4156
2025-08-12,3408095.5635,3933928.9744,2463993.83,2361958.0821,1984591.7652,4469104.0,1099361.9993,443556.8625,1471386.8264,178970.9071,54881.877
2025-08-13,3462708.1987,3869557.7536,2448767.485,2394912.6605,1959671.3218,4430796.0,1094652.8439,437388.7722,1453795.8449,172674.3674,52468.4796
2025-08-14,3454545.9842,3883680.7697,2459507.44,2463381.3962,1964821.2118,4441288.0,1082396.1382,429441.425,1463861.2728,170213.463,50604.9703
2025-08-15,3436885.9201,3866510.1554,2471878.635,2463914.6425,1972608.8504,4402980.0,1066204.3847,420307.9067,1440861.2997,169298.7905,50814.997
2025-08-16,3436885.9201,3866510.1554,2471878.635,2463914.6425,1972608.8504,4402980.0,1066204.3847,420307.9067,1440861.2997,169298.7905,50814.997
2025-08-17,3436885.9201,3866510.1554,2471878.635,2463914.6425,1972608.8504,4402980.0,1066204.3847,420307.9067,1440861.2997,169298.7905,50814.997
2025-08-18,3426497.6471,3843690.3346,2465753.265,2468820.502,1927742.0037,4441044.0,1081041.4496,412858.7515,1438133.2865,170145.407,51815.4876
2025-08-19,3421600.3184,3789205.225,2443172.8,2431706.6079,1887824.0756,4285616.0,1062172.5736,374237.0169,1387100.6264,164186.4249,49279.893
2025-08-20,3354076.5439,3759100.9012,2415668.625,2386913.9771,1878378.4237,4279760.0,1044722.8951,370109.1411,1369509.645,164583.8719,48703.2743
2025-08-21,3337603.711,3748099.8149,2420869.045,2367077.2406,1856723.7642,4269512.0,1032498.4439,370512.4393,1362125.1955,164967.7076,48336.6823
2025-08-22,3380047.2264,3770324.9824,2496140.165,2440558.4843,1896139.2639,4342956.0,1096684.8767,376585.6359,1382820.4678,165258.9873,48103.7437
2025-08-23,3380047.2264,3770324.9824,2496140.165,2440558.4843,1896139.2639,4342956.0,1096684.8767,376585.6359,1382820.4678,165258.9873,48103.7437
2025-08-24,3380047.2264,3770324.9824,2496140.165,2440558.4843,1896139.2639,4342956.0,1096684.8767,376585.6359,1382820.4678,165258.9873,48103.7437
2025-08-25,3371142.9924,3748248.4783,2525399.905,2430960.0634,1892396.1731,4387364.0,1117940.5849,372861.0583,1383902.2662,163963.2013,47740.9703
2025-08-26,3403049.8309,3731746.8489,2509892.495,2439172.0457,1894405.8863,4435188.0,1134293.6108,381638.7253,1401681.3865,170387.6863,48852.2023
2025-08-27,3420561.4911,3766682.7309,2513536.175,2443544.6597,1877524.2956,4412880.0,1127616.9316,371793.5042,1412217.1614,169429.458,49379.1783
2025-08-28,3451281.0984,3788238.9134,2563847.215,2469993.6417,1886894.5833,4378131.0,1115940.8066,375114.7836,1451726.3177,172505.5885,51257.9623
2025-08-29,3445048.1346,3766311.0726,2578562.71,2442264.8702,1855718.9076,4232574.0,1076880.6206,371769.7808,1398765.2344,166865.1085,48707.093
2025-08-30,3445048.1346,3766311.0726,2578562.71,2442264.8702,1855718.9076,4232574.0,1076880.6206,371769.7808,1398765.2344,166865.1085,48707.093
2025-08-31,3445048.1346,3766311.0726,2578562.71,2442264.8702,1855718.9076,4232574.0,1076880.6206,371769.7808,1398765.2344,166865.1085,48707.093
2025-09-01,3445048.1346,3766311.0726,2578562.71,2442264.8702,1855718.9076,4232574.0,1076880.6206,371769.7808,1398765.2344,166865.1085,48707.093
2025-09-02,3409134.3908,3754641.0014,2559813.14,2403231.2919,1846700.3197,4149954.0,1062333.8461,372671.2709,1402763.1848,157802.7735,47355.285
2025-09-03,3538987.8033,3756350.6296,2792177.58,2410163.4848,1851573.8741,4146066.0,1077590.2193,367475.841,1422282.5893,157084.1023,47958.6343
2025-09-04,3558428.7142,3775825.5255,2811543.46,2513506.483,1880714.7153,4171338.0,1091911.2124,370417.5456,1439732.4667,163010.4175,48000.6397
2025-09-05,3557093.0791,3679417.3576,2843085.095,2477779.0275,1890260.8529,4058586.0,1165925.0231,363229.3481,1575145.3962,158456.111,47351.4663
2025-09-06,3557093.0791,3679417.3576,2843085.095,2477779.0275,1890260.8529,4058586.0,1165925.0231,363229.3481,1575145.3962,158456.111,47351.4663
2025-09-07,3557093.0791,3679417.3576,2843085.095,2477779.0275,1890260.8529,4058586.0,1165925.0231,363229.3481,1575145.3962,158456.111,47351.4663
2025-09-08,3530231.9732,3703203.49,2831182.18,2515212.869,1889884.0316,4089933.0,1151169.8438,370322.6519,1625754.7439,163396.9755,46518.997
2025-09-09,3477845.3965,3704764.455,2899899.805,2540808.658,1923546.7274,4149468.0,1153064.0898,385173.5155,1583517.5745,164886.0405,47954.8157
2025-09-10,3365652.0481,3719333.4611,2894804.845,2456449.2033,1889080.1464,4309119.0,1155789.1454,395564.3753,1745244.4412,175192.4388,52216.4476
2025-09-11,3413734.9117,3724090.6875,2909434.715,2452396.5367,1886367.0336,4305231.0,1225643.6203,389918.2003,1698304.1329,172630.8116,51823.125
2025-09-12,3473690.0873,3790171.5367,2915630.23,2433199.6949,1898148.9771,4321026.0,1315803.083,406690.6612,1699437.5005,170289.6857,51490.901
2025-09-13,3473690.0873,3790171.5367,2915630.23,2433199.6949,1898148.9771,4321026.0,1315803.083,406690.6612,1699437.5005,170289.6857,51490.901
2025-09-14,3473690.0873,3790171.5367,2915630.23,2433199.6949,1898148.9771,4321026.0,1315803.083,406690.6612,1699437.5005,170289.6857,51490.901
2025-09-15,3512720.313,3830756.6251,3043849.365,2468180.6066,1921034.5859,4319325.0,1362660.7469,406168.7459,1719365.8809,171141.7466,52796.885
2025-09-16,3534238.8785,3783779.0136,3039050.95,2496122.6763,1956958.209,4249584.0,1401143.8497,403915.0206,1700051.4079,168209.8948,52182.0796
2025-09-17,3546704.8061,3791063.5166,3019688.94,2470206.9399,1948705.8243,4138047.0,1416048.7563,399336.3997,1634741.0997,167360.5561,52250.8156
2025-09-18,3530231.9732,3779393.4454,3049806.87,2466047.6242,1960098.3859,4282632.0,1386089.1468,419833.4382,1630868.7603,166328.8273,54209.7916
2025-09-19,3643315.745,3849859.8627,3083627.5,2468713.8522,1955400.6813,4293081.0,1416747.038,432691.5342,1628932.5907,169914.0166,54836.053
2025-09-20,3643315.745,3849859.8627,3083627.5,2468713.8522,1955400.6813,4293081.0,1416747.038,432691.5342,1628932.5907,169914.0166,54836.053
2025-09-21,3643315.745,3849859.8627,3083627.5,2468713.8522,1955400.6813,4293081.0,1416747.038,432691.5342,1628932.5907,169914.0166,54836.053
2025-09-22,3800327.0712,3823992.4437,3056146.545,2427653.9406,1922190.171,4461723.0,1443813.7662,425432.1664,1599890.0458,175412.9402,58028.4583
2025-09-23,3775840.4277,3785191.3152,3047556.42,2353852.7489,1897671.6702,4335849.0,1416015.5048,433071.109,1600598.4006,172429.3658,54458.005
2025-09-24,3744378.8009,3792029.8282,2992950.075,2348520.2929,1910885.5344,4300371.0,1472343.5608,425977.8051,1602345.6756,171220.6915,54079.957
2025-09-25,3812050.9793,3768838.3491,2977149.99,2326550.574,1881367.872,4317867.0,1407835.6336,424933.9744,1587186.8839,165381.488,53373.5036
2025-09-26,3791126.0294,3801767.2762,2985401.0,2343934.3807,1868405.222,4330017.0,1464396.4502,421256.8437,1579772.7708,164741.7618,52934.357
2025-09-27,3791126.0294,3801767.2762,2985401.0,2343934.3807,1868405.222,4330017.0,1464396.4502,421256.8437,1579772.7708,164741.7618,52934.357
2025-09-28,3791126.0294,3801767.2762,2985401.0,2343934.3807,1868405.222,4330017.0,1464396.4502,421256.8437,1579772.7708,164741.7618,52934.357
2025-09-29,3775840.4277,3825107.4186,2953355.285,2369423.5206,1867525.9725,4418955.0,1473740.1242,424317.1654,1548463.4907,163995.8682,54725.3116
2025-09-30,3778808.5057,3850008.526,2942685.475,2341694.7491,1844866.4564,4533894.0,1478761.102,432762.7044,1557955.4444,167390.5007,57608.4049
2025-10-01,3790977.6255,3863090.8988,2965566.84,2352999.556,1802059.5657,4549932.0,1527773.8261,438764.7308,1574389.2747,165008.5412,61705.8342
2025-10-02,3815909.4807,3833581.2283,2975706.45,2371983.0995,1826452.4594,4590027.0,1449765.7863,443746.6498,1597009.4031,165030.3191,61724.9276
2025-10-03,3829117.4278,3845548.6262,2973701.75,2341054.8544,1785027.2465,4559166.0,1429249.6053,410581.3028,1597906.6525,161970.5221,61175.0396
2025-10-04,3829117.4278,3845548.6262,2973701.75,2341054.8544,1785027.2465,4559166.0,1429249.6053,410581.3028,1597906.6525,161970.5221,61175.0396
2025-10-05,3829117.4278,3845548.6262,2973701.75,2341054.8544,1785027.2465,4559166.0,1429249.6053,410581.3028,1597906.6525,161970.5221,61175.0396
2025-10-06,3809379.7091,3928948.7529,3035022.2,2355879.0822,1797839.168,4508622.0,1507124.6391,425906.6348,1584306.2412,164210.9251,62167.8929
2025-10-07,3806263.2272,3894830.5193,2980240.735,2365264.2049,1791357.843,4496472.0,1440089.5972,432169.6188,1588650.8171,165000.3745,60667.1569
2025-10-08,3829711.0434,3901297.374,2963351.22,2401951.5025,1803315.6364,4595373.0,1458710.4422,435467.1748,1631577.1151,170262.4633,63916.8422
2025-10-09,3770052.6756,3883086.1164,2925044.2,2428827.081,1842680.8933,4679451.0,1448236.2169,439998.3488,1629310.3799,172663.4784,64489.6422
2025-10-10,3639902.4553,3798050.693,2866462.8,2307567.0304,1771813.3823,4450788.0,1374916.6399,416203.7543,1533021.3571,164575.7052,64539.2849
2025-10-11,3639902.4553,3798050.693,2866462.8,2307567.0304,1771813.3823,4450788.0,1374916.6399,416203.7543,1533021.3571,164575.7052,64539.2849
2025-10-12,3639902.4553,3798050.693,2866462.8,2307567.0304,1771813.3823,4450788.0,1374916.6399,416203.7543,1533021.3571,164575.7052,64539.2849
2025-10-13,3675370.9874,3821019.1771,2955618.315,2347027.2052,1797939.6537,4576176.0,1449433.2712,420402.8004,1684467.6033,176469.1691,68354.1329
2025-10-14,3677003.4303,3817451.2573,2972803.89,2307780.3287,1780229.0563,4374729.0,1427287.7663,426404.8268,1625107.475,175423.8292,66883.9462
2025-10-15,3700302.8426,3816410.614,3039937.2,2299035.1008,1802587.1154,4369869.0,1446939.408,426120.1457,1659108.5032,167676.3358,68930.7515
2025-10-16,3672254.5055,3802882.2512,3043615.71,2287303.6974,1788820.5801,4417983.0,1425658.4424,422561.632,1672425.5725,163878.8119,67903.5302
2025-10-17,3744081.9931,3817525.5889,3066278.415,2272052.8731,1800991.9055,4452246.0,1460772.0357,422632.8023,1649663.7731,163334.364,66444.7995
2025-10-18,3744081.9931,3817525.5889,3066278.415,2272052.8731,1800991.9055,4452246.0,1460772.0357,422632.8023,1649663.7731,163334.364,66444.7995
2025-10-19,3744081.9931,3817525.5889,3066278.415,2272052.8731,1800991.9055,4452246.0,1460772.0357,422632.8023,1649663.7731,163334.364,66444.7995
2025-10-20,3891743.8736,3841386.053,3105466.845,2308740.1708,1839314.6238,4438152.0,1487772.2609,430793.6602,1649238.7603,161720.076,67105.4289
2025-10-21,3899609.2803,3847852.9078,3034214.32,2367930.4329,1842077.9794,4402188.0,1471711.7821,430603.8728,1618165.5984,159340.8388,66750.2929
2025-10-22,3835498.7955,3869260.4269,3048855.8,2324417.5915,1842429.6792,4380804.0,1459641.4844,416322.3715,1607020.817,156280.5844,65605.4311
2025-10-23,3852268.4362,3869409.0903,3064554.295,2357905.4155,1843911.8427,4426488.0,1493226.2896,428160.3601,1625863.0534,161476.3712,70044.3789
2025-10-24,3900351.2998,3892080.2477,3146926.045,2391179.9413,1854864.7795,4526118.0,1442474.2891,438005.5812,1672331.1252,158556.963,71137.8665
2025-10-25,3900351.2998,3892080.2477,3146926.045,2391179.9413,1854864.7795,4526118.0,1442474.2891,438005.5812,1672331.1252,158556.963,71137.8665
2025-10-26,3900351.2998,3892080.2477,3146926.045,2391179.9413,1854864.7795,4526118.0,1442474.2891,438005.5812,1672331.1252,158556.963,71137.8665
2025-10-27,3989245.2359,3950876.5938,3260414.69,2420615.0987,1886166.0623,4653207.0,1504667.1075,448799.7392,1709732.2562,158556.963,73753.0606
2025-10-28,3992064.91,4029296.4991,3240401.54,2444931.0982,1887723.59,4885029.0,1531706.0174,449796.123,1761300.4823,154918.5557,72862.2123
2025-10-29,4002453.183,4025004.1191,3324161.68,2456129.2559,1888301.3825,5031072.0,1534898.8038,471645.3967,1822738.4512,156815.0857,76188.5556
2025-10-30,4027681.846,3907646.8759,3399066.92,2376782.3099,1680216.3659,4930227.0,1463693.0154,461539.218,1777828.7598,155756.9359,74081.8715
2025-10-31,3995082.5606,3848559.4735,3396791.37,2610764.5542,1634534.609,4920507.0,1518435.9989,475583.4851,1745527.7831,158760.4534,73737.767
2025-11-01,3995082.5606,3848559.4735,3396791.37,2610764.5542,1634534.609,4920507.0,1518435.9989,475583.4851,1745527.7831,158760.4534,73737.767
2025-11-02,3995082.5606,3848559.4735,3396791.37,2610764.5542,1634534.609,4920507.0,1518435.9989,475583.4851,1745527.7831,158760.4534,73737.767
2025-11-03,3975577.7747,3842762.219,3425980.44,2715314.8668,1607710.4426,5027184.0,1557713.9232,491501.9028,1712093.4387,157707.73,73179.5531
2025-11-04,3990206.3641,3822694.7993,3352105.74,2665284.6559,1581516.5434,4828167.0,1477528.4231,454421.8089,1661989.1458,148672.7587,69134.4138
2025-11-05,3991683.9994,3769404.6515,3433333.09,2674692.046,1603273.3625,4743603.0,1536761.2625,447655.7507,1695234.5956,151858.0609,72915.7397
2025-11-06,3986216.7488,3694634.9323,3439516.77,2598150.0993,1560389.9913,4570344.0,1483016.0248,417041.7198,1679225.7782,149272.3769,69975.558
2025-11-07,3967007.4899,3692553.8666,3369711.97,2612795.6952,1567373.3504,4572045.0,1428505.8486,423903.0746,1650136.0096,156044.5356,68744.4287
2025-11-08,3967007.4899,3692553.8666,3369711.97,2612795.6952,1567373.3504,4572045.0,1428505.8486,423903.0746,1650136.0096,156044.5356,68744.4287
2025-11-09,3967007.4899,3692553.8666,3369711.97,2612795.6952,1567373.3504,4572045.0,1428505.8486,423903.0746,1650136.0096,156044.5356,68744.4287
2025-11-10,3981192.7888,3760783.0934,3503492.42,2655449.6571,1592710.0865,4836915.0,1480754.4677,461259.3395,1692448.4002,157311.6021,71818.4287
2025-11-11,4067191.1633,3780701.8655,3517743.81,2662932.8083,1580911.487,4693788.0,1462096.6222,454945.9401,1662083.5931,156302.29,68457.6749
2025-11-12,4040889.2549,3798985.5146,3463925.73,2610550.7499,1535355.7835,4709340.0,1432097.7333,438769.3433,1677478.5031,156117.7921,66285.9933
2025-11-13,4033205.5513,3740641.35,3364709.59,2539781.5199,1537574.3235,4540698.0,1336946.0469,410108.8926,1605509.6602,151442.9406,62565.8415
2025-11-14,4025226.3207,3791850.432,3338761.43,2508886.7956,1536490.2642,4621131.0,1344794.9802,414564.0084,1617221.1254,156907.3346,65368.3814
2025-11-15,4025226.3207,3791850.432,3338761.43,2508886.7956,1536490.2642,4621131.0,1344794.9802,414564.0084,1617221.1254,156907.3346,65368.3814
2025-11-16,4025226.3207,3791850.432,3338761.43,2508886.7956,1536490.2642,4621131.0,1344794.9802,414564.0084,1617221.1254,156907.3346,65368.3814
2025-11-17,3952083.3734,3771857.3361,3442716.58,2489430.6025,1517708.3056,4534380.0,1359993.9738,407988.5434,1618118.3748,156557.3313,63716.6799
2025-11-18,3951787.8463,3670033.7623,3434369.8,2379107.5732,1506817.2907,4407048.0,1334484.9408,398649.4772,1607965.29,150563.8623,63032.2943
2025-11-19,3968337.3617,3620459.8033,3534387.31,2380604.2035,1488237.0176,4532436.0,1343597.6853,394099.0648,1673700.6111,161536.0617,65246.0331
2025-11-20,3934203.9862,3555872.4415,3495881.99,2321273.5046,1485287.3677,4389552.0,1314463.5094,371049.2011,1637810.6369,151404.9557,61025.0181
2025-11-21,4011632.076,3508974.1385,3615938.94,2359223.7715,1498144.8159,4346784.0,1300694.618,368916.9398,1606548.5805,150810.7639,61109.1326
2025-11-22,4011632.076,3508974.1385,3615938.94,2359223.7715,1498144.8159,4346784.0,1300694.618,368916.9398,1606548.5805,150810.7639,61109.1326
2025-11-23,4011632.076,3508974.1385,3615938.94,2359223.7715,1498144.8159,4346784.0,1300694.618,368916.9398,1606548.5805,150810.7639,61109.1326
2025-11-24,4077091.3198,3522947.0085,3843663.78,2418982.079,1545540.8992,4435965.0,1389460.7316,386546.8097,1784865.0837,157498.8132,64580.7644
2025-11-25,4092606.4904,3545169.8177,3904116.08,2455221.9112,1603954.0509,4321026.0,1394848.5586,389643.949,1818252.2044,155347.242,64833.1077
2025-11-26,4101176.7752,3608419.3515,3862759.89,2449769.9011,1597374.0628,4380318.0,1418727.9403,394932.91,1877470.6618,160003.1011,65769.8366
2025-11-27,4101176.7752,3608419.3515,3862759.89,2449769.9011,1597374.0628,4380318.0,1418727.9403,394932.91,1877470.6618,160003.1011,65769.8366
2025-11-28,4120386.0341,3656804.13,3863262.38,2493172.1781,1633526.1817,4301100.0,1430667.6311,401317.7818,1902924.2093,162729.8717,68717.665
2025-11-29,4120386.0341,3656804.13,3863262.38,2493172.1781,1633526.1817,4301100.0,1430667.6311,401317.7818,1902924.2093,162729.8717,68717.665
2025-11-30,4120386.0341,3656804.13,3863262.38,2493172.1781,1633526.1817,4301100.0,1430667.6311,401317.7818,1902924.2093,162729.8717,68717.665
2025-12-01,4183185.5343,3617635.4998,3801118.07,2500227.7207,1615677.0183,4372056.0,1430567.8565,399030.6636,1823210.6877,156524.7728,68522.6725
2025-12-02,4228844.4651,3641865.051,3812103.15,2506000.4373,1631383.2736,4409478.0,1427574.6192,406654.3911,1801912.8214,163220.9617,69168.8242
2025-12-03,4198700.7049,3550669.7771,3862744.93,2484192.3966,1612475.2617,4364037.0,1485776.4547,419495.6071,1797379.351,163326.7767,68392.6774
2025-12-04,4147722.2871,3573784.4716,3837208.1,2449235.3903,1667762.2887,4456134.0,1511684.586,423879.2505,1799362.7443,170690.414,69792.0357
2025-12-05,4119351.6893,3591027.5878,3881544.05,2453725.281,1697737.7903,4432563.0,1513247.721,433027.7235,1842855.7262,171290.0322,72269.5879
2025-12-06,4119351.6893,3591027.5878,3881544.05,2453725.281,1697737.7903,4432563.0,1513247.721,433027.7235,1842855.7262,171290.0322,72269.5879
2025-12-07,4119351.6893,3591027.5878,3881544.05,2453725.281,1697737.7903,4432563.0,1513247.721,433027.7235,1842855.7262,171290.0322,72269.5879
2025-12-08,4106200.7352,3649446.0762,3789913.68,2425503.1107,1681048.3184,4508865.0,1461963.5894,432384.4715,1894140.6103,168734.1935,70965.8143
2025-12-09,4095709.5245,3656878.4538,3830109.12,2436514.0332,1656241.0067,4494771.0,1480554.9186,433218.3167,1918649.6848,169656.683,68201.5083
2025-12-10,4119351.6893,3556838.6506,3868578.19,2477778.267,1639022.1105,4465854.0,1501441.0629,447679.5748,1950195.0831,196164.6919,69516.7521
2025-12-11,4108269.4246,3593331.6249,3777494.37,2461742.943,1645526.4666,4396599.0,1486275.3275,446798.0813,1919027.474,191063.8672,68308.563
2025-12-12,4111963.5128,3556615.6792,3739370.87,2418019.9595,1624147.8077,4252986.0,1526417.9649,437339.8944,1699720.8424,182248.6655,61659.6997
2025-12-13,4111963.5128,3556615.6792,3739370.87,2418019.9595,1624147.8077,4252986.0,1526417.9649,437339.8944,1699720.8424,182248.6655,61659.6997
2025-12-14,4111963.5128,3556615.6792,3739370.87,2418019.9595,1624147.8077,4252986.0,1526417.9649,437339.8944,1699720.8424,182248.6655,61659.6997
2025-12-15,4050346.1208,3529041.5581,3725701.54,2379000.6711,1632416.9116,4283847.0,1580795.1083,436577.5216,1604706.8581,184864.1947,61839.3987
2025-12-16,4057734.2973,3540710.3911,3706140.67,2379214.4754,1656720.0097,4318596.0,1629252.2935,447298.3885,1611743.182,186185.5254,61426.4734
2025-12-17,4016803.7995,3538703.6491,3588329.76,2365424.0968,1637433.8375,4153842.0,1554022.264,422378.3291,1539585.4445,166642.3127,57285.7494
2025-12-18,4021975.5231,3597122.1375,3657302.94,2424113.3827,1675123.808,4231602.0,1607601.2108,442390.6139,1564051.4008,173490.4411,59029.2121
2025-12-19,4043844.5255,3611540.9501,3714950.32,2430420.6101,1660804.1403,4398057.0,1600384.1832,460711.3841,1613739.9502,178604.8318,61105.3092
2025-12-20,4043844.5255,3611540.9501,3714950.32,2430420.6101,1660804.1403,4398057.0,1600384.1832,460711.3841,1613739.9502,178604.8318,61105.3092
2025-12-21,4043844.5255,3611540.9501,3714950.32,2430420.6101,1660804.1403,4398057.0,1600384.1832,460711.3841,1613739.9502,178604.8318,61105.3092
2025-12-22,4003948.3724,3604108.5725,3747148.66,2441966.0434,1667686.6566,4463667.0,1625427.6015,462140.833,1618907.9387,179562.593,63563.7445
2025-12-23,4024487.5031,3618453.0613,3801012.69,2481626.7448,1676359.1315,4597803.0,1614884.7547,462498.1952,1656221.7635,179464.9176,63567.5679
2025-12-24,4045913.2149,3627148.9432,3799332.27,2484192.3966,1682939.1196,4583223.0,1614352.6237,462593.4918,1660488.9099,181057.5687,63800.7943
2025-12-25,4045913.2149,3627148.9432,3799332.27,2484192.3966,1682939.1196,4583223.0,1614352.6237,462593.4918,1660488.9099,181057.5687,63800.7943
2025-12-26,4039854.9102,3624844.9061,3791575.77,2485689.0269,1672199.3688,4629879.0,1580396.01,449585.5067,1669544.7428,180010.2717,64072.2545
2025-12-27,4039854.9102,3624844.9061,3791575.77,2485689.0269,1672199.3688,4629879.0,1580396.01,449585.5067,1669544.7428,180010.2717,64072.2545
2025-12-28,4039854.9102,3624844.9061,3791575.77,2485689.0269,1672199.3688,4629879.0,1580396.01,449585.5067,1669544.7428,180010.2717,64072.2545
2025-12-29,4045174.3973,3620311.1558,3788565.76,2480878.4297,1660602.4548,4573746.0,1528679.5219,438793.1674,1656553.6526,180010.2717,63322.8714
2025-12-30,4035126.4772,3623135.4593,3791307.55,2485795.929,1678905.4104,4557222.0,1511352.0041,430835.9018,1658734.6386,178973.8276,62833.4784
2025-12-31,4017099.3266,3594446.4815,3781633.4,2467515.6597,1664131.9504,4531950.0,1495687.3958,423474.2399,1640954.8618,177326.9124,61942.6301
2026-01-01,4017099.3266,3594446.4815,3781633.4,2467515.6597,1664131.9504,4531950.0,1495687.3958,423474.2399,1640954.8618,177326.9124,61942.6301
2026-01-02,4004539.4265,3515068.6882,3803905.81,2421333.9265,1639728.0096,4589055.0,1456941.6025,399912.1571,1648161.598,184375.8179,67142.4311
2026-01-03,4004539.4265,3515068.6882,3803905.81,2421333.9265,1639728.0096,4589055.0,1456941.6025,399912.1571,1648161.598,184375.8179,67142.4311
2026-01-04,4004539.4265,3515068.6882,3803905.81,2421333.9265,1639728.0096,4589055.0,1456941.6025,399912.1571,1648161.598,184375.8179,67142.4311
2026-01-05,3949128.1028,3514399.7742,3824234.02,2491461.7435,1660854.5616,4571316.0,1502172.7432,414635.4808,1628248.2481,184731.2477,66507.7495
2026-01-06,3876723.9731,3556467.0317,3794364.66,2575593.7435,1665468.1166,4549932.0,1439946.6665,428143.7731,1629907.6939,186215.3706,66890.0879
2026-01-07,3846727.9765,3593331.6249,3887955.26,2582328.5796,1635391.7722,4595373.0,1434791.6468,432837.1303,1628627.55,179700.9664,65586.3142
2026-01-08,3827666.4811,3553494.0806,3930406.44,2632893.3013,1628761.3626,4496472.0,1449391.993,421353.8907,1576378.7127,170497.7764,61472.354
2026-01-09,3812201.0666,3562189.9625,3968176.15,2644545.6368,1646408.8405,4492098.0,1480022.7875,422854.8121,1635597.2224,168896.9857,62542.9012
2026-01-10,3812201.0666,3562189.9625,3968176.15,2644545.6368,1646408.8405,4492098.0,1480022.7875,422854.8121,1635597.2224,168896.9857,62542.9012
2026-01-11,3812201.0666,3562189.9625,3968176.15,2644545.6368,1646408.8405,4492098.0,1480022.7875,422854.8121,1635597.2224,168896.9857,62542.9012
2026-01-12,3825135.2415,3546581.9694,4009624.98,2634817.5402,1618450.1934,4494042.0,1493159.7732,427429.0486,1669924.0447,173582.6901,65008.9834
2026-01-13,3836893.5823,3498197.1909,4056830.87,2593446.4043,1591020.9707,4515183.0,1487306.3315,426356.9619,1681303.1019,176925.3581,66037.4734
2026-01-14,3820872.843,3414285.6472,4055320.44,2529839.619,1551767.9379,4450302.0,1460699.7781,425022.8096,1611511.5515,174779.2133,65326.3242
2026-01-15,3795151.4725,3394069.5799,4017870.9,2546195.6495,1565079.1783,4545315.0,1458604.5121,421854.1978,1626351.7385,174250.1384,65968.6525
2026-01-16,3755761.0308,3417853.1884,3984091.52,2556244.4526,1563692.5907,4525389.0,1455045.8856,407297.6431,1667553.4078,184918.4588,67647.1177
2026-01-17,3755761.0308,3417853.1884,3984091.52,2556244.4526,1563692.5907,4525389.0,1455045.8856,407297.6431,1667553.4078,184918.4588,67647.1177
2026-01-18,3755761.0308,3417853.1884,3984091.52,2556244.4526,1563692.5907,4525389.0,1455045.8856,407297.6431,1667553.4078,184918.4588,67647.1177
2026-01-19,3755761.0308,3417853.1884,3984091.52,2556244.4526,1563692.5907,4525389.0,1455045.8856,407297.6431,1667553.4078,184918.4588,67647.1177
