date,AAPL,MSFT,GOOGL,AMZN,META,NVDA,TSLA,PLTR,AVGO,GEV,VRT
2013-01-01,-37,-18,-19,-55,68,-76,64,,-100,,
2013-01-02,-36,-15,-12,-55,68,-76,64,,-100,,
2013-01-03,-36,-15,-16,-55,68,-76,64,,-100,,
2013-01-04,-36,-15,-16,-55,68,-76,64,,-100,,
2013-01-05,-36,-18,-16,-55,68,-76,64,,-100,,
2013-01-06,-39,-18,-16,-52,68,-76,71,,-100,,
2013-01-07,-39,-18,-16,-52,16,-76,71,,-100,,
2013-01-08,-38,-16,-16,-47,16,-76,69,,-100,,
2013-01-09,-24,-16,-16,2,17,-76,66,,-100,,
2013-01-10,-26,-19,-16,2,17,-76,66,,-100,,
2013-01-11,-26,-22,-16,2,20,-76,66,,-100,,
2013-01-12,-26,-22,-16,2,20,-76,66,,-100,,
2013-01-13,-26,-22,-16,2,20,-76,66,,-100,,
2013-01-14,-26,-27,-16,2,23,-76,66,,-100,,
2013-01-15,-32,-29,-16,2,23,-76,66,,-100,,
2013-01-16,-34,-29,-16,2,22,-73,66,,-100,,
2013-01-17,-36,-27,-22,2,22,-73,66,,-100,,
2013-01-18,-42,-26,-29,2,22,-73,66,,-100,,
2013-01-19,-42,-26,-29,2,22,-73,8,,-100,,
2013-01-20,-42,-26,-30,2,22,-73,0,,-100,,
2013-01-21,-42,-26,-30,2,22,-73,0,,-100,,
2013-01-22,-44,-23,-33,2,22,-73,0,,-100,,
2013-01-23,-44,-26,-93,2,22,-2,8,,-100,,
2013-01-24,-74,-26,-92,2,22,-2,8,,-100,,
2013-01-25,-78,-27,-100,2,25,-2,8,,-100,,
2013-01-26,-78,-27,-100,2,28,-2,8,,-100,,
2013-01-27,-78,-27,-100,2,28,-2,8,,-100,,
2013-01-28,-78,-27,-100,2,28,-2,-7,,-100,,
2013-01-29,-78,-27,-100,2,28,-2,-7,,-100,,
2013-01-30,-78,-27,-100,-85,31,-2,-7,,-100,,
2013-01-31,-78,-27,-100,-87,43,-2,-7,,-100,,
2013-02-01,-78,-30,-100,-87,44,-2,0,,-100,,
2013-02-02,-78,-30,-100,-87,44,-2,0,,-100,,
2013-02-03,-78,-30,-100,-90,44,-2,0,,-100,,
2013-02-04,-74,-29,-100,-90,44,-2,0,,-100,,
2013-02-05,-74,-29,-100,-90,44,-2,0,,-100,,
2013-02-06,-74,-29,-100,-90,38,-6,0,,-100,,
2013-02-07,-74,-29,-100,-90,38,-9,0,,-100,,
2013-02-08,-74,-29,-100,-92,36,-9,0,,-100,,
2013-02-09,-72,-29,-100,-92,33,-9,0,,-100,,
2013-02-10,-72,-27,-100,-92,33,-9,0,,-100,,
2013-02-11,-72,-27,-96,-92,33,-9,0,,-100,,
2013-02-12,-72,-27,-96,-92,36,-9,0,,-100,,
2013-02-13,-72,-27,-96,-92,36,-9,0,,-15,,
2013-02-14,-72,-27,-96,-92,36,-87,0,,-15,,
2013-02-15,-72,-27,-96,-94,36,-87,-9,,-15,,
2013-02-16,-72,-27,-96,-94,36,-87,-9,,-15,,
2013-02-17,-72,-24,-96,-94,36,-87,-10,,-15,,
2013-02-18,-72,-24,-96,-94,36,-87,-10,,-15,,
2013-02-19,-76,-18,-96,-94,36,-87,-10,,-15,,
2013-02-20,-76,-18,-96,-94,36,-87,-10,,-26,,
2013-02-21,-76,-18,-96,-97,36,-87,78,,-26,,
2013-02-22,-76,-16,-92,-97,36,-87,78,,-31,,
2013-02-23,-76,-16,-92,-97,33,-87,78,,-31,,
2013-02-24,-76,-16,-92,-97,33,-87,78,,-31,,
2013-02-25,-76,-13,-92,-97,33,-87,78,,-31,,
2013-02-26,-76,-13,-92,-97,33,-87,78,,-31,,
2013-02-27,-74,-13,-92,-97,33,-87,78,,-63,,
2013-02-28,-74,-8,-92,-97,33,-87,78,,-63,,
2013-03-01,-76,-8,-92,-97,33,-87,78,,-63,,
2013-03-02,-76,-5,-92,-97,33,-87,78,,-63,,
2013-03-03,-76,-5,-92,-97,33,-87,78,,-63,,
2013-03-04,-76,-5,-85,-97,33,-87,78,,-63,,
2013-03-05,-76,-5,-85,-97,33,-87,78,,-63,,
2013-03-06,-78,-5,-78,-97,33,-87,78,,-63,,
2013-03-07,-80,-5,-78,-97,33,-87,78,,-63,,
2013-03-08,-80,-8,-81,-97,33,-87,78,,-63,,
2013-03-09,-80,-8,-81,-97,33,-87,78,,-63,,
2013-03-10,-80,-8,-81,-97,33,-87,78,,-63,,
2013-03-11,-80,-8,-81,-97,33,-87,85,,-63,,
2013-03-12,-80,-10,-81,-97,33,-87,85,,-63,,
2013-03-13,-80,-10,-81,-97,33,-87,85,,-63,,
2013-03-14,-80,-10,-82,-97,33,-87,85,,-63,,
2013-03-15,-80,-10,-82,-97,35,-81,85,,-63,,
2013-03-16,-80,-10,-82,-97,35,-81,85,,-63,,
2013-03-17,-80,-10,-82,-97,35,-81,85,,-63,,
2013-03-18,-80,-10,-82,-97,35,-81,85,,-63,,
2013-03-19,-80,-13,-82,-97,35,-81,85,,-63,,
2013-03-20,-80,-13,-82,-97,35,-81,85,,-63,,
2013-03-21,-80,-16,-82,-97,35,-81,85,,-63,,
2013-03-22,-82,-16,-82,-97,35,-81,85,,-63,,
2013-03-23,-82,-16,-82,-97,35,-81,85,,-63,,
2013-03-24,-82,-18,-82,-97,35,-81,85,,-63,,
2013-03-25,-82,-18,-82,-97,35,-81,85,,-63,,
2013-03-26,-86,-16,-82,-97,35,-81,85,,-63,,
2013-03-27,-86,-13,-82,-97,32,-81,85,,-63,,
2013-03-28,-86,-13,-82,-97,32,-81,85,,-63,,
2013-03-29,-86,-13,-82,-97,32,-81,85,,-63,,
2013-03-30,-84,-8,-82,-95,32,-81,85,,-63,,
2013-03-31,-80,-2,-78,-95,32,-81,85,,-63,,
2013-04-01,-76,-2,-78,-95,32,-81,85,,-63,,
2013-04-02,-76,-2,-72,-95,32,-81,86,,-63,,
2013-04-03,-76,-2,-68,-95,37,-81,86,,-63,,
2013-04-04,-76,-5,-68,-95,32,-81,86,,-63,,
2013-04-05,-76,-8,-68,-92,29,-81,86,,-63,,
2013-04-06,-76,-8,-68,-92,29,-81,86,,-63,,
2013-04-07,-76,-8,-65,-92,29,-81,86,,-63,,
2013-04-08,-76,-8,-13,-92,29,-81,86,,-63,,
2013-04-09,-32,-10,-12,-92,29,-81,86,,-63,,
2013-04-10,-26,-18,-10,-92,29,-81,86,,-63,,
2013-04-11,-30,-24,-10,-92,30,-78,86,,-68,,
2013-04-12,-32,-27,-10,-92,30,-81,86,,-68,,
2013-04-13,-32,-27,-10,-92,30,-81,86,,-68,,
2013-04-14,-32,-27,-10,-92,30,-81,86,,-68,,
2013-04-15,-36,-27,-10,-17,30,-81,86,,-68,,
2013-04-16,-37,-30,-10,-9,-2,-81,86,,-66,,
2013-04-17,-45,-27,-10,-9,-2,-81,86,,-66,,
2013-04-18,-47,-25,-10,-9,-2,-81,86,,-66,,
2013-04-19,-44,-33,-40,-9,-2,-81,86,,-66,,
2013-04-20,-43,-34,-40,-9,-2,-81,86,,-66,,
2013-04-21,-43,-34,-40,-9,-2,-81,86,,-66,,
2013-04-22,-47,-34,-40,-14,-2,-81,86,,-66,,
2013-04-23,-47,-34,-40,-14,-2,-81,86,,-66,,
2013-04-24,-86,-37,-40,-14,0,-81,86,,-66,,
2013-04-25,-86,-37,-40,-14,0,-81,86,,-66,,
2013-04-26,-86,-37,-40,-42,0,-81,86,,-66,,
2013-04-27,-86,-37,-40,-42,0,-81,86,,-61,,
2013-04-28,-86,-37,-40,-42,-2,-81,86,,-61,,
2013-04-29,-86,-37,-40,-42,-2,-81,86,,-61,,
2013-04-30,-86,-37,-40,-42,-2,-18,86,,-61,,
2013-05-01,-86,-37,-40,-42,-2,-18,86,,-61,,
2013-05-02,-86,-37,-40,-42,41,-18,86,,-61,,
2013-05-03,-82,-37,-37,-42,41,-18,86,,-61,,
2013-05-04,-82,-37,-37,-42,41,-18,86,,-61,,
2013-05-05,-82,-36,-39,-42,41,-18,86,,-61,,
2013-05-06,-82,-36,-39,-42,41,-18,86,,-55,,
2013-05-07,-82,-36,-39,-40,41,-18,46,,-55,,
2013-05-08,-82,-36,-39,-40,41,-18,46,,-55,,
2013-05-09,-82,-36,-39,-40,41,-18,33,,-55,,
2013-05-10,-82,-36,-39,-41,41,-31,33,,-55,,
2013-05-11,-82,-36,-39,-41,41,-31,33,,-55,,
2013-05-12,-82,-36,-39,-41,41,-31,33,,-55,,
2013-05-13,-82,-36,-39,-41,41,-31,33,,-16,,
2013-05-14,-82,-36,-39,-41,41,-31,20,,-16,,
2013-05-15,-80,-38,-39,-41,41,-31,20,,-16,,
2013-05-16,-80,-38,-39,-41,41,-31,20,,-22,,
2013-05-17,-82,-38,-39,-41,41,-31,20,,-22,,
2013-05-18,-82,-38,-42,-38,41,-31,20,,-22,,
2013-05-19,-82,-38,-42,-38,41,-31,20,,-22,,
2013-05-20,-82,-37,-42,-39,41,-31,20,,-23,,
2013-05-21,-82,-37,-42,-42,41,-31,20,,-23,,
2013-05-22,-82,-35,-42,-42,41,-31,6,,-23,,
2013-05-23,-82,-35,-42,-42,42,-31,6,,-23,,
2013-05-24,-82,-35,-42,-42,42,-31,6,,-23,,
2013-05-25,-82,-35,-42,-42,42,-32,6,,-23,,
2013-05-26,-82,-35,-42,-42,42,-32,6,,-23,,
2013-05-27,-82,-35,-42,-42,42,-32,6,,-23,,
2013-05-28,-82,-35,-42,-42,42,-32,6,,-23,,
2013-05-29,-78,-35,-42,-42,48,-32,6,,-17,,
2013-05-30,-78,-36,-42,-42,48,-32,0,,27,,
2013-05-31,-78,-36,-35,-42,48,-32,0,,29,,
2013-06-01,-78,-36,-35,-42,48,-32,0,,29,,
2013-06-02,-78,-33,-35,-42,50,-29,0,,29,,
2013-06-03,-78,-33,-35,-38,50,-29,0,,29,,
2013-06-04,-78,-33,-35,-38,50,-29,0,,29,,
2013-06-05,-76,-30,-35,-38,50,-29,0,,29,,
2013-06-06,-76,-30,-35,-38,50,-29,0,,29,,
2013-06-07,-76,-30,-35,-38,50,-29,0,,29,,
2013-06-08,-76,-30,-35,-38,50,-29,0,,29,,
2013-06-09,-76,-30,-35,-38,50,-29,0,,29,,
2013-06-10,-74,-30,-35,-38,50,-29,0,,29,,
2013-06-11,-74,-30,-35,-38,50,-25,-15,,29,,
2013-06-12,-74,-30,-35,-38,50,-25,-15,,29,,
2013-06-13,-74,-30,-35,-38,50,-25,-15,,29,,
2013-06-14,-74,-31,-31,-38,50,-25,-15,,29,,
2013-06-15,-74,-31,-31,-38,50,-25,-15,,29,,
2013-06-16,-74,-31,-31,-38,50,-25,-15,,29,,
2013-06-17,-74,-31,-31,-38,44,-25,-15,,29,,
2013-06-18,-74,-28,-31,-38,44,-25,-15,,29,,
2013-06-19,-74,-28,-31,-38,47,-25,-15,,29,,
2013-06-20,-74,-28,-31,-38,47,-25,-15,,29,,
2013-06-21,-76,-28,-31,-37,47,-25,-15,,29,,
2013-06-22,-76,-28,-31,-37,47,-25,-15,,29,,
2013-06-23,-76,-25,-31,-37,47,-25,-15,,29,,
2013-06-24,-76,-20,-31,-37,47,-25,-15,,29,,
2013-06-25,-76,-17,-31,-37,47,-21,-15,,29,,
2013-06-26,-78,-11,-31,-37,47,-21,-15,,29,,
2013-06-27,-80,-11,-31,-37,47,-21,-30,,29,,
2013-06-28,-80,-11,-31,-37,47,-21,-15,,29,,
2013-06-29,-80,-11,-31,-37,47,-21,-15,,29,,
2013-06-30,-80,-11,-31,-35,47,-21,-15,,29,,
2013-07-01,-80,-11,-31,-35,47,-21,-15,,29,,
2013-07-02,-80,-11,-31,-35,47,-21,-23,,29,,
2013-07-03,-78,-5,0,-35,47,-21,-23,,29,,
2013-07-04,-78,-5,0,-35,47,-21,-23,,29,,
2013-07-05,-78,-5,0,-35,47,-21,-23,,29,,
2013-07-06,-78,-5,0,-30,47,-21,-23,,29,,
2013-07-07,-78,-5,0,-30,47,-21,-23,,29,,
2013-07-08,-5,-2,0,-30,47,-21,-23,,29,,
2013-07-09,-7,-2,0,-30,45,-21,-23,,35,,
2013-07-10,-7,-2,0,0,45,-21,-23,,35,,
2013-07-11,-7,-2,0,0,45,-21,-38,,35,,
2013-07-12,-7,-2,-3,0,45,-21,-53,,63,,
2013-07-13,-7,-2,-3,0,45,-21,-53,,63,,
2013-07-14,-7,-2,-3,0,45,-21,-53,,63,,
2013-07-15,-11,-2,-3,0,45,-21,-53,,81,,
2013-07-16,-11,-2,-3,0,2,-21,-53,,81,,
2013-07-17,-15,-2,0,0,2,-21,-53,,100,,
2013-07-18,-15,-2,0,0,2,-21,-53,,100,,
2013-07-19,-23,-88,-39,0,2,-21,-53,,100,,
2013-07-20,-23,-88,-39,0,2,-21,-53,,100,,
2013-07-21,-23,-88,-39,0,2,-21,-53,,100,,
2013-07-22,-23,-88,-39,0,2,-21,-53,,100,,
2013-07-23,-23,-88,-39,0,2,-21,-38,,100,,
2013-07-24,-31,-88,-39,0,2,0,-38,,100,,
2013-07-25,-31,-88,-39,0,94,0,-30,,100,,
2013-07-26,-31,-88,-39,-29,94,0,-28,,100,,
2013-07-27,-31,-88,-39,-29,94,0,-28,,100,,
2013-07-28,-31,-88,-39,-29,94,0,-21,,100,,
2013-07-29,-31,-82,-39,-29,94,0,-21,,100,,
2013-07-30,-35,-82,-39,-29,94,0,-21,,100,,
2013-07-31,-33,-82,-39,-29,94,0,-21,,100,,
2013-08-01,-33,-82,-39,-29,94,0,-28,,100,,
2013-08-02,-34,-82,-39,-29,97,-6,-28,,100,,
2013-08-03,-34,-82,-39,-29,97,-6,-28,,100,,
2013-08-04,-34,-82,-39,-26,97,-6,-28,,100,,
2013-08-05,-34,-82,-39,-26,97,-6,-21,,100,,
2013-08-06,-33,-82,-39,-26,97,-6,-21,,100,,
2013-08-07,-33,-82,-36,-26,97,-6,46,,100,,
2013-08-08,-33,-82,-36,-26,97,-6,58,,100,,
2013-08-09,-33,-82,-36,-26,97,-69,72,,100,,
2013-08-10,-33,-82,-36,-26,100,-69,72,,100,,
2013-08-11,-33,-82,-36,-26,100,-69,72,,100,,
2013-08-12,-33,-82,-36,-26,100,-69,72,,100,,
2013-08-13,-33,-82,-36,-26,100,-69,81,,100,,
2013-08-14,-33,-82,-36,-26,100,-69,81,,100,,
2013-08-15,-33,-82,-35,-26,100,-69,81,,100,,
2013-08-16,-33,-82,-35,-26,100,-69,81,,100,,
2013-08-17,-33,-82,-35,-29,100,-69,81,,100,,
2013-08-18,-33,-82,-35,-29,100,-69,81,,100,,
2013-08-19,-33,-82,-35,-29,100,-69,81,,100,,
2013-08-20,-33,-82,-35,-29,100,-69,81,,92,,
2013-08-21,-33,-77,-35,-29,100,-69,81,,92,,
2013-08-22,-33,-80,-35,-27,100,-69,81,,92,,
2013-08-23,-33,-80,-35,-27,100,-69,81,,85,,
2013-08-24,-33,-80,-35,-27,100,-69,81,,85,,
2013-08-25,-33,-80,-35,-27,100,-71,81,,85,,
2013-08-26,-33,-80,-35,-27,100,-71,81,,92,,
2013-08-27,-33,-80,-35,-27,100,-71,81,,92,,
2013-08-28,-33,-80,-35,-27,100,-71,81,,100,,
2013-08-29,-34,-80,-35,-27,100,-71,81,,100,,
2013-08-30,-34,-74,-36,-26,100,-71,81,,100,,
2013-08-31,-34,-74,-36,-26,100,-71,81,,100,,
2013-09-01,-34,-74,-36,-26,100,-71,81,,100,,
2013-09-02,-34,-74,-36,-26,100,-71,81,,100,,
2013-09-03,-34,-48,-36,-26,100,-71,81,,100,,
2013-09-04,-31,-42,-36,-26,100,-71,81,,100,,
2013-09-05,-31,-44,-36,-26,100,-71,81,,100,,
2013-09-06,-28,-44,-36,-26,100,-71,81,,100,,
2013-09-07,-28,-44,-36,-26,100,-71,81,,100,,
2013-09-08,-28,-44,-36,-26,100,-71,81,,100,,
2013-09-09,-28,-44,-36,-26,100,-71,81,,100,,
2013-09-10,-26,-44,-36,-26,100,-71,90,,100,,
2013-09-11,-26,-42,-36,-26,100,-71,90,,100,,
2013-09-12,-24,-42,-36,-26,100,-71,90,,100,,
2013-09-13,-24,-45,-37,-26,100,-71,90,,100,,
2013-09-14,-24,-45,-37,-26,100,-71,90,,100,,
2013-09-15,-24,-47,-37,-26,100,-71,90,,100,,
2013-09-16,-24,-48,-37,-26,100,-71,90,,100,,
2013-09-17,-24,-48,-37,-26,100,-71,90,,100,,
2013-09-18,-24,-48,-37,-26,97,-71,90,,100,,
2013-09-19,-24,-51,-37,-26,91,-71,90,,100,,
2013-09-20,-4,-52,-37,-26,91,-71,90,,100,,
2013-09-21,-4,-52,-37,-23,91,-71,90,,100,,
2013-09-22,-2,-52,-37,-23,91,-71,90,,100,,
2013-09-23,4,-52,-37,-23,91,-71,90,,100,,
2013-09-24,6,-52,-37,-23,91,-71,90,,100,,
2013-09-25,6,-47,-34,-23,91,-71,90,,100,,
2013-09-26,6,-47,-34,-23,91,-71,90,,100,,
2013-09-27,6,-47,-34,-23,91,-71,90,,100,,
2013-09-28,8,-47,-34,-23,91,-71,90,,100,,
2013-09-29,8,-47,-33,-23,91,-71,90,,100,,
2013-09-30,8,-47,-30,-23,91,-71,90,,100,,
2013-10-01,8,-47,-33,-23,91,-71,100,,100,,
2013-10-02,8,0,5,-23,91,-71,81,,100,,
2013-10-03,10,0,5,-23,91,-71,81,,100,,
2013-10-04,10,0,5,-23,91,-71,81,,100,,
2013-10-05,10,0,5,-23,91,-71,81,,100,,
2013-10-06,10,0,5,-23,91,-71,81,,100,,
2013-10-07,10,0,5,-21,91,-71,81,,100,,
2013-10-08,10,0,5,-21,37,-71,81,,100,,
2013-10-09,10,-2,-2,0,37,-71,81,,100,,
2013-10-10,10,-2,-3,0,37,-75,81,,100,,
2013-10-11,10,-5,-6,0,37,-75,81,,100,,
2013-10-12,10,-5,-6,0,37,-75,81,,100,,
2013-10-13,12,-5,-6,0,37,-75,81,,100,,
2013-10-14,12,-5,-9,0,38,-75,81,,100,,
2013-10-15,12,-5,-9,0,38,-75,63,,100,,
2013-10-16,12,-5,-9,0,38,-71,63,,100,,
2013-10-17,12,-5,-9,0,38,-71,63,,100,,
2013-10-18,12,-5,36,0,38,-71,63,,100,,
2013-10-19,12,-5,36,0,38,-71,63,,100,,
2013-10-20,12,-5,36,0,38,-71,63,,100,,
2013-10-21,12,0,36,0,38,-71,18,,100,,
2013-10-22,12,0,36,0,36,-71,9,,100,,
2013-10-23,12,0,39,0,38,0,9,,100,,
2013-10-24,12,0,39,0,38,0,9,,100,,
2013-10-25,14,55,39,29,41,0,9,,100,,
2013-10-26,14,55,39,29,41,0,9,,100,,
2013-10-27,14,57,39,29,41,0,0,,100,,
2013-10-28,14,57,39,29,41,0,0,,100,,
2013-10-29,32,57,39,29,40,0,0,,100,,
2013-10-30,32,57,39,29,36,0,0,,100,,
2013-10-31,31,57,39,29,87,0,0,,100,,
2013-11-01,31,57,39,29,87,-3,0,,100,,
2013-11-02,31,57,39,29,87,-3,0,,100,,
2013-11-03,31,57,39,30,87,-3,0,,100,,
2013-11-04,30,56,39,28,87,-9,0,,100,,
2013-11-05,30,59,39,29,87,-9,0,,100,,
2013-11-06,30,59,39,29,87,-9,85,,100,,
2013-11-07,30,59,39,29,87,-9,85,,100,,
2013-11-08,26,59,39,29,87,-35,85,,100,,
2013-11-09,26,59,39,29,87,-35,85,,100,,
2013-11-10,26,59,39,29,87,-35,85,,100,,
2013-11-11,26,59,39,29,87,-35,85,,0,,
2013-11-12,30,59,39,29,87,-35,85,,0,,
2013-11-13,30,59,39,29,87,-35,85,,0,,
2013-11-14,35,59,39,29,90,-35,85,,0,,
2013-11-15,35,59,39,29,90,-35,85,,0,,
2013-11-16,35,59,39,29,90,-35,85,,0,,
2013-11-17,35,56,39,29,90,-35,85,,0,,
2013-11-18,35,57,39,29,90,-35,85,,0,,
2013-11-19,35,55,39,29,90,-37,85,,0,,
2013-11-20,33,55,39,29,90,-37,85,,0,,
2013-11-21,33,55,39,29,90,-37,85,,0,,
2013-11-22,33,55,39,28,89,-37,85,,0,,
2013-11-23,33,55,39,28,89,-37,85,,0,,
2013-11-24,35,55,39,28,89,-37,85,,0,,
2013-11-25,35,64,39,28,89,-37,85,,0,,
2013-11-26,35,64,39,28,89,-37,85,,0,,
2013-11-27,35,64,39,28,89,-37,85,,0,,
2013-11-28,35,64,39,28,89,-37,85,,0,,
2013-11-29,35,64,39,28,89,-37,85,,0,,
2013-11-30,35,64,39,28,89,-37,85,,0,,
2013-12-01,35,64,39,28,89,-37,85,,0,,
2013-12-02,37,64,39,28,89,-37,85,,0,,
2013-12-03,39,64,39,28,89,-37,85,,0,,
2013-12-04,37,64,39,28,89,-37,85,,0,,
2013-12-05,37,64,39,28,89,-37,85,,-44,,
2013-12-06,34,64,39,28,89,-37,85,,-44,,
2013-12-07,34,67,39,28,89,-35,85,,-44,,
2013-12-08,34,67,39,28,89,-35,85,,-44,,
2013-12-09,34,67,39,28,89,-35,85,,-44,,
2013-12-10,34,67,39,28,89,-35,85,,-44,,
2013-12-11,34,67,39,28,89,-35,85,,-44,,
2013-12-12,34,67,39,28,89,-35,85,,-44,,
2013-12-13,34,67,39,28,89,-35,85,,-35,,
2013-12-14,34,69,36,28,89,-35,85,,-35,,
2013-12-15,34,69,36,28,89,-35,85,,-35,,
2013-12-16,34,69,36,28,89,-35,85,,-37,,
2013-12-17,34,69,36,28,89,-35,85,,-37,,
2013-12-18,34,69,36,28,89,-35,85,,-37,,
2013-12-19,34,66,36,28,94,-35,85,,-37,,
2013-12-20,36,66,36,28,94,-35,85,,-37,,
2013-12-21,36,66,36,26,94,-35,85,,-37,,
2013-12-22,36,66,36,26,94,-35,85,,-37,,
2013-12-23,40,66,39,26,94,-35,85,,-37,,
2013-12-24,40,66,39,26,94,-35,85,,-37,,
2013-12-25,40,66,39,26,94,-35,85,,-37,,
2013-12-26,40,66,39,26,94,-35,85,,-37,,
2013-12-27,40,66,39,26,94,-35,85,,-37,,
2013-12-28,40,66,42,26,91,-35,85,,-37,,
2013-12-29,40,66,42,26,91,-35,85,,-37,,
2013-12-30,40,66,42,26,91,-35,85,,-37,,
2013-12-31,38,66,42,26,91,-35,85,,-37,,
2014-01-01,38,66,2,26,91,-35,85,,-37,,
2014-01-02,38,66,2,28,91,-35,85,,-37,,
2014-01-03,38,66,2,28,91,-35,85,,-37,,
2014-01-04,38,63,2,28,91,-35,85,,-37,,
2014-01-05,40,63,2,28,91,-35,85,,-37,,
2014-01-06,44,63,0,28,91,-35,85,,-37,,
2014-01-07,44,65,0,28,91,-35,85,,-37,,
2014-01-08,42,9,0,2,91,-35,85,,-37,,
2014-01-09,38,9,0,2,91,-35,85,,-37,,
2014-01-10,38,9,0,2,91,-35,85,,-37,,
2014-01-11,38,9,0,2,91,-35,85,,-37,,
2014-01-12,14,9,0,2,94,-35,85,,-37,,
2014-01-13,16,9,2,2,94,-35,85,,-37,,
2014-01-14,12,9,2,2,10,-35,85,,-37,,
2014-01-15,12,9,5,2,10,-30,85,,-40,,
2014-01-16,12,9,5,2,10,-30,85,,-40,,
2014-01-17,12,9,5,2,10,-30,85,,-40,,
2014-01-18,12,9,5,2,10,-23,85,,-40,,
2014-01-19,12,9,5,2,10,-23,85,,-40,,
2014-01-20,12,9,5,2,10,-23,33,,-40,,
2014-01-21,18,12,5,2,10,-23,33,,-40,,
2014-01-22,20,12,5,2,13,0,33,,-40,,
2014-01-23,22,12,5,2,13,0,33,,-40,,
2014-01-24,25,34,5,2,13,0,40,,-40,,
2014-01-25,25,34,5,2,13,0,40,,-40,,
2014-01-26,25,34,7,2,13,0,40,,-40,,
2014-01-27,25,34,7,2,16,0,40,,-40,,
2014-01-28,-61,34,7,2,13,0,40,,-40,,
2014-01-29,-67,38,7,2,13,0,33,,-33,,
2014-01-30,-67,38,7,2,95,0,33,,-40,,
2014-01-31,-67,38,3,-55,95,0,33,,-40,,
2014-02-01,-67,38,3,-55,95,0,33,,-40,,
2014-02-02,-67,40,3,-60,95,0,33,,-40,,
2014-02-03,-67,38,3,-64,95,0,33,,-40,,
2014-02-04,-67,38,6,-64,95,0,33,,-40,,
2014-02-05,-67,38,6,-64,95,0,33,,-40,,
2014-02-06,-67,38,6,-64,95,0,33,,-40,,
2014-02-07,-67,38,3,-64,95,0,33,,-40,,
2014-02-08,-67,32,3,-64,97,0,33,,-40,,
2014-02-09,-67,32,3,-64,97,0,33,,-40,,
2014-02-10,-67,32,3,-64,97,0,33,,-40,,
2014-02-11,-67,32,3,-64,97,0,33,,-40,,
2014-02-12,-67,32,3,-64,97,0,33,,-40,,
2014-02-13,-67,32,0,-66,100,80,40,,-40,,
2014-02-14,-67,35,0,-66,100,80,54,,-40,,
2014-02-15,-67,35,0,-66,100,80,54,,-33,,
2014-02-16,-69,35,0,-66,100,80,54,,-33,,
2014-02-17,-69,35,0,-66,100,80,63,,-33,,
2014-02-18,-69,35,0,-66,100,80,63,,0,,
2014-02-19,-67,35,0,-66,100,80,63,,0,,
2014-02-20,-67,35,0,-66,100,80,66,,0,,
2014-02-21,-67,35,0,-66,100,80,66,,0,,
2014-02-22,-67,35,0,-66,100,80,66,,0,,
2014-02-23,-67,35,0,-66,100,80,71,,0,,
2014-02-24,-67,35,0,-66,100,80,71,,0,,
2014-02-25,-67,35,0,-66,100,80,73,,0,,
2014-02-26,-67,35,-3,-66,100,80,73,,-47,,
2014-02-27,-67,35,-7,-66,100,82,68,,-47,,
2014-02-28,-67,35,-7,-66,100,82,68,,-47,,
2014-03-01,-67,35,-7,-66,100,82,68,,-47,,
2014-03-02,-67,35,-7,-66,100,82,68,,-47,,
2014-03-03,-67,35,-7,-66,100,82,68,,-47,,
2014-03-04,-67,35,-7,-66,100,82,68,,-47,,
2014-03-05,-67,35,-7,-66,100,82,70,,-47,,
2014-03-06,-67,35,-7,-66,100,82,68,,-47,,
2014-03-07,-67,35,-7,-66,100,82,68,,-47,,
2014-03-08,-67,35,-7,-66,97,82,68,,-47,,
2014-03-09,-67,35,-7,-66,97,82,68,,-47,,
2014-03-10,-67,35,-7,-66,97,82,68,,-47,,
2014-03-11,-67,35,-7,-66,97,82,68,,-47,,
2014-03-12,-67,35,-7,-66,97,82,68,,-47,,
2014-03-13,-67,35,-7,-66,97,82,68,,-47,,
2014-03-14,-67,35,-7,-66,97,82,68,,-47,,
2014-03-15,-67,35,-7,-66,97,82,68,,-50,,
2014-03-16,-67,35,-7,-66,97,82,68,,-50,,
2014-03-17,-67,38,-7,-66,97,82,68,,-50,,
2014-03-18,-67,38,-7,-66,97,82,68,,-50,,
2014-03-19,-68,38,-7,-66,97,82,68,,-50,,
2014-03-20,-68,38,-7,-66,97,82,68,,-50,,
2014-03-21,-68,38,-7,-66,97,80,68,,-50,,
2014-03-22,-68,38,-10,-66,97,80,68,,-50,,
2014-03-23,-68,38,-10,-66,97,80,68,,-50,,
2014-03-24,-68,38,-10,-66,97,80,68,,-50,,
2014-03-25,-68,38,-10,-66,97,73,81,,-50,,
2014-03-26,-68,38,-30,-66,97,73,81,,-50,,
2014-03-27,-64,32,-33,-66,97,73,81,,-60,,
2014-03-28,-64,32,-39,-66,97,73,81,,-60,,
2014-03-29,-64,29,-42,-66,97,73,81,,-60,,
2014-03-30,-64,29,-42,-66,97,73,81,,-60,,
2014-03-31,-64,29,-42,-66,97,73,81,,-60,,
2014-04-01,-64,29,-42,-66,97,73,81,,-60,,
2014-04-02,-64,29,-54,-66,100,73,81,,-60,,
2014-04-03,-63,29,-57,-66,100,73,81,,-60,,
2014-04-04,-63,25,-69,-66,100,73,81,,-60,,
2014-04-05,-63,25,-69,-66,100,73,81,,-60,,
2014-04-06,-65,25,-72,-66,100,73,81,,-60,,
2014-04-07,-65,25,-72,-66,100,73,81,,-60,,
2014-04-08,-65,25,-78,-66,100,73,81,,-60,,
2014-04-09,-65,0,-71,-66,100,73,81,,-60,,
2014-04-10,-65,-3,-71,-66,100,72,68,,-60,,
2014-04-11,-65,-3,-69,-66,100,72,68,,-60,,
2014-04-12,-64,-3,-69,-66,100,72,68,,-60,,
2014-04-13,-10,-3,-69,-66,100,72,68,,-60,,
2014-04-14,-8,-3,-78,-66,100,72,68,,-60,,
2014-04-15,-8,-3,-75,-66,23,72,68,,-60,,
2014-04-16,-10,-3,-45,-7,23,72,68,,-60,,
2014-04-17,-12,0,-56,-7,23,72,68,,-60,,
2014-04-18,-14,0,-56,-7,23,72,68,,-60,,
2014-04-19,-14,0,-56,-2,23,72,68,,-60,,
2014-04-20,-14,3,-56,-2,23,72,68,,-60,,
2014-04-21,-16,3,-56,-2,26,72,68,,-60,,
2014-04-22,-16,3,-54,-2,26,72,68,,-60,,
2014-04-23,-12,3,-51,-2,26,72,68,,-60,,
2014-04-24,38,3,-51,-2,85,72,68,,-60,,
2014-04-25,38,-13,-51,47,85,72,68,,-60,,
2014-04-26,38,-13,-51,47,85,72,68,,-60,,
2014-04-27,38,-13,-51,47,85,72,68,,-60,,
2014-04-28,38,-13,-51,47,85,72,68,,-60,,
2014-04-29,38,-13,-51,50,83,3,68,,-60,,
2014-04-30,38,-18,-51,50,83,3,68,,-60,,
2014-05-01,38,-21,-51,50,83,3,56,,-60,,
2014-05-02,38,-22,-51,50,83,6,43,,-60,,
2014-05-03,38,-22,-51,50,83,6,43,,-60,,
2014-05-04,38,-22,-51,50,83,6,43,,-60,,
2014-05-05,38,-22,-51,50,83,6,43,,-60,,
2014-05-06,38,-22,-51,50,83,24,0,,-60,,
2014-05-07,38,-22,-51,50,83,31,0,,-60,,
2014-05-08,39,-22,-51,50,83,62,18,,-57,,
2014-05-09,40,-22,-51,50,83,73,18,,-57,,
2014-05-10,40,-23,-51,50,85,73,18,,-57,,
2014-05-11,40,-23,-51,51,85,73,12,,-57,,
2014-05-12,40,-23,-51,51,85,73,12,,0,,
2014-05-13,40,-23,-51,51,87,73,6,,0,,
2014-05-14,40,-25,-51,52,87,73,13,,0,,
2014-05-15,40,-25,-51,50,87,73,13,,0,,
2014-05-16,40,-25,-51,48,87,73,13,,0,,
2014-05-17,40,-25,-51,48,87,73,13,,0,,
2014-05-18,40,-25,-51,48,87,73,13,,0,,
2014-05-19,40,-25,-51,48,87,73,6,,0,,
2014-05-20,40,-25,-51,48,87,73,6,,0,,
2014-05-21,40,-25,-51,47,85,73,6,,0,,
2014-05-22,40,-25,-51,47,85,73,6,,0,,
2014-05-23,40,-25,-51,47,85,73,6,,0,,
2014-05-24,40,-25,-51,47,85,73,6,,0,,
2014-05-25,40,-25,-51,47,85,73,6,,0,,
2014-05-26,40,-25,-51,47,85,73,6,,0,,
2014-05-27,40,-25,-51,47,82,73,6,,75,,
2014-05-28,42,-25,-51,47,82,73,6,,87,,
2014-05-29,42,-19,-51,47,82,73,6,,87,,
2014-05-30,42,-19,-51,47,82,73,6,,92,,
2014-05-31,42,-19,-51,47,82,73,6,,92,,
2014-06-01,42,-19,-51,47,82,73,6,,92,,
2014-06-02,42,-19,-51,47,78,73,6,,92,,
2014-06-03,42,-19,-54,47,78,73,6,,92,,
2014-06-04,42,-19,-54,47,78,73,6,,92,,
2014-06-05,40,-19,-54,47,78,73,7,,92,,
2014-06-06,40,-19,-54,47,78,73,7,,92,,
2014-06-07,40,-19,-54,47,78,73,7,,92,,
2014-06-08,40,-19,-54,47,78,73,7,,92,,
2014-06-09,40,-8,-54,47,78,73,7,,92,,
2014-06-10,40,-8,-54,47,78,73,7,,92,,
2014-06-11,40,-4,-51,47,78,73,7,,92,,
2014-06-12,39,-4,-51,47,78,73,0,,92,,
2014-06-13,37,-4,-53,48,77,73,0,,92,,
2014-06-14,37,-4,-53,48,77,73,0,,92,,
2014-06-15,37,-4,-53,50,77,73,0,,92,,
2014-06-16,37,-4,-50,50,77,73,0,,92,,
2014-06-17,39,-4,-46,50,77,73,0,,92,,
2014-06-18,39,-4,-46,51,77,70,0,,92,,
2014-06-19,39,-4,-46,51,77,70,0,,92,,
2014-06-20,39,-4,-46,51,80,66,0,,92,,
2014-06-21,41,-4,-46,51,80,66,0,,92,,
2014-06-22,41,-4,-42,51,80,66,0,,92,,
2014-06-23,41,-4,-38,51,80,66,0,,92,,
2014-06-24,44,0,-38,48,80,66,0,,92,,
2014-06-25,44,0,-41,48,80,66,0,,92,,
2014-06-26,44,0,-41,48,80,66,0,,92,,
2014-06-27,44,4,-41,48,80,66,0,,92,,
2014-06-28,44,4,-41,48,80,66,0,,92,,
2014-06-29,44,4,-41,48,80,66,0,,92,,
2014-06-30,45,4,-41,48,80,66,0,,92,,
2014-07-01,45,4,0,48,80,66,0,,92,,
2014-07-02,47,4,0,48,80,66,0,,92,,
2014-07-03,50,4,0,50,79,66,0,,92,,
2014-07-04,50,4,0,50,79,66,0,,92,,
2014-07-05,50,4,0,47,79,66,0,,92,,
2014-07-06,50,4,0,47,79,66,0,,92,,
2014-07-07,46,4,0,47,79,66,0,,92,,
2014-07-08,6,8,0,47,5,66,0,,92,,
2014-07-09,8,20,0,0,7,66,0,,92,,
2014-07-10,8,28,0,0,10,66,0,,92,,
2014-07-11,8,32,0,0,10,66,0,,92,,
2014-07-12,8,32,0,0,10,66,0,,92,,
2014-07-13,8,32,0,0,10,66,0,,92,,
2014-07-14,8,36,0,0,10,66,0,,92,,
2014-07-15,8,40,-3,0,10,66,8,,92,,
2014-07-16,4,45,-3,0,10,63,8,,92,,
2014-07-17,4,52,-3,0,10,63,8,,92,,
2014-07-18,6,57,72,0,12,63,8,,92,,
2014-07-19,6,57,72,0,12,63,8,,92,,
2014-07-20,6,57,72,0,12,46,8,,92,,
2014-07-21,6,57,72,0,15,40,8,,92,,
2014-07-22,6,57,72,0,15,10,-16,,92,,
2014-07-23,-37,-50,72,0,15,-3,-25,,92,,
2014-07-24,-37,-50,72,0,80,-3,-25,,92,,
2014-07-25,-37,-50,72,9,80,-3,-25,,92,,
2014-07-26,-37,-50,72,9,80,-3,-25,,92,,
2014-07-27,-37,-50,71,9,77,-3,-16,,92,,
2014-07-28,-39,-50,71,9,77,-3,-16,,92,,
2014-07-29,-39,-50,71,9,77,-3,-16,,92,,
2014-07-30,-39,-50,71,7,77,-6,-16,,92,,
2014-07-31,-39,-55,71,7,77,-6,-16,,92,,
2014-08-01,-39,-55,71,7,77,-3,66,,92,,
2014-08-02,-39,-55,71,7,77,-3,66,,92,,
2014-08-03,-39,-55,71,7,77,-3,66,,92,,
2014-08-04,-39,-55,71,7,77,-3,66,,92,,
2014-08-05,-39,-55,71,7,77,-3,66,,92,,
2014-08-06,-39,-55,71,7,77,-3,66,,92,,
2014-08-07,-40,-55,71,7,77,-3,66,,92,,
2014-08-08,-40,-55,71,7,77,67,75,,92,,
2014-08-09,-40,-55,71,7,77,67,75,,92,,
2014-08-10,-40,-55,71,7,77,67,75,,85,,
2014-08-11,-42,-55,71,7,77,67,75,,85,,
2014-08-12,-42,-55,71,7,77,67,75,,85,,
2014-08-13,-42,-55,71,7,77,67,75,,0,,
2014-08-14,-42,-55,71,7,80,67,75,,0,,
2014-08-15,-42,-55,71,7,80,67,75,,-4,,
2014-08-16,-42,-55,71,7,80,67,81,,-4,,
2014-08-17,-42,-55,71,7,80,67,81,,-4,,
2014-08-18,-42,-55,71,7,80,67,81,,-4,,
2014-08-19,-40,-55,71,7,80,67,81,,-4,,
2014-08-20,-43,-55,71,7,80,67,81,,-4,,
2014-08-21,-41,-55,71,7,80,67,81,,-4,,
2014-08-22,-41,-55,71,7,80,67,81,,-19,,
2014-08-23,-41,-55,71,7,80,67,81,,-19,,
2014-08-24,-41,-55,71,7,80,67,81,,-19,,
2014-08-25,-41,-55,71,7,80,67,69,,-19,,
2014-08-26,-41,-55,71,7,80,67,69,,-19,,
2014-08-27,-39,-55,71,7,80,67,69,,-19,,
2014-08-28,-37,-55,71,7,80,67,69,,-19,,
2014-08-29,-37,-55,71,7,80,67,69,,71,,
2014-08-30,-37,-55,71,7,80,67,69,,71,,
2014-08-31,-37,-55,71,7,80,67,69,,71,,
2014-09-01,-37,-55,71,7,80,67,61,,71,,
2014-09-02,-37,-55,71,7,80,67,61,,71,,
2014-09-03,-37,-55,71,7,80,67,61,,71,,
2014-09-04,-38,-55,71,7,80,67,57,,71,,
2014-09-05,-38,-55,71,7,80,67,57,,71,,
2014-09-06,-38,-55,68,7,80,67,57,,71,,
2014-09-07,-38,-55,68,7,80,67,57,,71,,
2014-09-08,-38,-55,68,7,80,67,57,,71,,
2014-09-09,-38,-55,68,7,80,67,57,,71,,
2014-09-10,-38,-60,68,7,82,67,57,,71,,
2014-09-11,-38,-60,68,7,82,67,57,,71,,
2014-09-12,-40,-60,68,7,82,67,57,,71,,
2014-09-13,-39,-60,68,7,82,67,57,,71,,
2014-09-14,-39,-60,68,7,82,65,57,,71,,
2014-09-15,-39,-65,68,7,82,65,57,,71,,
2014-09-16,-39,-65,68,7,82,65,57,,71,,
2014-09-17,-39,-65,68,7,82,65,57,,71,,
2014-09-18,-39,-65,68,7,82,65,57,,71,,
2014-09-19,-39,-65,68,7,82,65,57,,71,,
2014-09-20,-39,-65,68,7,80,65,57,,71,,
2014-09-21,-39,-65,68,7,80,65,57,,71,,
2014-09-22,-39,-65,68,7,77,65,57,,71,,
2014-09-23,-39,-65,71,7,80,65,57,,71,,
2014-09-24,-39,-70,71,7,80,65,57,,71,,
2014-09-25,-36,-70,71,7,80,65,57,,71,,
2014-09-26,-36,-70,71,7,80,65,42,,71,,
2014-09-27,-36,-70,69,7,80,65,42,,71,,
2014-09-28,-36,-66,69,4,80,65,42,,71,,
2014-09-29,-39,-59,69,4,80,65,42,,71,,
2014-09-30,-40,-59,69,4,80,65,42,,71,,
2014-10-01,-35,-59,0,4,80,65,42,,71,,
2014-10-02,-35,-59,0,4,80,65,42,,71,,
2014-10-03,-35,-59,0,4,80,65,42,,71,,
2014-10-04,-35,-59,0,4,80,65,42,,71,,
2014-10-05,-35,-59,0,4,80,65,42,,71,,
2014-10-06,-2,0,0,4,80,65,42,,71,,
2014-10-07,0,0,-5,2,7,65,42,,71,,
2014-10-08,2,0,-5,-2,7,65,42,,71,,
2014-10-09,2,0,-5,-2,12,67,57,,71,,
2014-10-10,2,0,-5,-2,14,67,57,,71,,
2014-10-11,2,0,-5,-2,14,67,57,,71,,
2014-10-12,2,0,-5,-2,14,67,57,,71,,
2014-10-13,2,0,-5,-2,12,67,42,,71,,
2014-10-14,2,0,-5,-2,14,67,42,,71,,
2014-10-15,2,0,-5,-2,14,67,0,,71,,
2014-10-16,2,0,-5,-2,14,67,0,,71,,
2014-10-17,2,0,-5,-2,14,67,-7,,71,,
2014-10-18,2,0,-5,-2,14,67,-7,,71,,
2014-10-19,2,0,-5,-2,14,67,-7,,71,,
2014-10-20,2,0,-5,-2,14,67,-7,,71,,
2014-10-21,75,0,-5,-2,14,67,-7,,71,,
2014-10-22,75,0,-5,-2,14,0,-13,,71,,
2014-10-23,75,0,-5,-2,12,0,-13,,71,,
2014-10-24,75,-38,-5,-80,12,0,-13,,71,,
2014-10-25,75,-38,-5,-80,12,0,-13,,71,,
2014-10-26,75,-38,-5,-80,12,0,-13,,71,,
2014-10-27,75,-38,-5,-80,12,0,-13,,71,,
2014-10-28,75,-38,-5,-80,10,0,-13,,71,,
2014-10-29,75,-38,-5,-80,52,0,-26,,71,,
2014-10-30,79,-38,-5,-80,52,0,-26,,71,,
2014-10-31,79,-38,-5,-80,52,3,-20,,71,,
2014-11-01,79,-38,-5,-80,52,3,-20,,71,,
2014-11-02,79,-38,-5,-82,52,3,-20,,71,,
2014-11-03,79,-38,-7,-82,52,6,-20,,76,,
2014-11-04,81,-38,-7,-82,52,6,-20,,76,,
2014-11-05,83,-38,-7,-82,52,6,-20,,76,,
2014-11-06,83,-38,-7,-82,52,6,-46,,76,,
2014-11-07,83,-38,-7,-82,52,35,-50,,76,,
2014-11-08,83,-38,-7,-82,52,35,-50,,71,,
2014-11-09,83,-40,-7,-82,52,35,-50,,71,,
2014-11-10,83,-40,-7,-82,52,35,-56,,71,,
2014-11-11,83,-40,-7,-82,52,35,-56,,71,,
2014-11-12,83,-40,-7,-82,55,35,-56,,0,,
2014-11-13,83,-40,-7,-82,55,35,-56,,0,,
2014-11-14,83,-40,-7,-82,53,35,-46,,0,,
2014-11-15,83,-40,-7,-82,53,35,-46,,0,,
2014-11-16,83,-40,-7,-82,53,35,-50,,0,,
2014-11-17,83,-40,-7,-82,53,35,-50,,0,,
2014-11-18,83,-40,-7,-82,53,35,-50,,0,,
2014-11-19,80,-40,-7,-82,53,35,-53,,0,,
2014-11-20,80,-40,-7,-82,53,35,-53,,0,,
2014-11-21,80,-40,-7,-82,53,35,-53,,0,,
2014-11-22,80,-40,-7,-82,53,35,-53,,0,,
2014-11-23,80,-40,-7,-82,53,35,-53,,0,,
2014-11-24,85,-40,-7,-82,51,35,-53,,0,,
2014-11-25,85,-40,-7,-82,51,35,-53,,0,,
2014-11-26,83,-40,-7,-82,51,35,-53,,0,,
2014-11-27,83,-40,-7,-82,51,35,-53,,0,,
2014-11-28,83,-40,-7,-82,51,35,-53,,0,,
2014-11-29,83,-40,-7,-82,51,35,-53,,0,,
2014-11-30,83,-40,-7,-82,51,35,-53,,0,,
2014-12-01,83,-40,-7,-82,51,35,-53,,0,,
2014-12-02,84,-40,-7,-82,51,35,-53,,0,,
2014-12-03,84,-40,-7,-80,51,35,-53,,0,,
2014-12-04,84,-40,-7,-80,51,35,-53,,100,,
2014-12-05,84,-40,-7,-80,51,35,-53,,100,,
2014-12-06,84,-40,-7,-80,51,35,-53,,100,,
2014-12-07,84,-40,-7,-80,48,35,-53,,100,,
2014-12-08,84,-40,-7,-80,48,35,-53,,100,,
2014-12-09,84,-40,-7,-80,48,35,-53,,100,,
2014-12-10,84,-40,-7,-80,48,35,-53,,100,,
2014-12-11,84,-40,-7,-80,48,35,-53,,100,,
2014-12-12,84,-40,-7,-78,50,35,-56,,100,,
2014-12-13,81,-40,-7,-78,50,35,-56,,100,,
2014-12-14,81,-40,-7,-78,50,35,-56,,100,,
2014-12-15,77,-40,-7,-78,48,35,-56,,100,,
2014-12-16,77,-40,-7,-78,48,35,-56,,100,,
2014-12-17,77,-40,-7,-78,48,35,-56,,100,,
2014-12-18,77,-40,-7,-80,48,35,-56,,100,,
2014-12-19,77,-40,-7,-80,48,35,-56,,100,,
2014-12-20,77,-40,-7,-80,48,35,-56,,100,,
2014-12-21,79,-40,-5,-78,48,35,-56,,100,,
2014-12-22,79,-40,-5,-78,48,35,-56,,100,,
2014-12-23,79,-40,-5,-76,44,35,-56,,100,,
2014-12-24,81,-40,-2,-76,39,35,-56,,100,,
2014-12-25,81,-40,-2,-76,39,35,-56,,100,,
2014-12-26,81,-40,-2,-76,39,35,-56,,100,,
2014-12-27,79,-40,-2,-71,39,35,-56,,100,,
2014-12-28,79,-40,-2,-69,37,35,-56,,100,,
2014-12-29,79,-38,-2,-69,37,35,-56,,100,,
2014-12-30,79,-35,-2,-69,37,35,-56,,100,,
2014-12-31,79,-35,0,-69,37,35,-56,,100,,
2015-01-01,79,-35,0,-69,37,35,-56,,100,,
2015-01-02,79,-35,0,-70,38,35,-56,,100,,
2015-01-03,79,-35,0,-70,37,35,-56,,100,,
2015-01-04,25,-35,0,-70,37,35,-56,,100,,
2015-01-05,25,-35,0,-70,37,35,-56,,100,,
2015-01-06,25,-34,0,-70,39,35,-56,,100,,
2015-01-07,25,0,-2,-2,39,35,-56,,100,,
2015-01-08,25,0,-2,-2,39,35,-56,,100,,
2015-01-09,25,0,-2,-2,39,35,-56,,100,,
2015-01-10,25,0,-2,-2,39,35,-56,,100,,
2015-01-11,25,0,-2,-2,39,35,-56,,100,,
2015-01-12,29,0,-2,-2,2,35,-56,,100,,
2015-01-13,31,0,-2,-2,4,35,-56,,100,,
2015-01-14,31,0,-2,-2,4,32,-56,,100,,
2015-01-15,34,0,-2,-2,4,32,-58,,100,,
2015-01-16,36,0,-2,-2,4,32,-58,,100,,
2015-01-17,36,0,0,-2,4,29,-58,,100,,
2015-01-18,34,0,0,-2,4,25,-58,,100,,
2015-01-19,34,0,0,-2,4,25,-58,,100,,
2015-01-20,31,-3,0,-2,4,25,-22,,100,,
2015-01-21,31,-3,0,-2,4,0,-16,,100,,
2015-01-22,31,-3,0,-2,4,0,-16,,100,,
2015-01-23,40,-3,0,-2,2,0,-16,,100,,
2015-01-24,40,-3,0,-2,2,0,-11,,100,,
2015-01-25,40,-3,0,-2,2,0,-11,,100,,
2015-01-26,40,-2,0,-2,0,0,-11,,100,,
2015-01-27,40,-94,0,-2,0,0,-11,,100,,
2015-01-28,84,-94,0,-2,0,0,-16,,100,,
2015-01-29,91,-94,0,-2,19,0,-16,,100,,
2015-01-30,95,-94,-78,-78,20,0,-16,,100,,
2015-01-31,95,-94,-78,-78,20,0,-16,,100,,
2015-02-01,95,-94,-78,-78,20,0,-16,,100,,
2015-02-02,95,-94,-78,-78,20,0,-16,,100,,
2015-02-03,95,-94,-78,-78,20,0,-16,,100,,
2015-02-04,95,-94,-78,-80,20,0,-16,,100,,
2015-02-05,95,-94,-78,-80,20,0,-16,,100,,
2015-02-06,95,-94,-78,-80,20,0,-15,,100,,
2015-02-07,95,-94,-78,-80,20,0,-15,,100,,
2015-02-08,95,-94,-78,-80,20,0,-15,,100,,
2015-02-09,95,-94,-78,-80,20,0,-15,,100,,
2015-02-10,95,-94,-78,-80,20,0,-21,,100,,
2015-02-11,95,-94,-78,-80,20,0,-22,,100,,
2015-02-12,95,-94,-78,-80,20,30,-75,,100,,
2015-02-13,95,-94,-78,-80,20,30,-75,,90,,
2015-02-14,95,-94,-78,-80,20,30,-75,,90,,
2015-02-15,93,-94,-78,-80,20,31,-75,,90,,
2015-02-16,90,-94,-78,-80,20,31,-75,,90,,
2015-02-17,90,-94,-78,-80,20,28,-75,,4,,
2015-02-18,92,-94,-78,-80,20,28,-75,,4,,
2015-02-19,93,-94,-78,-80,20,28,-75,,4,,
2015-02-20,88,-97,-80,-80,20,28,-75,,9,,
2015-02-21,88,-97,-80,-80,20,28,-75,,9,,
2015-02-22,88,-97,-80,-80,20,28,-75,,9,,
2015-02-23,88,-97,-80,-80,20,28,-75,,13,,
2015-02-24,88,-97,-80,-80,20,28,-75,,13,,
2015-02-25,88,-97,-80,-80,20,28,-70,,14,,
2015-02-26,88,-97,-80,-80,17,28,-70,,81,,
2015-02-27,88,-97,-80,-80,22,28,-70,,81,,
2015-02-28,88,-97,-80,-80,22,28,-70,,81,,
2015-03-01,88,-97,-80,-80,22,28,-70,,81,,
2015-03-02,88,-97,-75,-78,22,28,-70,,81,,
2015-03-03,88,-96,-74,-78,22,29,-68,,86,,
2015-03-04,88,-96,-74,-78,22,29,-68,,86,,
2015-03-05,88,-96,-74,-78,25,29,-63,,86,,
2015-03-06,88,-96,-74,-78,25,29,-63,,86,,
2015-03-07,88,-96,-74,-78,25,29,-63,,86,,
2015-03-08,90,-96,-74,-78,25,29,-63,,86,,
2015-03-09,90,-96,-74,-78,25,33,-73,,95,,
2015-03-10,90,-96,-74,-78,25,36,-73,,95,,
2015-03-11,92,-96,-74,-78,25,36,-73,,95,,
2015-03-12,92,-96,-74,-78,25,36,-73,,95,,
2015-03-13,92,-96,-74,-78,25,36,-73,,95,,
2015-03-14,92,-96,-74,-78,25,36,-73,,95,,
2015-03-15,92,-96,-74,-80,25,36,-73,,95,,
2015-03-16,92,-96,-74,-80,29,36,-73,,95,,
2015-03-17,92,-96,-74,-80,27,36,-73,,95,,
2015-03-18,92,-96,-74,-80,27,36,-73,,95,,
2015-03-19,92,-96,-74,-80,27,36,-73,,95,,
2015-03-20,92,-94,-74,-80,31,33,-73,,95,,
2015-03-21,92,-94,-74,-80,31,33,-73,,95,,
2015-03-22,92,-94,-74,-80,31,33,-73,,95,,
2015-03-23,95,-94,-71,-80,31,33,-73,,95,,
2015-03-24,95,-94,-71,-80,31,26,-70,,95,,
2015-03-25,95,-94,-65,-80,31,26,-70,,95,,
2015-03-26,95,-94,-65,-80,31,26,-73,,95,,
2015-03-27,95,-94,-65,-80,31,26,-73,,95,,
2015-03-28,95,-94,-65,-80,31,26,-73,,95,,
2015-03-29,95,-96,-62,-80,31,26,-73,,100,,
2015-03-30,95,-96,-62,-82,31,26,-73,,100,,
2015-03-31,92,-96,-62,-82,31,26,-73,,100,,
2015-04-01,92,-96,-60,-79,31,26,-73,,100,,
2015-04-02,92,-96,-60,-79,31,26,-63,,100,,
2015-04-03,92,-96,-60,-79,31,26,-63,,100,,
2015-04-04,92,-96,-60,-79,31,26,-63,,100,,
2015-04-05,92,-96,-60,-79,31,26,-63,,100,,
2015-04-06,95,-96,-60,-79,31,26,-52,,100,,
2015-04-07,95,-96,-60,-79,31,26,-52,,100,,
2015-04-08,90,-96,-65,-76,28,26,-52,,100,,
2015-04-09,90,-96,-65,-76,28,26,-52,,100,,
2015-04-10,90,-96,-65,-76,28,26,-52,,100,,
2015-04-11,90,-96,-65,-74,28,26,-52,,100,,
2015-04-12,90,-30,-62,-71,28,26,-52,,100,,
2015-04-13,24,-34,-71,-76,33,26,-52,,100,,
2015-04-14,21,-34,-80,-76,4,26,-42,,100,,
2015-04-15,19,-34,-24,-7,4,26,-31,,100,,
2015-04-16,19,-37,-24,-10,4,26,-31,,100,,
2015-04-17,24,-37,-24,-15,-2,26,-31,,100,,
2015-04-18,24,-37,-24,-15,-2,26,-33,,100,,
2015-04-19,24,-37,-24,-15,-2,26,-33,,100,,
2015-04-20,23,-37,-24,-12,-2,30,-33,,100,,
2015-04-21,23,-37,-24,-21,-4,30,-33,,100,,
2015-04-22,28,-37,-24,-21,-4,26,-33,,100,,
2015-04-23,33,-37,-24,-21,-15,26,-33,,100,,
2015-04-24,34,-6,-70,23,-15,26,-38,,90,,
2015-04-25,34,-6,-70,23,-15,26,-38,,90,,
2015-04-26,32,-6,-70,23,-15,26,-38,,90,,
2015-04-27,32,-6,-70,26,-15,26,-33,,90,,
2015-04-28,78,-6,-70,26,-15,-6,-11,,90,,
2015-04-29,78,-6,-70,26,-15,-6,-10,,90,,
2015-04-30,82,-6,-70,26,-16,-10,-15,,90,,
2015-05-01,82,-6,-70,26,-16,-10,-15,,90,,
2015-05-02,82,-6,-70,26,-16,-10,-15,,90,,
2015-05-03,82,-6,-70,26,-16,-6,-15,,90,,
2015-05-04,82,-6,-70,26,-16,-10,-15,,90,,
2015-05-05,80,-6,-70,26,-16,-10,-15,,90,,
2015-05-06,78,-6,-70,31,-16,-10,-15,,90,,
2015-05-07,78,-6,-70,31,-16,-10,25,,90,,
2015-05-08,78,-6,-70,31,-16,-100,25,,90,,
2015-05-09,78,-6,-70,31,-16,-100,30,,90,,
2015-05-10,78,-6,-72,31,-16,-100,30,,90,,
2015-05-11,78,-6,-72,31,-16,-100,20,,90,,
2015-05-12,78,-6,-72,31,-16,-100,20,,0,,
2015-05-13,78,-6,-72,31,-16,-100,20,,0,,
2015-05-14,78,-6,-72,31,-16,-100,20,,0,,
2015-05-15,80,0,-72,31,-21,-100,20,,0,,
2015-05-16,80,0,-72,31,-21,-100,20,,0,,
2015-05-17,80,0,-72,31,-21,-100,20,,-5,,
2015-05-18,80,0,-72,31,-21,-100,20,,-5,,
2015-05-19,80,3,-72,31,-21,-100,20,,-5,,
2015-05-20,80,3,-72,31,-21,-100,20,,-10,,
2015-05-21,80,3,-72,31,-21,-100,20,,-10,,
2015-05-22,80,3,-72,31,-21,-100,20,,-10,,
2015-05-23,80,3,-72,31,-21,-100,21,,-10,,
2015-05-24,80,3,-72,31,-21,-100,22,,-10,,
2015-05-25,77,3,-72,31,-21,-100,22,,-10,,
2015-05-26,78,3,-72,31,-21,-100,22,,-10,,
2015-05-27,78,6,-72,31,-21,-100,22,,-10,,
2015-05-28,78,6,-72,31,-21,-100,23,,31,,
2015-05-29,78,6,-72,31,-21,-100,23,,57,,
2015-05-30,78,6,-72,31,-21,-100,23,,57,,
2015-05-31,80,6,-69,31,-21,-100,23,,57,,
2015-06-01,80,6,-69,31,-21,-100,23,,57,,
2015-06-02,80,6,-69,31,-21,-100,23,,57,,
2015-06-03,80,6,-69,31,-23,-100,23,,57,,
2015-06-04,80,6,-69,31,-23,-100,23,,57,,
2015-06-05,75,6,-69,31,-23,-100,23,,57,,
2015-06-06,73,6,-69,31,-23,-100,23,,57,,
2015-06-07,73,6,-69,31,-23,-100,23,,57,,
2015-06-08,75,6,-69,31,-23,-100,23,,57,,
2015-06-09,75,6,-69,31,-23,-100,23,,57,,
2015-06-10,75,6,-69,31,-23,-100,23,,57,,
2015-06-11,75,6,-69,31,-23,-100,23,,57,,
2015-06-12,75,6,-68,32,-23,-100,23,,57,,
2015-06-13,75,6,-68,32,-23,-100,23,,57,,
2015-06-14,75,6,-68,32,-23,-100,23,,57,,
2015-06-15,75,6,-68,32,-23,-100,23,,57,,
2015-06-16,75,6,-68,32,-21,-100,23,,57,,
2015-06-17,75,6,-68,32,-19,-100,23,,57,,
2015-06-18,75,6,-68,32,-19,-100,23,,57,,
2015-06-19,75,6,-68,32,-19,-100,23,,57,,
2015-06-20,75,6,-68,32,-19,-100,17,,57,,
2015-06-21,75,6,-68,32,-19,-100,17,,57,,
2015-06-22,75,6,-62,32,-18,-100,17,,57,,
2015-06-23,73,6,-62,32,-18,-100,17,,57,,
2015-06-24,73,10,-62,29,-18,-100,17,,57,,
2015-06-25,73,10,-62,29,-18,-100,17,,57,,
2015-06-26,73,7,-62,29,-18,-100,17,,57,,
2015-06-27,73,7,-57,29,-23,-100,17,,57,,
2015-06-28,73,7,-57,29,-20,-100,17,,57,,
2015-06-29,73,7,-51,29,-18,-100,11,,57,,
2015-06-30,73,3,-51,29,-18,-100,11,,57,,
2015-07-01,73,3,-50,29,-13,-100,23,,57,,
2015-07-02,73,3,-50,29,-13,-100,23,,57,,
2015-07-03,73,3,-50,29,-13,-100,23,,57,,
2015-07-04,73,3,-47,29,-14,-100,23,,57,,
2015-07-05,73,6,-47,29,-14,-100,23,,57,,
2015-07-06,71,6,-47,29,-14,-100,11,,57,,
2015-07-07,75,3,-47,29,0,-100,11,,57,,
2015-07-08,75,3,0,2,0,-100,11,,63,,
2015-07-09,75,3,0,2,2,-100,11,,63,,
2015-07-10,75,3,0,2,4,-100,11,,63,,
2015-07-11,75,3,0,0,4,-100,11,,63,,
2015-07-12,23,3,0,0,4,-100,11,,63,,
2015-07-13,26,3,0,2,6,-100,11,,63,,
2015-07-14,24,3,0,2,6,-100,17,,63,,
2015-07-15,24,3,-2,2,6,-100,23,,63,,
2015-07-16,24,3,-2,2,6,-100,23,,63,,
2015-07-17,24,3,23,2,6,-100,23,,63,,
2015-07-18,24,3,23,2,6,-100,23,,63,,
2015-07-19,23,3,23,2,9,-100,23,,63,,
2015-07-20,28,3,23,0,11,-100,17,,63,,
2015-07-21,28,3,23,2,11,-100,0,,63,,
2015-07-22,26,-85,23,2,11,-16,0,,63,,
2015-07-23,28,-85,23,2,13,-16,0,,63,,
2015-07-24,23,-90,23,92,13,-16,11,,63,,
2015-07-25,23,-90,23,92,13,-16,11,,63,,
2015-07-26,23,-90,23,92,13,-16,11,,63,,
2015-07-27,23,-95,23,94,15,-16,11,,63,,
2015-07-28,26,-95,23,94,15,-16,11,,63,,
2015-07-29,26,-95,23,94,18,-13,11,,63,,
2015-07-30,26,-95,23,94,31,-13,11,,63,,
2015-07-31,26,-85,23,94,31,-13,11,,52,,
2015-08-01,26,-85,23,94,33,-10,11,,52,,
2015-08-02,26,-85,24,94,33,-10,11,,55,,
2015-08-03,23,-85,24,94,33,-10,17,,55,,
2015-08-04,23,-85,24,94,33,-10,17,,55,,
2015-08-05,23,-85,24,94,33,-10,17,,55,,
2015-08-06,26,-85,24,94,33,-10,-76,,52,,
2015-08-07,26,-85,24,97,33,93,-76,,52,,
2015-08-08,26,-85,24,97,33,93,-76,,52,,
2015-08-09,26,-85,24,97,33,93,-76,,52,,
2015-08-10,26,-85,23,97,33,93,-76,,52,,
2015-08-11,26,-85,23,97,33,93,-76,,21,,
2015-08-12,26,-85,23,97,33,93,-76,,-5,,
2015-08-13,26,-85,23,97,35,93,-75,,-5,,
2015-08-14,26,-85,23,97,35,93,-75,,0,,
2015-08-15,26,-85,23,97,35,93,-80,,0,,
2015-08-16,26,-85,23,97,35,96,-80,,0,,
2015-08-17,26,-85,23,97,28,96,-80,,0,,
2015-08-18,26,-85,23,97,28,96,-80,,0,,
2015-08-19,24,-85,23,97,28,96,-80,,0,,
2015-08-20,24,-85,23,97,28,96,-80,,0,,
2015-08-21,24,-85,23,97,28,96,-80,,0,,
2015-08-22,22,-85,27,97,28,96,-80,,0,,
2015-08-23,22,-85,27,97,28,96,-80,,0,,
2015-08-24,22,-85,27,97,28,96,-80,,0,,
2015-08-25,22,-85,27,97,28,96,-80,,0,,
2015-08-26,22,-85,27,97,28,96,-80,,0,,
2015-08-27,22,-85,27,97,28,96,-80,,4,,
2015-08-28,27,-85,27,97,28,96,-80,,4,,
2015-08-29,27,-85,27,97,28,96,-80,,4,,
2015-08-30,27,-85,27,97,28,96,-80,,5,,
2015-08-31,25,-85,27,97,26,96,-80,,5,,
2015-09-01,25,-85,27,97,26,96,-80,,5,,
2015-09-02,25,-85,27,97,26,96,-80,,5,,
2015-09-03,25,-85,27,97,26,96,-80,,5,,
2015-09-04,22,-85,27,97,26,96,-80,,5,,
2015-09-05,22,-85,27,97,25,96,-80,,5,,
2015-09-06,22,-85,27,97,25,96,-80,,5,,
2015-09-07,22,-85,27,97,25,96,-80,,5,,
2015-09-08,22,-85,27,97,25,96,-80,,5,,
2015-09-09,22,-85,27,97,25,96,-80,,5,,
2015-09-10,22,-85,27,97,25,96,-80,,5,,
2015-09-11,22,-85,27,97,25,96,-80,,5,,
2015-09-12,22,-85,27,97,25,96,-80,,5,,
2015-09-13,22,-80,27,97,25,96,-80,,5,,
2015-09-14,22,-80,27,97,25,96,-80,,5,,
2015-09-15,22,-80,27,97,25,96,-80,,5,,
2015-09-16,22,-80,27,97,25,96,-80,,5,,
2015-09-17,22,-80,27,97,25,96,-80,,5,,
2015-09-18,25,-80,27,97,25,96,-80,,5,,
2015-09-19,25,-80,27,97,25,96,-80,,5,,
2015-09-20,22,-80,27,97,25,96,-80,,5,,
2015-09-21,25,-77,27,97,25,96,-80,,5,,
2015-09-22,22,-77,27,97,25,96,-80,,4,,
2015-09-23,22,-77,29,97,25,96,-80,,4,,
2015-09-24,22,-77,29,97,25,96,-80,,4,,
2015-09-25,22,-77,28,94,25,96,-80,,4,,
2015-09-26,20,-77,28,94,23,96,-80,,4,,
2015-09-27,18,-77,28,94,23,96,-80,,4,,
2015-09-28,15,-77,31,94,23,96,-80,,4,,
2015-09-29,15,-77,31,94,23,96,-75,,4,,
2015-09-30,15,-72,0,94,27,96,-75,,4,,
2015-10-01,15,-72,0,94,27,96,-75,,4,,
2015-10-02,15,-72,0,94,27,96,-75,,4,,
2015-10-03,11,-72,0,94,25,96,-75,,4,,
2015-10-04,11,-72,0,94,25,96,-75,,4,,
2015-10-05,9,-6,0,94,25,96,-75,,4,,
2015-10-06,6,-3,2,94,22,96,-87,,4,,
2015-10-07,9,0,2,2,20,96,-87,,4,,
2015-10-08,9,0,2,2,20,96,-87,,4,,
2015-10-09,9,0,2,2,20,96,-82,,4,,
2015-10-10,9,3,2,0,18,96,-82,,4,,
2015-10-11,6,3,2,0,18,96,-82,,4,,
2015-10-12,6,3,2,0,18,96,-82,,4,,
2015-10-13,6,3,2,0,0,96,-82,,4,,
2015-10-14,6,-3,2,0,-2,96,-82,,4,,
2015-10-15,6,0,2,0,-2,96,-81,,4,,
2015-10-16,6,0,4,0,-2,96,-81,,4,,
2015-10-17,6,0,4,0,-2,96,-81,,4,,
2015-10-18,6,0,4,0,-2,96,-81,,4,,
2015-10-19,6,-3,4,0,-2,96,-81,,4,,
2015-10-20,4,-3,4,0,-2,96,-12,,4,,
2015-10-21,4,-6,4,0,-2,10,-12,,4,,
2015-10-22,4,-6,4,0,-2,10,-12,,4,,
2015-10-23,4,33,14,64,-2,10,-13,,4,,
2015-10-24,4,33,14,64,-2,10,-13,,4,,
2015-10-25,4,33,14,64,-2,10,-13,,4,,
2015-10-26,4,36,14,64,-2,10,-13,,4,,
2015-10-27,4,36,14,64,-2,10,-13,,4,,
2015-10-28,-9,36,14,64,-2,10,-12,,0,,
2015-10-29,-11,36,14,65,-2,10,-18,,0,,
2015-10-30,-11,36,14,65,-2,10,-18,,0,,
2015-10-31,-11,36,14,65,2,10,-18,,0,,
2015-11-01,-11,36,14,67,2,10,-18,,0,,
2015-11-02,-11,35,14,67,2,13,-18,,0,,
2015-11-03,-11,35,14,67,2,13,-18,,0,,
2015-11-04,-11,35,14,67,2,13,-31,,0,,
2015-11-05,-11,35,14,67,68,13,-31,,0,,
2015-11-06,-9,35,14,67,70,100,-31,,0,,
2015-11-07,-9,35,14,67,73,100,-31,,0,,
2015-11-08,-9,35,12,67,73,100,-31,,0,,
2015-11-09,-9,35,12,67,73,100,-31,,0,,
2015-11-10,-9,35,14,67,73,100,-31,,0,,
2015-11-11,-9,29,15,67,72,100,-31,,0,,
2015-11-12,-9,29,15,67,72,100,-37,,0,,
2015-11-13,-11,29,15,67,72,100,-37,,0,,
2015-11-14,-11,29,12,67,72,100,-37,,0,,
2015-11-15,-11,29,12,67,72,100,-37,,0,,
2015-11-16,-11,29,12,67,74,100,-37,,0,,
2015-11-17,-11,29,12,67,74,100,-37,,0,,
2015-11-18,-13,29,12,67,74,100,-37,,0,,
2015-11-19,-13,29,12,67,74,100,-37,,0,,
2015-11-20,-13,29,12,67,74,100,-37,,0,,
2015-11-21,-13,29,12,67,74,100,-37,,0,,
2015-11-22,-11,29,12,67,74,100,-37,,0,,
2015-11-23,-11,29,12,67,76,100,-37,,0,,
2015-11-24,-11,29,12,67,76,100,-37,,0,,
2015-11-25,-11,29,12,67,78,100,-37,,0,,
2015-11-26,-11,29,12,67,78,100,-37,,0,,
2015-11-27,-11,23,12,67,78,100,-37,,0,,
2015-11-28,-11,23,12,67,78,100,-37,,0,,
2015-11-29,-11,23,12,67,78,100,-37,,0,,
2015-11-30,-11,23,12,67,78,100,-37,,0,,
2015-12-01,-11,23,12,67,78,100,-37,,0,,
2015-12-02,-11,23,12,67,78,100,-37,,0,,
2015-12-03,-11,23,12,67,78,100,-37,,-55,,
2015-12-04,-11,23,12,67,78,100,-37,,-55,,
2015-12-05,-11,23,12,67,78,100,-37,,-55,,
2015-12-06,-11,23,12,67,78,100,-37,,-55,,
2015-12-07,-11,23,12,67,78,100,-37,,-55,,
2015-12-08,-11,23,12,67,78,100,-37,,-55,,
2015-12-09,-11,23,12,67,78,100,-37,,-55,,
2015-12-10,-11,26,12,67,78,100,-37,,-55,,
2015-12-11,-11,23,12,67,78,100,-37,,-55,,
2015-12-12,-11,23,12,67,78,100,-37,,-55,,
2015-12-13,-11,23,12,67,78,100,-37,,-55,,
2015-12-14,-16,23,12,67,78,100,-37,,-55,,
2015-12-15,-19,23,12,67,78,100,-37,,-55,,
2015-12-16,-23,23,12,67,78,100,-37,,-55,,
2015-12-17,-23,23,12,67,78,100,-37,,-55,,
2015-12-18,-26,16,12,65,78,100,-37,,-52,,
2015-12-19,-26,16,12,65,78,100,-37,,-52,,
2015-12-20,-25,16,9,65,78,100,-31,,-52,,
2015-12-21,-30,16,12,65,78,100,-31,,-52,,
2015-12-22,-32,16,12,65,78,100,-31,,-52,,
2015-12-23,-32,16,12,65,78,100,-31,,-52,,
2015-12-24,-32,16,12,65,78,100,-31,,-52,,
2015-12-25,-32,16,12,65,78,100,-31,,-52,,
2015-12-26,-32,16,12,65,78,100,-31,,-52,,
2015-12-27,-32,16,12,65,78,100,-31,,-52,,
2015-12-28,-34,16,12,65,78,100,-31,,-52,,
2015-12-29,-34,13,12,65,78,100,-31,,-52,,
2015-12-30,-34,13,12,64,78,100,-31,,-52,,
2015-12-31,-34,13,12,64,78,100,-31,,-52,,
2016-01-01,-34,13,12,64,78,100,-31,,-52,,
2016-01-02,-34,13,12,64,78,100,-31,,-52,,
2016-01-03,-34,13,12,64,78,100,-31,,-52,,
2016-01-04,-37,13,12,64,78,100,-31,,-47,,
2016-01-05,-37,13,12,64,78,100,-31,,-47,,
2016-01-06,-41,-3,4,2,78,100,-31,,-47,,
2016-01-07,-51,-3,4,2,78,100,-31,,-71,,
2016-01-08,-61,-3,4,2,78,100,-31,,-71,,
2016-01-09,-61,-10,4,2,78,100,-31,,-71,,
2016-01-10,-61,-10,4,2,78,100,-31,,-71,,
2016-01-11,-60,-10,4,5,78,100,-31,,-71,,
2016-01-12,-57,-6,4,5,78,100,-25,,-61,,
2016-01-13,-57,-6,4,5,80,100,-25,,-61,,
2016-01-14,-61,-6,4,5,80,100,-37,,-61,,
2016-01-15,-63,-10,4,5,80,100,-37,,-61,,
2016-01-16,-63,-10,4,5,80,100,-37,,-61,,
2016-01-17,-63,-10,4,5,80,100,-37,,-61,,
2016-01-18,-65,-10,4,5,80,100,-18,,-61,,
2016-01-19,-65,-10,4,5,7,100,-18,,-61,,
2016-01-20,-68,-10,5,5,4,0,-18,,-61,,
2016-01-21,-70,-10,5,5,4,0,-18,,-61,,
2016-01-22,-72,-10,5,5,4,0,-18,,-66,,
2016-01-23,-72,-10,5,5,4,0,-18,,-61,,
2016-01-24,-72,-10,2,2,4,0,-18,,-61,,
2016-01-25,-72,-6,2,2,4,0,-18,,-61,,
2016-01-26,-75,-6,2,0,4,0,-18,,-63,,
2016-01-27,-84,-9,2,0,4,0,-18,,-63,,
2016-01-28,-84,-9,2,0,87,0,-18,,-63,,
2016-01-29,-79,-12,2,12,87,0,-18,,-70,,
2016-01-30,-79,-12,2,12,85,0,-18,,-70,,
2016-01-31,-79,-12,2,12,85,0,-18,,-70,,
2016-02-01,-79,-6,2,12,85,0,-18,,-72,,
2016-02-02,-79,-6,57,12,88,0,-18,,-75,,
2016-02-03,-79,-6,60,12,90,0,-18,,-71,,
2016-02-04,-79,-10,60,12,90,0,-18,,83,,
2016-02-05,-81,-10,60,12,90,0,-18,,84,,
2016-02-06,-81,-10,58,12,88,0,-18,,84,,
2016-02-07,-81,-10,58,12,88,0,-18,,84,,
2016-02-08,-81,-10,58,12,88,0,-18,,85,,
2016-02-09,-81,-10,58,12,88,0,-18,,85,,
2016-02-10,-81,-13,58,12,90,0,-18,,84,,
2016-02-11,-81,-13,58,12,90,0,-12,,84,,
2016-02-12,-81,-13,58,12,90,0,-12,,84,,
2016-02-13,-80,-13,58,12,90,0,-12,,84,,
2016-02-14,-80,-13,58,12,90,0,-12,,84,,
2016-02-15,-80,-13,58,12,90,0,-12,,84,,
2016-02-16,-80,-13,58,12,90,0,-12,,84,,
2016-02-17,-80,-13,58,14,90,0,-12,,84,,
2016-02-18,-80,-13,61,14,90,82,-12,,84,,
2016-02-19,-80,-13,61,14,88,82,-12,,85,,
2016-02-20,-80,-13,61,14,88,82,-12,,85,,
2016-02-21,-80,-13,61,14,88,82,-12,,85,,
2016-02-22,-80,-13,61,14,90,82,-17,,85,,
2016-02-23,-80,-13,61,14,90,82,-17,,100,,
2016-02-24,-80,-10,61,14,90,82,-16,,100,,
2016-02-25,-80,-10,61,14,90,82,-16,,100,,
2016-02-26,-80,-10,66,17,90,82,-16,,93,,
2016-02-27,-80,-10,66,17,90,82,-16,,93,,
2016-02-28,-80,-10,66,17,90,82,-16,,93,,
2016-02-29,-80,-10,66,17,90,82,-16,,93,,
2016-03-01,-80,-10,66,17,90,82,-16,,93,,
2016-03-02,-80,-10,66,17,90,82,-5,,93,,
2016-03-03,-80,-10,66,17,90,82,-5,,93,,
2016-03-04,-80,-10,66,17,90,82,-5,,39,,
2016-03-05,-80,-10,66,17,90,82,-5,,39,,
2016-03-06,-80,-10,66,17,90,82,-5,,39,,
2016-03-07,-80,-10,66,17,90,82,-5,,39,,
2016-03-08,-80,-10,64,17,90,82,-5,,39,,
2016-03-09,-76,-10,64,17,90,82,-5,,39,,
2016-03-10,-76,-10,64,17,90,82,-5,,39,,
2016-03-11,-80,-10,64,17,90,81,-5,,45,,
2016-03-12,-80,-10,64,17,90,81,-5,,45,,
2016-03-13,-80,-10,64,17,90,81,-5,,45,,
2016-03-14,-80,-10,64,17,90,81,-5,,45,,
2016-03-15,-80,-10,64,17,90,81,-5,,45,,
2016-03-16,-80,-13,64,17,90,81,-5,,45,,
2016-03-17,-80,-13,64,17,90,81,-5,,45,,
2016-03-18,-80,-13,64,14,90,81,-5,,45,,
2016-03-19,-80,-13,64,14,90,81,-5,,45,,
2016-03-20,-80,-13,64,12,90,81,-5,,45,,
2016-03-21,-75,-13,64,12,90,80,-5,,45,,
2016-03-22,-75,-13,64,12,90,80,-5,,45,,
2016-03-23,-75,-13,64,12,90,80,-5,,45,,
2016-03-24,-75,-13,64,12,90,80,-5,,45,,
2016-03-25,-75,-13,64,12,90,80,-5,,45,,
2016-03-26,-75,-13,64,9,90,80,-5,,45,,
2016-03-27,-75,-13,64,12,90,80,-5,,45,,
2016-03-28,-75,-13,64,17,90,80,-5,,45,,
2016-03-29,-75,-17,64,17,90,80,-5,,45,,
2016-03-30,-75,-10,64,17,90,80,-5,,45,,
2016-03-31,-75,-3,62,21,90,80,0,,45,,
2016-04-01,-75,0,60,15,90,80,0,,45,,
2016-04-02,-72,0,60,15,90,80,0,,45,,
2016-04-03,-72,0,60,15,88,80,0,,42,,
2016-04-04,-70,0,60,15,88,80,-11,,42,,
2016-04-05,-67,0,58,15,88,80,-11,,42,,
2016-04-06,-67,-3,58,15,88,80,-5,,42,,
2016-04-07,-67,-3,57,15,88,80,-5,,42,,
2016-04-08,-67,-3,57,15,88,80,-5,,42,,
2016-04-09,-67,-3,57,15,88,80,-5,,42,,
2016-04-10,-67,-3,57,15,88,80,-5,,42,,
2016-04-11,-7,0,57,17,88,80,-5,,42,,
2016-04-12,-7,0,60,17,15,80,-5,,33,,
2016-04-13,-4,11,60,5,15,80,-5,,33,,
2016-04-14,-9,11,60,5,15,80,-5,,33,,
2016-04-15,-7,7,60,5,13,80,-5,,33,,
2016-04-16,-7,3,60,5,13,80,-5,,23,,
2016-04-17,-7,3,17,5,10,80,-5,,19,,
2016-04-18,-7,3,15,5,10,80,-11,,9,,
2016-04-19,-9,3,15,5,10,80,-6,,9,,
2016-04-20,-12,3,15,5,10,80,-6,,0,,
2016-04-21,-12,3,15,5,10,80,-6,,0,,
2016-04-22,-12,-32,-30,5,10,80,5,,0,,
2016-04-23,-12,-28,-30,5,10,80,5,,0,,
2016-04-24,-12,-28,-30,5,10,80,5,,0,,
2016-04-25,-12,-28,-30,5,10,80,5,,0,,
2016-04-26,-12,-28,-30,5,10,80,-5,,0,,
2016-04-27,-87,-28,-29,5,10,80,0,,0,,
2016-04-28,-90,-28,-29,5,48,80,0,,0,,
2016-04-29,-92,-28,-29,90,48,80,0,,-4,,
2016-04-30,-92,-28,-29,90,48,80,0,,-4,,
2016-05-01,-92,-28,-29,90,48,80,0,,-4,,
2016-05-02,-92,-28,-29,90,53,80,0,,-4,,
2016-05-03,-92,-28,-31,90,53,4,0,,-4,,
2016-05-04,-92,-28,-31,90,53,4,0,,-4,,
2016-05-05,-95,-28,-31,90,53,4,-16,,-4,,
2016-05-06,-100,-28,-31,90,53,4,-27,,-4,,
2016-05-07,-100,-28,-31,90,51,4,-22,,-4,,
2016-05-08,-100,-29,-31,94,51,4,-22,,-4,,
2016-05-09,-100,-29,-31,94,51,0,-16,,-4,,
2016-05-10,-100,-33,-31,94,51,0,-23,,-4,,
2016-05-11,-100,-33,-31,94,52,0,-29,,-4,,
2016-05-12,-100,-33,-34,94,54,0,-29,,-8,,
2016-05-13,-100,-33,-35,94,54,92,-29,,-8,,
2016-05-14,-100,-33,-35,94,54,92,-29,,-8,,
2016-05-15,-100,-33,-35,94,55,92,-29,,-8,,
2016-05-16,-100,-33,-35,94,55,92,-29,,-8,,
2016-05-17,-100,-33,-35,94,55,92,-29,,-8,,
2016-05-18,-100,-33,-35,94,55,92,-25,,-12,,
2016-05-19,-100,-33,-35,94,55,92,-25,,-12,,
2016-05-20,-100,-33,-35,94,55,92,-25,,-16,,
2016-05-21,-100,-33,-35,94,55,92,-25,,-16,,
2016-05-22,-100,-33,-35,94,55,92,-25,,-16,,
2016-05-23,-100,-33,-35,94,55,92,-25,,-16,,
2016-05-24,-100,-33,-35,94,55,92,-25,,-16,,
2016-05-25,-100,-33,-35,94,55,92,-25,,-20,,
2016-05-26,-100,-33,-35,94,55,92,-25,,-20,,
2016-05-27,-100,-33,-35,94,55,84,-25,,-25,,
2016-05-28,-100,-33,-35,94,55,87,-18,,-25,,
2016-05-29,-100,-33,-35,94,55,87,-18,,-25,,
2016-05-30,-100,-29,-35,94,55,87,-18,,-25,,
2016-05-31,-100,-29,-35,97,55,87,-18,,-25,,
2016-06-01,-100,-29,-35,97,55,87,-20,,-25,,
2016-06-02,-100,-29,-35,97,55,95,-20,,-26,,
2016-06-03,-100,-29,-35,97,55,95,-20,,20,,
2016-06-04,-100,-29,-35,97,55,95,-20,,20,,
2016-06-05,-100,-29,-35,97,55,95,-20,,20,,
2016-06-06,-100,-29,-35,97,55,95,-20,,20,,
2016-06-07,-100,-29,-35,97,55,95,-20,,20,,
2016-06-08,-94,-29,-35,97,55,95,-20,,20,,
2016-06-09,-94,-29,-35,97,56,95,-20,,20,,
2016-06-10,-94,-29,-35,97,56,95,-20,,24,,
2016-06-11,-94,-29,-35,97,56,95,-20,,24,,
2016-06-12,-94,-29,-35,97,56,95,-20,,24,,
2016-06-13,-89,-28,-35,97,56,95,-20,,24,,
2016-06-14,-92,-28,-35,97,56,95,-20,,24,,
2016-06-15,-92,-28,-35,97,56,95,-20,,24,,
2016-06-16,-92,-28,-35,97,56,95,-20,,24,,
2016-06-17,-92,-28,-35,97,56,95,-20,,24,,
2016-06-18,-92,-28,-35,97,56,95,-20,,24,,
2016-06-19,-92,-28,-32,97,56,95,-20,,24,,
2016-06-20,-92,-28,-32,97,56,95,-11,,24,,
2016-06-21,-92,-28,-32,97,56,95,-6,,24,,
2016-06-22,-92,-28,-32,97,56,95,-6,,24,,
2016-06-23,-92,-28,-32,97,56,95,-6,,24,,
2016-06-24,-92,-28,-32,97,54,95,-6,,20,,
2016-06-25,-92,-28,-32,97,54,95,-6,,20,,
2016-06-26,-92,-24,-32,97,54,95,-6,,20,,
2016-06-27,-92,-24,-32,97,54,95,-18,,20,,
2016-06-28,-92,-24,-32,97,50,91,-18,,20,,
2016-06-29,-92,-24,-35,97,50,91,-18,,20,,
2016-06-30,-92,-24,-37,97,50,91,-18,,20,,
2016-07-01,-92,-24,-37,97,50,91,-25,,12,,
2016-07-02,-92,-20,-37,97,47,91,-25,,12,,
2016-07-03,-92,-20,-37,97,47,91,-25,,12,,
2016-07-04,-92,-20,-37,97,47,91,-25,,12,,
2016-07-05,-92,-20,-37,97,48,91,-25,,12,,
2016-07-06,-92,-4,-7,94,48,91,-25,,12,,
2016-07-07,-92,-4,-7,94,48,91,-37,,12,,
2016-07-08,-92,-4,-5,94,47,91,-50,,12,,
2016-07-09,-92,-4,-5,94,44,91,-50,,12,,
2016-07-10,-92,-4,-5,92,44,91,-50,,12,,
2016-07-11,-19,-4,-5,92,44,91,-50,,12,,
2016-07-12,-16,-4,-5,90,8,91,-50,,12,,
2016-07-13,-14,-4,-5,7,8,91,-50,,16,,
2016-07-14,-14,-4,-5,10,11,91,-50,,16,,
2016-07-15,-14,-4,-5,7,11,91,-50,,16,,
2016-07-16,-14,-4,-5,7,6,91,-50,,16,,
2016-07-17,-14,-4,-5,7,6,91,-50,,16,,
2016-07-18,-16,-4,-7,7,6,91,-50,,16,,
2016-07-19,-16,-4,-7,7,6,91,-56,,16,,
2016-07-20,-16,-46,-7,7,6,91,-47,,16,,
2016-07-21,-16,-46,-7,7,6,91,-47,,16,,
2016-07-22,-18,-46,-10,7,6,91,-52,,16,,
2016-07-23,-18,-46,-10,7,6,91,-52,,16,,
2016-07-24,-18,-42,-10,7,6,91,-52,,16,,
2016-07-25,-17,-42,-10,7,6,91,-52,,16,,
2016-07-26,-17,-42,-10,10,4,91,-52,,16,,
2016-07-27,15,-42,-10,10,4,4,-52,,16,,
2016-07-28,13,-42,-10,10,84,4,-52,,16,,
2016-07-29,11,-42,82,82,86,4,-58,,16,,
2016-07-30,11,-42,82,82,86,4,-58,,16,,
2016-07-31,11,-42,82,82,86,4,-62,,16,,
2016-08-01,11,-42,84,82,86,4,-68,,16,,
2016-08-02,11,-42,84,82,86,4,-68,,20,,
2016-08-03,11,-44,84,82,88,4,-68,,20,,
2016-08-04,11,-44,84,82,88,8,-50,,20,,
2016-08-05,11,-44,84,82,88,8,-50,,20,,
2016-08-06,11,-44,84,82,88,8,-50,,20,,
2016-08-07,11,-44,84,84,88,8,-50,,20,,
2016-08-08,11,-44,84,84,88,8,-50,,24,,
2016-08-09,9,-44,84,84,88,8,-50,,24,,
2016-08-10,9,-44,84,84,90,8,-50,,24,,
2016-08-11,9,-44,84,84,90,8,-50,,24,,
2016-08-12,9,-44,84,84,90,100,-50,,24,,
2016-08-13,9,-44,84,84,90,100,-50,,24,,
2016-08-14,9,-44,84,84,90,100,-50,,24,,
2016-08-15,9,-44,84,84,90,100,-50,,24,,
2016-08-16,9,-44,84,87,90,100,-50,,24,,
2016-08-17,9,-44,84,87,90,100,-50,,0,,
2016-08-18,12,-44,84,87,90,100,-50,,0,,
2016-08-19,12,-44,84,87,90,100,-50,,0,,
2016-08-20,12,-44,84,87,90,100,-50,,0,,
2016-08-21,12,-44,84,87,90,100,-50,,0,,
2016-08-22,12,-44,84,87,90,100,-50,,0,,
2016-08-23,12,-44,84,87,92,100,-50,,0,,
2016-08-24,12,-44,84,87,92,100,-50,,-3,,
2016-08-25,12,-44,84,87,92,100,-50,,-3,,
2016-08-26,12,-44,84,87,92,100,-50,,-3,,
2016-08-27,12,-48,84,87,92,100,-50,,-3,,
2016-08-28,12,-48,84,87,92,100,-50,,-3,,
2016-08-29,12,-48,84,87,92,100,-50,,-3,,
2016-08-30,15,-48,84,87,92,100,-58,,-3,,
2016-08-31,15,-48,84,87,92,100,-58,,-3,,
2016-09-01,15,-48,84,87,92,100,-58,,-3,,
2016-09-02,15,-48,84,87,92,100,-58,,21,,
2016-09-03,15,-48,84,87,92,100,-58,,21,,
2016-09-04,15,-48,84,87,92,100,-58,,21,,
2016-09-05,15,-48,84,87,92,100,-58,,21,,
2016-09-06,15,-48,84,87,92,100,-58,,21,,
2016-09-07,20,-48,84,87,92,100,-58,,21,,
2016-09-08,17,-48,84,87,92,100,-58,,21,,
2016-09-09,17,-48,84,87,92,100,-58,,21,,
2016-09-10,17,-48,84,87,92,100,-58,,21,,
2016-09-11,17,-44,84,87,92,100,-58,,21,,
2016-09-12,17,-44,84,87,92,100,-58,,21,,
2016-09-13,17,-44,84,87,92,100,-58,,21,,
2016-09-14,17,-44,84,87,92,100,-47,,21,,
2016-09-15,20,-44,84,87,92,100,-47,,21,,
2016-09-16,20,-44,84,87,92,100,-47,,21,,
2016-09-17,20,-44,84,87,92,100,-47,,21,,
2016-09-18,20,-44,84,87,92,100,-47,,21,,
2016-09-19,20,-44,84,87,92,100,-47,,21,,
2016-09-20,20,-40,84,87,92,100,-47,,21,,
2016-09-21,22,-41,81,87,90,100,-41,,21,,
2016-09-22,22,-41,81,87,90,100,-41,,21,,
2016-09-23,22,-41,81,87,90,100,-41,,21,,
2016-09-24,22,-41,81,87,90,100,-41,,21,,
2016-09-25,22,-41,81,87,90,100,-41,,21,,
2016-09-26,22,-40,81,87,90,100,-41,,21,,
2016-09-27,22,-32,78,87,90,100,-41,,21,,
2016-09-28,22,-32,78,87,90,100,-41,,21,,
2016-09-29,22,-32,78,87,90,100,-41,,21,,
2016-09-30,22,-32,78,87,90,100,-33,,21,,
2016-10-01,22,-32,78,87,90,100,-33,,21,,
2016-10-02,22,-32,78,87,90,100,-33,,21,,
2016-10-03,22,3,78,87,90,100,-33,,21,,
2016-10-04,25,3,78,87,87,100,-33,,21,,
2016-10-05,25,3,78,87,87,100,-16,,21,,
2016-10-06,25,3,78,87,87,96,-16,,21,,
2016-10-07,25,3,78,87,87,96,-16,,21,,
2016-10-08,25,3,78,87,87,96,-16,,21,,
2016-10-09,25,3,78,87,87,96,-16,,21,,
2016-10-10,-5,3,78,87,88,96,-16,,21,,
2016-10-11,-2,3,78,87,9,96,-16,,21,,
2016-10-12,0,0,2,5,6,96,-16,,21,,
2016-10-13,0,0,2,5,6,96,-16,,21,,
2016-10-14,0,0,2,5,7,96,-17,,21,,
2016-10-15,0,0,0,2,7,96,-17,,21,,
2016-10-16,0,0,0,2,7,96,-17,,21,,
2016-10-17,0,0,0,2,7,96,-17,,21,,
2016-10-18,0,0,0,2,7,96,17,,21,,
2016-10-19,0,0,0,2,7,96,17,,17,,
2016-10-20,0,0,0,2,7,96,17,,17,,
2016-10-21,0,-4,0,2,7,96,11,,17,,
2016-10-22,0,-4,0,2,7,96,11,,17,,
2016-10-23,0,-4,0,2,7,96,11,,17,,
2016-10-24,0,-4,0,5,7,96,11,,17,,
2016-10-25,0,-4,0,5,7,96,-11,,17,,
2016-10-26,60,-4,0,5,7,11,-17,,17,,
2016-10-27,60,-4,0,2,7,11,-11,,17,,
2016-10-28,60,-4,26,2,7,11,-17,,17,,
2016-10-29,60,-4,26,2,7,7,-17,,17,,
2016-10-30,59,-4,26,2,7,7,-17,,16,,
2016-10-31,59,-4,26,5,7,7,-17,,16,,
2016-11-01,59,-4,26,2,7,7,-17,,19,,
2016-11-02,59,-4,26,2,7,7,-17,,30,,
2016-11-03,59,-4,26,2,28,7,-17,,30,,
2016-11-04,59,-4,26,2,28,15,-17,,30,,
2016-11-05,59,-4,26,2,29,15,-17,,30,,
2016-11-06,59,-4,27,2,29,15,-17,,30,,
2016-11-07,59,-4,25,2,29,15,-17,,30,,
2016-11-08,59,-4,25,2,29,19,-17,,27,,
2016-11-09,59,-4,25,2,29,19,-17,,27,,
2016-11-10,58,-4,26,2,30,19,-17,,28,,
2016-11-11,58,-4,27,0,31,96,-17,,28,,
2016-11-12,58,-4,27,0,31,96,-20,,28,,
2016-11-13,58,-4,27,0,31,96,-20,,28,,
2016-11-14,58,-4,27,0,31,96,-20,,28,,
2016-11-15,58,-4,27,0,31,96,-20,,28,,
2016-11-16,58,-4,26,0,31,96,-20,,0,,
2016-11-17,63,-4,26,0,31,96,-20,,0,,
2016-11-18,63,-4,26,2,32,96,-20,,0,,
2016-11-19,63,-4,26,0,32,96,-20,,0,,
2016-11-20,63,-4,26,0,32,96,-20,,0,,
2016-11-21,63,-4,26,0,32,96,-20,,0,,
2016-11-22,63,-4,26,0,28,96,-20,,0,,
2016-11-23,63,-4,26,0,28,100,-20,,0,,
2016-11-24,65,-4,26,0,28,100,-20,,0,,
2016-11-25,65,-4,26,0,28,100,-20,,0,,
2016-11-26,65,-4,26,0,28,100,-20,,0,,
2016-11-27,65,-4,26,0,28,100,-20,,0,,
2016-11-28,65,-4,29,0,28,100,-20,,0,,
2016-11-29,66,-4,29,0,28,100,-20,,0,,
2016-11-30,64,-4,28,0,28,100,-20,,0,,
2016-12-01,62,-4,28,0,28,100,-20,,0,,
2016-12-02,57,-4,28,0,28,100,-20,,0,,
2016-12-03,55,-4,28,0,28,100,-20,,0,,
2016-12-04,55,-4,28,0,28,100,-20,,0,,
2016-12-05,52,-4,28,0,28,100,-20,,0,,
2016-12-06,50,-4,28,-2,28,100,-20,,0,,
2016-12-07,50,-4,28,-2,28,100,-20,,0,,
2016-12-08,50,-4,28,-2,28,100,-20,,0,,
2016-12-09,50,-4,28,-2,28,100,-25,,71,,
2016-12-10,50,-4,28,-2,28,100,-25,,71,,
2016-12-11,50,-4,28,-2,28,100,-25,,74,,
2016-12-12,52,-4,28,-2,28,100,-25,,73,,
2016-12-13,50,-4,28,-2,28,100,-25,,73,,
2016-12-14,50,-4,28,-2,28,100,-25,,73,,
2016-12-15,40,-4,28,-2,28,100,-25,,73,,
2016-12-16,40,-4,28,-2,28,100,-25,,72,,
2016-12-17,40,-4,28,-2,28,100,-25,,72,,
2016-12-18,40,-4,28,0,28,100,-25,,72,,
2016-12-19,40,-4,28,0,26,100,-12,,72,,
2016-12-20,40,0,28,0,26,100,-12,,72,,
2016-12-21,40,0,27,0,26,100,-12,,72,,
2016-12-22,40,4,27,0,26,100,-12,,75,,
2016-12-23,41,0,27,0,26,100,-12,,75,,
2016-12-24,41,0,25,0,21,100,-12,,75,,
2016-12-25,41,0,25,0,21,100,-12,,75,,
2016-12-26,38,0,25,0,21,100,-12,,75,,
2016-12-27,38,0,25,0,21,100,-12,,75,,
2016-12-28,38,0,25,0,21,100,-12,,75,,
2016-12-29,38,0,25,0,21,100,-12,,75,,
2016-12-30,38,0,27,0,21,100,-12,,75,,
2016-12-31,38,0,27,0,21,100,-12,,75,,
2017-01-01,38,0,27,0,21,100,-12,,75,,
2017-01-02,38,0,27,0,21,100,-12,,75,,
2017-01-03,30,0,27,0,21,100,-12,,75,,
2017-01-04,23,0,27,0,15,96,-25,,75,,
2017-01-05,23,0,27,0,15,96,-25,,75,,
2017-01-06,23,0,27,0,15,96,-25,,75,,
2017-01-07,23,0,27,-2,15,96,-25,,75,,
2017-01-08,23,0,27,-2,15,96,-25,,75,,
2017-01-09,-12,0,27,-2,21,96,-25,,75,,
2017-01-10,-12,0,27,-2,21,96,-11,,75,,
2017-01-11,-17,0,2,-2,23,96,-11,,75,,
2017-01-12,-17,0,2,-2,23,96,-11,,75,,
2017-01-13,-17,0,2,-2,23,96,-11,,75,,
2017-01-14,-17,0,2,-2,23,96,-11,,75,,
2017-01-15,-17,0,2,0,23,96,-11,,70,,
2017-01-16,-20,0,2,0,23,96,-11,,66,,
2017-01-17,-20,0,2,0,2,96,-11,,66,,
2017-01-18,-20,0,2,0,2,96,-17,,66,,
2017-01-19,-23,0,5,0,2,96,-29,,66,,
2017-01-20,-25,0,5,0,2,96,-29,,66,,
2017-01-21,-25,0,5,0,2,96,-29,,66,,
2017-01-22,-25,0,5,0,2,96,-29,,66,,
2017-01-23,-25,0,5,0,2,96,-35,,66,,
2017-01-24,-28,0,5,0,2,96,-35,,66,,
2017-01-25,-28,0,5,0,7,3,-35,,66,,
2017-01-26,-28,0,5,0,7,3,-29,,66,,
2017-01-27,-28,92,77,0,7,3,-29,,66,,
2017-01-28,-28,92,77,0,7,3,-29,,66,,
2017-01-29,-28,92,77,0,7,3,-29,,66,,
2017-01-30,-31,92,75,0,7,3,-47,,69,,
2017-01-31,-31,92,77,0,7,3,-47,,69,,
2017-02-01,5,92,77,0,7,3,-47,,69,,
2017-02-02,5,92,77,0,87,3,-47,,69,,
2017-02-03,5,92,77,-58,87,3,-47,,69,,
2017-02-04,5,92,77,-58,87,3,-47,,69,,
2017-02-05,5,92,77,-58,87,3,-47,,69,,
2017-02-06,5,92,77,-64,92,3,-47,,69,,
2017-02-07,5,92,77,-64,92,3,-47,,69,,
2017-02-08,5,92,77,-64,92,3,-47,,69,,
2017-02-09,5,92,77,-65,92,17,-47,,69,,
2017-02-10,5,92,77,-65,92,28,-47,,69,,
2017-02-11,5,92,77,-65,92,28,-47,,69,,
2017-02-12,5,92,77,-65,92,28,-47,,69,,
2017-02-13,5,92,75,-65,92,28,-47,,69,,
2017-02-14,5,92,75,-65,92,28,-47,,69,,
2017-02-15,7,92,75,-65,92,27,-52,,69,,
2017-02-16,7,92,75,-65,92,27,-52,,69,,
2017-02-17,7,92,75,-65,92,27,-58,,69,,
2017-02-18,7,92,75,-65,92,27,-58,,69,,
2017-02-19,10,92,75,-65,92,27,-58,,69,,
2017-02-20,10,92,75,-65,92,27,-58,,69,,
2017-02-21,10,92,77,-65,92,27,-58,,69,,
2017-02-22,10,92,77,-65,92,24,-58,,8,,
2017-02-23,15,92,77,-65,92,24,22,,8,,
2017-02-24,15,92,77,-65,92,24,27,,17,,
2017-02-25,12,92,77,-65,92,24,27,,17,,
2017-02-26,15,92,77,-65,92,24,27,,17,,
2017-02-27,17,92,77,-65,92,24,27,,17,,
2017-02-28,15,92,77,-64,95,28,23,,18,,
2017-03-01,15,92,77,-64,95,28,23,,27,,
2017-03-02,15,92,77,-64,95,28,23,,87,,
2017-03-03,15,92,77,-64,95,28,23,,87,,
2017-03-04,15,92,77,-64,95,28,23,,87,,
2017-03-05,15,92,77,-64,95,28,23,,87,,
2017-03-06,15,92,77,-65,95,28,35,,87,,
2017-03-07,15,88,77,-65,95,28,35,,87,,
2017-03-08,15,88,77,-65,95,28,47,,87,,
2017-03-09,15,88,77,-64,95,28,47,,87,,
2017-03-10,15,88,77,-64,95,28,47,,87,,
2017-03-11,15,88,77,-64,95,28,47,,87,,
2017-03-12,15,88,77,-64,95,29,44,,87,,
2017-03-13,15,84,77,-64,95,29,50,,87,,
2017-03-14,15,84,77,-64,94,29,50,,87,,
2017-03-15,15,84,77,-64,94,29,50,,87,,
2017-03-16,15,84,77,-64,94,29,50,,91,,
2017-03-17,15,84,77,-64,94,29,50,,91,,
2017-03-18,15,84,77,-64,94,29,50,,95,,
2017-03-19,17,84,77,-64,94,30,50,,95,,
2017-03-20,17,84,77,-64,94,30,50,,95,,
2017-03-21,17,84,77,-64,94,26,50,,95,,
2017-03-22,18,84,76,-64,94,26,50,,95,,
2017-03-23,18,84,76,-64,94,26,47,,95,,
2017-03-24,18,84,76,-64,94,26,47,,95,,
2017-03-25,18,84,76,-64,94,26,47,,95,,
2017-03-26,18,84,76,-64,94,26,47,,95,,
2017-03-27,21,88,76,-61,92,26,47,,95,,
2017-03-28,21,88,76,-61,92,26,47,,95,,
2017-03-29,23,88,76,-61,92,26,47,,95,,
2017-03-30,26,88,76,-61,92,26,47,,95,,
2017-03-31,26,88,76,-61,92,26,57,,91,,
2017-04-01,26,88,76,-61,92,26,57,,91,,
2017-04-02,26,88,76,-61,92,26,57,,91,,
2017-04-03,26,88,70,-61,92,26,57,,91,,
2017-04-04,26,88,67,-60,92,19,57,,91,,
2017-04-05,26,88,67,-60,92,19,57,,91,,
2017-04-06,24,88,66,-58,91,19,64,,91,,
2017-04-07,29,88,66,-56,86,19,77,,91,,
2017-04-08,29,88,66,-56,86,19,77,,91,,
2017-04-09,29,88,66,-56,86,19,77,,91,,
2017-04-10,29,88,66,-56,83,19,77,,91,,
2017-04-11,29,88,63,-56,83,19,77,,91,,
2017-04-12,29,0,6,-56,81,19,77,,91,,
2017-04-13,29,0,3,-56,81,19,73,,91,,
2017-04-14,29,0,3,-56,81,19,73,,91,,
2017-04-15,29,0,3,-53,81,19,73,,91,,
2017-04-16,29,0,0,-53,81,19,73,,91,,
2017-04-17,10,0,0,-53,81,19,73,,91,,
2017-04-18,10,0,0,-53,8,19,73,,91,,
2017-04-19,10,0,0,-5,8,19,73,,91,,
2017-04-20,10,0,0,-5,8,19,73,,91,,
2017-04-21,7,0,0,-2,8,19,73,,91,,
2017-04-22,7,0,0,2,2,19,73,,91,,
2017-04-23,7,0,0,2,2,19,73,,91,,
2017-04-24,7,0,0,2,5,19,73,,91,,
2017-04-25,7,0,0,2,5,15,75,,91,,
2017-04-26,7,0,0,2,5,-3,70,,91,,
2017-04-27,7,0,0,2,8,-4,70,,91,,
2017-04-28,10,-3,41,17,8,-4,60,,91,,
2017-04-29,10,-3,38,17,8,-4,60,,91,,
2017-04-30,10,-3,38,17,8,-4,60,,91,,
2017-05-01,10,-3,40,20,10,-4,57,,91,,
2017-05-02,10,-3,40,20,16,-4,57,,91,,
2017-05-03,-23,-3,40,20,16,-4,57,,91,,
2017-05-04,-25,-3,40,20,70,-4,26,,91,,
2017-05-05,-25,-3,40,20,72,-3,26,,95,,
2017-05-06,-25,-3,40,20,72,-3,26,,95,,
2017-05-07,-25,-3,40,20,75,-3,26,,95,,
2017-05-08,-25,-3,42,20,77,-3,26,,95,,
2017-05-09,-25,-3,42,20,77,-3,14,,95,,
2017-05-10,-28,-3,42,20,77,75,14,,95,,
2017-05-11,-28,-3,42,20,77,82,14,,95,,
2017-05-12,-29,-3,42,17,77,82,14,,95,,
2017-05-13,-29,-3,42,17,77,82,14,,95,,
2017-05-14,-29,-3,42,17,77,82,14,,95,,
2017-05-15,-29,-3,42,17,77,82,14,,86,,
2017-05-16,-33,-3,42,17,77,82,14,,8,,
2017-05-17,-33,-3,42,17,77,82,13,,8,,
2017-05-18,-33,-3,42,17,77,82,13,,8,,
2017-05-19,-33,-3,42,17,77,82,13,,8,,
2017-05-20,-33,-3,42,17,75,82,13,,8,,
2017-05-21,-33,-3,42,17,75,85,13,,8,,
2017-05-22,-32,-3,42,17,75,85,13,,8,,
2017-05-23,-32,-3,44,17,75,85,13,,8,,
2017-05-24,-32,-3,44,17,75,85,13,,8,,
2017-05-25,-32,-3,44,17,75,85,13,,8,,
2017-05-26,-32,-3,44,17,75,85,13,,8,,
2017-05-27,-32,-3,44,17,75,85,13,,8,,
2017-05-28,-32,-3,44,17,75,85,18,,8,,
2017-05-29,-32,-3,44,17,75,85,18,,8,,
2017-05-30,-32,-3,47,17,75,85,18,,4,,
2017-05-31,-32,-3,47,17,75,85,18,,4,,
2017-06-01,-32,-3,47,17,75,85,18,,4,,
2017-06-02,-35,-3,47,17,75,85,18,,100,,
2017-06-03,-35,-3,47,17,72,85,19,,100,,
2017-06-04,-35,-3,47,17,72,85,19,,100,,
2017-06-05,-35,-3,47,20,72,85,19,,100,,
2017-06-06,-34,-3,41,20,72,85,19,,100,,
2017-06-07,-36,-3,41,20,72,85,19,,100,,
2017-06-08,-36,-3,41,20,72,85,19,,100,,
2017-06-09,-36,-3,41,20,72,85,23,,100,,
2017-06-10,-36,-3,41,20,72,85,23,,100,,
2017-06-11,-36,-3,41,17,72,85,25,,100,,
2017-06-12,-36,-3,41,17,72,85,25,,100,,
2017-06-13,-36,-3,41,17,72,82,25,,100,,
2017-06-14,-36,-3,41,17,75,82,25,,100,,
2017-06-15,-36,-3,41,20,75,82,25,,100,,
2017-06-16,-36,-3,41,21,75,82,25,,100,,
2017-06-17,-36,-3,41,19,75,82,25,,100,,
2017-06-18,-36,-3,41,19,75,82,25,,100,,
2017-06-19,-36,-3,41,19,75,82,25,,100,,
2017-06-20,-36,-3,41,19,75,82,25,,100,,
2017-06-21,-36,-3,41,16,75,82,20,,100,,
2017-06-22,-36,-3,41,16,75,82,20,,100,,
2017-06-23,-36,-3,41,16,75,83,19,,100,,
2017-06-24,-36,-3,41,16,75,83,19,,100,,
2017-06-25,-36,-3,41,16,75,83,19,,100,,
2017-06-26,-36,-3,41,16,75,80,19,,100,,
2017-06-27,-36,-3,41,16,75,80,19,,100,,
2017-06-28,-36,-3,41,16,77,78,19,,100,,
2017-06-29,-36,-3,41,16,77,78,19,,100,,
2017-06-30,-36,-3,41,16,77,78,19,,100,,
2017-07-01,-36,-3,41,16,77,77,19,,100,,
2017-07-02,-36,-3,41,16,77,75,19,,100,,
2017-07-03,-36,-3,41,19,77,75,19,,100,,
2017-07-04,-40,-3,41,19,77,75,9,,100,,
2017-07-05,-37,-3,41,16,77,75,9,,100,,
2017-07-06,-37,-3,41,16,77,75,9,,100,,
2017-07-07,-37,-3,41,16,77,75,4,,100,,
2017-07-08,-37,-3,41,16,75,75,4,,100,,
2017-07-09,-37,-3,41,16,75,75,0,,100,,
2017-07-10,-37,-3,41,16,75,75,0,,100,,
2017-07-11,-37,-3,41,16,72,75,0,,100,,
2017-07-12,-37,0,5,0,72,75,0,,100,,
2017-07-13,-37,0,5,0,72,75,0,,100,,
2017-07-14,-40,0,5,0,72,75,0,,100,,
2017-07-15,-40,0,2,0,72,75,0,,100,,
2017-07-16,-40,0,2,0,69,75,0,,100,,
2017-07-17,-13,0,2,0,69,78,0,,100,,
2017-07-18,-13,0,8,0,10,78,-4,,100,,
2017-07-19,-13,0,8,0,8,78,-13,,100,,
2017-07-20,-15,0,8,2,10,78,-13,,100,,
2017-07-21,-21,34,8,2,10,80,-13,,100,,
2017-07-22,-21,34,5,2,8,80,-13,,100,,
2017-07-23,-21,34,5,2,8,80,-13,,100,,
2017-07-24,-27,38,5,2,8,16,-13,,100,,
2017-07-25,-29,38,2,2,8,9,-22,,100,,
2017-07-26,-30,38,2,5,8,9,-22,,100,,
2017-07-27,-30,38,2,5,59,10,-22,,100,,
2017-07-28,-30,38,2,68,59,13,-22,,100,,
2017-07-29,-30,38,2,68,59,13,-27,,100,,
2017-07-30,-30,38,2,68,59,13,-27,,100,,
2017-07-31,-30,38,2,68,59,16,-27,,100,,
2017-08-01,-30,38,2,67,62,19,-27,,100,,
2017-08-02,43,38,2,70,60,19,-27,,100,,
2017-08-03,44,38,2,70,60,19,39,,100,,
2017-08-04,44,40,2,70,60,19,39,,100,,
2017-08-05,44,40,2,70,60,19,39,,100,,
2017-08-06,44,41,3,70,60,19,39,,100,,
2017-08-07,44,37,3,70,60,19,39,,100,,
2017-08-08,44,33,3,70,60,19,39,,100,,
2017-08-09,44,33,3,70,60,19,39,,100,,
2017-08-10,44,33,3,70,60,19,39,,100,,
2017-08-11,45,33,3,70,60,93,39,,100,,
2017-08-12,47,33,3,70,60,93,39,,100,,
2017-08-13,47,33,3,70,60,93,40,,100,,
2017-08-14,43,33,3,70,62,93,45,,100,,
2017-08-15,43,33,3,70,62,93,45,,100,,
2017-08-16,43,33,3,70,62,93,45,,0,,
2017-08-17,43,33,3,70,62,93,47,,0,,
2017-08-18,43,33,3,70,62,93,47,,-4,,
2017-08-19,43,33,3,70,61,96,47,,-4,,
2017-08-20,42,33,3,70,61,96,47,,-4,,
2017-08-21,43,33,3,70,61,96,47,,-4,,
2017-08-22,43,33,3,70,61,96,47,,-4,,
2017-08-23,43,33,3,70,61,96,42,,-4,,
2017-08-24,43,33,3,70,61,96,42,,-4,,
2017-08-25,43,33,3,70,59,96,42,,4,,
2017-08-26,43,33,3,70,59,96,42,,4,,
2017-08-27,43,33,3,70,59,96,42,,4,,
2017-08-28,43,33,3,68,59,96,42,,4,,
2017-08-29,43,33,3,68,59,96,42,,4,,
2017-08-30,45,33,3,68,59,96,52,,4,,
2017-08-31,45,33,3,67,59,96,52,,4,,
2017-09-01,45,33,3,67,59,96,52,,4,,
2017-09-02,45,33,3,67,59,96,52,,4,,
2017-09-03,45,33,3,67,59,96,52,,4,,
2017-09-04,45,33,3,67,59,96,52,,4,,
2017-09-05,45,33,3,67,59,96,52,,4,,
2017-09-06,43,36,3,67,59,93,52,,4,,
2017-09-07,42,36,3,67,59,93,52,,4,,
2017-09-08,42,40,3,67,59,93,52,,4,,
2017-09-09,42,40,3,67,59,93,52,,4,,
2017-09-10,42,40,3,67,59,93,52,,4,,
2017-09-11,42,50,3,67,59,93,52,,4,,
2017-09-12,39,55,3,67,59,93,52,,4,,
2017-09-13,32,55,3,67,59,93,52,,4,,
2017-09-14,33,55,3,66,59,93,52,,4,,
2017-09-15,33,55,3,66,59,96,52,,4,,
2017-09-16,33,55,3,66,57,96,52,,4,,
2017-09-17,33,55,3,66,57,96,52,,4,,
2017-09-18,33,55,3,66,58,96,52,,4,,
2017-09-19,33,52,3,66,58,96,52,,4,,
2017-09-20,33,52,3,66,58,96,52,,4,,
2017-09-21,33,47,3,66,58,96,52,,4,,
2017-09-22,33,47,3,65,58,96,52,,4,,
2017-09-23,33,47,3,65,58,96,50,,4,,
2017-09-24,33,47,3,65,58,96,50,,4,,
2017-09-25,33,47,3,65,58,96,50,,4,,
2017-09-26,33,47,6,65,57,96,50,,4,,
2017-09-27,33,47,6,65,55,96,50,,4,,
2017-09-28,33,47,6,65,50,96,40,,4,,
2017-09-29,33,47,9,64,50,96,31,,4,,
2017-09-30,33,47,9,60,50,96,31,,4,,
2017-10-01,33,47,6,60,44,96,31,,4,,
2017-10-02,33,47,6,60,43,96,31,,4,,
2017-10-03,33,47,3,60,43,96,40,,4,,
2017-10-04,36,21,3,60,46,96,40,,4,,
2017-10-05,36,21,3,60,46,96,40,,4,,
2017-10-06,36,21,3,60,46,96,40,,4,,
2017-10-07,36,21,3,60,46,96,40,,4,,
2017-10-08,36,21,3,60,46,96,40,,4,,
2017-10-09,36,21,3,60,46,96,40,,4,,
2017-10-10,36,21,3,59,7,96,50,,4,,
2017-10-11,36,21,3,3,7,96,50,,4,,
2017-10-12,34,21,3,3,7,96,50,,4,,
2017-10-13,34,20,3,3,7,96,39,,0,,
2017-10-14,34,20,3,3,7,96,43,,0,,
2017-10-15,34,20,3,3,5,96,43,,0,,
2017-10-16,-3,20,3,0,5,96,43,,0,,
2017-10-17,-3,20,3,0,5,96,8,,0,,
2017-10-18,-3,14,3,0,5,96,8,,0,,
2017-10-19,-3,18,3,0,5,96,4,,0,,
2017-10-20,-3,18,3,0,5,96,4,,0,,
2017-10-21,-3,18,3,0,5,96,4,,0,,
2017-10-22,-3,18,3,0,5,93,4,,0,,
2017-10-23,-6,18,3,0,5,93,4,,0,,
2017-10-24,-6,18,3,0,5,93,0,,0,,
2017-10-25,-6,18,3,0,5,3,0,,0,,
2017-10-26,-6,18,3,0,5,3,-8,,0,,
2017-10-27,-6,84,36,72,5,6,-12,,0,,
2017-10-28,-6,84,36,72,5,6,-12,,0,,
2017-10-29,-6,84,36,72,5,6,-12,,0,,
2017-10-30,-6,84,39,75,10,6,-12,,0,,
2017-10-31,-6,84,39,79,10,6,-12,,0,,
2017-11-01,-6,85,40,82,10,6,-12,,8,,
2017-11-02,-6,85,41,82,84,6,0,,8,,
2017-11-03,93,85,41,82,87,6,0,,8,,
2017-11-04,93,85,41,82,87,6,0,,8,,
2017-11-05,93,85,41,88,89,6,0,,8,,
2017-11-06,93,85,41,88,89,9,0,,9,,
2017-11-07,93,85,41,88,89,9,0,,9,,
2017-11-08,93,85,41,88,89,10,-4,,0,,
2017-11-09,93,85,41,88,89,10,-4,,0,,
2017-11-10,93,85,41,88,89,96,0,,0,,
2017-11-11,96,85,41,85,89,96,0,,0,,
2017-11-12,96,85,41,88,89,96,0,,0,,
2017-11-13,96,85,41,88,89,96,0,,0,,
2017-11-14,96,85,41,88,89,96,0,,0,,
2017-11-15,96,85,41,88,89,96,0,,0,,
2017-11-16,96,85,41,88,89,96,0,,0,,
2017-11-17,96,85,41,88,89,96,0,,0,,
2017-11-18,96,85,41,88,89,96,0,,0,,
2017-11-19,96,85,41,88,89,100,0,,0,,
2017-11-20,96,85,41,88,89,100,0,,0,,
2017-11-21,96,85,41,88,89,100,-4,,0,,
2017-11-22,96,85,38,88,89,100,-4,,0,,
2017-11-23,96,85,38,88,89,100,-4,,0,,
2017-11-24,90,85,38,88,89,100,-4,,0,,
2017-11-25,90,85,38,88,89,100,-9,,0,,
2017-11-26,90,85,38,88,89,100,-9,,0,,
2017-11-27,90,85,38,88,89,100,-9,,0,,
2017-11-28,90,85,38,88,89,100,-9,,0,,
2017-11-29,90,85,41,92,94,93,-9,,0,,
2017-11-30,90,85,41,92,94,93,-9,,0,,
2017-12-01,90,85,40,92,94,93,-9,,0,,
2017-12-02,90,85,40,92,92,93,-9,,0,,
2017-12-03,90,85,40,92,92,93,-9,,0,,
2017-12-04,90,85,40,92,92,90,-9,,0,,
2017-12-05,90,85,40,92,92,90,-9,,0,,
2017-12-06,90,85,40,88,92,90,-9,,0,,
2017-12-07,90,85,40,88,92,90,-9,,95,,
2017-12-08,90,85,40,88,92,90,-9,,95,,
2017-12-09,90,85,40,88,92,90,-9,,95,,
2017-12-10,90,85,37,88,92,90,-9,,95,,
2017-12-11,90,85,37,88,92,90,-9,,95,,
2017-12-12,90,85,37,88,92,90,-9,,87,,
2017-12-13,90,85,37,85,92,90,-9,,79,,
2017-12-14,90,85,37,85,92,90,-9,,79,,
2017-12-15,90,85,37,85,92,90,-4,,79,,
2017-12-16,93,85,37,85,92,90,-4,,79,,
2017-12-17,93,85,37,85,92,90,-9,,79,,
2017-12-18,87,85,37,85,92,90,-9,,79,,
2017-12-19,87,85,37,85,92,90,-9,,79,,
2017-12-20,87,85,37,85,92,90,-9,,79,,
2017-12-21,87,85,37,85,92,90,-9,,79,,
2017-12-22,87,85,37,85,92,90,-19,,79,,
2017-12-23,87,85,37,85,92,90,-19,,78,,
2017-12-24,83,85,34,85,92,93,-19,,78,,
2017-12-25,83,85,34,85,92,93,-19,,78,,
2017-12-26,83,85,34,85,92,93,-19,,78,,
2017-12-27,83,85,34,81,94,93,-19,,78,,
2017-12-28,83,88,34,81,94,90,-19,,78,,
2017-12-29,83,88,34,81,94,93,-19,,78,,
2017-12-30,83,88,33,81,94,93,-19,,78,,
2017-12-31,83,88,33,84,94,93,-19,,78,,
2018-01-01,83,88,33,84,94,93,-19,,78,,
2018-01-02,83,88,33,84,94,93,-14,,78,,
2018-01-03,83,88,33,84,94,93,4,,78,,
2018-01-04,83,88,33,84,94,93,4,,78,,
2018-01-05,83,88,33,84,94,93,4,,78,,
2018-01-06,76,88,33,76,94,93,4,,78,,
2018-01-07,76,88,34,76,94,93,4,,78,,
2018-01-08,76,88,34,76,94,93,9,,78,,
2018-01-09,76,88,34,80,94,93,0,,78,,
2018-01-10,76,7,9,12,94,93,0,,78,,
2018-01-11,70,7,9,12,92,93,0,,78,,
2018-01-12,70,7,9,12,92,93,0,,78,,
2018-01-13,66,7,6,10,92,93,0,,78,,
2018-01-14,66,7,6,7,92,93,0,,78,,
2018-01-15,66,3,6,5,92,93,0,,78,,
2018-01-16,60,3,6,5,9,93,-4,,78,,
2018-01-17,-9,3,6,5,7,93,-4,,78,,
2018-01-18,-10,3,6,5,7,93,-4,,78,,
2018-01-19,-10,3,6,7,12,93,4,,78,,
2018-01-20,-10,3,6,7,9,93,4,,78,,
2018-01-21,-10,3,6,7,9,93,4,,78,,
2018-01-22,-10,0,6,7,9,93,9,,78,,
2018-01-23,-13,0,6,7,9,93,9,,69,,
2018-01-24,-13,0,6,7,9,3,4,,69,,
2018-01-25,-20,0,6,7,9,3,4,,60,,
2018-01-26,-30,0,6,7,9,3,4,,60,,
2018-01-27,-30,0,6,7,9,3,4,,60,,
2018-01-28,-30,0,6,7,9,3,4,,60,,
2018-01-29,-30,0,6,7,9,3,4,,60,,
2018-01-30,-43,0,6,6,9,3,9,,60,,
2018-01-31,-43,0,6,6,9,6,9,,52,,
2018-02-01,-43,24,6,6,80,6,9,,52,,
2018-02-02,-73,24,65,80,82,10,9,,52,,
2018-02-03,-73,24,65,80,82,10,9,,52,,
2018-02-04,-73,25,65,81,82,10,9,,52,,
2018-02-05,-74,25,68,81,82,13,9,,52,,
2018-02-06,-74,27,68,84,82,13,9,,52,,
2018-02-07,-74,27,68,84,82,17,9,,52,,
2018-02-08,-74,27,68,84,82,17,8,,52,,
2018-02-09,-72,24,68,84,82,96,8,,60,,
2018-02-10,-72,24,68,84,87,96,8,,60,,
2018-02-11,-72,24,68,84,87,96,8,,60,,
2018-02-12,-72,24,65,81,84,96,8,,60,,
2018-02-13,-72,24,65,81,87,96,8,,60,,
2018-02-14,-72,24,62,81,87,96,8,,60,,
2018-02-15,-72,24,62,81,87,96,8,,60,,
2018-02-16,-72,24,62,81,87,96,8,,69,,
2018-02-17,-72,24,62,81,87,96,8,,69,,
2018-02-18,-72,24,62,81,87,96,9,,69,,
2018-02-19,-72,24,62,81,87,96,9,,69,,
2018-02-20,-72,24,65,83,87,96,9,,24,,
2018-02-21,-72,25,65,83,87,96,4,,24,,
2018-02-22,-72,25,65,83,87,96,4,,24,,
2018-02-23,-72,25,65,83,87,96,4,,24,,
2018-02-24,-75,25,64,85,87,96,4,,23,,
2018-02-25,-75,25,64,85,87,96,4,,26,,
2018-02-26,-75,25,64,85,87,96,4,,26,,
2018-02-27,-75,25,65,85,87,96,4,,26,,
2018-02-28,-75,25,65,85,87,96,4,,26,,
2018-03-01,-75,25,65,85,87,96,4,,26,,
2018-03-02,-75,25,65,85,87,96,4,,26,,
2018-03-03,-75,25,65,85,87,96,4,,26,,
2018-03-04,-75,25,65,85,87,96,4,,26,,
2018-03-05,-75,25,65,85,87,96,4,,26,,
2018-03-06,-75,25,65,85,87,96,4,,26,,
2018-03-07,-75,25,65,85,87,96,4,,26,,
2018-03-08,-75,27,65,85,87,96,8,,26,,
2018-03-09,-75,27,65,85,87,96,8,,30,,
2018-03-10,-75,27,65,85,87,96,8,,30,,
2018-03-11,-75,27,67,85,87,96,8,,30,,
2018-03-12,-75,27,67,85,87,96,8,,30,,
2018-03-13,-75,27,67,85,87,96,8,,30,,
2018-03-14,-75,27,67,85,87,96,8,,33,,
2018-03-15,-75,27,67,85,87,96,8,,33,,
2018-03-16,-75,27,67,85,87,96,8,,55,,
2018-03-17,-75,27,67,85,87,96,8,,51,,
2018-03-18,-75,27,67,85,87,100,8,,51,,
2018-03-19,-75,27,67,85,87,100,4,,50,,
2018-03-20,-75,27,67,85,82,100,4,,50,,
2018-03-21,-75,27,67,83,82,100,4,,51,,
2018-03-22,-75,27,67,83,82,100,4,,51,,
2018-03-23,-75,27,67,83,82,100,4,,59,,
2018-03-24,-75,24,67,83,82,100,4,,59,,
2018-03-25,-75,24,67,83,82,100,4,,59,,
2018-03-26,-75,24,67,83,82,100,4,,59,,
2018-03-27,-81,24,67,83,82,100,-4,,59,,
2018-03-28,-81,24,67,83,79,100,-4,,59,,
2018-03-29,-81,24,67,83,74,92,-4,,59,,
2018-03-30,-81,24,67,83,74,92,-4,,59,,
2018-03-31,-81,24,67,83,74,92,-4,,59,,
2018-04-01,-81,24,67,83,74,92,-4,,59,,
2018-04-02,-81,24,67,83,74,92,-4,,59,,
2018-04-03,-81,24,67,83,74,92,-17,,59,,
2018-04-04,-78,24,67,83,71,92,-17,,59,,
2018-04-05,-78,24,67,83,71,92,-17,,59,,
2018-04-06,-78,24,67,83,71,92,-17,,51,,
2018-04-07,-78,24,67,83,71,92,-17,,51,,
2018-04-08,-78,24,67,83,71,92,-17,,51,,
2018-04-09,-78,24,67,83,66,92,-17,,51,,
2018-04-10,-75,24,67,80,66,92,-17,,51,,
2018-04-11,-72,21,64,80,61,92,-17,,51,,
2018-04-12,-72,21,64,80,61,92,-17,,51,,
2018-04-13,-72,21,64,80,58,92,-17,,51,,
2018-04-14,-72,17,64,80,58,92,-17,,51,,
2018-04-15,-66,17,64,80,58,92,-17,,37,,
2018-04-16,-66,17,62,80,58,92,-26,,32,,
2018-04-17,-69,3,60,80,-2,92,-26,,27,,
2018-04-18,-23,3,9,9,-7,92,-34,,27,,
2018-04-19,-23,3,9,9,-7,92,-34,,27,,
2018-04-20,-23,3,9,9,-7,92,-34,,27,,
2018-04-21,-20,3,6,9,-7,92,-34,,24,,
2018-04-22,-20,0,6,7,-7,92,-34,,24,,
2018-04-23,-23,0,6,7,-10,92,-34,,24,,
2018-04-24,-23,0,86,7,-10,89,-34,,24,,
2018-04-25,-23,0,86,7,-10,-3,-34,,24,,
2018-04-26,-23,0,87,7,90,-3,-26,,24,,
2018-04-27,-35,89,87,76,90,-3,-17,,-28,,
2018-04-28,-35,89,87,76,90,-3,-17,,-28,,
2018-04-29,-36,89,87,76,87,-3,-17,,-28,,
2018-04-30,-37,96,86,78,87,-3,-17,,-77,,
2018-05-01,-37,96,86,78,87,-3,-17,,-87,,
2018-05-02,20,96,86,78,87,-3,-18,,-87,,
2018-05-03,20,96,86,78,87,-3,36,,-87,,
2018-05-04,20,96,86,78,87,-7,36,,-87,,
2018-05-05,20,96,86,78,87,-7,36,,-87,,
2018-05-06,20,96,86,76,87,-7,36,,-87,,
2018-05-07,20,96,86,76,87,-7,40,,-87,,
2018-05-08,20,96,86,76,87,-7,31,,-90,,
2018-05-09,20,96,86,76,87,-7,31,,-90,,
2018-05-10,20,96,86,76,87,-7,31,,-90,,
2018-05-11,20,96,86,76,87,100,31,,-90,,
2018-05-12,20,100,86,76,87,100,31,,-90,,
2018-05-13,21,100,82,76,87,100,31,,-90,,
2018-05-14,21,100,82,76,87,100,31,,-90,,
2018-05-15,21,100,82,76,87,100,31,,-90,,
2018-05-16,21,100,86,76,87,100,31,,-90,,
2018-05-17,21,100,86,76,87,96,27,,-90,,
2018-05-18,18,100,86,76,87,96,27,,-90,,
2018-05-19,18,96,86,76,87,96,27,,-90,,
2018-05-20,18,96,86,76,87,96,27,,-90,,
2018-05-21,18,96,86,76,87,96,27,,-90,,
2018-05-22,18,92,86,76,87,96,22,,-90,,
2018-05-23,18,92,86,76,87,96,22,,-90,,
2018-05-24,18,92,86,76,87,96,22,,-90,,
2018-05-25,18,92,86,78,87,96,22,,-90,,
2018-05-26,18,92,86,78,87,96,22,,-90,,
2018-05-27,18,92,86,78,87,96,22,,-90,,
2018-05-28,18,92,86,78,87,96,22,,-90,,
2018-05-29,18,92,86,78,87,96,22,,-90,,
2018-05-30,18,92,86,78,87,96,22,,-90,,
2018-05-31,18,92,86,78,89,96,22,,-90,,
2018-06-01,18,92,86,78,89,96,23,,-80,,
2018-06-02,18,92,86,78,89,96,23,,-80,,
2018-06-03,18,92,86,78,89,96,23,,-80,,
2018-06-04,18,92,86,78,87,96,22,,-80,,
2018-06-05,17,92,86,78,87,96,22,,-80,,
2018-06-06,20,92,86,78,87,96,22,,-80,,
2018-06-07,20,92,89,78,87,96,31,,-80,,
2018-06-08,20,96,89,78,87,96,31,,-84,,
2018-06-09,20,96,89,76,87,96,31,,-84,,
2018-06-10,20,96,89,76,87,96,31,,-84,,
2018-06-11,20,96,89,76,87,96,31,,-84,,
2018-06-12,20,96,88,75,87,96,31,,-84,,
2018-06-13,20,96,88,75,87,96,31,,-84,,
2018-06-14,20,96,88,75,87,96,31,,-84,,
2018-06-15,20,96,88,75,87,96,31,,-84,,
2018-06-16,20,100,88,75,87,96,31,,-84,,
2018-06-17,20,100,88,75,87,96,31,,-84,,
2018-06-18,20,100,88,75,87,93,31,,-83,,
2018-06-19,20,100,88,75,87,93,31,,-83,,
2018-06-20,20,100,88,75,87,93,31,,-81,,
2018-06-21,20,100,88,75,87,93,38,,-81,,
2018-06-22,20,100,88,75,87,93,38,,-81,,
2018-06-23,20,100,88,75,87,93,38,,-81,,
2018-06-24,20,100,88,75,87,93,38,,-86,,
2018-06-25,20,100,88,75,87,93,38,,-86,,
2018-06-26,20,100,88,75,87,93,38,,-86,,
2018-06-27,20,100,88,75,87,93,38,,-86,,
2018-06-28,20,100,88,75,87,93,38,,-86,,
2018-06-29,20,100,88,75,89,93,38,,-89,,
2018-06-30,20,100,88,75,89,93,38,,-89,,
2018-07-01,20,100,88,75,89,93,38,,-89,,
2018-07-02,23,100,88,75,89,93,23,,-89,,
2018-07-03,26,100,88,75,89,93,23,,-89,,
2018-07-04,26,100,88,75,89,93,23,,-86,,
2018-07-05,26,100,88,75,89,93,23,,-86,,
2018-07-06,26,100,88,75,89,93,23,,-86,,
2018-07-07,26,100,88,75,89,93,23,,-86,,
2018-07-08,26,100,3,75,89,93,23,,-86,,
2018-07-09,26,100,3,75,89,93,23,,-86,,
2018-07-10,26,100,3,75,5,93,19,,-86,,
2018-07-11,26,10,3,4,5,93,14,,-53,,
2018-07-12,26,10,3,4,10,93,14,,-51,,
2018-07-13,26,10,3,4,15,96,14,,-51,,
2018-07-14,26,7,3,2,15,96,14,,-13,,
2018-07-15,26,7,3,2,15,96,14,,-6,,
2018-07-16,-2,6,3,2,15,96,14,,-6,,
2018-07-17,-2,10,3,2,15,96,0,,-6,,
2018-07-18,-2,10,3,2,15,96,0,,-6,,
2018-07-19,-2,10,0,2,15,96,0,,-7,,
2018-07-20,-2,87,0,2,10,96,0,,-7,,
2018-07-21,-2,87,0,2,10,96,0,,-7,,
2018-07-22,-2,87,0,2,10,96,0,,-3,,
2018-07-23,-2,87,0,2,10,96,-9,,-3,,
2018-07-24,-2,87,31,2,10,96,-19,,-3,,
2018-07-25,-2,87,31,2,10,0,-19,,-3,,
2018-07-26,-2,87,31,2,-62,0,-23,,-3,,
2018-07-27,-2,87,31,-47,-63,0,-14,,-3,,
2018-07-28,-2,87,31,-47,-63,0,-14,,-3,,
2018-07-29,-2,87,31,-47,-63,0,-14,,-3,,
2018-07-30,-2,84,30,-46,-63,0,-14,,-3,,
2018-07-31,-2,84,30,-46,-63,0,-9,,-3,,
2018-08-01,45,84,30,-46,-68,0,-9,,-3,,
2018-08-02,45,84,30,-46,-68,0,36,,-3,,
2018-08-03,45,84,30,-46,-68,0,36,,-3,,
2018-08-04,45,84,31,-46,-68,0,36,,-3,,
2018-08-05,45,81,31,-47,-68,0,38,,-3,,
2018-08-06,45,81,31,-47,-68,0,38,,-3,,
2018-08-07,45,81,31,-47,-68,0,47,,-3,,
2018-08-08,44,81,31,-50,-68,0,47,,-3,,
2018-08-09,44,81,31,-50,-68,0,47,,-3,,
2018-08-10,45,83,32,-51,-68,0,50,,-3,,
2018-08-11,45,83,32,-51,-68,0,52,,-3,,
2018-08-12,47,83,32,-51,-68,0,52,,-3,,
2018-08-13,47,83,32,-51,-68,3,52,,-3,,
2018-08-14,47,83,32,-51,-68,6,52,,-3,,
2018-08-15,47,83,32,-51,-68,6,52,,-3,,
2018-08-16,47,83,32,-51,-68,6,52,,-3,,
2018-08-17,47,83,32,-51,-68,-42,52,,-3,,
2018-08-18,47,80,32,-51,-68,-42,52,,-3,,
2018-08-19,47,80,32,-51,-68,-45,52,,-3,,
2018-08-20,47,80,32,-51,-68,-45,52,,-3,,
2018-08-21,47,80,38,-51,-68,-45,50,,-3,,
2018-08-22,47,80,38,-51,-68,-45,50,,0,,
2018-08-23,47,80,38,-51,-68,-45,50,,0,,
2018-08-24,47,80,40,-52,-68,-45,59,,0,,
2018-08-25,47,80,40,-52,-68,-43,59,,0,,
2018-08-26,48,80,40,-52,-68,-43,59,,0,,
2018-08-27,48,80,40,-52,-68,-43,54,,0,,
2018-08-28,47,80,40,-52,-68,-43,54,,0,,
2018-08-29,47,80,40,-52,-68,-43,54,,0,,
2018-08-30,47,80,40,-52,-68,-43,54,,0,,
2018-08-31,47,80,40,-52,-68,-43,54,,0,,
2018-09-01,47,80,40,-52,-68,-43,54,,0,,
2018-09-02,48,80,40,-52,-68,-45,54,,0,,
2018-09-03,48,80,40,-52,-68,-45,54,,0,,
2018-09-04,48,80,40,-52,-68,-45,54,,0,,
2018-09-05,48,80,40,-54,-68,-45,52,,0,,
2018-09-06,48,80,40,-54,-68,-45,52,,0,,
2018-09-07,48,80,40,-50,-68,-45,50,,3,,
2018-09-08,48,80,40,-50,-68,-45,50,,3,,
2018-09-09,48,80,40,-50,-68,-45,50,,3,,
2018-09-10,48,80,40,-50,-68,-45,50,,3,,
2018-09-11,48,80,40,-50,-68,-45,50,,3,,
2018-09-12,48,80,40,-50,-68,-45,50,,3,,
2018-09-13,48,80,40,-50,-68,-43,47,,3,,
2018-09-14,48,80,40,-50,-68,-43,47,,3,,
2018-09-15,48,80,38,-50,-66,-43,47,,3,,
2018-09-16,48,80,38,-50,-65,-43,47,,3,,
2018-09-17,50,80,38,-50,-65,-37,47,,3,,
2018-09-18,50,80,38,-50,-65,-37,47,,3,,
2018-09-19,50,83,43,-50,-65,-38,47,,3,,
2018-09-20,50,83,43,-50,-65,-38,47,,3,,
2018-09-21,50,83,43,-50,-65,-38,47,,3,,
2018-09-22,50,83,43,-50,-65,-38,47,,3,,
2018-09-23,50,83,43,-50,-65,-38,47,,3,,
2018-09-24,50,83,43,-50,-65,-38,47,,3,,
2018-09-25,50,83,43,-47,-65,-38,47,,3,,
2018-09-26,50,83,43,-47,-67,-38,47,,3,,
2018-09-27,52,83,46,-47,-67,-38,47,,3,,
2018-09-28,52,83,46,-47,-67,-38,47,,4,,
2018-09-29,52,83,46,-47,-67,-38,47,,4,,
2018-09-30,52,83,45,-47,-67,-38,47,,4,,
2018-10-01,52,83,45,-47,-69,-38,47,,4,,
2018-10-02,52,83,45,-47,-69,-38,60,,4,,
2018-10-03,50,6,45,-47,-67,-38,60,,4,,
2018-10-04,50,6,45,-47,-67,-38,60,,4,,
2018-10-05,50,6,45,-47,-69,-38,60,,4,,
2018-10-06,50,6,45,-47,-69,-38,60,,4,,
2018-10-07,50,6,3,-47,-69,-38,60,,4,,
2018-10-08,50,6,0,-47,-69,-38,60,,4,,
2018-10-09,48,6,0,-47,-9,-38,60,,4,,
2018-10-10,48,6,0,0,-7,-40,55,,4,,
2018-10-11,47,6,0,0,-7,-40,52,,4,,
2018-10-12,47,6,0,0,-7,-40,52,,4,,
2018-10-13,47,6,0,0,-7,-40,52,,4,,
2018-10-14,47,6,0,0,-7,-40,52,,4,,
2018-10-15,2,6,0,0,-4,-40,52,,4,,
2018-10-16,2,6,0,0,-4,-40,19,,4,,
2018-10-17,2,6,0,0,-4,-40,19,,4,,
2018-10-18,2,6,0,0,-4,-40,19,,4,,
2018-10-19,2,6,0,0,-4,-40,19,,4,,
2018-10-20,2,6,0,0,-4,-40,19,,4,,
2018-10-21,2,6,0,0,-4,-40,14,,4,,
2018-10-22,2,3,-3,0,-4,-40,14,,4,,
2018-10-23,2,3,-3,0,-4,-40,14,,4,,
2018-10-24,2,3,-3,0,-4,-40,13,,4,,
2018-10-25,2,60,-3,0,-4,-43,43,,4,,
2018-10-26,2,66,0,-55,-4,-43,47,,4,,
2018-10-27,2,66,0,-55,-4,-43,47,,3,,
2018-10-28,2,66,0,-55,-4,-43,47,,3,,
2018-10-29,2,66,0,-60,-4,-43,47,,3,,
2018-10-30,2,66,0,-62,-4,-43,47,,3,,
2018-10-31,2,66,0,-62,-4,-9,47,,3,,
2018-11-01,2,66,0,-62,-4,-9,47,,3,,
2018-11-02,8,66,0,-62,-4,-9,47,,3,,
2018-11-03,8,66,0,-62,-4,-9,47,,3,,
2018-11-04,8,66,-3,-62,-4,-9,47,,3,,
2018-11-05,8,66,-3,-62,-4,-9,47,,3,,
2018-11-06,8,66,-3,-62,-4,-9,47,,3,,
2018-11-07,8,66,-3,-62,-4,-9,45,,3,,
2018-11-08,8,66,-3,-62,-4,-9,45,,3,,
2018-11-09,8,66,-3,-62,-4,-9,45,,3,,
2018-11-10,8,66,-3,-62,-4,-9,47,,3,,
2018-11-11,5,68,-3,-62,-4,-9,47,,3,,
2018-11-12,5,68,-3,-62,-4,-12,47,,3,,
2018-11-13,-8,68,-3,-62,-4,-12,47,,3,,
2018-11-14,-8,68,-3,-62,-4,-12,47,,3,,
2018-11-15,-8,68,-3,-65,-4,-12,50,,3,,
2018-11-16,-8,71,-3,-65,-4,-90,50,,3,,
2018-11-17,-5,71,-3,-66,-4,-90,50,,3,,
2018-11-18,-5,71,-3,-66,-4,-90,50,,3,,
2018-11-19,-5,71,-3,-64,-4,-100,50,,3,,
2018-11-20,-5,71,-3,-64,-4,-100,50,,3,,
2018-11-21,-5,71,-3,-64,-4,-100,47,,0,,
2018-11-22,-5,71,-3,-64,-4,-100,47,,0,,
2018-11-23,-8,71,-3,-64,-6,-100,47,,0,,
2018-11-24,-8,71,-3,-64,-6,-100,47,,0,,
2018-11-25,-8,71,-3,-64,-6,-100,47,,0,,
2018-11-26,-20,71,-3,-64,-6,-100,47,,0,,
2018-11-27,-22,71,-3,-62,-6,-100,47,,0,,
2018-11-28,-25,71,-3,-62,-6,-100,47,,0,,
2018-11-29,-28,71,-3,-62,-6,-100,47,,0,,
2018-11-30,-28,71,-3,-62,-6,-100,47,,0,,
2018-12-01,-28,71,-3,-62,-6,-100,47,,0,,
2018-12-02,-28,71,-3,-62,-6,-100,50,,0,,
2018-12-03,-28,67,-3,-62,-6,-100,50,,0,,
2018-12-04,-31,67,-3,-62,-6,-100,50,,0,,
2018-12-05,-31,67,-3,-62,-6,-100,52,,0,,
2018-12-06,-37,67,-3,-62,-6,-100,52,,0,,
2018-12-07,-45,67,-3,-62,-6,-100,52,,63,,
2018-12-08,-45,67,-3,-62,-6,-100,52,,63,,
2018-12-09,-45,67,-3,-62,-6,-100,52,,63,,
2018-12-10,-45,67,-3,-62,-6,-100,52,,63,,
2018-12-11,-45,67,-3,-62,-6,-100,52,,63,,
2018-12-12,-45,67,-3,-62,-6,-100,55,,63,,
2018-12-13,-45,67,-3,-62,-6,-100,55,,63,,
2018-12-14,-45,67,-3,-62,-6,-100,57,,63,,
2018-12-15,-45,67,-3,-62,-4,-100,61,,63,,
2018-12-16,-45,67,-3,-62,-4,-100,47,,63,,
2018-12-17,-45,67,-3,-62,-4,-100,52,,63,,
2018-12-18,-48,67,-3,-62,-4,-100,52,,63,,
2018-12-19,-51,67,-3,-62,-4,-100,52,,63,,
2018-12-20,-51,67,-3,-62,-4,-100,56,,63,,
2018-12-21,-51,67,-3,-62,-4,-100,56,,63,,
2018-12-22,-51,67,-3,-62,-4,-100,56,,63,,
2018-12-23,-51,67,-3,-62,-4,-100,60,,63,,
2018-12-24,-51,67,-3,-62,-4,-100,60,,63,,
2018-12-25,-51,67,-3,-62,-4,-100,60,,63,,
2018-12-26,-51,67,-3,-62,-4,-100,60,,63,,
2018-12-27,-51,67,-3,-62,-4,-100,53,,63,,
2018-12-28,-51,67,-3,-62,-4,-100,53,,62,,
2018-12-29,-51,67,-3,-60,-4,-100,53,,62,,
2018-12-30,-51,67,-3,-60,-4,-100,53,,62,,
2018-12-31,-51,67,-3,-60,-4,-100,53,,62,,
2019-01-01,-51,67,0,-60,-4,-100,53,,62,,
2019-01-02,-50,67,0,-60,-4,-100,64,,56,,
2019-01-03,-97,67,0,-60,-4,-100,64,,56,,
2019-01-04,-100,67,0,-60,-4,-100,64,,56,,
2019-01-05,-100,67,0,-58,-4,-100,64,,56,,
2019-01-06,-100,67,0,-58,-4,-100,64,,56,,
2019-01-07,-100,67,0,-58,-4,-96,53,,46,,
2019-01-08,-100,7,0,-58,-4,-96,13,,46,,
2019-01-09,-100,0,0,-9,-4,-96,6,,46,,
2019-01-10,-100,0,0,-9,-4,-96,6,,45,,
2019-01-11,-100,0,0,-9,-4,-96,6,,45,,
2019-01-12,-100,0,0,-4,-4,-96,6,,45,,
2019-01-13,-100,0,0,-2,-4,-96,6,,45,,
2019-01-14,-100,0,0,-2,-2,-96,6,,45,,
2019-01-15,-100,0,0,-2,-2,-96,6,,45,,
2019-01-16,-100,0,0,-2,-2,-96,6,,45,,
2019-01-17,-100,0,0,-2,-2,-96,6,,45,,
2019-01-18,-100,0,3,-2,-4,-96,6,,45,,
2019-01-19,-100,0,3,-2,-4,-96,6,,45,,
2019-01-20,-100,0,3,-2,-4,-96,6,,45,,
2019-01-21,-100,0,3,-2,-4,-96,6,,43,,
2019-01-22,-100,0,0,-2,-2,-96,6,,43,,
2019-01-23,-100,0,0,-2,-2,-96,6,,43,,
2019-01-24,-100,0,0,-2,-2,-96,6,,43,,
2019-01-25,-100,0,0,-2,-2,-96,6,,43,,
2019-01-26,-100,0,0,-2,-2,-96,7,,43,,
2019-01-27,-100,0,0,-2,-2,-96,7,,43,,
2019-01-28,-100,0,0,-2,-2,-96,7,,43,,
2019-01-29,-100,0,0,0,-2,-96,6,,43,,
2019-01-30,-88,0,0,0,-2,-83,6,,43,,
2019-01-31,-88,-10,0,0,41,-83,-42,,48,,
2019-02-01,-88,-10,0,-59,41,-83,-42,,48,,
2019-02-02,-88,-12,0,-59,41,-83,-50,,48,,
2019-02-03,-88,-13,0,-59,41,-83,-50,,48,,
2019-02-04,-88,-12,0,-59,41,-86,-50,,46,,
2019-02-05,-88,-12,15,-63,41,-86,-50,,46,,
2019-02-06,-88,-13,18,-65,45,-86,-54,,46,,
2019-02-07,-88,-13,18,-67,45,-86,-54,,46,,
2019-02-08,-88,-13,18,-67,45,-93,-54,,46,,
2019-02-09,-88,-13,18,-67,45,-93,-54,,46,,
2019-02-10,-88,-13,18,-67,45,-90,-60,,46,,
2019-02-11,-88,-13,18,-67,45,-90,-54,,44,,
2019-02-12,-88,-13,18,-67,45,-93,-54,,44,,
2019-02-13,-88,-13,18,-67,45,-93,-54,,37,,
2019-02-14,-88,-13,18,-67,45,-93,-54,,37,,
2019-02-15,-88,-13,18,-67,45,25,-54,,37,,
2019-02-16,-88,-13,18,-67,45,25,-54,,37,,
2019-02-17,-88,-13,18,-67,45,25,-54,,36,,
2019-02-18,-88,-13,18,-67,45,25,-54,,36,,
2019-02-19,-88,-13,18,-67,45,25,-54,,36,,
2019-02-20,-88,-13,18,-67,45,25,-54,,-9,,
2019-02-21,-88,-13,18,-67,45,25,-54,,-9,,
2019-02-22,-88,-13,18,-67,45,25,-54,,-9,,
2019-02-23,-88,-13,18,-69,45,25,-54,,-9,,
2019-02-24,-88,-13,18,-69,45,25,-54,,-9,,
2019-02-25,-88,-13,18,-69,45,25,-54,,-9,,
2019-02-26,-88,-13,18,-69,45,25,-54,,-9,,
2019-02-27,-88,-13,18,-69,45,25,-54,,-9,,
2019-02-28,-88,-13,18,-69,46,25,-58,,-12,,
2019-03-01,-88,-13,18,-69,46,25,-58,,-12,,
2019-03-02,-88,-13,18,-69,46,25,-58,,-12,,
2019-03-03,-88,-13,18,-69,46,25,-58,,-12,,
2019-03-04,-88,-13,18,-66,46,25,-58,,-12,,
2019-03-05,-88,-13,18,-69,46,25,-58,,-16,,
2019-03-06,-88,-13,18,-69,46,25,-58,,-16,,
2019-03-07,-87,-13,18,-69,46,33,-58,,-16,,
2019-03-08,-87,-13,18,-69,47,24,-58,,-19,,
2019-03-09,-87,-13,18,-69,47,24,-58,,-19,,
2019-03-10,-87,-13,18,-69,47,24,-58,,-19,,
2019-03-11,-87,-13,18,-69,47,30,-58,,-22,,
2019-03-12,-87,-13,18,-69,47,30,-58,,-25,,
2019-03-13,-87,-13,18,-64,47,30,-58,,-25,,
2019-03-14,-87,-13,18,-64,47,30,-41,,-26,,
2019-03-15,-87,-13,18,-64,47,30,-41,,16,,
2019-03-16,-87,-13,18,-64,47,30,-41,,16,,
2019-03-17,-87,-13,18,-64,47,30,-41,,16,,
2019-03-18,-84,-13,18,-64,47,30,-41,,16,,
2019-03-19,-42,-13,18,-64,47,35,-41,,16,,
2019-03-20,-42,-13,18,-64,47,35,-38,,16,,
2019-03-21,-45,-13,18,-64,47,35,-38,,16,,
2019-03-22,-45,-13,19,-64,48,35,-38,,16,,
2019-03-23,-45,-13,19,-64,48,35,-38,,16,,
2019-03-24,-45,-13,19,-64,48,35,-38,,16,,
2019-03-25,-45,-13,20,-64,50,35,-38,,12,,
2019-03-26,-45,-13,20,-64,50,35,-42,,12,,
2019-03-27,-45,-13,20,-64,50,35,-50,,12,,
2019-03-28,-45,-13,20,-64,50,35,-35,,12,,
2019-03-29,-45,-13,20,-64,50,35,-35,,12,,
2019-03-30,-45,-13,20,-64,50,35,-35,,12,,
2019-03-31,-45,-13,20,-64,50,35,-35,,12,,
2019-04-01,-45,-13,20,-64,50,35,-35,,12,,
2019-04-02,-45,-13,20,-62,50,35,-35,,12,,
2019-04-03,-45,-13,20,-62,50,35,-33,,12,,
2019-04-04,-45,-13,20,-60,50,35,-46,,12,,
2019-04-05,-45,-13,20,-60,50,35,-50,,12,,
2019-04-06,-45,-13,20,-60,50,35,-53,,12,,
2019-04-07,-42,-13,16,-62,50,35,-53,,12,,
2019-04-08,-40,-13,16,-60,50,35,-53,,12,,
2019-04-09,-37,-13,19,-60,50,35,-53,,12,,
2019-04-10,-36,-13,19,-60,45,35,-53,,12,,
2019-04-11,-36,-13,19,-60,45,35,-53,,12,,
2019-04-12,-36,-13,19,-60,45,35,-71,,12,,
2019-04-13,-38,-13,19,-60,45,45,-71,,12,,
2019-04-14,-38,-13,19,-60,45,45,-71,,12,,
2019-04-15,-14,-13,19,-60,45,45,-71,,12,,
2019-04-16,-14,0,22,-60,0,45,-71,,12,,
2019-04-17,-14,0,22,-2,0,45,-71,,12,,
2019-04-18,-17,0,22,-2,0,45,-73,,12,,
2019-04-19,-17,0,22,-2,0,45,-73,,12,,
2019-04-20,-17,0,22,-2,0,45,-73,,12,,
2019-04-21,-17,0,6,2,0,45,-73,,12,,
2019-04-22,-20,0,6,2,0,45,-68,,12,,
2019-04-23,-14,0,6,2,0,45,-68,,12,,
2019-04-24,-20,0,3,2,0,45,-68,,12,,
2019-04-25,-20,13,3,2,22,46,-43,,12,,
2019-04-26,-20,13,3,2,25,46,-43,,12,,
2019-04-27,-20,13,3,2,25,46,-43,,12,,
2019-04-28,-20,13,3,2,25,46,-43,,12,,
2019-04-29,-20,13,3,2,25,46,-43,,12,,
2019-04-30,-20,13,-71,2,25,46,-43,,12,,
2019-05-01,52,13,-75,2,25,3,-43,,12,,
2019-05-02,52,13,-75,2,25,3,-43,,12,,
2019-05-03,52,13,-75,2,25,3,-50,,12,,
2019-05-04,55,13,-75,2,25,3,-50,,12,,
2019-05-05,55,13,-75,2,25,3,-50,,12,,
2019-05-06,55,13,-75,2,25,3,-50,,12,,
2019-05-07,55,12,-75,2,25,3,-50,,12,,
2019-05-08,55,12,-72,2,25,3,-50,,12,,
2019-05-09,55,12,-72,2,25,3,-50,,12,,
2019-05-10,57,12,-72,2,25,3,-46,,12,,
2019-05-11,57,13,-72,2,25,3,-46,,12,,
2019-05-12,57,13,-72,2,25,3,-46,,12,,
2019-05-13,57,13,-72,2,25,0,-46,,12,,
2019-05-14,57,13,-72,2,25,0,-43,,12,,
2019-05-15,57,13,-72,2,25,-3,-43,,12,,
2019-05-16,54,13,-75,2,25,-3,-43,,12,,
2019-05-17,54,13,-75,2,25,-41,-46,,12,,
2019-05-18,55,13,-75,2,25,-41,-46,,12,,
2019-05-19,55,13,-75,2,25,-41,-46,,16,,
2019-05-20,55,13,-75,2,25,-41,-46,,16,,
2019-05-21,55,13,-75,2,25,-45,-46,,16,,
2019-05-22,55,13,-75,4,23,-45,-46,,16,,
2019-05-23,55,13,-75,4,23,-45,-46,,9,,
2019-05-24,55,13,-75,4,23,-45,-46,,9,,
2019-05-25,55,13,-75,4,23,-48,-46,,9,,
2019-05-26,55,13,-75,4,23,-48,-46,,9,,
2019-05-27,55,13,-75,2,23,-48,-46,,9,,
2019-05-28,55,13,-75,2,23,-48,-53,,9,,
2019-05-29,55,13,-78,2,23,-48,-53,,-6,,
2019-05-30,55,13,-78,2,23,-48,-53,,-6,,
2019-05-31,54,13,-75,2,23,-48,-53,,-6,,
2019-06-01,54,13,-75,2,23,-48,-53,,-6,,
2019-06-02,54,13,-75,2,23,-48,-53,,-6,,
2019-06-03,50,13,-75,2,23,-48,-53,,-6,,
2019-06-04,52,13,-75,2,23,-48,-53,,-6,,
2019-06-05,52,13,-75,2,23,-48,-53,,-6,,
2019-06-06,52,13,-75,2,23,-48,-53,,-9,,
2019-06-07,52,13,-75,5,23,-48,-53,,-18,,
2019-06-08,52,13,-75,5,23,-46,-57,,-15,,
2019-06-09,52,13,-75,5,23,-46,-57,,-15,,
2019-06-10,51,13,-75,5,25,-46,-57,,-18,,
2019-06-11,51,13,-75,5,25,-46,-57,,-21,,
2019-06-12,51,13,-75,4,25,-46,-60,,-21,,
2019-06-13,51,13,-75,4,25,-46,-60,,-21,,
2019-06-14,50,13,-75,4,24,-46,-60,,-93,,
2019-06-15,50,13,-75,4,24,-46,-60,,-93,,
2019-06-16,50,13,-75,4,24,-46,-60,,-93,,
2019-06-17,50,13,-75,4,24,-48,-60,,-96,,
2019-06-18,50,13,-75,4,24,-50,-43,,-96,,
2019-06-19,50,13,-75,4,24,-48,-37,,-96,,
2019-06-20,50,13,-75,4,24,-48,-37,,-96,,
2019-06-21,50,13,-75,4,24,-51,-37,,-96,,
2019-06-22,50,13,-75,4,24,-51,-37,,-96,,
2019-06-23,50,13,-75,4,21,-51,-37,,-100,,
2019-06-24,50,13,-75,4,24,-51,-37,,-100,,
2019-06-25,50,13,-75,4,24,-51,-37,,-100,,
2019-06-26,50,13,-75,4,26,-51,-37,,-100,,
2019-06-27,50,13,-75,4,26,-51,-37,,-100,,
2019-06-28,50,14,-75,4,26,-51,-37,,-100,,
2019-06-29,50,14,-75,4,26,-51,-37,,-100,,
2019-06-30,50,14,-78,4,26,-51,-37,,-100,,
2019-07-01,50,14,-78,4,26,-51,-37,,-100,,
2019-07-02,50,14,-78,4,26,-51,-23,,-93,,
2019-07-03,50,14,-78,4,26,-51,-11,,-93,,
2019-07-04,50,14,-78,4,26,-53,-11,,-93,,
2019-07-05,50,14,-75,4,26,-60,-11,,-93,,
2019-07-06,50,14,-75,4,26,-60,-11,,-93,,
2019-07-07,47,14,-75,5,26,-60,-11,,-93,,
2019-07-08,47,14,-72,5,26,-60,-11,,-93,,
2019-07-09,47,0,-72,5,4,-60,-11,,-93,,
2019-07-10,47,0,-70,2,2,-61,-11,,-93,,
2019-07-11,47,0,-70,2,2,-60,-11,,-93,,
2019-07-12,45,0,-70,2,2,-60,0,,-93,,
2019-07-13,45,0,-70,2,2,-60,0,,-93,,
2019-07-14,45,0,-2,2,2,-60,0,,-93,,
2019-07-15,0,0,0,2,2,-60,0,,-93,,
2019-07-16,0,0,0,2,2,-60,0,,-93,,
2019-07-17,0,0,0,2,2,-58,6,,-93,,
2019-07-18,0,0,0,2,2,-58,6,,-93,,
2019-07-19,0,28,0,2,2,-58,7,,-93,,
2019-07-20,0,28,0,2,2,-58,7,,-93,,
2019-07-21,0,28,0,2,2,-58,7,,-93,,
2019-07-22,0,33,0,2,2,-58,7,,-93,,
2019-07-23,-2,33,0,2,2,-58,7,,-93,,
2019-07-24,-2,33,0,2,2,-58,7,,-93,,
2019-07-25,-2,33,0,5,55,-58,-12,,-93,,
2019-07-26,-2,33,52,65,55,-58,-12,,-93,,
2019-07-27,-2,33,52,65,55,-58,-13,,-93,,
2019-07-28,-2,33,52,65,55,-58,-13,,-93,,
2019-07-29,-2,33,51,65,55,-55,-13,,-93,,
2019-07-30,0,33,51,65,55,-55,-13,,-93,,
2019-07-31,36,33,50,65,55,-10,-13,,-93,,
2019-08-01,36,33,50,65,55,-10,-13,,-93,,
2019-08-02,36,33,52,65,55,-10,-14,,-93,,
2019-08-03,36,33,52,65,57,-10,-14,,-93,,
2019-08-04,35,33,51,69,55,-10,-14,,-93,,
2019-08-05,37,33,51,69,55,-10,-14,,-93,,
2019-08-06,37,33,51,69,54,-10,-14,,-93,,
2019-08-07,37,33,51,69,54,-13,-14,,-93,,
2019-08-08,37,33,52,69,54,-13,-21,,-92,,
2019-08-09,37,33,52,69,54,-12,-21,,-92,,
2019-08-10,37,33,52,69,54,-12,-21,,-92,,
2019-08-11,37,33,52,69,54,-12,-21,,-92,,
2019-08-12,37,33,52,69,54,-16,-21,,-92,,
2019-08-13,37,33,52,69,54,-16,-21,,-92,,
2019-08-14,37,33,55,69,54,-16,-21,,-92,,
2019-08-15,37,35,55,69,54,-16,-21,,-92,,
2019-08-16,37,35,57,69,54,-59,-21,,-92,,
2019-08-17,36,35,57,69,54,-59,-21,,-92,,
2019-08-18,36,35,57,69,54,-59,-21,,-92,,
2019-08-19,36,35,57,69,54,-59,-21,,-92,,
2019-08-20,36,35,57,69,54,-58,-21,,-92,,
2019-08-21,36,35,57,66,55,-58,-21,,-92,,
2019-08-22,36,35,57,66,55,-58,-21,,-92,,
2019-08-23,36,35,57,66,55,-58,-21,,-92,,
2019-08-24,36,35,57,66,53,-58,-21,,-88,,
2019-08-25,37,35,57,66,53,-58,-21,,-88,,
2019-08-26,37,35,57,65,53,-58,-21,,-88,,
2019-08-27,37,35,57,65,53,-58,-21,,-88,,
2019-08-28,35,35,58,65,53,-58,-21,,0,,
2019-08-29,36,35,60,66,54,-58,-21,,0,,
2019-08-30,36,35,60,66,54,-58,-21,,0,,
2019-08-31,36,35,60,66,56,-56,-21,,3,,
2019-09-01,36,35,60,66,56,-56,-21,,3,,
2019-09-02,36,35,60,66,56,-56,-21,,3,,
2019-09-03,36,35,60,66,58,-56,-21,,3,,
2019-09-04,36,35,60,69,58,-53,-21,,3,,
2019-09-05,36,30,60,69,58,-53,-21,,3,,
2019-09-06,36,35,60,69,58,-53,-21,,3,,
2019-09-07,36,35,60,69,58,-53,-21,,3,,
2019-09-08,36,35,60,69,58,-53,-21,,3,,
2019-09-09,36,35,58,69,58,-56,-28,,0,,
2019-09-10,36,35,58,69,58,-56,-28,,0,,
2019-09-11,40,35,58,69,58,-56,-28,,0,,
2019-09-12,40,35,58,69,58,-56,-28,,0,,
2019-09-13,40,35,58,69,58,-56,-28,,-15,,
2019-09-14,40,35,58,69,58,-56,-28,,-15,,
2019-09-15,40,35,58,69,58,-56,-28,,-15,,
2019-09-16,40,35,58,69,58,-56,-28,,-15,,
2019-09-17,40,36,58,69,58,-56,-28,,-18,,
2019-09-18,40,36,58,69,58,-56,-28,,-18,,
2019-09-19,40,36,58,69,58,-56,-28,,-18,,
2019-09-20,40,36,58,69,58,-56,-28,,-18,,
2019-09-21,40,36,58,69,58,-56,-28,,-18,,
2019-09-22,40,36,60,69,58,-56,-28,,-18,,
2019-09-23,38,36,60,69,58,-53,-28,,-18,,
2019-09-24,38,36,60,69,58,-53,-28,,-18,,
2019-09-25,38,36,60,69,58,-54,-35,,-18,,
2019-09-26,38,36,60,69,58,-54,-35,,-18,,
2019-09-27,38,36,60,69,58,-54,-35,,-18,,
2019-09-28,38,36,60,69,56,-54,-35,,-18,,
2019-09-29,38,36,60,69,56,-54,-35,,-18,,
2019-09-30,38,36,60,69,56,-54,-42,,-18,,
2019-10-01,38,36,60,69,56,-56,-42,,-18,,
2019-10-02,41,0,60,69,56,-56,-57,,-18,,
2019-10-03,41,0,60,70,56,-56,-57,,-18,,
2019-10-04,41,0,60,65,56,-56,-50,,-18,,
2019-10-05,41,0,60,65,57,-56,-50,,-18,,
2019-10-06,44,0,60,65,57,-56,-50,,-18,,
2019-10-07,44,0,60,65,58,-56,-35,,-18,,
2019-10-08,44,0,60,65,4,-56,-35,,-18,,
2019-10-09,44,0,6,5,4,-56,-35,,-18,,
2019-10-10,44,0,6,5,4,-56,-40,,-18,,
2019-10-11,44,0,8,5,4,-56,-40,,-19,,
2019-10-12,44,0,8,4,4,-56,-40,,-19,,
2019-10-13,44,0,9,4,4,-56,-40,,-19,,
2019-10-14,8,0,9,4,4,-56,-40,,-19,,
2019-10-15,8,0,9,4,4,-56,-40,,-19,,
2019-10-16,8,0,6,4,4,-53,-33,,-19,,
2019-10-17,8,0,6,4,4,-53,-33,,-19,,
2019-10-18,8,0,6,4,4,-53,-33,,-19,,
2019-10-19,5,0,6,4,4,-53,-33,,-19,,
2019-10-20,5,0,6,4,4,-53,-33,,-19,,
2019-10-21,5,0,6,4,4,-53,-37,,-19,,
2019-10-22,5,0,6,4,4,-53,-37,,-19,,
2019-10-23,5,0,6,4,4,-53,-37,,-19,,
2019-10-24,5,23,6,4,4,-53,-43,,-19,,
2019-10-25,5,23,6,6,4,-53,-43,,-19,,
2019-10-26,5,23,6,6,4,-53,-43,,-19,,
2019-10-27,5,23,6,6,4,-53,-43,,-19,,
2019-10-28,5,23,3,6,4,-53,-47,,-19,,
2019-10-29,5,23,8,4,4,-53,-47,,-19,,
2019-10-30,5,23,8,4,4,-9,-47,,-19,,
2019-10-31,59,23,8,4,19,-9,-43,,-19,,
2019-11-01,59,23,8,4,19,-6,-43,,-19,,
2019-11-02,61,23,8,4,19,-6,-37,,-19,,
2019-11-03,61,23,8,4,19,-5,-37,,-19,,
2019-11-04,61,23,8,4,19,-5,-37,,-19,,
2019-11-05,63,23,8,4,19,-5,-37,,-19,,
2019-11-06,64,23,9,4,19,-5,-37,,-19,,
2019-11-07,64,23,9,4,19,-5,-37,,-19,,
2019-11-08,66,22,9,4,19,-5,-37,,-19,,
2019-11-09,66,23,9,4,19,-5,-37,,-19,,
2019-11-10,66,23,9,4,19,-5,-40,,-19,,
2019-11-11,66,23,9,4,19,-5,-40,,-19,,
2019-11-12,66,23,9,4,19,-2,-40,,-19,,
2019-11-13,61,23,9,4,19,-2,-40,,-19,,
2019-11-14,61,23,9,4,19,-2,-40,,-19,,
2019-11-15,61,23,9,4,19,-5,-40,,-19,,
2019-11-16,61,23,9,2,19,-5,-40,,-19,,
2019-11-17,61,23,9,2,16,-5,-40,,-19,,
2019-11-18,61,23,9,0,16,-5,-40,,-19,,
2019-11-19,61,23,9,0,16,-5,-40,,-19,,
2019-11-20,61,19,5,0,16,-5,-40,,-19,,
2019-11-21,61,19,5,0,16,-5,-40,,-19,,
2019-11-22,61,19,5,0,16,-5,-40,,-19,,
2019-11-23,61,19,5,0,16,-2,-40,,-15,,
2019-11-24,61,19,5,0,16,-2,-40,,-15,,
2019-11-25,61,19,5,0,16,-2,-40,,-15,,
2019-11-26,58,19,5,0,16,-2,-40,,-15,,
2019-11-27,58,15,5,0,16,-2,-42,,-3,,
2019-11-28,60,15,5,0,16,-2,-42,,-3,,
2019-11-29,60,15,5,0,16,-2,-42,,-3,,
2019-11-30,60,15,5,0,16,-2,-42,,-3,,
2019-12-01,60,15,5,0,16,-2,-42,,0,,
2019-12-02,60,15,5,0,16,-2,-42,,0,,
2019-12-03,60,15,2,0,17,0,-42,,0,,
2019-12-04,60,15,2,0,17,0,-42,,0,,
2019-12-05,60,15,2,0,17,0,-42,,0,,
2019-12-06,60,15,2,0,17,0,-42,,0,,
2019-12-07,58,15,2,0,17,0,-42,,0,,
2019-12-08,58,15,2,0,17,0,-42,,0,,
2019-12-09,58,15,2,0,17,0,-42,,0,,
2019-12-10,61,15,2,0,16,0,-42,,0,,
2019-12-11,64,15,2,0,16,0,-42,,0,,
2019-12-12,64,15,2,0,17,0,-42,,0,,
2019-12-13,64,15,2,0,17,0,-42,,62,,
2019-12-14,64,15,2,0,17,0,-42,,62,,
2019-12-15,64,15,2,0,17,2,-42,,62,,
2019-12-16,64,15,2,0,17,2,-35,,62,,
2019-12-17,64,15,2,0,17,2,-28,,65,,
2019-12-18,61,15,2,2,17,2,-28,,67,,
2019-12-19,61,15,2,2,17,2,-28,,71,,
2019-12-20,61,15,2,2,17,2,-28,,71,,
2019-12-21,61,15,2,2,14,2,-28,,71,,
2019-12-22,61,15,2,2,14,2,-28,,74,,
2019-12-23,61,15,2,2,14,2,-28,,74,,
2019-12-24,61,15,2,2,14,2,-28,,74,,
2019-12-25,61,15,2,2,14,2,-28,,74,,
2019-12-26,61,15,2,2,14,2,-28,,74,,
2019-12-27,61,15,2,2,14,2,-28,,74,,
2019-12-28,61,15,2,2,14,2,-28,,74,,
2019-12-29,61,15,2,2,14,2,-28,,74,,
2019-12-30,61,15,2,2,14,2,-28,,74,,
2019-12-31,61,15,2,2,14,2,-28,,74,,
2020-01-01,60,15,2,2,14,2,-28,,71,,
2020-01-02,60,15,2,2,14,2,-28,,71,,
2020-01-03,63,15,2,2,14,2,-6,,71,,
2020-01-04,63,15,2,2,15,2,-6,,71,,
2020-01-05,63,15,0,2,15,2,-6,,71,,
2020-01-06,63,15,0,2,15,2,-6,,71,,
2020-01-07,60,0,0,2,15,2,20,,71,,
2020-01-08,55,0,0,0,15,2,18,,71,,
2020-01-09,55,0,0,0,15,6,18,,71,,
2020-01-10,55,0,0,0,15,6,25,,71,,
2020-01-11,55,0,0,0,15,6,25,,71,,
2020-01-12,55,0,0,0,15,6,25,,71,,
2020-01-13,55,0,0,0,15,6,31,,71,,
2020-01-14,20,0,0,0,0,6,31,,71,,
2020-01-15,20,0,0,0,0,6,31,,71,,
2020-01-16,20,0,0,0,0,6,31,,71,,
2020-01-17,23,0,0,0,0,6,31,,71,,
2020-01-18,23,0,0,0,0,6,31,,71,,
2020-01-19,20,0,0,0,0,6,31,,71,,
2020-01-20,20,0,0,0,0,6,31,,71,,
2020-01-21,20,0,0,0,0,6,31,,71,,
2020-01-22,20,0,0,0,0,6,43,,71,,
2020-01-23,22,0,0,0,0,6,43,,71,,
2020-01-24,25,0,0,0,0,6,43,,71,,
2020-01-25,25,0,0,0,0,6,43,,71,,
2020-01-26,25,0,0,0,0,3,43,,71,,
2020-01-27,29,0,0,0,0,3,43,,71,,
2020-01-28,29,0,0,0,0,3,50,,71,,
2020-01-29,91,0,0,0,0,0,50,,71,,
2020-01-30,91,76,0,0,-11,0,68,,71,,
2020-01-31,91,76,0,39,-10,0,68,,71,,
2020-02-01,94,84,0,39,-10,0,68,,71,,
2020-02-02,94,84,0,41,-10,0,73,,67,,
2020-02-03,97,84,0,40,-10,0,73,,67,,
2020-02-04,97,84,-27,40,-10,0,73,,67,,
2020-02-05,100,84,-27,40,-10,0,78,,67,,
2020-02-06,100,84,-28,40,-10,2,78,,67,,
2020-02-07,100,84,-28,41,-10,2,64,,67,,
2020-02-08,100,84,-28,39,-11,2,64,,67,,
2020-02-09,100,84,-27,36,-11,2,64,,67,,
2020-02-10,100,84,-27,36,-11,2,64,,67,,
2020-02-11,100,84,-25,36,-9,2,64,,67,,
2020-02-12,100,84,-25,38,-9,2,64,,67,,
2020-02-13,100,84,-25,38,-9,2,64,,67,,
2020-02-14,52,84,-25,38,-9,73,64,,60,,
2020-02-15,52,84,-25,38,-9,73,64,,60,,
2020-02-16,52,84,-25,38,-9,73,69,,60,,
2020-02-17,41,84,-25,38,-9,73,69,,60,,
2020-02-18,17,84,-25,38,-9,76,69,,60,,
2020-02-19,17,84,-25,38,-9,76,69,,60,,
2020-02-20,17,84,-25,38,-9,76,69,,60,,
2020-02-21,11,84,-25,38,-9,76,71,,60,,
2020-02-22,11,84,-25,38,-9,76,69,,60,,
2020-02-23,11,84,-25,38,-9,83,69,,60,,
2020-02-24,5,84,-27,38,-11,83,69,,60,,
2020-02-25,5,84,-27,38,-11,83,69,,60,,
2020-02-26,5,63,-27,38,-11,83,69,,3,,
2020-02-27,5,63,-27,38,-11,77,69,,3,,
2020-02-28,0,63,-27,38,-11,77,69,,0,,
2020-02-29,0,63,-27,38,-11,77,69,,0,,
2020-03-01,0,63,-27,38,-11,77,69,,-3,,
2020-03-02,0,63,-30,38,-13,77,66,,-3,,
2020-03-03,-2,63,-30,38,-13,78,66,,-7,,
2020-03-04,-8,63,-36,38,-13,78,66,,-7,,
2020-03-05,-11,63,-36,38,-15,78,66,,-7,,
2020-03-06,-11,57,-36,38,-15,78,66,,-10,,
2020-03-07,-11,57,-36,38,-15,78,66,,-10,,
2020-03-08,-11,57,-36,38,-15,78,66,,-10,,
2020-03-09,-17,52,-38,38,-15,78,66,,-21,,0.0
2020-03-10,-17,52,-38,38,-15,78,66,,-21,,0.0
2020-03-11,-17,52,-38,38,-15,71,66,,-25,,0.0
2020-03-12,-22,52,-43,35,-15,71,66,,-25,,0.0
2020-03-13,-26,52,-43,33,-15,65,60,,-89,,0.0
2020-03-14,-26,52,-43,33,-15,65,60,,-89,,0.0
2020-03-15,-26,50,-43,33,-15,65,53,,-89,,0.0
2020-03-16,-26,50,-45,33,-18,65,53,,-92,,0.0
2020-03-17,-38,50,-48,35,-20,65,53,,-92,,0.0
2020-03-18,-38,50,-48,35,-20,56,33,,-92,,0.0
2020-03-19,-38,40,-50,36,-18,50,33,,-92,,0.0
2020-03-20,-44,40,-50,36,-20,50,33,,-92,,0.0
2020-03-21,-44,40,-50,36,-20,50,33,,-96,,0.0
2020-03-22,-44,40,-50,36,-20,50,33,,-96,,0.0
2020-03-23,-44,40,-52,36,-25,33,33,,-96,,0.0
2020-03-24,-44,25,-55,36,-32,33,33,,-96,,0.0
2020-03-25,-50,10,-55,36,-37,33,33,,-96,,0.0
2020-03-26,-50,0,-58,39,-41,27,33,,-96,,0.0
2020-03-27,-50,0,-58,41,-48,21,21,,-96,,-33.0
2020-03-28,-50,0,-58,41,-48,21,21,,-96,,-33.0
2020-03-29,-50,0,-58,41,-48,21,21,,-96,,-33.0
2020-03-30,-50,0,-58,41,-51,15,21,,-96,,-33.0
2020-03-31,-50,0,-58,43,-51,15,21,,-96,,-33.0
2020-04-01,-52,-10,-58,43,-51,15,21,,-96,,-33.0
2020-04-02,-64,-20,-61,43,-51,15,21,,-96,,-66.0
2020-04-03,-70,-20,-63,43,-52,15,35,,-96,,-66.0
2020-04-04,-70,-20,-63,43,-52,15,35,,-96,,-66.0
2020-04-05,-70,-20,-63,43,-52,15,35,,-96,,-66.0
2020-04-06,-69,-20,-63,43,-52,15,21,,-96,,-66.0
2020-04-07,-69,-20,-63,43,-52,15,21,,-96,,-66.0
2020-04-08,-75,-25,-63,41,-56,15,35,,-100,,-66.0
2020-04-09,-75,-25,-66,43,-61,18,21,,-100,,-66.0
2020-04-10,-75,-25,-66,43,-61,18,21,,-100,,-75.0
2020-04-11,-75,-25,-66,43,-61,18,21,,-100,,-75.0
2020-04-12,-75,-25,-66,43,-61,18,21,,-100,,-75.0
2020-04-13,-84,-25,-66,46,-61,12,7,,-100,,-75.0
2020-04-14,-84,-55,-69,46,-61,12,-28,,-100,,-75.0
2020-04-15,-84,-55,-75,19,-70,18,-28,,-100,,-75.0
2020-04-16,-84,-55,-80,19,-72,18,-28,,-100,,-75.0
2020-04-17,-87,-60,-85,22,-79,18,-28,,-100,,-75.0
2020-04-18,-87,-60,-85,22,-79,18,-28,,-100,,-75.0
2020-04-19,-87,-60,-77,22,-79,18,-28,,-100,,-75.0
2020-04-20,-90,-60,-80,25,-83,18,-28,,-100,,-75.0
2020-04-21,-90,-60,-82,30,-83,18,-28,,-100,,-75.0
2020-04-22,-90,-70,-82,32,-83,18,-28,,-100,,-75.0
2020-04-23,-90,-70,-82,40,-83,18,-28,,-100,,-75.0
2020-04-24,-90,-75,-88,45,-85,18,-28,,-100,,-75.0
2020-04-25,-90,-75,-88,45,-85,18,-28,,-100,,-75.0
2020-04-26,-90,-75,-88,45,-85,18,-28,,-100,,-75.0
2020-04-27,-90,-80,-88,50,-85,18,-28,,-100,,-75.0
2020-04-28,-90,-80,-88,50,-88,24,-28,,-100,,-75.0
2020-04-29,-87,-80,-5,50,-88,-18,-28,,-100,,-75.0
2020-04-30,-87,40,-8,50,16,-17,-42,,-100,,-75.0
2020-05-01,-31,40,-8,82,13,-14,-42,,-100,,-75.0
2020-05-02,-31,40,-8,82,13,-14,-42,,-100,,-75.0
2020-05-03,-28,40,-8,82,13,-17,-42,,-100,,-75.0
2020-05-04,-28,40,-11,85,13,-17,-42,,-100,,-75.0
2020-05-05,-21,40,-11,87,11,-17,-42,,-100,,-75.0
2020-05-06,-18,40,-11,87,11,-8,-40,,-96,,-100.0
2020-05-07,-18,40,-11,87,11,-8,-40,,-96,,-100.0
2020-05-08,-18,40,-11,87,11,2,-40,,-96,,-100.0
2020-05-09,-15,40,-11,87,11,2,-40,,-96,,-100.0
2020-05-10,-15,40,-11,89,11,2,-42,,-96,,-100.0
2020-05-11,-12,40,-11,90,11,2,-42,,-96,,-100.0
2020-05-12,-12,40,-11,90,11,5,-42,,-96,,-100.0
2020-05-13,-12,40,-11,90,11,5,-42,,-96,,-100.0
2020-05-14,-12,40,-11,90,11,20,-42,,-96,,-100.0
2020-05-15,-12,40,-11,90,11,26,-42,,-96,,-100.0
2020-05-16,-12,40,-11,90,11,26,-42,,-96,,-100.0
2020-05-17,-12,40,-11,90,11,23,-42,,-96,,-100.0
2020-05-18,-12,40,-11,90,11,26,-50,,-96,,-100.0
2020-05-19,-12,40,-11,90,11,26,-35,,-96,,-100.0
2020-05-20,-12,40,-8,90,16,29,-35,,-96,,-100.0
2020-05-21,-12,40,-8,89,16,29,-35,,-96,,-100.0
2020-05-22,-12,40,-8,89,16,93,-35,,-96,,-100.0
2020-05-23,-12,40,-8,89,17,93,-35,,-96,,-100.0
2020-05-24,-12,40,-8,89,17,93,-35,,-96,,-100.0
2020-05-25,-12,40,-8,89,17,93,-35,,-96,,-100.0
2020-05-26,-9,38,-8,89,19,93,-35,,-96,,-100.0
2020-05-27,-12,38,-8,89,19,93,-28,,-33,,-100.0
2020-05-28,-12,38,-8,89,19,94,-28,,-33,,-100.0
2020-05-29,-12,38,-8,89,19,94,-28,,-25,,-100.0
2020-05-30,-9,38,-8,89,19,94,-28,,-22,,-100.0
2020-05-31,-6,38,-8,89,19,94,-30,,-23,,-100.0
2020-06-01,-3,38,-8,89,19,94,-30,,-19,,-100.0
2020-06-02,-3,38,-8,89,19,94,-30,,-19,,-100.0
2020-06-03,-3,38,-8,89,19,94,-30,,-19,,-100.0
2020-06-04,-3,38,-8,89,19,94,-30,,-19,,-100.0
2020-06-05,-3,38,-8,89,19,94,-30,,-7,,-100.0
2020-06-06,-3,38,-5,89,19,94,-30,,-3,,-100.0
2020-06-07,-3,38,-5,87,21,94,-30,,-3,,-100.0
2020-06-08,-3,38,-5,87,24,94,-30,,-3,,-100.0
2020-06-09,-3,38,-2,87,24,94,-30,,-3,,-100.0
2020-06-10,-3,36,-2,87,24,94,-23,,-3,,-100.0
2020-06-11,-3,36,-2,87,24,94,-23,,-7,,-100.0
2020-06-12,-3,36,-2,87,26,94,-23,,-7,,-100.0
2020-06-13,-3,36,-2,87,26,94,-23,,-7,,-100.0
2020-06-14,-3,36,-2,87,26,94,-23,,-7,,-100.0
2020-06-15,-3,33,-2,87,26,94,-23,,-7,,-100.0
2020-06-16,3,33,0,87,26,94,-23,,-7,,-100.0
2020-06-17,3,33,5,87,26,94,-23,,-7,,-100.0
2020-06-18,3,33,5,87,26,94,-23,,-7,,-100.0
2020-06-19,3,33,5,87,26,94,-21,,-10,,-100.0
2020-06-20,3,33,6,87,26,94,-14,,-10,,-100.0
2020-06-21,3,33,6,87,26,94,-15,,-10,,-100.0
2020-06-22,3,37,9,85,30,94,-7,,-7,,-100.0
2020-06-23,3,37,9,82,33,94,-7,,-7,,-100.0
2020-06-24,3,37,9,82,32,94,-7,,-3,,-100.0
2020-06-25,3,36,9,82,32,94,-7,,0,,-100.0
2020-06-26,3,34,9,82,32,94,-7,,0,,-100.0
2020-06-27,3,34,9,82,32,94,0,,0,,-100.0
2020-06-28,6,34,9,82,32,94,0,,0,,-100.0
2020-06-29,9,34,12,82,32,94,0,,0,,-100.0
2020-06-30,9,34,15,82,32,94,0,,0,,-100.0
2020-07-01,12,34,18,82,34,94,0,,0,,-100.0
2020-07-02,12,34,18,82,34,94,15,,0,,-100.0
2020-07-03,12,34,18,82,34,94,15,,0,,-100.0
2020-07-04,12,34,18,80,34,94,15,,0,,-100.0
2020-07-05,12,34,18,78,34,94,15,,0,,-100.0
2020-07-06,12,34,18,76,34,94,21,,0,,-100.0
2020-07-07,6,34,18,76,34,94,21,,0,,-100.0
2020-07-08,6,34,18,69,37,94,21,,3,,-100.0
2020-07-09,6,33,21,71,37,94,21,,3,,-100.0
2020-07-10,6,34,25,71,37,94,26,,3,,-100.0
2020-07-11,6,34,25,69,37,94,26,,3,,-100.0
2020-07-12,6,34,25,66,37,94,26,,3,,-100.0
2020-07-13,9,34,0,66,35,93,26,,3,,-50.0
2020-07-14,9,0,0,66,2,93,31,,3,,-50.0
2020-07-15,9,0,3,23,11,93,37,,3,,-50.0
2020-07-16,9,0,3,23,11,93,37,,3,,-50.0
2020-07-17,6,0,0,30,14,93,37,,3,,-50.0
2020-07-18,6,0,3,28,17,93,37,,3,,-50.0
2020-07-19,3,0,3,26,19,93,37,,3,,-50.0
2020-07-20,3,0,6,28,21,93,37,,3,,0.0
2020-07-21,6,0,6,28,21,93,37,,3,,0.0
2020-07-22,3,0,6,28,21,93,37,,3,,0.0
2020-07-23,10,0,6,33,21,93,83,,3,,0.0
2020-07-24,10,0,3,33,19,93,83,,3,,0.0
2020-07-25,10,0,3,32,19,93,83,,3,,0.0
2020-07-26,10,0,3,32,19,93,83,,3,,0.0
2020-07-27,10,0,6,32,21,93,83,,3,,0.0
2020-07-28,13,0,9,32,21,93,83,,3,,0.0
2020-07-29,13,0,9,33,21,93,83,,3,,0.0
2020-07-30,13,0,9,33,21,93,83,,3,,0.0
2020-07-31,80,0,46,86,74,93,83,,3,,0.0
2020-08-01,80,0,46,86,74,93,83,,3,,0.0
2020-08-02,80,0,46,86,74,93,83,,3,,0.0
2020-08-03,81,0,50,86,76,93,83,,3,,0.0
2020-08-04,78,0,50,88,76,93,83,,3,,0.0
2020-08-05,72,0,53,93,81,11,83,,3,,25.0
2020-08-06,72,0,53,93,81,11,83,,3,,25.0
2020-08-07,76,0,53,95,81,11,83,,3,,25.0
2020-08-08,76,0,53,95,81,11,83,,3,,25.0
2020-08-09,76,0,53,97,81,11,83,,3,,25.0
2020-08-10,76,0,53,97,81,11,83,,3,,25.0
2020-08-11,76,0,56,97,83,8,83,,3,,25.0
2020-08-12,76,0,56,97,83,8,83,,0,,25.0
2020-08-13,76,0,56,97,83,8,83,,0,,25.0
2020-08-14,76,0,56,97,83,8,83,,0,,25.0
2020-08-15,76,0,56,97,83,5,83,,0,,25.0
2020-08-16,76,0,56,97,83,5,83,,0,,25.0
2020-08-17,76,0,56,97,83,5,83,,0,,25.0
2020-08-18,76,0,56,97,83,5,83,,0,,25.0
2020-08-19,76,0,56,97,83,5,83,,-3,,50.0
2020-08-20,76,0,56,97,83,91,83,,-3,,50.0
2020-08-21,76,0,62,97,83,91,83,,-3,,50.0
2020-08-22,76,0,62,97,83,91,83,,-3,,50.0
2020-08-23,76,0,62,95,83,91,83,,-3,,50.0
2020-08-24,76,0,62,95,83,97,83,,-3,,50.0
2020-08-25,76,0,62,95,83,100,83,,0,,50.0
2020-08-26,76,0,62,95,81,100,83,,0,,50.0
2020-08-27,81,0,62,95,81,100,83,,0,,50.0
2020-08-28,81,0,62,95,81,100,83,,0,,50.0
2020-08-29,81,0,62,95,81,100,83,,0,,50.0
2020-08-30,78,0,62,95,81,100,83,,0,,50.0
2020-08-31,79,0,62,95,81,100,83,,0,,50.0
2020-09-01,79,0,62,95,81,100,83,,0,,50.0
2020-09-02,79,0,62,95,81,100,83,,3,,50.0
2020-09-03,79,0,62,95,81,100,83,,3,,50.0
2020-09-04,73,0,62,95,84,100,83,,55,,50.0
2020-09-05,75,0,62,95,84,100,77,,55,,50.0
2020-09-06,75,0,62,95,84,100,77,,55,,50.0
2020-09-07,63,0,62,95,84,100,77,,55,,50.0
2020-09-08,63,0,62,95,84,100,77,,55,,50.0
2020-09-09,63,0,62,95,84,100,77,,55,,50.0
2020-09-10,63,0,62,95,84,100,77,,55,,50.0
2020-09-11,63,0,62,95,84,100,77,,55,,50.0
2020-09-12,63,0,62,95,84,100,77,,55,,50.0
2020-09-13,63,0,62,95,84,100,77,,55,,50.0
2020-09-14,63,0,62,95,84,100,77,,55,,50.0
2020-09-15,63,0,62,95,84,100,77,,55,,50.0
2020-09-16,63,0,62,95,84,100,77,,55,,50.0
2020-09-17,63,0,62,97,84,100,77,,55,,40.0
2020-09-18,63,0,62,97,84,100,77,,55,,40.0
2020-09-19,63,0,62,95,84,100,77,,55,,40.0
2020-09-20,63,0,62,95,86,100,77,,55,,40.0
2020-09-21,63,0,62,95,86,100,77,,55,,40.0
2020-09-22,63,0,62,95,86,100,68,,55,,40.0
2020-09-23,63,0,59,95,86,100,68,,55,,40.0
2020-09-24,63,0,59,95,86,100,68,,55,,40.0
2020-09-25,63,0,62,97,86,100,68,,55,,40.0
2020-09-26,60,0,62,97,86,100,68,,55,,40.0
2020-09-27,60,0,62,97,83,100,68,,57,,40.0
2020-09-28,60,0,62,97,81,100,68,,57,,40.0
2020-09-29,60,0,62,97,81,100,57,,57,,40.0
2020-09-30,63,0,62,97,83,100,47,,57,,40.0
2020-10-01,63,0,62,97,83,100,47,,57,,40.0
2020-10-02,63,0,62,97,83,100,36,,57,,40.0
2020-10-03,63,0,62,97,83,100,36,,57,,40.0
2020-10-04,63,0,62,97,83,100,36,,57,,40.0
2020-10-05,63,0,60,95,81,100,36,,57,,40.0
2020-10-06,63,0,60,95,81,100,0,,57,,40.0
2020-10-07,63,0,60,95,81,100,0,,57,,40.0
2020-10-08,63,0,60,95,81,100,0,,57,,40.0
2020-10-09,63,0,60,95,81,100,0,,57,,33.0
2020-10-10,63,0,60,95,81,100,0,,57,,33.0
2020-10-11,63,0,60,95,81,100,0,,57,,33.0
2020-10-12,63,0,60,95,81,100,11,,57,,50.0
2020-10-13,63,0,60,95,81,100,10,,57,,50.0
2020-10-14,9,0,18,20,20,100,10,,57,,50.0
2020-10-15,9,0,21,20,20,100,10,,57,,50.0
2020-10-16,9,0,24,20,20,100,15,,57,,50.0
2020-10-17,6,0,21,20,18,100,15,,57,,50.0
2020-10-18,6,0,21,18,18,100,15,,57,,50.0
2020-10-19,5,0,18,13,13,100,15,,57,,16.0
2020-10-20,5,0,18,13,13,100,15,,57,,16.0
2020-10-21,0,0,17,13,13,100,15,,57,,16.0
2020-10-22,0,0,17,18,13,100,45,,57,,16.0
2020-10-23,-5,0,17,20,17,100,45,0.0,57,,16.0
2020-10-24,-5,0,17,20,17,100,45,0.0,57,,16.0
2020-10-25,-6,0,14,20,15,100,45,0.0,57,,16.0
2020-10-26,-2,0,14,25,15,100,45,0.0,57,,16.0
2020-10-27,-2,0,14,25,17,100,45,0.0,57,,16.0
2020-10-28,-2,30,14,25,17,100,45,0.0,57,,16.0
2020-10-29,0,34,14,25,15,100,45,0.0,57,,16.0
2020-10-30,52,37,82,88,83,100,45,0.0,57,,16.0
2020-10-31,52,38,82,88,83,100,47,0.0,57,,16.0
2020-11-01,52,38,82,88,83,100,47,0.0,57,,16.0
2020-11-02,52,38,85,90,83,100,47,0.0,57,,0.0
2020-11-03,55,40,85,90,86,25,47,0.0,57,,0.0
2020-11-04,55,40,82,93,86,25,47,0.0,57,,42.0
2020-11-05,58,40,82,97,86,28,47,0.0,57,,42.0
2020-11-06,58,40,82,97,86,28,47,0.0,57,,57.0
2020-11-07,58,40,82,97,86,22,47,0.0,57,,57.0
2020-11-08,60,40,84,97,90,20,47,0.0,57,,57.0
2020-11-09,60,40,84,97,90,20,45,0.0,57,,57.0
2020-11-10,60,40,84,97,90,20,45,0.0,57,,57.0
2020-11-11,60,40,84,97,92,20,45,0.0,57,,57.0
2020-11-12,60,40,84,97,92,20,45,0.0,57,,57.0
2020-11-13,61,40,84,97,95,20,45,100.0,57,,57.0
2020-11-14,58,42,84,97,92,17,45,100.0,57,,57.0
2020-11-15,60,42,87,95,92,11,45,100.0,57,,57.0
2020-11-16,60,42,87,95,92,13,45,100.0,57,,57.0
2020-11-17,60,42,87,95,92,13,45,100.0,57,,57.0
2020-11-18,60,42,90,95,95,13,45,100.0,0,,57.0
2020-11-19,60,42,90,95,95,86,45,100.0,0,,57.0
2020-11-20,60,40,90,95,95,88,45,100.0,0,,57.0
2020-11-21,57,40,90,95,95,88,45,100.0,0,,57.0
2020-11-22,57,40,90,95,95,88,45,100.0,0,,57.0
2020-11-23,58,40,90,95,95,91,45,100.0,0,,57.0
2020-11-24,58,40,90,95,95,91,45,100.0,0,,57.0
2020-11-25,57,40,90,93,95,91,45,100.0,0,,57.0
2020-11-26,57,40,90,93,97,91,45,100.0,0,,57.0
2020-11-27,57,40,90,93,97,94,45,100.0,0,,57.0
2020-11-28,57,40,90,93,97,94,45,100.0,0,,57.0
2020-11-29,57,40,93,93,97,94,45,100.0,0,,57.0
2020-11-30,57,40,93,93,97,97,45,100.0,0,,57.0
2020-12-01,57,40,93,93,97,97,45,100.0,0,,57.0
2020-12-02,57,40,93,93,97,97,45,100.0,0,,57.0
2020-12-03,57,40,93,93,97,97,45,100.0,0,,57.0
2020-12-04,57,40,93,93,97,97,45,100.0,0,,57.0
2020-12-05,57,40,96,93,97,97,45,100.0,0,,57.0
2020-12-06,60,40,96,93,97,97,45,100.0,0,,57.0
2020-12-07,60,40,96,93,97,97,45,100.0,0,,57.0
2020-12-08,60,40,93,93,97,97,45,100.0,0,,57.0
2020-12-09,60,40,90,93,97,97,40,100.0,0,,57.0
2020-12-10,61,41,90,95,97,100,42,100.0,0,,57.0
2020-12-11,61,41,90,95,97,100,42,100.0,53,,57.0
2020-12-12,61,41,90,95,97,100,45,100.0,53,,57.0
2020-12-13,61,41,90,95,97,100,45,100.0,53,,57.0
2020-12-14,61,41,90,95,97,100,45,100.0,53,,57.0
2020-12-15,61,41,90,95,97,100,45,100.0,53,,57.0
2020-12-16,58,39,90,95,97,100,45,100.0,53,,57.0
2020-12-17,58,39,90,95,97,100,45,100.0,53,,57.0
2020-12-18,57,39,90,95,97,100,50,100.0,53,,57.0
2020-12-19,57,39,90,95,97,100,50,100.0,53,,57.0
2020-12-20,57,39,90,95,97,100,50,100.0,53,,57.0
2020-12-21,57,39,90,95,97,100,50,100.0,53,,57.0
2020-12-22,57,39,90,95,97,100,50,100.0,53,,57.0
2020-12-23,57,39,90,95,97,100,50,100.0,53,,57.0
2020-12-24,57,40,90,95,97,100,50,100.0,53,,57.0
2020-12-25,57,40,90,95,97,100,50,100.0,53,,57.0
2020-12-26,57,40,90,95,97,100,45,100.0,53,,57.0
2020-12-27,57,40,90,95,97,100,45,100.0,53,,57.0
2020-12-28,57,40,90,95,97,100,45,100.0,53,,57.0
2020-12-29,57,40,90,95,97,100,50,100.0,53,,57.0
2020-12-30,57,40,93,95,97,100,45,100.0,50,,57.0
2020-12-31,63,40,93,95,97,100,47,100.0,50,,57.0
2021-01-01,63,40,93,95,97,100,47,100.0,50,,50.0
2021-01-02,63,40,90,95,97,100,47,100.0,50,,50.0
2021-01-03,63,40,90,95,97,100,47,100.0,50,,50.0
2021-01-04,60,40,90,95,97,100,52,100.0,50,,50.0
2021-01-05,60,40,90,95,97,100,30,100.0,50,,50.0
2021-01-06,54,40,90,95,97,100,35,100.0,51,,50.0
2021-01-07,54,40,90,95,97,100,35,100.0,51,,50.0
2021-01-08,57,40,90,95,97,100,40,100.0,51,,50.0
2021-01-09,51,40,90,95,97,100,40,100.0,50,,50.0
2021-01-10,51,40,90,95,97,100,40,100.0,50,,50.0
2021-01-11,51,9,90,95,97,100,40,100.0,50,,50.0
2021-01-12,51,4,90,95,97,100,40,100.0,50,,50.0
2021-01-13,27,4,15,11,14,100,40,100.0,50,,50.0
2021-01-14,30,4,15,11,14,100,40,100.0,50,,50.0
2021-01-15,30,4,18,11,14,100,40,100.0,50,,50.0
2021-01-16,30,4,15,9,12,100,40,100.0,50,,50.0
2021-01-17,27,0,15,9,9,100,42,100.0,50,,50.0
2021-01-18,27,0,15,7,9,100,42,100.0,50,,12.0
2021-01-19,24,0,15,2,9,100,47,100.0,50,,12.0
2021-01-20,27,0,15,2,14,100,47,100.0,50,,0.0
2021-01-21,30,0,15,2,17,100,44,100.0,50,,0.0
2021-01-22,33,0,15,2,17,100,33,100.0,50,,0.0
2021-01-23,33,0,15,2,17,100,33,100.0,50,,0.0
2021-01-24,33,0,15,2,14,100,33,100.0,50,,0.0
2021-01-25,33,0,15,2,14,100,33,83.0,50,,0.0
2021-01-26,36,0,15,2,14,100,33,83.0,50,,0.0
2021-01-27,35,85,15,2,11,100,33,0.0,50,,0.0
2021-01-28,79,88,15,2,81,100,52,0.0,50,,0.0
2021-01-29,79,88,14,2,84,100,47,0.0,50,,0.0
2021-01-30,79,88,14,2,84,100,56,0.0,50,,0.0
2021-01-31,79,88,14,2,84,100,56,0.0,50,,0.0
2021-02-01,79,88,11,2,81,100,56,0.0,50,,0.0
2021-02-02,79,88,11,2,81,11,56,0.0,50,,0.0
2021-02-03,79,88,85,88,81,8,60,0.0,50,,0.0
2021-02-04,81,89,88,88,81,8,64,0.0,50,,0.0
2021-02-05,81,89,88,92,81,8,64,0.0,50,,0.0
2021-02-06,81,89,88,92,81,5,64,0.0,50,,0.0
2021-02-07,81,92,93,95,83,5,64,0.0,50,,0.0
2021-02-08,84,89,90,97,83,5,64,0.0,50,,0.0
2021-02-09,84,89,90,97,81,5,64,0.0,50,,0.0
2021-02-10,84,89,90,97,81,2,64,0.0,50,,0.0
2021-02-11,84,89,90,97,81,2,64,0.0,50,,0.0
2021-02-12,84,89,93,97,83,2,64,0.0,50,,0.0
2021-02-13,87,89,93,97,83,0,64,0.0,50,,0.0
2021-02-14,87,89,93,97,83,0,64,0.0,50,,0.0
2021-02-15,87,89,93,97,83,0,64,0.0,50,,0.0
2021-02-16,87,89,96,97,83,0,64,83.0,50,,0.0
2021-02-17,87,89,96,97,83,0,64,100.0,50,,0.0
2021-02-18,90,92,100,97,85,0,64,100.0,50,,0.0
2021-02-19,90,92,100,97,85,0,64,100.0,50,,0.0
2021-02-20,90,92,100,97,85,0,64,100.0,50,,0.0
2021-02-21,90,92,100,97,87,0,64,100.0,50,,0.0
2021-02-22,90,92,100,93,87,0,64,100.0,50,,0.0
2021-02-23,90,92,100,93,87,0,64,100.0,50,,0.0
2021-02-24,90,92,100,93,87,0,60,100.0,7,,37.0
2021-02-25,90,92,100,93,87,86,60,100.0,7,,50.0
2021-02-26,90,92,100,93,87,86,60,100.0,7,,50.0
2021-02-27,90,92,100,93,87,88,60,100.0,7,,50.0
2021-02-28,90,92,100,93,87,91,60,100.0,7,,50.0
2021-03-01,87,92,100,92,87,91,60,100.0,7,,50.0
2021-03-02,87,92,100,90,87,91,60,100.0,7,,50.0
2021-03-03,87,92,100,90,87,91,60,100.0,10,,50.0
2021-03-04,87,92,100,90,87,91,60,100.0,10,,50.0
2021-03-05,93,92,100,90,87,93,60,100.0,85,,50.0
2021-03-06,93,92,100,90,89,93,60,100.0,85,,50.0
2021-03-07,93,92,100,90,89,96,60,100.0,85,,50.0
2021-03-08,93,92,100,90,89,96,60,100.0,85,,50.0
2021-03-09,93,92,100,90,89,96,60,100.0,85,,50.0
2021-03-10,93,92,100,90,89,100,60,100.0,85,,50.0
2021-03-11,93,92,100,90,89,100,60,100.0,85,,50.0
2021-03-12,93,92,100,90,89,100,60,100.0,85,,50.0
2021-03-13,93,92,100,90,89,100,60,100.0,85,,50.0
2021-03-14,93,92,100,90,89,100,60,100.0,85,,50.0
2021-03-15,93,92,96,90,89,100,60,100.0,85,,50.0
2021-03-16,93,92,96,90,89,100,60,100.0,85,,50.0
2021-03-17,93,92,96,92,89,100,60,100.0,85,,50.0
2021-03-18,93,92,96,92,89,100,60,100.0,89,,50.0
2021-03-19,93,92,96,92,89,100,60,100.0,89,,50.0
2021-03-20,93,92,96,92,89,100,60,100.0,89,,50.0
2021-03-21,93,92,96,92,89,100,64,100.0,89,,50.0
2021-03-22,93,92,96,92,89,100,57,100.0,86,,50.0
2021-03-23,93,92,96,92,89,100,57,100.0,86,,50.0
2021-03-24,93,92,96,92,89,100,57,100.0,86,,50.0
2021-03-25,93,92,96,92,89,100,57,100.0,86,,50.0
2021-03-26,93,92,96,92,89,100,57,100.0,86,,62.0
2021-03-27,93,92,96,92,89,100,57,100.0,86,,62.0
2021-03-28,93,92,96,92,89,100,57,100.0,86,,62.0
2021-03-29,93,92,96,92,89,100,57,100.0,86,,62.0
2021-03-30,93,92,96,92,89,100,57,100.0,86,,62.0
2021-03-31,91,92,96,92,86,100,57,100.0,86,,62.0
2021-04-01,91,92,96,92,81,100,57,100.0,86,,62.0
2021-04-02,91,92,96,92,81,100,52,100.0,86,,62.0
2021-04-03,91,92,96,92,81,100,52,100.0,86,,62.0
2021-04-04,91,92,96,92,81,100,47,100.0,86,,62.0
2021-04-05,91,92,96,92,78,100,47,100.0,86,,62.0
2021-04-06,94,92,96,92,78,100,47,100.0,86,,62.0
2021-04-07,94,89,96,92,78,100,47,100.0,86,,75.0
2021-04-08,94,89,96,92,78,100,47,100.0,86,,75.0
2021-04-09,94,89,96,92,78,100,61,100.0,86,,75.0
2021-04-10,94,89,96,92,78,100,61,100.0,86,,75.0
2021-04-11,94,89,96,92,78,100,61,100.0,86,,75.0
2021-04-12,94,10,96,92,78,100,66,100.0,86,,75.0
2021-04-13,14,7,96,92,7,100,27,100.0,86,,75.0
2021-04-14,14,7,96,92,5,100,33,100.0,85,,75.0
2021-04-15,17,7,96,92,5,100,33,100.0,85,,75.0
2021-04-16,17,7,96,92,7,100,35,100.0,88,,75.0
2021-04-17,17,7,96,92,7,100,35,100.0,88,,75.0
2021-04-18,17,7,96,92,7,100,35,100.0,88,,75.0
2021-04-19,17,10,34,19,10,100,35,100.0,88,,75.0
2021-04-20,14,7,34,21,12,100,35,100.0,89,,75.0
2021-04-21,14,6,33,16,12,100,41,100.0,89,,75.0
2021-04-22,14,6,36,16,17,100,41,100.0,89,,75.0
2021-04-23,20,6,42,19,20,100,41,100.0,89,,75.0
2021-04-24,17,6,39,16,20,100,41,100.0,89,,75.0
2021-04-25,17,6,39,16,20,100,41,100.0,85,,75.0
2021-04-26,17,6,39,16,22,100,29,100.0,85,,75.0
2021-04-27,17,6,38,16,22,100,5,100.0,85,,75.0
2021-04-28,17,55,85,13,20,100,5,100.0,85,,100.0
2021-04-29,87,58,85,13,86,100,5,100.0,85,,100.0
2021-04-30,90,58,86,76,88,100,5,100.0,85,,100.0
2021-05-01,90,58,86,76,88,100,5,100.0,85,,100.0
2021-05-02,87,58,83,76,88,100,5,20.0,85,,100.0
2021-05-03,90,58,83,79,88,100,5,0.0,85,,100.0
2021-05-04,87,55,80,79,88,100,5,0.0,85,,100.0
2021-05-05,93,55,83,79,90,100,5,0.0,85,,100.0
2021-05-06,93,55,86,79,93,100,5,0.0,85,,100.0
2021-05-07,93,57,88,81,93,100,-5,0.0,85,,100.0
2021-05-08,96,57,88,84,95,100,-5,0.0,85,,100.0
2021-05-09,96,57,88,84,95,100,-5,0.0,85,,100.0
2021-05-10,96,57,88,84,95,100,-5,0.0,85,,100.0
2021-05-11,96,60,88,84,95,45,0,42.0,85,,100.0
2021-05-12,96,60,88,84,95,45,0,57.0,85,,100.0
2021-05-13,96,60,88,84,95,45,0,57.0,85,,100.0
2021-05-14,96,60,88,86,95,48,-5,57.0,85,,100.0
2021-05-15,96,60,88,86,95,48,-5,57.0,85,,100.0
2021-05-16,96,60,88,86,95,48,-5,57.0,85,,100.0
2021-05-17,96,60,88,86,95,48,-5,57.0,82,,100.0
2021-05-18,96,60,88,86,95,48,-5,57.0,82,,100.0
2021-05-19,96,58,88,86,97,48,-5,57.0,7,,100.0
2021-05-20,96,58,88,86,97,48,-5,57.0,7,,100.0
2021-05-21,96,58,88,86,97,51,-5,57.0,7,,100.0
2021-05-22,96,58,88,86,95,48,-5,57.0,7,,100.0
2021-05-23,96,58,88,86,95,48,-5,57.0,7,,100.0
2021-05-24,96,62,88,86,95,50,-5,57.0,7,,100.0
2021-05-25,96,62,88,86,95,50,-5,57.0,7,,100.0
2021-05-26,94,62,88,86,95,50,-17,57.0,7,,100.0
2021-05-27,94,62,88,86,95,91,-17,57.0,7,,100.0
2021-05-28,94,60,88,86,93,94,-17,57.0,7,,100.0
2021-05-29,96,62,91,88,93,94,-17,57.0,7,,100.0
2021-05-30,96,62,91,88,93,91,-17,57.0,7,,100.0
2021-05-31,96,62,91,85,93,91,-17,57.0,7,,100.0
2021-06-01,96,62,91,85,95,91,-17,57.0,3,,100.0
2021-06-02,96,62,91,88,95,91,-17,57.0,3,,100.0
2021-06-03,90,62,90,87,95,91,-17,57.0,3,,100.0
2021-06-04,90,62,90,87,95,91,-17,57.0,66,,100.0
2021-06-05,90,62,90,87,95,91,-17,57.0,66,,100.0
2021-06-06,90,62,90,87,95,91,-18,57.0,66,,100.0
2021-06-07,90,62,90,87,95,91,-25,57.0,66,,100.0
2021-06-08,90,62,90,87,95,91,-25,57.0,66,,100.0
2021-06-09,90,60,90,87,95,89,-17,57.0,66,,100.0
2021-06-10,90,58,90,87,95,89,-17,57.0,70,,100.0
2021-06-11,90,58,90,87,95,89,-17,57.0,71,,100.0
2021-06-12,90,58,90,87,95,89,-17,57.0,71,,100.0
2021-06-13,90,60,90,87,95,89,-17,57.0,74,,100.0
2021-06-14,90,60,90,87,95,89,-17,57.0,74,,100.0
2021-06-15,90,60,90,87,95,89,-17,57.0,74,,100.0
2021-06-16,90,60,90,87,95,89,-23,57.0,74,,100.0
2021-06-17,90,60,90,87,95,89,-23,57.0,74,,100.0
2021-06-18,90,62,90,87,95,89,-23,57.0,74,,100.0
2021-06-19,90,62,90,87,95,89,-23,57.0,74,,100.0
2021-06-20,90,62,90,87,95,89,-23,57.0,74,,100.0
2021-06-21,90,62,90,87,95,89,-23,57.0,74,,100.0
2021-06-22,90,62,90,82,95,91,-27,57.0,74,,100.0
2021-06-23,90,62,90,82,95,91,-27,57.0,74,,100.0
2021-06-24,90,62,90,82,95,94,-27,57.0,74,,100.0
2021-06-25,90,62,90,82,95,94,-27,57.0,74,,100.0
2021-06-26,90,62,90,82,95,94,-27,57.0,74,,100.0
2021-06-27,90,62,90,82,95,94,-27,57.0,74,,100.0
2021-06-28,90,62,90,82,95,94,-27,57.0,74,,100.0
2021-06-29,90,62,90,82,95,88,-27,57.0,74,,100.0
2021-06-30,90,62,93,85,97,88,-27,57.0,74,,100.0
2021-07-01,90,62,93,85,97,88,-27,57.0,74,,100.0
2021-07-02,90,62,93,85,97,88,-23,57.0,74,,100.0
2021-07-03,90,62,93,85,97,88,-18,57.0,74,,100.0
2021-07-04,90,62,93,85,97,91,-18,57.0,70,,100.0
2021-07-05,90,62,93,85,97,91,-18,57.0,70,,100.0
2021-07-06,90,62,93,85,97,91,-18,57.0,70,,100.0
2021-07-07,87,62,93,85,97,94,-18,57.0,70,,100.0
2021-07-08,87,62,93,85,97,94,-23,57.0,70,,100.0
2021-07-09,87,62,93,85,95,94,-23,57.0,70,,88.0
2021-07-10,87,62,93,85,95,94,-23,57.0,70,,88.0
2021-07-11,87,62,93,85,95,94,-18,57.0,70,,88.0
2021-07-12,87,13,9,85,95,94,-17,57.0,70,,33.0
2021-07-13,18,10,9,85,16,94,-17,57.0,70,,33.0
2021-07-14,14,10,9,7,13,94,-17,57.0,70,,22.0
2021-07-15,17,10,9,7,13,94,-17,57.0,70,,22.0
2021-07-16,17,10,12,7,15,94,-17,57.0,70,,22.0
2021-07-17,14,10,12,5,15,94,-17,57.0,70,,22.0
2021-07-18,14,10,12,2,15,94,-17,57.0,70,,22.0
2021-07-19,14,10,15,2,13,94,-17,57.0,70,,22.0
2021-07-20,17,10,12,2,11,94,-23,57.0,70,,22.0
2021-07-21,20,10,9,0,11,91,-16,57.0,70,,22.0
2021-07-22,20,10,9,0,11,91,-16,57.0,70,,22.0
2021-07-23,20,10,9,4,11,91,-11,57.0,70,,22.0
2021-07-24,20,10,9,4,11,91,-11,57.0,70,,22.0
2021-07-25,20,6,9,4,11,91,-11,14.0,70,,22.0
2021-07-26,20,6,9,2,11,91,-11,0.0,70,,22.0
2021-07-27,20,6,9,4,11,91,36,0.0,70,,11.0
2021-07-28,86,80,84,4,11,91,36,0.0,70,,70.0
2021-07-29,86,80,87,0,67,91,38,0.0,70,,70.0
2021-07-30,88,83,90,-75,69,91,38,0.0,70,,90.0
2021-07-31,88,83,90,-75,69,91,38,0.0,70,,90.0
2021-08-01,88,83,90,-75,68,91,41,0.0,70,,90.0
2021-08-02,91,83,90,-75,68,91,41,0.0,70,,90.0
2021-08-03,91,83,90,-80,68,91,41,0.0,70,,90.0
2021-08-04,94,83,88,-80,68,91,41,0.0,70,,90.0
2021-08-05,94,87,91,-80,68,91,44,0.0,70,,90.0
2021-08-06,94,87,94,-82,68,91,47,0.0,70,,100.0
2021-08-07,94,83,94,-82,75,91,47,0.0,70,,100.0
2021-08-08,94,83,94,-87,75,91,47,0.0,70,,100.0
2021-08-09,94,83,94,-87,75,91,47,0.0,70,,100.0
2021-08-10,94,83,94,-87,75,16,47,0.0,70,,100.0
2021-08-11,94,83,91,-87,75,16,47,0.0,70,,100.0
2021-08-12,94,83,91,-87,75,16,47,66.0,70,,100.0
2021-08-13,94,83,91,-87,76,16,47,83.0,70,,100.0
2021-08-14,94,83,94,-87,78,16,47,83.0,70,,100.0
2021-08-15,94,83,94,-87,76,16,47,83.0,70,,100.0
2021-08-16,94,83,94,-89,76,16,47,83.0,70,,100.0
2021-08-17,94,83,94,-89,76,16,47,83.0,70,,100.0
2021-08-18,94,83,94,-89,76,16,47,83.0,7,,100.0
2021-08-19,94,86,94,-89,76,91,55,100.0,7,,100.0
2021-08-20,94,79,94,-89,77,91,61,100.0,7,,100.0
2021-08-21,94,79,94,-89,77,91,61,100.0,7,,100.0
2021-08-22,94,79,94,-87,77,89,61,100.0,7,,100.0
2021-08-23,94,79,94,-87,77,89,61,100.0,7,,100.0
2021-08-24,94,79,94,-87,77,91,61,100.0,3,,100.0
2021-08-25,91,79,94,-87,77,91,57,100.0,0,,100.0
2021-08-26,91,79,94,-87,79,91,57,100.0,0,,100.0
2021-08-27,91,79,94,-87,79,91,57,100.0,0,,100.0
2021-08-28,91,79,94,-87,79,91,57,100.0,0,,100.0
2021-08-29,91,79,97,-87,81,91,57,100.0,0,,100.0
2021-08-30,91,79,97,-87,81,91,57,100.0,0,,100.0
2021-08-31,91,79,97,-87,82,94,57,100.0,0,,100.0
2021-09-01,91,75,97,-87,84,94,60,100.0,0,,100.0
2021-09-02,91,75,97,-87,84,94,60,100.0,0,,100.0
2021-09-03,91,75,97,-87,84,94,60,100.0,17,,100.0
2021-09-04,91,75,97,-87,84,97,60,100.0,17,,100.0
2021-09-05,91,78,100,-87,86,97,60,100.0,17,,100.0
2021-09-06,91,78,100,-87,86,97,60,100.0,17,,100.0
2021-09-07,91,78,100,-87,87,97,60,100.0,17,,25.0
2021-09-08,91,78,100,-82,87,97,60,100.0,17,,-50.0
2021-09-09,91,78,100,-82,87,97,60,100.0,17,,-100.0
2021-09-10,91,78,100,-82,87,97,60,100.0,17,,-100.0
2021-09-11,91,78,100,-82,87,97,60,100.0,17,,-100.0
2021-09-12,91,78,100,-82,87,97,65,100.0,18,,-100.0
2021-09-13,91,78,100,-82,87,97,65,100.0,18,,-100.0
2021-09-14,91,78,100,-85,87,97,65,100.0,18,,-100.0
2021-09-15,91,78,100,-85,87,97,55,100.0,18,,-100.0
2021-09-16,91,78,100,-87,87,97,55,100.0,18,,-100.0
2021-09-17,91,78,100,-87,85,97,55,100.0,18,,-100.0
2021-09-18,91,78,100,-87,85,97,55,100.0,18,,-100.0
2021-09-19,91,78,100,-87,85,97,57,100.0,18,,-100.0
2021-09-20,91,78,100,-87,85,94,57,100.0,18,,-100.0
2021-09-21,91,78,100,-87,85,94,57,100.0,18,,-100.0
2021-09-22,91,78,100,-87,85,94,55,100.0,18,,-100.0
2021-09-23,91,78,100,-87,85,94,65,100.0,18,,-100.0
2021-09-24,91,78,100,-87,85,94,65,100.0,18,,-100.0
2021-09-25,91,78,100,-87,85,94,61,100.0,15,,-100.0
2021-09-26,88,81,100,-87,85,94,61,83.0,15,,-100.0
2021-09-27,88,81,100,-87,85,94,61,83.0,15,,-100.0
2021-09-28,88,81,100,-87,85,94,61,83.0,15,,-100.0
2021-09-29,86,81,100,-87,85,94,61,83.0,15,,-100.0
2021-09-30,86,81,100,-87,85,94,61,83.0,16,,-100.0
2021-10-01,86,81,100,-87,85,89,71,83.0,16,,-100.0
2021-10-02,86,81,100,-87,85,89,71,83.0,16,,-100.0
2021-10-03,86,81,100,-87,85,89,76,83.0,16,,-100.0
2021-10-04,86,81,100,-87,85,89,76,83.0,16,,-100.0
2021-10-05,86,81,100,-87,85,89,76,83.0,16,,-100.0
2021-10-06,86,81,100,-87,85,89,71,83.0,16,,-100.0
2021-10-07,86,81,100,-87,85,89,71,100.0,16,,-100.0
2021-10-08,86,81,100,-87,85,89,71,100.0,16,,-100.0
2021-10-09,86,81,100,-87,85,89,71,100.0,16,,-100.0
2021-10-10,86,81,100,-87,85,89,40,100.0,16,,-100.0
2021-10-11,13,6,25,-87,85,89,40,100.0,16,,-100.0
2021-10-12,13,6,20,-82,19,89,40,100.0,16,,-100.0
2021-10-13,10,3,20,-9,17,89,40,100.0,16,,-100.0
2021-10-14,11,3,20,-9,17,89,45,100.0,16,,-100.0
2021-10-15,11,3,20,-11,19,89,59,100.0,16,,-100.0
2021-10-16,8,3,20,-11,17,88,59,100.0,16,,-100.0
2021-10-17,8,3,17,-7,17,88,61,100.0,16,,-100.0
2021-10-18,8,3,17,-7,12,88,61,100.0,16,,-100.0
2021-10-19,8,0,14,-7,12,88,57,100.0,16,,-100.0
2021-10-20,8,0,14,-4,12,88,57,100.0,16,,-100.0
2021-10-21,11,0,17,-7,12,88,9,100.0,16,,-100.0
2021-10-22,11,0,17,-7,9,88,13,100.0,16,,-100.0
2021-10-23,11,0,17,-7,9,88,13,100.0,16,,-100.0
2021-10-24,11,0,17,-7,9,88,13,100.0,16,,-100.0
2021-10-25,13,0,17,-7,7,86,13,100.0,16,,-100.0
2021-10-26,13,0,17,-7,-50,86,13,42.0,16,,-100.0
2021-10-27,13,82,51,-7,-50,86,13,28.0,16,,11.0
2021-10-28,13,82,51,-7,-50,86,13,28.0,16,,55.0
2021-10-29,13,86,51,-51,-50,86,13,28.0,16,,55.0
2021-10-30,13,86,51,-51,-50,86,13,28.0,16,,55.0
2021-10-31,13,86,48,-52,-52,86,13,28.0,16,,55.0
2021-11-01,10,86,48,-51,-52,86,13,25.0,16,,55.0
2021-11-02,10,86,50,-53,-52,5,9,25.0,16,,55.0
2021-11-03,10,86,47,-53,-54,5,9,25.0,16,,55.0
2021-11-04,10,89,50,-53,-54,5,9,0.0,16,,55.0
2021-11-05,11,89,51,-53,-54,5,4,0.0,16,,55.0
2021-11-06,11,89,51,-53,-54,5,4,0.0,16,,55.0
2021-11-07,11,89,51,-54,-55,2,4,0.0,16,,55.0
2021-11-08,11,89,51,-54,-55,2,4,0.0,16,,55.0
2021-11-09,11,89,51,-54,-55,5,4,87.0,16,,55.0
2021-11-10,11,89,51,-53,-55,5,4,87.0,15,,55.0
2021-11-11,11,89,51,-53,-60,5,4,87.0,15,,55.0
2021-11-12,11,89,51,-53,-61,7,4,87.0,15,,55.0
2021-11-13,11,89,51,-53,-61,7,4,87.0,15,,55.0
2021-11-14,11,89,52,-54,-63,5,4,87.0,15,,55.0
2021-11-15,11,89,52,-54,-63,5,9,87.0,15,,55.0
2021-11-16,11,89,52,-54,-63,5,9,87.0,15,,77.0
2021-11-17,11,89,52,-54,-63,5,9,87.0,0,,77.0
2021-11-18,11,89,50,-54,-63,82,9,87.0,0,,77.0
2021-11-19,11,89,50,-50,-63,80,9,87.0,0,,77.0
2021-11-20,11,89,50,-50,-63,80,9,87.0,0,,77.0
2021-11-21,11,89,47,-50,-63,80,9,87.0,0,,77.0
2021-11-22,8,89,44,-50,-63,82,9,87.0,0,,88.0
2021-11-23,8,89,44,-50,-63,82,9,87.0,0,,88.0
2021-11-24,11,89,44,-50,-63,82,9,87.0,0,,88.0
2021-11-25,11,89,45,-50,-65,82,9,87.0,0,,88.0
2021-11-26,11,89,45,-50,-65,85,9,87.0,0,,88.0
2021-11-27,11,89,45,-50,-65,87,9,87.0,0,,88.0
2021-11-28,8,89,47,-47,-66,87,9,87.0,0,,88.0
2021-11-29,8,89,45,-47,-66,87,9,87.0,0,,88.0
2021-11-30,8,89,45,-47,-66,87,9,87.0,0,,88.0
2021-12-01,8,89,45,-46,-66,87,9,62.0,0,,88.0
2021-12-02,8,89,45,-46,-66,87,9,62.0,0,,88.0
2021-12-03,8,89,45,-46,-66,87,9,62.0,0,,88.0
2021-12-04,8,89,45,-46,-66,87,9,62.0,0,,88.0
2021-12-05,8,89,45,-46,-66,89,9,62.0,0,,88.0
2021-12-06,8,89,45,-46,-66,89,9,62.0,0,,88.0
2021-12-07,8,89,45,-46,-66,92,19,62.0,0,,88.0
2021-12-08,8,89,45,-44,-70,92,19,62.0,0,,88.0
2021-12-09,8,89,45,-44,-70,92,19,62.0,0,,88.0
2021-12-10,8,89,45,-44,-70,92,20,62.0,89,,88.0
2021-12-11,8,89,45,-44,-70,89,20,62.0,89,,88.0
2021-12-12,8,89,45,-44,-70,89,20,62.0,92,,88.0
2021-12-13,8,89,45,-44,-70,89,20,62.0,92,,88.0
2021-12-14,8,89,47,-46,-70,89,20,62.0,96,,88.0
2021-12-15,8,89,47,-46,-70,89,15,62.0,96,,88.0
2021-12-16,8,89,47,-46,-70,89,15,62.0,96,,88.0
2021-12-17,8,89,47,-46,-71,89,15,62.0,96,,88.0
2021-12-18,8,89,47,-46,-71,89,15,62.0,96,,88.0
2021-12-19,8,89,47,-46,-71,89,15,62.0,96,,88.0
2021-12-20,8,89,47,-46,-71,89,15,62.0,96,,88.0
2021-12-21,8,89,47,-46,-71,89,15,50.0,96,,88.0
2021-12-22,8,89,47,-46,-71,89,15,50.0,96,,88.0
2021-12-23,11,89,47,-46,-71,89,15,50.0,96,,88.0
2021-12-24,11,89,47,-46,-71,89,15,50.0,100,,88.0
2021-12-25,11,89,47,-46,-71,89,15,50.0,100,,88.0
2021-12-26,11,89,44,-46,-71,89,15,50.0,100,,88.0
2021-12-27,13,90,44,-46,-71,89,15,50.0,100,,88.0
2021-12-28,13,90,44,-46,-71,89,15,50.0,100,,77.0
2021-12-29,13,90,44,-44,-71,89,20,50.0,100,,77.0
2021-12-30,13,90,44,-44,-71,89,20,50.0,100,,77.0
2021-12-31,13,83,44,-44,-71,89,20,50.0,100,,77.0
2022-01-01,13,83,44,-44,-71,89,20,50.0,100,,77.0
2022-01-02,13,83,44,-41,-71,89,20,50.0,100,,77.0
2022-01-03,13,83,44,-41,-71,89,47,50.0,100,,77.0
2022-01-04,13,83,41,-37,-71,89,34,50.0,100,,77.0
2022-01-05,10,83,41,-37,-67,92,30,50.0,100,,77.0
2022-01-06,10,83,41,-37,-67,92,30,50.0,100,,77.0
2022-01-07,10,83,41,-40,-66,92,30,50.0,100,,77.0
2022-01-08,8,83,41,-40,-66,92,26,50.0,100,,77.0
2022-01-09,8,83,41,-40,-8,92,27,50.0,100,,77.0
2022-01-10,8,6,8,-40,-6,92,31,50.0,100,,33.0
2022-01-11,8,6,8,-40,-6,92,31,50.0,100,,11.0
2022-01-12,5,3,8,-4,-6,92,36,50.0,100,,11.0
2022-01-13,8,3,8,-4,-6,92,39,50.0,100,,11.0
2022-01-14,10,3,8,-4,-6,94,47,50.0,100,,11.0
2022-01-15,10,3,8,-4,-6,94,47,57.0,100,,11.0
2022-01-16,10,3,5,-2,-6,94,47,57.0,100,,11.0
2022-01-17,10,3,5,-2,-6,94,52,57.0,100,,11.0
2022-01-18,10,0,2,-2,-6,94,52,57.0,100,,20.0
2022-01-19,13,0,2,-2,-6,94,52,57.0,100,,20.0
2022-01-20,15,0,2,-2,-6,94,52,57.0,100,,20.0
2022-01-21,18,0,2,-2,-6,94,56,57.0,100,,30.0
2022-01-22,18,0,2,-2,-6,94,56,57.0,100,,30.0
2022-01-23,18,0,2,0,-6,94,59,-14.0,100,,30.0
2022-01-24,18,0,2,0,-6,94,52,-14.0,100,,30.0
2022-01-25,18,0,2,0,-4,94,52,-14.0,100,,30.0
2022-01-26,18,52,2,0,-4,94,52,-14.0,100,,30.0
2022-01-27,18,51,2,0,-4,94,72,-14.0,100,,30.0
2022-01-28,81,51,8,0,-4,94,72,-14.0,100,,30.0
2022-01-29,81,48,7,0,-4,94,72,-12.0,100,,27.0
2022-01-30,81,48,7,0,-4,94,72,-12.0,100,,18.0
2022-01-31,81,48,5,0,-4,94,72,-12.0,100,,18.0
2022-02-01,83,48,5,0,-4,10,72,-12.0,100,,18.0
2022-02-02,83,48,71,-2,-4,10,76,-12.0,100,,18.0
2022-02-03,83,48,70,-2,-82,10,76,-12.0,100,,18.0
2022-02-04,83,48,79,-68,-85,10,76,-12.0,100,,18.0
2022-02-05,86,48,79,-68,-85,7,76,-12.0,100,,18.0
2022-02-06,88,48,76,-68,-88,7,76,-12.0,100,,18.0
2022-02-07,88,48,77,-73,-91,7,76,-12.0,100,,18.0
2022-02-08,86,48,77,-77,-91,7,76,-12.0,100,,18.0
2022-02-09,86,48,77,-80,-91,5,77,-12.0,100,,18.0
2022-02-10,86,51,77,-80,-91,7,77,-12.0,100,,18.0
2022-02-11,86,51,77,-80,-89,7,78,-12.0,100,,18.0
2022-02-12,86,51,77,-80,-89,7,78,-12.0,100,,18.0
2022-02-13,86,51,77,-80,-89,7,78,-12.0,100,,18.0
2022-02-14,86,51,77,-80,-89,7,78,0.0,100,,18.0
2022-02-15,86,51,77,-80,-89,7,82,0.0,100,,18.0
2022-02-16,88,51,80,-80,-89,7,82,0.0,100,,18.0
2022-02-17,88,51,82,-80,-89,87,82,37.0,100,,18.0
2022-02-18,88,51,82,-80,-91,87,82,37.0,100,,18.0
2022-02-19,88,51,82,-80,-89,85,82,42.0,100,,18.0
2022-02-20,88,51,82,-80,-89,82,82,42.0,100,,18.0
2022-02-21,88,51,82,-80,-89,82,82,42.0,100,,18.0
2022-02-22,88,51,82,-80,-89,82,82,57.0,100,,18.0
2022-02-23,88,51,82,-80,-89,85,82,57.0,7,,-27.0
2022-02-24,88,51,82,-80,-91,85,82,57.0,7,,-18.0
2022-02-25,88,51,82,-80,-91,85,82,57.0,7,,-18.0
2022-02-26,88,51,82,-79,-91,87,82,57.0,7,,-18.0
2022-02-27,88,51,82,-77,-91,87,82,57.0,3,,-18.0
2022-02-28,88,51,82,-77,-91,87,82,57.0,3,,-18.0
2022-03-01,88,51,84,-77,-91,87,82,57.0,3,,-27.0
2022-03-02,88,51,84,-77,-91,87,82,57.0,3,,-27.0
2022-03-03,88,51,84,-77,-91,87,86,57.0,3,,-27.0
2022-03-04,88,51,84,-77,-91,87,86,57.0,96,,-27.0
2022-03-05,88,51,84,-77,-91,87,86,57.0,96,,-27.0
2022-03-06,88,51,84,-77,-91,87,86,57.0,96,,-27.0
2022-03-07,88,51,84,-79,-91,87,86,50.0,96,,-27.0
2022-03-08,89,50,84,-79,-91,87,86,50.0,96,,-27.0
2022-03-09,89,50,86,-79,-91,87,86,50.0,96,,-27.0
2022-03-10,89,50,86,-77,-89,87,86,50.0,96,,-27.0
2022-03-11,89,50,86,-80,-89,87,78,50.0,96,,-27.0
2022-03-12,89,50,86,-80,-87,87,78,50.0,96,,-27.0
2022-03-13,89,50,86,-80,-87,87,78,50.0,96,,-27.0
2022-03-14,89,50,86,-80,-87,87,78,50.0,96,,-27.0
2022-03-15,89,50,86,-80,-87,87,86,50.0,100,,-27.0
2022-03-16,89,50,86,-80,-89,89,86,50.0,100,,-27.0
2022-03-17,89,50,87,-80,-89,91,86,50.0,100,,-27.0
2022-03-18,89,50,87,-80,-89,92,86,50.0,100,,-27.0
2022-03-19,89,50,87,-77,-89,92,86,50.0,100,,-27.0
2022-03-20,89,50,87,-77,-89,92,86,50.0,100,,-27.0
2022-03-21,89,50,87,-75,-89,92,86,62.0,100,,-27.0
2022-03-22,89,50,87,-75,-89,92,86,62.0,100,,-27.0
2022-03-23,88,50,86,-75,-87,92,86,62.0,96,,-27.0
2022-03-24,88,50,86,-75,-87,92,86,62.0,96,,-27.0
2022-03-25,94,51,86,-74,-86,97,95,62.0,96,,-27.0
2022-03-26,94,51,83,-74,-86,97,95,62.0,96,,-27.0
2022-03-27,94,51,83,-74,-86,97,86,62.0,96,,-27.0
2022-03-28,94,51,78,-72,-86,97,86,62.0,96,,-27.0
2022-03-29,91,51,78,-72,-86,97,82,62.0,96,,-27.0
2022-03-30,91,51,78,-72,-86,97,82,62.0,96,,-27.0
2022-03-31,91,51,78,-72,-86,97,82,62.0,96,,-18.0
2022-04-01,91,51,78,-72,-86,97,82,62.0,96,,-18.0
2022-04-02,91,51,78,-72,-86,97,82,62.0,96,,-18.0
2022-04-03,91,51,78,-72,-86,97,82,62.0,96,,-18.0
2022-04-04,91,51,78,-72,-86,97,86,62.0,96,,-18.0
2022-04-05,91,51,78,-72,-86,97,86,62.0,96,,-18.0
2022-04-06,88,51,78,-72,-86,97,86,62.0,96,,-18.0
2022-04-07,88,51,72,-75,-86,97,86,62.0,96,,-18.0
2022-04-08,88,51,72,-75,-86,91,86,62.0,100,,-18.0
2022-04-09,88,51,72,-75,-86,91,83,62.0,100,,-18.0
2022-04-10,88,51,72,-72,-86,91,83,62.0,100,,-18.0
2022-04-11,88,2,67,-72,-86,81,79,62.0,100,,-18.0
2022-04-12,88,2,67,-70,-87,81,45,62.0,100,,-18.0
2022-04-13,19,2,65,-70,-87,81,44,62.0,100,,-18.0
2022-04-14,19,2,65,-70,-87,76,44,62.0,100,,-18.0
2022-04-15,19,2,65,-70,-87,76,40,62.0,100,,-18.0
2022-04-16,19,2,65,-70,-87,76,36,62.0,100,,-18.0
2022-04-17,16,2,65,-70,-89,76,36,62.0,100,,-18.0
2022-04-18,16,2,7,-72,-84,76,36,62.0,100,,-18.0
2022-04-19,16,2,5,-65,-36,75,40,62.0,100,,-18.0
2022-04-20,16,2,-2,-15,-38,75,40,62.0,100,,-18.0
2022-04-21,13,2,-7,-18,-40,75,76,55.0,100,,-18.0
2022-04-22,8,2,-7,-20,-43,76,73,55.0,100,,-18.0
2022-04-23,8,2,-10,-17,-40,76,73,55.0,100,,-18.0
2022-04-24,8,2,-10,-15,-40,76,73,55.0,100,,-18.0
2022-04-25,8,2,-10,-15,-40,76,69,55.0,100,,-18.0
2022-04-26,8,0,-10,-15,-40,76,69,55.0,100,,-18.0
2022-04-27,8,5,-52,-15,-40,76,65,55.0,100,,-18.0
2022-04-28,8,5,-52,-15,-80,76,65,55.0,100,,0.0
2022-04-29,-5,5,-55,-81,-82,76,65,55.0,100,,0.0
2022-04-30,-7,5,-55,-81,-82,76,65,55.0,100,,0.0
2022-05-01,-7,5,-55,-81,-82,76,61,55.0,100,,0.0
2022-05-02,-7,5,-55,-81,-84,76,61,55.0,100,,0.0
2022-05-03,-13,5,-55,-87,-84,7,61,11.0,100,,0.0
2022-05-04,-13,5,-55,-87,-83,7,64,11.0,100,,0.0
2022-05-05,-13,5,-55,-87,-83,7,64,11.0,100,,0.0
2022-05-06,-10,5,-55,-87,-83,7,64,11.0,100,,-18.0
2022-05-07,-10,5,-55,-87,-83,7,66,11.0,100,,-18.0
2022-05-08,-10,5,-56,-87,-83,7,66,0.0,100,,-18.0
2022-05-09,-5,5,-56,-87,-83,5,66,-11.0,100,,0.0
2022-05-10,-5,5,-56,-87,-83,5,66,-11.0,100,,0.0
2022-05-11,-5,5,-56,-87,-83,5,66,-11.0,100,,0.0
2022-05-12,-5,5,-56,-87,-84,5,70,-11.0,100,,0.0
2022-05-13,-5,5,-56,-87,-84,5,70,-11.0,100,,0.0
2022-05-14,-5,5,-56,-87,-88,5,70,-11.0,100,,0.0
2022-05-15,-5,5,-60,-87,-88,5,70,-11.0,100,,0.0
2022-05-16,-8,5,-60,-87,-88,2,70,-11.0,100,,0.0
2022-05-17,-8,5,-60,-87,-88,2,70,-11.0,100,,0.0
2022-05-18,-8,5,-60,-89,-91,0,70,-11.0,7,,0.0
2022-05-19,-8,5,-60,-89,-91,0,70,-11.0,7,,0.0
2022-05-20,-8,5,-60,-89,-91,-5,62,-11.0,7,,0.0
2022-05-21,-11,5,-60,-87,-91,-5,62,-11.0,7,,0.0
2022-05-22,-10,5,-60,-87,-93,-5,62,-11.0,7,,0.0
2022-05-23,-10,5,-65,-87,-93,-2,54,-11.0,10,,0.0
2022-05-24,-10,5,-65,-89,-93,-2,54,-11.0,10,,0.0
2022-05-25,-10,5,-65,-89,-95,-7,45,-11.0,11,,0.0
2022-05-26,-10,5,-65,-89,-95,-52,45,-11.0,76,,0.0
2022-05-27,-10,5,-65,-91,-95,-55,45,-11.0,80,,0.0
2022-05-28,-10,5,-65,-91,-95,-55,45,-11.0,80,,0.0
2022-05-29,-10,5,-65,-91,-95,-55,45,-11.0,80,,0.0
2022-05-30,-8,5,-65,-91,-95,-55,45,-11.0,84,,-18.0
2022-05-31,-8,5,-65,-91,-95,-55,45,-11.0,84,,-18.0
2022-06-01,-8,2,-65,-91,-95,-56,45,-11.0,84,,-18.0
2022-06-02,-8,2,-65,-91,-95,-56,45,-11.0,84,,-18.0
2022-06-03,-8,2,-65,-91,-95,-56,37,-11.0,84,,-18.0
2022-06-04,-10,2,-65,-91,-95,-56,37,-11.0,84,,-18.0
2022-06-05,-10,2,-65,-91,-95,-58,37,-11.0,84,,-18.0
2022-06-06,-10,2,-65,-91,-95,-58,37,-11.0,84,,-18.0
2022-06-07,-10,2,-65,-91,-95,-58,37,-11.0,84,,-18.0
2022-06-08,-10,2,-65,-93,-95,-58,41,-11.0,84,,-18.0
2022-06-09,-10,2,-65,-93,-95,-58,41,-11.0,84,,-18.0
2022-06-10,-11,2,-65,-93,-95,-63,41,-11.0,84,,-27.0
2022-06-11,-11,2,-65,-93,-95,-63,41,-11.0,84,,-27.0
2022-06-12,-11,2,-65,-93,-95,-63,41,-11.0,91,,-27.0
2022-06-13,-13,2,-65,-93,-95,-63,41,-11.0,91,,-27.0
2022-06-14,-16,2,-65,-93,-95,-63,41,-11.0,91,,-27.0
2022-06-15,-16,2,-65,-93,-97,-63,41,-11.0,91,,-27.0
2022-06-16,-16,2,-64,-93,-97,-63,43,-11.0,91,,-27.0
2022-06-17,-16,0,-65,-95,-100,-63,43,-11.0,91,,-27.0
2022-06-18,-16,0,-65,-95,-100,-63,39,-11.0,91,,-27.0
2022-06-19,-16,0,-65,-95,-100,-63,39,-11.0,91,,-27.0
2022-06-20,-16,0,-65,-95,-100,-63,39,-11.0,91,,-27.0
2022-06-21,-16,0,-65,-95,-100,-63,39,-11.0,91,,-27.0
2022-06-22,-16,0,-64,-95,-100,-63,39,-10.0,91,,-27.0
2022-06-23,-16,0,-64,-95,-100,-63,30,-10.0,91,,-27.0
2022-06-24,-16,0,-64,-95,-100,-63,21,-10.0,91,,-27.0
2022-06-25,-16,0,-62,-95,-97,-63,21,-10.0,91,,-18.0
2022-06-26,-15,0,-62,-95,-95,-67,21,-10.0,91,,-18.0
2022-06-27,-15,0,-62,-95,-93,-66,8,-10.0,91,,-18.0
2022-06-28,-15,0,-62,-95,-93,-66,0,-10.0,91,,-18.0
2022-06-29,-15,0,-62,-95,-93,-66,0,-10.0,91,,-18.0
2022-06-30,-18,0,-62,-93,-93,-68,0,-10.0,91,,-18.0
2022-07-01,-18,0,-62,-93,-93,-68,-8,-10.0,91,,-18.0
2022-07-02,-18,0,-62,-93,-91,-68,-8,-10.0,91,,-18.0
2022-07-03,-18,0,-62,-91,-91,-68,-13,-10.0,91,,-18.0
2022-07-04,-18,0,-60,-89,-91,-68,-13,-10.0,91,,-18.0
2022-07-05,-18,0,-60,-89,-91,-68,-26,-10.0,91,,-18.0
2022-07-06,-15,0,-62,-87,-89,-68,-30,-10.0,91,,-18.0
2022-07-07,-15,0,-62,-87,-89,-67,-30,-10.0,91,,-18.0
2022-07-08,-15,0,-62,-87,-89,-67,-26,-10.0,91,,-18.0
2022-07-09,-15,0,-62,-87,-89,-67,-25,-10.0,91,,-18.0
2022-07-10,-15,0,-62,-85,-89,-67,-25,0.0,91,,-18.0
2022-07-11,-18,-2,-35,-85,-89,-75,-25,-11.0,91,,-36.0
2022-07-12,-21,-2,-35,-85,-43,-75,-29,-11.0,91,,-36.0
2022-07-13,-7,-2,-37,-34,-45,-75,-20,-11.0,91,,-45.0
2022-07-14,-7,-2,-40,-34,-47,-78,-20,-11.0,91,,-45.0
2022-07-15,-10,-2,-45,-34,-47,-78,-24,-22.0,91,,-45.0
2022-07-16,-10,-2,-45,-34,-45,-78,-24,-22.0,91,,-45.0
2022-07-17,-10,-2,-45,-27,-45,-78,-24,-25.0,91,,-45.0
2022-07-18,-10,-2,-47,-27,-48,-78,-30,-25.0,91,,-45.0
2022-07-19,-10,-2,-47,-31,-48,-78,-30,-25.0,91,,-54.0
2022-07-20,-12,-2,-53,-40,-52,-78,-29,-25.0,91,,-45.0
2022-07-21,-13,-2,-60,-43,-54,-78,3,-33.0,91,,-45.0
2022-07-22,-10,-2,-63,-45,-58,-78,6,-33.0,91,,-45.0
2022-07-23,-13,-2,-63,-45,-58,-78,6,-22.0,91,,-45.0
2022-07-24,-13,-2,-63,-45,-56,-78,6,-22.0,91,,-45.0
2022-07-25,-13,-2,-63,-47,-56,-78,6,-22.0,91,,-45.0
2022-07-26,-13,-2,-63,-47,-54,-78,3,-22.0,91,,-45.0
2022-07-27,-13,-69,-74,-47,-54,-78,3,-22.0,91,,-45.0
2022-07-28,-13,-71,-75,-47,-91,-78,3,-25.0,91,,-45.0
2022-07-29,-7,-71,-75,2,-93,-78,3,-25.0,91,,-45.0
2022-07-30,-7,-71,-75,2,-93,-78,3,-25.0,91,,-45.0
2022-07-31,-7,-71,-75,2,-93,-78,3,-25.0,91,,-45.0
2022-08-01,-7,-72,-77,4,-91,-78,6,-37.0,91,,-45.0
2022-08-02,-7,-75,-77,4,-91,-78,6,-37.0,91,,-45.0
2022-08-03,-7,-75,-77,4,-93,-75,10,-37.0,91,,18.0
2022-08-04,-7,-78,-77,4,-93,-75,7,-37.0,91,,36.0
2022-08-05,-7,-78,-80,4,-93,-78,7,-37.0,91,,54.0
2022-08-06,-7,-78,-80,4,-93,-78,7,-37.0,87,,54.0
2022-08-07,-8,-78,-80,6,-95,-78,7,-37.0,87,,54.0
2022-08-08,-8,-81,-80,6,-95,-86,10,-90.0,87,,54.0
2022-08-09,-8,-81,-80,6,-95,-81,10,-100.0,16,,54.0
2022-08-10,-8,-83,-80,8,-95,-76,10,-100.0,12,,54.0
2022-08-11,-8,-83,-80,8,-95,-76,10,-100.0,12,,54.0
2022-08-12,-8,-83,-80,8,-95,-76,10,-100.0,12,,54.0
2022-08-13,-8,-83,-80,8,-95,-76,10,-100.0,8,,54.0
2022-08-14,-8,-83,-80,10,-95,-76,10,-100.0,8,,54.0
2022-08-15,-8,-83,-80,10,-95,-73,10,-100.0,8,,54.0
2022-08-16,-8,-83,-80,10,-95,-76,10,-100.0,8,,54.0
2022-08-17,-8,-83,-80,10,-95,-76,10,-92.0,8,,54.0
2022-08-18,-8,-85,-80,10,-95,-76,10,-92.0,8,,54.0
2022-08-19,-8,-88,-80,10,-97,-81,14,-92.0,8,,54.0
2022-08-20,-8,-88,-80,10,-100,-81,14,-92.0,8,,54.0
2022-08-21,-8,-88,-80,10,-100,-81,14,-92.0,8,,54.0
2022-08-22,-8,-85,-80,10,-100,-81,11,-92.0,8,,54.0
2022-08-23,-8,-85,-80,13,-100,-81,18,-92.0,8,,54.0
2022-08-24,-8,-85,-80,13,-100,-78,18,-92.0,4,,54.0
2022-08-25,-8,-85,-80,13,-100,-84,22,-92.0,4,,54.0
2022-08-26,-8,-85,-80,13,-100,-84,22,-92.0,4,,54.0
2022-08-27,-5,-85,-79,15,-100,-84,22,-92.0,3,,54.0
2022-08-28,-5,-85,-79,15,-100,-84,22,-92.0,3,,54.0
2022-08-29,-5,-85,-79,15,-100,-84,22,-100.0,4,,54.0
2022-08-30,-5,-85,-76,15,-100,-84,22,-100.0,4,,54.0
2022-08-31,-5,-83,-75,17,-97,-89,22,-100.0,4,,72.0
2022-09-01,-5,-83,-75,17,-97,-91,22,-100.0,4,,72.0
2022-09-02,-5,-83,-75,17,-97,-91,22,-100.0,36,,72.0
2022-09-03,-5,-83,-75,17,-97,-91,22,-100.0,37,,72.0
2022-09-04,-5,-83,-75,17,-97,-94,23,-100.0,37,,72.0
2022-09-05,-5,-83,-72,17,-97,-94,23,-100.0,37,,72.0
2022-09-06,-5,-83,-72,17,-97,-97,23,-100.0,37,,72.0
2022-09-07,-5,-83,-71,17,-97,-100,24,-100.0,39,,72.0
2022-09-08,-5,-83,-71,17,-97,-100,24,-100.0,41,,72.0
2022-09-09,-5,-83,-71,17,-97,-100,24,-100.0,41,,72.0
2022-09-10,-5,-83,-71,17,-97,-100,24,-100.0,41,,72.0
2022-09-11,-5,-83,-71,17,-97,-100,24,-100.0,41,,72.0
2022-09-12,-5,-83,-71,17,-97,-100,24,-100.0,41,,72.0
2022-09-13,-5,-83,-69,17,-97,-100,26,-100.0,41,,72.0
2022-09-14,-5,-83,-66,17,-97,-100,26,-100.0,41,,72.0
2022-09-15,-5,-83,-66,17,-97,-100,30,-100.0,41,,72.0
2022-09-16,-5,-83,-66,17,-97,-100,30,-100.0,41,,72.0
2022-09-17,-5,-83,-66,17,-97,-100,30,-100.0,41,,72.0
2022-09-18,-5,-83,-66,17,-97,-100,30,-100.0,41,,72.0
2022-09-19,-5,-83,-66,17,-97,-100,34,-100.0,41,,72.0
2022-09-20,-5,-83,-66,17,-97,-91,34,-100.0,41,,72.0
2022-09-21,-5,-83,-66,15,-97,-91,34,-100.0,41,,72.0
2022-09-22,-5,-83,-66,15,-97,-91,34,-100.0,41,,72.0
2022-09-23,-5,-81,-66,15,-97,-91,34,-100.0,41,,72.0
2022-09-24,-5,-81,-66,15,-97,-91,34,-100.0,39,,72.0
2022-09-25,-5,-83,-68,18,-100,-91,38,-100.0,39,,72.0
2022-09-26,-5,-83,-63,18,-97,-91,33,-100.0,39,,72.0
2022-09-27,-5,-83,-60,13,-97,-91,37,-100.0,39,,72.0
2022-09-28,-5,-80,-57,13,-97,-89,44,-100.0,39,,72.0
2022-09-29,-5,-80,-57,13,-97,-89,44,-100.0,39,,72.0
2022-09-30,-5,-78,-63,9,-97,-89,32,-100.0,39,,54.0
2022-10-01,-5,-78,-63,9,-97,-89,32,-100.0,39,,54.0
2022-10-02,-8,-78,-63,9,-97,-89,32,-100.0,39,,54.0
2022-10-03,-8,-78,-63,13,-95,-89,25,-100.0,39,,36.0
2022-10-04,-8,-75,-60,16,-95,-89,7,-92.0,39,,36.0
2022-10-05,-8,-72,-57,16,-93,-89,3,-92.0,39,,18.0
2022-10-06,-8,-72,-57,16,-93,-89,-3,-92.0,39,,18.0
2022-10-07,-8,-72,-57,16,-93,-89,-10,-92.0,36,,18.0
2022-10-08,-8,-72,-53,18,-91,-89,-10,-92.0,36,,18.0
2022-10-09,-8,-72,-53,18,-91,-89,-10,-92.0,36,,18.0
2022-10-10,-8,-26,-17,18,-93,-89,-10,-92.0,36,,18.0
2022-10-11,-8,-26,-15,18,-19,-89,-10,-92.0,36,,0.0
2022-10-12,0,-26,-17,-4,-19,-94,-10,-92.0,36,,0.0
2022-10-13,0,-26,-17,-4,-20,-94,-10,-92.0,36,,0.0
2022-10-14,0,-28,-20,-4,-22,-94,-10,-92.0,36,,-18.0
2022-10-15,0,-28,-17,-4,-22,-94,-10,-92.0,36,,-18.0
2022-10-16,0,-26,-17,-4,-22,-94,-10,-92.0,36,,-18.0
2022-10-17,0,-28,-23,-4,-22,-94,-14,-92.0,36,,-27.0
2022-10-18,0,-31,-25,-6,-25,-94,-17,-92.0,36,,-18.0
2022-10-19,0,-34,-23,-8,-25,-94,-17,-92.0,36,,-18.0
2022-10-20,0,-39,-25,-8,-25,-94,-25,-92.0,36,,-18.0
2022-10-21,0,-39,-28,-8,-29,-94,-26,-92.0,36,,-36.0
2022-10-22,0,-36,-28,-8,-29,-94,-26,-23.0,36,,-36.0
2022-10-23,0,-36,-28,-8,-29,-97,-26,-7.0,36,,-36.0
2022-10-24,0,-36,-28,-11,-31,-97,-30,-7.0,36,,-36.0
2022-10-25,0,-34,-28,-11,-31,-97,-34,-7.0,36,,-36.0
2022-10-26,0,-100,-79,-11,-31,-97,-34,-7.0,36,,-18.0
2022-10-27,0,-100,-80,-11,-42,-97,-34,-7.0,36,,0.0
2022-10-28,-21,-100,-82,-78,-44,-97,-34,-7.0,36,,0.0
2022-10-29,-21,-100,-82,-78,-44,-97,-34,-7.0,36,,0.0
2022-10-30,-21,-100,-82,-78,-44,-97,-34,-7.0,36,,0.0
2022-10-31,-24,-100,-82,-78,-44,-97,-34,-7.0,36,,0.0
2022-11-01,-24,-100,-82,-78,-46,-97,-34,-7.0,36,,0.0
2022-11-02,-27,-97,-84,-80,-44,-97,-34,-7.0,36,,0.0
2022-11-03,-24,-97,-84,-80,-44,-97,-34,-7.0,36,,0.0
2022-11-04,-27,-97,-85,-84,-45,-97,-34,-7.0,36,,0.0
2022-11-05,-24,-97,-87,-84,-46,-97,-34,-7.0,36,,0.0
2022-11-06,-25,-97,-87,-86,-46,-97,-38,-7.0,36,,0.0
2022-11-07,-35,-95,-87,-86,-46,-97,-42,-7.0,36,,0.0
2022-11-08,-35,-95,-89,-86,-45,-36,-44,-7.0,36,,0.0
2022-11-09,-35,-95,-89,-86,-46,-39,-46,-7.0,36,,18.0
2022-11-10,-40,-95,-89,-86,-46,-39,-46,-7.0,36,,18.0
2022-11-11,-40,-95,-89,-89,-48,-44,-46,-7.0,36,,20.0
2022-11-12,-40,-95,-89,-89,-48,-44,-46,0.0,36,,20.0
2022-11-13,-40,-95,-89,-89,-48,-44,-46,0.0,36,,20.0
2022-11-14,-40,-95,-89,-89,-48,-39,-46,0.0,36,,20.0
2022-11-15,-40,-95,-89,-89,-48,-34,-46,0.0,36,,20.0
2022-11-16,-40,-95,-87,-89,-48,-34,-46,0.0,4,,20.0
2022-11-17,-40,-95,-87,-89,-48,-10,-46,0.0,4,,20.0
2022-11-18,-42,-93,-87,-87,-48,-10,-46,0.0,4,,20.0
2022-11-19,-40,-93,-87,-87,-46,-10,-46,0.0,4,,20.0
2022-11-20,-40,-93,-87,-87,-46,-10,-46,0.0,4,,20.0
2022-11-21,-40,-93,-87,-87,-48,-5,-46,0.0,4,,20.0
2022-11-22,-40,-93,-87,-87,-48,-5,-46,0.0,0,,20.0
2022-11-23,-40,-93,-87,-85,-46,-7,-44,0.0,0,,20.0
2022-11-24,-40,-93,-87,-85,-46,-7,-46,0.0,0,,20.0
2022-11-25,-38,-93,-87,-85,-46,-7,-46,0.0,0,,20.0
2022-11-26,-38,-93,-87,-85,-46,-7,-46,0.0,0,,20.0
2022-11-27,-38,-93,-87,-85,-46,-7,-46,0.0,0,,20.0
2022-11-28,-38,-93,-85,-85,-46,-7,-46,0.0,0,,20.0
2022-11-29,-38,-93,-85,-85,-46,-5,-46,0.0,0,,20.0
2022-11-30,-41,-93,-85,-85,-46,-5,-46,0.0,0,,20.0
2022-12-01,-41,-93,-85,-85,-46,-5,-46,0.0,0,,20.0
2022-12-02,-41,-93,-85,-85,-44,-5,-50,0.0,0,,20.0
2022-12-03,-41,-93,-85,-85,-44,-5,-51,0.0,0,,20.0
2022-12-04,-41,-93,-85,-85,-44,-5,-51,0.0,0,,20.0
2022-12-05,-41,-93,-85,-85,-44,-5,-51,0.0,0,,20.0
2022-12-06,-41,-93,-85,-85,-46,-5,-51,0.0,0,,20.0
2022-12-07,-44,-93,-85,-83,-46,-5,-51,0.0,0,,20.0
2022-12-08,-44,-93,-85,-85,-46,-5,-51,0.0,0,,0.0
2022-12-09,-50,-93,-85,-85,-46,-5,-51,0.0,26,,0.0
2022-12-10,-50,-93,-85,-85,-46,-5,-51,0.0,26,,0.0
2022-12-11,-50,-93,-82,-83,-46,-5,-51,0.0,28,,0.0
2022-12-12,-52,-93,-82,-83,-46,-5,-55,0.0,28,,0.0
2022-12-13,-55,-93,-82,-83,-46,-5,-55,0.0,28,,0.0
2022-12-14,-55,-93,-82,-81,-46,-5,-57,0.0,28,,10.0
2022-12-15,-55,-93,-82,-81,-46,-5,-57,0.0,28,,10.0
2022-12-16,-58,-93,-82,-83,-46,-5,-57,0.0,28,,10.0
2022-12-17,-58,-93,-82,-83,-46,-5,-53,0.0,28,,10.0
2022-12-18,-60,-93,-82,-83,-42,-5,-53,0.0,28,,10.0
2022-12-19,-60,-93,-82,-83,-42,-5,-53,0.0,28,,10.0
2022-12-20,-60,-93,-82,-83,-42,-5,-48,0.0,28,,10.0
2022-12-21,-60,-93,-80,-83,-42,-2,-51,0.0,28,,10.0
2022-12-22,-60,-93,-80,-83,-42,-2,-51,0.0,27,,10.0
2022-12-23,-60,-93,-82,-83,-42,-2,-51,0.0,27,,10.0
2022-12-24,-60,-93,-82,-83,-40,-2,-51,0.0,27,,10.0
2022-12-25,-60,-93,-82,-83,-40,-2,-51,0.0,28,,10.0
2022-12-26,-57,-93,-82,-83,-40,0,-55,0.0,28,,10.0
2022-12-27,-57,-93,-82,-83,-39,0,-55,0.0,28,,10.0
2022-12-28,-57,-90,-82,-83,-39,0,-55,0.0,28,,10.0
2022-12-29,-57,-90,-82,-83,-39,0,-55,0.0,28,,10.0
2022-12-30,-60,-90,-82,-83,-39,0,-55,0.0,28,,10.0
2022-12-31,-60,-90,-79,-83,-37,0,-55,0.0,28,,10.0
2023-01-01,-60,-90,-76,-85,-35,0,-55,0.0,28,,10.0
2023-01-02,-60,-88,-76,-82,-35,0,-55,0.0,28,,10.0
2023-01-03,-58,-86,-74,-85,-35,0,-48,0.0,27,,10.0
2023-01-04,-58,-86,-74,-85,-33,0,-50,0.0,27,,10.0
2023-01-05,-58,-86,-74,-85,-33,0,-50,0.0,27,,10.0
2023-01-06,-58,-86,-74,-85,-29,2,-50,0.0,28,,10.0
2023-01-07,-55,-85,-73,-84,-28,2,-44,0.0,28,,10.0
2023-01-08,-55,-85,-73,-84,-28,2,-42,0.0,28,,10.0
2023-01-09,-55,-14,-15,-84,-28,2,-46,0.0,28,,10.0
2023-01-10,-55,-11,-15,-84,-16,2,-46,0.0,28,,0.0
2023-01-11,-40,-6,-12,-14,-15,2,-46,0.0,28,,0.0
2023-01-12,-42,-6,-12,-14,-15,2,-50,0.0,28,,-9.0
2023-01-13,-48,-6,-12,-14,-15,2,-55,0.0,28,,-9.0
2023-01-14,-45,-4,-12,-14,-15,2,-55,0.0,28,,-9.0
2023-01-15,-45,-4,-12,-14,-13,2,-55,0.0,28,,-9.0
2023-01-16,-42,-2,-10,-12,-11,2,-53,0.0,28,,-9.0
2023-01-17,-45,0,-10,-12,-11,0,-53,0.0,28,,-9.0
2023-01-18,-42,-2,-7,-8,-9,0,-53,0.0,28,,-9.0
2023-01-19,-42,-2,-7,-8,-9,0,-53,0.0,28,,-9.0
2023-01-20,-45,-6,-7,-8,-9,2,-55,0.0,23,,-9.0
2023-01-21,-38,-6,-7,-8,-9,2,-55,0.0,23,,-9.0
2023-01-22,-38,-6,-5,-8,-9,2,-55,0.0,23,,-9.0
2023-01-23,-41,-6,-5,-8,-9,2,-55,0.0,23,,-18.0
2023-01-24,-38,-6,-5,-8,-9,5,-55,0.0,26,,-18.0
2023-01-25,-36,-60,0,-6,-3,8,-55,0.0,26,,-18.0
2023-01-26,-36,-68,0,-6,-3,8,-53,0.0,26,,-18.0
2023-01-27,-36,-73,0,-6,0,8,-50,0.0,26,,-18.0
2023-01-28,-36,-73,0,-6,0,8,-55,0.0,26,,-18.0
2023-01-29,-36,-73,0,-6,0,8,-55,0.0,26,,-18.0
2023-01-30,-38,-73,0,-6,0,8,-57,0.0,26,,-18.0
2023-01-31,-38,-75,0,-6,0,2,-57,0.0,26,,-18.0
2023-02-01,-36,-75,0,-6,0,2,-59,0.0,26,,-18.0
2023-02-02,-36,-75,0,-6,49,2,-59,0.0,26,,-18.0
2023-02-03,-70,-81,-63,-14,46,2,-60,0.0,26,,-18.0
2023-02-04,-70,-81,-64,-12,51,2,-60,0.0,26,,-18.0
2023-02-05,-71,-81,-66,-13,51,2,-60,0.0,26,,-18.0
2023-02-06,-74,-82,-69,-14,46,5,-60,0.0,26,,-18.0
2023-02-07,-75,-82,-70,-17,46,5,-60,0.0,26,,-18.0
2023-02-08,-75,-84,-67,-18,46,5,-60,0.0,26,,-18.0
2023-02-09,-75,-84,-67,-18,46,5,-60,0.0,26,,-18.0
2023-02-10,-77,-84,-69,-18,47,5,-60,0.0,26,,-18.0
2023-02-11,-77,-84,-69,-18,47,5,-60,0.0,26,,-18.0
2023-02-12,-79,-86,-71,-19,47,2,-60,0.0,26,,-18.0
2023-02-13,-76,-86,-71,-19,46,2,-60,0.0,26,,-18.0
2023-02-14,-76,-83,-69,-21,46,2,-60,-71.0,30,,-18.0
2023-02-15,-78,-83,-69,-21,46,2,-60,-78.0,30,,-18.0
2023-02-16,-78,-83,-69,-21,47,2,-60,-78.0,30,,-18.0
2023-02-17,-78,-83,-69,-21,47,2,-60,-85.0,30,,-18.0
2023-02-18,-78,-83,-69,-21,48,2,-60,-85.0,30,,-18.0
2023-02-19,-78,-83,-69,-21,48,2,-60,-85.0,30,,-18.0
2023-02-20,-75,-83,-69,-21,48,2,-60,-85.0,30,,-18.0
2023-02-21,-75,-83,-69,-19,48,5,-60,-85.0,30,,-9.0
2023-02-22,-75,-83,-70,-19,48,5,-60,-85.0,0,,90.0
2023-02-23,-75,-83,-70,-19,48,31,-60,-85.0,0,,100.0
2023-02-24,-75,-83,-70,-19,48,31,-60,-85.0,0,,100.0
2023-02-25,-75,-83,-70,-19,48,31,-60,-85.0,0,,100.0
2023-02-26,-80,-85,-70,-20,48,36,-62,-85.0,0,,100.0
2023-02-27,-80,-85,-70,-20,48,32,-62,-85.0,0,,100.0
2023-02-28,-80,-85,-70,-22,48,35,-62,-85.0,0,,100.0
2023-03-01,-80,-85,-70,-20,48,35,-64,-85.0,0,,100.0
2023-03-02,-80,-85,-70,-20,51,35,-64,-85.0,0,,100.0
2023-03-03,-80,-85,-70,-20,50,35,-57,-85.0,26,,100.0
2023-03-04,-80,-85,-70,-20,50,36,-57,-85.0,26,,100.0
2023-03-05,-80,-85,-68,-17,50,36,-57,-85.0,26,,100.0
2023-03-06,-80,-85,-68,-17,50,36,-57,-85.0,26,,100.0
2023-03-07,-80,-85,-68,-17,50,36,-57,-85.0,26,,100.0
2023-03-08,-80,-85,-68,-17,50,36,-57,-85.0,26,,100.0
2023-03-09,-80,-85,-68,-17,50,36,-57,-85.0,30,,100.0
2023-03-10,-80,-85,-68,-17,50,36,-57,-85.0,30,,100.0
2023-03-11,-80,-85,-68,-17,50,36,-57,-85.0,30,,100.0
2023-03-12,-80,-85,-68,-17,50,36,-57,-85.0,30,,100.0
2023-03-13,-79,-85,-68,-17,50,36,-57,-85.0,30,,100.0
2023-03-14,-79,-85,-68,-13,40,36,-57,-85.0,30,,100.0
2023-03-15,-76,-85,-68,-15,40,36,-57,-85.0,30,,100.0
2023-03-16,-76,-85,-71,-15,40,36,-64,-85.0,30,,100.0
2023-03-17,-76,-85,-71,-15,36,36,-64,-85.0,30,,100.0
2023-03-18,-76,-85,-71,-15,36,37,-64,-85.0,30,,100.0
2023-03-19,-76,-85,-71,-15,36,37,-60,-85.0,30,,100.0
2023-03-20,-76,-85,-68,-15,34,40,-60,-85.0,30,,100.0
2023-03-21,-76,-85,-68,-15,30,44,-60,-85.0,30,,100.0
2023-03-22,-76,-82,-68,-15,30,44,-60,-85.0,30,,100.0
2023-03-23,-76,-82,-67,-15,30,44,-60,-85.0,30,,100.0
2023-03-24,-77,-82,-67,-15,30,44,-60,-85.0,30,,100.0
2023-03-25,-77,-82,-67,-15,30,44,-57,-85.0,30,,100.0
2023-03-26,-77,-82,-67,-15,30,47,-57,-85.0,30,,100.0
2023-03-27,-77,-82,-67,-13,30,47,-53,-85.0,30,,100.0
2023-03-28,-74,-82,-64,-13,30,47,-50,-85.0,30,,100.0
2023-03-29,-71,-82,-62,-13,30,47,-46,-85.0,30,,100.0
2023-03-30,-71,-82,-62,-13,26,47,-46,-85.0,30,,100.0
2023-03-31,-71,-82,-62,-20,27,47,-46,-85.0,30,,100.0
2023-04-01,-70,-82,-62,-20,27,47,-46,-85.0,30,,100.0
2023-04-02,-70,-80,-62,-20,27,47,-42,-85.0,30,,100.0
2023-04-03,-70,-78,-62,-22,27,50,-36,-85.0,30,,100.0
2023-04-04,-70,-78,-62,-22,27,50,-36,-85.0,30,,100.0
2023-04-05,-70,-73,-61,-20,26,50,-33,-85.0,30,,100.0
2023-04-06,-73,-73,-58,-20,26,50,-33,-85.0,30,,100.0
2023-04-07,-73,-73,-58,-20,26,50,-30,-85.0,30,,100.0
2023-04-08,-70,-73,-58,-18,26,50,-30,-85.0,32,,100.0
2023-04-09,-70,-70,-58,-18,26,50,-30,-85.0,30,,100.0
2023-04-10,-70,-19,-61,-18,26,52,-30,-85.0,30,,100.0
2023-04-11,-70,-12,-61,-18,26,52,-25,-85.0,30,,100.0
2023-04-12,-70,-7,-61,-15,24,52,-15,-85.0,30,,100.0
2023-04-13,-70,-7,-61,-15,24,52,-15,-85.0,30,,100.0
2023-04-14,-70,-7,-64,-15,20,52,-15,-85.0,30,,100.0
2023-04-15,-70,-7,-64,-15,20,52,-12,-85.0,30,,100.0
2023-04-16,-70,-4,-64,-17,20,52,-12,-85.0,30,,100.0
2023-04-17,-70,-4,-64,-17,20,52,-15,-85.0,30,,100.0
2023-04-18,-70,-4,-64,-17,-14,52,-12,-85.0,30,,100.0
2023-04-19,-16,0,-24,-15,-10,52,-9,-85.0,30,,100.0
2023-04-20,-16,0,-22,-15,-8,52,-44,-85.0,30,,100.0
2023-04-21,-18,-2,-21,-13,-8,52,-44,-85.0,30,,100.0
2023-04-22,-16,-2,-13,-10,-8,52,-44,-85.0,30,,100.0
2023-04-23,-13,-2,-10,-8,-8,52,-44,-85.0,30,,100.0
2023-04-24,-13,-2,-10,-6,-8,52,-52,-85.0,30,,100.0
2023-04-25,-13,-2,-10,-6,-8,52,-52,-85.0,30,,100.0
2023-04-26,-10,59,10,-6,-8,52,-52,-85.0,30,,100.0
2023-04-27,-10,59,10,-6,84,52,-52,-78.0,30,,100.0
2023-04-28,-10,64,10,25,84,52,-55,-78.0,30,,100.0
2023-04-29,-10,64,10,25,84,52,-55,-78.0,30,,100.0
2023-04-30,-10,64,13,27,84,52,-55,-14.0,30,,100.0
2023-05-01,-10,64,13,27,86,52,-55,-7.0,30,,100.0
2023-05-02,-10,64,13,27,90,52,-55,-7.0,30,,100.0
2023-05-03,-10,66,13,27,90,52,-55,0.0,30,,100.0
2023-05-04,-10,69,13,27,90,52,-55,0.0,32,,100.0
2023-05-05,-32,69,13,27,92,52,-58,0.0,24,,100.0
2023-05-06,-32,69,13,27,92,52,-62,0.0,24,,100.0
2023-05-07,-32,69,13,27,92,52,-62,0.0,24,,100.0
2023-05-08,-32,69,13,27,92,47,-62,0.0,24,,45.0
2023-05-09,-35,69,13,27,92,16,-62,6.0,24,,36.0
2023-05-10,-35,69,13,27,94,16,-62,6.0,24,,36.0
2023-05-11,-35,69,13,27,94,18,-62,6.0,24,,36.0
2023-05-12,-35,69,15,27,98,18,-62,6.0,16,,36.0
2023-05-13,-35,69,15,27,98,21,-62,6.0,16,,36.0
2023-05-14,-40,69,15,28,98,18,-62,6.0,16,,36.0
2023-05-15,-40,69,18,28,98,18,-62,6.0,16,,36.0
2023-05-16,-40,69,18,28,96,18,-62,6.0,16,,36.0
2023-05-17,-40,69,18,28,96,21,-62,6.0,-4,,36.0
2023-05-18,-40,69,18,28,96,21,-62,6.0,-4,,36.0
2023-05-19,-42,69,18,28,98,21,-62,6.0,-4,,36.0
2023-05-20,-42,69,18,28,98,21,-59,6.0,-4,,27.0
2023-05-21,-42,69,18,28,98,21,-59,6.0,-4,,27.0
2023-05-22,-42,69,18,28,98,21,-59,6.0,-4,,27.0
2023-05-23,-42,68,18,26,98,20,-59,6.0,-8,,27.0
2023-05-24,-42,68,18,26,98,20,-59,6.0,-12,,27.0
2023-05-25,-42,68,23,26,98,90,-59,6.0,-12,,27.0
2023-05-26,-42,64,23,26,98,92,-59,6.0,-12,,27.0
2023-05-27,-42,68,24,24,98,92,-59,6.0,-12,,27.0
2023-05-28,-42,68,24,24,98,92,-59,7.0,-12,,27.0
2023-05-29,-42,68,24,24,98,90,-59,7.0,-12,,27.0
2023-05-30,-41,70,24,24,98,90,-59,7.0,-12,,36.0
2023-05-31,-41,70,24,24,98,88,-59,7.0,-12,,36.0
2023-06-01,-41,70,24,27,98,92,-59,7.0,-12,,36.0
2023-06-02,-41,70,24,27,98,92,-59,7.0,34,,36.0
2023-06-03,-41,70,24,27,98,92,-59,7.0,34,,36.0
2023-06-04,-41,70,24,27,98,92,-59,7.0,34,,36.0
2023-06-05,-41,70,24,27,98,92,-59,7.0,34,,36.0
2023-06-06,-41,70,24,27,98,92,-59,7.0,34,,36.0
2023-06-07,-41,70,24,27,98,95,-59,14.0,34,,36.0
2023-06-08,-41,70,24,27,98,95,-59,14.0,34,,36.0
2023-06-09,-41,70,24,27,98,95,-53,14.0,34,,36.0
2023-06-10,-41,70,24,27,98,95,-53,14.0,34,,36.0
2023-06-11,-41,70,24,27,98,95,-53,14.0,34,,36.0
2023-06-12,-41,70,24,27,98,95,-53,14.0,34,,36.0
2023-06-13,-41,70,24,27,98,95,-53,14.0,34,,36.0
2023-06-14,-41,70,23,27,96,95,-53,14.0,34,,36.0
2023-06-15,-42,70,23,27,96,95,-53,14.0,34,,36.0
2023-06-16,-42,70,23,27,96,95,-53,14.0,37,,36.0
2023-06-17,-42,70,23,27,96,95,-56,14.0,37,,36.0
2023-06-18,-42,70,23,27,96,95,-56,14.0,37,,36.0
2023-06-19,-42,70,23,27,96,95,-56,14.0,37,,36.0
2023-06-20,-42,70,23,27,96,95,-56,14.0,37,,36.0
2023-06-21,-42,70,23,27,96,95,-59,14.0,37,,36.0
2023-06-22,-42,70,23,27,96,95,-57,14.0,37,,36.0
2023-06-23,-42,70,23,27,96,95,-52,14.0,37,,36.0
2023-06-24,-42,70,23,26,98,95,-52,14.0,37,,36.0
2023-06-25,-45,70,23,26,98,97,-52,14.0,37,,36.0
2023-06-26,-45,70,23,26,98,97,-51,14.0,37,,36.0
2023-06-27,-44,70,25,26,96,97,-51,14.0,37,,36.0
2023-06-28,-44,70,28,26,96,97,-51,14.0,37,,36.0
2023-06-29,-44,70,28,26,96,100,-51,14.0,37,,36.0
2023-06-30,-44,70,28,26,96,100,-45,14.0,37,,36.0
2023-07-01,-44,70,28,26,96,100,-45,14.0,37,,36.0
2023-07-02,-38,67,28,26,96,100,-44,14.0,37,,36.0
2023-07-03,-38,67,28,26,96,100,-22,14.0,37,,36.0
2023-07-04,-38,67,28,26,96,100,5,14.0,37,,36.0
2023-07-05,-35,70,28,26,98,100,7,14.0,37,,36.0
2023-07-06,-35,70,28,26,98,100,7,14.0,37,,36.0
2023-07-07,-35,70,28,28,98,100,12,14.0,37,,36.0
2023-07-08,-35,70,28,28,98,100,15,14.0,37,,36.0
2023-07-09,-35,70,28,28,98,100,15,14.0,37,,36.0
2023-07-10,-35,9,10,28,98,100,12,14.0,37,,9.0
2023-07-11,-35,9,10,28,17,100,12,14.0,37,,9.0
2023-07-12,-35,4,10,0,19,100,15,14.0,37,,9.0
2023-07-13,-35,4,10,0,19,100,15,14.0,37,,9.0
2023-07-14,-35,7,10,0,23,100,15,14.0,37,,9.0
2023-07-15,-35,7,10,0,23,100,15,14.0,37,,9.0
2023-07-16,-35,7,10,0,19,100,15,14.0,37,,9.0
2023-07-17,-35,4,9,2,21,100,15,14.0,37,,9.0
2023-07-18,-35,2,9,2,23,100,15,14.0,37,,9.0
2023-07-19,-11,2,9,2,21,100,17,14.0,37,,9.0
2023-07-20,-11,2,9,2,21,100,5,14.0,37,,9.0
2023-07-21,-11,2,9,2,23,100,5,14.0,37,,9.0
2023-07-22,-11,2,9,2,23,100,5,14.0,37,,9.0
2023-07-23,-8,2,9,2,23,100,5,0.0,37,,9.0
2023-07-24,-8,2,9,2,21,100,2,0.0,37,,9.0
2023-07-25,-8,2,9,2,21,100,2,0.0,37,,9.0
2023-07-26,-8,4,65,2,21,100,2,0.0,37,,9.0
2023-07-27,-8,0,69,2,86,100,2,0.0,37,,9.0
2023-07-28,-8,-2,71,2,90,100,2,0.0,37,,9.0
2023-07-29,-8,-2,69,2,90,100,2,0.0,37,,9.0
2023-07-30,-8,-2,69,2,90,100,2,0.0,37,,9.0
2023-07-31,-8,-2,67,2,90,100,2,0.0,37,,9.0
2023-08-01,-8,-2,67,2,92,100,2,0.0,37,,9.0
2023-08-02,-5,-2,67,2,92,100,2,0.0,37,,100.0
2023-08-03,-5,-2,67,2,92,100,2,0.0,37,,100.0
2023-08-04,-8,-2,65,76,92,100,2,0.0,37,,100.0
2023-08-05,-8,-2,65,76,98,100,2,0.0,37,,100.0
2023-08-06,-5,-2,65,75,98,100,2,0.0,37,,100.0
2023-08-07,-5,-2,68,77,98,100,2,0.0,37,,100.0
2023-08-08,-5,-2,65,75,98,37,2,6.0,37,,100.0
2023-08-09,-5,-2,65,75,98,31,2,6.0,37,,100.0
2023-08-10,-5,-2,65,75,98,31,2,6.0,37,,100.0
2023-08-11,-5,-6,67,79,98,31,2,6.0,37,,100.0
2023-08-12,-5,-6,67,79,98,31,2,6.0,37,,100.0
2023-08-13,-5,-6,67,77,98,31,2,6.0,37,,90.0
2023-08-14,-5,-6,67,75,98,39,2,13.0,37,,90.0
2023-08-15,-5,-6,67,77,98,41,2,13.0,37,,90.0
2023-08-16,-5,-6,69,77,100,40,2,13.0,0,,90.0
2023-08-17,-5,-6,69,77,100,42,2,13.0,0,,90.0
2023-08-18,-5,-6,69,77,100,45,8,13.0,0,,90.0
2023-08-19,-5,-6,69,77,100,44,8,13.0,0,,90.0
2023-08-20,-5,-6,69,75,100,44,9,13.0,0,,90.0
2023-08-21,-5,-6,68,77,98,46,9,13.0,0,,90.0
2023-08-22,-5,-6,68,77,98,46,9,13.0,0,,90.0
2023-08-23,-5,-6,68,77,98,48,9,13.0,0,,90.0
2023-08-24,-5,-6,68,77,98,90,9,13.0,0,,90.0
2023-08-25,-5,-6,68,77,98,93,9,13.0,0,,90.0
2023-08-26,-5,-6,68,77,98,90,9,13.0,0,,90.0
2023-08-27,-5,-6,68,77,98,90,9,13.0,0,,90.0
2023-08-28,-5,-8,68,77,98,90,9,13.0,0,,90.0
2023-08-29,-5,-8,68,77,98,90,9,13.0,0,,90.0
2023-08-30,-5,-8,70,77,98,90,9,13.0,0,,90.0
2023-08-31,-5,-8,70,77,98,90,9,13.0,0,,90.0
2023-09-01,-5,-8,70,77,96,90,3,13.0,0,,90.0
2023-09-02,-5,-8,70,79,96,93,3,13.0,0,,90.0
2023-09-03,-5,-8,70,80,96,95,3,13.0,0,,90.0
2023-09-04,-5,-11,70,80,96,95,3,13.0,0,,90.0
2023-09-05,-5,-11,70,82,96,97,3,13.0,0,,90.0
2023-09-06,-5,-11,70,80,96,97,3,13.0,0,,90.0
2023-09-07,-8,-11,70,80,96,97,3,13.0,0,,90.0
2023-09-08,-8,-11,70,82,96,97,2,13.0,0,,100.0
2023-09-09,-8,-11,70,82,96,97,2,13.0,0,,100.0
2023-09-10,-8,-11,68,82,96,97,2,13.0,0,,100.0
2023-09-11,-8,-11,68,82,96,97,5,13.0,0,,100.0
2023-09-12,-5,-11,68,82,96,97,2,13.0,0,,100.0
2023-09-13,-5,-11,68,80,94,100,2,12.0,0,,100.0
2023-09-14,-5,-11,68,80,94,100,2,13.0,0,,100.0
2023-09-15,-5,-11,68,80,94,100,5,13.0,0,,100.0
2023-09-16,-5,-11,68,80,94,100,-2,13.0,0,,100.0
2023-09-17,-5,-11,68,80,94,100,-2,13.0,0,,100.0
2023-09-18,-5,-11,68,80,92,100,-2,13.0,0,,100.0
2023-09-19,-5,-11,68,80,92,100,-2,13.0,0,,100.0
2023-09-20,-5,-11,68,80,92,100,-5,13.0,0,,100.0
2023-09-21,-5,-11,68,80,92,100,-5,12.0,0,,100.0
2023-09-22,-5,-11,66,80,92,100,-8,12.0,0,,100.0
2023-09-23,-5,-11,66,80,92,100,-8,12.0,0,,100.0
2023-09-24,-5,-11,66,80,92,100,-8,12.0,0,,100.0
2023-09-25,-8,-11,66,80,92,100,-11,12.0,0,,100.0
2023-09-26,-8,-11,64,78,92,100,-11,12.0,0,,100.0
2023-09-27,-8,-13,64,78,92,100,-11,12.0,0,,100.0
2023-09-28,-8,-13,64,78,92,100,-13,12.0,0,,100.0
2023-09-29,-8,-13,64,76,92,100,-25,12.0,0,,100.0
2023-09-30,-8,-13,64,76,92,100,-25,12.0,0,,100.0
2023-10-01,-8,-13,64,74,92,100,-25,12.0,0,,100.0
2023-10-02,-8,-15,64,74,92,100,-27,12.0,0,,100.0
2023-10-03,-8,-15,62,74,92,100,-27,12.0,0,,100.0
2023-10-04,-8,-15,62,74,92,100,-24,12.0,0,,100.0
2023-10-05,-8,-15,62,74,92,100,-29,12.0,0,,100.0
2023-10-06,-8,-15,60,72,92,100,-32,12.0,0,,100.0
2023-10-07,-5,-15,60,72,92,97,-32,12.0,0,,100.0
2023-10-08,-5,-15,60,73,92,97,-32,12.0,0,,100.0
2023-10-09,-8,-11,13,73,92,100,-35,12.0,0,,100.0
2023-10-10,-8,-6,8,73,13,100,-35,12.0,0,,100.0
2023-10-11,-8,-4,6,71,9,100,-35,12.0,0,,100.0
2023-10-12,-8,-4,6,71,9,100,-35,12.0,0,,100.0
2023-10-13,-8,-4,6,71,9,100,-41,12.0,0,,100.0
2023-10-14,-8,-4,6,71,7,100,-41,12.0,0,,100.0
2023-10-15,-8,-4,6,71,5,100,-41,12.0,0,,100.0
2023-10-16,-5,-4,6,71,5,100,-41,12.0,0,,9.0
2023-10-17,-5,-4,6,71,5,100,-44,12.0,0,,9.0
2023-10-18,-2,-2,6,10,5,100,-43,12.0,0,,9.0
2023-10-19,-2,-2,6,10,5,100,-65,12.0,0,,9.0
2023-10-20,-2,2,6,10,5,100,-65,12.0,0,,9.0
2023-10-21,-2,2,4,8,5,100,-65,12.0,0,,9.0
2023-10-22,-2,2,4,8,5,100,-65,6.0,0,,9.0
2023-10-23,-2,2,4,8,5,100,-65,6.0,0,,9.0
2023-10-24,-2,2,4,8,5,100,-68,6.0,0,,9.0
2023-10-25,-2,66,14,6,5,100,-68,6.0,0,,9.0
2023-10-26,-2,72,14,6,20,100,-68,6.0,0,,9.0
2023-10-27,-2,79,14,10,22,100,-68,6.0,0,,9.0
2023-10-28,-2,79,14,10,22,100,-68,0.0,0,,9.0
2023-10-29,-2,79,14,8,22,100,-70,0.0,0,,9.0
2023-10-30,-2,81,12,8,24,100,-70,0.0,0,,9.0
2023-10-31,-2,83,12,8,24,100,-70,0.0,0,,9.0
2023-11-01,-2,83,12,8,25,100,-71,0.0,0,,9.0
2023-11-02,-2,85,12,8,25,100,-71,0.0,0,,9.0
2023-11-03,-74,89,12,8,25,100,-71,0.0,0,,9.0
2023-11-04,-74,91,12,6,25,100,-71,0.0,0,,9.0
2023-11-05,-74,91,12,6,25,100,-71,0.0,0,,9.0
2023-11-06,-77,91,12,6,25,97,-71,0.0,0,,9.0
2023-11-07,-77,91,12,6,25,22,-71,0.0,0,,8.0
2023-11-08,-77,91,12,6,25,20,-76,0.0,0,,8.0
2023-11-09,-75,91,12,6,25,20,-76,0.0,0,,8.0
2023-11-10,-75,91,12,6,25,20,-75,0.0,0,,8.0
2023-11-11,-75,93,12,6,25,18,-75,0.0,0,,8.0
2023-11-12,-75,93,12,6,25,18,-75,0.0,0,,8.0
2023-11-13,-75,93,10,6,25,17,-73,0.0,0,,8.0
2023-11-14,-75,93,10,6,25,21,-73,0.0,0,,8.0
2023-11-15,-75,93,10,6,27,26,-73,0.0,0,,8.0
2023-11-16,-75,93,10,6,27,30,-73,0.0,0,,8.0
2023-11-17,-75,93,10,6,25,30,-76,0.0,0,,8.0
2023-11-18,-75,93,10,6,25,30,-76,0.0,0,,8.0
2023-11-19,-75,93,10,6,25,28,-76,0.0,0,,8.0
2023-11-20,-75,93,10,6,25,26,-76,0.0,0,,8.0
2023-11-21,-75,95,10,6,23,25,-76,0.0,0,,8.0
2023-11-22,-77,95,13,6,23,85,-76,0.0,0,,0.0
2023-11-23,-77,95,13,6,23,85,-76,0.0,0,,0.0
2023-11-24,-77,95,13,6,23,89,-76,0.0,0,,0.0
2023-11-25,-77,95,13,6,23,89,-76,0.0,0,,0.0
2023-11-26,-75,95,13,6,23,89,-76,0.0,0,,0.0
2023-11-27,-75,95,13,6,23,89,-76,0.0,0,,0.0
2023-11-28,-75,95,13,6,23,89,-76,0.0,0,,8.0
2023-11-29,-75,95,13,4,23,89,-74,0.0,0,,8.0
2023-11-30,-75,95,13,2,23,91,-75,0.0,0,,25.0
2023-12-01,-75,95,13,2,23,91,-75,0.0,0,,25.0
2023-12-02,-75,95,13,2,23,91,-75,0.0,0,,27.0
2023-12-03,-75,95,13,2,23,91,-75,0.0,0,,27.0
2023-12-04,-75,95,13,2,23,93,-75,0.0,0,,27.0
2023-12-05,-75,95,13,2,23,93,-75,0.0,0,,27.0
2023-12-06,-75,95,13,2,23,93,-72,0.0,0,,27.0
2023-12-07,-75,95,13,2,23,93,-72,0.0,0,,27.0
2023-12-08,-75,97,13,2,23,93,-72,0.0,76,,18.0
2023-12-09,-72,97,13,2,23,93,-70,0.0,76,,18.0
2023-12-10,-72,97,13,2,21,93,-70,0.0,86,,18.0
2023-12-11,-72,97,13,2,21,93,-70,0.0,86,,27.0
2023-12-12,-72,97,13,2,21,93,-67,0.0,86,,25.0
2023-12-13,-72,97,13,4,21,93,-65,0.0,86,,25.0
2023-12-14,-72,97,13,4,21,93,-65,0.0,86,,25.0
2023-12-15,-72,97,13,4,21,95,-65,0.0,86,,25.0
2023-12-16,-75,97,13,4,21,95,-62,0.0,86,,25.0
2023-12-17,-75,97,13,4,21,95,-62,0.0,86,,25.0
2023-12-18,-75,97,13,4,21,95,-62,0.0,86,,25.0
2023-12-19,-75,97,13,4,21,95,-62,0.0,86,,25.0
2023-12-20,-75,97,13,8,21,95,-62,0.0,90,,25.0
2023-12-21,-75,97,13,8,21,95,-62,0.0,90,,25.0
2023-12-22,-75,97,13,8,21,95,-62,0.0,90,,25.0
2023-12-23,-75,97,13,8,21,93,-60,0.0,86,,25.0
2023-12-24,-75,97,13,8,21,93,-61,0.0,86,,25.0
2023-12-25,-75,97,13,8,21,93,-61,0.0,86,,25.0
2023-12-26,-75,97,13,8,21,91,-61,0.0,86,,25.0
2023-12-27,-75,97,13,8,21,91,-58,0.0,86,,25.0
2023-12-28,-75,97,13,8,21,91,-58,0.0,86,,25.0
2023-12-29,-75,97,13,8,21,91,-53,0.0,86,,25.0
2023-12-30,-75,97,13,8,21,91,-53,0.0,86,,25.0
2023-12-31,-75,97,13,8,21,91,-51,0.0,86,,25.0
2024-01-01,-75,97,13,8,21,91,-48,0.0,86,,25.0
2024-01-02,-75,97,13,8,21,89,-5,0.0,86,,25.0
2024-01-03,-76,95,13,8,21,89,0,0.0,87,,25.0
2024-01-04,-76,95,13,8,21,89,0,0.0,87,,25.0
2024-01-05,-76,95,13,8,23,89,0,0.0,87,,16.0
2024-01-06,-76,95,13,8,23,89,0,0.0,87,,16.0
2024-01-07,-76,95,13,8,23,89,2,0.0,87,,16.0
2024-01-08,-79,21,2,8,23,89,2,0.0,87,,0.0
2024-01-09,-79,16,2,8,7,89,2,0.0,86,,0.0
2024-01-10,-71,9,2,4,5,89,2,0.0,86,,0.0
2024-01-11,-71,9,2,4,5,89,7,0.0,86,,0.0
2024-01-12,-71,9,2,4,5,89,7,0.0,86,,0.0
2024-01-13,-71,7,2,4,3,89,7,0.0,86,,0.0
2024-01-14,-71,4,2,4,3,89,7,0.0,86,,0.0
2024-01-15,-71,4,2,4,3,89,7,0.0,86,,0.0
2024-01-16,-71,4,2,4,3,91,7,0.0,86,,0.0
2024-01-17,-15,4,2,4,3,91,10,0.0,86,,0.0
2024-01-18,-12,4,2,4,3,91,10,0.0,87,,0.0
2024-01-19,-12,4,2,4,3,91,10,0.0,87,,0.0
2024-01-20,-7,4,2,3,3,91,10,0.0,87,,0.0
2024-01-21,-7,4,2,3,3,91,10,0.0,87,,0.0
2024-01-22,-7,4,2,3,3,91,10,0.0,87,,0.0
2024-01-23,-7,4,2,3,3,91,10,0.0,87,,0.0
2024-01-24,-12,4,2,3,3,91,10,0.0,87,,0.0
2024-01-25,-12,4,2,3,3,91,-73,0.0,87,,0.0
2024-01-26,-12,4,2,3,3,91,-80,0.0,87,,0.0
2024-01-27,-12,4,2,3,3,91,-80,0.0,87,,0.0
2024-01-28,-12,4,2,3,1,91,-86,0.0,87,,0.0
2024-01-29,-12,4,2,3,0,91,-86,0.0,87,,0.0
2024-01-30,-12,4,2,3,0,91,-86,0.0,87,,0.0
2024-01-31,-12,2,14,3,0,86,-84,0.0,87,,0.0
2024-02-01,-12,6,14,3,0,86,-84,0.0,87,,0.0
2024-02-02,-56,6,16,33,81,86,-87,0.0,87,,0.0
2024-02-03,-56,6,16,33,83,86,-87,0.0,87,,0.0
2024-02-04,-56,6,16,33,87,86,-87,0.0,87,,0.0
2024-02-05,-53,6,18,35,90,14,-87,0.0,87,,0.0
2024-02-06,-53,6,18,35,90,17,-87,41.0,87,,0.0
2024-02-07,-51,8,18,35,92,14,-87,35.0,87,,0.0
2024-02-08,-56,9,18,35,96,14,-87,35.0,87,,0.0
2024-02-09,-58,9,20,37,96,19,-87,35.0,83,,0.0
2024-02-10,-58,9,20,37,96,19,-87,35.0,83,,0.0
2024-02-11,-63,9,20,37,96,19,-87,35.0,83,,0.0
2024-02-12,-63,9,20,37,96,19,-87,35.0,83,,0.0
2024-02-13,-63,9,20,37,96,19,-87,35.0,83,,0.0
2024-02-14,-64,9,20,37,96,21,-87,35.0,83,,0.0
2024-02-15,-64,7,20,37,96,22,-87,35.0,83,,0.0
2024-02-16,-64,7,20,37,96,24,-87,35.0,83,,0.0
2024-02-17,-64,7,20,37,96,22,-87,35.0,83,,0.0
2024-02-18,-64,7,20,37,96,22,-87,35.0,83,,0.0
2024-02-19,-64,7,20,37,96,22,-87,35.0,83,,0.0
2024-02-20,-65,7,20,37,96,22,-87,35.0,83,,0.0
2024-02-21,-65,7,20,37,96,24,-87,35.0,10,,58.0
2024-02-22,-65,7,20,37,96,84,-87,35.0,10,,58.0
2024-02-23,-65,7,20,38,98,86,-87,35.0,10,,58.0
2024-02-24,-65,7,18,38,98,86,-87,35.0,10,,58.0
2024-02-25,-65,7,18,38,98,86,-84,35.0,10,,50.0
2024-02-26,-65,7,18,37,98,86,-84,35.0,11,,50.0
2024-02-27,-65,7,17,37,98,88,-84,35.0,14,,58.0
2024-02-28,-65,7,17,37,98,90,-84,35.0,14,,58.0
2024-02-29,-65,7,17,37,98,90,-84,35.0,14,,58.0
2024-03-01,-65,7,17,37,98,90,-84,35.0,14,,58.0
2024-03-02,-67,7,17,38,98,90,-84,35.0,14,,58.0
2024-03-03,-67,7,17,38,98,90,-84,35.0,14,,58.0
2024-03-04,-67,7,17,38,98,90,-84,35.0,14,,58.0
2024-03-05,-64,7,17,38,98,90,-84,35.0,14,,58.0
2024-03-06,-64,7,17,38,98,90,-84,41.0,14,,58.0
2024-03-07,-64,7,17,38,98,90,-84,41.0,15,,58.0
2024-03-08,-64,7,17,38,98,90,-92,41.0,43,,58.0
2024-03-09,-64,7,17,38,98,90,-92,41.0,43,,58.0
2024-03-10,-64,7,17,38,98,90,-92,41.0,43,,58.0
2024-03-11,-64,7,17,38,98,90,-92,41.0,43,,58.0
2024-03-12,-64,7,17,38,98,90,-92,41.0,43,,58.0
2024-03-13,-64,7,17,38,98,90,-92,41.0,40,,58.0
2024-03-14,-64,7,17,38,98,88,-92,41.0,40,,58.0
2024-03-15,-64,7,17,38,98,88,-92,41.0,40,,58.0
2024-03-16,-64,7,17,38,98,88,-92,41.0,40,,58.0
2024-03-17,-64,7,17,38,98,88,-92,41.0,40,,58.0
2024-03-18,-64,7,17,38,98,84,-92,41.0,36,,58.0
2024-03-19,-64,7,17,38,98,84,-92,41.0,36,,58.0
2024-03-20,-64,4,17,38,98,84,-92,41.0,36,,50.0
2024-03-21,-67,4,17,38,98,84,-92,41.0,36,,50.0
2024-03-22,-67,4,17,38,98,84,-92,41.0,36,,50.0
2024-03-23,-64,4,17,38,98,84,-92,41.0,28,,50.0
2024-03-24,-64,4,19,38,98,84,-92,41.0,28,,50.0
2024-03-25,-64,4,19,38,98,84,-92,41.0,28,,50.0
2024-03-26,-64,4,21,36,98,84,-92,41.0,28,,50.0
2024-03-27,-64,4,19,36,98,84,-92,41.0,28,,50.0
2024-03-28,-64,4,19,36,98,84,-92,41.0,28,,50.0
2024-03-29,-64,4,19,36,98,84,-92,41.0,28,,50.0
2024-03-30,-64,4,19,36,98,84,-92,41.0,28,,50.0
2024-03-31,-64,2,19,36,98,82,-92,41.0,28,,50.0
2024-04-01,-64,2,19,36,98,82,-92,41.0,28,,50.0
2024-04-02,-64,2,19,36,98,82,-92,41.0,28,,50.0
2024-04-03,-64,2,19,34,98,82,-90,41.0,28,,50.0
2024-04-04,-64,2,19,34,98,82,-90,41.0,28,,50.0
2024-04-05,-67,2,19,34,98,82,-90,41.0,27,0.0,50.0
2024-04-06,-67,2,19,34,98,82,-85,41.0,27,0.0,50.0
2024-04-07,-67,2,19,34,98,82,-85,41.0,27,0.0,50.0
2024-04-08,-64,2,19,34,98,82,-85,41.0,27,0.0,50.0
2024-04-09,-64,2,19,34,98,82,-73,41.0,27,0.0,50.0
2024-04-10,-64,2,19,34,98,81,-66,41.0,27,0.0,50.0
2024-04-11,-67,2,17,34,98,81,-66,41.0,27,0.0,50.0
2024-04-12,-65,2,17,34,98,81,-69,41.0,26,0.0,50.0
2024-04-13,-65,2,17,34,98,81,-69,41.0,26,0.0,50.0
2024-04-14,-65,2,19,34,98,81,-69,41.0,26,0.0,50.0
2024-04-15,-68,6,6,34,98,81,-69,41.0,26,0.0,50.0
2024-04-16,-70,2,6,34,94,81,-76,41.0,26,0.0,50.0
2024-04-17,-22,2,4,3,22,81,-73,41.0,26,0.0,46.0
2024-04-18,-22,2,4,3,22,77,-73,41.0,26,0.0,46.0
2024-04-19,-22,2,2,3,22,77,-73,41.0,26,0.0,46.0
2024-04-20,-22,2,2,1,20,77,-73,41.0,26,0.0,46.0
2024-04-21,-23,2,2,1,20,77,-73,0.0,26,0.0,46.0
2024-04-22,-23,0,2,1,18,77,-73,0.0,26,0.0,46.0
2024-04-23,-17,0,2,1,15,77,-73,0.0,26,0.0,46.0
2024-04-24,-15,0,0,0,13,77,-60,0.0,26,0.0,69.0
2024-04-25,-15,0,0,0,9,79,-61,0.0,27,-16.0,76.0
2024-04-26,-14,0,43,0,9,79,-66,0.0,27,-14.0,76.0
2024-04-27,-15,0,43,0,9,79,-66,0.0,27,-14.0,76.0
2024-04-28,-15,0,43,0,9,79,-66,0.0,27,-14.0,69.0
2024-04-29,-17,0,47,0,9,83,-66,0.0,27,-12.0,69.0
2024-04-30,-17,0,52,0,9,83,-62,0.0,27,-12.0,69.0
2024-05-01,-17,0,54,-17,9,83,-64,0.0,27,-12.0,69.0
2024-05-02,-17,0,54,-17,9,83,-64,0.0,27,-12.0,69.0
2024-05-03,2,0,56,-17,9,83,-64,0.0,27,-12.0,69.0
2024-05-04,2,0,56,-17,9,83,-65,0.0,27,-12.0,69.0
2024-05-05,4,0,56,-17,9,83,-67,0.0,27,-12.0,69.0
2024-05-06,7,0,56,-18,11,85,-67,0.0,27,-12.0,53.0
2024-05-07,7,0,56,-18,11,30,-67,29.0,27,-12.0,46.0
2024-05-08,4,0,56,-20,11,26,-68,29.0,27,-12.0,38.0
2024-05-09,4,0,56,-20,11,26,-68,29.0,27,-12.0,38.0
2024-05-10,4,0,58,-20,11,28,-68,29.0,27,-12.0,38.0
2024-05-11,4,0,58,-20,11,28,-67,29.0,27,-12.0,38.0
2024-05-12,4,0,59,-21,12,26,-67,29.0,27,-12.0,30.0
2024-05-13,4,0,59,-20,12,26,-67,29.0,27,-12.0,30.0
2024-05-14,4,0,59,-20,10,28,-67,27.0,27,-12.0,30.0
2024-05-15,4,0,59,-20,10,28,-67,27.0,26,-12.0,30.0
2024-05-16,4,0,59,-20,10,29,-72,29.0,26,-12.0,30.0
2024-05-17,4,0,59,-20,8,35,-72,29.0,26,-12.0,30.0
2024-05-18,5,0,59,-20,8,35,-72,29.0,26,-12.0,30.0
2024-05-19,5,0,59,-20,8,35,-72,29.0,26,-12.0,30.0
2024-05-20,4,0,59,-20,8,35,-72,29.0,26,-12.0,30.0
2024-05-21,4,0,59,-20,8,35,-72,29.0,26,-12.0,30.0
2024-05-22,4,0,58,-20,8,33,-72,29.0,0,0.0,30.0
2024-05-23,2,0,58,-20,8,81,-72,29.0,0,0.0,30.0
2024-05-24,2,0,58,-20,8,81,-72,31.0,0,0.0,30.0
2024-05-25,2,0,58,-20,8,81,-72,31.0,0,0.0,30.0
2024-05-26,2,0,58,-20,8,81,-72,31.0,0,0.0,30.0
2024-05-27,2,0,58,-20,8,81,-72,31.0,0,0.0,30.0
2024-05-28,2,0,58,-20,8,88,-72,31.0,0,0.0,30.0
2024-05-29,2,0,58,-20,8,90,-72,31.0,0,0.0,30.0
2024-05-30,2,0,58,-20,8,90,-72,31.0,0,0.0,30.0
2024-05-31,2,0,58,-20,8,90,-72,31.0,0,0.0,30.0
2024-06-01,2,0,58,-20,8,90,-72,31.0,0,0.0,30.0
2024-06-02,2,0,59,-20,8,90,-72,31.0,0,0.0,30.0
2024-06-03,2,0,59,-20,8,90,-72,31.0,0,0.0,30.0
2024-06-04,5,0,59,-20,5,90,-72,31.0,0,0.0,30.0
2024-06-05,5,0,59,-20,3,90,-72,31.0,0,0.0,30.0
2024-06-06,5,0,59,-20,1,90,-72,31.0,0,0.0,30.0
2024-06-07,5,0,59,-20,1,90,-72,31.0,2,0.0,30.0
2024-06-08,5,0,59,-20,1,90,-72,31.0,2,0.0,30.0
2024-06-09,5,0,59,-20,1,90,-72,31.0,2,0.0,30.0
2024-06-10,5,0,59,-20,1,90,-72,31.0,2,0.0,30.0
2024-06-11,5,0,59,-20,1,90,-70,31.0,2,0.0,30.0
2024-06-12,5,0,59,-20,1,90,-70,31.0,2,0.0,30.0
2024-06-13,7,0,59,-20,1,90,-70,31.0,67,0.0,30.0
2024-06-14,10,0,59,-20,1,90,-70,31.0,70,0.0,30.0
2024-06-15,10,0,59,-20,1,90,-70,31.0,70,0.0,30.0
2024-06-16,10,0,60,-20,1,90,-70,31.0,74,0.0,30.0
2024-06-17,10,0,60,-20,1,90,-70,31.0,77,0.0,30.0
2024-06-18,10,0,60,-20,5,90,-68,31.0,77,0.0,30.0
2024-06-19,10,0,60,-20,5,90,-68,31.0,79,0.0,23.0
2024-06-20,10,0,60,-20,5,90,-72,31.0,79,0.0,23.0
2024-06-21,10,0,60,-20,5,90,-72,31.0,79,0.0,23.0
2024-06-22,10,0,60,-20,3,90,-72,31.0,79,0.0,23.0
2024-06-23,10,0,60,-20,1,90,-70,31.0,79,0.0,23.0
2024-06-24,10,0,60,-20,1,90,-68,31.0,79,0.0,15.0
2024-06-25,18,0,60,-20,1,90,-68,31.0,79,0.0,15.0
2024-06-26,17,0,60,-20,0,90,-68,31.0,79,0.0,15.0
2024-06-27,20,0,59,-19,0,90,-68,31.0,79,0.0,15.0
2024-06-28,20,0,59,-19,0,90,-68,31.0,79,0.0,15.0
2024-06-29,23,0,59,-19,0,90,-66,31.0,79,0.0,15.0
2024-06-30,23,0,59,-19,1,90,-66,31.0,81,0.0,15.0
2024-07-01,23,0,59,-19,0,90,-57,31.0,81,0.0,15.0
2024-07-02,23,0,57,-19,-1,90,-46,31.0,81,0.0,15.0
2024-07-03,21,0,57,-19,-1,90,-42,31.0,81,0.0,15.0
2024-07-04,21,0,57,-19,-1,90,-42,31.0,81,0.0,15.0
2024-07-05,21,0,57,-19,3,90,-42,31.0,81,-10.0,15.0
2024-07-06,21,0,57,-19,3,90,-42,31.0,81,-10.0,15.0
2024-07-07,21,0,57,-19,3,90,-42,31.0,81,-10.0,15.0
2024-07-08,21,0,57,-19,3,90,-22,31.0,81,-10.0,0.0
2024-07-09,21,0,57,-19,5,90,-15,31.0,81,-10.0,0.0
2024-07-10,18,0,14,-19,5,90,-4,31.0,81,-10.0,0.0
2024-07-11,18,0,14,-19,3,90,0,31.0,81,-10.0,0.0
2024-07-12,21,0,12,-19,5,90,-2,31.0,82,-10.0,0.0
2024-07-13,23,0,8,-19,5,90,-2,31.0,82,-10.0,0.0
2024-07-14,23,0,2,-19,5,90,-4,31.0,82,-10.0,0.0
2024-07-15,23,0,2,-3,5,90,0,31.0,82,-10.0,0.0
2024-07-16,23,0,0,-3,5,90,0,35.0,82,-9.0,0.0
2024-07-17,13,0,0,-3,5,90,0,35.0,80,-9.0,0.0
2024-07-18,13,0,2,-3,5,90,0,35.0,80,-9.0,0.0
2024-07-19,13,0,2,-3,5,92,4,35.0,80,-9.0,0.0
2024-07-20,10,0,2,-1,3,92,4,35.0,80,-9.0,0.0
2024-07-21,10,0,2,-1,3,92,4,5.0,80,-9.0,0.0
2024-07-22,13,0,2,0,3,92,8,5.0,80,-9.0,0.0
2024-07-23,13,0,2,0,3,90,8,5.0,80,0.0,0.0
2024-07-24,13,0,-2,0,3,86,6,5.0,80,18.0,7.0
2024-07-25,16,0,-2,0,1,86,6,5.0,80,16.0,14.0
2024-07-26,16,0,0,0,3,86,15,5.0,80,15.0,14.0
2024-07-27,16,0,0,0,3,86,15,5.0,80,15.0,14.0
2024-07-28,16,0,0,0,3,86,15,5.0,80,16.0,14.0
2024-07-29,16,0,2,0,3,86,15,5.0,80,16.0,14.0
2024-07-30,16,0,2,0,5,88,17,5.0,80,16.0,14.0
2024-07-31,13,-7,2,0,5,86,17,5.0,80,16.0,14.0
2024-08-01,13,-7,2,-1,65,86,17,5.0,80,25.0,14.0
2024-08-02,34,-8,2,-18,67,84,18,5.0,80,25.0,14.0
2024-08-03,34,-8,2,-18,69,84,18,5.0,80,25.0,15.0
2024-08-04,34,-8,0,-18,71,80,18,5.0,80,25.0,15.0
2024-08-05,34,-8,0,-18,72,82,18,5.0,80,25.0,15.0
2024-08-06,28,-10,0,-18,72,24,18,81.0,80,25.0,15.0
2024-08-07,28,-8,0,-18,72,18,18,81.0,80,16.0,15.0
2024-08-08,28,-8,0,-18,72,18,18,87.0,80,23.0,15.0
2024-08-09,28,-8,0,-19,72,18,18,87.0,77,21.0,16.0
2024-08-10,28,-8,0,-19,72,18,18,87.0,77,21.0,16.0
2024-08-11,29,-8,0,-19,72,13,18,87.0,77,21.0,16.0
2024-08-12,29,-8,0,-19,72,11,20,87.0,77,21.0,16.0
2024-08-13,29,-8,0,-18,75,11,20,87.0,77,21.0,16.0
2024-08-14,30,-8,0,-18,77,7,20,87.0,77,21.0,16.0
2024-08-15,30,-8,0,-18,77,7,20,87.0,77,21.0,16.0
2024-08-16,30,-8,0,-19,77,11,23,87.0,77,21.0,16.0
2024-08-17,30,-8,0,-19,77,11,23,87.0,77,21.0,16.0
2024-08-18,30,-8,0,-19,77,11,23,87.0,77,21.0,16.0
2024-08-19,30,-7,0,-19,77,15,23,87.0,77,21.0,16.0
2024-08-20,30,-7,0,-19,77,18,23,87.0,77,21.0,16.0
2024-08-21,33,-7,0,-19,77,20,23,87.0,75,21.0,16.0
2024-08-22,33,-7,0,-19,77,22,23,87.0,75,21.0,16.0
2024-08-23,33,-7,0,-19,77,22,23,87.0,75,21.0,16.0
2024-08-24,37,-7,0,-19,76,21,23,87.0,75,21.0,16.0
2024-08-25,37,-7,0,-19,76,21,23,87.0,75,21.0,16.0
2024-08-26,37,-9,0,-19,76,23,23,87.0,75,21.0,16.0
2024-08-27,37,-9,0,-19,76,23,23,87.0,10,21.0,16.0
2024-08-28,37,-9,2,-19,76,23,23,87.0,8,20.0,16.0
2024-08-29,37,-10,2,-19,76,66,23,87.0,8,20.0,16.0
2024-08-30,37,-10,2,-19,76,67,23,87.0,8,20.0,16.0
2024-08-31,34,-10,2,-19,76,72,23,87.0,5,20.0,16.0
2024-09-01,34,-10,2,-19,75,72,23,87.0,5,20.0,16.0
2024-09-02,34,-10,2,-19,75,71,23,87.0,5,18.0,16.0
2024-09-03,34,-10,2,-20,73,71,23,87.0,5,17.0,16.0
2024-09-04,33,-9,2,-20,73,71,23,87.0,5,17.0,16.0
2024-09-05,33,-9,2,-20,73,71,23,87.0,5,17.0,25.0
2024-09-06,33,-9,2,-20,73,71,25,87.0,2,17.0,25.0
2024-09-07,30,-9,2,-20,73,71,25,87.0,2,17.0,25.0
2024-09-08,27,-9,2,-20,73,71,25,87.0,2,17.0,25.0
2024-09-09,27,-9,2,-20,72,71,25,87.0,0,17.0,25.0
2024-09-10,24,-9,2,-20,72,71,25,86.0,2,17.0,25.0
2024-09-11,24,-9,2,-20,72,71,25,81.0,2,17.0,25.0
2024-09-12,24,-9,2,-20,72,71,25,81.0,5,17.0,25.0
2024-09-13,24,-9,2,-21,72,71,25,81.0,5,17.0,25.0
2024-09-14,24,-9,0,-21,72,71,25,81.0,5,17.0,25.0
2024-09-15,24,-9,0,-21,72,71,25,81.0,5,17.0,25.0
2024-09-16,24,-9,0,-21,72,71,25,81.0,5,17.0,25.0
2024-09-17,24,-9,0,-21,72,70,25,81.0,5,23.0,25.0
2024-09-18,24,-9,0,-21,72,70,25,81.0,5,23.0,25.0
2024-09-19,24,-9,0,-21,71,70,25,81.0,5,23.0,25.0
2024-09-20,24,-9,0,-20,71,70,25,81.0,5,23.0,25.0
2024-09-21,24,-9,0,-20,71,70,27,81.0,5,23.0,25.0
2024-09-22,24,-9,0,-20,71,70,27,81.0,5,23.0,25.0
2024-09-23,24,-9,0,-18,71,70,26,81.0,5,23.0,16.0
2024-09-24,26,-9,0,-18,71,70,23,81.0,5,23.0,16.0
2024-09-25,23,-9,0,-18,71,70,23,81.0,5,23.0,16.0
2024-09-26,23,-9,0,-18,71,70,23,81.0,5,23.0,16.0
2024-09-27,23,-9,0,-18,71,70,23,81.0,5,22.0,16.0
2024-09-28,23,-9,0,-18,71,70,23,81.0,5,22.0,16.0
2024-09-29,23,-10,0,-18,71,70,23,81.0,5,22.0,16.0
2024-09-30,23,-10,2,-18,71,70,23,81.0,5,22.0,16.0
2024-10-01,23,-10,0,-18,71,70,27,81.0,5,22.0,16.0
2024-10-02,23,-10,0,-17,71,70,20,81.0,5,22.0,16.0
2024-10-03,23,-10,0,-18,71,70,22,81.0,5,22.0,16.0
2024-10-04,23,-10,0,-17,71,74,20,81.0,5,22.0,15.0
2024-10-05,23,-10,0,-17,71,74,18,81.0,5,22.0,15.0
2024-10-06,23,-10,0,-15,71,74,18,81.0,5,16.0,15.0
2024-10-07,20,-10,2,-17,72,74,4,81.0,5,11.0,7.0
2024-10-08,17,-10,1,-17,74,74,6,81.0,8,16.0,0.0
2024-10-09,15,-10,1,-17,74,72,2,81.0,8,16.0,0.0
2024-10-10,15,-10,1,-17,74,74,0,81.0,8,15.0,0.0
2024-10-11,15,-10,1,-17,74,74,2,81.0,8,15.0,0.0
2024-10-12,15,-10,0,-17,74,74,2,81.0,8,15.0,0.0
2024-10-13,15,-10,0,-17,74,74,0,81.0,8,15.0,0.0
2024-10-14,15,-6,0,-17,76,74,-2,81.0,8,15.0,0.0
2024-10-15,15,-6,0,-15,8,74,-2,81.0,8,15.0,0.0
2024-10-16,0,-6,0,-1,6,74,0,81.0,8,14.0,0.0
2024-10-17,0,-6,0,-1,6,74,0,81.0,8,14.0,0.0
2024-10-18,0,-6,0,-1,6,74,2,81.0,8,13.0,0.0
2024-10-19,0,-6,0,-1,5,74,2,81.0,8,13.0,0.0
2024-10-20,2,-4,0,-1,5,74,2,12.0,8,13.0,0.0
2024-10-21,2,-4,0,-1,5,74,2,12.0,8,18.0,0.0
2024-10-22,2,-2,0,-1,5,74,2,6.0,8,13.0,7.0
2024-10-23,2,-2,0,-1,5,74,2,6.0,8,13.0,69.0
2024-10-24,2,-2,0,1,5,74,13,6.0,8,13.0,76.0
2024-10-25,2,-2,0,1,5,74,17,6.0,8,13.0,76.0
2024-10-26,2,-2,0,1,5,74,17,6.0,8,13.0,76.0
2024-10-27,2,-2,0,1,3,74,17,6.0,8,13.0,76.0
2024-10-28,2,-2,0,1,3,74,14,0.0,8,13.0,76.0
2024-10-29,2,-2,0,1,3,74,16,0.0,8,13.0,71.0
2024-10-30,2,-2,20,1,5,72,16,0.0,8,13.0,71.0
2024-10-31,2,-6,20,3,29,72,16,0.0,8,13.0,71.0
2024-11-01,-51,-8,23,3,29,74,16,0.0,8,13.0,71.0
2024-11-02,-48,-8,23,3,29,74,16,0.0,8,13.0,71.0
2024-11-03,-48,-8,23,3,29,72,16,0.0,8,13.0,71.0
2024-11-04,-48,-8,23,3,32,72,16,0.0,8,13.0,71.0
2024-11-05,-47,-8,23,3,32,70,16,75.0,8,13.0,71.0
2024-11-06,-45,-8,23,3,34,67,16,81.0,8,13.0,71.0
2024-11-07,-45,-8,23,3,33,70,17,81.0,8,13.0,71.0
2024-11-08,-42,-8,23,3,33,70,17,81.0,8,13.0,78.0
2024-11-09,-42,-8,23,3,35,69,17,81.0,8,13.0,78.0
2024-11-10,-46,-8,23,3,35,69,17,81.0,8,13.0,78.0
2024-11-11,-46,-8,21,3,35,69,17,81.0,8,13.0,78.0
2024-11-12,-46,-8,23,3,35,21,17,81.0,2,13.0,78.0
2024-11-13,-46,-8,23,3,36,30,17,81.0,2,13.0,78.0
2024-11-14,-46,-8,23,3,36,30,17,81.0,5,13.0,78.0
2024-11-15,-46,-6,23,3,36,28,17,81.0,5,13.0,78.0
2024-11-16,-46,-6,22,3,37,28,19,81.0,5,13.0,78.0
2024-11-17,-46,-6,22,3,37,28,19,81.0,5,13.0,78.0
2024-11-18,-48,-10,22,3,37,28,19,81.0,5,13.0,78.0
2024-11-19,-48,-10,22,3,37,28,19,81.0,5,13.0,78.0
2024-11-20,-48,-10,22,3,37,28,19,81.0,0,13.0,78.0
2024-11-21,-48,-10,22,3,37,66,19,81.0,0,13.0,78.0
2024-11-22,-51,-10,22,3,37,70,19,81.0,0,13.0,78.0
2024-11-23,-55,-10,22,3,37,70,19,81.0,2,13.0,84.0
2024-11-24,-55,-10,22,3,37,68,19,81.0,2,13.0,84.0
2024-11-25,-57,-10,22,3,37,68,19,81.0,2,13.0,84.0
2024-11-26,-57,-10,22,3,37,70,19,81.0,0,13.0,84.0
2024-11-27,-57,-10,22,3,37,70,19,81.0,0,9.0,84.0
2024-11-28,-57,-10,22,3,37,70,19,81.0,0,9.0,84.0
2024-11-29,-57,-10,22,3,37,70,19,81.0,0,9.0,84.0
2024-11-30,-57,-10,22,3,37,70,19,81.0,0,9.0,84.0
2024-12-01,-57,-10,22,3,37,70,19,81.0,0,4.0,84.0
2024-12-02,-57,-10,22,3,37,72,19,81.0,0,4.0,84.0
2024-12-03,-57,-10,22,3,37,72,17,81.0,0,4.0,84.0
2024-12-04,-57,-10,22,3,38,72,17,81.0,0,4.0,78.0
2024-12-05,-57,-10,22,3,38,72,17,81.0,0,4.0,78.0
2024-12-06,-57,-10,22,3,38,72,17,81.0,0,4.0,78.0
2024-12-07,-57,-10,22,3,38,75,15,81.0,0,4.0,78.0
2024-12-08,-57,-10,22,3,38,75,15,81.0,0,4.0,78.0
2024-12-09,-57,-10,22,3,38,75,15,81.0,0,4.0,78.0
2024-12-10,-57,-10,22,3,38,75,13,81.0,0,8.0,78.0
2024-12-11,-57,-10,22,3,38,75,13,81.0,0,8.0,78.0
2024-12-12,-57,-10,22,3,38,75,13,81.0,0,8.0,78.0
2024-12-13,-57,-10,22,3,38,73,13,81.0,43,8.0,78.0
2024-12-14,-57,-10,20,3,38,73,13,81.0,43,8.0,71.0
2024-12-15,-57,-10,20,3,38,73,13,81.0,45,8.0,71.0
2024-12-16,-57,-10,20,3,38,73,15,81.0,48,8.0,71.0
2024-12-17,-57,-10,20,3,38,73,10,81.0,51,8.0,71.0
2024-12-18,-58,-10,20,3,38,71,13,81.0,54,8.0,71.0
2024-12-19,-58,-10,20,3,38,73,8,81.0,54,8.0,71.0
2024-12-20,-58,-10,20,3,38,73,8,81.0,54,8.0,71.0
2024-12-21,-57,-10,20,3,38,73,8,81.0,54,8.0,71.0
2024-12-22,-57,-10,20,3,36,73,8,81.0,54,4.0,71.0
2024-12-23,-57,-10,20,3,35,71,8,81.0,54,4.0,71.0
2024-12-24,-57,-10,20,3,35,71,10,81.0,54,4.0,71.0
2024-12-25,-57,-10,18,3,33,71,10,81.0,54,4.0,71.0
2024-12-26,-57,-10,18,3,33,71,10,81.0,54,4.0,71.0
2024-12-27,-57,-10,18,3,33,71,10,81.0,55,4.0,71.0
2024-12-28,-57,-10,18,3,31,71,10,81.0,55,4.0,71.0
2024-12-29,-57,-10,18,3,31,71,10,81.0,55,4.0,71.0
2024-12-30,-57,-10,18,3,30,71,8,81.0,55,4.0,71.0
2024-12-31,-57,-10,18,3,28,71,8,81.0,55,4.0,71.0
2025-01-01,-57,-10,18,3,28,71,8,81.0,55,4.0,71.0
2025-01-02,-57,-10,18,3,28,71,8,81.0,55,4.0,71.0
2025-01-03,-57,-10,20,3,28,71,8,81.0,55,4.0,71.0
2025-01-04,-57,-10,20,3,28,71,8,81.0,55,4.0,66.0
2025-01-05,-55,-10,20,3,28,71,8,81.0,55,4.0,60.0
2025-01-06,-52,-10,20,3,28,71,8,87.0,55,4.0,12.0
2025-01-07,-52,-10,20,3,29,73,-2,87.0,55,4.0,5.0
2025-01-08,-52,-10,20,3,27,73,-8,88.0,55,4.0,11.0
2025-01-09,-52,-10,20,3,27,73,-4,88.0,55,4.0,11.0
2025-01-10,-52,-10,20,3,27,75,-4,88.0,55,4.0,11.0
2025-01-11,-52,-10,20,3,27,75,-4,88.0,55,4.0,11.0
2025-01-12,-52,-10,20,3,27,75,-4,88.0,55,4.0,11.0
2025-01-13,-52,-10,1,3,26,75,-4,88.0,55,0.0,11.0
2025-01-14,-52,-4,1,1,6,75,-6,88.0,61,0.0,11.0
2025-01-15,-10,-2,0,0,6,75,-8,88.0,58,0.0,10.0
2025-01-16,-10,-2,0,0,6,75,-8,88.0,58,0.0,10.0
2025-01-17,-18,-2,0,0,6,75,-8,88.0,58,0.0,10.0
2025-01-18,-15,-2,0,0,3,75,-8,88.0,58,0.0,10.0
2025-01-19,-15,-2,0,0,3,75,-8,17.0,58,0.0,10.0
2025-01-20,-18,-2,0,0,3,75,-8,11.0,58,0.0,10.0
2025-01-21,-18,0,0,0,3,73,-8,11.0,58,0.0,10.0
2025-01-22,-17,0,0,0,3,75,-8,11.0,58,-50.0,5.0
2025-01-23,-17,0,0,0,3,75,-6,12.0,58,-50.0,5.0
2025-01-24,-25,0,0,0,3,75,-6,11.0,58,-52.0,5.0
2025-01-25,-25,0,0,0,3,75,-6,11.0,58,-52.0,5.0
2025-01-26,-25,0,0,0,3,73,-6,11.0,58,-52.0,5.0
2025-01-27,-25,-2,0,0,3,70,-6,11.0,63,-52.0,5.0
2025-01-28,-28,-2,0,0,3,70,-6,11.0,63,-52.0,5.0
2025-01-29,-28,-2,0,0,3,70,-6,11.0,63,-47.0,5.0
2025-01-30,-28,-12,0,0,36,70,-38,11.0,63,-47.0,5.0
2025-01-31,-36,-12,0,0,38,70,-48,11.0,63,-47.0,5.0
2025-02-01,-36,-10,0,0,38,70,-54,11.0,63,-47.0,5.0
2025-02-02,-36,-10,0,0,38,70,-60,11.0,63,-47.0,5.0
2025-02-03,-34,-10,0,0,41,70,-61,11.0,63,-47.0,5.0
2025-02-04,-36,-10,0,0,45,10,-58,80.0,63,-47.0,5.0
2025-02-05,-36,-12,-12,0,45,5,-46,90.0,63,-47.0,5.0
2025-02-06,-36,-12,-10,0,45,5,-47,90.0,63,-47.0,5.0
2025-02-07,-35,-14,-12,-46,45,5,-53,90.0,63,-47.0,5.0
2025-02-08,-33,-14,-13,-46,45,5,-53,90.0,63,-47.0,5.0
2025-02-09,-34,-14,-13,-47,45,3,-53,90.0,63,-47.0,5.0
2025-02-10,-34,-14,-13,-49,46,3,-53,90.0,63,-47.0,5.0
2025-02-11,-34,-14,-13,-48,46,3,-53,90.0,63,-47.0,15.0
2025-02-12,-34,-14,-13,-50,46,5,-53,90.0,63,-45.0,20.0
2025-02-13,-34,-14,-13,-50,46,5,-53,90.0,65,-45.0,25.0
2025-02-14,-34,-14,-15,-50,46,5,-53,95.0,65,-45.0,26.0
2025-02-15,-34,-15,-15,-50,46,3,-53,95.0,65,-45.0,26.0
2025-02-16,-34,-15,-15,-50,46,3,-53,95.0,65,-45.0,26.0
2025-02-17,-34,-14,-15,-50,45,3,-53,95.0,65,-45.0,26.0
2025-02-18,-34,-14,-15,-50,45,7,-53,95.0,65,-45.0,36.0
2025-02-19,-34,-14,-15,-50,45,7,-51,100.0,71,-45.0,36.0
2025-02-20,-35,-14,-15,-50,45,7,-51,100.0,71,-45.0,36.0
2025-02-21,-35,-15,-15,-50,44,7,-52,100.0,71,-45.0,36.0
2025-02-22,-34,-15,-15,-50,42,7,-52,100.0,71,-45.0,36.0
2025-02-23,-34,-15,-15,-50,42,7,-52,100.0,71,-16.0,36.0
2025-02-24,-34,-15,-15,-50,42,7,-52,100.0,71,-16.0,36.0
2025-02-25,-34,-15,-15,-50,42,7,-52,100.0,71,-16.0,36.0
2025-02-26,-34,-15,-15,-50,42,7,-54,100.0,16,-16.0,36.0
2025-02-27,-35,-15,-15,-50,42,60,-54,100.0,16,-16.0,38.0
2025-02-28,-35,-15,-15,-50,42,62,-54,100.0,16,-17.0,38.0
2025-03-01,-35,-15,-15,-50,42,64,-54,100.0,13,-17.0,38.0
2025-03-02,-35,-15,-15,-50,44,64,-54,100.0,10,-17.0,38.0
2025-03-03,-35,-15,-15,-51,44,64,-56,100.0,5,-17.0,38.0
2025-03-04,-35,-15,-15,-51,44,64,-52,100.0,5,-16.0,38.0
2025-03-05,-35,-15,-15,-51,44,64,-52,100.0,5,-16.0,38.0
2025-03-06,-35,-15,-15,-51,44,66,-52,100.0,5,-16.0,38.0
2025-03-07,-35,-15,-15,-48,45,63,-56,100.0,54,-16.0,38.0
2025-03-08,-35,-15,-15,-48,45,63,-56,100.0,54,-16.0,38.0
2025-03-09,-35,-15,-15,-48,45,64,-56,100.0,54,-16.0,38.0
2025-03-10,-38,-15,-15,-46,45,64,-57,100.0,54,-16.0,38.0
2025-03-11,-38,-15,-15,-46,45,64,-57,95.0,54,-16.0,38.0
2025-03-12,-38,-15,-15,-46,45,65,-57,95.0,51,-16.0,38.0
2025-03-13,-38,-15,-15,-46,41,67,-57,95.0,51,-16.0,38.0
2025-03-14,-38,-15,-15,-46,42,65,-60,95.0,54,-16.0,38.0
2025-03-15,-38,-15,-15,-46,42,65,-60,95.0,54,-16.0,38.0
2025-03-16,-38,-15,-13,-46,42,65,-60,95.0,54,-16.0,38.0
2025-03-17,-38,-15,-13,-50,42,65,-58,95.0,54,-16.0,38.0
2025-03-18,-38,-15,-13,-50,42,65,-56,95.0,54,-16.0,38.0
2025-03-19,-35,-15,-13,-50,42,65,-56,95.0,54,-15.0,38.0
2025-03-20,-35,-15,-13,-50,42,65,-56,95.0,54,-15.0,38.0
2025-03-21,-35,-15,-13,-50,42,64,-56,95.0,54,-15.0,38.0
2025-03-22,-35,-15,-13,-50,42,64,-56,95.0,54,-15.0,38.0
2025-03-23,-35,-15,-13,-52,40,62,-58,95.0,57,-15.0,38.0
2025-03-24,-35,-15,-13,-52,40,62,-58,90.0,57,-15.0,38.0
2025-03-25,-35,-15,-16,-52,40,62,-63,90.0,57,-11.0,38.0
2025-03-26,-35,-15,-16,-52,40,62,-63,90.0,57,-23.0,38.0
2025-03-27,-35,-15,-16,-52,37,62,-63,90.0,58,-23.0,38.0
2025-03-28,-35,-15,-15,-52,37,62,-63,90.0,58,-23.0,38.0
2025-03-29,-35,-15,-15,-52,37,62,-63,90.0,58,-23.0,38.0
2025-03-30,-35,-15,-15,-52,36,61,-63,90.0,55,-23.0,38.0
2025-03-31,-35,-15,-16,-55,38,61,-63,90.0,60,-23.0,38.0
2025-04-01,-35,-15,-18,-55,35,61,-63,90.0,60,-23.0,38.0
2025-04-02,-30,-15,-15,-53,33,61,-65,90.0,60,-23.0,38.0
2025-04-03,-30,-15,-16,-53,31,61,-65,90.0,60,-23.0,38.0
2025-04-04,-30,-15,-15,-53,30,61,-65,90.0,60,-23.0,36.0
2025-04-05,-30,-15,-15,-53,31,61,-65,90.0,60,-23.0,36.0
2025-04-06,-30,-15,-15,-52,31,61,-65,90.0,60,-23.0,36.0
2025-04-07,-30,-13,-18,-52,23,61,-65,90.0,60,-11.0,26.0
2025-04-08,-41,-13,-22,-53,15,61,-64,90.0,60,-11.0,26.0
2025-04-09,-35,-15,-26,-57,10,61,-64,90.0,60,-7.0,21.0
2025-04-10,-35,-15,-26,-57,8,58,-64,90.0,60,-7.0,21.0
2025-04-11,-38,-14,-28,-60,6,58,-65,80.0,57,-7.0,21.0
2025-04-12,-38,-12,-28,-60,6,58,-63,80.0,57,-7.0,21.0
2025-04-13,-35,-12,-28,-60,6,58,-65,80.0,57,-3.0,21.0
2025-04-14,-35,-12,-32,-60,3,54,-65,80.0,57,-3.0,15.0
2025-04-15,-35,-8,-32,-61,-19,36,-54,80.0,57,-3.0,15.0
2025-04-16,-21,-8,-38,-61,-22,18,-54,71.0,57,-3.0,15.0
2025-04-17,-21,-8,-43,-62,-24,14,-56,71.0,57,-3.0,10.0
2025-04-18,-21,-8,-43,-62,-26,14,-56,75.0,57,-3.0,10.0
2025-04-19,-23,-8,-43,-62,-30,14,-54,75.0,57,-3.0,10.0
2025-04-20,-21,-7,-43,-62,-33,14,-56,10.0,57,-3.0,10.0
2025-04-21,-23,-7,-29,-61,-35,14,-63,0.0,57,-3.0,15.0
2025-04-22,-26,-7,-32,-64,-38,7,-63,0.0,51,-3.0,15.0
2025-04-23,-27,-5,-32,-34,-40,3,-84,-5.0,51,13.0,70.0
2025-04-24,-27,-5,-32,-34,-40,3,-86,-10.0,52,17.0,85.0
2025-04-25,-27,-5,-3,-36,-41,3,-86,-10.0,52,16.0,85.0
2025-04-26,-27,-5,-3,-34,-41,3,-86,-10.0,52,16.0,85.0
2025-04-27,-27,-5,-3,-34,-41,3,-86,-10.0,52,16.0,85.0
2025-04-28,-30,-5,-3,-34,-43,3,-86,-10.0,52,16.0,85.0
2025-04-29,-22,-5,-5,-34,-43,1,-89,-10.0,52,16.0,90.0
2025-04-30,-22,-5,-5,-34,-43,1,-87,-10.0,52,16.0,90.0
2025-05-01,-18,47,-5,-34,9,1,-87,-10.0,52,16.0,90.0
2025-05-02,-22,46,-5,-9,8,1,-89,-10.0,50,17.0,90.0
2025-05-03,-22,46,-5,-9,8,1,-89,-10.0,50,17.0,90.0
2025-05-04,-22,46,-5,-9,8,1,-89,-10.0,50,17.0,85.0
2025-05-05,-22,48,-5,-7,9,3,-89,-15.0,50,17.0,85.0
2025-05-06,-15,48,-5,-6,12,3,-89,80.0,50,17.0,85.0
2025-05-07,-15,47,-6,-6,12,3,-87,85.0,50,17.0,85.0
2025-05-08,-15,49,-6,-6,12,3,-87,85.0,50,17.0,85.0
2025-05-09,-15,49,-6,-6,12,7,-82,85.0,50,17.0,85.0
2025-05-10,-15,50,-6,-6,12,7,-82,85.0,50,17.0,85.0
2025-05-11,-16,50,-6,-6,13,7,-82,85.0,50,17.0,85.0
2025-05-12,-16,50,-6,-6,13,7,-82,90.0,50,17.0,90.0
2025-05-13,-16,50,-6,-6,13,-23,-82,90.0,50,17.0,90.0
2025-05-14,-16,50,-6,-7,16,-21,-83,90.0,50,17.0,90.0
2025-05-15,-17,53,-6,-7,16,-21,-83,90.0,50,18.0,90.0
2025-05-16,-17,53,-6,-7,16,-21,-82,90.0,50,18.0,90.0
2025-05-17,-17,53,-6,-6,16,-25,-82,90.0,50,18.0,90.0
2025-05-18,-17,53,-6,-6,16,-25,-82,90.0,50,18.0,90.0
2025-05-19,-17,53,-6,-6,16,-23,-82,90.0,50,18.0,90.0
2025-05-20,-16,53,-6,-6,16,-27,-82,90.0,50,18.0,90.0
2025-05-21,-16,53,-6,-6,16,-29,-80,90.0,2,18.0,90.0
2025-05-22,-16,54,-7,-6,16,-32,-80,90.0,2,18.0,90.0
2025-05-23,-16,54,-7,-6,16,-34,-80,90.0,2,22.0,90.0
2025-05-24,-16,56,-5,-6,16,-34,-82,90.0,2,22.0,95.0
2025-05-25,-16,56,-5,-6,16,-34,-84,90.0,2,22.0,95.0
2025-05-26,-16,56,-5,-6,16,-34,-84,90.0,2,22.0,95.0
2025-05-27,-16,56,-3,-6,16,-36,-84,90.0,2,22.0,95.0
2025-05-28,-16,56,-3,-6,16,-36,-84,90.0,0,29.0,95.0
2025-05-29,-16,56,-3,-6,16,8,-84,90.0,0,29.0,95.0
2025-05-30,-16,56,-3,-6,16,8,-84,90.0,0,29.0,95.0
2025-05-31,-16,56,-3,-6,16,8,-84,90.0,0,29.0,95.0
2025-06-01,-17,56,-3,-6,16,8,-84,90.0,0,29.0,95.0
2025-06-02,-17,56,-3,-6,16,8,-84,90.0,0,29.0,95.0
2025-06-03,-19,56,-3,-6,16,3,-84,90.0,0,29.0,95.0
2025-06-04,-19,56,-3,-6,16,3,-84,90.0,0,29.0,95.0
2025-06-05,-19,57,-3,-6,16,3,-88,90.0,0,29.0,95.0
2025-06-06,-19,57,-3,-6,19,3,-88,90.0,33,29.0,95.0
2025-06-07,-19,57,-3,-6,19,3,-88,90.0,33,29.0,95.0
2025-06-08,-19,57,-1,-6,19,3,-88,90.0,33,29.0,95.0
2025-06-09,-19,57,-1,-6,19,3,-88,90.0,32,29.0,95.0
2025-06-10,-19,57,-1,-6,19,3,-88,90.0,32,29.0,95.0
2025-06-11,-19,57,-1,-6,19,3,-88,90.0,32,29.0,95.0
2025-06-12,-19,57,-1,-6,19,3,-88,90.0,31,30.0,95.0
2025-06-13,-19,57,-1,-6,22,3,-86,90.0,30,30.0,95.0
2025-06-14,-19,57,-1,-6,22,3,-86,90.0,25,30.0,95.0
2025-06-15,-19,57,-1,-4,22,3,-86,90.0,25,30.0,95.0
2025-06-16,-21,57,-1,-4,22,3,-84,90.0,25,30.0,95.0
2025-06-17,-19,57,-1,-4,22,3,-84,90.0,25,30.0,95.0
2025-06-18,-17,57,0,-3,22,3,-84,90.0,25,30.0,95.0
2025-06-19,-17,57,0,-3,22,3,-84,90.0,25,30.0,95.0
2025-06-20,-17,57,0,-3,22,3,-88,90.0,25,30.0,95.0
2025-06-21,-17,57,0,-3,24,3,-88,90.0,25,26.0,95.0
2025-06-22,-14,57,1,-1,25,3,-88,90.0,25,26.0,95.0
2025-06-23,-14,57,1,-1,27,3,-88,90.0,25,26.0,95.0
2025-06-24,-14,57,1,-1,29,3,-88,90.0,25,26.0,95.0
2025-06-25,-9,57,5,0,30,3,-90,90.0,25,26.0,95.0
2025-06-26,-9,57,5,0,32,3,-90,90.0,25,26.0,95.0
2025-06-27,-7,57,5,0,32,3,-90,90.0,25,26.0,95.0
2025-06-28,-7,57,5,0,32,3,-88,90.0,25,26.0,95.0
2025-06-29,-7,57,5,1,31,7,-88,90.0,25,26.0,95.0
2025-06-30,-7,57,7,1,31,7,-88,90.0,25,26.0,95.0
2025-07-01,-7,57,5,1,30,11,-88,90.0,25,26.0,95.0
2025-07-02,-7,57,5,1,31,11,-80,90.0,25,26.0,95.0
2025-07-03,-7,57,5,1,31,11,-71,90.0,25,26.0,95.0
2025-07-04,-7,57,5,1,31,11,-71,90.0,25,26.0,95.0
2025-07-05,-7,59,5,1,31,11,-71,90.0,23,26.0,95.0
2025-07-06,-4,59,5,3,33,11,-71,90.0,26,26.0,95.0
2025-07-07,-4,59,8,6,36,13,-26,90.0,28,7.0,35.0
2025-07-08,-4,59,8,4,36,13,-28,90.0,28,3.0,10.0
2025-07-09,-4,59,3,6,36,13,-28,90.0,29,3.0,10.0
2025-07-10,-4,59,3,8,36,13,-28,90.0,29,3.0,10.0
2025-07-11,-4,59,3,8,36,13,-28,90.0,29,3.0,10.0
2025-07-12,-2,59,3,9,38,13,-28,90.0,29,3.0,10.0
2025-07-13,-7,59,5,9,38,13,-21,90.0,29,3.0,10.0
2025-07-14,-7,59,6,9,38,18,-21,90.0,29,3.0,10.0
2025-07-15,-9,6,10,9,17,20,-21,90.0,32,7.0,10.0
2025-07-16,2,5,10,9,18,20,-19,90.0,32,7.0,10.0
2025-07-17,2,7,10,9,18,20,-19,90.0,32,7.0,10.0
2025-07-18,2,7,11,9,21,20,-21,90.0,32,7.0,10.0
2025-07-19,4,5,11,9,20,20,-21,90.0,32,7.0,10.0
2025-07-20,2,5,11,9,20,20,-21,14.0,32,7.0,10.0
2025-07-21,2,5,16,11,21,20,-23,9.0,32,7.0,10.0
2025-07-22,2,3,16,11,23,20,-23,9.0,32,7.0,10.0
2025-07-23,2,3,16,11,23,24,-23,4.0,32,10.0,5.0
2025-07-24,2,3,73,12,23,24,-34,4.0,32,10.0,5.0
2025-07-25,2,3,77,14,25,28,-38,4.0,32,16.0,5.0
2025-07-26,2,3,77,14,25,28,-38,0.0,32,16.0,0.0
2025-07-27,2,3,77,14,25,28,-38,0.0,32,16.0,0.0
2025-07-28,4,3,80,14,23,28,-38,0.0,32,16.0,0.0
2025-07-29,6,1,80,14,23,28,-40,0.0,32,16.0,0.0
2025-07-30,6,1,80,14,23,28,-38,0.0,32,16.0,90.0
2025-07-31,9,60,80,16,81,28,-38,-4.0,33,16.0,90.0
2025-08-01,69,66,80,79,83,28,-38,-4.0,33,16.0,90.0
2025-08-02,69,66,80,79,83,26,-38,-4.0,33,17.0,86.0
2025-08-03,71,66,83,79,83,26,-39,-4.0,33,17.0,86.0
2025-08-04,73,71,83,82,90,26,-39,-4.0,33,17.0,86.0
2025-08-05,73,71,83,85,90,25,-39,86.0,31,20.0,86.0
2025-08-06,78,75,81,85,90,28,-39,91.0,31,20.0,82.0
2025-08-07,78,75,81,87,90,28,-40,91.0,31,20.0,82.0
2025-08-08,78,75,81,87,90,28,-40,95.0,31,20.0,86.0
2025-08-09,78,76,81,87,96,28,-40,95.0,31,20.0,86.0
2025-08-10,78,78,81,88,96,28,-40,91.0,28,20.0,86.0
2025-08-11,78,78,81,88,96,28,-40,91.0,28,17.0,86.0
2025-08-12,78,78,81,88,96,14,-40,91.0,27,17.0,86.0
2025-08-13,78,82,81,88,98,11,-40,91.0,27,17.0,86.0
2025-08-14,80,82,83,90,98,12,-40,91.0,27,13.0,86.0
2025-08-15,80,82,83,91,98,12,-40,95.0,27,13.0,86.0
2025-08-16,80,82,84,91,98,14,-40,95.0,27,13.0,86.0
2025-08-17,82,82,84,91,98,18,-40,95.0,27,13.0,86.0
2025-08-18,82,80,84,91,98,18,-40,95.0,27,13.0,86.0
2025-08-19,82,80,84,91,98,21,-40,95.0,27,13.0,86.0
2025-08-20,82,80,84,91,98,32,-40,95.0,2,13.0,86.0
2025-08-21,82,80,84,91,100,32,-40,95.0,2,13.0,91.0
2025-08-22,82,78,84,91,100,41,-40,95.0,2,14.0,91.0
2025-08-23,82,78,84,91,100,41,-40,95.0,2,14.0,91.0
2025-08-24,82,78,84,91,100,41,-40,95.0,2,14.0,91.0
2025-08-25,80,78,84,91,100,42,-42,95.0,2,14.0,91.0
2025-08-26,80,78,84,91,100,42,-42,95.0,5,14.0,91.0
2025-08-27,80,78,84,91,100,42,-42,95.0,5,14.0,95.0
2025-08-28,80,78,84,91,100,57,-42,95.0,5,14.0,95.0
2025-08-29,80,78,84,91,100,53,-42,95.0,5,14.0,95.0
2025-08-30,80,78,85,91,100,53,-42,95.0,5,14.0,95.0
2025-08-31,80,78,85,90,100,53,-42,95.0,5,13.0,100.0
2025-09-01,80,78,85,90,100,53,-40,95.0,5,13.0,100.0
2025-09-02,80,78,85,90,100,52,-40,95.0,5,13.0,100.0
2025-09-03,82,78,85,90,100,52,-40,95.0,5,13.0,100.0
2025-09-04,82,78,85,90,100,52,-40,100.0,5,13.0,100.0
2025-09-05,80,78,87,90,100,52,-40,100.0,51,13.0,100.0
2025-09-06,80,78,87,90,100,53,-38,100.0,51,13.0,100.0
2025-09-07,80,78,87,90,100,53,-38,100.0,51,13.0,100.0
2025-09-08,80,78,87,90,100,55,-38,100.0,51,13.0,100.0
2025-09-09,80,78,87,91,100,55,-40,100.0,51,13.0,100.0
2025-09-10,80,78,87,91,100,55,-40,100.0,51,13.0,100.0
2025-09-11,80,78,86,91,100,56,-40,100.0,51,13.0,100.0
2025-09-12,80,80,86,91,100,57,-38,100.0,51,10.0,100.0
2025-09-13,80,80,86,91,100,57,-38,100.0,51,10.0,100.0
2025-09-14,80,80,86,91,100,57,-38,100.0,51,10.0,100.0
2025-09-15,78,80,86,91,100,57,-38,100.0,51,10.0,100.0
2025-09-16,78,80,86,91,100,57,-36,100.0,51,10.0,100.0
2025-09-17,76,80,86,91,100,57,-36,100.0,51,10.0,100.0
2025-09-18,76,80,86,91,100,57,-36,100.0,51,10.0,100.0
2025-09-19,76,80,86,91,100,56,-36,100.0,51,10.0,100.0
2025-09-20,76,80,86,90,100,57,-36,100.0,48,10.0,100.0
2025-09-21,76,80,86,90,100,57,-34,100.0,50,10.0,100.0
2025-09-22,76,80,86,90,100,57,-34,100.0,50,10.0,100.0
2025-09-23,76,80,86,88,100,57,-34,100.0,50,10.0,100.0
2025-09-24,76,80,86,88,100,57,-34,100.0,50,10.0,100.0
2025-09-25,76,80,86,88,100,57,-34,100.0,50,10.0,100.0
2025-09-26,76,80,86,88,100,57,-27,100.0,50,10.0,100.0
2025-09-27,76,80,84,88,100,55,-25,100.0,50,10.0,100.0
2025-09-28,76,80,84,88,100,53,-25,100.0,47,10.0,100.0
2025-09-29,76,80,84,88,100,53,-22,100.0,47,10.0,100.0
2025-09-30,76,80,84,88,100,50,-20,100.0,47,7.0,100.0
2025-10-01,76,80,82,88,100,50,-20,100.0,47,7.0,100.0
2025-10-02,76,80,82,88,100,50,-13,100.0,47,7.0,100.0
2025-10-03,76,80,82,88,100,50,-11,100.0,47,7.0,100.0
2025-10-04,76,80,77,88,100,50,-11,100.0,47,7.0,100.0
2025-10-05,76,80,77,88,100,50,-11,100.0,47,7.0,100.0
2025-10-06,76,80,75,88,100,50,-11,100.0,47,6.0,100.0
2025-10-07,76,80,11,88,100,50,13,100.0,47,6.0,100.0
2025-10-08,76,78,6,88,100,48,25,100.0,47,3.0,100.0
2025-10-09,76,78,6,88,100,50,29,100.0,47,3.0,100.0
2025-10-10,76,78,6,88,100,50,34,100.0,47,3.0,100.0
2025-10-11,74,78,3,88,100,50,34,100.0,47,3.0,100.0
2025-10-12,72,78,1,88,100,50,36,100.0,47,3.0,100.0
2025-10-13,72,78,1,88,100,48,34,100.0,46,3.0,14.0
2025-10-14,69,21,1,86,17,48,36,100.0,45,3.0,14.0
2025-10-15,9,15,1,16,14,48,36,100.0,45,0.0,14.0
2025-10-16,9,15,1,16,14,48,36,100.0,45,0.0,14.0
2025-10-17,11,15,1,16,14,48,36,91.0,45,0.0,14.0
2025-10-18,9,9,1,13,6,48,36,91.0,45,0.0,14.0
2025-10-19,9,9,1,9,4,48,36,8.0,45,-3.0,14.0
2025-10-20,4,5,1,9,3,48,34,4.0,45,-6.0,14.0
2025-10-21,4,5,1,8,3,48,34,4.0,45,-6.0,14.0
2025-10-22,4,7,1,8,3,46,34,0.0,45,6.0,66.0
2025-10-23,4,7,1,8,3,46,47,0.0,45,9.0,76.0
2025-10-24,6,7,1,8,3,46,50,0.0,45,9.0,76.0
2025-10-25,6,5,1,6,3,46,48,0.0,45,9.0,76.0
2025-10-26,6,5,1,6,3,46,48,0.0,45,9.0,76.0
2025-10-27,6,7,1,6,4,46,52,0.0,45,9.0,72.0
2025-10-28,6,9,1,6,4,46,54,0.0,45,9.0,72.0
2025-10-29,6,9,1,4,4,46,56,-4.0,45,9.0,72.0
2025-10-30,6,41,65,4,64,48,56,-4.0,45,9.0,72.0
2025-10-31,60,50,73,32,67,51,56,-4.0,40,9.0,72.0
2025-11-01,60,50,71,32,67,50,59,-4.0,40,9.0,69.0
2025-11-02,60,50,73,32,67,50,59,-4.0,40,9.0,69.0
2025-11-03,62,52,73,33,67,47,59,-4.0,40,9.0,75.0
2025-11-04,64,51,73,33,67,47,59,75.0,40,9.0,75.0
2025-11-05,64,53,74,33,66,47,59,79.0,40,9.0,75.0
2025-11-06,64,53,74,33,68,47,60,79.0,40,9.0,75.0
2025-11-07,64,53,75,33,69,47,61,79.0,40,12.0,81.0
2025-11-08,64,53,75,33,70,47,61,79.0,37,12.0,81.0
2025-11-09,67,54,75,32,70,47,61,79.0,37,12.0,81.0
2025-11-10,67,54,75,32,70,52,61,87.0,37,12.0,81.0
2025-11-11,67,54,75,32,70,12,61,91.0,37,12.0,81.0
2025-11-12,67,52,75,32,71,17,61,95.0,35,12.0,81.0
2025-11-13,67,52,75,33,71,17,61,95.0,35,13.0,81.0
2025-11-14,70,52,76,34,71,24,61,95.0,35,16.0,81.0
2025-11-15,70,52,76,34,71,24,61,100.0,35,16.0,81.0
2025-11-16,70,52,76,35,71,24,61,100.0,34,16.0,81.0
2025-11-17,70,54,77,35,71,27,61,100.0,34,13.0,81.0
2025-11-18,70,54,75,36,71,27,61,100.0,33,13.0,81.0
2025-11-19,70,54,75,35,72,27,65,95.0,-2,10.0,82.0
2025-11-20,70,54,75,36,73,66,65,95.0,-2,10.0,82.0
2025-11-21,70,55,75,36,72,71,65,95.0,-2,10.0,82.0
2025-11-22,70,56,75,35,72,67,65,95.0,-2,10.0,82.0
2025-11-23,70,56,73,33,72,67,63,95.0,-2,10.0,82.0
2025-11-24,70,56,74,33,72,72,63,95.0,-2,10.0,82.0
2025-11-25,70,55,74,33,72,72,63,95.0,-2,10.0,82.0
2025-11-26,70,55,73,34,72,74,63,95.0,-2,6.0,86.0
2025-11-27,70,55,73,34,72,74,63,95.0,-2,6.0,86.0
2025-11-28,70,55,73,35,71,74,63,95.0,-2,6.0,86.0
2025-11-29,70,55,73,35,71,74,63,95.0,-2,6.0,86.0
2025-11-30,68,55,73,35,71,74,63,95.0,-2,6.0,86.0
2025-12-01,65,55,73,35,71,74,63,95.0,-2,6.0,82.0
2025-12-02,69,55,73,35,72,74,63,95.0,-2,6.0,82.0
2025-12-03,71,55,73,35,73,74,63,95.0,-2,6.0,82.0
2025-12-04,71,55,73,34,73,74,63,95.0,-2,6.0,82.0
2025-12-05,71,55,73,34,73,75,63,95.0,-2,6.0,79.0
2025-12-06,71,55,73,34,73,75,63,95.0,-2,6.0,79.0
2025-12-07,71,53,73,34,73,77,63,95.0,-2,6.0,79.0
2025-12-08,71,53,73,34,73,77,53,95.0,-2,6.0,79.0
2025-12-09,71,53,73,32,73,77,53,95.0,-2,9.0,78.0
2025-12-10,71,53,73,32,73,77,51,95.0,-2,9.0,78.0
2025-12-11,71,53,73,32,73,77,51,95.0,-2,9.0,78.0
2025-12-12,71,53,73,32,73,77,50,95.0,95,9.0,78.0
2025-12-13,71,53,74,32,73,77,50,95.0,95,9.0,78.0
2025-12-14,73,51,74,32,73,77,47,100.0,95,9.0,78.0
2025-12-15,73,48,74,32,73,77,47,100.0,97,9.0,78.0
2025-12-16,73,48,73,32,73,77,37,100.0,97,9.0,78.0
2025-12-17,73,48,73,32,73,78,35,100.0,97,9.0,78.0
2025-12-18,73,48,73,32,73,78,25,100.0,97,9.0,78.0
2025-12-19,73,48,73,32,73,82,23,100.0,97,9.0,78.0
2025-12-20,73,48,71,32,73,82,23,100.0,97,9.0,78.0
2025-12-21,73,48,71,32,72,82,23,100.0,97,9.0,78.0
2025-12-22,73,48,71,32,72,82,12,100.0,97,9.0,78.0
2025-12-23,73,48,71,32,72,82,12,100.0,97,9.0,78.0
2025-12-24,73,48,71,32,72,82,12,100.0,97,9.0,78.0
2025-12-25,75,48,71,32,72,81,12,100.0,97,9.0,78.0
2025-12-26,75,48,71,32,72,81,12,100.0,97,9.0,81.0
2025-12-27,75,48,69,32,70,81,12,100.0,95,9.0,81.0
2025-12-28,75,48,69,32,70,81,12,100.0,97,6.0,81.0
2025-12-29,75,48,68,29,70,81,12,100.0,97,6.0,81.0
2025-12-30,75,48,68,29,70,81,12,100.0,97,6.0,81.0
2025-12-31,75,48,68,27,69,81,12,100.0,97,6.0,81.0
2026-01-01,75,48,68,27,69,81,12,100.0,97,6.0,81.0
2026-01-02,75,48,68,27,69,81,7,100.0,97,6.0,81.0
2026-01-03,70,48,68,27,67,81,10,100.0,95,6.0,81.0
2026-01-04,70,46,66,27,67,81,10,100.0,95,6.0,81.0
2026-01-05,68,44,66,27,67,80,10,100.0,95,-3.0,22.0
2026-01-06,68,44,65,27,67,80,-7,100.0,95,-6.0,13.0
2026-01-07,66,44,65,27,67,80,-7,100.0,95,-3.0,13.0
2026-01-08,66,44,66,27,67,80,-7,100.0,95,-3.0,13.0
2026-01-09,66,46,68,27,69,80,-7,100.0,95,3.0,13.0
2026-01-10,66,42,68,26,67,80,-10,100.0,95,3.0,8.0
2026-01-11,66,40,68,26,67,78,-12,100.0,95,3.0,8.0
2026-01-12,66,40,68,26,67,78,-12,100.0,95,3.0,8.0
2026-01-13,66,15,12,26,12,78,-12,100.0,97,3.0,8.0
2026-01-14,18,5,6,4,7,76,-12,100.0,97,3.0,8.0
2026-01-15,18,5,6,4,7,76,-12,100.0,97,3.0,8.0
2026-01-16,18,5,6,4,7,76,-12,100.0,97,3.0,8.0
2026-01-17,16,3,6,3,7,76,-12,100.0,97,3.0,4.0
2026-01-18,13,3,4,3,7,76,-12,17.0,97,3.0,4.0
